solid OpenSCAD_Model
  facet normal 0 1 -0
    outer loop
      vertex 30 3 -2.5
      vertex 26 3 -3
      vertex 30 3 0
    endloop
  endfacet
  facet normal -0.6 0 0.8
    outer loop
      vertex 26 3 -3
      vertex 30 -3 0
      vertex 30 3 0
    endloop
  endfacet
  facet normal -0.6 0 0.8
    outer loop
      vertex 30 -3 0
      vertex 26 3 -3
      vertex 26 -3 -3
    endloop
  endfacet
  facet normal 0.124035 0 -0.992278
    outer loop
      vertex 26 -3 -3
      vertex 30 3 -2.5
      vertex 30 -3 -2.5
    endloop
  endfacet
  facet normal 0.124035 0 -0.992278
    outer loop
      vertex 30 3 -2.5
      vertex 26 -3 -3
      vertex 26 3 -3
    endloop
  endfacet
  facet normal 0 -1 -0
    outer loop
      vertex 30 -3 0
      vertex 26 -3 -3
      vertex 30 -3 -2.5
    endloop
  endfacet
  facet normal 1 -0 0
    outer loop
      vertex 30 -3 0
      vertex 30 3 -2.5
      vertex 30 3 0
    endloop
  endfacet
  facet normal 1 0 0
    outer loop
      vertex 30 3 -2.5
      vertex 30 -3 0
      vertex 30 -3 -2.5
    endloop
  endfacet
  facet normal 0 1 0
    outer loop
      vertex 29.6248 3 5.34976
      vertex 25.8905 3 3.83152
      vertex 28.9778 3 7.76457
    endloop
  endfacet
  facet normal -0.786605 0 0.617456
    outer loop
      vertex 25.8905 2 3.83152
      vertex 28.9778 3 7.76457
      vertex 25.8905 3 3.83152
    endloop
  endfacet
  facet normal -0.786605 0 0.617456
    outer loop
      vertex 28.9778 3 7.76457
      vertex 25.8905 2 3.83152
      vertex 28.9778 2 7.76457
    endloop
  endfacet
  facet normal -0.786605 0 0.617456
    outer loop
      vertex 25.8905 -3 3.83152
      vertex 28.9778 -2 7.76457
      vertex 25.8905 -2 3.83152
    endloop
  endfacet
  facet normal -0.786605 0 0.617456
    outer loop
      vertex 28.9778 -2 7.76457
      vertex 25.8905 -3 3.83152
      vertex 28.9778 -3 7.76457
    endloop
  endfacet
  facet normal 0.376628 0 -0.926364
    outer loop
      vertex 25.8905 2 3.83152
      vertex 29.6248 3 5.34976
      vertex 29.6248 2 5.34976
    endloop
  endfacet
  facet normal 0.376628 0 -0.926364
    outer loop
      vertex 29.6248 3 5.34976
      vertex 25.8905 2 3.83152
      vertex 25.8905 3 3.83152
    endloop
  endfacet
  facet normal 0.376628 0 -0.926364
    outer loop
      vertex 25.8905 -3 3.83152
      vertex 29.6248 -2 5.34976
      vertex 29.6248 -3 5.34976
    endloop
  endfacet
  facet normal 0.376628 0 -0.926364
    outer loop
      vertex 29.6248 -2 5.34976
      vertex 25.8905 -3 3.83152
      vertex 25.8905 -2 3.83152
    endloop
  endfacet
  facet normal 0 -1 -0
    outer loop
      vertex 28.9778 -3 7.76457
      vertex 25.8905 -3 3.83152
      vertex 29.6248 -3 5.34976
    endloop
  endfacet
  facet normal 0.96593 -0 0.258802
    outer loop
      vertex 28.9778 2 7.76457
      vertex 29.6248 3 5.34976
      vertex 28.9778 3 7.76457
    endloop
  endfacet
  facet normal 0.96593 0 0.258802
    outer loop
      vertex 29.6248 3 5.34976
      vertex 28.9778 2 7.76457
      vertex 29.6248 2 5.34976
    endloop
  endfacet
  facet normal 0.96593 -0 0.258802
    outer loop
      vertex 28.9778 -3 7.76457
      vertex 29.6248 -2 5.34976
      vertex 28.9778 -2 7.76457
    endloop
  endfacet
  facet normal 0.96593 0 0.258802
    outer loop
      vertex 29.6248 -2 5.34976
      vertex 28.9778 -3 7.76457
      vertex 29.6248 -3 5.34976
    endloop
  endfacet
  facet normal 0 1 0
    outer loop
      vertex 27.2308 3 12.8349
      vertex 24.0167 3 10.4019
      vertex 25.9808 3 15
    endloop
  endfacet
  facet normal -0.919616 0 0.392818
    outer loop
      vertex 24.0167 -3 10.4019
      vertex 25.9808 3 15
      vertex 24.0167 3 10.4019
    endloop
  endfacet
  facet normal -0.919616 0 0.392818
    outer loop
      vertex 25.9808 3 15
      vertex 24.0167 -3 10.4019
      vertex 25.9808 -3 15
    endloop
  endfacet
  facet normal 0.603554 0 -0.797322
    outer loop
      vertex 24.0167 -3 10.4019
      vertex 27.2308 3 12.8349
      vertex 27.2308 -3 12.8349
    endloop
  endfacet
  facet normal 0.603554 0 -0.797322
    outer loop
      vertex 27.2308 3 12.8349
      vertex 24.0167 -3 10.4019
      vertex 24.0167 3 10.4019
    endloop
  endfacet
  facet normal 0 -1 -0
    outer loop
      vertex 25.9808 -3 15
      vertex 24.0167 -3 10.4019
      vertex 27.2308 -3 12.8349
    endloop
  endfacet
  facet normal 0.866029 -0 0.499994
    outer loop
      vertex 25.9808 -3 15
      vertex 27.2308 3 12.8349
      vertex 25.9808 3 15
    endloop
  endfacet
  facet normal 0.866029 0 0.499994
    outer loop
      vertex 27.2308 3 12.8349
      vertex 25.9808 -3 15
      vertex 27.2308 -3 12.8349
    endloop
  endfacet
  facet normal 0 1 0
    outer loop
      vertex 22.981 3 19.4454
      vertex 20.5061 3 16.2635
      vertex 21.2132 3 21.2132
    endloop
  endfacet
  facet normal -0.989949 0 0.141421
    outer loop
      vertex 20.5061 -3 16.2635
      vertex 21.2132 3 21.2132
      vertex 20.5061 3 16.2635
    endloop
  endfacet
  facet normal -0.989949 0 0.141421
    outer loop
      vertex 21.2132 3 21.2132
      vertex 20.5061 -3 16.2635
      vertex 21.2132 -3 21.2132
    endloop
  endfacet
  facet normal 0.789342 0 -0.613954
    outer loop
      vertex 22.981 -3 19.4454
      vertex 20.5061 3 16.2635
      vertex 22.981 3 19.4454
    endloop
  endfacet
  facet normal 0.789342 0 -0.613954
    outer loop
      vertex 20.5061 3 16.2635
      vertex 22.981 -3 19.4454
      vertex 20.5061 -3 16.2635
    endloop
  endfacet
  facet normal 0 -1 -0
    outer loop
      vertex 21.2132 -3 21.2132
      vertex 20.5061 -3 16.2635
      vertex 22.981 -3 19.4454
    endloop
  endfacet
  facet normal 0.707107 -0 0.707107
    outer loop
      vertex 21.2132 -3 21.2132
      vertex 22.981 3 19.4454
      vertex 21.2132 3 21.2132
    endloop
  endfacet
  facet normal 0.707107 0 0.707107
    outer loop
      vertex 22.981 3 19.4454
      vertex 21.2132 -3 21.2132
      vertex 22.981 -3 19.4454
    endloop
  endfacet
  facet normal 0 1 -0
    outer loop
      vertex 15.5981 3 21.0167
      vertex 15 3 25.9808
      vertex 17.1651 3 24.7308
    endloop
  endfacet
  facet normal -0.99282 0 -0.11962
    outer loop
      vertex 15.5981 -3 21.0167
      vertex 15 3 25.9808
      vertex 15.5981 3 21.0167
    endloop
  endfacet
  facet normal -0.99282 -0 -0.11962
    outer loop
      vertex 15 3 25.9808
      vertex 15.5981 -3 21.0167
      vertex 15 -3 25.9808
    endloop
  endfacet
  facet normal 0.921354 0 -0.388725
    outer loop
      vertex 17.1651 -3 24.7308
      vertex 15.5981 3 21.0167
      vertex 17.1651 3 24.7308
    endloop
  endfacet
  facet normal 0.921354 0 -0.388725
    outer loop
      vertex 15.5981 3 21.0167
      vertex 17.1651 -3 24.7308
      vertex 15.5981 -3 21.0167
    endloop
  endfacet
  facet normal -0 -1 0
    outer loop
      vertex 17.1651 -3 24.7308
      vertex 15 -3 25.9808
      vertex 15.5981 -3 21.0167
    endloop
  endfacet
  facet normal 0.499994 0 0.866029
    outer loop
      vertex 15 3 25.9808
      vertex 17.1651 -3 24.7308
      vertex 17.1651 3 24.7308
    endloop
  endfacet
  facet normal 0.499994 0 0.866029
    outer loop
      vertex 17.1651 -3 24.7308
      vertex 15 3 25.9808
      vertex 15 -3 25.9808
    endloop
  endfacet
  facet normal 0 1 -0
    outer loop
      vertex 9.62707 3 24.3376
      vertex 7.76457 3 28.9778
      vertex 10.1794 3 28.3307
    endloop
  endfacet
  facet normal -0.928033 0 -0.372497
    outer loop
      vertex 9.62707 -3 24.3376
      vertex 7.76457 3 28.9778
      vertex 9.62707 3 24.3376
    endloop
  endfacet
  facet normal -0.928033 -0 -0.372497
    outer loop
      vertex 7.76457 3 28.9778
      vertex 9.62707 -3 24.3376
      vertex 7.76457 -3 28.9778
    endloop
  endfacet
  facet normal 0.990569 0 -0.137017
    outer loop
      vertex 10.1794 -3 28.3307
      vertex 9.62707 3 24.3376
      vertex 10.1794 3 28.3307
    endloop
  endfacet
  facet normal 0.990569 0 -0.137017
    outer loop
      vertex 9.62707 3 24.3376
      vertex 10.1794 -3 28.3307
      vertex 9.62707 -3 24.3376
    endloop
  endfacet
  facet normal -0 -1 0
    outer loop
      vertex 10.1794 -3 28.3307
      vertex 7.76457 -3 28.9778
      vertex 9.62707 -3 24.3376
    endloop
  endfacet
  facet normal 0.258837 0 0.965921
    outer loop
      vertex 7.76457 3 28.9778
      vertex 10.1794 -3 28.3307
      vertex 10.1794 3 28.3307
    endloop
  endfacet
  facet normal 0.258837 0 0.965921
    outer loop
      vertex 10.1794 -3 28.3307
      vertex 7.76457 3 28.9778
      vertex 7.76457 -3 28.9778
    endloop
  endfacet
  facet normal 0 1 0
    outer loop
      vertex 3 3 26
      vertex 0 3 30
      vertex 2.5 3 30
    endloop
  endfacet
  facet normal -0.8 0 -0.6
    outer loop
      vertex 3 -3 26
      vertex 0 3 30
      vertex 3 3 26
    endloop
  endfacet
  facet normal -0.8 -0 -0.6
    outer loop
      vertex 0 3 30
      vertex 3 -3 26
      vertex 0 -3 30
    endloop
  endfacet
  facet normal -0 -1 -0
    outer loop
      vertex 2.5 -3 30
      vertex 0 -3 30
      vertex 3 -3 26
    endloop
  endfacet
  facet normal 0.992278 -0 0.124035
    outer loop
      vertex 2.5 -3 30
      vertex 3 3 26
      vertex 2.5 3 30
    endloop
  endfacet
  facet normal 0.992278 0 0.124035
    outer loop
      vertex 3 3 26
      vertex 2.5 -3 30
      vertex 3 -3 26
    endloop
  endfacet
  facet normal -0 0 1
    outer loop
      vertex 0 3 30
      vertex 2.5 -3 30
      vertex 2.5 3 30
    endloop
  endfacet
  facet normal 0 0 1
    outer loop
      vertex 2.5 -3 30
      vertex 0 3 30
      vertex 0 -3 30
    endloop
  endfacet
  facet normal 0 1 0
    outer loop
      vertex -3.83152 3 25.8905
      vertex -7.76457 3 28.9778
      vertex -5.34976 3 29.6248
    endloop
  endfacet
  facet normal -0.617456 0 -0.786605
    outer loop
      vertex -7.76457 -3 28.9778
      vertex -3.83152 3 25.8905
      vertex -3.83152 -3 25.8905
    endloop
  endfacet
  facet normal -0.617456 0 -0.786605
    outer loop
      vertex -3.83152 3 25.8905
      vertex -7.76457 -3 28.9778
      vertex -7.76457 3 28.9778
    endloop
  endfacet
  facet normal 0 -1 -0
    outer loop
      vertex -5.34976 -3 29.6248
      vertex -7.76457 -3 28.9778
      vertex -3.83152 -3 25.8905
    endloop
  endfacet
  facet normal 0.926364 -0 0.376628
    outer loop
      vertex -5.34976 -3 29.6248
      vertex -3.83152 3 25.8905
      vertex -5.34976 3 29.6248
    endloop
  endfacet
  facet normal 0.926364 0 0.376628
    outer loop
      vertex -3.83152 3 25.8905
      vertex -5.34976 -3 29.6248
      vertex -3.83152 -3 25.8905
    endloop
  endfacet
  facet normal -0.258802 0 0.96593
    outer loop
      vertex -7.76457 3 28.9778
      vertex -5.34976 -3 29.6248
      vertex -5.34976 3 29.6248
    endloop
  endfacet
  facet normal -0.258802 0 0.96593
    outer loop
      vertex -5.34976 -3 29.6248
      vertex -7.76457 3 28.9778
      vertex -7.76457 -3 28.9778
    endloop
  endfacet
  facet normal 0 1 0
    outer loop
      vertex -10.4019 3 24.0167
      vertex -15 3 25.9808
      vertex -12.8349 3 27.2308
    endloop
  endfacet
  facet normal -0.392818 0 -0.919616
    outer loop
      vertex -15 -3 25.9808
      vertex -10.4019 3 24.0167
      vertex -10.4019 -3 24.0167
    endloop
  endfacet
  facet normal -0.392818 0 -0.919616
    outer loop
      vertex -10.4019 3 24.0167
      vertex -15 -3 25.9808
      vertex -15 3 25.9808
    endloop
  endfacet
  facet normal 0 -1 -0
    outer loop
      vertex -12.8349 -3 27.2308
      vertex -15 -3 25.9808
      vertex -10.4019 -3 24.0167
    endloop
  endfacet
  facet normal 0.797322 -0 0.603554
    outer loop
      vertex -12.8349 -3 27.2308
      vertex -10.4019 3 24.0167
      vertex -12.8349 3 27.2308
    endloop
  endfacet
  facet normal 0.797322 0 0.603554
    outer loop
      vertex -10.4019 3 24.0167
      vertex -12.8349 -3 27.2308
      vertex -10.4019 -3 24.0167
    endloop
  endfacet
  facet normal -0.499994 0 0.866029
    outer loop
      vertex -15 3 25.9808
      vertex -12.8349 -3 27.2308
      vertex -12.8349 3 27.2308
    endloop
  endfacet
  facet normal -0.499994 0 0.866029
    outer loop
      vertex -12.8349 -3 27.2308
      vertex -15 3 25.9808
      vertex -15 -3 25.9808
    endloop
  endfacet
  facet normal 0 1 0
    outer loop
      vertex -16.2635 3 20.5061
      vertex -21.2132 3 21.2132
      vertex -19.4454 3 22.981
    endloop
  endfacet
  facet normal -0.141421 0 -0.989949
    outer loop
      vertex -21.2132 -3 21.2132
      vertex -16.2635 3 20.5061
      vertex -16.2635 -3 20.5061
    endloop
  endfacet
  facet normal -0.141421 0 -0.989949
    outer loop
      vertex -16.2635 3 20.5061
      vertex -21.2132 -3 21.2132
      vertex -21.2132 3 21.2132
    endloop
  endfacet
  facet normal 0 -1 -0
    outer loop
      vertex -19.4454 -3 22.981
      vertex -21.2132 -3 21.2132
      vertex -16.2635 -3 20.5061
    endloop
  endfacet
  facet normal 0.613954 0 0.789342
    outer loop
      vertex -19.4454 3 22.981
      vertex -16.2635 -3 20.5061
      vertex -16.2635 3 20.5061
    endloop
  endfacet
  facet normal 0.613954 0 0.789342
    outer loop
      vertex -16.2635 -3 20.5061
      vertex -19.4454 3 22.981
      vertex -19.4454 -3 22.981
    endloop
  endfacet
  facet normal -0.707107 0 0.707107
    outer loop
      vertex -21.2132 -3 21.2132
      vertex -19.4454 3 22.981
      vertex -21.2132 3 21.2132
    endloop
  endfacet
  facet normal -0.707107 0 0.707107
    outer loop
      vertex -19.4454 3 22.981
      vertex -21.2132 -3 21.2132
      vertex -19.4454 -3 22.981
    endloop
  endfacet
  facet normal 0 1 0
    outer loop
      vertex -21.0167 3 15.5981
      vertex -25.9808 3 15
      vertex -24.7308 3 17.1651
    endloop
  endfacet
  facet normal 0.11962 0 -0.99282
    outer loop
      vertex -25.9808 -3 15
      vertex -21.0167 3 15.5981
      vertex -21.0167 -3 15.5981
    endloop
  endfacet
  facet normal 0.11962 0 -0.99282
    outer loop
      vertex -21.0167 3 15.5981
      vertex -25.9808 -3 15
      vertex -25.9808 3 15
    endloop
  endfacet
  facet normal 0 -1 -0
    outer loop
      vertex -24.7308 -3 17.1651
      vertex -25.9808 -3 15
      vertex -21.0167 -3 15.5981
    endloop
  endfacet
  facet normal 0.388725 0 0.921354
    outer loop
      vertex -24.7308 3 17.1651
      vertex -21.0167 -3 15.5981
      vertex -21.0167 3 15.5981
    endloop
  endfacet
  facet normal 0.388725 0 0.921354
    outer loop
      vertex -21.0167 -3 15.5981
      vertex -24.7308 3 17.1651
      vertex -24.7308 -3 17.1651
    endloop
  endfacet
  facet normal -0.866029 0 0.499994
    outer loop
      vertex -25.9808 -3 15
      vertex -24.7308 3 17.1651
      vertex -25.9808 3 15
    endloop
  endfacet
  facet normal -0.866029 0 0.499994
    outer loop
      vertex -24.7308 3 17.1651
      vertex -25.9808 -3 15
      vertex -24.7308 -3 17.1651
    endloop
  endfacet
  facet normal 0 1 0
    outer loop
      vertex -24.3376 3 9.62707
      vertex -28.9778 3 7.76457
      vertex -28.3307 3 10.1794
    endloop
  endfacet
  facet normal 0.372497 0 -0.928033
    outer loop
      vertex -28.9778 -3 7.76457
      vertex -24.3376 3 9.62707
      vertex -24.3376 -3 9.62707
    endloop
  endfacet
  facet normal 0.372497 0 -0.928033
    outer loop
      vertex -24.3376 3 9.62707
      vertex -28.9778 -3 7.76457
      vertex -28.9778 3 7.76457
    endloop
  endfacet
  facet normal 0 -1 -0
    outer loop
      vertex -28.3307 -3 10.1794
      vertex -28.9778 -3 7.76457
      vertex -24.3376 -3 9.62707
    endloop
  endfacet
  facet normal 0.137017 0 0.990569
    outer loop
      vertex -28.3307 3 10.1794
      vertex -24.3376 -3 9.62707
      vertex -24.3376 3 9.62707
    endloop
  endfacet
  facet normal 0.137017 0 0.990569
    outer loop
      vertex -24.3376 -3 9.62707
      vertex -28.3307 3 10.1794
      vertex -28.3307 -3 10.1794
    endloop
  endfacet
  facet normal -0.965921 0 0.258837
    outer loop
      vertex -28.9778 -3 7.76457
      vertex -28.3307 3 10.1794
      vertex -28.9778 3 7.76457
    endloop
  endfacet
  facet normal -0.965921 0 0.258837
    outer loop
      vertex -28.3307 3 10.1794
      vertex -28.9778 -3 7.76457
      vertex -28.3307 -3 10.1794
    endloop
  endfacet
  facet normal 0 1 0
    outer loop
      vertex -26 3 3
      vertex -30 3 0
      vertex -30 3 2.5
    endloop
  endfacet
  facet normal 0.6 0 -0.8
    outer loop
      vertex -30 -3 0
      vertex -26 3 3
      vertex -26 -3 3
    endloop
  endfacet
  facet normal 0.6 0 -0.8
    outer loop
      vertex -26 3 3
      vertex -30 -3 0
      vertex -30 3 0
    endloop
  endfacet
  facet normal 0 -1 0
    outer loop
      vertex -30 -3 2.5
      vertex -30 -3 0
      vertex -26 -3 3
    endloop
  endfacet
  facet normal -0.124035 0 0.992278
    outer loop
      vertex -30 3 2.5
      vertex -26 -3 3
      vertex -26 3 3
    endloop
  endfacet
  facet normal -0.124035 0 0.992278
    outer loop
      vertex -26 -3 3
      vertex -30 3 2.5
      vertex -30 -3 2.5
    endloop
  endfacet
  facet normal -1 0 0
    outer loop
      vertex -30 -3 0
      vertex -30 3 2.5
      vertex -30 3 0
    endloop
  endfacet
  facet normal -1 -0 0
    outer loop
      vertex -30 3 2.5
      vertex -30 -3 0
      vertex -30 -3 2.5
    endloop
  endfacet
  facet normal 0 1 -0
    outer loop
      vertex -28.9778 3 -7.76457
      vertex -29.6248 3 -5.34976
      vertex -25.8905 3 -3.83152
    endloop
  endfacet
  facet normal 0.786605 0 -0.617456
    outer loop
      vertex -25.8905 -3 -3.83152
      vertex -28.9778 3 -7.76457
      vertex -25.8905 3 -3.83152
    endloop
  endfacet
  facet normal 0.786605 0 -0.617456
    outer loop
      vertex -28.9778 3 -7.76457
      vertex -25.8905 -3 -3.83152
      vertex -28.9778 -3 -7.76457
    endloop
  endfacet
  facet normal 0 -1 0
    outer loop
      vertex -25.8905 -3 -3.83152
      vertex -29.6248 -3 -5.34976
      vertex -28.9778 -3 -7.76457
    endloop
  endfacet
  facet normal -0.376628 0 0.926364
    outer loop
      vertex -29.6248 3 -5.34976
      vertex -25.8905 -3 -3.83152
      vertex -25.8905 3 -3.83152
    endloop
  endfacet
  facet normal -0.376628 0 0.926364
    outer loop
      vertex -25.8905 -3 -3.83152
      vertex -29.6248 3 -5.34976
      vertex -29.6248 -3 -5.34976
    endloop
  endfacet
  facet normal -0.96593 0 -0.258802
    outer loop
      vertex -28.9778 -3 -7.76457
      vertex -29.6248 3 -5.34976
      vertex -28.9778 3 -7.76457
    endloop
  endfacet
  facet normal -0.96593 -0 -0.258802
    outer loop
      vertex -29.6248 3 -5.34976
      vertex -28.9778 -3 -7.76457
      vertex -29.6248 -3 -5.34976
    endloop
  endfacet
  facet normal 0 1 -0
    outer loop
      vertex -25.9808 3 -15
      vertex -27.2308 3 -12.8349
      vertex -24.0167 3 -10.4019
    endloop
  endfacet
  facet normal 0.919616 0 -0.392818
    outer loop
      vertex -24.0167 -3 -10.4019
      vertex -25.9808 3 -15
      vertex -24.0167 3 -10.4019
    endloop
  endfacet
  facet normal 0.919616 0 -0.392818
    outer loop
      vertex -25.9808 3 -15
      vertex -24.0167 -3 -10.4019
      vertex -25.9808 -3 -15
    endloop
  endfacet
  facet normal 0 -1 0
    outer loop
      vertex -24.0167 -3 -10.4019
      vertex -27.2308 -3 -12.8349
      vertex -25.9808 -3 -15
    endloop
  endfacet
  facet normal -0.603554 0 0.797322
    outer loop
      vertex -27.2308 3 -12.8349
      vertex -24.0167 -3 -10.4019
      vertex -24.0167 3 -10.4019
    endloop
  endfacet
  facet normal -0.603554 0 0.797322
    outer loop
      vertex -24.0167 -3 -10.4019
      vertex -27.2308 3 -12.8349
      vertex -27.2308 -3 -12.8349
    endloop
  endfacet
  facet normal -0.866029 0 -0.499994
    outer loop
      vertex -25.9808 -3 -15
      vertex -27.2308 3 -12.8349
      vertex -25.9808 3 -15
    endloop
  endfacet
  facet normal -0.866029 -0 -0.499994
    outer loop
      vertex -27.2308 3 -12.8349
      vertex -25.9808 -3 -15
      vertex -27.2308 -3 -12.8349
    endloop
  endfacet
  facet normal 0 1 -0
    outer loop
      vertex -21.2132 3 -21.2132
      vertex -22.981 3 -19.4454
      vertex -20.5061 3 -16.2635
    endloop
  endfacet
  facet normal 0.989949 0 -0.141421
    outer loop
      vertex -20.5061 -3 -16.2635
      vertex -21.2132 3 -21.2132
      vertex -20.5061 3 -16.2635
    endloop
  endfacet
  facet normal 0.989949 0 -0.141421
    outer loop
      vertex -21.2132 3 -21.2132
      vertex -20.5061 -3 -16.2635
      vertex -21.2132 -3 -21.2132
    endloop
  endfacet
  facet normal 0 -1 0
    outer loop
      vertex -20.5061 -3 -16.2635
      vertex -22.981 -3 -19.4454
      vertex -21.2132 -3 -21.2132
    endloop
  endfacet
  facet normal -0.789342 0 0.613954
    outer loop
      vertex -22.981 -3 -19.4454
      vertex -20.5061 3 -16.2635
      vertex -22.981 3 -19.4454
    endloop
  endfacet
  facet normal -0.789342 0 0.613954
    outer loop
      vertex -20.5061 3 -16.2635
      vertex -22.981 -3 -19.4454
      vertex -20.5061 -3 -16.2635
    endloop
  endfacet
  facet normal -0.707107 0 -0.707107
    outer loop
      vertex -21.2132 -3 -21.2132
      vertex -22.981 3 -19.4454
      vertex -21.2132 3 -21.2132
    endloop
  endfacet
  facet normal -0.707107 -0 -0.707107
    outer loop
      vertex -22.981 3 -19.4454
      vertex -21.2132 -3 -21.2132
      vertex -22.981 -3 -19.4454
    endloop
  endfacet
  facet normal 0 1 0
    outer loop
      vertex -15 3 -25.9808
      vertex -17.1651 3 -24.7308
      vertex -15.5981 3 -21.0167
    endloop
  endfacet
  facet normal 0.99282 -0 0.11962
    outer loop
      vertex -15.5981 -3 -21.0167
      vertex -15 3 -25.9808
      vertex -15.5981 3 -21.0167
    endloop
  endfacet
  facet normal 0.99282 0 0.11962
    outer loop
      vertex -15 3 -25.9808
      vertex -15.5981 -3 -21.0167
      vertex -15 -3 -25.9808
    endloop
  endfacet
  facet normal 0 -1 -0
    outer loop
      vertex -15.5981 -3 -21.0167
      vertex -17.1651 -3 -24.7308
      vertex -15 -3 -25.9808
    endloop
  endfacet
  facet normal -0.921354 0 0.388725
    outer loop
      vertex -17.1651 -3 -24.7308
      vertex -15.5981 3 -21.0167
      vertex -17.1651 3 -24.7308
    endloop
  endfacet
  facet normal -0.921354 0 0.388725
    outer loop
      vertex -15.5981 3 -21.0167
      vertex -17.1651 -3 -24.7308
      vertex -15.5981 -3 -21.0167
    endloop
  endfacet
  facet normal -0.499994 0 -0.866029
    outer loop
      vertex -17.1651 -3 -24.7308
      vertex -15 3 -25.9808
      vertex -15 -3 -25.9808
    endloop
  endfacet
  facet normal -0.499994 0 -0.866029
    outer loop
      vertex -15 3 -25.9808
      vertex -17.1651 -3 -24.7308
      vertex -17.1651 3 -24.7308
    endloop
  endfacet
  facet normal 0 1 0
    outer loop
      vertex -7.76457 3 -28.9778
      vertex -10.1794 3 -28.3307
      vertex -9.62707 3 -24.3376
    endloop
  endfacet
  facet normal 0.928033 -0 0.372497
    outer loop
      vertex -9.62707 -3 -24.3376
      vertex -7.76457 3 -28.9778
      vertex -9.62707 3 -24.3376
    endloop
  endfacet
  facet normal 0.928033 0 0.372497
    outer loop
      vertex -7.76457 3 -28.9778
      vertex -9.62707 -3 -24.3376
      vertex -7.76457 -3 -28.9778
    endloop
  endfacet
  facet normal 0 -1 -0
    outer loop
      vertex -9.62707 -3 -24.3376
      vertex -10.1794 -3 -28.3307
      vertex -7.76457 -3 -28.9778
    endloop
  endfacet
  facet normal -0.990569 0 0.137017
    outer loop
      vertex -10.1794 -3 -28.3307
      vertex -9.62707 3 -24.3376
      vertex -10.1794 3 -28.3307
    endloop
  endfacet
  facet normal -0.990569 0 0.137017
    outer loop
      vertex -9.62707 3 -24.3376
      vertex -10.1794 -3 -28.3307
      vertex -9.62707 -3 -24.3376
    endloop
  endfacet
  facet normal -0.258837 0 -0.965921
    outer loop
      vertex -10.1794 -3 -28.3307
      vertex -7.76457 3 -28.9778
      vertex -7.76457 -3 -28.9778
    endloop
  endfacet
  facet normal -0.258837 0 -0.965921
    outer loop
      vertex -7.76457 3 -28.9778
      vertex -10.1794 -3 -28.3307
      vertex -10.1794 3 -28.3307
    endloop
  endfacet
  facet normal 0 1 -0
    outer loop
      vertex -2.5 3 -30
      vertex -3 3 -26
      vertex 0 3 -30
    endloop
  endfacet
  facet normal 0.8 -0 0.6
    outer loop
      vertex -3 -3 -26
      vertex 0 3 -30
      vertex -3 3 -26
    endloop
  endfacet
  facet normal 0.8 0 0.6
    outer loop
      vertex 0 3 -30
      vertex -3 -3 -26
      vertex 0 -3 -30
    endloop
  endfacet
  facet normal -0.992278 0 -0.124035
    outer loop
      vertex -2.5 -3 -30
      vertex -3 3 -26
      vertex -2.5 3 -30
    endloop
  endfacet
  facet normal -0.992278 -0 -0.124035
    outer loop
      vertex -3 3 -26
      vertex -2.5 -3 -30
      vertex -3 -3 -26
    endloop
  endfacet
  facet normal 0 -1 0
    outer loop
      vertex 0 -3 -30
      vertex -3 -3 -26
      vertex -2.5 -3 -30
    endloop
  endfacet
  facet normal 0 0 -1
    outer loop
      vertex -2.5 -3 -30
      vertex 0 3 -30
      vertex 0 -3 -30
    endloop
  endfacet
  facet normal -0 0 -1
    outer loop
      vertex 0 3 -30
      vertex -2.5 -3 -30
      vertex -2.5 3 -30
    endloop
  endfacet
  facet normal 0 1 -0
    outer loop
      vertex 5.34976 3 -29.6248
      vertex 3.83152 3 -25.8905
      vertex 7.76457 3 -28.9778
    endloop
  endfacet
  facet normal 0.617456 0 0.786605
    outer loop
      vertex 3.83152 3 -25.8905
      vertex 7.76457 -3 -28.9778
      vertex 7.76457 3 -28.9778
    endloop
  endfacet
  facet normal 0.617456 0 0.786605
    outer loop
      vertex 7.76457 -3 -28.9778
      vertex 3.83152 3 -25.8905
      vertex 3.83152 -3 -25.8905
    endloop
  endfacet
  facet normal -0.926364 0 -0.376628
    outer loop
      vertex 5.34976 -3 -29.6248
      vertex 3.83152 3 -25.8905
      vertex 5.34976 3 -29.6248
    endloop
  endfacet
  facet normal -0.926364 -0 -0.376628
    outer loop
      vertex 3.83152 3 -25.8905
      vertex 5.34976 -3 -29.6248
      vertex 3.83152 -3 -25.8905
    endloop
  endfacet
  facet normal -0 -1 0
    outer loop
      vertex 7.76457 -3 -28.9778
      vertex 3.83152 -3 -25.8905
      vertex 5.34976 -3 -29.6248
    endloop
  endfacet
  facet normal 0.258802 0 -0.96593
    outer loop
      vertex 5.34976 -3 -29.6248
      vertex 7.76457 3 -28.9778
      vertex 7.76457 -3 -28.9778
    endloop
  endfacet
  facet normal 0.258802 0 -0.96593
    outer loop
      vertex 7.76457 3 -28.9778
      vertex 5.34976 -3 -29.6248
      vertex 5.34976 3 -29.6248
    endloop
  endfacet
  facet normal 0 1 -0
    outer loop
      vertex 12.8349 3 -27.2308
      vertex 10.4019 3 -24.0167
      vertex 15 3 -25.9808
    endloop
  endfacet
  facet normal 0.392818 0 0.919616
    outer loop
      vertex 10.4019 3 -24.0167
      vertex 15 -3 -25.9808
      vertex 15 3 -25.9808
    endloop
  endfacet
  facet normal 0.392818 0 0.919616
    outer loop
      vertex 15 -3 -25.9808
      vertex 10.4019 3 -24.0167
      vertex 10.4019 -3 -24.0167
    endloop
  endfacet
  facet normal -0.797322 0 -0.603554
    outer loop
      vertex 12.8349 -3 -27.2308
      vertex 10.4019 3 -24.0167
      vertex 12.8349 3 -27.2308
    endloop
  endfacet
  facet normal -0.797322 -0 -0.603554
    outer loop
      vertex 10.4019 3 -24.0167
      vertex 12.8349 -3 -27.2308
      vertex 10.4019 -3 -24.0167
    endloop
  endfacet
  facet normal -0 -1 0
    outer loop
      vertex 15 -3 -25.9808
      vertex 10.4019 -3 -24.0167
      vertex 12.8349 -3 -27.2308
    endloop
  endfacet
  facet normal 0.499994 0 -0.866029
    outer loop
      vertex 12.8349 -3 -27.2308
      vertex 15 3 -25.9808
      vertex 15 -3 -25.9808
    endloop
  endfacet
  facet normal 0.499994 0 -0.866029
    outer loop
      vertex 15 3 -25.9808
      vertex 12.8349 -3 -27.2308
      vertex 12.8349 3 -27.2308
    endloop
  endfacet
  facet normal 0 1 -0
    outer loop
      vertex 19.4454 3 -22.981
      vertex 16.2635 3 -20.5061
      vertex 21.2132 3 -21.2132
    endloop
  endfacet
  facet normal 0.141421 0 0.989949
    outer loop
      vertex 16.2635 3 -20.5061
      vertex 21.2132 -3 -21.2132
      vertex 21.2132 3 -21.2132
    endloop
  endfacet
  facet normal 0.141421 0 0.989949
    outer loop
      vertex 21.2132 -3 -21.2132
      vertex 16.2635 3 -20.5061
      vertex 16.2635 -3 -20.5061
    endloop
  endfacet
  facet normal -0.613954 0 -0.789342
    outer loop
      vertex 16.2635 -3 -20.5061
      vertex 19.4454 3 -22.981
      vertex 19.4454 -3 -22.981
    endloop
  endfacet
  facet normal -0.613954 0 -0.789342
    outer loop
      vertex 19.4454 3 -22.981
      vertex 16.2635 -3 -20.5061
      vertex 16.2635 3 -20.5061
    endloop
  endfacet
  facet normal -0 -1 0
    outer loop
      vertex 21.2132 -3 -21.2132
      vertex 16.2635 -3 -20.5061
      vertex 19.4454 -3 -22.981
    endloop
  endfacet
  facet normal 0.707107 0 -0.707107
    outer loop
      vertex 21.2132 -3 -21.2132
      vertex 19.4454 3 -22.981
      vertex 21.2132 3 -21.2132
    endloop
  endfacet
  facet normal 0.707107 0 -0.707107
    outer loop
      vertex 19.4454 3 -22.981
      vertex 21.2132 -3 -21.2132
      vertex 19.4454 -3 -22.981
    endloop
  endfacet
  facet normal 0 1 -0
    outer loop
      vertex 24.7308 3 -17.1651
      vertex 21.0167 3 -15.5981
      vertex 25.9808 3 -15
    endloop
  endfacet
  facet normal -0.11962 0 0.99282
    outer loop
      vertex 21.0167 3 -15.5981
      vertex 25.9808 -3 -15
      vertex 25.9808 3 -15
    endloop
  endfacet
  facet normal -0.11962 0 0.99282
    outer loop
      vertex 25.9808 -3 -15
      vertex 21.0167 3 -15.5981
      vertex 21.0167 -3 -15.5981
    endloop
  endfacet
  facet normal -0.388725 0 -0.921354
    outer loop
      vertex 21.0167 -3 -15.5981
      vertex 24.7308 3 -17.1651
      vertex 24.7308 -3 -17.1651
    endloop
  endfacet
  facet normal -0.388725 0 -0.921354
    outer loop
      vertex 24.7308 3 -17.1651
      vertex 21.0167 -3 -15.5981
      vertex 21.0167 3 -15.5981
    endloop
  endfacet
  facet normal 0 -1 0
    outer loop
      vertex 25.9808 -3 -15
      vertex 21.0167 -3 -15.5981
      vertex 24.7308 -3 -17.1651
    endloop
  endfacet
  facet normal 0.866029 0 -0.499994
    outer loop
      vertex 25.9808 -3 -15
      vertex 24.7308 3 -17.1651
      vertex 25.9808 3 -15
    endloop
  endfacet
  facet normal 0.866029 0 -0.499994
    outer loop
      vertex 24.7308 3 -17.1651
      vertex 25.9808 -3 -15
      vertex 24.7308 -3 -17.1651
    endloop
  endfacet
  facet normal 0 1 -0
    outer loop
      vertex 28.3307 3 -10.1794
      vertex 24.3376 3 -9.62707
      vertex 28.9778 3 -7.76457
    endloop
  endfacet
  facet normal -0.137017 0 -0.990569
    outer loop
      vertex 24.3376 -3 -9.62707
      vertex 28.3307 3 -10.1794
      vertex 28.3307 -3 -10.1794
    endloop
  endfacet
  facet normal -0.137017 0 -0.990569
    outer loop
      vertex 28.3307 3 -10.1794
      vertex 24.3376 -3 -9.62707
      vertex 24.3376 3 -9.62707
    endloop
  endfacet
  facet normal 0 -1 0
    outer loop
      vertex 28.9778 -3 -7.76457
      vertex 24.3376 -3 -9.62707
      vertex 28.3307 -3 -10.1794
    endloop
  endfacet
  facet normal -0.372497 0 0.928033
    outer loop
      vertex 24.3376 3 -9.62707
      vertex 28.9778 -3 -7.76457
      vertex 28.9778 3 -7.76457
    endloop
  endfacet
  facet normal -0.372497 0 0.928033
    outer loop
      vertex 28.9778 -3 -7.76457
      vertex 24.3376 3 -9.62707
      vertex 24.3376 -3 -9.62707
    endloop
  endfacet
  facet normal 0.965921 0 -0.258837
    outer loop
      vertex 28.9778 -3 -7.76457
      vertex 28.3307 3 -10.1794
      vertex 28.9778 3 -7.76457
    endloop
  endfacet
  facet normal 0.965921 0 -0.258837
    outer loop
      vertex 28.3307 3 -10.1794
      vertex 28.9778 -3 -7.76457
      vertex 28.3307 -3 -10.1794
    endloop
  endfacet
  facet normal 0.987684 1.99201e-05 0.156459
    outer loop
      vertex 25.4318 3 5.4057
      vertex 25.6712 2 3.89456
      vertex 25.8576 3 2.71774
    endloop
  endfacet
  facet normal 0.987682 0 0.156472
    outer loop
      vertex 25.4318 3 5.4057
      vertex 25.6712 -2 3.89456
      vertex 25.6712 2 3.89456
    endloop
  endfacet
  facet normal 0.987682 -0 0.156472
    outer loop
      vertex 25.4318 -3 5.4057
      vertex 25.6712 -2 3.89456
      vertex 25.4318 3 5.4057
    endloop
  endfacet
  facet normal 0.987684 -1.99201e-05 0.156459
    outer loop
      vertex 25.8576 -3 2.71774
      vertex 25.6712 -2 3.89456
      vertex 25.4318 -3 5.4057
    endloop
  endfacet
  facet normal 0.987687 0 0.156443
    outer loop
      vertex 25.6712 -2 3.89456
      vertex 25.8576 -3 2.71774
      vertex 25.8576 -2 2.71774
    endloop
  endfacet
  facet normal 0.987687 0 0.156443
    outer loop
      vertex 25.8576 3 2.71774
      vertex 25.6712 2 3.89456
      vertex 25.8576 2 2.71774
    endloop
  endfacet
  facet normal 0.99863 -0 0.0523247
    outer loop
      vertex 25.8576 -3 2.71774
      vertex 26 -2 0
      vertex 25.8576 -2 2.71774
    endloop
  endfacet
  facet normal 0.99863 0 0.0523247
    outer loop
      vertex 26 -2 0
      vertex 25.8576 -3 2.71774
      vertex 26 -3 0
    endloop
  endfacet
  facet normal 0.99863 -0 0.0523247
    outer loop
      vertex 25.8576 2 2.71774
      vertex 26 3 0
      vertex 25.8576 3 2.71774
    endloop
  endfacet
  facet normal 0.99863 0 0.0523247
    outer loop
      vertex 26 3 0
      vertex 25.8576 2 2.71774
      vertex 26 2 0
    endloop
  endfacet
  facet normal 0.965932 -0 0.258795
    outer loop
      vertex 24.7275 -3 8.03444
      vertex 25.4318 3 5.4057
      vertex 24.7275 3 8.03444
    endloop
  endfacet
  facet normal 0.965932 0 0.258795
    outer loop
      vertex 25.4318 3 5.4057
      vertex 24.7275 -3 8.03444
      vertex 25.4318 -3 5.4057
    endloop
  endfacet
  facet normal -0.544663 0 0.838655
    outer loop
      vertex -15.2824 3 21.0344
      vertex -13 -3 22.5167
      vertex -13 3 22.5167
    endloop
  endfacet
  facet normal -0.544663 0 0.838655
    outer loop
      vertex -13 -3 22.5167
      vertex -15.2824 3 21.0344
      vertex -15.2824 -3 21.0344
    endloop
  endfacet
  facet normal -0.838655 0 -0.544663
    outer loop
      vertex -21.0344 -3 -15.2824
      vertex -22.5167 3 -13
      vertex -21.0344 3 -15.2824
    endloop
  endfacet
  facet normal -0.838655 -0 -0.544663
    outer loop
      vertex -22.5167 3 -13
      vertex -21.0344 -3 -15.2824
      vertex -22.5167 -3 -13
    endloop
  endfacet
  facet normal -0.156459 0 -0.987684
    outer loop
      vertex -5.4057 -3 -25.4318
      vertex -2.71774 3 -25.8576
      vertex -2.71774 -3 -25.8576
    endloop
  endfacet
  facet normal -0.156459 0 -0.987684
    outer loop
      vertex -2.71774 3 -25.8576
      vertex -5.4057 -3 -25.4318
      vertex -5.4057 3 -25.4318
    endloop
  endfacet
  facet normal -0.453991 0 0.891006
    outer loop
      vertex -13 3 22.5167
      vertex -10.5752 -3 23.7522
      vertex -10.5752 3 23.7522
    endloop
  endfacet
  facet normal -0.453991 0 0.891006
    outer loop
      vertex -10.5752 -3 23.7522
      vertex -13 3 22.5167
      vertex -13 -3 22.5167
    endloop
  endfacet
  facet normal -0.707107 0 -0.707107
    outer loop
      vertex -17.3974 -3 -19.3218
      vertex -19.3218 3 -17.3974
      vertex -17.3974 3 -19.3218
    endloop
  endfacet
  facet normal -0.707107 -0 -0.707107
    outer loop
      vertex -19.3218 3 -17.3974
      vertex -17.3974 -3 -19.3218
      vertex -19.3218 -3 -17.3974
    endloop
  endfacet
  facet normal 0.453991 0 0.891006
    outer loop
      vertex 10.5752 3 23.7522
      vertex 13 -3 22.5167
      vertex 13 3 22.5167
    endloop
  endfacet
  facet normal 0.453991 0 0.891006
    outer loop
      vertex 13 -3 22.5167
      vertex 10.5752 3 23.7522
      vertex 10.5752 -3 23.7522
    endloop
  endfacet
  facet normal -0.777163 0 0.6293
    outer loop
      vertex -21.0344 -3 15.2824
      vertex -19.3218 3 17.3974
      vertex -21.0344 3 15.2824
    endloop
  endfacet
  facet normal -0.777163 0 0.6293
    outer loop
      vertex -19.3218 3 17.3974
      vertex -21.0344 -3 15.2824
      vertex -19.3218 -3 17.3974
    endloop
  endfacet
  facet normal 0.6293 0 0.777163
    outer loop
      vertex 15.2824 3 21.0344
      vertex 17.3974 -3 19.3218
      vertex 17.3974 3 19.3218
    endloop
  endfacet
  facet normal 0.6293 0 0.777163
    outer loop
      vertex 17.3974 -3 19.3218
      vertex 15.2824 3 21.0344
      vertex 15.2824 -3 21.0344
    endloop
  endfacet
  facet normal 0.358366 0 -0.933581
    outer loop
      vertex 8.03444 -3 -24.7275
      vertex 10.5752 3 -23.7522
      vertex 10.5752 -3 -23.7522
    endloop
  endfacet
  facet normal 0.358366 0 -0.933581
    outer loop
      vertex 10.5752 3 -23.7522
      vertex 8.03444 -3 -24.7275
      vertex 8.03444 3 -24.7275
    endloop
  endfacet
  facet normal 0.707107 -0 0.707107
    outer loop
      vertex 17.3974 -3 19.3218
      vertex 19.3218 3 17.3974
      vertex 17.3974 3 19.3218
    endloop
  endfacet
  facet normal 0.707107 0 0.707107
    outer loop
      vertex 19.3218 3 17.3974
      vertex 17.3974 -3 19.3218
      vertex 19.3218 -3 17.3974
    endloop
  endfacet
  facet normal -0.6293 0 0.777163
    outer loop
      vertex -17.3974 3 19.3218
      vertex -15.2824 -3 21.0344
      vertex -15.2824 3 21.0344
    endloop
  endfacet
  facet normal -0.6293 0 0.777163
    outer loop
      vertex -15.2824 -3 21.0344
      vertex -17.3974 3 19.3218
      vertex -17.3974 -3 19.3218
    endloop
  endfacet
  facet normal 0 1 0
    outer loop
      vertex 0 3 4
      vertex 0 3 26
      vertex 2.71774 3 25.8576
    endloop
  endfacet
  facet normal 0 1 0
    outer loop
      vertex 0.418114 3 3.97809
      vertex 2.71774 3 25.8576
      vertex 5.4057 3 25.4318
    endloop
  endfacet
  facet normal 0 1 0
    outer loop
      vertex 0 3 26
      vertex 0 3 4
      vertex -2.71774 3 25.8576
    endloop
  endfacet
  facet normal 0 1 0
    outer loop
      vertex 0.831646 3 3.91259
      vertex 5.4057 3 25.4318
      vertex 8.03444 3 24.7275
    endloop
  endfacet
  facet normal 0 1 -0
    outer loop
      vertex -0.418114 3 3.97809
      vertex -2.71774 3 25.8576
      vertex 0 3 4
    endloop
  endfacet
  facet normal 0 1 0
    outer loop
      vertex 1.23607 3 3.80423
      vertex 8.03444 3 24.7275
      vertex 10.5752 3 23.7522
    endloop
  endfacet
  facet normal 0 1 0
    outer loop
      vertex -2.71774 3 25.8576
      vertex -0.418114 3 3.97809
      vertex -5.4057 3 25.4318
    endloop
  endfacet
  facet normal 0 1 0
    outer loop
      vertex 1.62695 3 3.65418
      vertex 10.5752 3 23.7522
      vertex 13 3 22.5167
    endloop
  endfacet
  facet normal 0 1 -0
    outer loop
      vertex -0.831646 3 3.91259
      vertex -5.4057 3 25.4318
      vertex -0.418114 3 3.97809
    endloop
  endfacet
  facet normal 0 1 0
    outer loop
      vertex 2 3 3.4641
      vertex 13 3 22.5167
      vertex 15.2824 3 21.0344
    endloop
  endfacet
  facet normal 0 1 0
    outer loop
      vertex -5.4057 3 25.4318
      vertex -0.831646 3 3.91259
      vertex -8.03444 3 24.7275
    endloop
  endfacet
  facet normal 0 1 0
    outer loop
      vertex 2.35114 3 3.23607
      vertex 15.2824 3 21.0344
      vertex 17.3974 3 19.3218
    endloop
  endfacet
  facet normal 0 1 -0
    outer loop
      vertex -1.23607 3 3.80423
      vertex -8.03444 3 24.7275
      vertex -0.831646 3 3.91259
    endloop
  endfacet
  facet normal 0 1 0
    outer loop
      vertex 2.67652 3 2.97258
      vertex 17.3974 3 19.3218
      vertex 19.3218 3 17.3974
    endloop
  endfacet
  facet normal 0 1 0
    outer loop
      vertex -8.03444 3 24.7275
      vertex -1.23607 3 3.80423
      vertex -10.5752 3 23.7522
    endloop
  endfacet
  facet normal 0 1 0
    outer loop
      vertex 2.97258 3 2.67652
      vertex 19.3218 3 17.3974
      vertex 21.0344 3 15.2824
    endloop
  endfacet
  facet normal 0 1 -0
    outer loop
      vertex -1.62695 3 3.65418
      vertex -10.5752 3 23.7522
      vertex -1.23607 3 3.80423
    endloop
  endfacet
  facet normal 0 1 0
    outer loop
      vertex 3.23607 3 2.35114
      vertex 21.0344 3 15.2824
      vertex 22.5167 3 13
    endloop
  endfacet
  facet normal 0 1 0
    outer loop
      vertex -10.5752 3 23.7522
      vertex -1.62695 3 3.65418
      vertex -13 3 22.5167
    endloop
  endfacet
  facet normal 0 1 0
    outer loop
      vertex 3.4641 3 2
      vertex 22.5167 3 13
      vertex 23.7522 3 10.5752
    endloop
  endfacet
  facet normal 0 1 -0
    outer loop
      vertex -2 3 3.4641
      vertex -13 3 22.5167
      vertex -1.62695 3 3.65418
    endloop
  endfacet
  facet normal 0 1 0
    outer loop
      vertex 3.65418 3 1.62695
      vertex 23.7522 3 10.5752
      vertex 24.7275 3 8.03444
    endloop
  endfacet
  facet normal 0 1 0
    outer loop
      vertex -13 3 22.5167
      vertex -2 3 3.4641
      vertex -15.2824 3 21.0344
    endloop
  endfacet
  facet normal 0 1 0
    outer loop
      vertex 3.80423 3 1.23607
      vertex 24.7275 3 8.03444
      vertex 25.4318 3 5.4057
    endloop
  endfacet
  facet normal 0 1 -0
    outer loop
      vertex -2.35114 3 3.23607
      vertex -15.2824 3 21.0344
      vertex -2 3 3.4641
    endloop
  endfacet
  facet normal 0 1 0
    outer loop
      vertex -15.2824 3 21.0344
      vertex -2.35114 3 3.23607
      vertex -17.3974 3 19.3218
    endloop
  endfacet
  facet normal 0 1 0
    outer loop
      vertex 2.71774 3 25.8576
      vertex 0.418114 3 3.97809
      vertex 0 3 4
    endloop
  endfacet
  facet normal 0 1 0
    outer loop
      vertex 5.4057 3 25.4318
      vertex 0.831646 3 3.91259
      vertex 0.418114 3 3.97809
    endloop
  endfacet
  facet normal 0 1 0
    outer loop
      vertex 8.03444 3 24.7275
      vertex 1.23607 3 3.80423
      vertex 0.831646 3 3.91259
    endloop
  endfacet
  facet normal 0 1 0
    outer loop
      vertex 10.5752 3 23.7522
      vertex 1.62695 3 3.65418
      vertex 1.23607 3 3.80423
    endloop
  endfacet
  facet normal 0 1 0
    outer loop
      vertex 13 3 22.5167
      vertex 2 3 3.4641
      vertex 1.62695 3 3.65418
    endloop
  endfacet
  facet normal 0 1 0
    outer loop
      vertex 15.2824 3 21.0344
      vertex 2.35114 3 3.23607
      vertex 2 3 3.4641
    endloop
  endfacet
  facet normal 0 1 0
    outer loop
      vertex 17.3974 3 19.3218
      vertex 2.67652 3 2.97258
      vertex 2.35114 3 3.23607
    endloop
  endfacet
  facet normal 0 1 0
    outer loop
      vertex 3.91259 3 0.831646
      vertex 25.4318 3 5.4057
      vertex 25.8576 3 2.71774
    endloop
  endfacet
  facet normal 0 1 0
    outer loop
      vertex 19.3218 3 17.3974
      vertex 2.97258 3 2.67652
      vertex 2.67652 3 2.97258
    endloop
  endfacet
  facet normal 0 1 0
    outer loop
      vertex 21.0344 3 15.2824
      vertex 3.23607 3 2.35114
      vertex 2.97258 3 2.67652
    endloop
  endfacet
  facet normal 0 1 0
    outer loop
      vertex 22.5167 3 13
      vertex 3.4641 3 2
      vertex 3.23607 3 2.35114
    endloop
  endfacet
  facet normal 0 1 0
    outer loop
      vertex 23.7522 3 10.5752
      vertex 3.65418 3 1.62695
      vertex 3.4641 3 2
    endloop
  endfacet
  facet normal 0 1 0
    outer loop
      vertex 24.7275 3 8.03444
      vertex 3.80423 3 1.23607
      vertex 3.65418 3 1.62695
    endloop
  endfacet
  facet normal 0 1 0
    outer loop
      vertex 25.4318 3 5.4057
      vertex 3.91259 3 0.831646
      vertex 3.80423 3 1.23607
    endloop
  endfacet
  facet normal 0 1 0
    outer loop
      vertex 25.8576 3 2.71774
      vertex 3.97809 3 0.418114
      vertex 3.91259 3 0.831646
    endloop
  endfacet
  facet normal 0 1 0
    outer loop
      vertex 26 3 0
      vertex 3.97809 3 0.418114
      vertex 25.8576 3 2.71774
    endloop
  endfacet
  facet normal 0 1 0
    outer loop
      vertex 26 3 0
      vertex 4 3 0
      vertex 3.97809 3 0.418114
    endloop
  endfacet
  facet normal 0 1 0
    outer loop
      vertex 26 3 0
      vertex 3.97809 3 -0.418114
      vertex 4 3 0
    endloop
  endfacet
  facet normal 0 1 -0
    outer loop
      vertex 25.8576 3 -2.71774
      vertex 3.97809 3 -0.418114
      vertex 26 3 0
    endloop
  endfacet
  facet normal 0 1 0
    outer loop
      vertex 3.97809 3 -0.418114
      vertex 25.8576 3 -2.71774
      vertex 3.91259 3 -0.831646
    endloop
  endfacet
  facet normal 0 1 -0
    outer loop
      vertex 25.4318 3 -5.4057
      vertex 3.91259 3 -0.831646
      vertex 25.8576 3 -2.71774
    endloop
  endfacet
  facet normal 0 1 0
    outer loop
      vertex 3.91259 3 -0.831646
      vertex 25.4318 3 -5.4057
      vertex 3.80423 3 -1.23607
    endloop
  endfacet
  facet normal 0 1 -0
    outer loop
      vertex 24.7275 3 -8.03444
      vertex 3.80423 3 -1.23607
      vertex 25.4318 3 -5.4057
    endloop
  endfacet
  facet normal 0 1 0
    outer loop
      vertex 3.80423 3 -1.23607
      vertex 24.7275 3 -8.03444
      vertex 3.65418 3 -1.62695
    endloop
  endfacet
  facet normal 0 1 -0
    outer loop
      vertex 23.7522 3 -10.5752
      vertex 3.65418 3 -1.62695
      vertex 24.7275 3 -8.03444
    endloop
  endfacet
  facet normal 0 1 0
    outer loop
      vertex 3.65418 3 -1.62695
      vertex 23.7522 3 -10.5752
      vertex 3.4641 3 -2
    endloop
  endfacet
  facet normal 0 1 -0
    outer loop
      vertex 22.5167 3 -13
      vertex 3.4641 3 -2
      vertex 23.7522 3 -10.5752
    endloop
  endfacet
  facet normal 0 1 0
    outer loop
      vertex 3.4641 3 -2
      vertex 22.5167 3 -13
      vertex 3.23607 3 -2.35114
    endloop
  endfacet
  facet normal 0 1 -0
    outer loop
      vertex 21.0344 3 -15.2824
      vertex 3.23607 3 -2.35114
      vertex 22.5167 3 -13
    endloop
  endfacet
  facet normal 0 1 0
    outer loop
      vertex 3.23607 3 -2.35114
      vertex 21.0344 3 -15.2824
      vertex 2.97258 3 -2.67652
    endloop
  endfacet
  facet normal 0 1 -0
    outer loop
      vertex 19.3218 3 -17.3974
      vertex 2.97258 3 -2.67652
      vertex 21.0344 3 -15.2824
    endloop
  endfacet
  facet normal 0 1 0
    outer loop
      vertex 2.97258 3 -2.67652
      vertex 19.3218 3 -17.3974
      vertex 2.67652 3 -2.97258
    endloop
  endfacet
  facet normal 0 1 -0
    outer loop
      vertex 17.3974 3 -19.3218
      vertex 2.67652 3 -2.97258
      vertex 19.3218 3 -17.3974
    endloop
  endfacet
  facet normal 0 1 0
    outer loop
      vertex 2.67652 3 -2.97258
      vertex 17.3974 3 -19.3218
      vertex 2.35114 3 -3.23607
    endloop
  endfacet
  facet normal 0 1 -0
    outer loop
      vertex -2.67652 3 2.97258
      vertex -17.3974 3 19.3218
      vertex -2.35114 3 3.23607
    endloop
  endfacet
  facet normal 0 1 0
    outer loop
      vertex -17.3974 3 19.3218
      vertex -2.67652 3 2.97258
      vertex -19.3218 3 17.3974
    endloop
  endfacet
  facet normal 0 1 -0
    outer loop
      vertex -2.97258 3 2.67652
      vertex -19.3218 3 17.3974
      vertex -2.67652 3 2.97258
    endloop
  endfacet
  facet normal 0 1 0
    outer loop
      vertex -19.3218 3 17.3974
      vertex -2.97258 3 2.67652
      vertex -21.0344 3 15.2824
    endloop
  endfacet
  facet normal 0 1 -0
    outer loop
      vertex -3.23607 3 2.35114
      vertex -21.0344 3 15.2824
      vertex -2.97258 3 2.67652
    endloop
  endfacet
  facet normal 0 1 0
    outer loop
      vertex -21.0344 3 15.2824
      vertex -3.23607 3 2.35114
      vertex -22.5167 3 13
    endloop
  endfacet
  facet normal 0 1 -0
    outer loop
      vertex -3.4641 3 2
      vertex -22.5167 3 13
      vertex -3.23607 3 2.35114
    endloop
  endfacet
  facet normal 0 1 0
    outer loop
      vertex -22.5167 3 13
      vertex -3.4641 3 2
      vertex -23.7522 3 10.5752
    endloop
  endfacet
  facet normal 0 1 -0
    outer loop
      vertex -3.65418 3 1.62695
      vertex -23.7522 3 10.5752
      vertex -3.4641 3 2
    endloop
  endfacet
  facet normal 0 1 0
    outer loop
      vertex -23.7522 3 10.5752
      vertex -3.65418 3 1.62695
      vertex -24.7275 3 8.03444
    endloop
  endfacet
  facet normal 0 1 -0
    outer loop
      vertex -3.80423 3 1.23607
      vertex -24.7275 3 8.03444
      vertex -3.65418 3 1.62695
    endloop
  endfacet
  facet normal 0 1 0
    outer loop
      vertex -24.7275 3 8.03444
      vertex -3.80423 3 1.23607
      vertex -25.4318 3 5.4057
    endloop
  endfacet
  facet normal 0 1 -0
    outer loop
      vertex -3.91259 3 0.831646
      vertex -25.4318 3 5.4057
      vertex -3.80423 3 1.23607
    endloop
  endfacet
  facet normal 0 1 0
    outer loop
      vertex -25.4318 3 5.4057
      vertex -3.91259 3 0.831646
      vertex -25.8576 3 2.71774
    endloop
  endfacet
  facet normal 0 1 -0
    outer loop
      vertex -3.97809 3 0.418114
      vertex -25.8576 3 2.71774
      vertex -3.91259 3 0.831646
    endloop
  endfacet
  facet normal 0 1 -0
    outer loop
      vertex -4 3 0
      vertex -25.8576 3 2.71774
      vertex -3.97809 3 0.418114
    endloop
  endfacet
  facet normal 0 1 0
    outer loop
      vertex -4 3 0
      vertex -26 3 0
      vertex -25.8576 3 2.71774
    endloop
  endfacet
  facet normal 0 1 0
    outer loop
      vertex -3.97809 3 -0.418114
      vertex -26 3 0
      vertex -4 3 0
    endloop
  endfacet
  facet normal 0 1 0
    outer loop
      vertex -25.8576 3 -2.71774
      vertex -3.97809 3 -0.418114
      vertex -3.91259 3 -0.831646
    endloop
  endfacet
  facet normal 0 1 0
    outer loop
      vertex -25.4318 3 -5.4057
      vertex -3.91259 3 -0.831646
      vertex -3.80423 3 -1.23607
    endloop
  endfacet
  facet normal 0 1 0
    outer loop
      vertex -24.7275 3 -8.03444
      vertex -3.80423 3 -1.23607
      vertex -3.65418 3 -1.62695
    endloop
  endfacet
  facet normal 0 1 0
    outer loop
      vertex -23.7522 3 -10.5752
      vertex -3.65418 3 -1.62695
      vertex -3.4641 3 -2
    endloop
  endfacet
  facet normal 0 1 0
    outer loop
      vertex -22.5167 3 -13
      vertex -3.4641 3 -2
      vertex -3.23607 3 -2.35114
    endloop
  endfacet
  facet normal 0 1 0
    outer loop
      vertex -21.0344 3 -15.2824
      vertex -3.23607 3 -2.35114
      vertex -2.97258 3 -2.67652
    endloop
  endfacet
  facet normal 0 1 0
    outer loop
      vertex -3.97809 3 -0.418114
      vertex -25.8576 3 -2.71774
      vertex -26 3 0
    endloop
  endfacet
  facet normal 0 1 0
    outer loop
      vertex -19.3218 3 -17.3974
      vertex -2.97258 3 -2.67652
      vertex -2.67652 3 -2.97258
    endloop
  endfacet
  facet normal 0 1 0
    outer loop
      vertex -17.3974 3 -19.3218
      vertex -2.67652 3 -2.97258
      vertex -2.35114 3 -3.23607
    endloop
  endfacet
  facet normal 0 1 0
    outer loop
      vertex -15.2824 3 -21.0344
      vertex -2.35114 3 -3.23607
      vertex -2 3 -3.4641
    endloop
  endfacet
  facet normal 0 1 0
    outer loop
      vertex -13 3 -22.5167
      vertex -2 3 -3.4641
      vertex -1.62695 3 -3.65418
    endloop
  endfacet
  facet normal 0 1 0
    outer loop
      vertex -10.5752 3 -23.7522
      vertex -1.62695 3 -3.65418
      vertex -1.23607 3 -3.80423
    endloop
  endfacet
  facet normal 0 1 0
    outer loop
      vertex -8.03444 3 -24.7275
      vertex -1.23607 3 -3.80423
      vertex -0.831646 3 -3.91259
    endloop
  endfacet
  facet normal 0 1 0
    outer loop
      vertex -5.4057 3 -25.4318
      vertex -0.831646 3 -3.91259
      vertex -0.418114 3 -3.97809
    endloop
  endfacet
  facet normal 0 1 0
    outer loop
      vertex -2.71774 3 -25.8576
      vertex -0.418114 3 -3.97809
      vertex 0 3 -4
    endloop
  endfacet
  facet normal 0 1 -0
    outer loop
      vertex 15.2824 3 -21.0344
      vertex 2.35114 3 -3.23607
      vertex 17.3974 3 -19.3218
    endloop
  endfacet
  facet normal 0 1 0
    outer loop
      vertex -3.91259 3 -0.831646
      vertex -25.4318 3 -5.4057
      vertex -25.8576 3 -2.71774
    endloop
  endfacet
  facet normal 0 1 0
    outer loop
      vertex 2.35114 3 -3.23607
      vertex 15.2824 3 -21.0344
      vertex 2 3 -3.4641
    endloop
  endfacet
  facet normal 0 1 0
    outer loop
      vertex -3.80423 3 -1.23607
      vertex -24.7275 3 -8.03444
      vertex -25.4318 3 -5.4057
    endloop
  endfacet
  facet normal 0 1 -0
    outer loop
      vertex 13 3 -22.5167
      vertex 2 3 -3.4641
      vertex 15.2824 3 -21.0344
    endloop
  endfacet
  facet normal 0 1 0
    outer loop
      vertex -3.65418 3 -1.62695
      vertex -23.7522 3 -10.5752
      vertex -24.7275 3 -8.03444
    endloop
  endfacet
  facet normal 0 1 0
    outer loop
      vertex 2 3 -3.4641
      vertex 13 3 -22.5167
      vertex 1.62695 3 -3.65418
    endloop
  endfacet
  facet normal 0 1 0
    outer loop
      vertex -3.4641 3 -2
      vertex -22.5167 3 -13
      vertex -23.7522 3 -10.5752
    endloop
  endfacet
  facet normal 0 1 -0
    outer loop
      vertex 10.5752 3 -23.7522
      vertex 1.62695 3 -3.65418
      vertex 13 3 -22.5167
    endloop
  endfacet
  facet normal 0 1 0
    outer loop
      vertex -3.23607 3 -2.35114
      vertex -21.0344 3 -15.2824
      vertex -22.5167 3 -13
    endloop
  endfacet
  facet normal 0 1 0
    outer loop
      vertex 1.62695 3 -3.65418
      vertex 10.5752 3 -23.7522
      vertex 1.23607 3 -3.80423
    endloop
  endfacet
  facet normal 0 1 0
    outer loop
      vertex -2.97258 3 -2.67652
      vertex -19.3218 3 -17.3974
      vertex -21.0344 3 -15.2824
    endloop
  endfacet
  facet normal 0 1 -0
    outer loop
      vertex 8.03444 3 -24.7275
      vertex 1.23607 3 -3.80423
      vertex 10.5752 3 -23.7522
    endloop
  endfacet
  facet normal 0 1 0
    outer loop
      vertex -2.67652 3 -2.97258
      vertex -17.3974 3 -19.3218
      vertex -19.3218 3 -17.3974
    endloop
  endfacet
  facet normal 0 1 0
    outer loop
      vertex 1.23607 3 -3.80423
      vertex 8.03444 3 -24.7275
      vertex 0.831646 3 -3.91259
    endloop
  endfacet
  facet normal 0 1 0
    outer loop
      vertex -2.35114 3 -3.23607
      vertex -15.2824 3 -21.0344
      vertex -17.3974 3 -19.3218
    endloop
  endfacet
  facet normal 0 1 -0
    outer loop
      vertex 5.4057 3 -25.4318
      vertex 0.831646 3 -3.91259
      vertex 8.03444 3 -24.7275
    endloop
  endfacet
  facet normal 0 1 0
    outer loop
      vertex -2 3 -3.4641
      vertex -13 3 -22.5167
      vertex -15.2824 3 -21.0344
    endloop
  endfacet
  facet normal 0 1 0
    outer loop
      vertex 0.831646 3 -3.91259
      vertex 5.4057 3 -25.4318
      vertex 0.418114 3 -3.97809
    endloop
  endfacet
  facet normal 0 1 0
    outer loop
      vertex -1.62695 3 -3.65418
      vertex -10.5752 3 -23.7522
      vertex -13 3 -22.5167
    endloop
  endfacet
  facet normal 0 1 -0
    outer loop
      vertex 2.71774 3 -25.8576
      vertex 0.418114 3 -3.97809
      vertex 5.4057 3 -25.4318
    endloop
  endfacet
  facet normal 0 1 0
    outer loop
      vertex -1.23607 3 -3.80423
      vertex -8.03444 3 -24.7275
      vertex -10.5752 3 -23.7522
    endloop
  endfacet
  facet normal 0 1 0
    outer loop
      vertex 0.418114 3 -3.97809
      vertex 2.71774 3 -25.8576
      vertex 0 3 -4
    endloop
  endfacet
  facet normal 0 1 0
    outer loop
      vertex -0.831646 3 -3.91259
      vertex -5.4057 3 -25.4318
      vertex -8.03444 3 -24.7275
    endloop
  endfacet
  facet normal 0 1 0
    outer loop
      vertex 0 3 -26
      vertex 0 3 -4
      vertex 2.71774 3 -25.8576
    endloop
  endfacet
  facet normal 0 1 0
    outer loop
      vertex -0.418114 3 -3.97809
      vertex -2.71774 3 -25.8576
      vertex -5.4057 3 -25.4318
    endloop
  endfacet
  facet normal 0 1 0
    outer loop
      vertex 0 3 -4
      vertex 0 3 -26
      vertex -2.71774 3 -25.8576
    endloop
  endfacet
  facet normal 0.6293 0 -0.777163
    outer loop
      vertex 15.2824 -3 -21.0344
      vertex 17.3974 3 -19.3218
      vertex 17.3974 -3 -19.3218
    endloop
  endfacet
  facet normal 0.6293 0 -0.777163
    outer loop
      vertex 17.3974 3 -19.3218
      vertex 15.2824 -3 -21.0344
      vertex 15.2824 3 -21.0344
    endloop
  endfacet
  facet normal 0.544663 0 -0.838655
    outer loop
      vertex 13 -3 -22.5167
      vertex 15.2824 3 -21.0344
      vertex 15.2824 -3 -21.0344
    endloop
  endfacet
  facet normal 0.544663 0 -0.838655
    outer loop
      vertex 15.2824 3 -21.0344
      vertex 13 -3 -22.5167
      vertex 13 3 -22.5167
    endloop
  endfacet
  facet normal -0.358366 0 0.933581
    outer loop
      vertex -10.5752 3 23.7522
      vertex -8.03444 -3 24.7275
      vertex -8.03444 3 24.7275
    endloop
  endfacet
  facet normal -0.358366 0 0.933581
    outer loop
      vertex -8.03444 -3 24.7275
      vertex -10.5752 3 23.7522
      vertex -10.5752 -3 23.7522
    endloop
  endfacet
  facet normal -0.987684 0 -0.156459
    outer loop
      vertex -25.4318 -3 -5.4057
      vertex -25.8576 3 -2.71774
      vertex -25.4318 3 -5.4057
    endloop
  endfacet
  facet normal -0.987684 -0 -0.156459
    outer loop
      vertex -25.8576 3 -2.71774
      vertex -25.4318 -3 -5.4057
      vertex -25.8576 -3 -2.71774
    endloop
  endfacet
  facet normal -0.156459 0 0.987684
    outer loop
      vertex -5.4057 3 25.4318
      vertex -2.71774 -3 25.8576
      vertex -2.71774 3 25.8576
    endloop
  endfacet
  facet normal -0.156459 0 0.987684
    outer loop
      vertex -2.71774 -3 25.8576
      vertex -5.4057 3 25.4318
      vertex -5.4057 -3 25.4318
    endloop
  endfacet
  facet normal 0.838655 -0 0.544663
    outer loop
      vertex 21.0344 -3 15.2824
      vertex 22.5167 3 13
      vertex 21.0344 3 15.2824
    endloop
  endfacet
  facet normal 0.838655 0 0.544663
    outer loop
      vertex 22.5167 3 13
      vertex 21.0344 -3 15.2824
      vertex 22.5167 -3 13
    endloop
  endfacet
  facet normal 0.258795 0 0.965932
    outer loop
      vertex 5.4057 3 25.4318
      vertex 8.03444 -3 24.7275
      vertex 8.03444 3 24.7275
    endloop
  endfacet
  facet normal 0.258795 0 0.965932
    outer loop
      vertex 8.03444 -3 24.7275
      vertex 5.4057 3 25.4318
      vertex 5.4057 -3 25.4318
    endloop
  endfacet
  facet normal 0.544663 0 0.838655
    outer loop
      vertex 13 3 22.5167
      vertex 15.2824 -3 21.0344
      vertex 15.2824 3 21.0344
    endloop
  endfacet
  facet normal 0.544663 0 0.838655
    outer loop
      vertex 15.2824 -3 21.0344
      vertex 13 3 22.5167
      vertex 13 -3 22.5167
    endloop
  endfacet
  facet normal 0.358366 0 0.933581
    outer loop
      vertex 8.03444 3 24.7275
      vertex 10.5752 -3 23.7522
      vertex 10.5752 3 23.7522
    endloop
  endfacet
  facet normal 0.358366 0 0.933581
    outer loop
      vertex 10.5752 -3 23.7522
      vertex 8.03444 3 24.7275
      vertex 8.03444 -3 24.7275
    endloop
  endfacet
  facet normal 0.965932 0 -0.258795
    outer loop
      vertex 25.4318 -3 -5.4057
      vertex 24.7275 3 -8.03444
      vertex 25.4318 3 -5.4057
    endloop
  endfacet
  facet normal 0.965932 0 -0.258795
    outer loop
      vertex 24.7275 3 -8.03444
      vertex 25.4318 -3 -5.4057
      vertex 24.7275 -3 -8.03444
    endloop
  endfacet
  facet normal 0.453991 0 -0.891006
    outer loop
      vertex 10.5752 -3 -23.7522
      vertex 13 3 -22.5167
      vertex 13 -3 -22.5167
    endloop
  endfacet
  facet normal 0.453991 0 -0.891006
    outer loop
      vertex 13 3 -22.5167
      vertex 10.5752 -3 -23.7522
      vertex 10.5752 3 -23.7522
    endloop
  endfacet
  facet normal 0.0523247 0 -0.99863
    outer loop
      vertex 0 -3 -26
      vertex 2.71774 3 -25.8576
      vertex 2.71774 -3 -25.8576
    endloop
  endfacet
  facet normal 0.0523247 0 -0.99863
    outer loop
      vertex 2.71774 3 -25.8576
      vertex 0 -3 -26
      vertex 0 3 -26
    endloop
  endfacet
  facet normal 0.258795 0 -0.965932
    outer loop
      vertex 5.4057 -3 -25.4318
      vertex 8.03444 3 -24.7275
      vertex 8.03444 -3 -24.7275
    endloop
  endfacet
  facet normal 0.258795 0 -0.965932
    outer loop
      vertex 8.03444 3 -24.7275
      vertex 5.4057 -3 -25.4318
      vertex 5.4057 3 -25.4318
    endloop
  endfacet
  facet normal 0.987684 0 -0.156459
    outer loop
      vertex 25.8576 -3 -2.71774
      vertex 25.4318 3 -5.4057
      vertex 25.8576 3 -2.71774
    endloop
  endfacet
  facet normal 0.987684 0 -0.156459
    outer loop
      vertex 25.4318 3 -5.4057
      vertex 25.8576 -3 -2.71774
      vertex 25.4318 -3 -5.4057
    endloop
  endfacet
  facet normal -0.933581 0 -0.358366
    outer loop
      vertex -23.7522 -3 -10.5752
      vertex -24.7275 3 -8.03444
      vertex -23.7522 3 -10.5752
    endloop
  endfacet
  facet normal -0.933581 -0 -0.358366
    outer loop
      vertex -24.7275 3 -8.03444
      vertex -23.7522 -3 -10.5752
      vertex -24.7275 -3 -8.03444
    endloop
  endfacet
  facet normal -0.987684 0 0.156459
    outer loop
      vertex -25.8576 -3 2.71774
      vertex -25.4318 3 5.4057
      vertex -25.8576 3 2.71774
    endloop
  endfacet
  facet normal -0.987684 0 0.156459
    outer loop
      vertex -25.4318 3 5.4057
      vertex -25.8576 -3 2.71774
      vertex -25.4318 -3 5.4057
    endloop
  endfacet
  facet normal 0.891006 0 -0.453991
    outer loop
      vertex 23.7522 -3 -10.5752
      vertex 22.5167 3 -13
      vertex 23.7522 3 -10.5752
    endloop
  endfacet
  facet normal 0.891006 0 -0.453991
    outer loop
      vertex 22.5167 3 -13
      vertex 23.7522 -3 -10.5752
      vertex 22.5167 -3 -13
    endloop
  endfacet
  facet normal -0.965932 0 -0.258795
    outer loop
      vertex -24.7275 -3 -8.03444
      vertex -25.4318 3 -5.4057
      vertex -24.7275 3 -8.03444
    endloop
  endfacet
  facet normal -0.965932 -0 -0.258795
    outer loop
      vertex -25.4318 3 -5.4057
      vertex -24.7275 -3 -8.03444
      vertex -25.4318 -3 -5.4057
    endloop
  endfacet
  facet normal -0.453991 0 -0.891006
    outer loop
      vertex -13 -3 -22.5167
      vertex -10.5752 3 -23.7522
      vertex -10.5752 -3 -23.7522
    endloop
  endfacet
  facet normal -0.453991 0 -0.891006
    outer loop
      vertex -10.5752 3 -23.7522
      vertex -13 -3 -22.5167
      vertex -13 3 -22.5167
    endloop
  endfacet
  facet normal -0.891006 0 -0.453991
    outer loop
      vertex -22.5167 -3 -13
      vertex -23.7522 3 -10.5752
      vertex -22.5167 3 -13
    endloop
  endfacet
  facet normal -0.891006 -0 -0.453991
    outer loop
      vertex -23.7522 3 -10.5752
      vertex -22.5167 -3 -13
      vertex -23.7522 -3 -10.5752
    endloop
  endfacet
  facet normal 0.998619 0 -0.0525389
    outer loop
      vertex 26 -2 0
      vertex 26 -3 0
      vertex 25.9921 -2 -0.150157
    endloop
  endfacet
  facet normal 0.998619 0 -0.0525389
    outer loop
      vertex 25.9921 2 -0.150157
      vertex 26 3 0
      vertex 26 2 0
    endloop
  endfacet
  facet normal 0.99863 -3.2258e-05 -0.0523247
    outer loop
      vertex 26 3 0
      vertex 25.9921 2 -0.150157
      vertex 25.8576 3 -2.71774
    endloop
  endfacet
  facet normal 0.998631 0 -0.0523122
    outer loop
      vertex 25.9921 -2 -0.150157
      vertex 25.8576 3 -2.71774
      vertex 25.9921 2 -0.150157
    endloop
  endfacet
  facet normal 0.99863 3.2258e-05 -0.0523247
    outer loop
      vertex 25.8576 -3 -2.71774
      vertex 25.9921 -2 -0.150157
      vertex 26 -3 0
    endloop
  endfacet
  facet normal 0.998631 0 -0.0523122
    outer loop
      vertex 25.9921 -2 -0.150157
      vertex 25.8576 -3 -2.71774
      vertex 25.8576 3 -2.71774
    endloop
  endfacet
  facet normal 0.777163 -0 0.6293
    outer loop
      vertex 19.3218 -3 17.3974
      vertex 21.0344 3 15.2824
      vertex 19.3218 3 17.3974
    endloop
  endfacet
  facet normal 0.777163 0 0.6293
    outer loop
      vertex 21.0344 3 15.2824
      vertex 19.3218 -3 17.3974
      vertex 21.0344 -3 15.2824
    endloop
  endfacet
  facet normal -0.258795 0 -0.965932
    outer loop
      vertex -8.03444 -3 -24.7275
      vertex -5.4057 3 -25.4318
      vertex -5.4057 -3 -25.4318
    endloop
  endfacet
  facet normal -0.258795 0 -0.965932
    outer loop
      vertex -5.4057 3 -25.4318
      vertex -8.03444 -3 -24.7275
      vertex -8.03444 3 -24.7275
    endloop
  endfacet
  facet normal 0.156459 0 -0.987684
    outer loop
      vertex 2.71774 -3 -25.8576
      vertex 5.4057 3 -25.4318
      vertex 5.4057 -3 -25.4318
    endloop
  endfacet
  facet normal 0.156459 0 -0.987684
    outer loop
      vertex 5.4057 3 -25.4318
      vertex 2.71774 -3 -25.8576
      vertex 2.71774 3 -25.8576
    endloop
  endfacet
  facet normal 0.933581 -0 0.358366
    outer loop
      vertex 23.7522 -3 10.5752
      vertex 24.7275 3 8.03444
      vertex 23.7522 3 10.5752
    endloop
  endfacet
  facet normal 0.933581 0 0.358366
    outer loop
      vertex 24.7275 3 8.03444
      vertex 23.7522 -3 10.5752
      vertex 24.7275 -3 8.03444
    endloop
  endfacet
  facet normal 0.777163 0 -0.6293
    outer loop
      vertex 21.0344 -3 -15.2824
      vertex 19.3218 3 -17.3974
      vertex 21.0344 3 -15.2824
    endloop
  endfacet
  facet normal 0.777163 0 -0.6293
    outer loop
      vertex 19.3218 3 -17.3974
      vertex 21.0344 -3 -15.2824
      vertex 19.3218 -3 -17.3974
    endloop
  endfacet
  facet normal 0.838655 0 -0.544663
    outer loop
      vertex 22.5167 -3 -13
      vertex 21.0344 3 -15.2824
      vertex 22.5167 3 -13
    endloop
  endfacet
  facet normal 0.838655 0 -0.544663
    outer loop
      vertex 21.0344 3 -15.2824
      vertex 22.5167 -3 -13
      vertex 21.0344 -3 -15.2824
    endloop
  endfacet
  facet normal 0.933581 0 -0.358366
    outer loop
      vertex 24.7275 -3 -8.03444
      vertex 23.7522 3 -10.5752
      vertex 24.7275 3 -8.03444
    endloop
  endfacet
  facet normal 0.933581 0 -0.358366
    outer loop
      vertex 23.7522 3 -10.5752
      vertex 24.7275 -3 -8.03444
      vertex 23.7522 -3 -10.5752
    endloop
  endfacet
  facet normal -0.258795 0 0.965932
    outer loop
      vertex -8.03444 3 24.7275
      vertex -5.4057 -3 25.4318
      vertex -5.4057 3 25.4318
    endloop
  endfacet
  facet normal -0.258795 0 0.965932
    outer loop
      vertex -5.4057 -3 25.4318
      vertex -8.03444 3 24.7275
      vertex -8.03444 -3 24.7275
    endloop
  endfacet
  facet normal -0.838655 0 0.544663
    outer loop
      vertex -22.5167 -3 13
      vertex -21.0344 3 15.2824
      vertex -22.5167 3 13
    endloop
  endfacet
  facet normal -0.838655 0 0.544663
    outer loop
      vertex -21.0344 3 15.2824
      vertex -22.5167 -3 13
      vertex -21.0344 -3 15.2824
    endloop
  endfacet
  facet normal 0.156459 0 0.987684
    outer loop
      vertex 2.71774 3 25.8576
      vertex 5.4057 -3 25.4318
      vertex 5.4057 3 25.4318
    endloop
  endfacet
  facet normal 0.156459 0 0.987684
    outer loop
      vertex 5.4057 -3 25.4318
      vertex 2.71774 3 25.8576
      vertex 2.71774 -3 25.8576
    endloop
  endfacet
  facet normal 0.707107 0 -0.707107
    outer loop
      vertex 19.3218 -3 -17.3974
      vertex 17.3974 3 -19.3218
      vertex 19.3218 3 -17.3974
    endloop
  endfacet
  facet normal 0.707107 0 -0.707107
    outer loop
      vertex 17.3974 3 -19.3218
      vertex 19.3218 -3 -17.3974
      vertex 17.3974 -3 -19.3218
    endloop
  endfacet
  facet normal 0.891006 -0 0.453991
    outer loop
      vertex 22.5167 -3 13
      vertex 23.7522 3 10.5752
      vertex 22.5167 3 13
    endloop
  endfacet
  facet normal 0.891006 0 0.453991
    outer loop
      vertex 23.7522 3 10.5752
      vertex 22.5167 -3 13
      vertex 23.7522 -3 10.5752
    endloop
  endfacet
  facet normal -0.707107 0 0.707107
    outer loop
      vertex -19.3218 -3 17.3974
      vertex -17.3974 3 19.3218
      vertex -19.3218 3 17.3974
    endloop
  endfacet
  facet normal -0.707107 0 0.707107
    outer loop
      vertex -17.3974 3 19.3218
      vertex -19.3218 -3 17.3974
      vertex -17.3974 -3 19.3218
    endloop
  endfacet
  facet normal -0.0523247 0 -0.99863
    outer loop
      vertex -2.71774 -3 -25.8576
      vertex 0 3 -26
      vertex 0 -3 -26
    endloop
  endfacet
  facet normal -0.0523247 0 -0.99863
    outer loop
      vertex 0 3 -26
      vertex -2.71774 -3 -25.8576
      vertex -2.71774 3 -25.8576
    endloop
  endfacet
  facet normal -0.0523247 0 0.99863
    outer loop
      vertex -2.71774 3 25.8576
      vertex 0 -3 26
      vertex 0 3 26
    endloop
  endfacet
  facet normal -0.0523247 0 0.99863
    outer loop
      vertex 0 -3 26
      vertex -2.71774 3 25.8576
      vertex -2.71774 -3 25.8576
    endloop
  endfacet
  facet normal -0.99863 0 -0.0523247
    outer loop
      vertex -25.8576 -3 -2.71774
      vertex -26 3 0
      vertex -25.8576 3 -2.71774
    endloop
  endfacet
  facet normal -0.99863 -0 -0.0523247
    outer loop
      vertex -26 3 0
      vertex -25.8576 -3 -2.71774
      vertex -26 -3 0
    endloop
  endfacet
  facet normal -0.965932 0 0.258795
    outer loop
      vertex -25.4318 -3 5.4057
      vertex -24.7275 3 8.03444
      vertex -25.4318 3 5.4057
    endloop
  endfacet
  facet normal -0.965932 0 0.258795
    outer loop
      vertex -24.7275 3 8.03444
      vertex -25.4318 -3 5.4057
      vertex -24.7275 -3 8.03444
    endloop
  endfacet
  facet normal -0.777163 0 -0.6293
    outer loop
      vertex -19.3218 -3 -17.3974
      vertex -21.0344 3 -15.2824
      vertex -19.3218 3 -17.3974
    endloop
  endfacet
  facet normal -0.777163 -0 -0.6293
    outer loop
      vertex -21.0344 3 -15.2824
      vertex -19.3218 -3 -17.3974
      vertex -21.0344 -3 -15.2824
    endloop
  endfacet
  facet normal -0.933581 0 0.358366
    outer loop
      vertex -24.7275 -3 8.03444
      vertex -23.7522 3 10.5752
      vertex -24.7275 3 8.03444
    endloop
  endfacet
  facet normal -0.933581 0 0.358366
    outer loop
      vertex -23.7522 3 10.5752
      vertex -24.7275 -3 8.03444
      vertex -23.7522 -3 10.5752
    endloop
  endfacet
  facet normal 0.0523247 0 0.99863
    outer loop
      vertex 0 3 26
      vertex 2.71774 -3 25.8576
      vertex 2.71774 3 25.8576
    endloop
  endfacet
  facet normal 0.0523247 0 0.99863
    outer loop
      vertex 2.71774 -3 25.8576
      vertex 0 3 26
      vertex 0 -3 26
    endloop
  endfacet
  facet normal -0.6293 0 -0.777163
    outer loop
      vertex -17.3974 -3 -19.3218
      vertex -15.2824 3 -21.0344
      vertex -15.2824 -3 -21.0344
    endloop
  endfacet
  facet normal -0.6293 0 -0.777163
    outer loop
      vertex -15.2824 3 -21.0344
      vertex -17.3974 -3 -19.3218
      vertex -17.3974 3 -19.3218
    endloop
  endfacet
  facet normal -0.544663 0 -0.838655
    outer loop
      vertex -15.2824 -3 -21.0344
      vertex -13 3 -22.5167
      vertex -13 -3 -22.5167
    endloop
  endfacet
  facet normal -0.544663 0 -0.838655
    outer loop
      vertex -13 3 -22.5167
      vertex -15.2824 -3 -21.0344
      vertex -15.2824 3 -21.0344
    endloop
  endfacet
  facet normal -0.358366 0 -0.933581
    outer loop
      vertex -10.5752 -3 -23.7522
      vertex -8.03444 3 -24.7275
      vertex -8.03444 -3 -24.7275
    endloop
  endfacet
  facet normal -0.358366 0 -0.933581
    outer loop
      vertex -8.03444 3 -24.7275
      vertex -10.5752 -3 -23.7522
      vertex -10.5752 3 -23.7522
    endloop
  endfacet
  facet normal -0.99863 0 0.0523247
    outer loop
      vertex -26 -3 0
      vertex -25.8576 3 2.71774
      vertex -26 3 0
    endloop
  endfacet
  facet normal -0.99863 0 0.0523247
    outer loop
      vertex -25.8576 3 2.71774
      vertex -26 -3 0
      vertex -25.8576 -3 2.71774
    endloop
  endfacet
  facet normal 0 -1 0
    outer loop
      vertex 0 -3 4
      vertex 0 -3 26
      vertex -2.71774 -3 25.8576
    endloop
  endfacet
  facet normal 0 -1 0
    outer loop
      vertex -0.418114 -3 3.97809
      vertex -2.71774 -3 25.8576
      vertex -5.4057 -3 25.4318
    endloop
  endfacet
  facet normal 0 -1 0
    outer loop
      vertex 0 -3 26
      vertex 0 -3 4
      vertex 2.71774 -3 25.8576
    endloop
  endfacet
  facet normal 0 -1 0
    outer loop
      vertex -0.831646 -3 3.91259
      vertex -5.4057 -3 25.4318
      vertex -8.03444 -3 24.7275
    endloop
  endfacet
  facet normal 0 -1 0
    outer loop
      vertex 0.418114 -3 3.97809
      vertex 2.71774 -3 25.8576
      vertex 0 -3 4
    endloop
  endfacet
  facet normal 0 -1 0
    outer loop
      vertex -1.23607 -3 3.80423
      vertex -8.03444 -3 24.7275
      vertex -10.5752 -3 23.7522
    endloop
  endfacet
  facet normal 0 -1 -0
    outer loop
      vertex 2.71774 -3 25.8576
      vertex 0.418114 -3 3.97809
      vertex 5.4057 -3 25.4318
    endloop
  endfacet
  facet normal 0 -1 0
    outer loop
      vertex -1.62695 -3 3.65418
      vertex -10.5752 -3 23.7522
      vertex -13 -3 22.5167
    endloop
  endfacet
  facet normal 0 -1 0
    outer loop
      vertex 0.831646 -3 3.91259
      vertex 5.4057 -3 25.4318
      vertex 0.418114 -3 3.97809
    endloop
  endfacet
  facet normal 0 -1 0
    outer loop
      vertex -2 -3 3.4641
      vertex -13 -3 22.5167
      vertex -15.2824 -3 21.0344
    endloop
  endfacet
  facet normal 0 -1 -0
    outer loop
      vertex 5.4057 -3 25.4318
      vertex 0.831646 -3 3.91259
      vertex 8.03444 -3 24.7275
    endloop
  endfacet
  facet normal 0 -1 0
    outer loop
      vertex -2.35114 -3 3.23607
      vertex -15.2824 -3 21.0344
      vertex -17.3974 -3 19.3218
    endloop
  endfacet
  facet normal 0 -1 0
    outer loop
      vertex 1.23607 -3 3.80423
      vertex 8.03444 -3 24.7275
      vertex 0.831646 -3 3.91259
    endloop
  endfacet
  facet normal 0 -1 0
    outer loop
      vertex -2.67652 -3 2.97258
      vertex -17.3974 -3 19.3218
      vertex -19.3218 -3 17.3974
    endloop
  endfacet
  facet normal 0 -1 -0
    outer loop
      vertex 8.03444 -3 24.7275
      vertex 1.23607 -3 3.80423
      vertex 10.5752 -3 23.7522
    endloop
  endfacet
  facet normal 0 -1 0
    outer loop
      vertex -2.97258 -3 2.67652
      vertex -19.3218 -3 17.3974
      vertex -21.0344 -3 15.2824
    endloop
  endfacet
  facet normal 0 -1 0
    outer loop
      vertex 1.62695 -3 3.65418
      vertex 10.5752 -3 23.7522
      vertex 1.23607 -3 3.80423
    endloop
  endfacet
  facet normal 0 -1 0
    outer loop
      vertex -3.23607 -3 2.35114
      vertex -21.0344 -3 15.2824
      vertex -22.5167 -3 13
    endloop
  endfacet
  facet normal 0 -1 -0
    outer loop
      vertex 10.5752 -3 23.7522
      vertex 1.62695 -3 3.65418
      vertex 13 -3 22.5167
    endloop
  endfacet
  facet normal 0 -1 0
    outer loop
      vertex -3.4641 -3 2
      vertex -22.5167 -3 13
      vertex -23.7522 -3 10.5752
    endloop
  endfacet
  facet normal 0 -1 0
    outer loop
      vertex 2 -3 3.4641
      vertex 13 -3 22.5167
      vertex 1.62695 -3 3.65418
    endloop
  endfacet
  facet normal 0 -1 0
    outer loop
      vertex -3.65418 -3 1.62695
      vertex -23.7522 -3 10.5752
      vertex -24.7275 -3 8.03444
    endloop
  endfacet
  facet normal 0 -1 -0
    outer loop
      vertex 13 -3 22.5167
      vertex 2 -3 3.4641
      vertex 15.2824 -3 21.0344
    endloop
  endfacet
  facet normal 0 -1 0
    outer loop
      vertex -3.80423 -3 1.23607
      vertex -24.7275 -3 8.03444
      vertex -25.4318 -3 5.4057
    endloop
  endfacet
  facet normal 0 -1 0
    outer loop
      vertex 2.35114 -3 3.23607
      vertex 15.2824 -3 21.0344
      vertex 2 -3 3.4641
    endloop
  endfacet
  facet normal 0 -1 -0
    outer loop
      vertex 15.2824 -3 21.0344
      vertex 2.35114 -3 3.23607
      vertex 17.3974 -3 19.3218
    endloop
  endfacet
  facet normal 0 -1 0
    outer loop
      vertex -2.71774 -3 25.8576
      vertex -0.418114 -3 3.97809
      vertex 0 -3 4
    endloop
  endfacet
  facet normal 0 -1 0
    outer loop
      vertex -5.4057 -3 25.4318
      vertex -0.831646 -3 3.91259
      vertex -0.418114 -3 3.97809
    endloop
  endfacet
  facet normal 0 -1 0
    outer loop
      vertex -8.03444 -3 24.7275
      vertex -1.23607 -3 3.80423
      vertex -0.831646 -3 3.91259
    endloop
  endfacet
  facet normal 0 -1 0
    outer loop
      vertex -10.5752 -3 23.7522
      vertex -1.62695 -3 3.65418
      vertex -1.23607 -3 3.80423
    endloop
  endfacet
  facet normal 0 -1 0
    outer loop
      vertex -13 -3 22.5167
      vertex -2 -3 3.4641
      vertex -1.62695 -3 3.65418
    endloop
  endfacet
  facet normal 0 -1 0
    outer loop
      vertex -15.2824 -3 21.0344
      vertex -2.35114 -3 3.23607
      vertex -2 -3 3.4641
    endloop
  endfacet
  facet normal 0 -1 0
    outer loop
      vertex -17.3974 -3 19.3218
      vertex -2.67652 -3 2.97258
      vertex -2.35114 -3 3.23607
    endloop
  endfacet
  facet normal 0 -1 0
    outer loop
      vertex -3.91259 -3 0.831646
      vertex -25.4318 -3 5.4057
      vertex -25.8576 -3 2.71774
    endloop
  endfacet
  facet normal 0 -1 0
    outer loop
      vertex -19.3218 -3 17.3974
      vertex -2.97258 -3 2.67652
      vertex -2.67652 -3 2.97258
    endloop
  endfacet
  facet normal 0 -1 0
    outer loop
      vertex -21.0344 -3 15.2824
      vertex -3.23607 -3 2.35114
      vertex -2.97258 -3 2.67652
    endloop
  endfacet
  facet normal 0 -1 0
    outer loop
      vertex -22.5167 -3 13
      vertex -3.4641 -3 2
      vertex -3.23607 -3 2.35114
    endloop
  endfacet
  facet normal 0 -1 0
    outer loop
      vertex -23.7522 -3 10.5752
      vertex -3.65418 -3 1.62695
      vertex -3.4641 -3 2
    endloop
  endfacet
  facet normal 0 -1 0
    outer loop
      vertex -24.7275 -3 8.03444
      vertex -3.80423 -3 1.23607
      vertex -3.65418 -3 1.62695
    endloop
  endfacet
  facet normal 0 -1 0
    outer loop
      vertex -25.4318 -3 5.4057
      vertex -3.91259 -3 0.831646
      vertex -3.80423 -3 1.23607
    endloop
  endfacet
  facet normal 0 -1 0
    outer loop
      vertex -25.8576 -3 2.71774
      vertex -3.97809 -3 0.418114
      vertex -3.91259 -3 0.831646
    endloop
  endfacet
  facet normal 0 -1 0
    outer loop
      vertex -26 -3 0
      vertex -3.97809 -3 0.418114
      vertex -25.8576 -3 2.71774
    endloop
  endfacet
  facet normal 0 -1 0
    outer loop
      vertex -26 -3 0
      vertex -4 -3 0
      vertex -3.97809 -3 0.418114
    endloop
  endfacet
  facet normal 0 -1 0
    outer loop
      vertex -26 -3 0
      vertex -3.97809 -3 -0.418114
      vertex -4 -3 0
    endloop
  endfacet
  facet normal 0 -1 0
    outer loop
      vertex -25.8576 -3 -2.71774
      vertex -3.97809 -3 -0.418114
      vertex -26 -3 0
    endloop
  endfacet
  facet normal 0 -1 -0
    outer loop
      vertex -3.97809 -3 -0.418114
      vertex -25.8576 -3 -2.71774
      vertex -3.91259 -3 -0.831646
    endloop
  endfacet
  facet normal 0 -1 0
    outer loop
      vertex -25.4318 -3 -5.4057
      vertex -3.91259 -3 -0.831646
      vertex -25.8576 -3 -2.71774
    endloop
  endfacet
  facet normal 0 -1 -0
    outer loop
      vertex -3.91259 -3 -0.831646
      vertex -25.4318 -3 -5.4057
      vertex -3.80423 -3 -1.23607
    endloop
  endfacet
  facet normal 0 -1 0
    outer loop
      vertex -24.7275 -3 -8.03444
      vertex -3.80423 -3 -1.23607
      vertex -25.4318 -3 -5.4057
    endloop
  endfacet
  facet normal 0 -1 -0
    outer loop
      vertex -3.80423 -3 -1.23607
      vertex -24.7275 -3 -8.03444
      vertex -3.65418 -3 -1.62695
    endloop
  endfacet
  facet normal 0 -1 0
    outer loop
      vertex -23.7522 -3 -10.5752
      vertex -3.65418 -3 -1.62695
      vertex -24.7275 -3 -8.03444
    endloop
  endfacet
  facet normal 0 -1 -0
    outer loop
      vertex -3.65418 -3 -1.62695
      vertex -23.7522 -3 -10.5752
      vertex -3.4641 -3 -2
    endloop
  endfacet
  facet normal 0 -1 0
    outer loop
      vertex -22.5167 -3 -13
      vertex -3.4641 -3 -2
      vertex -23.7522 -3 -10.5752
    endloop
  endfacet
  facet normal 0 -1 -0
    outer loop
      vertex -3.4641 -3 -2
      vertex -22.5167 -3 -13
      vertex -3.23607 -3 -2.35114
    endloop
  endfacet
  facet normal 0 -1 0
    outer loop
      vertex -21.0344 -3 -15.2824
      vertex -3.23607 -3 -2.35114
      vertex -22.5167 -3 -13
    endloop
  endfacet
  facet normal 0 -1 -0
    outer loop
      vertex -3.23607 -3 -2.35114
      vertex -21.0344 -3 -15.2824
      vertex -2.97258 -3 -2.67652
    endloop
  endfacet
  facet normal 0 -1 0
    outer loop
      vertex -19.3218 -3 -17.3974
      vertex -2.97258 -3 -2.67652
      vertex -21.0344 -3 -15.2824
    endloop
  endfacet
  facet normal 0 -1 -0
    outer loop
      vertex -2.97258 -3 -2.67652
      vertex -19.3218 -3 -17.3974
      vertex -2.67652 -3 -2.97258
    endloop
  endfacet
  facet normal 0 -1 0
    outer loop
      vertex -17.3974 -3 -19.3218
      vertex -2.67652 -3 -2.97258
      vertex -19.3218 -3 -17.3974
    endloop
  endfacet
  facet normal 0 -1 -0
    outer loop
      vertex -2.67652 -3 -2.97258
      vertex -17.3974 -3 -19.3218
      vertex -2.35114 -3 -3.23607
    endloop
  endfacet
  facet normal 0 -1 0
    outer loop
      vertex 2.67652 -3 2.97258
      vertex 17.3974 -3 19.3218
      vertex 2.35114 -3 3.23607
    endloop
  endfacet
  facet normal 0 -1 -0
    outer loop
      vertex 17.3974 -3 19.3218
      vertex 2.67652 -3 2.97258
      vertex 19.3218 -3 17.3974
    endloop
  endfacet
  facet normal 0 -1 0
    outer loop
      vertex 2.97258 -3 2.67652
      vertex 19.3218 -3 17.3974
      vertex 2.67652 -3 2.97258
    endloop
  endfacet
  facet normal 0 -1 -0
    outer loop
      vertex 19.3218 -3 17.3974
      vertex 2.97258 -3 2.67652
      vertex 21.0344 -3 15.2824
    endloop
  endfacet
  facet normal 0 -1 0
    outer loop
      vertex 3.23607 -3 2.35114
      vertex 21.0344 -3 15.2824
      vertex 2.97258 -3 2.67652
    endloop
  endfacet
  facet normal 0 -1 -0
    outer loop
      vertex 21.0344 -3 15.2824
      vertex 3.23607 -3 2.35114
      vertex 22.5167 -3 13
    endloop
  endfacet
  facet normal 0 -1 0
    outer loop
      vertex 3.4641 -3 2
      vertex 22.5167 -3 13
      vertex 3.23607 -3 2.35114
    endloop
  endfacet
  facet normal 0 -1 -0
    outer loop
      vertex 22.5167 -3 13
      vertex 3.4641 -3 2
      vertex 23.7522 -3 10.5752
    endloop
  endfacet
  facet normal 0 -1 0
    outer loop
      vertex 3.65418 -3 1.62695
      vertex 23.7522 -3 10.5752
      vertex 3.4641 -3 2
    endloop
  endfacet
  facet normal 0 -1 -0
    outer loop
      vertex 23.7522 -3 10.5752
      vertex 3.65418 -3 1.62695
      vertex 24.7275 -3 8.03444
    endloop
  endfacet
  facet normal 0 -1 0
    outer loop
      vertex 3.80423 -3 1.23607
      vertex 24.7275 -3 8.03444
      vertex 3.65418 -3 1.62695
    endloop
  endfacet
  facet normal 0 -1 -0
    outer loop
      vertex 24.7275 -3 8.03444
      vertex 3.80423 -3 1.23607
      vertex 25.4318 -3 5.4057
    endloop
  endfacet
  facet normal 0 -1 0
    outer loop
      vertex 3.91259 -3 0.831646
      vertex 25.4318 -3 5.4057
      vertex 3.80423 -3 1.23607
    endloop
  endfacet
  facet normal 0 -1 -0
    outer loop
      vertex 25.4318 -3 5.4057
      vertex 3.91259 -3 0.831646
      vertex 25.8576 -3 2.71774
    endloop
  endfacet
  facet normal 0 -1 0
    outer loop
      vertex 3.97809 -3 0.418114
      vertex 25.8576 -3 2.71774
      vertex 3.91259 -3 0.831646
    endloop
  endfacet
  facet normal 0 -1 0
    outer loop
      vertex 4 -3 0
      vertex 25.8576 -3 2.71774
      vertex 3.97809 -3 0.418114
    endloop
  endfacet
  facet normal 0 -1 0
    outer loop
      vertex 4 -3 0
      vertex 26 -3 0
      vertex 25.8576 -3 2.71774
    endloop
  endfacet
  facet normal 0 -1 0
    outer loop
      vertex 3.97809 -3 -0.418114
      vertex 26 -3 0
      vertex 4 -3 0
    endloop
  endfacet
  facet normal 0 -1 0
    outer loop
      vertex 25.8576 -3 -2.71774
      vertex 3.97809 -3 -0.418114
      vertex 3.91259 -3 -0.831646
    endloop
  endfacet
  facet normal 0 -1 0
    outer loop
      vertex 25.4318 -3 -5.4057
      vertex 3.91259 -3 -0.831646
      vertex 3.80423 -3 -1.23607
    endloop
  endfacet
  facet normal 0 -1 0
    outer loop
      vertex 24.7275 -3 -8.03444
      vertex 3.80423 -3 -1.23607
      vertex 3.65418 -3 -1.62695
    endloop
  endfacet
  facet normal 0 -1 0
    outer loop
      vertex 23.7522 -3 -10.5752
      vertex 3.65418 -3 -1.62695
      vertex 3.4641 -3 -2
    endloop
  endfacet
  facet normal 0 -1 0
    outer loop
      vertex 22.5167 -3 -13
      vertex 3.4641 -3 -2
      vertex 3.23607 -3 -2.35114
    endloop
  endfacet
  facet normal 0 -1 0
    outer loop
      vertex 21.0344 -3 -15.2824
      vertex 3.23607 -3 -2.35114
      vertex 2.97258 -3 -2.67652
    endloop
  endfacet
  facet normal 0 -1 0
    outer loop
      vertex 3.97809 -3 -0.418114
      vertex 25.8576 -3 -2.71774
      vertex 26 -3 0
    endloop
  endfacet
  facet normal 0 -1 0
    outer loop
      vertex 19.3218 -3 -17.3974
      vertex 2.97258 -3 -2.67652
      vertex 2.67652 -3 -2.97258
    endloop
  endfacet
  facet normal 0 -1 0
    outer loop
      vertex 17.3974 -3 -19.3218
      vertex 2.67652 -3 -2.97258
      vertex 2.35114 -3 -3.23607
    endloop
  endfacet
  facet normal 0 -1 0
    outer loop
      vertex 15.2824 -3 -21.0344
      vertex 2.35114 -3 -3.23607
      vertex 2 -3 -3.4641
    endloop
  endfacet
  facet normal 0 -1 0
    outer loop
      vertex 13 -3 -22.5167
      vertex 2 -3 -3.4641
      vertex 1.62695 -3 -3.65418
    endloop
  endfacet
  facet normal 0 -1 0
    outer loop
      vertex 10.5752 -3 -23.7522
      vertex 1.62695 -3 -3.65418
      vertex 1.23607 -3 -3.80423
    endloop
  endfacet
  facet normal 0 -1 0
    outer loop
      vertex 8.03444 -3 -24.7275
      vertex 1.23607 -3 -3.80423
      vertex 0.831646 -3 -3.91259
    endloop
  endfacet
  facet normal 0 -1 0
    outer loop
      vertex 5.4057 -3 -25.4318
      vertex 0.831646 -3 -3.91259
      vertex 0.418114 -3 -3.97809
    endloop
  endfacet
  facet normal 0 -1 0
    outer loop
      vertex 2.71774 -3 -25.8576
      vertex 0.418114 -3 -3.97809
      vertex 0 -3 -4
    endloop
  endfacet
  facet normal 0 -1 0
    outer loop
      vertex -15.2824 -3 -21.0344
      vertex -2.35114 -3 -3.23607
      vertex -17.3974 -3 -19.3218
    endloop
  endfacet
  facet normal 0 -1 0
    outer loop
      vertex 3.91259 -3 -0.831646
      vertex 25.4318 -3 -5.4057
      vertex 25.8576 -3 -2.71774
    endloop
  endfacet
  facet normal 0 -1 -0
    outer loop
      vertex -2.35114 -3 -3.23607
      vertex -15.2824 -3 -21.0344
      vertex -2 -3 -3.4641
    endloop
  endfacet
  facet normal 0 -1 0
    outer loop
      vertex 3.80423 -3 -1.23607
      vertex 24.7275 -3 -8.03444
      vertex 25.4318 -3 -5.4057
    endloop
  endfacet
  facet normal 0 -1 0
    outer loop
      vertex -13 -3 -22.5167
      vertex -2 -3 -3.4641
      vertex -15.2824 -3 -21.0344
    endloop
  endfacet
  facet normal 0 -1 0
    outer loop
      vertex 3.65418 -3 -1.62695
      vertex 23.7522 -3 -10.5752
      vertex 24.7275 -3 -8.03444
    endloop
  endfacet
  facet normal 0 -1 -0
    outer loop
      vertex -2 -3 -3.4641
      vertex -13 -3 -22.5167
      vertex -1.62695 -3 -3.65418
    endloop
  endfacet
  facet normal 0 -1 0
    outer loop
      vertex 3.4641 -3 -2
      vertex 22.5167 -3 -13
      vertex 23.7522 -3 -10.5752
    endloop
  endfacet
  facet normal 0 -1 0
    outer loop
      vertex -10.5752 -3 -23.7522
      vertex -1.62695 -3 -3.65418
      vertex -13 -3 -22.5167
    endloop
  endfacet
  facet normal 0 -1 0
    outer loop
      vertex 3.23607 -3 -2.35114
      vertex 21.0344 -3 -15.2824
      vertex 22.5167 -3 -13
    endloop
  endfacet
  facet normal 0 -1 -0
    outer loop
      vertex -1.62695 -3 -3.65418
      vertex -10.5752 -3 -23.7522
      vertex -1.23607 -3 -3.80423
    endloop
  endfacet
  facet normal 0 -1 0
    outer loop
      vertex 2.97258 -3 -2.67652
      vertex 19.3218 -3 -17.3974
      vertex 21.0344 -3 -15.2824
    endloop
  endfacet
  facet normal 0 -1 0
    outer loop
      vertex -8.03444 -3 -24.7275
      vertex -1.23607 -3 -3.80423
      vertex -10.5752 -3 -23.7522
    endloop
  endfacet
  facet normal 0 -1 0
    outer loop
      vertex 2.67652 -3 -2.97258
      vertex 17.3974 -3 -19.3218
      vertex 19.3218 -3 -17.3974
    endloop
  endfacet
  facet normal 0 -1 -0
    outer loop
      vertex -1.23607 -3 -3.80423
      vertex -8.03444 -3 -24.7275
      vertex -0.831646 -3 -3.91259
    endloop
  endfacet
  facet normal 0 -1 0
    outer loop
      vertex 2.35114 -3 -3.23607
      vertex 15.2824 -3 -21.0344
      vertex 17.3974 -3 -19.3218
    endloop
  endfacet
  facet normal 0 -1 0
    outer loop
      vertex -5.4057 -3 -25.4318
      vertex -0.831646 -3 -3.91259
      vertex -8.03444 -3 -24.7275
    endloop
  endfacet
  facet normal 0 -1 0
    outer loop
      vertex 2 -3 -3.4641
      vertex 13 -3 -22.5167
      vertex 15.2824 -3 -21.0344
    endloop
  endfacet
  facet normal 0 -1 -0
    outer loop
      vertex -0.831646 -3 -3.91259
      vertex -5.4057 -3 -25.4318
      vertex -0.418114 -3 -3.97809
    endloop
  endfacet
  facet normal 0 -1 0
    outer loop
      vertex 1.62695 -3 -3.65418
      vertex 10.5752 -3 -23.7522
      vertex 13 -3 -22.5167
    endloop
  endfacet
  facet normal 0 -1 0
    outer loop
      vertex -2.71774 -3 -25.8576
      vertex -0.418114 -3 -3.97809
      vertex -5.4057 -3 -25.4318
    endloop
  endfacet
  facet normal 0 -1 0
    outer loop
      vertex 1.23607 -3 -3.80423
      vertex 8.03444 -3 -24.7275
      vertex 10.5752 -3 -23.7522
    endloop
  endfacet
  facet normal 0 -1 -0
    outer loop
      vertex -0.418114 -3 -3.97809
      vertex -2.71774 -3 -25.8576
      vertex 0 -3 -4
    endloop
  endfacet
  facet normal 0 -1 0
    outer loop
      vertex 0.831646 -3 -3.91259
      vertex 5.4057 -3 -25.4318
      vertex 8.03444 -3 -24.7275
    endloop
  endfacet
  facet normal 0 -1 0
    outer loop
      vertex 0 -3 -26
      vertex 0 -3 -4
      vertex -2.71774 -3 -25.8576
    endloop
  endfacet
  facet normal 0 -1 0
    outer loop
      vertex 0.418114 -3 -3.97809
      vertex 2.71774 -3 -25.8576
      vertex 5.4057 -3 -25.4318
    endloop
  endfacet
  facet normal 0 -1 0
    outer loop
      vertex 0 -3 -4
      vertex 0 -3 -26
      vertex 2.71774 -3 -25.8576
    endloop
  endfacet
  facet normal -0.891006 0 0.453991
    outer loop
      vertex -23.7522 -3 10.5752
      vertex -22.5167 3 13
      vertex -23.7522 3 10.5752
    endloop
  endfacet
  facet normal -0.891006 0 0.453991
    outer loop
      vertex -22.5167 3 13
      vertex -23.7522 -3 10.5752
      vertex -22.5167 -3 13
    endloop
  endfacet
  facet normal 0.987687 0 -0.156441
    outer loop
      vertex 3.97809 -5 -0.418114
      vertex 3.91259 -3 -0.831646
      vertex 3.97809 -3 -0.418114
    endloop
  endfacet
  facet normal 0.987687 0 -0.156441
    outer loop
      vertex 3.91259 -3 -0.831646
      vertex 3.97809 -5 -0.418114
      vertex 3.91259 -5 -0.831646
    endloop
  endfacet
  facet normal 0.987687 0 -0.156441
    outer loop
      vertex 3.97809 3 -0.418114
      vertex 3.91259 5 -0.831646
      vertex 3.97809 5 -0.418114
    endloop
  endfacet
  facet normal 0.987687 0 -0.156441
    outer loop
      vertex 3.91259 5 -0.831646
      vertex 3.97809 3 -0.418114
      vertex 3.91259 3 -0.831646
    endloop
  endfacet
  facet normal 0.987687 -0 0.156441
    outer loop
      vertex 3.91259 3 0.831646
      vertex 3.97809 5 0.418114
      vertex 3.91259 5 0.831646
    endloop
  endfacet
  facet normal 0.987687 0 0.156441
    outer loop
      vertex 3.97809 5 0.418114
      vertex 3.91259 3 0.831646
      vertex 3.97809 3 0.418114
    endloop
  endfacet
  facet normal 0.987687 -0 0.156441
    outer loop
      vertex 3.91259 -5 0.831646
      vertex 3.97809 -3 0.418114
      vertex 3.91259 -3 0.831646
    endloop
  endfacet
  facet normal 0.987687 0 0.156441
    outer loop
      vertex 3.97809 -3 0.418114
      vertex 3.91259 -5 0.831646
      vertex 3.97809 -5 0.418114
    endloop
  endfacet
  facet normal 0.99863 -0 0.0523302
    outer loop
      vertex 3.97809 3 0.418114
      vertex 4 5 0
      vertex 3.97809 5 0.418114
    endloop
  endfacet
  facet normal 0.99863 0 0.0523302
    outer loop
      vertex 4 5 0
      vertex 3.97809 3 0.418114
      vertex 4 3 0
    endloop
  endfacet
  facet normal 0.99863 -0 0.0523302
    outer loop
      vertex 3.97809 -5 0.418114
      vertex 4 -3 0
      vertex 3.97809 -3 0.418114
    endloop
  endfacet
  facet normal 0.99863 0 0.0523302
    outer loop
      vertex 4 -3 0
      vertex 3.97809 -5 0.418114
      vertex 4 -5 0
    endloop
  endfacet
  facet normal 0.965929 -0 0.258808
    outer loop
      vertex 3.80423 3 1.23607
      vertex 3.91259 5 0.831646
      vertex 3.80423 5 1.23607
    endloop
  endfacet
  facet normal 0.965929 0 0.258808
    outer loop
      vertex 3.91259 5 0.831646
      vertex 3.80423 3 1.23607
      vertex 3.91259 3 0.831646
    endloop
  endfacet
  facet normal 0.965929 -0 0.258808
    outer loop
      vertex 3.80423 -5 1.23607
      vertex 3.91259 -3 0.831646
      vertex 3.80423 -3 1.23607
    endloop
  endfacet
  facet normal 0.965929 0 0.258808
    outer loop
      vertex 3.91259 -3 0.831646
      vertex 3.80423 -5 1.23607
      vertex 3.91259 -5 0.831646
    endloop
  endfacet
  facet normal -0.544634 0 0.838674
    outer loop
      vertex -2.35114 -3 3.23607
      vertex -2 -5 3.4641
      vertex -2 -3 3.4641
    endloop
  endfacet
  facet normal -0.544634 0 0.838674
    outer loop
      vertex -2 -5 3.4641
      vertex -2.35114 -3 3.23607
      vertex -2.35114 -5 3.23607
    endloop
  endfacet
  facet normal -0.544634 0 0.838674
    outer loop
      vertex -2.35114 5 3.23607
      vertex -2 3 3.4641
      vertex -2 5 3.4641
    endloop
  endfacet
  facet normal -0.544634 0 0.838674
    outer loop
      vertex -2 3 3.4641
      vertex -2.35114 5 3.23607
      vertex -2.35114 3 3.23607
    endloop
  endfacet
  facet normal -0.707107 0 -0.707107
    outer loop
      vertex -2.67652 3 -2.97258
      vertex -2.97258 5 -2.67652
      vertex -2.67652 5 -2.97258
    endloop
  endfacet
  facet normal -0.707107 -0 -0.707107
    outer loop
      vertex -2.97258 5 -2.67652
      vertex -2.67652 3 -2.97258
      vertex -2.97258 3 -2.67652
    endloop
  endfacet
  facet normal -0.707107 0 -0.707107
    outer loop
      vertex -2.67652 -5 -2.97258
      vertex -2.97258 -3 -2.67652
      vertex -2.67652 -3 -2.97258
    endloop
  endfacet
  facet normal -0.707107 -0 -0.707107
    outer loop
      vertex -2.97258 -3 -2.67652
      vertex -2.67652 -5 -2.97258
      vertex -2.97258 -5 -2.67652
    endloop
  endfacet
  facet normal -0.965929 0 -0.258808
    outer loop
      vertex -3.80423 -5 -1.23607
      vertex -3.91259 -3 -0.831646
      vertex -3.80423 -3 -1.23607
    endloop
  endfacet
  facet normal -0.965929 -0 -0.258808
    outer loop
      vertex -3.91259 -3 -0.831646
      vertex -3.80423 -5 -1.23607
      vertex -3.91259 -5 -0.831646
    endloop
  endfacet
  facet normal -0.965929 0 -0.258808
    outer loop
      vertex -3.80423 3 -1.23607
      vertex -3.91259 5 -0.831646
      vertex -3.80423 5 -1.23607
    endloop
  endfacet
  facet normal -0.965929 -0 -0.258808
    outer loop
      vertex -3.91259 5 -0.831646
      vertex -3.80423 3 -1.23607
      vertex -3.91259 3 -0.831646
    endloop
  endfacet
  facet normal 0.258808 0 -0.965929
    outer loop
      vertex 0.831646 -5 -3.91259
      vertex 1.23607 -3 -3.80423
      vertex 1.23607 -5 -3.80423
    endloop
  endfacet
  facet normal 0.258808 0 -0.965929
    outer loop
      vertex 1.23607 -3 -3.80423
      vertex 0.831646 -5 -3.91259
      vertex 0.831646 -3 -3.91259
    endloop
  endfacet
  facet normal 0.258808 0 -0.965929
    outer loop
      vertex 0.831646 3 -3.91259
      vertex 1.23607 5 -3.80423
      vertex 1.23607 3 -3.80423
    endloop
  endfacet
  facet normal 0.258808 0 -0.965929
    outer loop
      vertex 1.23607 5 -3.80423
      vertex 0.831646 3 -3.91259
      vertex 0.831646 5 -3.91259
    endloop
  endfacet
  facet normal -0.629324 0 -0.777143
    outer loop
      vertex -2.67652 3 -2.97258
      vertex -2.35114 5 -3.23607
      vertex -2.35114 3 -3.23607
    endloop
  endfacet
  facet normal -0.629324 0 -0.777143
    outer loop
      vertex -2.35114 5 -3.23607
      vertex -2.67652 3 -2.97258
      vertex -2.67652 5 -2.97258
    endloop
  endfacet
  facet normal -0.629324 0 -0.777143
    outer loop
      vertex -2.67652 -5 -2.97258
      vertex -2.35114 -3 -3.23607
      vertex -2.35114 -5 -3.23607
    endloop
  endfacet
  facet normal -0.629324 0 -0.777143
    outer loop
      vertex -2.35114 -3 -3.23607
      vertex -2.67652 -5 -2.97258
      vertex -2.67652 -3 -2.97258
    endloop
  endfacet
  facet normal -0.891005 0 -0.453993
    outer loop
      vertex -3.4641 -5 -2
      vertex -3.65418 -3 -1.62695
      vertex -3.4641 -3 -2
    endloop
  endfacet
  facet normal -0.891005 -0 -0.453993
    outer loop
      vertex -3.65418 -3 -1.62695
      vertex -3.4641 -5 -2
      vertex -3.65418 -5 -1.62695
    endloop
  endfacet
  facet normal -0.891005 0 -0.453993
    outer loop
      vertex -3.4641 3 -2
      vertex -3.65418 5 -1.62695
      vertex -3.4641 5 -2
    endloop
  endfacet
  facet normal -0.891005 -0 -0.453993
    outer loop
      vertex -3.65418 5 -1.62695
      vertex -3.4641 3 -2
      vertex -3.65418 3 -1.62695
    endloop
  endfacet
  facet normal -0.99863 0 -0.0523302
    outer loop
      vertex -3.97809 -5 -0.418114
      vertex -4 -3 0
      vertex -3.97809 -3 -0.418114
    endloop
  endfacet
  facet normal -0.99863 -0 -0.0523302
    outer loop
      vertex -4 -3 0
      vertex -3.97809 -5 -0.418114
      vertex -4 -5 0
    endloop
  endfacet
  facet normal -0.99863 0 -0.0523302
    outer loop
      vertex -3.97809 3 -0.418114
      vertex -4 5 0
      vertex -3.97809 5 -0.418114
    endloop
  endfacet
  facet normal -0.99863 -0 -0.0523302
    outer loop
      vertex -4 5 0
      vertex -3.97809 3 -0.418114
      vertex -4 3 0
    endloop
  endfacet
  facet normal -0.987687 0 -0.156441
    outer loop
      vertex -3.91259 -5 -0.831646
      vertex -3.97809 -3 -0.418114
      vertex -3.91259 -3 -0.831646
    endloop
  endfacet
  facet normal -0.987687 -0 -0.156441
    outer loop
      vertex -3.97809 -3 -0.418114
      vertex -3.91259 -5 -0.831646
      vertex -3.97809 -5 -0.418114
    endloop
  endfacet
  facet normal -0.987687 0 -0.156441
    outer loop
      vertex -3.91259 3 -0.831646
      vertex -3.97809 5 -0.418114
      vertex -3.91259 5 -0.831646
    endloop
  endfacet
  facet normal -0.987687 -0 -0.156441
    outer loop
      vertex -3.97809 5 -0.418114
      vertex -3.91259 3 -0.831646
      vertex -3.97809 3 -0.418114
    endloop
  endfacet
  facet normal 0.777143 0 -0.629324
    outer loop
      vertex 3.23607 -5 -2.35114
      vertex 2.97258 -3 -2.67652
      vertex 3.23607 -3 -2.35114
    endloop
  endfacet
  facet normal 0.777143 0 -0.629324
    outer loop
      vertex 2.97258 -3 -2.67652
      vertex 3.23607 -5 -2.35114
      vertex 2.97258 -5 -2.67652
    endloop
  endfacet
  facet normal 0.777143 0 -0.629324
    outer loop
      vertex 3.23607 3 -2.35114
      vertex 2.97258 5 -2.67652
      vertex 3.23607 5 -2.35114
    endloop
  endfacet
  facet normal 0.777143 0 -0.629324
    outer loop
      vertex 2.97258 5 -2.67652
      vertex 3.23607 3 -2.35114
      vertex 2.97258 3 -2.67652
    endloop
  endfacet
  facet normal 0.933576 -0 0.358379
    outer loop
      vertex 3.65418 3 1.62695
      vertex 3.80423 5 1.23607
      vertex 3.65418 5 1.62695
    endloop
  endfacet
  facet normal 0.933576 0 0.358379
    outer loop
      vertex 3.80423 5 1.23607
      vertex 3.65418 3 1.62695
      vertex 3.80423 3 1.23607
    endloop
  endfacet
  facet normal 0.933576 -0 0.358379
    outer loop
      vertex 3.65418 -5 1.62695
      vertex 3.80423 -3 1.23607
      vertex 3.65418 -3 1.62695
    endloop
  endfacet
  facet normal 0.933576 0 0.358379
    outer loop
      vertex 3.80423 -3 1.23607
      vertex 3.65418 -5 1.62695
      vertex 3.80423 -5 1.23607
    endloop
  endfacet
  facet normal -0.544634 0 -0.838674
    outer loop
      vertex -2.35114 3 -3.23607
      vertex -2 5 -3.4641
      vertex -2 3 -3.4641
    endloop
  endfacet
  facet normal -0.544634 0 -0.838674
    outer loop
      vertex -2 5 -3.4641
      vertex -2.35114 3 -3.23607
      vertex -2.35114 5 -3.23607
    endloop
  endfacet
  facet normal -0.544634 0 -0.838674
    outer loop
      vertex -2.35114 -5 -3.23607
      vertex -2 -3 -3.4641
      vertex -2 -5 -3.4641
    endloop
  endfacet
  facet normal -0.544634 0 -0.838674
    outer loop
      vertex -2 -3 -3.4641
      vertex -2.35114 -5 -3.23607
      vertex -2.35114 -3 -3.23607
    endloop
  endfacet
  facet normal 0.933576 0 -0.358379
    outer loop
      vertex 3.80423 3 -1.23607
      vertex 3.65418 5 -1.62695
      vertex 3.80423 5 -1.23607
    endloop
  endfacet
  facet normal 0.933576 0 -0.358379
    outer loop
      vertex 3.65418 5 -1.62695
      vertex 3.80423 3 -1.23607
      vertex 3.65418 3 -1.62695
    endloop
  endfacet
  facet normal 0.933576 0 -0.358379
    outer loop
      vertex 3.80423 -5 -1.23607
      vertex 3.65418 -3 -1.62695
      vertex 3.80423 -3 -1.23607
    endloop
  endfacet
  facet normal 0.933576 0 -0.358379
    outer loop
      vertex 3.65418 -3 -1.62695
      vertex 3.80423 -5 -1.23607
      vertex 3.65418 -5 -1.62695
    endloop
  endfacet
  facet normal 0.156441 0 0.987687
    outer loop
      vertex 0.418114 5 3.97809
      vertex 0.831646 3 3.91259
      vertex 0.831646 5 3.91259
    endloop
  endfacet
  facet normal 0.156441 0 0.987687
    outer loop
      vertex 0.831646 3 3.91259
      vertex 0.418114 5 3.97809
      vertex 0.418114 3 3.97809
    endloop
  endfacet
  facet normal 0.156441 0 0.987687
    outer loop
      vertex 0.418114 -3 3.97809
      vertex 0.831646 -5 3.91259
      vertex 0.831646 -3 3.91259
    endloop
  endfacet
  facet normal 0.156441 0 0.987687
    outer loop
      vertex 0.831646 -5 3.91259
      vertex 0.418114 -3 3.97809
      vertex 0.418114 -5 3.97809
    endloop
  endfacet
  facet normal 0 1 0
    outer loop
      vertex 0.418114 5 3.97809
      vertex -0.418114 5 3.97809
      vertex 0 5 4
    endloop
  endfacet
  facet normal 0 1 0
    outer loop
      vertex 0.831646 5 3.91259
      vertex -0.418114 5 3.97809
      vertex 0.418114 5 3.97809
    endloop
  endfacet
  facet normal 0 1 0
    outer loop
      vertex 0.831646 5 3.91259
      vertex -0.831646 5 3.91259
      vertex -0.418114 5 3.97809
    endloop
  endfacet
  facet normal 0 1 0
    outer loop
      vertex 1.23607 5 3.80423
      vertex -0.831646 5 3.91259
      vertex 0.831646 5 3.91259
    endloop
  endfacet
  facet normal 0 1 0
    outer loop
      vertex 1.23607 5 3.80423
      vertex -1.23607 5 3.80423
      vertex -0.831646 5 3.91259
    endloop
  endfacet
  facet normal 0 1 0
    outer loop
      vertex 1.62695 5 3.65418
      vertex -1.23607 5 3.80423
      vertex 1.23607 5 3.80423
    endloop
  endfacet
  facet normal 0 1 0
    outer loop
      vertex 1.62695 5 3.65418
      vertex -1.62695 5 3.65418
      vertex -1.23607 5 3.80423
    endloop
  endfacet
  facet normal 0 1 0
    outer loop
      vertex 2 5 3.4641
      vertex -1.62695 5 3.65418
      vertex 1.62695 5 3.65418
    endloop
  endfacet
  facet normal 0 1 0
    outer loop
      vertex 2 5 3.4641
      vertex -2 5 3.4641
      vertex -1.62695 5 3.65418
    endloop
  endfacet
  facet normal 0 1 0
    outer loop
      vertex 2.35114 5 3.23607
      vertex -2 5 3.4641
      vertex 2 5 3.4641
    endloop
  endfacet
  facet normal 0 1 0
    outer loop
      vertex 2.35114 5 3.23607
      vertex -2.35114 5 3.23607
      vertex -2 5 3.4641
    endloop
  endfacet
  facet normal 0 1 0
    outer loop
      vertex 2.67652 5 2.97258
      vertex -2.35114 5 3.23607
      vertex 2.35114 5 3.23607
    endloop
  endfacet
  facet normal 0 1 0
    outer loop
      vertex 2.67652 5 2.97258
      vertex -2.67652 5 2.97258
      vertex -2.35114 5 3.23607
    endloop
  endfacet
  facet normal 0 1 0
    outer loop
      vertex 2.97258 5 2.67652
      vertex -2.67652 5 2.97258
      vertex 2.67652 5 2.97258
    endloop
  endfacet
  facet normal 0 1 0
    outer loop
      vertex 2.97258 5 2.67652
      vertex -2.97258 5 2.67652
      vertex -2.67652 5 2.97258
    endloop
  endfacet
  facet normal 0 1 0
    outer loop
      vertex 3.23607 5 2.35114
      vertex -2.97258 5 2.67652
      vertex 2.97258 5 2.67652
    endloop
  endfacet
  facet normal 0 1 0
    outer loop
      vertex 3.23607 5 2.35114
      vertex -3.23607 5 2.35114
      vertex -2.97258 5 2.67652
    endloop
  endfacet
  facet normal 0 1 0
    outer loop
      vertex 3.4641 5 2
      vertex -3.23607 5 2.35114
      vertex 3.23607 5 2.35114
    endloop
  endfacet
  facet normal 0 1 0
    outer loop
      vertex 3.4641 5 2
      vertex -3.4641 5 2
      vertex -3.23607 5 2.35114
    endloop
  endfacet
  facet normal 0 1 0
    outer loop
      vertex 3.65418 5 1.62695
      vertex -3.4641 5 2
      vertex 3.4641 5 2
    endloop
  endfacet
  facet normal 0 1 0
    outer loop
      vertex 3.65418 5 1.62695
      vertex -3.65418 5 1.62695
      vertex -3.4641 5 2
    endloop
  endfacet
  facet normal 0 1 0
    outer loop
      vertex 3.80423 5 1.23607
      vertex -3.65418 5 1.62695
      vertex 3.65418 5 1.62695
    endloop
  endfacet
  facet normal 0 1 0
    outer loop
      vertex 3.80423 5 1.23607
      vertex -3.80423 5 1.23607
      vertex -3.65418 5 1.62695
    endloop
  endfacet
  facet normal 0 1 0
    outer loop
      vertex 3.91259 5 0.831646
      vertex -3.80423 5 1.23607
      vertex 3.80423 5 1.23607
    endloop
  endfacet
  facet normal 0 1 0
    outer loop
      vertex 3.91259 5 0.831646
      vertex -3.91259 5 0.831646
      vertex -3.80423 5 1.23607
    endloop
  endfacet
  facet normal 0 1 0
    outer loop
      vertex 3.97809 5 0.418114
      vertex -3.91259 5 0.831646
      vertex 3.91259 5 0.831646
    endloop
  endfacet
  facet normal 0 1 0
    outer loop
      vertex 3.97809 5 0.418114
      vertex -3.97809 5 0.418114
      vertex -3.91259 5 0.831646
    endloop
  endfacet
  facet normal 0 1 0
    outer loop
      vertex 4 5 0
      vertex -3.97809 5 0.418114
      vertex 3.97809 5 0.418114
    endloop
  endfacet
  facet normal 0 1 0
    outer loop
      vertex 4 5 0
      vertex -4 5 0
      vertex -3.97809 5 0.418114
    endloop
  endfacet
  facet normal 0 1 -0
    outer loop
      vertex 3.97809 5 -0.418114
      vertex -4 5 0
      vertex 4 5 0
    endloop
  endfacet
  facet normal 0 1 0
    outer loop
      vertex 3.97809 5 -0.418114
      vertex -3.97809 5 -0.418114
      vertex -4 5 0
    endloop
  endfacet
  facet normal 0 1 -0
    outer loop
      vertex 3.91259 5 -0.831646
      vertex -3.97809 5 -0.418114
      vertex 3.97809 5 -0.418114
    endloop
  endfacet
  facet normal 0 1 0
    outer loop
      vertex 3.91259 5 -0.831646
      vertex -3.91259 5 -0.831646
      vertex -3.97809 5 -0.418114
    endloop
  endfacet
  facet normal 0 1 -0
    outer loop
      vertex 3.80423 5 -1.23607
      vertex -3.91259 5 -0.831646
      vertex 3.91259 5 -0.831646
    endloop
  endfacet
  facet normal 0 1 0
    outer loop
      vertex 3.80423 5 -1.23607
      vertex -3.80423 5 -1.23607
      vertex -3.91259 5 -0.831646
    endloop
  endfacet
  facet normal 0 1 -0
    outer loop
      vertex 3.65418 5 -1.62695
      vertex -3.80423 5 -1.23607
      vertex 3.80423 5 -1.23607
    endloop
  endfacet
  facet normal 0 1 0
    outer loop
      vertex 3.65418 5 -1.62695
      vertex -3.65418 5 -1.62695
      vertex -3.80423 5 -1.23607
    endloop
  endfacet
  facet normal 0 1 -0
    outer loop
      vertex 3.4641 5 -2
      vertex -3.65418 5 -1.62695
      vertex 3.65418 5 -1.62695
    endloop
  endfacet
  facet normal 0 1 0
    outer loop
      vertex 3.4641 5 -2
      vertex -3.4641 5 -2
      vertex -3.65418 5 -1.62695
    endloop
  endfacet
  facet normal 0 1 -0
    outer loop
      vertex 3.23607 5 -2.35114
      vertex -3.4641 5 -2
      vertex 3.4641 5 -2
    endloop
  endfacet
  facet normal 0 1 0
    outer loop
      vertex 3.23607 5 -2.35114
      vertex -3.23607 5 -2.35114
      vertex -3.4641 5 -2
    endloop
  endfacet
  facet normal 0 1 -0
    outer loop
      vertex 2.97258 5 -2.67652
      vertex -3.23607 5 -2.35114
      vertex 3.23607 5 -2.35114
    endloop
  endfacet
  facet normal 0 1 0
    outer loop
      vertex 2.97258 5 -2.67652
      vertex -2.97258 5 -2.67652
      vertex -3.23607 5 -2.35114
    endloop
  endfacet
  facet normal 0 1 -0
    outer loop
      vertex 2.67652 5 -2.97258
      vertex -2.97258 5 -2.67652
      vertex 2.97258 5 -2.67652
    endloop
  endfacet
  facet normal 0 1 0
    outer loop
      vertex 2.67652 5 -2.97258
      vertex -2.67652 5 -2.97258
      vertex -2.97258 5 -2.67652
    endloop
  endfacet
  facet normal 0 1 -0
    outer loop
      vertex 2.35114 5 -3.23607
      vertex -2.67652 5 -2.97258
      vertex 2.67652 5 -2.97258
    endloop
  endfacet
  facet normal 0 1 0
    outer loop
      vertex 2.35114 5 -3.23607
      vertex -2.35114 5 -3.23607
      vertex -2.67652 5 -2.97258
    endloop
  endfacet
  facet normal 0 1 -0
    outer loop
      vertex 2 5 -3.4641
      vertex -2.35114 5 -3.23607
      vertex 2.35114 5 -3.23607
    endloop
  endfacet
  facet normal 0 1 0
    outer loop
      vertex 2 5 -3.4641
      vertex -2 5 -3.4641
      vertex -2.35114 5 -3.23607
    endloop
  endfacet
  facet normal 0 1 -0
    outer loop
      vertex 1.62695 5 -3.65418
      vertex -2 5 -3.4641
      vertex 2 5 -3.4641
    endloop
  endfacet
  facet normal 0 1 0
    outer loop
      vertex 1.62695 5 -3.65418
      vertex -1.62695 5 -3.65418
      vertex -2 5 -3.4641
    endloop
  endfacet
  facet normal 0 1 -0
    outer loop
      vertex 1.23607 5 -3.80423
      vertex -1.62695 5 -3.65418
      vertex 1.62695 5 -3.65418
    endloop
  endfacet
  facet normal 0 1 0
    outer loop
      vertex 1.23607 5 -3.80423
      vertex -1.23607 5 -3.80423
      vertex -1.62695 5 -3.65418
    endloop
  endfacet
  facet normal 0 1 -0
    outer loop
      vertex 0.831646 5 -3.91259
      vertex -1.23607 5 -3.80423
      vertex 1.23607 5 -3.80423
    endloop
  endfacet
  facet normal 0 1 0
    outer loop
      vertex 0.831646 5 -3.91259
      vertex -0.831646 5 -3.91259
      vertex -1.23607 5 -3.80423
    endloop
  endfacet
  facet normal 0 1 -0
    outer loop
      vertex 0.418114 5 -3.97809
      vertex -0.831646 5 -3.91259
      vertex 0.831646 5 -3.91259
    endloop
  endfacet
  facet normal 0 1 0
    outer loop
      vertex 0.418114 5 -3.97809
      vertex -0.418114 5 -3.97809
      vertex -0.831646 5 -3.91259
    endloop
  endfacet
  facet normal -0 1 0
    outer loop
      vertex -0.418114 5 -3.97809
      vertex 0.418114 5 -3.97809
      vertex 0 5 -4
    endloop
  endfacet
  facet normal -0.258808 0 -0.965929
    outer loop
      vertex -1.23607 -5 -3.80423
      vertex -0.831646 -3 -3.91259
      vertex -0.831646 -5 -3.91259
    endloop
  endfacet
  facet normal -0.258808 0 -0.965929
    outer loop
      vertex -0.831646 -3 -3.91259
      vertex -1.23607 -5 -3.80423
      vertex -1.23607 -3 -3.80423
    endloop
  endfacet
  facet normal -0.258808 0 -0.965929
    outer loop
      vertex -1.23607 3 -3.80423
      vertex -0.831646 5 -3.91259
      vertex -0.831646 3 -3.91259
    endloop
  endfacet
  facet normal -0.258808 0 -0.965929
    outer loop
      vertex -0.831646 5 -3.91259
      vertex -1.23607 3 -3.80423
      vertex -1.23607 5 -3.80423
    endloop
  endfacet
  facet normal 0.838674 -0 0.544634
    outer loop
      vertex 3.23607 -5 2.35114
      vertex 3.4641 -3 2
      vertex 3.23607 -3 2.35114
    endloop
  endfacet
  facet normal 0.838674 0 0.544634
    outer loop
      vertex 3.4641 -3 2
      vertex 3.23607 -5 2.35114
      vertex 3.4641 -5 2
    endloop
  endfacet
  facet normal 0.838674 -0 0.544634
    outer loop
      vertex 3.23607 3 2.35114
      vertex 3.4641 5 2
      vertex 3.23607 5 2.35114
    endloop
  endfacet
  facet normal 0.838674 0 0.544634
    outer loop
      vertex 3.4641 5 2
      vertex 3.23607 3 2.35114
      vertex 3.4641 3 2
    endloop
  endfacet
  facet normal 0.258808 0 0.965929
    outer loop
      vertex 0.831646 5 3.91259
      vertex 1.23607 3 3.80423
      vertex 1.23607 5 3.80423
    endloop
  endfacet
  facet normal 0.258808 0 0.965929
    outer loop
      vertex 1.23607 3 3.80423
      vertex 0.831646 5 3.91259
      vertex 0.831646 3 3.91259
    endloop
  endfacet
  facet normal 0.258808 0 0.965929
    outer loop
      vertex 0.831646 -3 3.91259
      vertex 1.23607 -5 3.80423
      vertex 1.23607 -3 3.80423
    endloop
  endfacet
  facet normal 0.258808 0 0.965929
    outer loop
      vertex 1.23607 -5 3.80423
      vertex 0.831646 -3 3.91259
      vertex 0.831646 -5 3.91259
    endloop
  endfacet
  facet normal 0.891005 -0 0.453993
    outer loop
      vertex 3.4641 3 2
      vertex 3.65418 5 1.62695
      vertex 3.4641 5 2
    endloop
  endfacet
  facet normal 0.891005 0 0.453993
    outer loop
      vertex 3.65418 5 1.62695
      vertex 3.4641 3 2
      vertex 3.65418 3 1.62695
    endloop
  endfacet
  facet normal 0.891005 -0 0.453993
    outer loop
      vertex 3.4641 -5 2
      vertex 3.65418 -3 1.62695
      vertex 3.4641 -3 2
    endloop
  endfacet
  facet normal 0.891005 0 0.453993
    outer loop
      vertex 3.65418 -3 1.62695
      vertex 3.4641 -5 2
      vertex 3.65418 -5 1.62695
    endloop
  endfacet
  facet normal -0.707107 0 0.707107
    outer loop
      vertex -2.97258 3 2.67652
      vertex -2.67652 5 2.97258
      vertex -2.97258 5 2.67652
    endloop
  endfacet
  facet normal -0.707107 0 0.707107
    outer loop
      vertex -2.67652 5 2.97258
      vertex -2.97258 3 2.67652
      vertex -2.67652 3 2.97258
    endloop
  endfacet
  facet normal -0.707107 0 0.707107
    outer loop
      vertex -2.97258 -5 2.67652
      vertex -2.67652 -3 2.97258
      vertex -2.97258 -3 2.67652
    endloop
  endfacet
  facet normal -0.707107 0 0.707107
    outer loop
      vertex -2.67652 -3 2.97258
      vertex -2.97258 -5 2.67652
      vertex -2.67652 -5 2.97258
    endloop
  endfacet
  facet normal 0.358379 0 -0.933576
    outer loop
      vertex 1.23607 3 -3.80423
      vertex 1.62695 5 -3.65418
      vertex 1.62695 3 -3.65418
    endloop
  endfacet
  facet normal 0.358379 0 -0.933576
    outer loop
      vertex 1.62695 5 -3.65418
      vertex 1.23607 3 -3.80423
      vertex 1.23607 5 -3.80423
    endloop
  endfacet
  facet normal 0.358379 0 -0.933576
    outer loop
      vertex 1.23607 -5 -3.80423
      vertex 1.62695 -3 -3.65418
      vertex 1.62695 -5 -3.65418
    endloop
  endfacet
  facet normal 0.358379 0 -0.933576
    outer loop
      vertex 1.62695 -3 -3.65418
      vertex 1.23607 -5 -3.80423
      vertex 1.23607 -3 -3.80423
    endloop
  endfacet
  facet normal -0.453993 0 0.891005
    outer loop
      vertex -2 -3 3.4641
      vertex -1.62695 -5 3.65418
      vertex -1.62695 -3 3.65418
    endloop
  endfacet
  facet normal -0.453993 0 0.891005
    outer loop
      vertex -1.62695 -5 3.65418
      vertex -2 -3 3.4641
      vertex -2 -5 3.4641
    endloop
  endfacet
  facet normal -0.453993 0 0.891005
    outer loop
      vertex -2 5 3.4641
      vertex -1.62695 3 3.65418
      vertex -1.62695 5 3.65418
    endloop
  endfacet
  facet normal -0.453993 0 0.891005
    outer loop
      vertex -1.62695 3 3.65418
      vertex -2 5 3.4641
      vertex -2 3 3.4641
    endloop
  endfacet
  facet normal -0.838674 0 -0.544634
    outer loop
      vertex -3.23607 -5 -2.35114
      vertex -3.4641 -3 -2
      vertex -3.23607 -3 -2.35114
    endloop
  endfacet
  facet normal -0.838674 -0 -0.544634
    outer loop
      vertex -3.4641 -3 -2
      vertex -3.23607 -5 -2.35114
      vertex -3.4641 -5 -2
    endloop
  endfacet
  facet normal -0.838674 0 -0.544634
    outer loop
      vertex -3.23607 3 -2.35114
      vertex -3.4641 5 -2
      vertex -3.23607 5 -2.35114
    endloop
  endfacet
  facet normal -0.838674 -0 -0.544634
    outer loop
      vertex -3.4641 5 -2
      vertex -3.23607 3 -2.35114
      vertex -3.4641 3 -2
    endloop
  endfacet
  facet normal -0.156441 0 0.987687
    outer loop
      vertex -0.831646 -3 3.91259
      vertex -0.418114 -5 3.97809
      vertex -0.418114 -3 3.97809
    endloop
  endfacet
  facet normal -0.156441 0 0.987687
    outer loop
      vertex -0.418114 -5 3.97809
      vertex -0.831646 -3 3.91259
      vertex -0.831646 -5 3.91259
    endloop
  endfacet
  facet normal -0.156441 0 0.987687
    outer loop
      vertex -0.831646 5 3.91259
      vertex -0.418114 3 3.97809
      vertex -0.418114 5 3.97809
    endloop
  endfacet
  facet normal -0.156441 0 0.987687
    outer loop
      vertex -0.418114 3 3.97809
      vertex -0.831646 5 3.91259
      vertex -0.831646 3 3.91259
    endloop
  endfacet
  facet normal -0.453993 0 -0.891005
    outer loop
      vertex -2 3 -3.4641
      vertex -1.62695 5 -3.65418
      vertex -1.62695 3 -3.65418
    endloop
  endfacet
  facet normal -0.453993 0 -0.891005
    outer loop
      vertex -1.62695 5 -3.65418
      vertex -2 3 -3.4641
      vertex -2 5 -3.4641
    endloop
  endfacet
  facet normal -0.453993 0 -0.891005
    outer loop
      vertex -2 -5 -3.4641
      vertex -1.62695 -3 -3.65418
      vertex -1.62695 -5 -3.65418
    endloop
  endfacet
  facet normal -0.453993 0 -0.891005
    outer loop
      vertex -1.62695 -3 -3.65418
      vertex -2 -5 -3.4641
      vertex -2 -3 -3.4641
    endloop
  endfacet
  facet normal 0.0523302 0 0.99863
    outer loop
      vertex 0 -3 4
      vertex 0.418114 -5 3.97809
      vertex 0.418114 -3 3.97809
    endloop
  endfacet
  facet normal 0.0523302 0 0.99863
    outer loop
      vertex 0.418114 -5 3.97809
      vertex 0 -3 4
      vertex 0 -5 4
    endloop
  endfacet
  facet normal 0.0523302 0 0.99863
    outer loop
      vertex 0 5 4
      vertex 0.418114 3 3.97809
      vertex 0.418114 5 3.97809
    endloop
  endfacet
  facet normal 0.0523302 0 0.99863
    outer loop
      vertex 0.418114 3 3.97809
      vertex 0 5 4
      vertex 0 3 4
    endloop
  endfacet
  facet normal 0.838674 0 -0.544634
    outer loop
      vertex 3.4641 -5 -2
      vertex 3.23607 -3 -2.35114
      vertex 3.4641 -3 -2
    endloop
  endfacet
  facet normal 0.838674 0 -0.544634
    outer loop
      vertex 3.23607 -3 -2.35114
      vertex 3.4641 -5 -2
      vertex 3.23607 -5 -2.35114
    endloop
  endfacet
  facet normal 0.838674 0 -0.544634
    outer loop
      vertex 3.4641 3 -2
      vertex 3.23607 5 -2.35114
      vertex 3.4641 5 -2
    endloop
  endfacet
  facet normal 0.838674 0 -0.544634
    outer loop
      vertex 3.23607 5 -2.35114
      vertex 3.4641 3 -2
      vertex 3.23607 3 -2.35114
    endloop
  endfacet
  facet normal -0.258808 0 0.965929
    outer loop
      vertex -1.23607 -3 3.80423
      vertex -0.831646 -5 3.91259
      vertex -0.831646 -3 3.91259
    endloop
  endfacet
  facet normal -0.258808 0 0.965929
    outer loop
      vertex -0.831646 -5 3.91259
      vertex -1.23607 -3 3.80423
      vertex -1.23607 -5 3.80423
    endloop
  endfacet
  facet normal -0.258808 0 0.965929
    outer loop
      vertex -1.23607 5 3.80423
      vertex -0.831646 3 3.91259
      vertex -0.831646 5 3.91259
    endloop
  endfacet
  facet normal -0.258808 0 0.965929
    outer loop
      vertex -0.831646 3 3.91259
      vertex -1.23607 5 3.80423
      vertex -1.23607 3 3.80423
    endloop
  endfacet
  facet normal 0.0523302 0 -0.99863
    outer loop
      vertex 0 3 -4
      vertex 0.418114 5 -3.97809
      vertex 0.418114 3 -3.97809
    endloop
  endfacet
  facet normal 0.0523302 0 -0.99863
    outer loop
      vertex 0.418114 5 -3.97809
      vertex 0 3 -4
      vertex 0 5 -4
    endloop
  endfacet
  facet normal 0.0523302 0 -0.99863
    outer loop
      vertex 0 -5 -4
      vertex 0.418114 -3 -3.97809
      vertex 0.418114 -5 -3.97809
    endloop
  endfacet
  facet normal 0.0523302 0 -0.99863
    outer loop
      vertex 0.418114 -3 -3.97809
      vertex 0 -5 -4
      vertex 0 -3 -4
    endloop
  endfacet
  facet normal -0.358379 0 0.933576
    outer loop
      vertex -1.62695 -3 3.65418
      vertex -1.23607 -5 3.80423
      vertex -1.23607 -3 3.80423
    endloop
  endfacet
  facet normal -0.358379 0 0.933576
    outer loop
      vertex -1.23607 -5 3.80423
      vertex -1.62695 -3 3.65418
      vertex -1.62695 -5 3.65418
    endloop
  endfacet
  facet normal -0.358379 0 0.933576
    outer loop
      vertex -1.62695 5 3.65418
      vertex -1.23607 3 3.80423
      vertex -1.23607 5 3.80423
    endloop
  endfacet
  facet normal -0.358379 0 0.933576
    outer loop
      vertex -1.23607 3 3.80423
      vertex -1.62695 5 3.65418
      vertex -1.62695 3 3.65418
    endloop
  endfacet
  facet normal -0.0523302 0 0.99863
    outer loop
      vertex -0.418114 -3 3.97809
      vertex 0 -5 4
      vertex 0 -3 4
    endloop
  endfacet
  facet normal -0.0523302 0 0.99863
    outer loop
      vertex 0 -5 4
      vertex -0.418114 -3 3.97809
      vertex -0.418114 -5 3.97809
    endloop
  endfacet
  facet normal -0.0523302 0 0.99863
    outer loop
      vertex -0.418114 5 3.97809
      vertex 0 3 4
      vertex 0 5 4
    endloop
  endfacet
  facet normal -0.0523302 0 0.99863
    outer loop
      vertex 0 3 4
      vertex -0.418114 5 3.97809
      vertex -0.418114 3 3.97809
    endloop
  endfacet
  facet normal 0.453993 0 -0.891005
    outer loop
      vertex 1.62695 3 -3.65418
      vertex 2 5 -3.4641
      vertex 2 3 -3.4641
    endloop
  endfacet
  facet normal 0.453993 0 -0.891005
    outer loop
      vertex 2 5 -3.4641
      vertex 1.62695 3 -3.65418
      vertex 1.62695 5 -3.65418
    endloop
  endfacet
  facet normal 0.453993 0 -0.891005
    outer loop
      vertex 1.62695 -5 -3.65418
      vertex 2 -3 -3.4641
      vertex 2 -5 -3.4641
    endloop
  endfacet
  facet normal 0.453993 0 -0.891005
    outer loop
      vertex 2 -3 -3.4641
      vertex 1.62695 -5 -3.65418
      vertex 1.62695 -3 -3.65418
    endloop
  endfacet
  facet normal 0.156441 0 -0.987687
    outer loop
      vertex 0.418114 -5 -3.97809
      vertex 0.831646 -3 -3.91259
      vertex 0.831646 -5 -3.91259
    endloop
  endfacet
  facet normal 0.156441 0 -0.987687
    outer loop
      vertex 0.831646 -3 -3.91259
      vertex 0.418114 -5 -3.97809
      vertex 0.418114 -3 -3.97809
    endloop
  endfacet
  facet normal 0.156441 0 -0.987687
    outer loop
      vertex 0.418114 3 -3.97809
      vertex 0.831646 5 -3.91259
      vertex 0.831646 3 -3.91259
    endloop
  endfacet
  facet normal 0.156441 0 -0.987687
    outer loop
      vertex 0.831646 5 -3.91259
      vertex 0.418114 3 -3.97809
      vertex 0.418114 5 -3.97809
    endloop
  endfacet
  facet normal -0.933576 0 0.358379
    outer loop
      vertex -3.80423 3 1.23607
      vertex -3.65418 5 1.62695
      vertex -3.80423 5 1.23607
    endloop
  endfacet
  facet normal -0.933576 0 0.358379
    outer loop
      vertex -3.65418 5 1.62695
      vertex -3.80423 3 1.23607
      vertex -3.65418 3 1.62695
    endloop
  endfacet
  facet normal -0.933576 0 0.358379
    outer loop
      vertex -3.80423 -5 1.23607
      vertex -3.65418 -3 1.62695
      vertex -3.80423 -3 1.23607
    endloop
  endfacet
  facet normal -0.933576 0 0.358379
    outer loop
      vertex -3.65418 -3 1.62695
      vertex -3.80423 -5 1.23607
      vertex -3.65418 -5 1.62695
    endloop
  endfacet
  facet normal -0.0523302 0 -0.99863
    outer loop
      vertex -0.418114 3 -3.97809
      vertex 0 5 -4
      vertex 0 3 -4
    endloop
  endfacet
  facet normal -0.0523302 0 -0.99863
    outer loop
      vertex 0 5 -4
      vertex -0.418114 3 -3.97809
      vertex -0.418114 5 -3.97809
    endloop
  endfacet
  facet normal -0.0523302 0 -0.99863
    outer loop
      vertex -0.418114 -5 -3.97809
      vertex 0 -3 -4
      vertex 0 -5 -4
    endloop
  endfacet
  facet normal -0.0523302 0 -0.99863
    outer loop
      vertex 0 -3 -4
      vertex -0.418114 -5 -3.97809
      vertex -0.418114 -3 -3.97809
    endloop
  endfacet
  facet normal 0.629324 0 0.777143
    outer loop
      vertex 2.35114 5 3.23607
      vertex 2.67652 3 2.97258
      vertex 2.67652 5 2.97258
    endloop
  endfacet
  facet normal 0.629324 0 0.777143
    outer loop
      vertex 2.67652 3 2.97258
      vertex 2.35114 5 3.23607
      vertex 2.35114 3 3.23607
    endloop
  endfacet
  facet normal 0.629324 0 0.777143
    outer loop
      vertex 2.35114 -3 3.23607
      vertex 2.67652 -5 2.97258
      vertex 2.67652 -3 2.97258
    endloop
  endfacet
  facet normal 0.629324 0 0.777143
    outer loop
      vertex 2.67652 -5 2.97258
      vertex 2.35114 -3 3.23607
      vertex 2.35114 -5 3.23607
    endloop
  endfacet
  facet normal 0.777143 -0 0.629324
    outer loop
      vertex 2.97258 3 2.67652
      vertex 3.23607 5 2.35114
      vertex 2.97258 5 2.67652
    endloop
  endfacet
  facet normal 0.777143 0 0.629324
    outer loop
      vertex 3.23607 5 2.35114
      vertex 2.97258 3 2.67652
      vertex 3.23607 3 2.35114
    endloop
  endfacet
  facet normal 0.777143 -0 0.629324
    outer loop
      vertex 2.97258 -5 2.67652
      vertex 3.23607 -3 2.35114
      vertex 2.97258 -3 2.67652
    endloop
  endfacet
  facet normal 0.777143 0 0.629324
    outer loop
      vertex 3.23607 -3 2.35114
      vertex 2.97258 -5 2.67652
      vertex 3.23607 -5 2.35114
    endloop
  endfacet
  facet normal 0.965929 0 -0.258808
    outer loop
      vertex 3.91259 -5 -0.831646
      vertex 3.80423 -3 -1.23607
      vertex 3.91259 -3 -0.831646
    endloop
  endfacet
  facet normal 0.965929 0 -0.258808
    outer loop
      vertex 3.80423 -3 -1.23607
      vertex 3.91259 -5 -0.831646
      vertex 3.80423 -5 -1.23607
    endloop
  endfacet
  facet normal 0.965929 0 -0.258808
    outer loop
      vertex 3.91259 3 -0.831646
      vertex 3.80423 5 -1.23607
      vertex 3.91259 5 -0.831646
    endloop
  endfacet
  facet normal 0.965929 0 -0.258808
    outer loop
      vertex 3.80423 5 -1.23607
      vertex 3.91259 3 -0.831646
      vertex 3.80423 3 -1.23607
    endloop
  endfacet
  facet normal 0.453993 0 0.891005
    outer loop
      vertex 1.62695 -3 3.65418
      vertex 2 -5 3.4641
      vertex 2 -3 3.4641
    endloop
  endfacet
  facet normal 0.453993 0 0.891005
    outer loop
      vertex 2 -5 3.4641
      vertex 1.62695 -3 3.65418
      vertex 1.62695 -5 3.65418
    endloop
  endfacet
  facet normal 0.453993 0 0.891005
    outer loop
      vertex 1.62695 5 3.65418
      vertex 2 3 3.4641
      vertex 2 5 3.4641
    endloop
  endfacet
  facet normal 0.453993 0 0.891005
    outer loop
      vertex 2 3 3.4641
      vertex 1.62695 5 3.65418
      vertex 1.62695 3 3.65418
    endloop
  endfacet
  facet normal 0 -1 0
    outer loop
      vertex -0.418114 -5 3.97809
      vertex 0.418114 -5 3.97809
      vertex 0 -5 4
    endloop
  endfacet
  facet normal 0 -1 0
    outer loop
      vertex -0.831646 -5 3.91259
      vertex 0.418114 -5 3.97809
      vertex -0.418114 -5 3.97809
    endloop
  endfacet
  facet normal 0 -1 0
    outer loop
      vertex -0.831646 -5 3.91259
      vertex 0.831646 -5 3.91259
      vertex 0.418114 -5 3.97809
    endloop
  endfacet
  facet normal 0 -1 0
    outer loop
      vertex -1.23607 -5 3.80423
      vertex 0.831646 -5 3.91259
      vertex -0.831646 -5 3.91259
    endloop
  endfacet
  facet normal 0 -1 0
    outer loop
      vertex -1.23607 -5 3.80423
      vertex 1.23607 -5 3.80423
      vertex 0.831646 -5 3.91259
    endloop
  endfacet
  facet normal 0 -1 0
    outer loop
      vertex -1.62695 -5 3.65418
      vertex 1.23607 -5 3.80423
      vertex -1.23607 -5 3.80423
    endloop
  endfacet
  facet normal 0 -1 0
    outer loop
      vertex -1.62695 -5 3.65418
      vertex 1.62695 -5 3.65418
      vertex 1.23607 -5 3.80423
    endloop
  endfacet
  facet normal 0 -1 0
    outer loop
      vertex -2 -5 3.4641
      vertex 1.62695 -5 3.65418
      vertex -1.62695 -5 3.65418
    endloop
  endfacet
  facet normal 0 -1 0
    outer loop
      vertex -2 -5 3.4641
      vertex 2 -5 3.4641
      vertex 1.62695 -5 3.65418
    endloop
  endfacet
  facet normal 0 -1 0
    outer loop
      vertex -2.35114 -5 3.23607
      vertex 2 -5 3.4641
      vertex -2 -5 3.4641
    endloop
  endfacet
  facet normal 0 -1 0
    outer loop
      vertex -2.35114 -5 3.23607
      vertex 2.35114 -5 3.23607
      vertex 2 -5 3.4641
    endloop
  endfacet
  facet normal 0 -1 0
    outer loop
      vertex -2.67652 -5 2.97258
      vertex 2.35114 -5 3.23607
      vertex -2.35114 -5 3.23607
    endloop
  endfacet
  facet normal 0 -1 0
    outer loop
      vertex -2.67652 -5 2.97258
      vertex 2.67652 -5 2.97258
      vertex 2.35114 -5 3.23607
    endloop
  endfacet
  facet normal 0 -1 0
    outer loop
      vertex -2.97258 -5 2.67652
      vertex 2.67652 -5 2.97258
      vertex -2.67652 -5 2.97258
    endloop
  endfacet
  facet normal 0 -1 0
    outer loop
      vertex -2.97258 -5 2.67652
      vertex 2.97258 -5 2.67652
      vertex 2.67652 -5 2.97258
    endloop
  endfacet
  facet normal 0 -1 0
    outer loop
      vertex -3.23607 -5 2.35114
      vertex 2.97258 -5 2.67652
      vertex -2.97258 -5 2.67652
    endloop
  endfacet
  facet normal 0 -1 0
    outer loop
      vertex -3.23607 -5 2.35114
      vertex 3.23607 -5 2.35114
      vertex 2.97258 -5 2.67652
    endloop
  endfacet
  facet normal 0 -1 0
    outer loop
      vertex -3.4641 -5 2
      vertex 3.23607 -5 2.35114
      vertex -3.23607 -5 2.35114
    endloop
  endfacet
  facet normal 0 -1 0
    outer loop
      vertex -3.4641 -5 2
      vertex 3.4641 -5 2
      vertex 3.23607 -5 2.35114
    endloop
  endfacet
  facet normal 0 -1 0
    outer loop
      vertex -3.65418 -5 1.62695
      vertex 3.4641 -5 2
      vertex -3.4641 -5 2
    endloop
  endfacet
  facet normal 0 -1 0
    outer loop
      vertex -3.65418 -5 1.62695
      vertex 3.65418 -5 1.62695
      vertex 3.4641 -5 2
    endloop
  endfacet
  facet normal 0 -1 0
    outer loop
      vertex -3.80423 -5 1.23607
      vertex 3.65418 -5 1.62695
      vertex -3.65418 -5 1.62695
    endloop
  endfacet
  facet normal 0 -1 0
    outer loop
      vertex -3.80423 -5 1.23607
      vertex 3.80423 -5 1.23607
      vertex 3.65418 -5 1.62695
    endloop
  endfacet
  facet normal 0 -1 0
    outer loop
      vertex -3.91259 -5 0.831646
      vertex 3.80423 -5 1.23607
      vertex -3.80423 -5 1.23607
    endloop
  endfacet
  facet normal 0 -1 0
    outer loop
      vertex -3.91259 -5 0.831646
      vertex 3.91259 -5 0.831646
      vertex 3.80423 -5 1.23607
    endloop
  endfacet
  facet normal 0 -1 0
    outer loop
      vertex -3.97809 -5 0.418114
      vertex 3.91259 -5 0.831646
      vertex -3.91259 -5 0.831646
    endloop
  endfacet
  facet normal 0 -1 0
    outer loop
      vertex -3.97809 -5 0.418114
      vertex 3.97809 -5 0.418114
      vertex 3.91259 -5 0.831646
    endloop
  endfacet
  facet normal 0 -1 0
    outer loop
      vertex -4 -5 0
      vertex 3.97809 -5 0.418114
      vertex -3.97809 -5 0.418114
    endloop
  endfacet
  facet normal 0 -1 0
    outer loop
      vertex -4 -5 0
      vertex 4 -5 0
      vertex 3.97809 -5 0.418114
    endloop
  endfacet
  facet normal 0 -1 0
    outer loop
      vertex -3.97809 -5 -0.418114
      vertex 4 -5 0
      vertex -4 -5 0
    endloop
  endfacet
  facet normal 0 -1 0
    outer loop
      vertex -3.97809 -5 -0.418114
      vertex 3.97809 -5 -0.418114
      vertex 4 -5 0
    endloop
  endfacet
  facet normal 0 -1 0
    outer loop
      vertex -3.91259 -5 -0.831646
      vertex 3.97809 -5 -0.418114
      vertex -3.97809 -5 -0.418114
    endloop
  endfacet
  facet normal 0 -1 0
    outer loop
      vertex -3.91259 -5 -0.831646
      vertex 3.91259 -5 -0.831646
      vertex 3.97809 -5 -0.418114
    endloop
  endfacet
  facet normal 0 -1 0
    outer loop
      vertex -3.80423 -5 -1.23607
      vertex 3.91259 -5 -0.831646
      vertex -3.91259 -5 -0.831646
    endloop
  endfacet
  facet normal 0 -1 0
    outer loop
      vertex -3.80423 -5 -1.23607
      vertex 3.80423 -5 -1.23607
      vertex 3.91259 -5 -0.831646
    endloop
  endfacet
  facet normal 0 -1 0
    outer loop
      vertex -3.65418 -5 -1.62695
      vertex 3.80423 -5 -1.23607
      vertex -3.80423 -5 -1.23607
    endloop
  endfacet
  facet normal 0 -1 0
    outer loop
      vertex -3.65418 -5 -1.62695
      vertex 3.65418 -5 -1.62695
      vertex 3.80423 -5 -1.23607
    endloop
  endfacet
  facet normal 0 -1 0
    outer loop
      vertex -3.4641 -5 -2
      vertex 3.65418 -5 -1.62695
      vertex -3.65418 -5 -1.62695
    endloop
  endfacet
  facet normal 0 -1 0
    outer loop
      vertex -3.4641 -5 -2
      vertex 3.4641 -5 -2
      vertex 3.65418 -5 -1.62695
    endloop
  endfacet
  facet normal 0 -1 0
    outer loop
      vertex -3.23607 -5 -2.35114
      vertex 3.4641 -5 -2
      vertex -3.4641 -5 -2
    endloop
  endfacet
  facet normal 0 -1 0
    outer loop
      vertex -3.23607 -5 -2.35114
      vertex 3.23607 -5 -2.35114
      vertex 3.4641 -5 -2
    endloop
  endfacet
  facet normal 0 -1 0
    outer loop
      vertex -2.97258 -5 -2.67652
      vertex 3.23607 -5 -2.35114
      vertex -3.23607 -5 -2.35114
    endloop
  endfacet
  facet normal 0 -1 0
    outer loop
      vertex -2.97258 -5 -2.67652
      vertex 2.97258 -5 -2.67652
      vertex 3.23607 -5 -2.35114
    endloop
  endfacet
  facet normal 0 -1 0
    outer loop
      vertex -2.67652 -5 -2.97258
      vertex 2.97258 -5 -2.67652
      vertex -2.97258 -5 -2.67652
    endloop
  endfacet
  facet normal 0 -1 0
    outer loop
      vertex -2.67652 -5 -2.97258
      vertex 2.67652 -5 -2.97258
      vertex 2.97258 -5 -2.67652
    endloop
  endfacet
  facet normal 0 -1 0
    outer loop
      vertex -2.35114 -5 -3.23607
      vertex 2.67652 -5 -2.97258
      vertex -2.67652 -5 -2.97258
    endloop
  endfacet
  facet normal 0 -1 0
    outer loop
      vertex -2.35114 -5 -3.23607
      vertex 2.35114 -5 -3.23607
      vertex 2.67652 -5 -2.97258
    endloop
  endfacet
  facet normal 0 -1 0
    outer loop
      vertex -2 -5 -3.4641
      vertex 2.35114 -5 -3.23607
      vertex -2.35114 -5 -3.23607
    endloop
  endfacet
  facet normal 0 -1 0
    outer loop
      vertex -2 -5 -3.4641
      vertex 2 -5 -3.4641
      vertex 2.35114 -5 -3.23607
    endloop
  endfacet
  facet normal 0 -1 0
    outer loop
      vertex -1.62695 -5 -3.65418
      vertex 2 -5 -3.4641
      vertex -2 -5 -3.4641
    endloop
  endfacet
  facet normal 0 -1 0
    outer loop
      vertex -1.62695 -5 -3.65418
      vertex 1.62695 -5 -3.65418
      vertex 2 -5 -3.4641
    endloop
  endfacet
  facet normal 0 -1 0
    outer loop
      vertex -1.23607 -5 -3.80423
      vertex 1.62695 -5 -3.65418
      vertex -1.62695 -5 -3.65418
    endloop
  endfacet
  facet normal 0 -1 0
    outer loop
      vertex -1.23607 -5 -3.80423
      vertex 1.23607 -5 -3.80423
      vertex 1.62695 -5 -3.65418
    endloop
  endfacet
  facet normal 0 -1 0
    outer loop
      vertex -0.831646 -5 -3.91259
      vertex 1.23607 -5 -3.80423
      vertex -1.23607 -5 -3.80423
    endloop
  endfacet
  facet normal 0 -1 0
    outer loop
      vertex -0.831646 -5 -3.91259
      vertex 0.831646 -5 -3.91259
      vertex 1.23607 -5 -3.80423
    endloop
  endfacet
  facet normal 0 -1 0
    outer loop
      vertex -0.418114 -5 -3.97809
      vertex 0.831646 -5 -3.91259
      vertex -0.831646 -5 -3.91259
    endloop
  endfacet
  facet normal 0 -1 0
    outer loop
      vertex -0.418114 -5 -3.97809
      vertex 0.418114 -5 -3.97809
      vertex 0.831646 -5 -3.91259
    endloop
  endfacet
  facet normal -0 -1 0
    outer loop
      vertex 0.418114 -5 -3.97809
      vertex -0.418114 -5 -3.97809
      vertex 0 -5 -4
    endloop
  endfacet
  facet normal 0.707107 -0 0.707107
    outer loop
      vertex 2.67652 -5 2.97258
      vertex 2.97258 -3 2.67652
      vertex 2.67652 -3 2.97258
    endloop
  endfacet
  facet normal 0.707107 0 0.707107
    outer loop
      vertex 2.97258 -3 2.67652
      vertex 2.67652 -5 2.97258
      vertex 2.97258 -5 2.67652
    endloop
  endfacet
  facet normal 0.707107 -0 0.707107
    outer loop
      vertex 2.67652 3 2.97258
      vertex 2.97258 5 2.67652
      vertex 2.67652 5 2.97258
    endloop
  endfacet
  facet normal 0.707107 0 0.707107
    outer loop
      vertex 2.97258 5 2.67652
      vertex 2.67652 3 2.97258
      vertex 2.97258 3 2.67652
    endloop
  endfacet
  facet normal -0.965929 0 0.258808
    outer loop
      vertex -3.91259 3 0.831646
      vertex -3.80423 5 1.23607
      vertex -3.91259 5 0.831646
    endloop
  endfacet
  facet normal -0.965929 0 0.258808
    outer loop
      vertex -3.80423 5 1.23607
      vertex -3.91259 3 0.831646
      vertex -3.80423 3 1.23607
    endloop
  endfacet
  facet normal -0.965929 0 0.258808
    outer loop
      vertex -3.91259 -5 0.831646
      vertex -3.80423 -3 1.23607
      vertex -3.91259 -3 0.831646
    endloop
  endfacet
  facet normal -0.965929 0 0.258808
    outer loop
      vertex -3.80423 -3 1.23607
      vertex -3.91259 -5 0.831646
      vertex -3.80423 -5 1.23607
    endloop
  endfacet
  facet normal -0.838674 0 0.544634
    outer loop
      vertex -3.4641 3 2
      vertex -3.23607 5 2.35114
      vertex -3.4641 5 2
    endloop
  endfacet
  facet normal -0.838674 0 0.544634
    outer loop
      vertex -3.23607 5 2.35114
      vertex -3.4641 3 2
      vertex -3.23607 3 2.35114
    endloop
  endfacet
  facet normal -0.838674 0 0.544634
    outer loop
      vertex -3.4641 -5 2
      vertex -3.23607 -3 2.35114
      vertex -3.4641 -3 2
    endloop
  endfacet
  facet normal -0.838674 0 0.544634
    outer loop
      vertex -3.23607 -3 2.35114
      vertex -3.4641 -5 2
      vertex -3.23607 -5 2.35114
    endloop
  endfacet
  facet normal -0.987687 0 0.156441
    outer loop
      vertex -3.97809 3 0.418114
      vertex -3.91259 5 0.831646
      vertex -3.97809 5 0.418114
    endloop
  endfacet
  facet normal -0.987687 0 0.156441
    outer loop
      vertex -3.91259 5 0.831646
      vertex -3.97809 3 0.418114
      vertex -3.91259 3 0.831646
    endloop
  endfacet
  facet normal -0.987687 0 0.156441
    outer loop
      vertex -3.97809 -5 0.418114
      vertex -3.91259 -3 0.831646
      vertex -3.97809 -3 0.418114
    endloop
  endfacet
  facet normal -0.987687 0 0.156441
    outer loop
      vertex -3.91259 -3 0.831646
      vertex -3.97809 -5 0.418114
      vertex -3.91259 -5 0.831646
    endloop
  endfacet
  facet normal 0.544634 0 0.838674
    outer loop
      vertex 2 5 3.4641
      vertex 2.35114 3 3.23607
      vertex 2.35114 5 3.23607
    endloop
  endfacet
  facet normal 0.544634 0 0.838674
    outer loop
      vertex 2.35114 3 3.23607
      vertex 2 5 3.4641
      vertex 2 3 3.4641
    endloop
  endfacet
  facet normal 0.544634 0 0.838674
    outer loop
      vertex 2 -3 3.4641
      vertex 2.35114 -5 3.23607
      vertex 2.35114 -3 3.23607
    endloop
  endfacet
  facet normal 0.544634 0 0.838674
    outer loop
      vertex 2.35114 -5 3.23607
      vertex 2 -3 3.4641
      vertex 2 -5 3.4641
    endloop
  endfacet
  facet normal 0.99863 0 -0.0523302
    outer loop
      vertex 4 3 0
      vertex 3.97809 5 -0.418114
      vertex 4 5 0
    endloop
  endfacet
  facet normal 0.99863 0 -0.0523302
    outer loop
      vertex 3.97809 5 -0.418114
      vertex 4 3 0
      vertex 3.97809 3 -0.418114
    endloop
  endfacet
  facet normal 0.99863 0 -0.0523302
    outer loop
      vertex 4 -5 0
      vertex 3.97809 -3 -0.418114
      vertex 4 -3 0
    endloop
  endfacet
  facet normal 0.99863 0 -0.0523302
    outer loop
      vertex 3.97809 -3 -0.418114
      vertex 4 -5 0
      vertex 3.97809 -5 -0.418114
    endloop
  endfacet
  facet normal -0.777143 0 0.629324
    outer loop
      vertex -3.23607 3 2.35114
      vertex -2.97258 5 2.67652
      vertex -3.23607 5 2.35114
    endloop
  endfacet
  facet normal -0.777143 0 0.629324
    outer loop
      vertex -2.97258 5 2.67652
      vertex -3.23607 3 2.35114
      vertex -2.97258 3 2.67652
    endloop
  endfacet
  facet normal -0.777143 0 0.629324
    outer loop
      vertex -3.23607 -5 2.35114
      vertex -2.97258 -3 2.67652
      vertex -3.23607 -3 2.35114
    endloop
  endfacet
  facet normal -0.777143 0 0.629324
    outer loop
      vertex -2.97258 -3 2.67652
      vertex -3.23607 -5 2.35114
      vertex -2.97258 -5 2.67652
    endloop
  endfacet
  facet normal 0.358379 0 0.933576
    outer loop
      vertex 1.23607 -3 3.80423
      vertex 1.62695 -5 3.65418
      vertex 1.62695 -3 3.65418
    endloop
  endfacet
  facet normal 0.358379 0 0.933576
    outer loop
      vertex 1.62695 -5 3.65418
      vertex 1.23607 -3 3.80423
      vertex 1.23607 -5 3.80423
    endloop
  endfacet
  facet normal 0.358379 0 0.933576
    outer loop
      vertex 1.23607 5 3.80423
      vertex 1.62695 3 3.65418
      vertex 1.62695 5 3.65418
    endloop
  endfacet
  facet normal 0.358379 0 0.933576
    outer loop
      vertex 1.62695 3 3.65418
      vertex 1.23607 5 3.80423
      vertex 1.23607 3 3.80423
    endloop
  endfacet
  facet normal -0.629324 0 0.777143
    outer loop
      vertex -2.67652 5 2.97258
      vertex -2.35114 3 3.23607
      vertex -2.35114 5 3.23607
    endloop
  endfacet
  facet normal -0.629324 0 0.777143
    outer loop
      vertex -2.35114 3 3.23607
      vertex -2.67652 5 2.97258
      vertex -2.67652 3 2.97258
    endloop
  endfacet
  facet normal -0.629324 0 0.777143
    outer loop
      vertex -2.67652 -3 2.97258
      vertex -2.35114 -5 3.23607
      vertex -2.35114 -3 3.23607
    endloop
  endfacet
  facet normal -0.629324 0 0.777143
    outer loop
      vertex -2.35114 -5 3.23607
      vertex -2.67652 -3 2.97258
      vertex -2.67652 -5 2.97258
    endloop
  endfacet
  facet normal 0.629324 0 -0.777143
    outer loop
      vertex 2.35114 3 -3.23607
      vertex 2.67652 5 -2.97258
      vertex 2.67652 3 -2.97258
    endloop
  endfacet
  facet normal 0.629324 0 -0.777143
    outer loop
      vertex 2.67652 5 -2.97258
      vertex 2.35114 3 -3.23607
      vertex 2.35114 5 -3.23607
    endloop
  endfacet
  facet normal 0.629324 0 -0.777143
    outer loop
      vertex 2.35114 -5 -3.23607
      vertex 2.67652 -3 -2.97258
      vertex 2.67652 -5 -2.97258
    endloop
  endfacet
  facet normal 0.629324 0 -0.777143
    outer loop
      vertex 2.67652 -3 -2.97258
      vertex 2.35114 -5 -3.23607
      vertex 2.35114 -3 -3.23607
    endloop
  endfacet
  facet normal -0.358379 0 -0.933576
    outer loop
      vertex -1.62695 -5 -3.65418
      vertex -1.23607 -3 -3.80423
      vertex -1.23607 -5 -3.80423
    endloop
  endfacet
  facet normal -0.358379 0 -0.933576
    outer loop
      vertex -1.23607 -3 -3.80423
      vertex -1.62695 -5 -3.65418
      vertex -1.62695 -3 -3.65418
    endloop
  endfacet
  facet normal -0.358379 0 -0.933576
    outer loop
      vertex -1.62695 3 -3.65418
      vertex -1.23607 5 -3.80423
      vertex -1.23607 3 -3.80423
    endloop
  endfacet
  facet normal -0.358379 0 -0.933576
    outer loop
      vertex -1.23607 5 -3.80423
      vertex -1.62695 3 -3.65418
      vertex -1.62695 5 -3.65418
    endloop
  endfacet
  facet normal 0.891005 0 -0.453993
    outer loop
      vertex 3.65418 -5 -1.62695
      vertex 3.4641 -3 -2
      vertex 3.65418 -3 -1.62695
    endloop
  endfacet
  facet normal 0.891005 0 -0.453993
    outer loop
      vertex 3.4641 -3 -2
      vertex 3.65418 -5 -1.62695
      vertex 3.4641 -5 -2
    endloop
  endfacet
  facet normal 0.891005 0 -0.453993
    outer loop
      vertex 3.65418 3 -1.62695
      vertex 3.4641 5 -2
      vertex 3.65418 5 -1.62695
    endloop
  endfacet
  facet normal 0.891005 0 -0.453993
    outer loop
      vertex 3.4641 5 -2
      vertex 3.65418 3 -1.62695
      vertex 3.4641 3 -2
    endloop
  endfacet
  facet normal -0.933576 0 -0.358379
    outer loop
      vertex -3.65418 -5 -1.62695
      vertex -3.80423 -3 -1.23607
      vertex -3.65418 -3 -1.62695
    endloop
  endfacet
  facet normal -0.933576 -0 -0.358379
    outer loop
      vertex -3.80423 -3 -1.23607
      vertex -3.65418 -5 -1.62695
      vertex -3.80423 -5 -1.23607
    endloop
  endfacet
  facet normal -0.933576 0 -0.358379
    outer loop
      vertex -3.65418 3 -1.62695
      vertex -3.80423 5 -1.23607
      vertex -3.65418 5 -1.62695
    endloop
  endfacet
  facet normal -0.933576 -0 -0.358379
    outer loop
      vertex -3.80423 5 -1.23607
      vertex -3.65418 3 -1.62695
      vertex -3.80423 3 -1.23607
    endloop
  endfacet
  facet normal -0.777143 0 -0.629324
    outer loop
      vertex -2.97258 -5 -2.67652
      vertex -3.23607 -3 -2.35114
      vertex -2.97258 -3 -2.67652
    endloop
  endfacet
  facet normal -0.777143 -0 -0.629324
    outer loop
      vertex -3.23607 -3 -2.35114
      vertex -2.97258 -5 -2.67652
      vertex -3.23607 -5 -2.35114
    endloop
  endfacet
  facet normal -0.777143 0 -0.629324
    outer loop
      vertex -2.97258 3 -2.67652
      vertex -3.23607 5 -2.35114
      vertex -2.97258 5 -2.67652
    endloop
  endfacet
  facet normal -0.777143 -0 -0.629324
    outer loop
      vertex -3.23607 5 -2.35114
      vertex -2.97258 3 -2.67652
      vertex -3.23607 3 -2.35114
    endloop
  endfacet
  facet normal -0.891005 0 0.453993
    outer loop
      vertex -3.65418 3 1.62695
      vertex -3.4641 5 2
      vertex -3.65418 5 1.62695
    endloop
  endfacet
  facet normal -0.891005 0 0.453993
    outer loop
      vertex -3.4641 5 2
      vertex -3.65418 3 1.62695
      vertex -3.4641 3 2
    endloop
  endfacet
  facet normal -0.891005 0 0.453993
    outer loop
      vertex -3.65418 -5 1.62695
      vertex -3.4641 -3 2
      vertex -3.65418 -3 1.62695
    endloop
  endfacet
  facet normal -0.891005 0 0.453993
    outer loop
      vertex -3.4641 -3 2
      vertex -3.65418 -5 1.62695
      vertex -3.4641 -5 2
    endloop
  endfacet
  facet normal 0.544634 0 -0.838674
    outer loop
      vertex 2 3 -3.4641
      vertex 2.35114 5 -3.23607
      vertex 2.35114 3 -3.23607
    endloop
  endfacet
  facet normal 0.544634 0 -0.838674
    outer loop
      vertex 2.35114 5 -3.23607
      vertex 2 3 -3.4641
      vertex 2 5 -3.4641
    endloop
  endfacet
  facet normal 0.544634 0 -0.838674
    outer loop
      vertex 2 -5 -3.4641
      vertex 2.35114 -3 -3.23607
      vertex 2.35114 -5 -3.23607
    endloop
  endfacet
  facet normal 0.544634 0 -0.838674
    outer loop
      vertex 2.35114 -3 -3.23607
      vertex 2 -5 -3.4641
      vertex 2 -3 -3.4641
    endloop
  endfacet
  facet normal -0.99863 0 0.0523302
    outer loop
      vertex -4 -5 0
      vertex -3.97809 -3 0.418114
      vertex -4 -3 0
    endloop
  endfacet
  facet normal -0.99863 0 0.0523302
    outer loop
      vertex -3.97809 -3 0.418114
      vertex -4 -5 0
      vertex -3.97809 -5 0.418114
    endloop
  endfacet
  facet normal -0.99863 0 0.0523302
    outer loop
      vertex -4 3 0
      vertex -3.97809 5 0.418114
      vertex -4 5 0
    endloop
  endfacet
  facet normal -0.99863 0 0.0523302
    outer loop
      vertex -3.97809 5 0.418114
      vertex -4 3 0
      vertex -3.97809 3 0.418114
    endloop
  endfacet
  facet normal -0.156441 0 -0.987687
    outer loop
      vertex -0.831646 -5 -3.91259
      vertex -0.418114 -3 -3.97809
      vertex -0.418114 -5 -3.97809
    endloop
  endfacet
  facet normal -0.156441 0 -0.987687
    outer loop
      vertex -0.418114 -3 -3.97809
      vertex -0.831646 -5 -3.91259
      vertex -0.831646 -3 -3.91259
    endloop
  endfacet
  facet normal -0.156441 0 -0.987687
    outer loop
      vertex -0.831646 3 -3.91259
      vertex -0.418114 5 -3.97809
      vertex -0.418114 3 -3.97809
    endloop
  endfacet
  facet normal -0.156441 0 -0.987687
    outer loop
      vertex -0.418114 5 -3.97809
      vertex -0.831646 3 -3.91259
      vertex -0.831646 5 -3.91259
    endloop
  endfacet
  facet normal 0.707107 0 -0.707107
    outer loop
      vertex 2.97258 3 -2.67652
      vertex 2.67652 5 -2.97258
      vertex 2.97258 5 -2.67652
    endloop
  endfacet
  facet normal 0.707107 0 -0.707107
    outer loop
      vertex 2.67652 5 -2.97258
      vertex 2.97258 3 -2.67652
      vertex 2.67652 3 -2.97258
    endloop
  endfacet
  facet normal 0.707107 0 -0.707107
    outer loop
      vertex 2.97258 -5 -2.67652
      vertex 2.67652 -3 -2.97258
      vertex 2.97258 -3 -2.67652
    endloop
  endfacet
  facet normal 0.707107 0 -0.707107
    outer loop
      vertex 2.67652 -3 -2.97258
      vertex 2.97258 -5 -2.67652
      vertex 2.67652 -5 -2.97258
    endloop
  endfacet
  facet normal 0.866026 0 -0.499999
    outer loop
      vertex 35.5981 -2 15.0885
      vertex 26.5981 2 -0.5
      vertex 35.5981 2 15.0885
    endloop
  endfacet
  facet normal 0.866026 0 -0.499999
    outer loop
      vertex 26.5981 2 -0.5
      vertex 35.5981 -2 15.0885
      vertex 26.5981 -2 -0.5
    endloop
  endfacet
  facet normal 0.499981 0 0.866036
    outer loop
      vertex 33.2514 2 16.4433
      vertex 35.5981 -2 15.0885
      vertex 35.5981 2 15.0885
    endloop
  endfacet
  facet normal 0.499981 0 0.866036
    outer loop
      vertex 35.5981 -2 15.0885
      vertex 33.2514 2 16.4433
      vertex 33.2514 -2 16.4433
    endloop
  endfacet
  facet normal -0.499966 0 -0.866045
    outer loop
      vertex 25.9921 -2 -0.150157
      vertex 26.5981 2 -0.5
      vertex 26.5981 -2 -0.5
    endloop
  endfacet
  facet normal -0.499966 0 -0.866045
    outer loop
      vertex 26.5981 2 -0.5
      vertex 25.9921 -2 -0.150157
      vertex 25.9921 2 -0.150157
    endloop
  endfacet
  facet normal -0.866026 0 0.499999
    outer loop
      vertex 25.6712 -2 3.89456
      vertex 32.7449 2 16.1466
      vertex 25.6712 2 3.89456
    endloop
  endfacet
  facet normal -0.866026 0 0.499999
    outer loop
      vertex 32.7449 2 16.1466
      vertex 25.6712 -2 3.89456
      vertex 32.7449 -2 16.1466
    endloop
  endfacet
  facet normal 0 1 0
    outer loop
      vertex 35.5981 2 15.0885
      vertex 29.6248 2 5.34976
      vertex 28.9778 2 7.76457
    endloop
  endfacet
  facet normal 0 1 0
    outer loop
      vertex 29.6248 2 5.34976
      vertex 25.8576 2 2.71774
      vertex 25.8905 2 3.83152
    endloop
  endfacet
  facet normal 0 1 -0
    outer loop
      vertex 26.5981 2 -0.5
      vertex 25.8576 2 2.71774
      vertex 29.6248 2 5.34976
    endloop
  endfacet
  facet normal 0 1 0
    outer loop
      vertex 25.8576 2 2.71774
      vertex 26.5981 2 -0.5
      vertex 26 2 0
    endloop
  endfacet
  facet normal 0 1 0
    outer loop
      vertex 26 2 0
      vertex 26.5981 2 -0.5
      vertex 25.9921 2 -0.150157
    endloop
  endfacet
  facet normal 0 1 0
    outer loop
      vertex 26.5981 2 -0.5
      vertex 29.6248 2 5.34976
      vertex 35.5981 2 15.0885
    endloop
  endfacet
  facet normal 0 1 0
    outer loop
      vertex 35.5981 2 15.0885
      vertex 33.1756 2 16.382
      vertex 33.2514 2 16.4433
    endloop
  endfacet
  facet normal 0 1 0
    outer loop
      vertex 35.5981 2 15.0885
      vertex 33 2 16.2679
      vertex 33.1756 2 16.382
    endloop
  endfacet
  facet normal 0 1 0
    outer loop
      vertex 35.5981 2 15.0885
      vertex 32.8135 2 16.1729
      vertex 33 2 16.2679
    endloop
  endfacet
  facet normal 0 1 0
    outer loop
      vertex 35.5981 2 15.0885
      vertex 32.7449 2 16.1466
      vertex 32.8135 2 16.1729
    endloop
  endfacet
  facet normal 0 1 0
    outer loop
      vertex 28.9778 2 7.76457
      vertex 32.7449 2 16.1466
      vertex 35.5981 2 15.0885
    endloop
  endfacet
  facet normal 0 1 -0
    outer loop
      vertex 28.9778 2 7.76457
      vertex 25.6712 2 3.89456
      vertex 32.7449 2 16.1466
    endloop
  endfacet
  facet normal 0 1 -0
    outer loop
      vertex 25.8905 2 3.83152
      vertex 25.6712 2 3.89456
      vertex 28.9778 2 7.76457
    endloop
  endfacet
  facet normal 0 1 0
    outer loop
      vertex 25.6712 2 3.89456
      vertex 25.8905 2 3.83152
      vertex 25.8576 2 2.71774
    endloop
  endfacet
  facet normal 0 -1 0
    outer loop
      vertex 33.1756 -2 16.382
      vertex 35.5981 -2 15.0885
      vertex 33.2514 -2 16.4433
    endloop
  endfacet
  facet normal 0 -1 0
    outer loop
      vertex 33 -2 16.2679
      vertex 35.5981 -2 15.0885
      vertex 33.1756 -2 16.382
    endloop
  endfacet
  facet normal 0 -1 0
    outer loop
      vertex 32.8135 -2 16.1729
      vertex 35.5981 -2 15.0885
      vertex 33 -2 16.2679
    endloop
  endfacet
  facet normal 0 -1 0
    outer loop
      vertex 32.7449 -2 16.1466
      vertex 35.5981 -2 15.0885
      vertex 32.8135 -2 16.1729
    endloop
  endfacet
  facet normal 0 -1 -0
    outer loop
      vertex 32.7449 -2 16.1466
      vertex 28.9778 -2 7.76457
      vertex 35.5981 -2 15.0885
    endloop
  endfacet
  facet normal 0 -1 0
    outer loop
      vertex 25.6712 -2 3.89456
      vertex 28.9778 -2 7.76457
      vertex 32.7449 -2 16.1466
    endloop
  endfacet
  facet normal 0 -1 0
    outer loop
      vertex 25.6712 -2 3.89456
      vertex 25.8905 -2 3.83152
      vertex 28.9778 -2 7.76457
    endloop
  endfacet
  facet normal -0 -1 0
    outer loop
      vertex 25.8905 -2 3.83152
      vertex 25.6712 -2 3.89456
      vertex 25.8576 -2 2.71774
    endloop
  endfacet
  facet normal 0 -1 0
    outer loop
      vertex 29.6248 -2 5.34976
      vertex 35.5981 -2 15.0885
      vertex 28.9778 -2 7.76457
    endloop
  endfacet
  facet normal 0 -1 0
    outer loop
      vertex 25.8576 -2 2.71774
      vertex 29.6248 -2 5.34976
      vertex 25.8905 -2 3.83152
    endloop
  endfacet
  facet normal 0 -1 0
    outer loop
      vertex 26.5981 -2 -0.5
      vertex 25.8576 -2 2.71774
      vertex 26 -2 0
    endloop
  endfacet
  facet normal 0 -1 0
    outer loop
      vertex 26.5981 -2 -0.5
      vertex 26 -2 0
      vertex 25.9921 -2 -0.150157
    endloop
  endfacet
  facet normal 0 -1 -0
    outer loop
      vertex 29.6248 -2 5.34976
      vertex 26.5981 -2 -0.5
      vertex 35.5981 -2 15.0885
    endloop
  endfacet
  facet normal 0 -1 0
    outer loop
      vertex 25.8576 -2 2.71774
      vertex 26.5981 -2 -0.5
      vertex 29.6248 -2 5.34976
    endloop
  endfacet
  facet normal 0.987716 -0 0.156257
    outer loop
      vertex 33.9563 -3 18.4158
      vertex 33.989 3 18.2091
      vertex 33.9563 3 18.4158
    endloop
  endfacet
  facet normal 0.987716 0 0.156257
    outer loop
      vertex 33.989 3 18.2091
      vertex 33.9563 -3 18.4158
      vertex 33.989 -3 18.2091
    endloop
  endfacet
  facet normal 0.998619 -0 0.0525338
    outer loop
      vertex 33.989 -3 18.2091
      vertex 34 3 18
      vertex 33.989 3 18.2091
    endloop
  endfacet
  facet normal 0.998619 0 0.0525338
    outer loop
      vertex 34 3 18
      vertex 33.989 -3 18.2091
      vertex 34 -3 18
    endloop
  endfacet
  facet normal 0.45389 0 -0.891058
    outer loop
      vertex 32.8135 -3 16.1729
      vertex 33 -2 16.2679
      vertex 33 -3 16.2679
    endloop
  endfacet
  facet normal 0.45389 0 -0.891058
    outer loop
      vertex 33 -2 16.2679
      vertex 32.8135 -3 16.1729
      vertex 32.8135 -2 16.1729
    endloop
  endfacet
  facet normal 0.45389 0 -0.891058
    outer loop
      vertex 32.8135 2 16.1729
      vertex 33 3 16.2679
      vertex 33 2 16.2679
    endloop
  endfacet
  facet normal 0.45389 0 -0.891058
    outer loop
      vertex 33 3 16.2679
      vertex 32.8135 2 16.1729
      vertex 32.8135 3 16.1729
    endloop
  endfacet
  facet normal 0.965901 -0 0.258911
    outer loop
      vertex 33.9021 -3 18.618
      vertex 33.9563 3 18.4158
      vertex 33.9021 3 18.618
    endloop
  endfacet
  facet normal 0.965901 0 0.258911
    outer loop
      vertex 33.9563 3 18.4158
      vertex 33.9021 -3 18.618
      vertex 33.9563 -3 18.4158
    endloop
  endfacet
  facet normal -0.777267 0 0.629171
    outer loop
      vertex 30.382 1 19.1756
      vertex 30.5137 3 19.3383
      vertex 30.382 3 19.1756
    endloop
  endfacet
  facet normal -0.777267 0 0.629171
    outer loop
      vertex 30.5137 3 19.3383
      vertex 30.382 1 19.1756
      vertex 30.5137 1 19.3383
    endloop
  endfacet
  facet normal -0.777267 0 0.629171
    outer loop
      vertex 30.382 -3 19.1756
      vertex 30.5137 -1 19.3383
      vertex 30.382 -1 19.1756
    endloop
  endfacet
  facet normal -0.777267 0 0.629171
    outer loop
      vertex 30.5137 -1 19.3383
      vertex 30.382 -3 19.1756
      vertex 30.5137 -3 19.3383
    endloop
  endfacet
  facet normal 0.933653 -0 0.358179
    outer loop
      vertex 33.8271 -3 18.8135
      vertex 33.9021 3 18.618
      vertex 33.8271 3 18.8135
    endloop
  endfacet
  facet normal 0.933653 0 0.358179
    outer loop
      vertex 33.9021 3 18.618
      vertex 33.8271 -3 18.8135
      vertex 33.9021 -3 18.618
    endloop
  endfacet
  facet normal 0.358179 0 0.933653
    outer loop
      vertex 32.618 3 19.9021
      vertex 32.8135 -3 19.8271
      vertex 32.8135 3 19.8271
    endloop
  endfacet
  facet normal 0.358179 0 0.933653
    outer loop
      vertex 32.8135 -3 19.8271
      vertex 32.618 3 19.9021
      vertex 32.618 -3 19.9021
    endloop
  endfacet
  facet normal -0.629171 0 0.777267
    outer loop
      vertex 30.6617 -1 19.4863
      vertex 30.8244 -3 19.618
      vertex 30.8244 -1 19.618
    endloop
  endfacet
  facet normal -0.629171 0 0.777267
    outer loop
      vertex 30.8244 -3 19.618
      vertex 30.6617 -1 19.4863
      vertex 30.6617 -3 19.4863
    endloop
  endfacet
  facet normal -0.629171 0 0.777267
    outer loop
      vertex 30.6617 3 19.4863
      vertex 30.8244 1 19.618
      vertex 30.8244 3 19.618
    endloop
  endfacet
  facet normal -0.629171 0 0.777267
    outer loop
      vertex 30.8244 1 19.618
      vertex 30.6617 3 19.4863
      vertex 30.6617 1 19.4863
    endloop
  endfacet
  facet normal 0.933653 0 -0.358179
    outer loop
      vertex 33.9021 -3 17.382
      vertex 33.8271 3 17.1865
      vertex 33.9021 3 17.382
    endloop
  endfacet
  facet normal 0.933653 0 -0.358179
    outer loop
      vertex 33.8271 3 17.1865
      vertex 33.9021 -3 17.382
      vertex 33.8271 -3 17.1865
    endloop
  endfacet
  facet normal -0.0525338 0 0.998619
    outer loop
      vertex 31.7909 3 19.989
      vertex 32 -3 20
      vertex 32 3 20
    endloop
  endfacet
  facet normal -0.0525338 0 0.998619
    outer loop
      vertex 32 -3 20
      vertex 31.7909 3 19.989
      vertex 31.7909 -3 19.989
    endloop
  endfacet
  facet normal 0.357976 0 -0.933731
    outer loop
      vertex 32.8135 -3 16.1729
      vertex 32.7449 -2 16.1466
      vertex 32.8135 -2 16.1729
    endloop
  endfacet
  facet normal 0.358289 0 -0.933611
    outer loop
      vertex 32.7449 -2 16.1466
      vertex 32.618 -3 16.0979
      vertex 32.7449 2 16.1466
    endloop
  endfacet
  facet normal 0.358179 1.59987e-05 -0.933653
    outer loop
      vertex 32.618 -3 16.0979
      vertex 32.7449 -2 16.1466
      vertex 32.8135 -3 16.1729
    endloop
  endfacet
  facet normal 0.357976 0 -0.933731
    outer loop
      vertex 32.7449 2 16.1466
      vertex 32.8135 3 16.1729
      vertex 32.8135 2 16.1729
    endloop
  endfacet
  facet normal 0.358179 -1.59987e-05 -0.933653
    outer loop
      vertex 32.7449 2 16.1466
      vertex 32.618 3 16.0979
      vertex 32.8135 3 16.1729
    endloop
  endfacet
  facet normal 0.358289 0 -0.933611
    outer loop
      vertex 32.618 3 16.0979
      vertex 32.7449 2 16.1466
      vertex 32.618 -3 16.0979
    endloop
  endfacet
  facet normal -0.933653 0 -0.358179
    outer loop
      vertex 30.1729 1 17.1865
      vertex 30.0979 3 17.382
      vertex 30.1729 3 17.1865
    endloop
  endfacet
  facet normal -0.933653 -0 -0.358179
    outer loop
      vertex 30.0979 3 17.382
      vertex 30.1729 1 17.1865
      vertex 30.0979 1 17.382
    endloop
  endfacet
  facet normal -0.933653 0 -0.358179
    outer loop
      vertex 30.1729 -3 17.1865
      vertex 30.0979 -1 17.382
      vertex 30.1729 -1 17.1865
    endloop
  endfacet
  facet normal -0.933653 -0 -0.358179
    outer loop
      vertex 30.0979 -1 17.382
      vertex 30.1729 -3 17.1865
      vertex 30.0979 -3 17.382
    endloop
  endfacet
  facet normal 0.890864 -0 0.454269
    outer loop
      vertex 33.732 -3 19
      vertex 33.8271 3 18.8135
      vertex 33.732 3 19
    endloop
  endfacet
  facet normal 0.890864 0 0.454269
    outer loop
      vertex 33.8271 3 18.8135
      vertex 33.732 -3 19
      vertex 33.8271 -3 18.8135
    endloop
  endfacet
  facet normal 0.258911 0 -0.965901
    outer loop
      vertex 32.4158 -3 16.0437
      vertex 32.618 3 16.0979
      vertex 32.618 -3 16.0979
    endloop
  endfacet
  facet normal 0.258911 0 -0.965901
    outer loop
      vertex 32.618 3 16.0979
      vertex 32.4158 -3 16.0437
      vertex 32.4158 3 16.0437
    endloop
  endfacet
  facet normal -0.933653 0 0.358179
    outer loop
      vertex 30.0979 1 18.618
      vertex 30.1729 3 18.8135
      vertex 30.0979 3 18.618
    endloop
  endfacet
  facet normal -0.933653 0 0.358179
    outer loop
      vertex 30.1729 3 18.8135
      vertex 30.0979 1 18.618
      vertex 30.1729 1 18.8135
    endloop
  endfacet
  facet normal -0.933653 0 0.358179
    outer loop
      vertex 30.0979 -3 18.618
      vertex 30.1729 -1 18.8135
      vertex 30.0979 -1 18.618
    endloop
  endfacet
  facet normal -0.933653 0 0.358179
    outer loop
      vertex 30.1729 -1 18.8135
      vertex 30.0979 -3 18.618
      vertex 30.1729 -3 18.8135
    endloop
  endfacet
  facet normal -0.454269 0 0.890864
    outer loop
      vertex 31 3 19.732
      vertex 31.1865 -3 19.8271
      vertex 31.1865 3 19.8271
    endloop
  endfacet
  facet normal -0.454269 0 0.890864
    outer loop
      vertex 31.1865 -3 19.8271
      vertex 31 3 19.732
      vertex 31 -3 19.732
    endloop
  endfacet
  facet normal 0.156257 0 -0.987716
    outer loop
      vertex 32.2091 -3 16.011
      vertex 32.4158 3 16.0437
      vertex 32.4158 -3 16.0437
    endloop
  endfacet
  facet normal 0.156257 0 -0.987716
    outer loop
      vertex 32.4158 3 16.0437
      vertex 32.2091 -3 16.011
      vertex 32.2091 3 16.011
    endloop
  endfacet
  facet normal -0.987716 0 0.156257
    outer loop
      vertex 30.011 -3 18.2091
      vertex 30.0437 -1 18.4158
      vertex 30.011 -1 18.2091
    endloop
  endfacet
  facet normal -0.987716 0 0.156257
    outer loop
      vertex 30.0437 -1 18.4158
      vertex 30.011 -3 18.2091
      vertex 30.0437 -3 18.4158
    endloop
  endfacet
  facet normal -0.987716 0 0.156257
    outer loop
      vertex 30.011 1 18.2091
      vertex 30.0437 3 18.4158
      vertex 30.011 3 18.2091
    endloop
  endfacet
  facet normal -0.987716 0 0.156257
    outer loop
      vertex 30.0437 3 18.4158
      vertex 30.011 1 18.2091
      vertex 30.0437 1 18.4158
    endloop
  endfacet
  facet normal 0.544854 0 -0.838531
    outer loop
      vertex 33 2 16.2679
      vertex 33.1756 3 16.382
      vertex 33.1756 2 16.382
    endloop
  endfacet
  facet normal 0.544854 0 -0.838531
    outer loop
      vertex 33.1756 3 16.382
      vertex 33 2 16.2679
      vertex 33 3 16.2679
    endloop
  endfacet
  facet normal 0.544854 0 -0.838531
    outer loop
      vertex 33 -3 16.2679
      vertex 33.1756 -2 16.382
      vertex 33.1756 -3 16.382
    endloop
  endfacet
  facet normal 0.544854 0 -0.838531
    outer loop
      vertex 33.1756 -2 16.382
      vertex 33 -3 16.2679
      vertex 33 -2 16.2679
    endloop
  endfacet
  facet normal 0 1 0
    outer loop
      vertex 32.2091 3 19.989
      vertex 31.7909 3 19.989
      vertex 32 3 20
    endloop
  endfacet
  facet normal 0 1 0
    outer loop
      vertex 32.4158 3 19.9563
      vertex 31.7909 3 19.989
      vertex 32.2091 3 19.989
    endloop
  endfacet
  facet normal 0 1 0
    outer loop
      vertex 32.4158 3 19.9563
      vertex 31.5842 3 19.9563
      vertex 31.7909 3 19.989
    endloop
  endfacet
  facet normal 0 1 0
    outer loop
      vertex 32.618 3 19.9021
      vertex 31.5842 3 19.9563
      vertex 32.4158 3 19.9563
    endloop
  endfacet
  facet normal 0 1 0
    outer loop
      vertex 32.618 3 19.9021
      vertex 31.382 3 19.9021
      vertex 31.5842 3 19.9563
    endloop
  endfacet
  facet normal 0 1 0
    outer loop
      vertex 32.8135 3 19.8271
      vertex 31.382 3 19.9021
      vertex 32.618 3 19.9021
    endloop
  endfacet
  facet normal 0 1 0
    outer loop
      vertex 32.8135 3 19.8271
      vertex 31.1865 3 19.8271
      vertex 31.382 3 19.9021
    endloop
  endfacet
  facet normal 0 1 0
    outer loop
      vertex 33 3 19.732
      vertex 31.1865 3 19.8271
      vertex 32.8135 3 19.8271
    endloop
  endfacet
  facet normal 0 1 0
    outer loop
      vertex 33 3 19.732
      vertex 31 3 19.732
      vertex 31.1865 3 19.8271
    endloop
  endfacet
  facet normal 0 1 0
    outer loop
      vertex 33.1756 3 19.618
      vertex 31 3 19.732
      vertex 33 3 19.732
    endloop
  endfacet
  facet normal 0 1 0
    outer loop
      vertex 33.1756 3 19.618
      vertex 30.8244 3 19.618
      vertex 31 3 19.732
    endloop
  endfacet
  facet normal 0 1 0
    outer loop
      vertex 33.3383 3 19.4863
      vertex 30.8244 3 19.618
      vertex 33.1756 3 19.618
    endloop
  endfacet
  facet normal 0 1 0
    outer loop
      vertex 33.3383 3 19.4863
      vertex 30.6617 3 19.4863
      vertex 30.8244 3 19.618
    endloop
  endfacet
  facet normal 0 1 0
    outer loop
      vertex 33.4863 3 19.3383
      vertex 30.6617 3 19.4863
      vertex 33.3383 3 19.4863
    endloop
  endfacet
  facet normal 0 1 0
    outer loop
      vertex 33.4863 3 19.3383
      vertex 30.5137 3 19.3383
      vertex 30.6617 3 19.4863
    endloop
  endfacet
  facet normal 0 1 0
    outer loop
      vertex 33.618 3 19.1756
      vertex 30.5137 3 19.3383
      vertex 33.4863 3 19.3383
    endloop
  endfacet
  facet normal 0 1 0
    outer loop
      vertex 33.618 3 19.1756
      vertex 30.382 3 19.1756
      vertex 30.5137 3 19.3383
    endloop
  endfacet
  facet normal 0 1 0
    outer loop
      vertex 33.732 3 19
      vertex 30.382 3 19.1756
      vertex 33.618 3 19.1756
    endloop
  endfacet
  facet normal 0 1 0
    outer loop
      vertex 33.732 3 19
      vertex 30.2679 3 19
      vertex 30.382 3 19.1756
    endloop
  endfacet
  facet normal 0 1 0
    outer loop
      vertex 33.8271 3 18.8135
      vertex 30.2679 3 19
      vertex 33.732 3 19
    endloop
  endfacet
  facet normal 0 1 0
    outer loop
      vertex 33.8271 3 18.8135
      vertex 30.1729 3 18.8135
      vertex 30.2679 3 19
    endloop
  endfacet
  facet normal 0 1 0
    outer loop
      vertex 33.9021 3 18.618
      vertex 30.1729 3 18.8135
      vertex 33.8271 3 18.8135
    endloop
  endfacet
  facet normal 0 1 0
    outer loop
      vertex 33.9021 3 18.618
      vertex 30.0979 3 18.618
      vertex 30.1729 3 18.8135
    endloop
  endfacet
  facet normal 0 1 0
    outer loop
      vertex 33.9563 3 18.4158
      vertex 30.0979 3 18.618
      vertex 33.9021 3 18.618
    endloop
  endfacet
  facet normal 0 1 0
    outer loop
      vertex 33.9563 3 18.4158
      vertex 30.0437 3 18.4158
      vertex 30.0979 3 18.618
    endloop
  endfacet
  facet normal 0 1 0
    outer loop
      vertex 33.989 3 18.2091
      vertex 30.0437 3 18.4158
      vertex 33.9563 3 18.4158
    endloop
  endfacet
  facet normal 0 1 0
    outer loop
      vertex 33.989 3 18.2091
      vertex 30.011 3 18.2091
      vertex 30.0437 3 18.4158
    endloop
  endfacet
  facet normal 0 1 0
    outer loop
      vertex 34 3 18
      vertex 30.011 3 18.2091
      vertex 33.989 3 18.2091
    endloop
  endfacet
  facet normal 0 1 0
    outer loop
      vertex 34 3 18
      vertex 30 3 18
      vertex 30.011 3 18.2091
    endloop
  endfacet
  facet normal 0 1 -0
    outer loop
      vertex 33.989 3 17.7909
      vertex 30 3 18
      vertex 34 3 18
    endloop
  endfacet
  facet normal 0 1 0
    outer loop
      vertex 33.989 3 17.7909
      vertex 30.011 3 17.7909
      vertex 30 3 18
    endloop
  endfacet
  facet normal 0 1 -0
    outer loop
      vertex 33.9563 3 17.5842
      vertex 30.011 3 17.7909
      vertex 33.989 3 17.7909
    endloop
  endfacet
  facet normal 0 1 0
    outer loop
      vertex 33.9563 3 17.5842
      vertex 30.0437 3 17.5842
      vertex 30.011 3 17.7909
    endloop
  endfacet
  facet normal 0 1 -0
    outer loop
      vertex 33.9021 3 17.382
      vertex 30.0437 3 17.5842
      vertex 33.9563 3 17.5842
    endloop
  endfacet
  facet normal 0 1 0
    outer loop
      vertex 33.9021 3 17.382
      vertex 30.0979 3 17.382
      vertex 30.0437 3 17.5842
    endloop
  endfacet
  facet normal 0 1 -0
    outer loop
      vertex 33.8271 3 17.1865
      vertex 30.0979 3 17.382
      vertex 33.9021 3 17.382
    endloop
  endfacet
  facet normal 0 1 0
    outer loop
      vertex 33.8271 3 17.1865
      vertex 30.1729 3 17.1865
      vertex 30.0979 3 17.382
    endloop
  endfacet
  facet normal 0 1 -0
    outer loop
      vertex 33.732 3 17
      vertex 30.1729 3 17.1865
      vertex 33.8271 3 17.1865
    endloop
  endfacet
  facet normal 0 1 0
    outer loop
      vertex 33.732 3 17
      vertex 30.2679 3 17
      vertex 30.1729 3 17.1865
    endloop
  endfacet
  facet normal 0 1 -0
    outer loop
      vertex 33.618 3 16.8244
      vertex 30.2679 3 17
      vertex 33.732 3 17
    endloop
  endfacet
  facet normal 0 1 0
    outer loop
      vertex 33.618 3 16.8244
      vertex 30.382 3 16.8244
      vertex 30.2679 3 17
    endloop
  endfacet
  facet normal 0 1 -0
    outer loop
      vertex 33.4863 3 16.6617
      vertex 30.382 3 16.8244
      vertex 33.618 3 16.8244
    endloop
  endfacet
  facet normal 0 1 0
    outer loop
      vertex 33.4863 3 16.6617
      vertex 30.5137 3 16.6617
      vertex 30.382 3 16.8244
    endloop
  endfacet
  facet normal 0 1 -0
    outer loop
      vertex 33.3383 3 16.5137
      vertex 30.5137 3 16.6617
      vertex 33.4863 3 16.6617
    endloop
  endfacet
  facet normal 0 1 0
    outer loop
      vertex 33.3383 3 16.5137
      vertex 30.6617 3 16.5137
      vertex 30.5137 3 16.6617
    endloop
  endfacet
  facet normal 0 1 -0
    outer loop
      vertex 33.1756 3 16.382
      vertex 30.6617 3 16.5137
      vertex 33.3383 3 16.5137
    endloop
  endfacet
  facet normal 0 1 0
    outer loop
      vertex 33.1756 3 16.382
      vertex 30.8244 3 16.382
      vertex 30.6617 3 16.5137
    endloop
  endfacet
  facet normal 0 1 -0
    outer loop
      vertex 33 3 16.2679
      vertex 30.8244 3 16.382
      vertex 33.1756 3 16.382
    endloop
  endfacet
  facet normal 0 1 0
    outer loop
      vertex 33 3 16.2679
      vertex 31 3 16.2679
      vertex 30.8244 3 16.382
    endloop
  endfacet
  facet normal 0 1 -0
    outer loop
      vertex 32.8135 3 16.1729
      vertex 31 3 16.2679
      vertex 33 3 16.2679
    endloop
  endfacet
  facet normal 0 1 0
    outer loop
      vertex 32.8135 3 16.1729
      vertex 31.1865 3 16.1729
      vertex 31 3 16.2679
    endloop
  endfacet
  facet normal 0 1 -0
    outer loop
      vertex 32.618 3 16.0979
      vertex 31.1865 3 16.1729
      vertex 32.8135 3 16.1729
    endloop
  endfacet
  facet normal 0 1 0
    outer loop
      vertex 32.618 3 16.0979
      vertex 31.382 3 16.0979
      vertex 31.1865 3 16.1729
    endloop
  endfacet
  facet normal 0 1 -0
    outer loop
      vertex 32.4158 3 16.0437
      vertex 31.382 3 16.0979
      vertex 32.618 3 16.0979
    endloop
  endfacet
  facet normal 0 1 0
    outer loop
      vertex 32.4158 3 16.0437
      vertex 31.5842 3 16.0437
      vertex 31.382 3 16.0979
    endloop
  endfacet
  facet normal 0 1 -0
    outer loop
      vertex 32.2091 3 16.011
      vertex 31.5842 3 16.0437
      vertex 32.4158 3 16.0437
    endloop
  endfacet
  facet normal 0 1 0
    outer loop
      vertex 32.2091 3 16.011
      vertex 31.7909 3 16.011
      vertex 31.5842 3 16.0437
    endloop
  endfacet
  facet normal -0 1 0
    outer loop
      vertex 31.7909 3 16.011
      vertex 32.2091 3 16.011
      vertex 32 3 16
    endloop
  endfacet
  facet normal -0.0525338 0 -0.998619
    outer loop
      vertex 31.7909 -3 16.011
      vertex 32 3 16
      vertex 32 -3 16
    endloop
  endfacet
  facet normal -0.0525338 0 -0.998619
    outer loop
      vertex 32 3 16
      vertex 31.7909 -3 16.011
      vertex 31.7909 3 16.011
    endloop
  endfacet
  facet normal -0.258911 0 0.965901
    outer loop
      vertex 31.382 3 19.9021
      vertex 31.5842 -3 19.9563
      vertex 31.5842 3 19.9563
    endloop
  endfacet
  facet normal -0.258911 0 0.965901
    outer loop
      vertex 31.5842 -3 19.9563
      vertex 31.382 3 19.9021
      vertex 31.382 -3 19.9021
    endloop
  endfacet
  facet normal 0.629481 0 -0.777016
    outer loop
      vertex 33.3383 -3 16.5137
      vertex 33.2514 -2 16.4433
      vertex 33.3383 3 16.5137
    endloop
  endfacet
  facet normal 0.629171 -4.46678e-05 -0.777267
    outer loop
      vertex 33.1756 -3 16.382
      vertex 33.2514 -2 16.4433
      vertex 33.3383 -3 16.5137
    endloop
  endfacet
  facet normal 0.628815 0 -0.777555
    outer loop
      vertex 33.2514 -2 16.4433
      vertex 33.1756 -3 16.382
      vertex 33.1756 -2 16.382
    endloop
  endfacet
  facet normal 0.629481 0 -0.777016
    outer loop
      vertex 33.2514 2 16.4433
      vertex 33.3383 3 16.5137
      vertex 33.2514 -2 16.4433
    endloop
  endfacet
  facet normal 0.628815 0 -0.777555
    outer loop
      vertex 33.1756 3 16.382
      vertex 33.2514 2 16.4433
      vertex 33.1756 2 16.382
    endloop
  endfacet
  facet normal 0.629171 4.46678e-05 -0.777267
    outer loop
      vertex 33.2514 2 16.4433
      vertex 33.1756 3 16.382
      vertex 33.3383 3 16.5137
    endloop
  endfacet
  facet normal -0.838531 -5.96904e-07 -0.544854
    outer loop
      vertex 30.382 3 16.8244
      vertex 30.3718 1 16.8401
      vertex 30.2679 3 17
    endloop
  endfacet
  facet normal -0.838566 0 -0.544801
    outer loop
      vertex 30.382 3 16.8244
      vertex 30.3718 -1 16.8401
      vertex 30.3718 1 16.8401
    endloop
  endfacet
  facet normal -0.838566 0 -0.544801
    outer loop
      vertex 30.382 -3 16.8244
      vertex 30.3718 -1 16.8401
      vertex 30.382 3 16.8244
    endloop
  endfacet
  facet normal -0.838527 6.55509e-07 -0.544859
    outer loop
      vertex 30.382 -3 16.8244
      vertex 30.2679 -1 17
      vertex 30.3718 -1 16.8401
    endloop
  endfacet
  facet normal -0.838531 -0 -0.544854
    outer loop
      vertex 30.2679 -1 17
      vertex 30.382 -3 16.8244
      vertex 30.2679 -3 17
    endloop
  endfacet
  facet normal -0.838527 -0 -0.544859
    outer loop
      vertex 30.2679 3 17
      vertex 30.3718 1 16.8401
      vertex 30.2679 1 17
    endloop
  endfacet
  facet normal 0.454269 0 0.890864
    outer loop
      vertex 32.8135 3 19.8271
      vertex 33 -3 19.732
      vertex 33 3 19.732
    endloop
  endfacet
  facet normal 0.454269 0 0.890864
    outer loop
      vertex 33 -3 19.732
      vertex 32.8135 3 19.8271
      vertex 32.8135 -3 19.8271
    endloop
  endfacet
  facet normal -0.987716 0 -0.156257
    outer loop
      vertex 30.0437 1 17.5842
      vertex 30.011 3 17.7909
      vertex 30.0437 3 17.5842
    endloop
  endfacet
  facet normal -0.987716 -0 -0.156257
    outer loop
      vertex 30.011 3 17.7909
      vertex 30.0437 1 17.5842
      vertex 30.011 1 17.7909
    endloop
  endfacet
  facet normal -0.987716 0 -0.156257
    outer loop
      vertex 30.0437 -3 17.5842
      vertex 30.011 -1 17.7909
      vertex 30.0437 -1 17.5842
    endloop
  endfacet
  facet normal -0.987716 -0 -0.156257
    outer loop
      vertex 30.011 -1 17.7909
      vertex 30.0437 -3 17.5842
      vertex 30.011 -3 17.7909
    endloop
  endfacet
  facet normal -0.544381 0 0.838838
    outer loop
      vertex 31 3 19.732
      vertex 30.9077 1 19.6721
      vertex 31 -3 19.732
    endloop
  endfacet
  facet normal -0.544518 8.97977e-06 0.838749
    outer loop
      vertex 30.8244 3 19.618
      vertex 30.9077 1 19.6721
      vertex 31 3 19.732
    endloop
  endfacet
  facet normal -0.54467 0 0.838651
    outer loop
      vertex 30.9077 1 19.6721
      vertex 30.8244 3 19.618
      vertex 30.8244 1 19.618
    endloop
  endfacet
  facet normal -0.544381 0 0.838838
    outer loop
      vertex 30.9077 -1 19.6721
      vertex 31 -3 19.732
      vertex 30.9077 1 19.6721
    endloop
  endfacet
  facet normal -0.54467 0 0.838651
    outer loop
      vertex 30.8244 -3 19.618
      vertex 30.9077 -1 19.6721
      vertex 30.8244 -1 19.618
    endloop
  endfacet
  facet normal -0.544518 -8.97977e-06 0.838749
    outer loop
      vertex 30.9077 -1 19.6721
      vertex 30.8244 -3 19.618
      vertex 31 -3 19.732
    endloop
  endfacet
  facet normal -0.998619 0 -0.0525338
    outer loop
      vertex 30.011 1 17.7909
      vertex 30 3 18
      vertex 30.011 3 17.7909
    endloop
  endfacet
  facet normal -0.998619 -0 -0.0525338
    outer loop
      vertex 30 3 18
      vertex 30.011 1 17.7909
      vertex 30 1 18
    endloop
  endfacet
  facet normal -0.998619 0 -0.0525338
    outer loop
      vertex 30.011 -3 17.7909
      vertex 30 -1 18
      vertex 30.011 -1 17.7909
    endloop
  endfacet
  facet normal -0.998619 -0 -0.0525338
    outer loop
      vertex 30 -1 18
      vertex 30.011 -3 17.7909
      vertex 30 -3 18
    endloop
  endfacet
  facet normal 0.777267 -0 0.629171
    outer loop
      vertex 33.4863 -3 19.3383
      vertex 33.618 3 19.1756
      vertex 33.4863 3 19.3383
    endloop
  endfacet
  facet normal 0.777267 0 0.629171
    outer loop
      vertex 33.618 3 19.1756
      vertex 33.4863 -3 19.3383
      vertex 33.618 -3 19.1756
    endloop
  endfacet
  facet normal 0.544518 0 0.838749
    outer loop
      vertex 33 3 19.732
      vertex 33.1756 -3 19.618
      vertex 33.1756 3 19.618
    endloop
  endfacet
  facet normal 0.544518 0 0.838749
    outer loop
      vertex 33.1756 -3 19.618
      vertex 33 3 19.732
      vertex 33 -3 19.732
    endloop
  endfacet
  facet normal 0.707107 -0 0.707107
    outer loop
      vertex 33.3383 -3 19.4863
      vertex 33.4863 3 19.3383
      vertex 33.3383 3 19.4863
    endloop
  endfacet
  facet normal 0.707107 0 0.707107
    outer loop
      vertex 33.4863 3 19.3383
      vertex 33.3383 -3 19.4863
      vertex 33.4863 -3 19.3383
    endloop
  endfacet
  facet normal 0.707107 0 -0.707107
    outer loop
      vertex 33.4863 -3 16.6617
      vertex 33.3383 3 16.5137
      vertex 33.4863 3 16.6617
    endloop
  endfacet
  facet normal 0.707107 0 -0.707107
    outer loop
      vertex 33.3383 3 16.5137
      vertex 33.4863 -3 16.6617
      vertex 33.3383 -3 16.5137
    endloop
  endfacet
  facet normal 0.0525338 0 -0.998619
    outer loop
      vertex 32 -3 16
      vertex 32.2091 3 16.011
      vertex 32.2091 -3 16.011
    endloop
  endfacet
  facet normal 0.0525338 0 -0.998619
    outer loop
      vertex 32.2091 3 16.011
      vertex 32 -3 16
      vertex 32 3 16
    endloop
  endfacet
  facet normal 0.838749 -0 0.544518
    outer loop
      vertex 33.618 -3 19.1756
      vertex 33.732 3 19
      vertex 33.618 3 19.1756
    endloop
  endfacet
  facet normal 0.838749 0 0.544518
    outer loop
      vertex 33.732 3 19
      vertex 33.618 -3 19.1756
      vertex 33.732 -3 19
    endloop
  endfacet
  facet normal -0.544854 0 -0.838531
    outer loop
      vertex 30.8244 -3 16.382
      vertex 31 3 16.2679
      vertex 31 -3 16.2679
    endloop
  endfacet
  facet normal -0.544854 0 -0.838531
    outer loop
      vertex 31 3 16.2679
      vertex 30.8244 -3 16.382
      vertex 30.8244 3 16.382
    endloop
  endfacet
  facet normal 0.987716 0 -0.156257
    outer loop
      vertex 33.989 -3 17.7909
      vertex 33.9563 3 17.5842
      vertex 33.989 3 17.7909
    endloop
  endfacet
  facet normal 0.987716 0 -0.156257
    outer loop
      vertex 33.9563 3 17.5842
      vertex 33.989 -3 17.7909
      vertex 33.9563 -3 17.5842
    endloop
  endfacet
  facet normal 0.965901 0 -0.258911
    outer loop
      vertex 33.9563 -3 17.5842
      vertex 33.9021 3 17.382
      vertex 33.9563 3 17.5842
    endloop
  endfacet
  facet normal 0.965901 0 -0.258911
    outer loop
      vertex 33.9021 3 17.382
      vertex 33.9563 -3 17.5842
      vertex 33.9021 -3 17.382
    endloop
  endfacet
  facet normal 0.890864 0 -0.454269
    outer loop
      vertex 33.8271 -3 17.1865
      vertex 33.732 3 17
      vertex 33.8271 3 17.1865
    endloop
  endfacet
  facet normal 0.890864 0 -0.454269
    outer loop
      vertex 33.732 3 17
      vertex 33.8271 -3 17.1865
      vertex 33.732 -3 17
    endloop
  endfacet
  facet normal 0.838749 0 -0.544518
    outer loop
      vertex 33.732 -3 17
      vertex 33.618 3 16.8244
      vertex 33.732 3 17
    endloop
  endfacet
  facet normal 0.838749 0 -0.544518
    outer loop
      vertex 33.618 3 16.8244
      vertex 33.732 -3 17
      vertex 33.618 -3 16.8244
    endloop
  endfacet
  facet normal 0.258911 0 0.965901
    outer loop
      vertex 32.4158 3 19.9563
      vertex 32.618 -3 19.9021
      vertex 32.618 3 19.9021
    endloop
  endfacet
  facet normal 0.258911 0 0.965901
    outer loop
      vertex 32.618 -3 19.9021
      vertex 32.4158 3 19.9563
      vertex 32.4158 -3 19.9563
    endloop
  endfacet
  facet normal -0.358179 0 0.933653
    outer loop
      vertex 31.1865 3 19.8271
      vertex 31.382 -3 19.9021
      vertex 31.382 3 19.9021
    endloop
  endfacet
  facet normal -0.358179 0 0.933653
    outer loop
      vertex 31.382 -3 19.9021
      vertex 31.1865 3 19.8271
      vertex 31.1865 -3 19.8271
    endloop
  endfacet
  facet normal 0 -1 0
    outer loop
      vertex 31.7909 -3 19.989
      vertex 32.2091 -3 19.989
      vertex 32 -3 20
    endloop
  endfacet
  facet normal 0 -1 0
    outer loop
      vertex 31.5842 -3 19.9563
      vertex 32.2091 -3 19.989
      vertex 31.7909 -3 19.989
    endloop
  endfacet
  facet normal 0 -1 0
    outer loop
      vertex 31.5842 -3 19.9563
      vertex 32.4158 -3 19.9563
      vertex 32.2091 -3 19.989
    endloop
  endfacet
  facet normal 0 -1 0
    outer loop
      vertex 31.382 -3 19.9021
      vertex 32.4158 -3 19.9563
      vertex 31.5842 -3 19.9563
    endloop
  endfacet
  facet normal 0 -1 0
    outer loop
      vertex 31.382 -3 19.9021
      vertex 32.618 -3 19.9021
      vertex 32.4158 -3 19.9563
    endloop
  endfacet
  facet normal 0 -1 0
    outer loop
      vertex 31.1865 -3 19.8271
      vertex 32.618 -3 19.9021
      vertex 31.382 -3 19.9021
    endloop
  endfacet
  facet normal 0 -1 0
    outer loop
      vertex 31.1865 -3 19.8271
      vertex 32.8135 -3 19.8271
      vertex 32.618 -3 19.9021
    endloop
  endfacet
  facet normal 0 -1 0
    outer loop
      vertex 31 -3 19.732
      vertex 32.8135 -3 19.8271
      vertex 31.1865 -3 19.8271
    endloop
  endfacet
  facet normal 0 -1 0
    outer loop
      vertex 31 -3 19.732
      vertex 33 -3 19.732
      vertex 32.8135 -3 19.8271
    endloop
  endfacet
  facet normal 0 -1 0
    outer loop
      vertex 30.8244 -3 19.618
      vertex 33 -3 19.732
      vertex 31 -3 19.732
    endloop
  endfacet
  facet normal 0 -1 0
    outer loop
      vertex 30.8244 -3 19.618
      vertex 33.1756 -3 19.618
      vertex 33 -3 19.732
    endloop
  endfacet
  facet normal 0 -1 0
    outer loop
      vertex 30.6617 -3 19.4863
      vertex 33.1756 -3 19.618
      vertex 30.8244 -3 19.618
    endloop
  endfacet
  facet normal 0 -1 0
    outer loop
      vertex 30.6617 -3 19.4863
      vertex 33.3383 -3 19.4863
      vertex 33.1756 -3 19.618
    endloop
  endfacet
  facet normal 0 -1 0
    outer loop
      vertex 30.5137 -3 19.3383
      vertex 33.3383 -3 19.4863
      vertex 30.6617 -3 19.4863
    endloop
  endfacet
  facet normal 0 -1 0
    outer loop
      vertex 30.5137 -3 19.3383
      vertex 33.4863 -3 19.3383
      vertex 33.3383 -3 19.4863
    endloop
  endfacet
  facet normal 0 -1 0
    outer loop
      vertex 30.382 -3 19.1756
      vertex 33.4863 -3 19.3383
      vertex 30.5137 -3 19.3383
    endloop
  endfacet
  facet normal 0 -1 0
    outer loop
      vertex 30.382 -3 19.1756
      vertex 33.618 -3 19.1756
      vertex 33.4863 -3 19.3383
    endloop
  endfacet
  facet normal 0 -1 0
    outer loop
      vertex 30.2679 -3 19
      vertex 33.618 -3 19.1756
      vertex 30.382 -3 19.1756
    endloop
  endfacet
  facet normal 0 -1 0
    outer loop
      vertex 30.2679 -3 19
      vertex 33.732 -3 19
      vertex 33.618 -3 19.1756
    endloop
  endfacet
  facet normal 0 -1 0
    outer loop
      vertex 30.1729 -3 18.8135
      vertex 33.732 -3 19
      vertex 30.2679 -3 19
    endloop
  endfacet
  facet normal 0 -1 0
    outer loop
      vertex 30.1729 -3 18.8135
      vertex 33.8271 -3 18.8135
      vertex 33.732 -3 19
    endloop
  endfacet
  facet normal 0 -1 0
    outer loop
      vertex 30.0979 -3 18.618
      vertex 33.8271 -3 18.8135
      vertex 30.1729 -3 18.8135
    endloop
  endfacet
  facet normal 0 -1 0
    outer loop
      vertex 30.0979 -3 18.618
      vertex 33.9021 -3 18.618
      vertex 33.8271 -3 18.8135
    endloop
  endfacet
  facet normal 0 -1 0
    outer loop
      vertex 30.0437 -3 18.4158
      vertex 33.9021 -3 18.618
      vertex 30.0979 -3 18.618
    endloop
  endfacet
  facet normal 0 -1 0
    outer loop
      vertex 30.0437 -3 18.4158
      vertex 33.9563 -3 18.4158
      vertex 33.9021 -3 18.618
    endloop
  endfacet
  facet normal 0 -1 0
    outer loop
      vertex 30.011 -3 18.2091
      vertex 33.9563 -3 18.4158
      vertex 30.0437 -3 18.4158
    endloop
  endfacet
  facet normal 0 -1 0
    outer loop
      vertex 30.011 -3 18.2091
      vertex 33.989 -3 18.2091
      vertex 33.9563 -3 18.4158
    endloop
  endfacet
  facet normal 0 -1 0
    outer loop
      vertex 30 -3 18
      vertex 33.989 -3 18.2091
      vertex 30.011 -3 18.2091
    endloop
  endfacet
  facet normal 0 -1 0
    outer loop
      vertex 30 -3 18
      vertex 34 -3 18
      vertex 33.989 -3 18.2091
    endloop
  endfacet
  facet normal 0 -1 0
    outer loop
      vertex 30.011 -3 17.7909
      vertex 34 -3 18
      vertex 30 -3 18
    endloop
  endfacet
  facet normal 0 -1 0
    outer loop
      vertex 30.011 -3 17.7909
      vertex 33.989 -3 17.7909
      vertex 34 -3 18
    endloop
  endfacet
  facet normal 0 -1 0
    outer loop
      vertex 30.0437 -3 17.5842
      vertex 33.989 -3 17.7909
      vertex 30.011 -3 17.7909
    endloop
  endfacet
  facet normal 0 -1 0
    outer loop
      vertex 30.0437 -3 17.5842
      vertex 33.9563 -3 17.5842
      vertex 33.989 -3 17.7909
    endloop
  endfacet
  facet normal 0 -1 0
    outer loop
      vertex 30.0979 -3 17.382
      vertex 33.9563 -3 17.5842
      vertex 30.0437 -3 17.5842
    endloop
  endfacet
  facet normal 0 -1 0
    outer loop
      vertex 30.0979 -3 17.382
      vertex 33.9021 -3 17.382
      vertex 33.9563 -3 17.5842
    endloop
  endfacet
  facet normal 0 -1 0
    outer loop
      vertex 30.1729 -3 17.1865
      vertex 33.9021 -3 17.382
      vertex 30.0979 -3 17.382
    endloop
  endfacet
  facet normal 0 -1 0
    outer loop
      vertex 30.1729 -3 17.1865
      vertex 33.8271 -3 17.1865
      vertex 33.9021 -3 17.382
    endloop
  endfacet
  facet normal 0 -1 0
    outer loop
      vertex 30.2679 -3 17
      vertex 33.8271 -3 17.1865
      vertex 30.1729 -3 17.1865
    endloop
  endfacet
  facet normal 0 -1 0
    outer loop
      vertex 30.2679 -3 17
      vertex 33.732 -3 17
      vertex 33.8271 -3 17.1865
    endloop
  endfacet
  facet normal 0 -1 0
    outer loop
      vertex 30.382 -3 16.8244
      vertex 33.732 -3 17
      vertex 30.2679 -3 17
    endloop
  endfacet
  facet normal 0 -1 0
    outer loop
      vertex 30.382 -3 16.8244
      vertex 33.618 -3 16.8244
      vertex 33.732 -3 17
    endloop
  endfacet
  facet normal 0 -1 0
    outer loop
      vertex 30.5137 -3 16.6617
      vertex 33.618 -3 16.8244
      vertex 30.382 -3 16.8244
    endloop
  endfacet
  facet normal 0 -1 0
    outer loop
      vertex 30.5137 -3 16.6617
      vertex 33.4863 -3 16.6617
      vertex 33.618 -3 16.8244
    endloop
  endfacet
  facet normal 0 -1 0
    outer loop
      vertex 30.6617 -3 16.5137
      vertex 33.4863 -3 16.6617
      vertex 30.5137 -3 16.6617
    endloop
  endfacet
  facet normal 0 -1 0
    outer loop
      vertex 30.6617 -3 16.5137
      vertex 33.3383 -3 16.5137
      vertex 33.4863 -3 16.6617
    endloop
  endfacet
  facet normal 0 -1 0
    outer loop
      vertex 30.8244 -3 16.382
      vertex 33.3383 -3 16.5137
      vertex 30.6617 -3 16.5137
    endloop
  endfacet
  facet normal 0 -1 0
    outer loop
      vertex 30.8244 -3 16.382
      vertex 33.1756 -3 16.382
      vertex 33.3383 -3 16.5137
    endloop
  endfacet
  facet normal 0 -1 0
    outer loop
      vertex 31 -3 16.2679
      vertex 33.1756 -3 16.382
      vertex 30.8244 -3 16.382
    endloop
  endfacet
  facet normal 0 -1 0
    outer loop
      vertex 31 -3 16.2679
      vertex 33 -3 16.2679
      vertex 33.1756 -3 16.382
    endloop
  endfacet
  facet normal 0 -1 0
    outer loop
      vertex 31.1865 -3 16.1729
      vertex 33 -3 16.2679
      vertex 31 -3 16.2679
    endloop
  endfacet
  facet normal 0 -1 0
    outer loop
      vertex 31.1865 -3 16.1729
      vertex 32.8135 -3 16.1729
      vertex 33 -3 16.2679
    endloop
  endfacet
  facet normal 0 -1 0
    outer loop
      vertex 31.382 -3 16.0979
      vertex 32.8135 -3 16.1729
      vertex 31.1865 -3 16.1729
    endloop
  endfacet
  facet normal 0 -1 0
    outer loop
      vertex 31.382 -3 16.0979
      vertex 32.618 -3 16.0979
      vertex 32.8135 -3 16.1729
    endloop
  endfacet
  facet normal 0 -1 0
    outer loop
      vertex 31.5842 -3 16.0437
      vertex 32.618 -3 16.0979
      vertex 31.382 -3 16.0979
    endloop
  endfacet
  facet normal 0 -1 0
    outer loop
      vertex 31.5842 -3 16.0437
      vertex 32.4158 -3 16.0437
      vertex 32.618 -3 16.0979
    endloop
  endfacet
  facet normal 0 -1 0
    outer loop
      vertex 31.7909 -3 16.011
      vertex 32.4158 -3 16.0437
      vertex 31.5842 -3 16.0437
    endloop
  endfacet
  facet normal 0 -1 0
    outer loop
      vertex 31.7909 -3 16.011
      vertex 32.2091 -3 16.011
      vertex 32.4158 -3 16.0437
    endloop
  endfacet
  facet normal -0 -1 0
    outer loop
      vertex 32.2091 -3 16.011
      vertex 31.7909 -3 16.011
      vertex 32 -3 16
    endloop
  endfacet
  facet normal -0.777267 0 -0.629171
    outer loop
      vertex 30.5137 -3 16.6617
      vertex 30.382 3 16.8244
      vertex 30.5137 3 16.6617
    endloop
  endfacet
  facet normal -0.777267 -0 -0.629171
    outer loop
      vertex 30.382 3 16.8244
      vertex 30.5137 -3 16.6617
      vertex 30.382 -3 16.8244
    endloop
  endfacet
  facet normal 0.998619 0 -0.0525338
    outer loop
      vertex 34 -3 18
      vertex 33.989 3 17.7909
      vertex 34 3 18
    endloop
  endfacet
  facet normal 0.998619 0 -0.0525338
    outer loop
      vertex 33.989 3 17.7909
      vertex 34 -3 18
      vertex 33.989 -3 17.7909
    endloop
  endfacet
  facet normal -0.156257 0 -0.987716
    outer loop
      vertex 31.5842 -3 16.0437
      vertex 31.7909 3 16.011
      vertex 31.7909 -3 16.011
    endloop
  endfacet
  facet normal -0.156257 0 -0.987716
    outer loop
      vertex 31.7909 3 16.011
      vertex 31.5842 -3 16.0437
      vertex 31.5842 3 16.0437
    endloop
  endfacet
  facet normal -0.707107 0 0.707107
    outer loop
      vertex 30.5137 1 19.3383
      vertex 30.6617 3 19.4863
      vertex 30.5137 3 19.3383
    endloop
  endfacet
  facet normal -0.707107 0 0.707107
    outer loop
      vertex 30.6617 3 19.4863
      vertex 30.5137 1 19.3383
      vertex 30.6617 1 19.4863
    endloop
  endfacet
  facet normal -0.707107 0 0.707107
    outer loop
      vertex 30.5137 -3 19.3383
      vertex 30.6617 -1 19.4863
      vertex 30.5137 -1 19.3383
    endloop
  endfacet
  facet normal -0.707107 0 0.707107
    outer loop
      vertex 30.6617 -1 19.4863
      vertex 30.5137 -3 19.3383
      vertex 30.6617 -3 19.4863
    endloop
  endfacet
  facet normal -0.629171 0 -0.777267
    outer loop
      vertex 30.6617 -3 16.5137
      vertex 30.8244 3 16.382
      vertex 30.8244 -3 16.382
    endloop
  endfacet
  facet normal -0.629171 0 -0.777267
    outer loop
      vertex 30.8244 3 16.382
      vertex 30.6617 -3 16.5137
      vertex 30.6617 3 16.5137
    endloop
  endfacet
  facet normal -0.45389 0 -0.891058
    outer loop
      vertex 31 -3 16.2679
      vertex 31.1865 3 16.1729
      vertex 31.1865 -3 16.1729
    endloop
  endfacet
  facet normal -0.45389 0 -0.891058
    outer loop
      vertex 31.1865 3 16.1729
      vertex 31 -3 16.2679
      vertex 31 3 16.2679
    endloop
  endfacet
  facet normal 0.156257 0 0.987716
    outer loop
      vertex 32.2091 3 19.989
      vertex 32.4158 -3 19.9563
      vertex 32.4158 3 19.9563
    endloop
  endfacet
  facet normal 0.156257 0 0.987716
    outer loop
      vertex 32.4158 -3 19.9563
      vertex 32.2091 3 19.989
      vertex 32.2091 -3 19.989
    endloop
  endfacet
  facet normal -0.891058 0 -0.45389
    outer loop
      vertex 30.2679 1 17
      vertex 30.1729 3 17.1865
      vertex 30.2679 3 17
    endloop
  endfacet
  facet normal -0.891058 -0 -0.45389
    outer loop
      vertex 30.1729 3 17.1865
      vertex 30.2679 1 17
      vertex 30.1729 1 17.1865
    endloop
  endfacet
  facet normal -0.891058 0 -0.45389
    outer loop
      vertex 30.2679 -3 17
      vertex 30.1729 -1 17.1865
      vertex 30.2679 -1 17
    endloop
  endfacet
  facet normal -0.891058 -0 -0.45389
    outer loop
      vertex 30.1729 -1 17.1865
      vertex 30.2679 -3 17
      vertex 30.1729 -3 17.1865
    endloop
  endfacet
  facet normal 0.629171 0 0.777267
    outer loop
      vertex 33.1756 3 19.618
      vertex 33.3383 -3 19.4863
      vertex 33.3383 3 19.4863
    endloop
  endfacet
  facet normal 0.629171 0 0.777267
    outer loop
      vertex 33.3383 -3 19.4863
      vertex 33.1756 3 19.618
      vertex 33.1756 -3 19.618
    endloop
  endfacet
  facet normal -0.156257 0 0.987716
    outer loop
      vertex 31.5842 3 19.9563
      vertex 31.7909 -3 19.989
      vertex 31.7909 3 19.989
    endloop
  endfacet
  facet normal -0.156257 0 0.987716
    outer loop
      vertex 31.7909 -3 19.989
      vertex 31.5842 3 19.9563
      vertex 31.5842 -3 19.9563
    endloop
  endfacet
  facet normal 0.0525338 0 0.998619
    outer loop
      vertex 32 3 20
      vertex 32.2091 -3 19.989
      vertex 32.2091 3 19.989
    endloop
  endfacet
  facet normal 0.0525338 0 0.998619
    outer loop
      vertex 32.2091 -3 19.989
      vertex 32 3 20
      vertex 32 -3 20
    endloop
  endfacet
  facet normal -0.998619 0 0.0525338
    outer loop
      vertex 30 1 18
      vertex 30.011 3 18.2091
      vertex 30 3 18
    endloop
  endfacet
  facet normal -0.998619 0 0.0525338
    outer loop
      vertex 30.011 3 18.2091
      vertex 30 1 18
      vertex 30.011 1 18.2091
    endloop
  endfacet
  facet normal -0.998619 0 0.0525338
    outer loop
      vertex 30 -3 18
      vertex 30.011 -1 18.2091
      vertex 30 -1 18
    endloop
  endfacet
  facet normal -0.998619 0 0.0525338
    outer loop
      vertex 30.011 -1 18.2091
      vertex 30 -3 18
      vertex 30.011 -3 18.2091
    endloop
  endfacet
  facet normal -0.838531 0 0.544854
    outer loop
      vertex 30.2679 1 19
      vertex 30.382 3 19.1756
      vertex 30.2679 3 19
    endloop
  endfacet
  facet normal -0.838531 0 0.544854
    outer loop
      vertex 30.382 3 19.1756
      vertex 30.2679 1 19
      vertex 30.382 1 19.1756
    endloop
  endfacet
  facet normal -0.838531 0 0.544854
    outer loop
      vertex 30.2679 -3 19
      vertex 30.382 -1 19.1756
      vertex 30.2679 -1 19
    endloop
  endfacet
  facet normal -0.838531 0 0.544854
    outer loop
      vertex 30.382 -1 19.1756
      vertex 30.2679 -3 19
      vertex 30.382 -3 19.1756
    endloop
  endfacet
  facet normal -0.707107 0 -0.707107
    outer loop
      vertex 30.6617 -3 16.5137
      vertex 30.5137 3 16.6617
      vertex 30.6617 3 16.5137
    endloop
  endfacet
  facet normal -0.707107 -0 -0.707107
    outer loop
      vertex 30.5137 3 16.6617
      vertex 30.6617 -3 16.5137
      vertex 30.5137 -3 16.6617
    endloop
  endfacet
  facet normal -0.965901 0 -0.258911
    outer loop
      vertex 30.0979 -3 17.382
      vertex 30.0437 -1 17.5842
      vertex 30.0979 -1 17.382
    endloop
  endfacet
  facet normal -0.965901 -0 -0.258911
    outer loop
      vertex 30.0437 -1 17.5842
      vertex 30.0979 -3 17.382
      vertex 30.0437 -3 17.5842
    endloop
  endfacet
  facet normal -0.965901 0 -0.258911
    outer loop
      vertex 30.0979 1 17.382
      vertex 30.0437 3 17.5842
      vertex 30.0979 3 17.382
    endloop
  endfacet
  facet normal -0.965901 -0 -0.258911
    outer loop
      vertex 30.0437 3 17.5842
      vertex 30.0979 1 17.382
      vertex 30.0437 1 17.5842
    endloop
  endfacet
  facet normal -0.358179 0 -0.933653
    outer loop
      vertex 31.1865 -3 16.1729
      vertex 31.382 3 16.0979
      vertex 31.382 -3 16.0979
    endloop
  endfacet
  facet normal -0.358179 0 -0.933653
    outer loop
      vertex 31.382 3 16.0979
      vertex 31.1865 -3 16.1729
      vertex 31.1865 3 16.1729
    endloop
  endfacet
  facet normal -0.965901 0 0.258911
    outer loop
      vertex 30.0437 1 18.4158
      vertex 30.0979 3 18.618
      vertex 30.0437 3 18.4158
    endloop
  endfacet
  facet normal -0.965901 0 0.258911
    outer loop
      vertex 30.0979 3 18.618
      vertex 30.0437 1 18.4158
      vertex 30.0979 1 18.618
    endloop
  endfacet
  facet normal -0.965901 0 0.258911
    outer loop
      vertex 30.0437 -3 18.4158
      vertex 30.0979 -1 18.618
      vertex 30.0437 -1 18.4158
    endloop
  endfacet
  facet normal -0.965901 0 0.258911
    outer loop
      vertex 30.0979 -1 18.618
      vertex 30.0437 -3 18.4158
      vertex 30.0979 -3 18.618
    endloop
  endfacet
  facet normal -0.891058 0 0.45389
    outer loop
      vertex 30.1729 -3 18.8135
      vertex 30.2679 -1 19
      vertex 30.1729 -1 18.8135
    endloop
  endfacet
  facet normal -0.891058 0 0.45389
    outer loop
      vertex 30.2679 -1 19
      vertex 30.1729 -3 18.8135
      vertex 30.2679 -3 19
    endloop
  endfacet
  facet normal -0.891058 0 0.45389
    outer loop
      vertex 30.1729 1 18.8135
      vertex 30.2679 3 19
      vertex 30.1729 3 18.8135
    endloop
  endfacet
  facet normal -0.891058 0 0.45389
    outer loop
      vertex 30.2679 3 19
      vertex 30.1729 1 18.8135
      vertex 30.2679 1 19
    endloop
  endfacet
  facet normal -0.258911 0 -0.965901
    outer loop
      vertex 31.382 -3 16.0979
      vertex 31.5842 3 16.0437
      vertex 31.5842 -3 16.0437
    endloop
  endfacet
  facet normal -0.258911 0 -0.965901
    outer loop
      vertex 31.5842 3 16.0437
      vertex 31.382 -3 16.0979
      vertex 31.382 3 16.0979
    endloop
  endfacet
  facet normal 0.777267 0 -0.629171
    outer loop
      vertex 33.618 -3 16.8244
      vertex 33.4863 3 16.6617
      vertex 33.618 3 16.8244
    endloop
  endfacet
  facet normal 0.777267 0 -0.629171
    outer loop
      vertex 33.4863 3 16.6617
      vertex 33.618 -3 16.8244
      vertex 33.4863 -3 16.6617
    endloop
  endfacet
  facet normal 0.866016 0 -0.500015
    outer loop
      vertex 30.3718 -1 16.8401
      vertex 28.732 1 14
      vertex 30.3718 1 16.8401
    endloop
  endfacet
  facet normal 0.866016 0 -0.500015
    outer loop
      vertex 28.732 1 14
      vertex 30.3718 -1 16.8401
      vertex 28.732 -1 14
    endloop
  endfacet
  facet normal 0.500028 0 0.866009
    outer loop
      vertex 30 1 20.1962
      vertex 30.9077 -1 19.6721
      vertex 30.9077 1 19.6721
    endloop
  endfacet
  facet normal 0.500028 0 0.866009
    outer loop
      vertex 30.9077 -1 19.6721
      vertex 30 1 20.1962
      vertex 30 -1 20.1962
    endloop
  endfacet
  facet normal -0.500011 0 -0.866019
    outer loop
      vertex 27 -1 15
      vertex 28.732 1 14
      vertex 28.732 -1 14
    endloop
  endfacet
  facet normal -0.500011 0 -0.866019
    outer loop
      vertex 28.732 1 14
      vertex 27 -1 15
      vertex 27 1 15
    endloop
  endfacet
  facet normal -0.866027 0 0.499997
    outer loop
      vertex 27 -1 15
      vertex 30 1 20.1962
      vertex 27 1 15
    endloop
  endfacet
  facet normal -0.866027 0 0.499997
    outer loop
      vertex 30 1 20.1962
      vertex 27 -1 15
      vertex 30 -1 20.1962
    endloop
  endfacet
  facet normal 0 1 -0
    outer loop
      vertex 30.8244 1 19.618
      vertex 30 1 20.1962
      vertex 30.9077 1 19.6721
    endloop
  endfacet
  facet normal 0 1 -0
    outer loop
      vertex 30.6617 1 19.4863
      vertex 30 1 20.1962
      vertex 30.8244 1 19.618
    endloop
  endfacet
  facet normal 0 1 -0
    outer loop
      vertex 30.5137 1 19.3383
      vertex 30 1 20.1962
      vertex 30.6617 1 19.4863
    endloop
  endfacet
  facet normal 0 1 -0
    outer loop
      vertex 30.382 1 19.1756
      vertex 30 1 20.1962
      vertex 30.5137 1 19.3383
    endloop
  endfacet
  facet normal 0 1 -0
    outer loop
      vertex 30.2679 1 19
      vertex 30 1 20.1962
      vertex 30.382 1 19.1756
    endloop
  endfacet
  facet normal 0 1 -0
    outer loop
      vertex 30.1729 1 18.8135
      vertex 30 1 20.1962
      vertex 30.2679 1 19
    endloop
  endfacet
  facet normal 0 1 -0
    outer loop
      vertex 30.0979 1 18.618
      vertex 30 1 20.1962
      vertex 30.1729 1 18.8135
    endloop
  endfacet
  facet normal 0 1 -0
    outer loop
      vertex 30.0437 1 18.4158
      vertex 30 1 20.1962
      vertex 30.0979 1 18.618
    endloop
  endfacet
  facet normal 0 1 0
    outer loop
      vertex 27 1 15
      vertex 30.0437 1 18.4158
      vertex 30.011 1 18.2091
    endloop
  endfacet
  facet normal 0 1 0
    outer loop
      vertex 27 1 15
      vertex 30.011 1 18.2091
      vertex 30 1 18
    endloop
  endfacet
  facet normal 0 1 0
    outer loop
      vertex 30.0437 1 18.4158
      vertex 27 1 15
      vertex 30 1 20.1962
    endloop
  endfacet
  facet normal 0 1 0
    outer loop
      vertex 30.011 1 17.7909
      vertex 27 1 15
      vertex 30 1 18
    endloop
  endfacet
  facet normal 0 1 0
    outer loop
      vertex 30.0437 1 17.5842
      vertex 27 1 15
      vertex 30.011 1 17.7909
    endloop
  endfacet
  facet normal 0 1 0
    outer loop
      vertex 30.0979 1 17.382
      vertex 27 1 15
      vertex 30.0437 1 17.5842
    endloop
  endfacet
  facet normal 0 1 0
    outer loop
      vertex 30.1729 1 17.1865
      vertex 27 1 15
      vertex 30.0979 1 17.382
    endloop
  endfacet
  facet normal 0 1 0
    outer loop
      vertex 30.2679 1 17
      vertex 27 1 15
      vertex 30.1729 1 17.1865
    endloop
  endfacet
  facet normal 0 1 0
    outer loop
      vertex 28.732 1 14
      vertex 30.2679 1 17
      vertex 30.3718 1 16.8401
    endloop
  endfacet
  facet normal 0 1 0
    outer loop
      vertex 30.2679 1 17
      vertex 28.732 1 14
      vertex 27 1 15
    endloop
  endfacet
  facet normal 0 -1 0
    outer loop
      vertex 30 -1 20.1962
      vertex 30.8244 -1 19.618
      vertex 30.9077 -1 19.6721
    endloop
  endfacet
  facet normal 0 -1 0
    outer loop
      vertex 30 -1 20.1962
      vertex 30.6617 -1 19.4863
      vertex 30.8244 -1 19.618
    endloop
  endfacet
  facet normal 0 -1 0
    outer loop
      vertex 30 -1 20.1962
      vertex 30.5137 -1 19.3383
      vertex 30.6617 -1 19.4863
    endloop
  endfacet
  facet normal 0 -1 0
    outer loop
      vertex 30 -1 20.1962
      vertex 30.382 -1 19.1756
      vertex 30.5137 -1 19.3383
    endloop
  endfacet
  facet normal 0 -1 0
    outer loop
      vertex 30 -1 20.1962
      vertex 30.2679 -1 19
      vertex 30.382 -1 19.1756
    endloop
  endfacet
  facet normal 0 -1 0
    outer loop
      vertex 30 -1 20.1962
      vertex 30.1729 -1 18.8135
      vertex 30.2679 -1 19
    endloop
  endfacet
  facet normal 0 -1 0
    outer loop
      vertex 30 -1 20.1962
      vertex 30.0979 -1 18.618
      vertex 30.1729 -1 18.8135
    endloop
  endfacet
  facet normal 0 -1 0
    outer loop
      vertex 30 -1 20.1962
      vertex 30.0437 -1 18.4158
      vertex 30.0979 -1 18.618
    endloop
  endfacet
  facet normal 0 -1 0
    outer loop
      vertex 27 -1 15
      vertex 30.0437 -1 18.4158
      vertex 30 -1 20.1962
    endloop
  endfacet
  facet normal 0 -1 0
    outer loop
      vertex 30.0437 -1 18.4158
      vertex 27 -1 15
      vertex 30.011 -1 18.2091
    endloop
  endfacet
  facet normal 0 -1 0
    outer loop
      vertex 30.011 -1 18.2091
      vertex 27 -1 15
      vertex 30 -1 18
    endloop
  endfacet
  facet normal 0 -1 0
    outer loop
      vertex 27 -1 15
      vertex 30.011 -1 17.7909
      vertex 30 -1 18
    endloop
  endfacet
  facet normal 0 -1 0
    outer loop
      vertex 27 -1 15
      vertex 30.0437 -1 17.5842
      vertex 30.011 -1 17.7909
    endloop
  endfacet
  facet normal 0 -1 0
    outer loop
      vertex 27 -1 15
      vertex 30.0979 -1 17.382
      vertex 30.0437 -1 17.5842
    endloop
  endfacet
  facet normal 0 -1 0
    outer loop
      vertex 27 -1 15
      vertex 30.1729 -1 17.1865
      vertex 30.0979 -1 17.382
    endloop
  endfacet
  facet normal 0 -1 0
    outer loop
      vertex 27 -1 15
      vertex 30.2679 -1 17
      vertex 30.1729 -1 17.1865
    endloop
  endfacet
  facet normal 0 -1 0
    outer loop
      vertex 28.732 -1 14
      vertex 30.2679 -1 17
      vertex 27 -1 15
    endloop
  endfacet
  facet normal 0 -1 -0
    outer loop
      vertex 30.2679 -1 17
      vertex 28.732 -1 14
      vertex 30.3718 -1 16.8401
    endloop
  endfacet
endsolid OpenSCAD_Model
