solid OpenSCAD_Model
  facet normal -0.933587 0 0.35835
    outer loop
      vertex -20.9232 -4 6.79837
      vertex -20.098 4 8.94821
      vertex -20.9232 4 6.79837
    endloop
  endfacet
  facet normal -0.933587 0 0.35835
    outer loop
      vertex -20.098 4 8.94821
      vertex -20.9232 -4 6.79837
      vertex -20.098 -4 8.94821
    endloop
  endfacet
  facet normal 0.987684 -0 0.156462
    outer loop
      vertex 21.5192 3 4.57406
      vertex 21.8795 4 2.29963
      vertex 21.5192 4 4.57406
    endloop
  endfacet
  facet normal 0.987684 0 0.156462
    outer loop
      vertex 21.8795 4 2.29963
      vertex 21.5192 3 4.57406
      vertex 21.8795 3 2.29963
    endloop
  endfacet
  facet normal 0.987684 -0 0.156462
    outer loop
      vertex 21.5192 -4 4.57406
      vertex 21.8795 -3 2.29963
      vertex 21.5192 -3 4.57406
    endloop
  endfacet
  facet normal 0.987684 0 0.156462
    outer loop
      vertex 21.8795 -3 2.29963
      vertex 21.5192 -4 4.57406
      vertex 21.8795 -4 2.29963
    endloop
  endfacet
  facet normal 0.99863 -0 0.0523279
    outer loop
      vertex 21.8795 3 2.29963
      vertex 22 4 0
      vertex 21.8795 4 2.29963
    endloop
  endfacet
  facet normal 0.99863 0 0.0523279
    outer loop
      vertex 22 4 0
      vertex 21.8795 3 2.29963
      vertex 22 3 0
    endloop
  endfacet
  facet normal 0.99863 -0 0.0523279
    outer loop
      vertex 21.8795 -4 2.29963
      vertex 22 -3 0
      vertex 21.8795 -3 2.29963
    endloop
  endfacet
  facet normal 0.99863 0 0.0523279
    outer loop
      vertex 22 -3 0
      vertex 21.8795 -4 2.29963
      vertex 22 -4 0
    endloop
  endfacet
  facet normal 0.987684 0 -0.156462
    outer loop
      vertex 21.8795 -4 -2.29963
      vertex 21.5192 4 -4.57406
      vertex 21.8795 4 -2.29963
    endloop
  endfacet
  facet normal 0.987684 0 -0.156462
    outer loop
      vertex 21.5192 4 -4.57406
      vertex 21.8795 -4 -2.29963
      vertex 21.5192 -4 -4.57406
    endloop
  endfacet
  facet normal 0.35835 0 0.933587
    outer loop
      vertex 6.79837 4 20.9232
      vertex 8.94821 -4 20.098
      vertex 8.94821 4 20.098
    endloop
  endfacet
  facet normal 0.35835 0 0.933587
    outer loop
      vertex 8.94821 -4 20.098
      vertex 6.79837 4 20.9232
      vertex 6.79837 -4 20.9232
    endloop
  endfacet
  facet normal 0.258818 0 -0.965926
    outer loop
      vertex 4.57406 -4 -21.5192
      vertex 6.79837 4 -20.9232
      vertex 6.79837 -4 -20.9232
    endloop
  endfacet
  facet normal 0.258818 0 -0.965926
    outer loop
      vertex 6.79837 4 -20.9232
      vertex 4.57406 -4 -21.5192
      vertex 4.57406 4 -21.5192
    endloop
  endfacet
  facet normal 0.777144 0 -0.629323
    outer loop
      vertex 17.7984 -4 -12.9313
      vertex 16.3492 4 -14.7209
      vertex 17.7984 4 -12.9313
    endloop
  endfacet
  facet normal 0.777144 0 -0.629323
    outer loop
      vertex 16.3492 4 -14.7209
      vertex 17.7984 -4 -12.9313
      vertex 16.3492 -4 -14.7209
    endloop
  endfacet
  facet normal -0.965931 0 0.258798
    outer loop
      vertex -21.5192 -3 4.57406
      vertex -21.5192 -4 4.57406
      vertex -21 -3 6.51191
    endloop
  endfacet
  facet normal -0.965931 0 0.258798
    outer loop
      vertex -21 3 6.51191
      vertex -21.5192 4 4.57406
      vertex -21.5192 3 4.57406
    endloop
  endfacet
  facet normal -0.965926 4.20571e-05 0.258818
    outer loop
      vertex -21.5192 4 4.57406
      vertex -21 3 6.51191
      vertex -20.9232 4 6.79837
    endloop
  endfacet
  facet normal -0.965889 0 0.258955
    outer loop
      vertex -21 -3 6.51191
      vertex -20.9232 4 6.79837
      vertex -21 3 6.51191
    endloop
  endfacet
  facet normal -0.965889 0 0.258955
    outer loop
      vertex -21 -3 6.51191
      vertex -20.9232 -4 6.79837
      vertex -20.9232 4 6.79837
    endloop
  endfacet
  facet normal -0.965926 -4.20571e-05 0.258818
    outer loop
      vertex -20.9232 -4 6.79837
      vertex -21 -3 6.51191
      vertex -21.5192 -4 4.57406
    endloop
  endfacet
  facet normal -0.258818 0 0.965926
    outer loop
      vertex -6.79837 4 20.9232
      vertex -4.57406 -4 21.5192
      vertex -4.57406 4 21.5192
    endloop
  endfacet
  facet normal -0.258818 0 0.965926
    outer loop
      vertex -4.57406 -4 21.5192
      vertex -6.79837 4 20.9232
      vertex -6.79837 -4 20.9232
    endloop
  endfacet
  facet normal 0.35835 0 -0.933587
    outer loop
      vertex 6.79837 -4 -20.9232
      vertex 8.94821 4 -20.098
      vertex 8.94821 -4 -20.098
    endloop
  endfacet
  facet normal 0.35835 0 -0.933587
    outer loop
      vertex 8.94821 4 -20.098
      vertex 6.79837 -4 -20.9232
      vertex 6.79837 4 -20.9232
    endloop
  endfacet
  facet normal 0.0523279 0 -0.99863
    outer loop
      vertex 0 -4 -22
      vertex 2.29963 4 -21.8795
      vertex 2.29963 -4 -21.8795
    endloop
  endfacet
  facet normal 0.0523279 0 -0.99863
    outer loop
      vertex 2.29963 4 -21.8795
      vertex 0 -4 -22
      vertex 0 4 -22
    endloop
  endfacet
  facet normal -0.707107 0 -0.707107
    outer loop
      vertex -14.7209 -4 -16.3492
      vertex -16.3492 4 -14.7209
      vertex -14.7209 4 -16.3492
    endloop
  endfacet
  facet normal -0.707107 -0 -0.707107
    outer loop
      vertex -16.3492 4 -14.7209
      vertex -14.7209 -4 -16.3492
      vertex -16.3492 -4 -14.7209
    endloop
  endfacet
  facet normal -0.453977 0 0.891013
    outer loop
      vertex -11 4 19.0526
      vertex -8.94821 -4 20.098
      vertex -8.94821 4 20.098
    endloop
  endfacet
  facet normal -0.453977 0 0.891013
    outer loop
      vertex -8.94821 -4 20.098
      vertex -11 4 19.0526
      vertex -11 -4 19.0526
    endloop
  endfacet
  facet normal -0.891013 0 0.453977
    outer loop
      vertex -20.098 -4 8.94821
      vertex -19.0526 4 11
      vertex -20.098 4 8.94821
    endloop
  endfacet
  facet normal -0.891013 0 0.453977
    outer loop
      vertex -19.0526 4 11
      vertex -20.098 -4 8.94821
      vertex -19.0526 -4 11
    endloop
  endfacet
  facet normal -0.35835 0 0.933587
    outer loop
      vertex -8.94821 4 20.098
      vertex -6.79837 -4 20.9232
      vertex -6.79837 4 20.9232
    endloop
  endfacet
  facet normal -0.35835 0 0.933587
    outer loop
      vertex -6.79837 -4 20.9232
      vertex -8.94821 4 20.098
      vertex -8.94821 -4 20.098
    endloop
  endfacet
  facet normal -0.777144 0 0.629323
    outer loop
      vertex -17.7984 -4 12.9313
      vertex -16.3492 4 14.7209
      vertex -17.7984 4 12.9313
    endloop
  endfacet
  facet normal -0.777144 0 0.629323
    outer loop
      vertex -16.3492 4 14.7209
      vertex -17.7984 -4 12.9313
      vertex -16.3492 -4 14.7209
    endloop
  endfacet
  facet normal -0.156462 0 0.987684
    outer loop
      vertex -4.57406 4 21.5192
      vertex -2.29963 -4 21.8795
      vertex -2.29963 4 21.8795
    endloop
  endfacet
  facet normal -0.156462 0 0.987684
    outer loop
      vertex -2.29963 -4 21.8795
      vertex -4.57406 4 21.5192
      vertex -4.57406 -4 21.5192
    endloop
  endfacet
  facet normal 0.965926 4.20571e-05 0.258818
    outer loop
      vertex 20.9232 4 6.79837
      vertex 21 3 6.51191
      vertex 21.5192 4 4.57406
    endloop
  endfacet
  facet normal 0.965889 0 0.258955
    outer loop
      vertex 20.9232 4 6.79837
      vertex 21 -3 6.51191
      vertex 21 3 6.51191
    endloop
  endfacet
  facet normal 0.965889 -0 0.258955
    outer loop
      vertex 20.9232 -4 6.79837
      vertex 21 -3 6.51191
      vertex 20.9232 4 6.79837
    endloop
  endfacet
  facet normal 0.965926 -4.20571e-05 0.258818
    outer loop
      vertex 21.5192 -4 4.57406
      vertex 21 -3 6.51191
      vertex 20.9232 -4 6.79837
    endloop
  endfacet
  facet normal 0.965931 0 0.258798
    outer loop
      vertex 21 -3 6.51191
      vertex 21.5192 -4 4.57406
      vertex 21.5192 -3 4.57406
    endloop
  endfacet
  facet normal 0.965931 0 0.258798
    outer loop
      vertex 21.5192 4 4.57406
      vertex 21 3 6.51191
      vertex 21.5192 3 4.57406
    endloop
  endfacet
  facet normal 0.156462 0 -0.987684
    outer loop
      vertex 2.29963 -4 -21.8795
      vertex 4.57406 4 -21.5192
      vertex 4.57406 -4 -21.5192
    endloop
  endfacet
  facet normal 0.156462 0 -0.987684
    outer loop
      vertex 4.57406 4 -21.5192
      vertex 2.29963 -4 -21.8795
      vertex 2.29963 4 -21.8795
    endloop
  endfacet
  facet normal -0.629323 0 0.777144
    outer loop
      vertex -14.7209 4 16.3492
      vertex -12.9313 -4 17.7984
      vertex -12.9313 4 17.7984
    endloop
  endfacet
  facet normal -0.629323 0 0.777144
    outer loop
      vertex -12.9313 -4 17.7984
      vertex -14.7209 4 16.3492
      vertex -14.7209 -4 16.3492
    endloop
  endfacet
  facet normal 0.965926 0 -0.258818
    outer loop
      vertex 21.5192 -4 -4.57406
      vertex 20.9232 4 -6.79837
      vertex 21.5192 4 -4.57406
    endloop
  endfacet
  facet normal 0.965926 0 -0.258818
    outer loop
      vertex 20.9232 4 -6.79837
      vertex 21.5192 -4 -4.57406
      vertex 20.9232 -4 -6.79837
    endloop
  endfacet
  facet normal 0.891013 -0 0.453977
    outer loop
      vertex 19.0526 -4 11
      vertex 20.098 4 8.94821
      vertex 19.0526 4 11
    endloop
  endfacet
  facet normal 0.891013 0 0.453977
    outer loop
      vertex 20.098 4 8.94821
      vertex 19.0526 -4 11
      vertex 20.098 -4 8.94821
    endloop
  endfacet
  facet normal 0.453977 0 0.891013
    outer loop
      vertex 8.94821 4 20.098
      vertex 11 -4 19.0526
      vertex 11 4 19.0526
    endloop
  endfacet
  facet normal 0.453977 0 0.891013
    outer loop
      vertex 11 -4 19.0526
      vertex 8.94821 4 20.098
      vertex 8.94821 -4 20.098
    endloop
  endfacet
  facet normal -0.838671 -1.35848e-05 -0.544639
    outer loop
      vertex -17.7984 4 -12.9313
      vertex -18.2 0.4 -12.3128
      vertex -19.0526 4 -11
    endloop
  endfacet
  facet normal -0.838707 0 -0.544583
    outer loop
      vertex -17.7984 4 -12.9313
      vertex -18.2 -0.4 -12.3128
      vertex -18.2 0.4 -12.3128
    endloop
  endfacet
  facet normal -0.838671 1.35848e-05 -0.544639
    outer loop
      vertex -19.0526 -4 -11
      vertex -18.2 -0.4 -12.3128
      vertex -17.7984 -4 -12.9313
    endloop
  endfacet
  facet normal -0.838707 0 -0.544583
    outer loop
      vertex -17.7984 -4 -12.9313
      vertex -18.2 -0.4 -12.3128
      vertex -17.7984 4 -12.9313
    endloop
  endfacet
  facet normal -0.838672 -1.47392e-05 -0.544637
    outer loop
      vertex -19 0.4 -11.0809
      vertex -19.0526 4 -11
      vertex -18.2 0.4 -12.3128
    endloop
  endfacet
  facet normal -0.838373 0 -0.545098
    outer loop
      vertex -19 -0.4 -11.0809
      vertex -19.0526 4 -11
      vertex -19 0.4 -11.0809
    endloop
  endfacet
  facet normal -0.838373 0 -0.545098
    outer loop
      vertex -19 -0.4 -11.0809
      vertex -19.0526 -4 -11
      vertex -19.0526 4 -11
    endloop
  endfacet
  facet normal -0.838672 1.47392e-05 -0.544637
    outer loop
      vertex -18.2 -0.4 -12.3128
      vertex -19.0526 -4 -11
      vertex -19 -0.4 -11.0809
    endloop
  endfacet
  facet normal -0.777144 0 -0.629323
    outer loop
      vertex -16.3492 -4 -14.7209
      vertex -17.7984 4 -12.9313
      vertex -16.3492 4 -14.7209
    endloop
  endfacet
  facet normal -0.777144 -0 -0.629323
    outer loop
      vertex -17.7984 4 -12.9313
      vertex -16.3492 -4 -14.7209
      vertex -17.7984 -4 -12.9313
    endloop
  endfacet
  facet normal 0.838373 0 -0.545098
    outer loop
      vertex 19.0526 -0.4 -11
      vertex 19.0526 -4 -11
      vertex 19 -0.4 -11.0809
    endloop
  endfacet
  facet normal 0.838373 0 -0.545098
    outer loop
      vertex 19 0.4 -11.0809
      vertex 19.0526 4 -11
      vertex 19.0526 0.4 -11
    endloop
  endfacet
  facet normal 0.838671 -1.46681e-05 -0.544639
    outer loop
      vertex 19.0526 4 -11
      vertex 19 0.4 -11.0809
      vertex 17.7984 4 -12.9313
    endloop
  endfacet
  facet normal 0.838684 0 -0.544619
    outer loop
      vertex 19 -0.4 -11.0809
      vertex 17.7984 4 -12.9313
      vertex 19 0.4 -11.0809
    endloop
  endfacet
  facet normal 0.838671 1.46681e-05 -0.544639
    outer loop
      vertex 17.7984 -4 -12.9313
      vertex 19 -0.4 -11.0809
      vertex 19.0526 -4 -11
    endloop
  endfacet
  facet normal 0.838684 0 -0.544619
    outer loop
      vertex 19 -0.4 -11.0809
      vertex 17.7984 -4 -12.9313
      vertex 17.7984 4 -12.9313
    endloop
  endfacet
  facet normal 0.838671 -0 0.544639
    outer loop
      vertex 17.7984 -4 12.9313
      vertex 19.0526 4 11
      vertex 17.7984 4 12.9313
    endloop
  endfacet
  facet normal 0.838671 0 0.544639
    outer loop
      vertex 19.0526 4 11
      vertex 17.7984 -4 12.9313
      vertex 19.0526 -4 11
    endloop
  endfacet
  facet normal -0.987684 0 0.156462
    outer loop
      vertex -21.8795 -4 2.29963
      vertex -21.5192 -3 4.57406
      vertex -21.8795 -3 2.29963
    endloop
  endfacet
  facet normal -0.987684 0 0.156462
    outer loop
      vertex -21.5192 -3 4.57406
      vertex -21.8795 -4 2.29963
      vertex -21.5192 -4 4.57406
    endloop
  endfacet
  facet normal -0.987684 0 0.156462
    outer loop
      vertex -21.8795 3 2.29963
      vertex -21.5192 4 4.57406
      vertex -21.8795 4 2.29963
    endloop
  endfacet
  facet normal -0.987684 0 0.156462
    outer loop
      vertex -21.5192 4 4.57406
      vertex -21.8795 3 2.29963
      vertex -21.5192 3 4.57406
    endloop
  endfacet
  facet normal -0.453977 0 -0.891013
    outer loop
      vertex -11 -4 -19.0526
      vertex -8.94821 4 -20.098
      vertex -8.94821 -4 -20.098
    endloop
  endfacet
  facet normal -0.453977 0 -0.891013
    outer loop
      vertex -8.94821 4 -20.098
      vertex -11 -4 -19.0526
      vertex -11 4 -19.0526
    endloop
  endfacet
  facet normal 0.629323 0 0.777144
    outer loop
      vertex 12.9313 4 17.7984
      vertex 14.7209 -4 16.3492
      vertex 14.7209 4 16.3492
    endloop
  endfacet
  facet normal 0.629323 0 0.777144
    outer loop
      vertex 14.7209 -4 16.3492
      vertex 12.9313 4 17.7984
      vertex 12.9313 -4 17.7984
    endloop
  endfacet
  facet normal 0.707107 -0 0.707107
    outer loop
      vertex 14.7209 -4 16.3492
      vertex 16.3492 4 14.7209
      vertex 14.7209 4 16.3492
    endloop
  endfacet
  facet normal 0.707107 0 0.707107
    outer loop
      vertex 16.3492 4 14.7209
      vertex 14.7209 -4 16.3492
      vertex 16.3492 -4 14.7209
    endloop
  endfacet
  facet normal -0.707107 0 0.707107
    outer loop
      vertex -16.3492 -4 14.7209
      vertex -14.7209 4 16.3492
      vertex -16.3492 4 14.7209
    endloop
  endfacet
  facet normal -0.707107 0 0.707107
    outer loop
      vertex -14.7209 4 16.3492
      vertex -16.3492 -4 14.7209
      vertex -14.7209 -4 16.3492
    endloop
  endfacet
  facet normal -0.965926 0 -0.258818
    outer loop
      vertex -20.9232 -4 -6.79837
      vertex -21.5192 4 -4.57406
      vertex -20.9232 4 -6.79837
    endloop
  endfacet
  facet normal -0.965926 -0 -0.258818
    outer loop
      vertex -21.5192 4 -4.57406
      vertex -20.9232 -4 -6.79837
      vertex -21.5192 -4 -4.57406
    endloop
  endfacet
  facet normal -0.891013 0 -0.453977
    outer loop
      vertex -19.0526 -4 -11
      vertex -20.098 4 -8.94821
      vertex -19.0526 4 -11
    endloop
  endfacet
  facet normal -0.891013 -0 -0.453977
    outer loop
      vertex -20.098 4 -8.94821
      vertex -19.0526 -4 -11
      vertex -20.098 -4 -8.94821
    endloop
  endfacet
  facet normal 0.777144 -0 0.629323
    outer loop
      vertex 16.3492 -4 14.7209
      vertex 17.7984 4 12.9313
      vertex 16.3492 4 14.7209
    endloop
  endfacet
  facet normal 0.777144 0 0.629323
    outer loop
      vertex 17.7984 4 12.9313
      vertex 16.3492 -4 14.7209
      vertex 17.7984 -4 12.9313
    endloop
  endfacet
  facet normal 0.933587 -0 0.35835
    outer loop
      vertex 20.098 -4 8.94821
      vertex 20.9232 4 6.79837
      vertex 20.098 4 8.94821
    endloop
  endfacet
  facet normal 0.933587 0 0.35835
    outer loop
      vertex 20.9232 4 6.79837
      vertex 20.098 -4 8.94821
      vertex 20.9232 -4 6.79837
    endloop
  endfacet
  facet normal 0 -1 0
    outer loop
      vertex 0 -4 4
      vertex 0 -4 22
      vertex -2.29963 -4 21.8795
    endloop
  endfacet
  facet normal 0 -1 0
    outer loop
      vertex -0.418114 -4 3.97809
      vertex -2.29963 -4 21.8795
      vertex -4.57406 -4 21.5192
    endloop
  endfacet
  facet normal 0 -1 0
    outer loop
      vertex 0 -4 22
      vertex 0 -4 4
      vertex 2.29963 -4 21.8795
    endloop
  endfacet
  facet normal 0 -1 0
    outer loop
      vertex -0.831646 -4 3.91259
      vertex -4.57406 -4 21.5192
      vertex -6.79837 -4 20.9232
    endloop
  endfacet
  facet normal 0 -1 0
    outer loop
      vertex 0.418114 -4 3.97809
      vertex 2.29963 -4 21.8795
      vertex 0 -4 4
    endloop
  endfacet
  facet normal 0 -1 0
    outer loop
      vertex -1.23607 -4 3.80423
      vertex -6.79837 -4 20.9232
      vertex -8.94821 -4 20.098
    endloop
  endfacet
  facet normal 0 -1 -0
    outer loop
      vertex 2.29963 -4 21.8795
      vertex 0.418114 -4 3.97809
      vertex 4.57406 -4 21.5192
    endloop
  endfacet
  facet normal 0 -1 0
    outer loop
      vertex -1.62695 -4 3.65418
      vertex -8.94821 -4 20.098
      vertex -11 -4 19.0526
    endloop
  endfacet
  facet normal 0 -1 0
    outer loop
      vertex 0.831646 -4 3.91259
      vertex 4.57406 -4 21.5192
      vertex 0.418114 -4 3.97809
    endloop
  endfacet
  facet normal 0 -1 0
    outer loop
      vertex -2 -4 3.4641
      vertex -11 -4 19.0526
      vertex -12.9313 -4 17.7984
    endloop
  endfacet
  facet normal 0 -1 -0
    outer loop
      vertex 4.57406 -4 21.5192
      vertex 0.831646 -4 3.91259
      vertex 6.79837 -4 20.9232
    endloop
  endfacet
  facet normal 0 -1 0
    outer loop
      vertex -2.35114 -4 3.23607
      vertex -12.9313 -4 17.7984
      vertex -14.7209 -4 16.3492
    endloop
  endfacet
  facet normal 0 -1 0
    outer loop
      vertex 1.23607 -4 3.80423
      vertex 6.79837 -4 20.9232
      vertex 0.831646 -4 3.91259
    endloop
  endfacet
  facet normal 0 -1 0
    outer loop
      vertex -2.67652 -4 2.97258
      vertex -14.7209 -4 16.3492
      vertex -16.3492 -4 14.7209
    endloop
  endfacet
  facet normal 0 -1 -0
    outer loop
      vertex 6.79837 -4 20.9232
      vertex 1.23607 -4 3.80423
      vertex 8.94821 -4 20.098
    endloop
  endfacet
  facet normal 0 -1 0
    outer loop
      vertex -2.97258 -4 2.67652
      vertex -16.3492 -4 14.7209
      vertex -17.7984 -4 12.9313
    endloop
  endfacet
  facet normal 0 -1 0
    outer loop
      vertex 1.62695 -4 3.65418
      vertex 8.94821 -4 20.098
      vertex 1.23607 -4 3.80423
    endloop
  endfacet
  facet normal 0 -1 0
    outer loop
      vertex -3.23607 -4 2.35114
      vertex -17.7984 -4 12.9313
      vertex -19.0526 -4 11
    endloop
  endfacet
  facet normal 0 -1 -0
    outer loop
      vertex 8.94821 -4 20.098
      vertex 1.62695 -4 3.65418
      vertex 11 -4 19.0526
    endloop
  endfacet
  facet normal 0 -1 0
    outer loop
      vertex -3.4641 -4 2
      vertex -19.0526 -4 11
      vertex -20.098 -4 8.94821
    endloop
  endfacet
  facet normal 0 -1 0
    outer loop
      vertex 2 -4 3.4641
      vertex 11 -4 19.0526
      vertex 1.62695 -4 3.65418
    endloop
  endfacet
  facet normal 0 -1 0
    outer loop
      vertex -3.65418 -4 1.62695
      vertex -20.098 -4 8.94821
      vertex -20.9232 -4 6.79837
    endloop
  endfacet
  facet normal 0 -1 -0
    outer loop
      vertex 11 -4 19.0526
      vertex 2 -4 3.4641
      vertex 12.9313 -4 17.7984
    endloop
  endfacet
  facet normal 0 -1 0
    outer loop
      vertex -3.80423 -4 1.23607
      vertex -20.9232 -4 6.79837
      vertex -21.5192 -4 4.57406
    endloop
  endfacet
  facet normal 0 -1 0
    outer loop
      vertex 2.35114 -4 3.23607
      vertex 12.9313 -4 17.7984
      vertex 2 -4 3.4641
    endloop
  endfacet
  facet normal 0 -1 -0
    outer loop
      vertex 12.9313 -4 17.7984
      vertex 2.35114 -4 3.23607
      vertex 14.7209 -4 16.3492
    endloop
  endfacet
  facet normal 0 -1 0
    outer loop
      vertex -2.29963 -4 21.8795
      vertex -0.418114 -4 3.97809
      vertex 0 -4 4
    endloop
  endfacet
  facet normal 0 -1 0
    outer loop
      vertex -4.57406 -4 21.5192
      vertex -0.831646 -4 3.91259
      vertex -0.418114 -4 3.97809
    endloop
  endfacet
  facet normal 0 -1 0
    outer loop
      vertex -6.79837 -4 20.9232
      vertex -1.23607 -4 3.80423
      vertex -0.831646 -4 3.91259
    endloop
  endfacet
  facet normal 0 -1 0
    outer loop
      vertex -8.94821 -4 20.098
      vertex -1.62695 -4 3.65418
      vertex -1.23607 -4 3.80423
    endloop
  endfacet
  facet normal 0 -1 0
    outer loop
      vertex -11 -4 19.0526
      vertex -2 -4 3.4641
      vertex -1.62695 -4 3.65418
    endloop
  endfacet
  facet normal 0 -1 0
    outer loop
      vertex -12.9313 -4 17.7984
      vertex -2.35114 -4 3.23607
      vertex -2 -4 3.4641
    endloop
  endfacet
  facet normal 0 -1 0
    outer loop
      vertex -14.7209 -4 16.3492
      vertex -2.67652 -4 2.97258
      vertex -2.35114 -4 3.23607
    endloop
  endfacet
  facet normal 0 -1 0
    outer loop
      vertex -16.3492 -4 14.7209
      vertex -2.97258 -4 2.67652
      vertex -2.67652 -4 2.97258
    endloop
  endfacet
  facet normal 0 -1 0
    outer loop
      vertex -17.7984 -4 12.9313
      vertex -3.23607 -4 2.35114
      vertex -2.97258 -4 2.67652
    endloop
  endfacet
  facet normal 0 -1 0
    outer loop
      vertex -3.91259 -4 0.831646
      vertex -21.5192 -4 4.57406
      vertex -21.8795 -4 2.29963
    endloop
  endfacet
  facet normal 0 -1 0
    outer loop
      vertex -19.0526 -4 11
      vertex -3.4641 -4 2
      vertex -3.23607 -4 2.35114
    endloop
  endfacet
  facet normal 0 -1 0
    outer loop
      vertex -20.098 -4 8.94821
      vertex -3.65418 -4 1.62695
      vertex -3.4641 -4 2
    endloop
  endfacet
  facet normal 0 -1 0
    outer loop
      vertex -20.9232 -4 6.79837
      vertex -3.80423 -4 1.23607
      vertex -3.65418 -4 1.62695
    endloop
  endfacet
  facet normal 0 -1 0
    outer loop
      vertex -21.5192 -4 4.57406
      vertex -3.91259 -4 0.831646
      vertex -3.80423 -4 1.23607
    endloop
  endfacet
  facet normal 0 -1 0
    outer loop
      vertex -21.8795 -4 2.29963
      vertex -3.97809 -4 0.418114
      vertex -3.91259 -4 0.831646
    endloop
  endfacet
  facet normal 0 -1 0
    outer loop
      vertex -22 -4 0
      vertex -3.97809 -4 0.418114
      vertex -21.8795 -4 2.29963
    endloop
  endfacet
  facet normal 0 -1 0
    outer loop
      vertex -22 -4 0
      vertex -4 -4 0
      vertex -3.97809 -4 0.418114
    endloop
  endfacet
  facet normal 0 -1 0
    outer loop
      vertex -22 -4 0
      vertex -3.97809 -4 -0.418114
      vertex -4 -4 0
    endloop
  endfacet
  facet normal 0 -1 0
    outer loop
      vertex -21.8795 -4 -2.29963
      vertex -3.97809 -4 -0.418114
      vertex -22 -4 0
    endloop
  endfacet
  facet normal 0 -1 -0
    outer loop
      vertex -3.97809 -4 -0.418114
      vertex -21.8795 -4 -2.29963
      vertex -3.91259 -4 -0.831646
    endloop
  endfacet
  facet normal 0 -1 0
    outer loop
      vertex -21.5192 -4 -4.57406
      vertex -3.91259 -4 -0.831646
      vertex -21.8795 -4 -2.29963
    endloop
  endfacet
  facet normal 0 -1 -0
    outer loop
      vertex -3.91259 -4 -0.831646
      vertex -21.5192 -4 -4.57406
      vertex -3.80423 -4 -1.23607
    endloop
  endfacet
  facet normal 0 -1 0
    outer loop
      vertex -20.9232 -4 -6.79837
      vertex -3.80423 -4 -1.23607
      vertex -21.5192 -4 -4.57406
    endloop
  endfacet
  facet normal 0 -1 -0
    outer loop
      vertex -3.80423 -4 -1.23607
      vertex -20.9232 -4 -6.79837
      vertex -3.65418 -4 -1.62695
    endloop
  endfacet
  facet normal 0 -1 0
    outer loop
      vertex -20.098 -4 -8.94821
      vertex -3.65418 -4 -1.62695
      vertex -20.9232 -4 -6.79837
    endloop
  endfacet
  facet normal 0 -1 -0
    outer loop
      vertex -3.65418 -4 -1.62695
      vertex -20.098 -4 -8.94821
      vertex -3.4641 -4 -2
    endloop
  endfacet
  facet normal 0 -1 0
    outer loop
      vertex -19.0526 -4 -11
      vertex -3.4641 -4 -2
      vertex -20.098 -4 -8.94821
    endloop
  endfacet
  facet normal 0 -1 -0
    outer loop
      vertex -3.4641 -4 -2
      vertex -19.0526 -4 -11
      vertex -3.23607 -4 -2.35114
    endloop
  endfacet
  facet normal 0 -1 0
    outer loop
      vertex -17.7984 -4 -12.9313
      vertex -3.23607 -4 -2.35114
      vertex -19.0526 -4 -11
    endloop
  endfacet
  facet normal 0 -1 -0
    outer loop
      vertex -3.23607 -4 -2.35114
      vertex -17.7984 -4 -12.9313
      vertex -2.97258 -4 -2.67652
    endloop
  endfacet
  facet normal 0 -1 0
    outer loop
      vertex -16.3492 -4 -14.7209
      vertex -2.97258 -4 -2.67652
      vertex -17.7984 -4 -12.9313
    endloop
  endfacet
  facet normal 0 -1 -0
    outer loop
      vertex -2.97258 -4 -2.67652
      vertex -16.3492 -4 -14.7209
      vertex -2.67652 -4 -2.97258
    endloop
  endfacet
  facet normal 0 -1 -0
    outer loop
      vertex -2.67652 -4 -2.97258
      vertex -14.7209 -4 -16.3492
      vertex -2.35114 -4 -3.23607
    endloop
  endfacet
  facet normal 0 -1 0
    outer loop
      vertex -14.7209 -4 -16.3492
      vertex -2.67652 -4 -2.97258
      vertex -16.3492 -4 -14.7209
    endloop
  endfacet
  facet normal 0 -1 0
    outer loop
      vertex 2.67652 -4 2.97258
      vertex 14.7209 -4 16.3492
      vertex 2.35114 -4 3.23607
    endloop
  endfacet
  facet normal 0 -1 -0
    outer loop
      vertex 14.7209 -4 16.3492
      vertex 2.67652 -4 2.97258
      vertex 16.3492 -4 14.7209
    endloop
  endfacet
  facet normal 0 -1 0
    outer loop
      vertex 2.97258 -4 2.67652
      vertex 16.3492 -4 14.7209
      vertex 2.67652 -4 2.97258
    endloop
  endfacet
  facet normal 0 -1 -0
    outer loop
      vertex 16.3492 -4 14.7209
      vertex 2.97258 -4 2.67652
      vertex 17.7984 -4 12.9313
    endloop
  endfacet
  facet normal 0 -1 0
    outer loop
      vertex 3.23607 -4 2.35114
      vertex 17.7984 -4 12.9313
      vertex 2.97258 -4 2.67652
    endloop
  endfacet
  facet normal 0 -1 -0
    outer loop
      vertex 17.7984 -4 12.9313
      vertex 3.23607 -4 2.35114
      vertex 19.0526 -4 11
    endloop
  endfacet
  facet normal 0 -1 0
    outer loop
      vertex 3.4641 -4 2
      vertex 19.0526 -4 11
      vertex 3.23607 -4 2.35114
    endloop
  endfacet
  facet normal 0 -1 -0
    outer loop
      vertex 19.0526 -4 11
      vertex 3.4641 -4 2
      vertex 20.098 -4 8.94821
    endloop
  endfacet
  facet normal 0 -1 0
    outer loop
      vertex 3.65418 -4 1.62695
      vertex 20.098 -4 8.94821
      vertex 3.4641 -4 2
    endloop
  endfacet
  facet normal 0 -1 -0
    outer loop
      vertex 20.098 -4 8.94821
      vertex 3.65418 -4 1.62695
      vertex 20.9232 -4 6.79837
    endloop
  endfacet
  facet normal 0 -1 0
    outer loop
      vertex 3.80423 -4 1.23607
      vertex 20.9232 -4 6.79837
      vertex 3.65418 -4 1.62695
    endloop
  endfacet
  facet normal 0 -1 -0
    outer loop
      vertex 20.9232 -4 6.79837
      vertex 3.80423 -4 1.23607
      vertex 21.5192 -4 4.57406
    endloop
  endfacet
  facet normal 0 -1 0
    outer loop
      vertex 3.91259 -4 0.831646
      vertex 21.5192 -4 4.57406
      vertex 3.80423 -4 1.23607
    endloop
  endfacet
  facet normal 0 -1 -0
    outer loop
      vertex 21.5192 -4 4.57406
      vertex 3.91259 -4 0.831646
      vertex 21.8795 -4 2.29963
    endloop
  endfacet
  facet normal 0 -1 0
    outer loop
      vertex 3.97809 -4 0.418114
      vertex 21.8795 -4 2.29963
      vertex 3.91259 -4 0.831646
    endloop
  endfacet
  facet normal 0 -1 0
    outer loop
      vertex 4 -4 0
      vertex 21.8795 -4 2.29963
      vertex 3.97809 -4 0.418114
    endloop
  endfacet
  facet normal 0 -1 0
    outer loop
      vertex 4 -4 0
      vertex 22 -4 0
      vertex 21.8795 -4 2.29963
    endloop
  endfacet
  facet normal 0 -1 0
    outer loop
      vertex 3.97809 -4 -0.418114
      vertex 22 -4 0
      vertex 4 -4 0
    endloop
  endfacet
  facet normal 0 -1 0
    outer loop
      vertex 21.8795 -4 -2.29963
      vertex 3.97809 -4 -0.418114
      vertex 3.91259 -4 -0.831646
    endloop
  endfacet
  facet normal 0 -1 0
    outer loop
      vertex 21.5192 -4 -4.57406
      vertex 3.91259 -4 -0.831646
      vertex 3.80423 -4 -1.23607
    endloop
  endfacet
  facet normal 0 -1 0
    outer loop
      vertex 20.9232 -4 -6.79837
      vertex 3.80423 -4 -1.23607
      vertex 3.65418 -4 -1.62695
    endloop
  endfacet
  facet normal 0 -1 0
    outer loop
      vertex 20.098 -4 -8.94821
      vertex 3.65418 -4 -1.62695
      vertex 3.4641 -4 -2
    endloop
  endfacet
  facet normal 0 -1 0
    outer loop
      vertex 3.97809 -4 -0.418114
      vertex 21.8795 -4 -2.29963
      vertex 22 -4 0
    endloop
  endfacet
  facet normal 0 -1 0
    outer loop
      vertex 19.0526 -4 -11
      vertex 3.4641 -4 -2
      vertex 3.23607 -4 -2.35114
    endloop
  endfacet
  facet normal 0 -1 0
    outer loop
      vertex 17.7984 -4 -12.9313
      vertex 3.23607 -4 -2.35114
      vertex 2.97258 -4 -2.67652
    endloop
  endfacet
  facet normal 0 -1 0
    outer loop
      vertex 16.3492 -4 -14.7209
      vertex 2.97258 -4 -2.67652
      vertex 2.67652 -4 -2.97258
    endloop
  endfacet
  facet normal 0 -1 0
    outer loop
      vertex 14.7209 -4 -16.3492
      vertex 2.67652 -4 -2.97258
      vertex 2.35114 -4 -3.23607
    endloop
  endfacet
  facet normal 0 -1 0
    outer loop
      vertex 12.9313 -4 -17.7984
      vertex 2.35114 -4 -3.23607
      vertex 2 -4 -3.4641
    endloop
  endfacet
  facet normal 0 -1 0
    outer loop
      vertex 11 -4 -19.0526
      vertex 2 -4 -3.4641
      vertex 1.62695 -4 -3.65418
    endloop
  endfacet
  facet normal 0 -1 0
    outer loop
      vertex 8.94821 -4 -20.098
      vertex 1.62695 -4 -3.65418
      vertex 1.23607 -4 -3.80423
    endloop
  endfacet
  facet normal 0 -1 0
    outer loop
      vertex 6.79837 -4 -20.9232
      vertex 1.23607 -4 -3.80423
      vertex 0.831646 -4 -3.91259
    endloop
  endfacet
  facet normal 0 -1 0
    outer loop
      vertex 4.57406 -4 -21.5192
      vertex 0.831646 -4 -3.91259
      vertex 0.418114 -4 -3.97809
    endloop
  endfacet
  facet normal 0 -1 0
    outer loop
      vertex 3.91259 -4 -0.831646
      vertex 21.5192 -4 -4.57406
      vertex 21.8795 -4 -2.29963
    endloop
  endfacet
  facet normal 0 -1 0
    outer loop
      vertex 2.29963 -4 -21.8795
      vertex 0.418114 -4 -3.97809
      vertex 0 -4 -4
    endloop
  endfacet
  facet normal 0 -1 0
    outer loop
      vertex -12.9313 -4 -17.7984
      vertex -2.35114 -4 -3.23607
      vertex -14.7209 -4 -16.3492
    endloop
  endfacet
  facet normal 0 -1 -0
    outer loop
      vertex -2.35114 -4 -3.23607
      vertex -12.9313 -4 -17.7984
      vertex -2 -4 -3.4641
    endloop
  endfacet
  facet normal 0 -1 0
    outer loop
      vertex 3.80423 -4 -1.23607
      vertex 20.9232 -4 -6.79837
      vertex 21.5192 -4 -4.57406
    endloop
  endfacet
  facet normal 0 -1 0
    outer loop
      vertex -11 -4 -19.0526
      vertex -2 -4 -3.4641
      vertex -12.9313 -4 -17.7984
    endloop
  endfacet
  facet normal 0 -1 0
    outer loop
      vertex 3.65418 -4 -1.62695
      vertex 20.098 -4 -8.94821
      vertex 20.9232 -4 -6.79837
    endloop
  endfacet
  facet normal 0 -1 -0
    outer loop
      vertex -2 -4 -3.4641
      vertex -11 -4 -19.0526
      vertex -1.62695 -4 -3.65418
    endloop
  endfacet
  facet normal 0 -1 0
    outer loop
      vertex 3.4641 -4 -2
      vertex 19.0526 -4 -11
      vertex 20.098 -4 -8.94821
    endloop
  endfacet
  facet normal 0 -1 0
    outer loop
      vertex -8.94821 -4 -20.098
      vertex -1.62695 -4 -3.65418
      vertex -11 -4 -19.0526
    endloop
  endfacet
  facet normal 0 -1 0
    outer loop
      vertex 3.23607 -4 -2.35114
      vertex 17.7984 -4 -12.9313
      vertex 19.0526 -4 -11
    endloop
  endfacet
  facet normal 0 -1 -0
    outer loop
      vertex -1.62695 -4 -3.65418
      vertex -8.94821 -4 -20.098
      vertex -1.23607 -4 -3.80423
    endloop
  endfacet
  facet normal 0 -1 0
    outer loop
      vertex 2.97258 -4 -2.67652
      vertex 16.3492 -4 -14.7209
      vertex 17.7984 -4 -12.9313
    endloop
  endfacet
  facet normal 0 -1 0
    outer loop
      vertex -6.79837 -4 -20.9232
      vertex -1.23607 -4 -3.80423
      vertex -8.94821 -4 -20.098
    endloop
  endfacet
  facet normal 0 -1 0
    outer loop
      vertex 2.67652 -4 -2.97258
      vertex 14.7209 -4 -16.3492
      vertex 16.3492 -4 -14.7209
    endloop
  endfacet
  facet normal 0 -1 -0
    outer loop
      vertex -1.23607 -4 -3.80423
      vertex -6.79837 -4 -20.9232
      vertex -0.831646 -4 -3.91259
    endloop
  endfacet
  facet normal 0 -1 0
    outer loop
      vertex 2.35114 -4 -3.23607
      vertex 12.9313 -4 -17.7984
      vertex 14.7209 -4 -16.3492
    endloop
  endfacet
  facet normal 0 -1 0
    outer loop
      vertex -4.57406 -4 -21.5192
      vertex -0.831646 -4 -3.91259
      vertex -6.79837 -4 -20.9232
    endloop
  endfacet
  facet normal 0 -1 0
    outer loop
      vertex 2 -4 -3.4641
      vertex 11 -4 -19.0526
      vertex 12.9313 -4 -17.7984
    endloop
  endfacet
  facet normal 0 -1 -0
    outer loop
      vertex -0.831646 -4 -3.91259
      vertex -4.57406 -4 -21.5192
      vertex -0.418114 -4 -3.97809
    endloop
  endfacet
  facet normal 0 -1 0
    outer loop
      vertex 1.62695 -4 -3.65418
      vertex 8.94821 -4 -20.098
      vertex 11 -4 -19.0526
    endloop
  endfacet
  facet normal 0 -1 0
    outer loop
      vertex -2.29963 -4 -21.8795
      vertex -0.418114 -4 -3.97809
      vertex -4.57406 -4 -21.5192
    endloop
  endfacet
  facet normal 0 -1 0
    outer loop
      vertex 1.23607 -4 -3.80423
      vertex 6.79837 -4 -20.9232
      vertex 8.94821 -4 -20.098
    endloop
  endfacet
  facet normal 0 -1 -0
    outer loop
      vertex -0.418114 -4 -3.97809
      vertex -2.29963 -4 -21.8795
      vertex 0 -4 -4
    endloop
  endfacet
  facet normal 0 -1 0
    outer loop
      vertex 0.831646 -4 -3.91259
      vertex 4.57406 -4 -21.5192
      vertex 6.79837 -4 -20.9232
    endloop
  endfacet
  facet normal 0 -1 0
    outer loop
      vertex 0 -4 -22
      vertex 0 -4 -4
      vertex -2.29963 -4 -21.8795
    endloop
  endfacet
  facet normal 0 -1 0
    outer loop
      vertex 0.418114 -4 -3.97809
      vertex 2.29963 -4 -21.8795
      vertex 4.57406 -4 -21.5192
    endloop
  endfacet
  facet normal 0 -1 0
    outer loop
      vertex 0 -4 -4
      vertex 0 -4 -22
      vertex 2.29963 -4 -21.8795
    endloop
  endfacet
  facet normal 0.258818 0 0.965926
    outer loop
      vertex 4.57406 4 21.5192
      vertex 6.79837 -4 20.9232
      vertex 6.79837 4 20.9232
    endloop
  endfacet
  facet normal 0.258818 0 0.965926
    outer loop
      vertex 6.79837 -4 20.9232
      vertex 4.57406 4 21.5192
      vertex 4.57406 -4 21.5192
    endloop
  endfacet
  facet normal 0.544639 0 -0.838671
    outer loop
      vertex 11 -4 -19.0526
      vertex 12.9313 4 -17.7984
      vertex 12.9313 -4 -17.7984
    endloop
  endfacet
  facet normal 0.544639 0 -0.838671
    outer loop
      vertex 12.9313 4 -17.7984
      vertex 11 -4 -19.0526
      vertex 11 4 -19.0526
    endloop
  endfacet
  facet normal 0 1 0
    outer loop
      vertex 0 4 4
      vertex 0 4 22
      vertex 2.29963 4 21.8795
    endloop
  endfacet
  facet normal 0 1 0
    outer loop
      vertex 0.418114 4 3.97809
      vertex 2.29963 4 21.8795
      vertex 4.57406 4 21.5192
    endloop
  endfacet
  facet normal 0 1 0
    outer loop
      vertex 0 4 22
      vertex 0 4 4
      vertex -2.29963 4 21.8795
    endloop
  endfacet
  facet normal 0 1 0
    outer loop
      vertex 0.831646 4 3.91259
      vertex 4.57406 4 21.5192
      vertex 6.79837 4 20.9232
    endloop
  endfacet
  facet normal 0 1 -0
    outer loop
      vertex -0.418114 4 3.97809
      vertex -2.29963 4 21.8795
      vertex 0 4 4
    endloop
  endfacet
  facet normal 0 1 0
    outer loop
      vertex 1.23607 4 3.80423
      vertex 6.79837 4 20.9232
      vertex 8.94821 4 20.098
    endloop
  endfacet
  facet normal 0 1 0
    outer loop
      vertex -2.29963 4 21.8795
      vertex -0.418114 4 3.97809
      vertex -4.57406 4 21.5192
    endloop
  endfacet
  facet normal 0 1 0
    outer loop
      vertex 1.62695 4 3.65418
      vertex 8.94821 4 20.098
      vertex 11 4 19.0526
    endloop
  endfacet
  facet normal 0 1 -0
    outer loop
      vertex -0.831646 4 3.91259
      vertex -4.57406 4 21.5192
      vertex -0.418114 4 3.97809
    endloop
  endfacet
  facet normal 0 1 0
    outer loop
      vertex 2 4 3.4641
      vertex 11 4 19.0526
      vertex 12.9313 4 17.7984
    endloop
  endfacet
  facet normal 0 1 0
    outer loop
      vertex -4.57406 4 21.5192
      vertex -0.831646 4 3.91259
      vertex -6.79837 4 20.9232
    endloop
  endfacet
  facet normal 0 1 0
    outer loop
      vertex 2.35114 4 3.23607
      vertex 12.9313 4 17.7984
      vertex 14.7209 4 16.3492
    endloop
  endfacet
  facet normal 0 1 -0
    outer loop
      vertex -1.23607 4 3.80423
      vertex -6.79837 4 20.9232
      vertex -0.831646 4 3.91259
    endloop
  endfacet
  facet normal 0 1 0
    outer loop
      vertex 2.67652 4 2.97258
      vertex 14.7209 4 16.3492
      vertex 16.3492 4 14.7209
    endloop
  endfacet
  facet normal 0 1 0
    outer loop
      vertex -6.79837 4 20.9232
      vertex -1.23607 4 3.80423
      vertex -8.94821 4 20.098
    endloop
  endfacet
  facet normal 0 1 0
    outer loop
      vertex 2.97258 4 2.67652
      vertex 16.3492 4 14.7209
      vertex 17.7984 4 12.9313
    endloop
  endfacet
  facet normal 0 1 -0
    outer loop
      vertex -1.62695 4 3.65418
      vertex -8.94821 4 20.098
      vertex -1.23607 4 3.80423
    endloop
  endfacet
  facet normal 0 1 0
    outer loop
      vertex 3.23607 4 2.35114
      vertex 17.7984 4 12.9313
      vertex 19.0526 4 11
    endloop
  endfacet
  facet normal 0 1 0
    outer loop
      vertex -8.94821 4 20.098
      vertex -1.62695 4 3.65418
      vertex -11 4 19.0526
    endloop
  endfacet
  facet normal 0 1 0
    outer loop
      vertex 3.4641 4 2
      vertex 19.0526 4 11
      vertex 20.098 4 8.94821
    endloop
  endfacet
  facet normal 0 1 -0
    outer loop
      vertex -2 4 3.4641
      vertex -11 4 19.0526
      vertex -1.62695 4 3.65418
    endloop
  endfacet
  facet normal 0 1 0
    outer loop
      vertex 3.65418 4 1.62695
      vertex 20.098 4 8.94821
      vertex 20.9232 4 6.79837
    endloop
  endfacet
  facet normal 0 1 0
    outer loop
      vertex -11 4 19.0526
      vertex -2 4 3.4641
      vertex -12.9313 4 17.7984
    endloop
  endfacet
  facet normal 0 1 0
    outer loop
      vertex 3.80423 4 1.23607
      vertex 20.9232 4 6.79837
      vertex 21.5192 4 4.57406
    endloop
  endfacet
  facet normal 0 1 -0
    outer loop
      vertex -2.35114 4 3.23607
      vertex -12.9313 4 17.7984
      vertex -2 4 3.4641
    endloop
  endfacet
  facet normal 0 1 0
    outer loop
      vertex -12.9313 4 17.7984
      vertex -2.35114 4 3.23607
      vertex -14.7209 4 16.3492
    endloop
  endfacet
  facet normal 0 1 0
    outer loop
      vertex 2.29963 4 21.8795
      vertex 0.418114 4 3.97809
      vertex 0 4 4
    endloop
  endfacet
  facet normal 0 1 0
    outer loop
      vertex 4.57406 4 21.5192
      vertex 0.831646 4 3.91259
      vertex 0.418114 4 3.97809
    endloop
  endfacet
  facet normal 0 1 0
    outer loop
      vertex 6.79837 4 20.9232
      vertex 1.23607 4 3.80423
      vertex 0.831646 4 3.91259
    endloop
  endfacet
  facet normal 0 1 0
    outer loop
      vertex 8.94821 4 20.098
      vertex 1.62695 4 3.65418
      vertex 1.23607 4 3.80423
    endloop
  endfacet
  facet normal 0 1 0
    outer loop
      vertex 11 4 19.0526
      vertex 2 4 3.4641
      vertex 1.62695 4 3.65418
    endloop
  endfacet
  facet normal 0 1 0
    outer loop
      vertex 12.9313 4 17.7984
      vertex 2.35114 4 3.23607
      vertex 2 4 3.4641
    endloop
  endfacet
  facet normal 0 1 0
    outer loop
      vertex 14.7209 4 16.3492
      vertex 2.67652 4 2.97258
      vertex 2.35114 4 3.23607
    endloop
  endfacet
  facet normal 0 1 0
    outer loop
      vertex 16.3492 4 14.7209
      vertex 2.97258 4 2.67652
      vertex 2.67652 4 2.97258
    endloop
  endfacet
  facet normal 0 1 0
    outer loop
      vertex 17.7984 4 12.9313
      vertex 3.23607 4 2.35114
      vertex 2.97258 4 2.67652
    endloop
  endfacet
  facet normal 0 1 0
    outer loop
      vertex 3.91259 4 0.831646
      vertex 21.5192 4 4.57406
      vertex 21.8795 4 2.29963
    endloop
  endfacet
  facet normal 0 1 0
    outer loop
      vertex 19.0526 4 11
      vertex 3.4641 4 2
      vertex 3.23607 4 2.35114
    endloop
  endfacet
  facet normal 0 1 0
    outer loop
      vertex 20.098 4 8.94821
      vertex 3.65418 4 1.62695
      vertex 3.4641 4 2
    endloop
  endfacet
  facet normal 0 1 0
    outer loop
      vertex 20.9232 4 6.79837
      vertex 3.80423 4 1.23607
      vertex 3.65418 4 1.62695
    endloop
  endfacet
  facet normal 0 1 0
    outer loop
      vertex 21.5192 4 4.57406
      vertex 3.91259 4 0.831646
      vertex 3.80423 4 1.23607
    endloop
  endfacet
  facet normal 0 1 0
    outer loop
      vertex 21.8795 4 2.29963
      vertex 3.97809 4 0.418114
      vertex 3.91259 4 0.831646
    endloop
  endfacet
  facet normal 0 1 0
    outer loop
      vertex 22 4 0
      vertex 3.97809 4 0.418114
      vertex 21.8795 4 2.29963
    endloop
  endfacet
  facet normal 0 1 0
    outer loop
      vertex 22 4 0
      vertex 4 4 0
      vertex 3.97809 4 0.418114
    endloop
  endfacet
  facet normal 0 1 0
    outer loop
      vertex 22 4 0
      vertex 3.97809 4 -0.418114
      vertex 4 4 0
    endloop
  endfacet
  facet normal 0 1 -0
    outer loop
      vertex 21.8795 4 -2.29963
      vertex 3.97809 4 -0.418114
      vertex 22 4 0
    endloop
  endfacet
  facet normal 0 1 0
    outer loop
      vertex 3.97809 4 -0.418114
      vertex 21.8795 4 -2.29963
      vertex 3.91259 4 -0.831646
    endloop
  endfacet
  facet normal 0 1 -0
    outer loop
      vertex 21.5192 4 -4.57406
      vertex 3.91259 4 -0.831646
      vertex 21.8795 4 -2.29963
    endloop
  endfacet
  facet normal 0 1 0
    outer loop
      vertex 3.91259 4 -0.831646
      vertex 21.5192 4 -4.57406
      vertex 3.80423 4 -1.23607
    endloop
  endfacet
  facet normal 0 1 -0
    outer loop
      vertex 20.9232 4 -6.79837
      vertex 3.80423 4 -1.23607
      vertex 21.5192 4 -4.57406
    endloop
  endfacet
  facet normal 0 1 0
    outer loop
      vertex 3.80423 4 -1.23607
      vertex 20.9232 4 -6.79837
      vertex 3.65418 4 -1.62695
    endloop
  endfacet
  facet normal 0 1 -0
    outer loop
      vertex 20.098 4 -8.94821
      vertex 3.65418 4 -1.62695
      vertex 20.9232 4 -6.79837
    endloop
  endfacet
  facet normal 0 1 0
    outer loop
      vertex 3.65418 4 -1.62695
      vertex 20.098 4 -8.94821
      vertex 3.4641 4 -2
    endloop
  endfacet
  facet normal 0 1 -0
    outer loop
      vertex 19.0526 4 -11
      vertex 3.4641 4 -2
      vertex 20.098 4 -8.94821
    endloop
  endfacet
  facet normal 0 1 0
    outer loop
      vertex 3.4641 4 -2
      vertex 19.0526 4 -11
      vertex 3.23607 4 -2.35114
    endloop
  endfacet
  facet normal 0 1 -0
    outer loop
      vertex 17.7984 4 -12.9313
      vertex 3.23607 4 -2.35114
      vertex 19.0526 4 -11
    endloop
  endfacet
  facet normal 0 1 0
    outer loop
      vertex 3.23607 4 -2.35114
      vertex 17.7984 4 -12.9313
      vertex 2.97258 4 -2.67652
    endloop
  endfacet
  facet normal 0 1 -0
    outer loop
      vertex 16.3492 4 -14.7209
      vertex 2.97258 4 -2.67652
      vertex 17.7984 4 -12.9313
    endloop
  endfacet
  facet normal 0 1 0
    outer loop
      vertex 2.97258 4 -2.67652
      vertex 16.3492 4 -14.7209
      vertex 2.67652 4 -2.97258
    endloop
  endfacet
  facet normal 0 1 0
    outer loop
      vertex 2.67652 4 -2.97258
      vertex 14.7209 4 -16.3492
      vertex 2.35114 4 -3.23607
    endloop
  endfacet
  facet normal 0 1 -0
    outer loop
      vertex 14.7209 4 -16.3492
      vertex 2.67652 4 -2.97258
      vertex 16.3492 4 -14.7209
    endloop
  endfacet
  facet normal 0 1 -0
    outer loop
      vertex -2.67652 4 2.97258
      vertex -14.7209 4 16.3492
      vertex -2.35114 4 3.23607
    endloop
  endfacet
  facet normal 0 1 0
    outer loop
      vertex -14.7209 4 16.3492
      vertex -2.67652 4 2.97258
      vertex -16.3492 4 14.7209
    endloop
  endfacet
  facet normal 0 1 -0
    outer loop
      vertex -2.97258 4 2.67652
      vertex -16.3492 4 14.7209
      vertex -2.67652 4 2.97258
    endloop
  endfacet
  facet normal 0 1 0
    outer loop
      vertex -16.3492 4 14.7209
      vertex -2.97258 4 2.67652
      vertex -17.7984 4 12.9313
    endloop
  endfacet
  facet normal 0 1 -0
    outer loop
      vertex -3.23607 4 2.35114
      vertex -17.7984 4 12.9313
      vertex -2.97258 4 2.67652
    endloop
  endfacet
  facet normal 0 1 0
    outer loop
      vertex -17.7984 4 12.9313
      vertex -3.23607 4 2.35114
      vertex -19.0526 4 11
    endloop
  endfacet
  facet normal 0 1 -0
    outer loop
      vertex -3.4641 4 2
      vertex -19.0526 4 11
      vertex -3.23607 4 2.35114
    endloop
  endfacet
  facet normal 0 1 0
    outer loop
      vertex -19.0526 4 11
      vertex -3.4641 4 2
      vertex -20.098 4 8.94821
    endloop
  endfacet
  facet normal 0 1 -0
    outer loop
      vertex -3.65418 4 1.62695
      vertex -20.098 4 8.94821
      vertex -3.4641 4 2
    endloop
  endfacet
  facet normal 0 1 0
    outer loop
      vertex -20.098 4 8.94821
      vertex -3.65418 4 1.62695
      vertex -20.9232 4 6.79837
    endloop
  endfacet
  facet normal 0 1 -0
    outer loop
      vertex -3.80423 4 1.23607
      vertex -20.9232 4 6.79837
      vertex -3.65418 4 1.62695
    endloop
  endfacet
  facet normal 0 1 0
    outer loop
      vertex -20.9232 4 6.79837
      vertex -3.80423 4 1.23607
      vertex -21.5192 4 4.57406
    endloop
  endfacet
  facet normal 0 1 -0
    outer loop
      vertex -3.91259 4 0.831646
      vertex -21.5192 4 4.57406
      vertex -3.80423 4 1.23607
    endloop
  endfacet
  facet normal 0 1 0
    outer loop
      vertex -21.5192 4 4.57406
      vertex -3.91259 4 0.831646
      vertex -21.8795 4 2.29963
    endloop
  endfacet
  facet normal 0 1 -0
    outer loop
      vertex -3.97809 4 0.418114
      vertex -21.8795 4 2.29963
      vertex -3.91259 4 0.831646
    endloop
  endfacet
  facet normal 0 1 -0
    outer loop
      vertex -4 4 0
      vertex -21.8795 4 2.29963
      vertex -3.97809 4 0.418114
    endloop
  endfacet
  facet normal 0 1 0
    outer loop
      vertex -4 4 0
      vertex -22 4 0
      vertex -21.8795 4 2.29963
    endloop
  endfacet
  facet normal 0 1 0
    outer loop
      vertex -3.97809 4 -0.418114
      vertex -22 4 0
      vertex -4 4 0
    endloop
  endfacet
  facet normal 0 1 0
    outer loop
      vertex -21.8795 4 -2.29963
      vertex -3.97809 4 -0.418114
      vertex -3.91259 4 -0.831646
    endloop
  endfacet
  facet normal 0 1 0
    outer loop
      vertex -21.5192 4 -4.57406
      vertex -3.91259 4 -0.831646
      vertex -3.80423 4 -1.23607
    endloop
  endfacet
  facet normal 0 1 0
    outer loop
      vertex -20.9232 4 -6.79837
      vertex -3.80423 4 -1.23607
      vertex -3.65418 4 -1.62695
    endloop
  endfacet
  facet normal 0 1 0
    outer loop
      vertex -20.098 4 -8.94821
      vertex -3.65418 4 -1.62695
      vertex -3.4641 4 -2
    endloop
  endfacet
  facet normal 0 1 0
    outer loop
      vertex -3.97809 4 -0.418114
      vertex -21.8795 4 -2.29963
      vertex -22 4 0
    endloop
  endfacet
  facet normal 0 1 0
    outer loop
      vertex -19.0526 4 -11
      vertex -3.4641 4 -2
      vertex -3.23607 4 -2.35114
    endloop
  endfacet
  facet normal 0 1 0
    outer loop
      vertex -17.7984 4 -12.9313
      vertex -3.23607 4 -2.35114
      vertex -2.97258 4 -2.67652
    endloop
  endfacet
  facet normal 0 1 0
    outer loop
      vertex -16.3492 4 -14.7209
      vertex -2.97258 4 -2.67652
      vertex -2.67652 4 -2.97258
    endloop
  endfacet
  facet normal 0 1 0
    outer loop
      vertex -14.7209 4 -16.3492
      vertex -2.67652 4 -2.97258
      vertex -2.35114 4 -3.23607
    endloop
  endfacet
  facet normal 0 1 0
    outer loop
      vertex -12.9313 4 -17.7984
      vertex -2.35114 4 -3.23607
      vertex -2 4 -3.4641
    endloop
  endfacet
  facet normal 0 1 0
    outer loop
      vertex -11 4 -19.0526
      vertex -2 4 -3.4641
      vertex -1.62695 4 -3.65418
    endloop
  endfacet
  facet normal 0 1 0
    outer loop
      vertex -8.94821 4 -20.098
      vertex -1.62695 4 -3.65418
      vertex -1.23607 4 -3.80423
    endloop
  endfacet
  facet normal 0 1 0
    outer loop
      vertex -6.79837 4 -20.9232
      vertex -1.23607 4 -3.80423
      vertex -0.831646 4 -3.91259
    endloop
  endfacet
  facet normal 0 1 0
    outer loop
      vertex -4.57406 4 -21.5192
      vertex -0.831646 4 -3.91259
      vertex -0.418114 4 -3.97809
    endloop
  endfacet
  facet normal 0 1 0
    outer loop
      vertex -3.91259 4 -0.831646
      vertex -21.5192 4 -4.57406
      vertex -21.8795 4 -2.29963
    endloop
  endfacet
  facet normal 0 1 0
    outer loop
      vertex -2.29963 4 -21.8795
      vertex -0.418114 4 -3.97809
      vertex 0 4 -4
    endloop
  endfacet
  facet normal 0 1 -0
    outer loop
      vertex 12.9313 4 -17.7984
      vertex 2.35114 4 -3.23607
      vertex 14.7209 4 -16.3492
    endloop
  endfacet
  facet normal 0 1 0
    outer loop
      vertex 2.35114 4 -3.23607
      vertex 12.9313 4 -17.7984
      vertex 2 4 -3.4641
    endloop
  endfacet
  facet normal 0 1 0
    outer loop
      vertex -3.80423 4 -1.23607
      vertex -20.9232 4 -6.79837
      vertex -21.5192 4 -4.57406
    endloop
  endfacet
  facet normal 0 1 -0
    outer loop
      vertex 11 4 -19.0526
      vertex 2 4 -3.4641
      vertex 12.9313 4 -17.7984
    endloop
  endfacet
  facet normal 0 1 0
    outer loop
      vertex -3.65418 4 -1.62695
      vertex -20.098 4 -8.94821
      vertex -20.9232 4 -6.79837
    endloop
  endfacet
  facet normal 0 1 0
    outer loop
      vertex 2 4 -3.4641
      vertex 11 4 -19.0526
      vertex 1.62695 4 -3.65418
    endloop
  endfacet
  facet normal 0 1 0
    outer loop
      vertex -3.4641 4 -2
      vertex -19.0526 4 -11
      vertex -20.098 4 -8.94821
    endloop
  endfacet
  facet normal 0 1 -0
    outer loop
      vertex 8.94821 4 -20.098
      vertex 1.62695 4 -3.65418
      vertex 11 4 -19.0526
    endloop
  endfacet
  facet normal 0 1 0
    outer loop
      vertex -3.23607 4 -2.35114
      vertex -17.7984 4 -12.9313
      vertex -19.0526 4 -11
    endloop
  endfacet
  facet normal 0 1 0
    outer loop
      vertex 1.62695 4 -3.65418
      vertex 8.94821 4 -20.098
      vertex 1.23607 4 -3.80423
    endloop
  endfacet
  facet normal 0 1 0
    outer loop
      vertex -2.97258 4 -2.67652
      vertex -16.3492 4 -14.7209
      vertex -17.7984 4 -12.9313
    endloop
  endfacet
  facet normal 0 1 -0
    outer loop
      vertex 6.79837 4 -20.9232
      vertex 1.23607 4 -3.80423
      vertex 8.94821 4 -20.098
    endloop
  endfacet
  facet normal 0 1 0
    outer loop
      vertex -2.67652 4 -2.97258
      vertex -14.7209 4 -16.3492
      vertex -16.3492 4 -14.7209
    endloop
  endfacet
  facet normal 0 1 0
    outer loop
      vertex 1.23607 4 -3.80423
      vertex 6.79837 4 -20.9232
      vertex 0.831646 4 -3.91259
    endloop
  endfacet
  facet normal 0 1 0
    outer loop
      vertex -2.35114 4 -3.23607
      vertex -12.9313 4 -17.7984
      vertex -14.7209 4 -16.3492
    endloop
  endfacet
  facet normal 0 1 -0
    outer loop
      vertex 4.57406 4 -21.5192
      vertex 0.831646 4 -3.91259
      vertex 6.79837 4 -20.9232
    endloop
  endfacet
  facet normal 0 1 0
    outer loop
      vertex -2 4 -3.4641
      vertex -11 4 -19.0526
      vertex -12.9313 4 -17.7984
    endloop
  endfacet
  facet normal 0 1 0
    outer loop
      vertex 0.831646 4 -3.91259
      vertex 4.57406 4 -21.5192
      vertex 0.418114 4 -3.97809
    endloop
  endfacet
  facet normal 0 1 0
    outer loop
      vertex -1.62695 4 -3.65418
      vertex -8.94821 4 -20.098
      vertex -11 4 -19.0526
    endloop
  endfacet
  facet normal 0 1 -0
    outer loop
      vertex 2.29963 4 -21.8795
      vertex 0.418114 4 -3.97809
      vertex 4.57406 4 -21.5192
    endloop
  endfacet
  facet normal 0 1 0
    outer loop
      vertex -1.23607 4 -3.80423
      vertex -6.79837 4 -20.9232
      vertex -8.94821 4 -20.098
    endloop
  endfacet
  facet normal 0 1 0
    outer loop
      vertex 0.418114 4 -3.97809
      vertex 2.29963 4 -21.8795
      vertex 0 4 -4
    endloop
  endfacet
  facet normal 0 1 0
    outer loop
      vertex -0.831646 4 -3.91259
      vertex -4.57406 4 -21.5192
      vertex -6.79837 4 -20.9232
    endloop
  endfacet
  facet normal 0 1 0
    outer loop
      vertex 0 4 -22
      vertex 0 4 -4
      vertex 2.29963 4 -21.8795
    endloop
  endfacet
  facet normal 0 1 0
    outer loop
      vertex -0.418114 4 -3.97809
      vertex -2.29963 4 -21.8795
      vertex -4.57406 4 -21.5192
    endloop
  endfacet
  facet normal 0 1 0
    outer loop
      vertex 0 4 -4
      vertex 0 4 -22
      vertex -2.29963 4 -21.8795
    endloop
  endfacet
  facet normal -0.258818 0 -0.965926
    outer loop
      vertex -6.79837 -4 -20.9232
      vertex -4.57406 4 -21.5192
      vertex -4.57406 -4 -21.5192
    endloop
  endfacet
  facet normal -0.258818 0 -0.965926
    outer loop
      vertex -4.57406 4 -21.5192
      vertex -6.79837 -4 -20.9232
      vertex -6.79837 4 -20.9232
    endloop
  endfacet
  facet normal 0.933587 0 -0.35835
    outer loop
      vertex 20.9232 -4 -6.79837
      vertex 20.098 4 -8.94821
      vertex 20.9232 4 -6.79837
    endloop
  endfacet
  facet normal 0.933587 0 -0.35835
    outer loop
      vertex 20.098 4 -8.94821
      vertex 20.9232 -4 -6.79837
      vertex 20.098 -4 -8.94821
    endloop
  endfacet
  facet normal 0.544639 0 0.838671
    outer loop
      vertex 11 4 19.0526
      vertex 12.9313 -4 17.7984
      vertex 12.9313 4 17.7984
    endloop
  endfacet
  facet normal 0.544639 0 0.838671
    outer loop
      vertex 12.9313 -4 17.7984
      vertex 11 4 19.0526
      vertex 11 -4 19.0526
    endloop
  endfacet
  facet normal 0.629323 0 -0.777144
    outer loop
      vertex 12.9313 -4 -17.7984
      vertex 14.7209 4 -16.3492
      vertex 14.7209 -4 -16.3492
    endloop
  endfacet
  facet normal 0.629323 0 -0.777144
    outer loop
      vertex 14.7209 4 -16.3492
      vertex 12.9313 -4 -17.7984
      vertex 12.9313 4 -17.7984
    endloop
  endfacet
  facet normal -0.35835 0 -0.933587
    outer loop
      vertex -8.94821 -4 -20.098
      vertex -6.79837 4 -20.9232
      vertex -6.79837 -4 -20.9232
    endloop
  endfacet
  facet normal -0.35835 0 -0.933587
    outer loop
      vertex -6.79837 4 -20.9232
      vertex -8.94821 -4 -20.098
      vertex -8.94821 4 -20.098
    endloop
  endfacet
  facet normal 0.453977 0 -0.891013
    outer loop
      vertex 8.94821 -4 -20.098
      vertex 11 4 -19.0526
      vertex 11 -4 -19.0526
    endloop
  endfacet
  facet normal 0.453977 0 -0.891013
    outer loop
      vertex 11 4 -19.0526
      vertex 8.94821 -4 -20.098
      vertex 8.94821 4 -20.098
    endloop
  endfacet
  facet normal 0.156462 0 0.987684
    outer loop
      vertex 2.29963 4 21.8795
      vertex 4.57406 -4 21.5192
      vertex 4.57406 4 21.5192
    endloop
  endfacet
  facet normal 0.156462 0 0.987684
    outer loop
      vertex 4.57406 -4 21.5192
      vertex 2.29963 4 21.8795
      vertex 2.29963 -4 21.8795
    endloop
  endfacet
  facet normal 0.0523279 -0 0.99863
    outer loop
      vertex 0 3 22
      vertex 2.29963 4 21.8795
      vertex 0 4 22
    endloop
  endfacet
  facet normal 0.0523279 0 0.99863
    outer loop
      vertex 2.29963 4 21.8795
      vertex 0 3 22
      vertex 2.29963 -4 21.8795
    endloop
  endfacet
  facet normal 0.0523279 -0 0.99863
    outer loop
      vertex 0 -3 22
      vertex 2.29963 -4 21.8795
      vertex 0 3 22
    endloop
  endfacet
  facet normal 0.0523279 0 0.99863
    outer loop
      vertex 2.29963 -4 21.8795
      vertex 0 -3 22
      vertex 0 -4 22
    endloop
  endfacet
  facet normal -0.933587 0 -0.35835
    outer loop
      vertex -20.098 -4 -8.94821
      vertex -20.9232 4 -6.79837
      vertex -20.098 4 -8.94821
    endloop
  endfacet
  facet normal -0.933587 -0 -0.35835
    outer loop
      vertex -20.9232 4 -6.79837
      vertex -20.098 -4 -8.94821
      vertex -20.9232 -4 -6.79837
    endloop
  endfacet
  facet normal -0.0523279 0 0.99863
    outer loop
      vertex -2.29963 4 21.8795
      vertex 0 3 22
      vertex 0 4 22
    endloop
  endfacet
  facet normal -0.0523279 0 0.99863
    outer loop
      vertex 0 3 22
      vertex -2.29963 4 21.8795
      vertex 0 -3 22
    endloop
  endfacet
  facet normal -0.0523279 0 0.99863
    outer loop
      vertex -2.29963 -4 21.8795
      vertex 0 -3 22
      vertex -2.29963 4 21.8795
    endloop
  endfacet
  facet normal -0.0523279 0 0.99863
    outer loop
      vertex 0 -3 22
      vertex -2.29963 -4 21.8795
      vertex 0 -4 22
    endloop
  endfacet
  facet normal 0.99863 0 -0.0523279
    outer loop
      vertex 22 3 0
      vertex 21.8795 4 -2.29963
      vertex 22 4 0
    endloop
  endfacet
  facet normal 0.99863 0 -0.0523279
    outer loop
      vertex 22 -3 0
      vertex 21.8795 4 -2.29963
      vertex 22 3 0
    endloop
  endfacet
  facet normal 0.99863 0 -0.0523279
    outer loop
      vertex 21.8795 -4 -2.29963
      vertex 22 -3 0
      vertex 22 -4 0
    endloop
  endfacet
  facet normal 0.99863 0 -0.0523279
    outer loop
      vertex 22 -3 0
      vertex 21.8795 -4 -2.29963
      vertex 21.8795 4 -2.29963
    endloop
  endfacet
  facet normal -0.99863 0 -0.0523279
    outer loop
      vertex -21.8795 4 -2.29963
      vertex -22 3 0
      vertex -22 4 0
    endloop
  endfacet
  facet normal -0.99863 0 -0.0523279
    outer loop
      vertex -21.8795 4 -2.29963
      vertex -22 -3 0
      vertex -22 3 0
    endloop
  endfacet
  facet normal -0.99863 0 -0.0523279
    outer loop
      vertex -21.8795 -4 -2.29963
      vertex -22 -3 0
      vertex -21.8795 4 -2.29963
    endloop
  endfacet
  facet normal -0.99863 -0 -0.0523279
    outer loop
      vertex -22 -3 0
      vertex -21.8795 -4 -2.29963
      vertex -22 -4 0
    endloop
  endfacet
  facet normal -0.987684 0 -0.156462
    outer loop
      vertex -21.5192 -4 -4.57406
      vertex -21.8795 4 -2.29963
      vertex -21.5192 4 -4.57406
    endloop
  endfacet
  facet normal -0.987684 -0 -0.156462
    outer loop
      vertex -21.8795 4 -2.29963
      vertex -21.5192 -4 -4.57406
      vertex -21.8795 -4 -2.29963
    endloop
  endfacet
  facet normal 0.891013 -3.76722e-06 -0.453977
    outer loop
      vertex 20.098 4 -8.94821
      vertex 19.8 0.4 -9.53306
      vertex 19.0526 4 -11
    endloop
  endfacet
  facet normal 0.891004 0 -0.453995
    outer loop
      vertex 20.098 4 -8.94821
      vertex 19.8 -0.4 -9.53306
      vertex 19.8 0.4 -9.53306
    endloop
  endfacet
  facet normal 0.891004 0 -0.453995
    outer loop
      vertex 20.098 -4 -8.94821
      vertex 19.8 -0.4 -9.53306
      vertex 20.098 4 -8.94821
    endloop
  endfacet
  facet normal 0.891013 3.76722e-06 -0.453977
    outer loop
      vertex 19.0526 -4 -11
      vertex 19.8 -0.4 -9.53306
      vertex 20.098 -4 -8.94821
    endloop
  endfacet
  facet normal 0.891017 0 -0.45397
    outer loop
      vertex 19.8 -0.4 -9.53306
      vertex 19.0526 -4 -11
      vertex 19.0526 -0.4 -11
    endloop
  endfacet
  facet normal 0.891017 0 -0.45397
    outer loop
      vertex 19.0526 4 -11
      vertex 19.8 0.4 -9.53306
      vertex 19.0526 0.4 -11
    endloop
  endfacet
  facet normal -0.838671 0 0.544639
    outer loop
      vertex -19.0526 -4 11
      vertex -17.7984 4 12.9313
      vertex -19.0526 4 11
    endloop
  endfacet
  facet normal -0.838671 0 0.544639
    outer loop
      vertex -17.7984 4 12.9313
      vertex -19.0526 -4 11
      vertex -17.7984 -4 12.9313
    endloop
  endfacet
  facet normal -0.629323 0 -0.777144
    outer loop
      vertex -14.7209 -4 -16.3492
      vertex -12.9313 4 -17.7984
      vertex -12.9313 -4 -17.7984
    endloop
  endfacet
  facet normal -0.629323 0 -0.777144
    outer loop
      vertex -12.9313 4 -17.7984
      vertex -14.7209 -4 -16.3492
      vertex -14.7209 4 -16.3492
    endloop
  endfacet
  facet normal -0.544639 0 -0.838671
    outer loop
      vertex -12.9313 -4 -17.7984
      vertex -11 4 -19.0526
      vertex -11 -4 -19.0526
    endloop
  endfacet
  facet normal -0.544639 0 -0.838671
    outer loop
      vertex -11 4 -19.0526
      vertex -12.9313 -4 -17.7984
      vertex -12.9313 4 -17.7984
    endloop
  endfacet
  facet normal -0.0523279 0 -0.99863
    outer loop
      vertex -2.29963 -4 -21.8795
      vertex 0 4 -22
      vertex 0 -4 -22
    endloop
  endfacet
  facet normal -0.0523279 0 -0.99863
    outer loop
      vertex 0 4 -22
      vertex -2.29963 -4 -21.8795
      vertex -2.29963 4 -21.8795
    endloop
  endfacet
  facet normal -0.544639 0 0.838671
    outer loop
      vertex -12.9313 4 17.7984
      vertex -11 -4 19.0526
      vertex -11 4 19.0526
    endloop
  endfacet
  facet normal -0.544639 0 0.838671
    outer loop
      vertex -11 -4 19.0526
      vertex -12.9313 4 17.7984
      vertex -12.9313 -4 17.7984
    endloop
  endfacet
  facet normal -0.99863 0 0.0523279
    outer loop
      vertex -22 3 0
      vertex -21.8795 4 2.29963
      vertex -22 4 0
    endloop
  endfacet
  facet normal -0.99863 0 0.0523279
    outer loop
      vertex -21.8795 4 2.29963
      vertex -22 3 0
      vertex -21.8795 3 2.29963
    endloop
  endfacet
  facet normal -0.99863 0 0.0523279
    outer loop
      vertex -22 -4 0
      vertex -21.8795 -3 2.29963
      vertex -22 -3 0
    endloop
  endfacet
  facet normal -0.99863 0 0.0523279
    outer loop
      vertex -21.8795 -3 2.29963
      vertex -22 -4 0
      vertex -21.8795 -4 2.29963
    endloop
  endfacet
  facet normal 0.707107 0 -0.707107
    outer loop
      vertex 16.3492 -4 -14.7209
      vertex 14.7209 4 -16.3492
      vertex 16.3492 4 -14.7209
    endloop
  endfacet
  facet normal 0.707107 0 -0.707107
    outer loop
      vertex 14.7209 4 -16.3492
      vertex 16.3492 -4 -14.7209
      vertex 14.7209 -4 -16.3492
    endloop
  endfacet
  facet normal -0.156462 0 -0.987684
    outer loop
      vertex -4.57406 -4 -21.5192
      vertex -2.29963 4 -21.8795
      vertex -2.29963 -4 -21.8795
    endloop
  endfacet
  facet normal -0.156462 0 -0.987684
    outer loop
      vertex -2.29963 4 -21.8795
      vertex -4.57406 -4 -21.5192
      vertex -4.57406 4 -21.5192
    endloop
  endfacet
  facet normal -0.987689 0 0.156429
    outer loop
      vertex 18.5848 -2 -3.95032
      vertex 18.8959 2 -1.98604
      vertex 18.5848 2 -3.95032
    endloop
  endfacet
  facet normal -0.987689 0 0.156429
    outer loop
      vertex 18.8959 2 -1.98604
      vertex 18.5848 -2 -3.95032
      vertex 18.8959 -2 -1.98604
    endloop
  endfacet
  facet normal -0.987689 0 -0.156429
    outer loop
      vertex 18.8959 -2 1.98604
      vertex 18.5848 2 3.95032
      vertex 18.8959 2 1.98604
    endloop
  endfacet
  facet normal -0.987689 -0 -0.156429
    outer loop
      vertex 18.5848 2 3.95032
      vertex 18.8959 -2 1.98604
      vertex 18.5848 -2 3.95032
    endloop
  endfacet
  facet normal -0.998629 0 -0.052344
    outer loop
      vertex 19 0.4 0
      vertex 18.8959 2 1.98604
      vertex 19 2 0
    endloop
  endfacet
  facet normal -0.998629 0 -0.052344
    outer loop
      vertex 19 -0.4 0
      vertex 18.8959 2 1.98604
      vertex 19 0.4 0
    endloop
  endfacet
  facet normal -0.998629 0 -0.052344
    outer loop
      vertex 18.8959 -2 1.98604
      vertex 19 -0.4 0
      vertex 19 -2 0
    endloop
  endfacet
  facet normal -0.998629 0 -0.052344
    outer loop
      vertex 19 -0.4 0
      vertex 18.8959 -2 1.98604
      vertex 18.8959 2 1.98604
    endloop
  endfacet
  facet normal -0.96593 0 -0.258805
    outer loop
      vertex 18.5848 -2 3.95032
      vertex 18.0701 2 5.87132
      vertex 18.5848 2 3.95032
    endloop
  endfacet
  facet normal -0.96593 -0 -0.258805
    outer loop
      vertex 18.0701 2 5.87132
      vertex 18.5848 -2 3.95032
      vertex 18.0701 -2 5.87132
    endloop
  endfacet
  facet normal -0.933583 0 -0.358362
    outer loop
      vertex 18.0701 -2 5.87132
      vertex 17.3574 2 7.728
      vertex 18.0701 2 5.87132
    endloop
  endfacet
  facet normal -0.933583 -0 -0.358362
    outer loop
      vertex 17.3574 2 7.728
      vertex 18.0701 -2 5.87132
      vertex 17.3574 -2 7.728
    endloop
  endfacet
  facet normal 0.156429 0 -0.987689
    outer loop
      vertex -3.95032 -2 18.5848
      vertex -1.98604 2 18.8959
      vertex -1.98604 -2 18.8959
    endloop
  endfacet
  facet normal 0.156429 0 -0.987689
    outer loop
      vertex -1.98604 2 18.8959
      vertex -3.95032 -2 18.5848
      vertex -3.95032 2 18.5848
    endloop
  endfacet
  facet normal 0.965927 0 0.258816
    outer loop
      vertex -18.5848 -0.4 -3.95032
      vertex -18.5848 -2 -3.95032
      vertex -18.2 -0.4 -5.38643
    endloop
  endfacet
  facet normal 0.965927 0 0.258816
    outer loop
      vertex -18.2 0.4 -5.38643
      vertex -18.5848 2 -3.95032
      vertex -18.5848 0.4 -3.95032
    endloop
  endfacet
  facet normal 0.96593 1.0994e-05 0.258805
    outer loop
      vertex -18.5848 2 -3.95032
      vertex -18.2 0.4 -5.38643
      vertex -18.0701 2 -5.87132
    endloop
  endfacet
  facet normal 0.965939 -0 0.258771
    outer loop
      vertex -18.2 -0.4 -5.38643
      vertex -18.0701 2 -5.87132
      vertex -18.2 0.4 -5.38643
    endloop
  endfacet
  facet normal 0.965939 0 0.258771
    outer loop
      vertex -18.2 -0.4 -5.38643
      vertex -18.0701 -2 -5.87132
      vertex -18.0701 2 -5.87132
    endloop
  endfacet
  facet normal 0.96593 -1.0994e-05 0.258805
    outer loop
      vertex -18.0701 -2 -5.87132
      vertex -18.2 -0.4 -5.38643
      vertex -18.5848 -2 -3.95032
    endloop
  endfacet
  facet normal -0.258805 0 0.96593
    outer loop
      vertex 3.95032 2 -18.5848
      vertex 5.87132 -2 -18.0701
      vertex 5.87132 2 -18.0701
    endloop
  endfacet
  facet normal -0.258805 0 0.96593
    outer loop
      vertex 5.87132 -2 -18.0701
      vertex 3.95032 2 -18.5848
      vertex 3.95032 -2 -18.5848
    endloop
  endfacet
  facet normal 0.629289 0 0.777171
    outer loop
      vertex -12.7135 2 -14.1198
      vertex -11.1679 -2 -15.3713
      vertex -11.1679 2 -15.3713
    endloop
  endfacet
  facet normal 0.629289 0 0.777171
    outer loop
      vertex -11.1679 -2 -15.3713
      vertex -12.7135 2 -14.1198
      vertex -12.7135 -2 -14.1198
    endloop
  endfacet
  facet normal 0.891002 -0 0.453999
    outer loop
      vertex -17.3574 -2 -7.728
      vertex -16.4545 2 -9.5
      vertex -17.3574 2 -7.728
    endloop
  endfacet
  facet normal 0.891002 0 0.453999
    outer loop
      vertex -16.4545 2 -9.5
      vertex -17.3574 -2 -7.728
      vertex -16.4545 -2 -9.5
    endloop
  endfacet
  facet normal 0.707107 -0 0.707107
    outer loop
      vertex -14.1198 -2 -12.7135
      vertex -12.7135 2 -14.1198
      vertex -14.1198 2 -12.7135
    endloop
  endfacet
  facet normal 0.707107 0 0.707107
    outer loop
      vertex -12.7135 2 -14.1198
      vertex -14.1198 -2 -12.7135
      vertex -12.7135 -2 -14.1198
    endloop
  endfacet
  facet normal 0.998629 -0 0.052344
    outer loop
      vertex -19 -2 0
      vertex -18.8959 -0.4 -1.98604
      vertex -19 -0.4 0
    endloop
  endfacet
  facet normal 0.998629 0 0.052344
    outer loop
      vertex -18.8959 -0.4 -1.98604
      vertex -19 -2 0
      vertex -18.8959 -2 -1.98604
    endloop
  endfacet
  facet normal 0.998629 -0 0.052344
    outer loop
      vertex -19 0.4 0
      vertex -18.8959 2 -1.98604
      vertex -19 2 0
    endloop
  endfacet
  facet normal 0.998629 0 0.052344
    outer loop
      vertex -18.8959 2 -1.98604
      vertex -19 0.4 0
      vertex -18.8959 0.4 -1.98604
    endloop
  endfacet
  facet normal 0.987689 -0 0.156429
    outer loop
      vertex -18.8959 -2 -1.98604
      vertex -18.5848 -0.4 -3.95032
      vertex -18.8959 -0.4 -1.98604
    endloop
  endfacet
  facet normal 0.987689 0 0.156429
    outer loop
      vertex -18.5848 -0.4 -3.95032
      vertex -18.8959 -2 -1.98604
      vertex -18.5848 -2 -3.95032
    endloop
  endfacet
  facet normal 0.987689 -0 0.156429
    outer loop
      vertex -18.8959 0.4 -1.98604
      vertex -18.5848 2 -3.95032
      vertex -18.8959 2 -1.98604
    endloop
  endfacet
  facet normal 0.987689 0 0.156429
    outer loop
      vertex -18.5848 2 -3.95032
      vertex -18.8959 0.4 -1.98604
      vertex -18.5848 0.4 -3.95032
    endloop
  endfacet
  facet normal -0.052344 0 -0.998629
    outer loop
      vertex 0 -2 19
      vertex 1.98604 2 18.8959
      vertex 1.98604 -2 18.8959
    endloop
  endfacet
  facet normal -0.052344 0 -0.998629
    outer loop
      vertex 1.98604 2 18.8959
      vertex 0 -2 19
      vertex 0 2 19
    endloop
  endfacet
  facet normal 0.544658 0 0.838658
    outer loop
      vertex -11.1679 2 -15.3713
      vertex -9.5 -2 -16.4545
      vertex -9.5 2 -16.4545
    endloop
  endfacet
  facet normal 0.544658 0 0.838658
    outer loop
      vertex -9.5 -2 -16.4545
      vertex -11.1679 2 -15.3713
      vertex -11.1679 -2 -15.3713
    endloop
  endfacet
  facet normal -0.933583 0 0.358362
    outer loop
      vertex 17.3574 -2 -7.728
      vertex 18.0701 2 -5.87132
      vertex 17.3574 2 -7.728
    endloop
  endfacet
  facet normal -0.933583 0 0.358362
    outer loop
      vertex 18.0701 2 -5.87132
      vertex 17.3574 -2 -7.728
      vertex 18.0701 -2 -5.87132
    endloop
  endfacet
  facet normal -0.156429 0 -0.987689
    outer loop
      vertex 1.98604 -2 18.8959
      vertex 3.95032 2 18.5848
      vertex 3.95032 -2 18.5848
    endloop
  endfacet
  facet normal -0.156429 0 -0.987689
    outer loop
      vertex 3.95032 2 18.5848
      vertex 1.98604 -2 18.8959
      vertex 1.98604 2 18.8959
    endloop
  endfacet
  facet normal 0.258805 0 0.96593
    outer loop
      vertex -5.87132 2 -18.0701
      vertex -3.95032 -2 -18.5848
      vertex -3.95032 2 -18.5848
    endloop
  endfacet
  facet normal 0.258805 0 0.96593
    outer loop
      vertex -3.95032 -2 -18.5848
      vertex -5.87132 2 -18.0701
      vertex -5.87132 -2 -18.0701
    endloop
  endfacet
  facet normal -0.544658 0 -0.838658
    outer loop
      vertex 9.5 -2 16.4545
      vertex 11.1679 2 15.3713
      vertex 11.1679 -2 15.3713
    endloop
  endfacet
  facet normal -0.544658 0 -0.838658
    outer loop
      vertex 11.1679 2 15.3713
      vertex 9.5 -2 16.4545
      vertex 9.5 2 16.4545
    endloop
  endfacet
  facet normal -0.358362 0 0.933583
    outer loop
      vertex 5.87132 2 -18.0701
      vertex 7.728 -2 -17.3574
      vertex 7.728 2 -17.3574
    endloop
  endfacet
  facet normal -0.358362 0 0.933583
    outer loop
      vertex 7.728 -2 -17.3574
      vertex 5.87132 2 -18.0701
      vertex 5.87132 -2 -18.0701
    endloop
  endfacet
  facet normal 0.258805 0 -0.96593
    outer loop
      vertex -5.87132 -2 18.0701
      vertex -3.95032 2 18.5848
      vertex -3.95032 -2 18.5848
    endloop
  endfacet
  facet normal 0.258805 0 -0.96593
    outer loop
      vertex -3.95032 2 18.5848
      vertex -5.87132 -2 18.0701
      vertex -5.87132 2 18.0701
    endloop
  endfacet
  facet normal -0.258805 0 -0.96593
    outer loop
      vertex 3.95032 -2 18.5848
      vertex 5.87132 2 18.0701
      vertex 5.87132 -2 18.0701
    endloop
  endfacet
  facet normal -0.258805 0 -0.96593
    outer loop
      vertex 5.87132 2 18.0701
      vertex 3.95032 -2 18.5848
      vertex 3.95032 2 18.5848
    endloop
  endfacet
  facet normal -0.358362 0 -0.933583
    outer loop
      vertex 5.87132 -2 18.0701
      vertex 7.728 2 17.3574
      vertex 7.728 -2 17.3574
    endloop
  endfacet
  facet normal -0.358362 0 -0.933583
    outer loop
      vertex 7.728 2 17.3574
      vertex 5.87132 -2 18.0701
      vertex 5.87132 2 18.0701
    endloop
  endfacet
  facet normal 0.707107 0 -0.707107
    outer loop
      vertex -12.7135 -2 14.1198
      vertex -14.1198 2 12.7135
      vertex -12.7135 2 14.1198
    endloop
  endfacet
  facet normal 0.707107 0 -0.707107
    outer loop
      vertex -14.1198 2 12.7135
      vertex -12.7135 -2 14.1198
      vertex -14.1198 -2 12.7135
    endloop
  endfacet
  facet normal -0.838658 0 -0.544658
    outer loop
      vertex 16.4545 -2 9.5
      vertex 15.3713 2 11.1679
      vertex 16.4545 2 9.5
    endloop
  endfacet
  facet normal -0.838658 -0 -0.544658
    outer loop
      vertex 15.3713 2 11.1679
      vertex 16.4545 -2 9.5
      vertex 15.3713 -2 11.1679
    endloop
  endfacet
  facet normal 0.453999 0 -0.891002
    outer loop
      vertex -9.5 -2 16.4545
      vertex -7.728 2 17.3574
      vertex -7.728 -2 17.3574
    endloop
  endfacet
  facet normal 0.453999 0 -0.891002
    outer loop
      vertex -7.728 2 17.3574
      vertex -9.5 -2 16.4545
      vertex -9.5 2 16.4545
    endloop
  endfacet
  facet normal 0.838658 -0 0.544658
    outer loop
      vertex -16.4545 -2 -9.5
      vertex -15.3713 2 -11.1679
      vertex -16.4545 2 -9.5
    endloop
  endfacet
  facet normal 0.838658 0 0.544658
    outer loop
      vertex -15.3713 2 -11.1679
      vertex -16.4545 -2 -9.5
      vertex -15.3713 -2 -11.1679
    endloop
  endfacet
  facet normal 0.453999 0 0.891002
    outer loop
      vertex -9.5 2 -16.4545
      vertex -7.728 -2 -17.3574
      vertex -7.728 2 -17.3574
    endloop
  endfacet
  facet normal 0.453999 0 0.891002
    outer loop
      vertex -7.728 -2 -17.3574
      vertex -9.5 2 -16.4545
      vertex -9.5 -2 -16.4545
    endloop
  endfacet
  facet normal -0.777171 0 0.629289
    outer loop
      vertex 14.1198 -2 -12.7135
      vertex 15.3713 2 -11.1679
      vertex 14.1198 2 -12.7135
    endloop
  endfacet
  facet normal -0.777171 0 0.629289
    outer loop
      vertex 15.3713 2 -11.1679
      vertex 14.1198 -2 -12.7135
      vertex 15.3713 -2 -11.1679
    endloop
  endfacet
  facet normal -0.629289 0 -0.777171
    outer loop
      vertex 11.1679 -2 15.3713
      vertex 12.7135 2 14.1198
      vertex 12.7135 -2 14.1198
    endloop
  endfacet
  facet normal -0.629289 0 -0.777171
    outer loop
      vertex 12.7135 2 14.1198
      vertex 11.1679 -2 15.3713
      vertex 11.1679 2 15.3713
    endloop
  endfacet
  facet normal -0.838658 0 0.544658
    outer loop
      vertex 15.3713 -2 -11.1679
      vertex 16.4545 2 -9.5
      vertex 15.3713 2 -11.1679
    endloop
  endfacet
  facet normal -0.838658 0 0.544658
    outer loop
      vertex 16.4545 2 -9.5
      vertex 15.3713 -2 -11.1679
      vertex 16.4545 -2 -9.5
    endloop
  endfacet
  facet normal -0.052344 0 0.998629
    outer loop
      vertex 0 2 -19
      vertex 1.98604 -2 -18.8959
      vertex 1.98604 2 -18.8959
    endloop
  endfacet
  facet normal -0.052344 0 0.998629
    outer loop
      vertex 1.98604 -2 -18.8959
      vertex 0 2 -19
      vertex 0 -2 -19
    endloop
  endfacet
  facet normal 0.358362 0 -0.933583
    outer loop
      vertex -7.728 -2 17.3574
      vertex -5.87132 2 18.0701
      vertex -5.87132 -2 18.0701
    endloop
  endfacet
  facet normal 0.358362 0 -0.933583
    outer loop
      vertex -5.87132 2 18.0701
      vertex -7.728 -2 17.3574
      vertex -7.728 2 17.3574
    endloop
  endfacet
  facet normal 0.052344 0 -0.998629
    outer loop
      vertex -1.98604 -2 18.8959
      vertex 0 2 19
      vertex 0 -2 19
    endloop
  endfacet
  facet normal 0.052344 0 -0.998629
    outer loop
      vertex 0 2 19
      vertex -1.98604 -2 18.8959
      vertex -1.98604 2 18.8959
    endloop
  endfacet
  facet normal -0.453999 0 0.891002
    outer loop
      vertex 7.728 2 -17.3574
      vertex 9.5 -2 -16.4545
      vertex 9.5 2 -16.4545
    endloop
  endfacet
  facet normal -0.453999 0 0.891002
    outer loop
      vertex 9.5 -2 -16.4545
      vertex 7.728 2 -17.3574
      vertex 7.728 -2 -17.3574
    endloop
  endfacet
  facet normal -0.156429 0 0.987689
    outer loop
      vertex 1.98604 2 -18.8959
      vertex 3.95032 -2 -18.5848
      vertex 3.95032 2 -18.5848
    endloop
  endfacet
  facet normal -0.156429 0 0.987689
    outer loop
      vertex 3.95032 -2 -18.5848
      vertex 1.98604 2 -18.8959
      vertex 1.98604 -2 -18.8959
    endloop
  endfacet
  facet normal 0.933583 0 -0.358362
    outer loop
      vertex -17.3574 -2 7.728
      vertex -18.0701 2 5.87132
      vertex -17.3574 2 7.728
    endloop
  endfacet
  facet normal 0.933583 0 -0.358362
    outer loop
      vertex -18.0701 2 5.87132
      vertex -17.3574 -2 7.728
      vertex -18.0701 -2 5.87132
    endloop
  endfacet
  facet normal 0.052344 0 0.998629
    outer loop
      vertex -1.98604 2 -18.8959
      vertex 0 -2 -19
      vertex 0 2 -19
    endloop
  endfacet
  facet normal 0.052344 0 0.998629
    outer loop
      vertex 0 -2 -19
      vertex -1.98604 2 -18.8959
      vertex -1.98604 -2 -18.8959
    endloop
  endfacet
  facet normal -0.777171 0 -0.629289
    outer loop
      vertex 15.3713 -2 11.1679
      vertex 14.1198 2 12.7135
      vertex 15.3713 2 11.1679
    endloop
  endfacet
  facet normal -0.777171 -0 -0.629289
    outer loop
      vertex 14.1198 2 12.7135
      vertex 15.3713 -2 11.1679
      vertex 14.1198 -2 12.7135
    endloop
  endfacet
  facet normal -0.96593 0 0.258805
    outer loop
      vertex 18.0701 -2 -5.87132
      vertex 18.5848 2 -3.95032
      vertex 18.0701 2 -5.87132
    endloop
  endfacet
  facet normal -0.96593 0 0.258805
    outer loop
      vertex 18.5848 2 -3.95032
      vertex 18.0701 -2 -5.87132
      vertex 18.5848 -2 -3.95032
    endloop
  endfacet
  facet normal -0.453999 0 -0.891002
    outer loop
      vertex 7.728 -2 17.3574
      vertex 9.5 2 16.4545
      vertex 9.5 -2 16.4545
    endloop
  endfacet
  facet normal -0.453999 0 -0.891002
    outer loop
      vertex 9.5 2 16.4545
      vertex 7.728 -2 17.3574
      vertex 7.728 2 17.3574
    endloop
  endfacet
  facet normal 0 1 0
    outer loop
      vertex 0 -2 4
      vertex 0 -2 19
      vertex 1.98604 -2 18.8959
    endloop
  endfacet
  facet normal 0 1 0
    outer loop
      vertex 0.418114 -2 3.97809
      vertex 1.98604 -2 18.8959
      vertex 3.95032 -2 18.5848
    endloop
  endfacet
  facet normal 0 1 0
    outer loop
      vertex 0 -2 19
      vertex 0 -2 4
      vertex -1.98604 -2 18.8959
    endloop
  endfacet
  facet normal 0 1 0
    outer loop
      vertex 0.831646 -2 3.91259
      vertex 3.95032 -2 18.5848
      vertex 5.87132 -2 18.0701
    endloop
  endfacet
  facet normal 0 1 -0
    outer loop
      vertex -0.418114 -2 3.97809
      vertex -1.98604 -2 18.8959
      vertex 0 -2 4
    endloop
  endfacet
  facet normal 0 1 0
    outer loop
      vertex 1.23607 -2 3.80423
      vertex 5.87132 -2 18.0701
      vertex 7.728 -2 17.3574
    endloop
  endfacet
  facet normal 0 1 0
    outer loop
      vertex -1.98604 -2 18.8959
      vertex -0.418114 -2 3.97809
      vertex -3.95032 -2 18.5848
    endloop
  endfacet
  facet normal 0 1 0
    outer loop
      vertex 1.62695 -2 3.65418
      vertex 7.728 -2 17.3574
      vertex 9.5 -2 16.4545
    endloop
  endfacet
  facet normal 0 1 -0
    outer loop
      vertex -0.831646 -2 3.91259
      vertex -3.95032 -2 18.5848
      vertex -0.418114 -2 3.97809
    endloop
  endfacet
  facet normal 0 1 0
    outer loop
      vertex 2 -2 3.4641
      vertex 9.5 -2 16.4545
      vertex 11.1679 -2 15.3713
    endloop
  endfacet
  facet normal 0 1 0
    outer loop
      vertex -3.95032 -2 18.5848
      vertex -0.831646 -2 3.91259
      vertex -5.87132 -2 18.0701
    endloop
  endfacet
  facet normal 0 1 0
    outer loop
      vertex 2.35114 -2 3.23607
      vertex 11.1679 -2 15.3713
      vertex 12.7135 -2 14.1198
    endloop
  endfacet
  facet normal 0 1 -0
    outer loop
      vertex -1.23607 -2 3.80423
      vertex -5.87132 -2 18.0701
      vertex -0.831646 -2 3.91259
    endloop
  endfacet
  facet normal 0 1 0
    outer loop
      vertex 2.67652 -2 2.97258
      vertex 12.7135 -2 14.1198
      vertex 14.1198 -2 12.7135
    endloop
  endfacet
  facet normal 0 1 0
    outer loop
      vertex -5.87132 -2 18.0701
      vertex -1.23607 -2 3.80423
      vertex -7.728 -2 17.3574
    endloop
  endfacet
  facet normal 0 1 0
    outer loop
      vertex 2.97258 -2 2.67652
      vertex 14.1198 -2 12.7135
      vertex 15.3713 -2 11.1679
    endloop
  endfacet
  facet normal 0 1 -0
    outer loop
      vertex -1.62695 -2 3.65418
      vertex -7.728 -2 17.3574
      vertex -1.23607 -2 3.80423
    endloop
  endfacet
  facet normal 0 1 0
    outer loop
      vertex 3.23607 -2 2.35114
      vertex 15.3713 -2 11.1679
      vertex 16.4545 -2 9.5
    endloop
  endfacet
  facet normal 0 1 0
    outer loop
      vertex -7.728 -2 17.3574
      vertex -1.62695 -2 3.65418
      vertex -9.5 -2 16.4545
    endloop
  endfacet
  facet normal 0 1 0
    outer loop
      vertex 3.4641 -2 2
      vertex 16.4545 -2 9.5
      vertex 17.3574 -2 7.728
    endloop
  endfacet
  facet normal 0 1 -0
    outer loop
      vertex -2 -2 3.4641
      vertex -9.5 -2 16.4545
      vertex -1.62695 -2 3.65418
    endloop
  endfacet
  facet normal 0 1 0
    outer loop
      vertex 3.65418 -2 1.62695
      vertex 17.3574 -2 7.728
      vertex 18.0701 -2 5.87132
    endloop
  endfacet
  facet normal 0 1 0
    outer loop
      vertex -9.5 -2 16.4545
      vertex -2 -2 3.4641
      vertex -11.1679 -2 15.3713
    endloop
  endfacet
  facet normal 0 1 -0
    outer loop
      vertex -2.35114 -2 3.23607
      vertex -11.1679 -2 15.3713
      vertex -2 -2 3.4641
    endloop
  endfacet
  facet normal 0 1 0
    outer loop
      vertex 1.98604 -2 18.8959
      vertex 0.418114 -2 3.97809
      vertex 0 -2 4
    endloop
  endfacet
  facet normal 0 1 0
    outer loop
      vertex 3.80423 -2 1.23607
      vertex 18.0701 -2 5.87132
      vertex 18.5848 -2 3.95032
    endloop
  endfacet
  facet normal 0 1 0
    outer loop
      vertex 3.95032 -2 18.5848
      vertex 0.831646 -2 3.91259
      vertex 0.418114 -2 3.97809
    endloop
  endfacet
  facet normal 0 1 0
    outer loop
      vertex 5.87132 -2 18.0701
      vertex 1.23607 -2 3.80423
      vertex 0.831646 -2 3.91259
    endloop
  endfacet
  facet normal 0 1 0
    outer loop
      vertex 7.728 -2 17.3574
      vertex 1.62695 -2 3.65418
      vertex 1.23607 -2 3.80423
    endloop
  endfacet
  facet normal 0 1 0
    outer loop
      vertex 9.5 -2 16.4545
      vertex 2 -2 3.4641
      vertex 1.62695 -2 3.65418
    endloop
  endfacet
  facet normal 0 1 0
    outer loop
      vertex 11.1679 -2 15.3713
      vertex 2.35114 -2 3.23607
      vertex 2 -2 3.4641
    endloop
  endfacet
  facet normal 0 1 0
    outer loop
      vertex 12.7135 -2 14.1198
      vertex 2.67652 -2 2.97258
      vertex 2.35114 -2 3.23607
    endloop
  endfacet
  facet normal 0 1 0
    outer loop
      vertex 14.1198 -2 12.7135
      vertex 2.97258 -2 2.67652
      vertex 2.67652 -2 2.97258
    endloop
  endfacet
  facet normal 0 1 0
    outer loop
      vertex 15.3713 -2 11.1679
      vertex 3.23607 -2 2.35114
      vertex 2.97258 -2 2.67652
    endloop
  endfacet
  facet normal 0 1 0
    outer loop
      vertex 16.4545 -2 9.5
      vertex 3.4641 -2 2
      vertex 3.23607 -2 2.35114
    endloop
  endfacet
  facet normal 0 1 0
    outer loop
      vertex 3.91259 -2 0.831646
      vertex 18.5848 -2 3.95032
      vertex 18.8959 -2 1.98604
    endloop
  endfacet
  facet normal 0 1 0
    outer loop
      vertex 17.3574 -2 7.728
      vertex 3.65418 -2 1.62695
      vertex 3.4641 -2 2
    endloop
  endfacet
  facet normal 0 1 0
    outer loop
      vertex 18.0701 -2 5.87132
      vertex 3.80423 -2 1.23607
      vertex 3.65418 -2 1.62695
    endloop
  endfacet
  facet normal 0 1 0
    outer loop
      vertex 18.5848 -2 3.95032
      vertex 3.91259 -2 0.831646
      vertex 3.80423 -2 1.23607
    endloop
  endfacet
  facet normal 0 1 0
    outer loop
      vertex 18.8959 -2 1.98604
      vertex 3.97809 -2 0.418114
      vertex 3.91259 -2 0.831646
    endloop
  endfacet
  facet normal 0 1 0
    outer loop
      vertex 19 -2 0
      vertex 3.97809 -2 0.418114
      vertex 18.8959 -2 1.98604
    endloop
  endfacet
  facet normal 0 1 0
    outer loop
      vertex 19 -2 0
      vertex 4 -2 0
      vertex 3.97809 -2 0.418114
    endloop
  endfacet
  facet normal 0 1 0
    outer loop
      vertex 19 -2 0
      vertex 3.97809 -2 -0.418114
      vertex 4 -2 0
    endloop
  endfacet
  facet normal 0 1 -0
    outer loop
      vertex 18.8959 -2 -1.98604
      vertex 3.97809 -2 -0.418114
      vertex 19 -2 0
    endloop
  endfacet
  facet normal 0 1 0
    outer loop
      vertex 3.97809 -2 -0.418114
      vertex 18.8959 -2 -1.98604
      vertex 3.91259 -2 -0.831646
    endloop
  endfacet
  facet normal 0 1 -0
    outer loop
      vertex 18.5848 -2 -3.95032
      vertex 3.91259 -2 -0.831646
      vertex 18.8959 -2 -1.98604
    endloop
  endfacet
  facet normal 0 1 0
    outer loop
      vertex 3.91259 -2 -0.831646
      vertex 18.5848 -2 -3.95032
      vertex 3.80423 -2 -1.23607
    endloop
  endfacet
  facet normal 0 1 -0
    outer loop
      vertex 18.0701 -2 -5.87132
      vertex 3.80423 -2 -1.23607
      vertex 18.5848 -2 -3.95032
    endloop
  endfacet
  facet normal 0 1 0
    outer loop
      vertex 3.80423 -2 -1.23607
      vertex 18.0701 -2 -5.87132
      vertex 3.65418 -2 -1.62695
    endloop
  endfacet
  facet normal 0 1 -0
    outer loop
      vertex 17.3574 -2 -7.728
      vertex 3.65418 -2 -1.62695
      vertex 18.0701 -2 -5.87132
    endloop
  endfacet
  facet normal 0 1 0
    outer loop
      vertex 3.65418 -2 -1.62695
      vertex 17.3574 -2 -7.728
      vertex 3.4641 -2 -2
    endloop
  endfacet
  facet normal 0 1 -0
    outer loop
      vertex 16.4545 -2 -9.5
      vertex 3.4641 -2 -2
      vertex 17.3574 -2 -7.728
    endloop
  endfacet
  facet normal 0 1 0
    outer loop
      vertex 3.4641 -2 -2
      vertex 16.4545 -2 -9.5
      vertex 3.23607 -2 -2.35114
    endloop
  endfacet
  facet normal 0 1 -0
    outer loop
      vertex 15.3713 -2 -11.1679
      vertex 3.23607 -2 -2.35114
      vertex 16.4545 -2 -9.5
    endloop
  endfacet
  facet normal 0 1 0
    outer loop
      vertex 3.23607 -2 -2.35114
      vertex 15.3713 -2 -11.1679
      vertex 2.97258 -2 -2.67652
    endloop
  endfacet
  facet normal 0 1 -0
    outer loop
      vertex 14.1198 -2 -12.7135
      vertex 2.97258 -2 -2.67652
      vertex 15.3713 -2 -11.1679
    endloop
  endfacet
  facet normal 0 1 0
    outer loop
      vertex 2.97258 -2 -2.67652
      vertex 14.1198 -2 -12.7135
      vertex 2.67652 -2 -2.97258
    endloop
  endfacet
  facet normal 0 1 -0
    outer loop
      vertex 12.7135 -2 -14.1198
      vertex 2.67652 -2 -2.97258
      vertex 14.1198 -2 -12.7135
    endloop
  endfacet
  facet normal 0 1 0
    outer loop
      vertex 2.67652 -2 -2.97258
      vertex 12.7135 -2 -14.1198
      vertex 2.35114 -2 -3.23607
    endloop
  endfacet
  facet normal 0 1 -0
    outer loop
      vertex 11.1679 -2 -15.3713
      vertex 2.35114 -2 -3.23607
      vertex 12.7135 -2 -14.1198
    endloop
  endfacet
  facet normal 0 1 0
    outer loop
      vertex -11.1679 -2 15.3713
      vertex -2.35114 -2 3.23607
      vertex -12.7135 -2 14.1198
    endloop
  endfacet
  facet normal 0 1 -0
    outer loop
      vertex -2.67652 -2 2.97258
      vertex -12.7135 -2 14.1198
      vertex -2.35114 -2 3.23607
    endloop
  endfacet
  facet normal 0 1 0
    outer loop
      vertex -12.7135 -2 14.1198
      vertex -2.67652 -2 2.97258
      vertex -14.1198 -2 12.7135
    endloop
  endfacet
  facet normal 0 1 -0
    outer loop
      vertex -2.97258 -2 2.67652
      vertex -14.1198 -2 12.7135
      vertex -2.67652 -2 2.97258
    endloop
  endfacet
  facet normal 0 1 0
    outer loop
      vertex -14.1198 -2 12.7135
      vertex -2.97258 -2 2.67652
      vertex -15.3713 -2 11.1679
    endloop
  endfacet
  facet normal 0 1 -0
    outer loop
      vertex -3.23607 -2 2.35114
      vertex -15.3713 -2 11.1679
      vertex -2.97258 -2 2.67652
    endloop
  endfacet
  facet normal 0 1 0
    outer loop
      vertex -15.3713 -2 11.1679
      vertex -3.23607 -2 2.35114
      vertex -16.4545 -2 9.5
    endloop
  endfacet
  facet normal 0 1 -0
    outer loop
      vertex -3.4641 -2 2
      vertex -16.4545 -2 9.5
      vertex -3.23607 -2 2.35114
    endloop
  endfacet
  facet normal 0 1 0
    outer loop
      vertex -16.4545 -2 9.5
      vertex -3.4641 -2 2
      vertex -17.3574 -2 7.728
    endloop
  endfacet
  facet normal 0 1 -0
    outer loop
      vertex -3.65418 -2 1.62695
      vertex -17.3574 -2 7.728
      vertex -3.4641 -2 2
    endloop
  endfacet
  facet normal 0 1 0
    outer loop
      vertex -17.3574 -2 7.728
      vertex -3.65418 -2 1.62695
      vertex -18.0701 -2 5.87132
    endloop
  endfacet
  facet normal 0 1 -0
    outer loop
      vertex -3.80423 -2 1.23607
      vertex -18.0701 -2 5.87132
      vertex -3.65418 -2 1.62695
    endloop
  endfacet
  facet normal 0 1 0
    outer loop
      vertex -18.0701 -2 5.87132
      vertex -3.80423 -2 1.23607
      vertex -18.5848 -2 3.95032
    endloop
  endfacet
  facet normal 0 1 -0
    outer loop
      vertex -3.91259 -2 0.831646
      vertex -18.5848 -2 3.95032
      vertex -3.80423 -2 1.23607
    endloop
  endfacet
  facet normal 0 1 0
    outer loop
      vertex -18.5848 -2 3.95032
      vertex -3.91259 -2 0.831646
      vertex -18.8959 -2 1.98604
    endloop
  endfacet
  facet normal 0 1 -0
    outer loop
      vertex -3.97809 -2 0.418114
      vertex -18.8959 -2 1.98604
      vertex -3.91259 -2 0.831646
    endloop
  endfacet
  facet normal 0 1 -0
    outer loop
      vertex -4 -2 0
      vertex -18.8959 -2 1.98604
      vertex -3.97809 -2 0.418114
    endloop
  endfacet
  facet normal 0 1 0
    outer loop
      vertex -4 -2 0
      vertex -19 -2 0
      vertex -18.8959 -2 1.98604
    endloop
  endfacet
  facet normal 0 1 0
    outer loop
      vertex -3.97809 -2 -0.418114
      vertex -19 -2 0
      vertex -4 -2 0
    endloop
  endfacet
  facet normal 0 1 0
    outer loop
      vertex -18.8959 -2 -1.98604
      vertex -3.97809 -2 -0.418114
      vertex -3.91259 -2 -0.831646
    endloop
  endfacet
  facet normal 0 1 0
    outer loop
      vertex -18.5848 -2 -3.95032
      vertex -3.91259 -2 -0.831646
      vertex -3.80423 -2 -1.23607
    endloop
  endfacet
  facet normal 0 1 0
    outer loop
      vertex -18.0701 -2 -5.87132
      vertex -3.80423 -2 -1.23607
      vertex -3.65418 -2 -1.62695
    endloop
  endfacet
  facet normal 0 1 0
    outer loop
      vertex -3.97809 -2 -0.418114
      vertex -18.8959 -2 -1.98604
      vertex -19 -2 0
    endloop
  endfacet
  facet normal 0 1 0
    outer loop
      vertex -17.3574 -2 -7.728
      vertex -3.65418 -2 -1.62695
      vertex -3.4641 -2 -2
    endloop
  endfacet
  facet normal 0 1 0
    outer loop
      vertex -16.4545 -2 -9.5
      vertex -3.4641 -2 -2
      vertex -3.23607 -2 -2.35114
    endloop
  endfacet
  facet normal 0 1 0
    outer loop
      vertex -15.3713 -2 -11.1679
      vertex -3.23607 -2 -2.35114
      vertex -2.97258 -2 -2.67652
    endloop
  endfacet
  facet normal 0 1 0
    outer loop
      vertex -14.1198 -2 -12.7135
      vertex -2.97258 -2 -2.67652
      vertex -2.67652 -2 -2.97258
    endloop
  endfacet
  facet normal 0 1 0
    outer loop
      vertex -12.7135 -2 -14.1198
      vertex -2.67652 -2 -2.97258
      vertex -2.35114 -2 -3.23607
    endloop
  endfacet
  facet normal 0 1 0
    outer loop
      vertex -11.1679 -2 -15.3713
      vertex -2.35114 -2 -3.23607
      vertex -2 -2 -3.4641
    endloop
  endfacet
  facet normal 0 1 0
    outer loop
      vertex -9.5 -2 -16.4545
      vertex -2 -2 -3.4641
      vertex -1.62695 -2 -3.65418
    endloop
  endfacet
  facet normal 0 1 0
    outer loop
      vertex -7.728 -2 -17.3574
      vertex -1.62695 -2 -3.65418
      vertex -1.23607 -2 -3.80423
    endloop
  endfacet
  facet normal 0 1 0
    outer loop
      vertex -5.87132 -2 -18.0701
      vertex -1.23607 -2 -3.80423
      vertex -0.831646 -2 -3.91259
    endloop
  endfacet
  facet normal 0 1 0
    outer loop
      vertex -3.91259 -2 -0.831646
      vertex -18.5848 -2 -3.95032
      vertex -18.8959 -2 -1.98604
    endloop
  endfacet
  facet normal 0 1 0
    outer loop
      vertex -3.95032 -2 -18.5848
      vertex -0.831646 -2 -3.91259
      vertex -0.418114 -2 -3.97809
    endloop
  endfacet
  facet normal 0 1 0
    outer loop
      vertex -1.98604 -2 -18.8959
      vertex -0.418114 -2 -3.97809
      vertex 0 -2 -4
    endloop
  endfacet
  facet normal 0 1 0
    outer loop
      vertex 2.35114 -2 -3.23607
      vertex 11.1679 -2 -15.3713
      vertex 2 -2 -3.4641
    endloop
  endfacet
  facet normal 0 1 0
    outer loop
      vertex -3.80423 -2 -1.23607
      vertex -18.0701 -2 -5.87132
      vertex -18.5848 -2 -3.95032
    endloop
  endfacet
  facet normal 0 1 -0
    outer loop
      vertex 9.5 -2 -16.4545
      vertex 2 -2 -3.4641
      vertex 11.1679 -2 -15.3713
    endloop
  endfacet
  facet normal 0 1 0
    outer loop
      vertex -3.65418 -2 -1.62695
      vertex -17.3574 -2 -7.728
      vertex -18.0701 -2 -5.87132
    endloop
  endfacet
  facet normal 0 1 0
    outer loop
      vertex 2 -2 -3.4641
      vertex 9.5 -2 -16.4545
      vertex 1.62695 -2 -3.65418
    endloop
  endfacet
  facet normal 0 1 0
    outer loop
      vertex -3.4641 -2 -2
      vertex -16.4545 -2 -9.5
      vertex -17.3574 -2 -7.728
    endloop
  endfacet
  facet normal 0 1 -0
    outer loop
      vertex 7.728 -2 -17.3574
      vertex 1.62695 -2 -3.65418
      vertex 9.5 -2 -16.4545
    endloop
  endfacet
  facet normal 0 1 0
    outer loop
      vertex -3.23607 -2 -2.35114
      vertex -15.3713 -2 -11.1679
      vertex -16.4545 -2 -9.5
    endloop
  endfacet
  facet normal 0 1 0
    outer loop
      vertex 1.62695 -2 -3.65418
      vertex 7.728 -2 -17.3574
      vertex 1.23607 -2 -3.80423
    endloop
  endfacet
  facet normal 0 1 0
    outer loop
      vertex -2.97258 -2 -2.67652
      vertex -14.1198 -2 -12.7135
      vertex -15.3713 -2 -11.1679
    endloop
  endfacet
  facet normal 0 1 -0
    outer loop
      vertex 5.87132 -2 -18.0701
      vertex 1.23607 -2 -3.80423
      vertex 7.728 -2 -17.3574
    endloop
  endfacet
  facet normal 0 1 0
    outer loop
      vertex -2.67652 -2 -2.97258
      vertex -12.7135 -2 -14.1198
      vertex -14.1198 -2 -12.7135
    endloop
  endfacet
  facet normal 0 1 0
    outer loop
      vertex 1.23607 -2 -3.80423
      vertex 5.87132 -2 -18.0701
      vertex 0.831646 -2 -3.91259
    endloop
  endfacet
  facet normal 0 1 0
    outer loop
      vertex -2.35114 -2 -3.23607
      vertex -11.1679 -2 -15.3713
      vertex -12.7135 -2 -14.1198
    endloop
  endfacet
  facet normal 0 1 -0
    outer loop
      vertex 3.95032 -2 -18.5848
      vertex 0.831646 -2 -3.91259
      vertex 5.87132 -2 -18.0701
    endloop
  endfacet
  facet normal 0 1 0
    outer loop
      vertex -2 -2 -3.4641
      vertex -9.5 -2 -16.4545
      vertex -11.1679 -2 -15.3713
    endloop
  endfacet
  facet normal 0 1 0
    outer loop
      vertex 0.831646 -2 -3.91259
      vertex 3.95032 -2 -18.5848
      vertex 0.418114 -2 -3.97809
    endloop
  endfacet
  facet normal 0 1 0
    outer loop
      vertex -1.62695 -2 -3.65418
      vertex -7.728 -2 -17.3574
      vertex -9.5 -2 -16.4545
    endloop
  endfacet
  facet normal 0 1 -0
    outer loop
      vertex 1.98604 -2 -18.8959
      vertex 0.418114 -2 -3.97809
      vertex 3.95032 -2 -18.5848
    endloop
  endfacet
  facet normal 0 1 0
    outer loop
      vertex -1.23607 -2 -3.80423
      vertex -5.87132 -2 -18.0701
      vertex -7.728 -2 -17.3574
    endloop
  endfacet
  facet normal 0 1 0
    outer loop
      vertex 0.418114 -2 -3.97809
      vertex 1.98604 -2 -18.8959
      vertex 0 -2 -4
    endloop
  endfacet
  facet normal 0 1 0
    outer loop
      vertex -0.831646 -2 -3.91259
      vertex -3.95032 -2 -18.5848
      vertex -5.87132 -2 -18.0701
    endloop
  endfacet
  facet normal 0 1 0
    outer loop
      vertex 0 -2 -19
      vertex 0 -2 -4
      vertex 1.98604 -2 -18.8959
    endloop
  endfacet
  facet normal 0 1 0
    outer loop
      vertex -0.418114 -2 -3.97809
      vertex -1.98604 -2 -18.8959
      vertex -3.95032 -2 -18.5848
    endloop
  endfacet
  facet normal 0 1 0
    outer loop
      vertex 0 -2 -4
      vertex 0 -2 -19
      vertex -1.98604 -2 -18.8959
    endloop
  endfacet
  facet normal -0.707107 0 -0.707107
    outer loop
      vertex 14.1198 -2 12.7135
      vertex 12.7135 2 14.1198
      vertex 14.1198 2 12.7135
    endloop
  endfacet
  facet normal -0.707107 -0 -0.707107
    outer loop
      vertex 12.7135 2 14.1198
      vertex 14.1198 -2 12.7135
      vertex 12.7135 -2 14.1198
    endloop
  endfacet
  facet normal 0.96593 0 -0.258805
    outer loop
      vertex -18.0701 -2 5.87132
      vertex -18.5848 2 3.95032
      vertex -18.0701 2 5.87132
    endloop
  endfacet
  facet normal 0.96593 0 -0.258805
    outer loop
      vertex -18.5848 2 3.95032
      vertex -18.0701 -2 5.87132
      vertex -18.5848 -2 3.95032
    endloop
  endfacet
  facet normal -0.891002 0 -0.453999
    outer loop
      vertex 17.3574 -2 7.728
      vertex 16.4545 2 9.5
      vertex 17.3574 2 7.728
    endloop
  endfacet
  facet normal -0.891002 -0 -0.453999
    outer loop
      vertex 16.4545 2 9.5
      vertex 17.3574 -2 7.728
      vertex 16.4545 -2 9.5
    endloop
  endfacet
  facet normal 0.838658 0 -0.544658
    outer loop
      vertex -15.3713 -2 11.1679
      vertex -16.4545 2 9.5
      vertex -15.3713 2 11.1679
    endloop
  endfacet
  facet normal 0.838658 0 -0.544658
    outer loop
      vertex -16.4545 2 9.5
      vertex -15.3713 -2 11.1679
      vertex -16.4545 -2 9.5
    endloop
  endfacet
  facet normal 0.987689 0 -0.156429
    outer loop
      vertex -18.5848 -2 3.95032
      vertex -18.8959 2 1.98604
      vertex -18.5848 2 3.95032
    endloop
  endfacet
  facet normal 0.987689 0 -0.156429
    outer loop
      vertex -18.8959 2 1.98604
      vertex -18.5848 -2 3.95032
      vertex -18.8959 -2 1.98604
    endloop
  endfacet
  facet normal 0 -1 0
    outer loop
      vertex 0 2 4
      vertex 0 2 19
      vertex -1.98604 2 18.8959
    endloop
  endfacet
  facet normal 0 -1 0
    outer loop
      vertex -0.418114 2 3.97809
      vertex -1.98604 2 18.8959
      vertex -3.95032 2 18.5848
    endloop
  endfacet
  facet normal 0 -1 0
    outer loop
      vertex 0 2 19
      vertex 0 2 4
      vertex 1.98604 2 18.8959
    endloop
  endfacet
  facet normal 0 -1 0
    outer loop
      vertex -0.831646 2 3.91259
      vertex -3.95032 2 18.5848
      vertex -5.87132 2 18.0701
    endloop
  endfacet
  facet normal 0 -1 0
    outer loop
      vertex 0.418114 2 3.97809
      vertex 1.98604 2 18.8959
      vertex 0 2 4
    endloop
  endfacet
  facet normal 0 -1 0
    outer loop
      vertex -1.23607 2 3.80423
      vertex -5.87132 2 18.0701
      vertex -7.728 2 17.3574
    endloop
  endfacet
  facet normal 0 -1 -0
    outer loop
      vertex 1.98604 2 18.8959
      vertex 0.418114 2 3.97809
      vertex 3.95032 2 18.5848
    endloop
  endfacet
  facet normal 0 -1 0
    outer loop
      vertex -1.62695 2 3.65418
      vertex -7.728 2 17.3574
      vertex -9.5 2 16.4545
    endloop
  endfacet
  facet normal 0 -1 0
    outer loop
      vertex 0.831646 2 3.91259
      vertex 3.95032 2 18.5848
      vertex 0.418114 2 3.97809
    endloop
  endfacet
  facet normal 0 -1 0
    outer loop
      vertex -2 2 3.4641
      vertex -9.5 2 16.4545
      vertex -11.1679 2 15.3713
    endloop
  endfacet
  facet normal 0 -1 -0
    outer loop
      vertex 3.95032 2 18.5848
      vertex 0.831646 2 3.91259
      vertex 5.87132 2 18.0701
    endloop
  endfacet
  facet normal 0 -1 0
    outer loop
      vertex -2.35114 2 3.23607
      vertex -11.1679 2 15.3713
      vertex -12.7135 2 14.1198
    endloop
  endfacet
  facet normal 0 -1 0
    outer loop
      vertex 1.23607 2 3.80423
      vertex 5.87132 2 18.0701
      vertex 0.831646 2 3.91259
    endloop
  endfacet
  facet normal 0 -1 0
    outer loop
      vertex -2.67652 2 2.97258
      vertex -12.7135 2 14.1198
      vertex -14.1198 2 12.7135
    endloop
  endfacet
  facet normal 0 -1 -0
    outer loop
      vertex 5.87132 2 18.0701
      vertex 1.23607 2 3.80423
      vertex 7.728 2 17.3574
    endloop
  endfacet
  facet normal 0 -1 0
    outer loop
      vertex -2.97258 2 2.67652
      vertex -14.1198 2 12.7135
      vertex -15.3713 2 11.1679
    endloop
  endfacet
  facet normal 0 -1 0
    outer loop
      vertex 1.62695 2 3.65418
      vertex 7.728 2 17.3574
      vertex 1.23607 2 3.80423
    endloop
  endfacet
  facet normal 0 -1 0
    outer loop
      vertex -3.23607 2 2.35114
      vertex -15.3713 2 11.1679
      vertex -16.4545 2 9.5
    endloop
  endfacet
  facet normal 0 -1 -0
    outer loop
      vertex 7.728 2 17.3574
      vertex 1.62695 2 3.65418
      vertex 9.5 2 16.4545
    endloop
  endfacet
  facet normal 0 -1 0
    outer loop
      vertex -3.4641 2 2
      vertex -16.4545 2 9.5
      vertex -17.3574 2 7.728
    endloop
  endfacet
  facet normal 0 -1 0
    outer loop
      vertex 2 2 3.4641
      vertex 9.5 2 16.4545
      vertex 1.62695 2 3.65418
    endloop
  endfacet
  facet normal 0 -1 0
    outer loop
      vertex -3.65418 2 1.62695
      vertex -17.3574 2 7.728
      vertex -18.0701 2 5.87132
    endloop
  endfacet
  facet normal 0 -1 -0
    outer loop
      vertex 9.5 2 16.4545
      vertex 2 2 3.4641
      vertex 11.1679 2 15.3713
    endloop
  endfacet
  facet normal 0 -1 0
    outer loop
      vertex 2.35114 2 3.23607
      vertex 11.1679 2 15.3713
      vertex 2 2 3.4641
    endloop
  endfacet
  facet normal 0 -1 0
    outer loop
      vertex -1.98604 2 18.8959
      vertex -0.418114 2 3.97809
      vertex 0 2 4
    endloop
  endfacet
  facet normal 0 -1 0
    outer loop
      vertex -3.80423 2 1.23607
      vertex -18.0701 2 5.87132
      vertex -18.5848 2 3.95032
    endloop
  endfacet
  facet normal 0 -1 0
    outer loop
      vertex -3.95032 2 18.5848
      vertex -0.831646 2 3.91259
      vertex -0.418114 2 3.97809
    endloop
  endfacet
  facet normal 0 -1 0
    outer loop
      vertex -5.87132 2 18.0701
      vertex -1.23607 2 3.80423
      vertex -0.831646 2 3.91259
    endloop
  endfacet
  facet normal 0 -1 0
    outer loop
      vertex -7.728 2 17.3574
      vertex -1.62695 2 3.65418
      vertex -1.23607 2 3.80423
    endloop
  endfacet
  facet normal 0 -1 0
    outer loop
      vertex -9.5 2 16.4545
      vertex -2 2 3.4641
      vertex -1.62695 2 3.65418
    endloop
  endfacet
  facet normal 0 -1 0
    outer loop
      vertex -11.1679 2 15.3713
      vertex -2.35114 2 3.23607
      vertex -2 2 3.4641
    endloop
  endfacet
  facet normal 0 -1 0
    outer loop
      vertex -12.7135 2 14.1198
      vertex -2.67652 2 2.97258
      vertex -2.35114 2 3.23607
    endloop
  endfacet
  facet normal 0 -1 0
    outer loop
      vertex -14.1198 2 12.7135
      vertex -2.97258 2 2.67652
      vertex -2.67652 2 2.97258
    endloop
  endfacet
  facet normal 0 -1 0
    outer loop
      vertex -15.3713 2 11.1679
      vertex -3.23607 2 2.35114
      vertex -2.97258 2 2.67652
    endloop
  endfacet
  facet normal 0 -1 0
    outer loop
      vertex -16.4545 2 9.5
      vertex -3.4641 2 2
      vertex -3.23607 2 2.35114
    endloop
  endfacet
  facet normal 0 -1 0
    outer loop
      vertex -3.91259 2 0.831646
      vertex -18.5848 2 3.95032
      vertex -18.8959 2 1.98604
    endloop
  endfacet
  facet normal 0 -1 0
    outer loop
      vertex -17.3574 2 7.728
      vertex -3.65418 2 1.62695
      vertex -3.4641 2 2
    endloop
  endfacet
  facet normal 0 -1 0
    outer loop
      vertex -18.0701 2 5.87132
      vertex -3.80423 2 1.23607
      vertex -3.65418 2 1.62695
    endloop
  endfacet
  facet normal 0 -1 0
    outer loop
      vertex -18.5848 2 3.95032
      vertex -3.91259 2 0.831646
      vertex -3.80423 2 1.23607
    endloop
  endfacet
  facet normal 0 -1 0
    outer loop
      vertex -18.8959 2 1.98604
      vertex -3.97809 2 0.418114
      vertex -3.91259 2 0.831646
    endloop
  endfacet
  facet normal 0 -1 0
    outer loop
      vertex -19 2 0
      vertex -3.97809 2 0.418114
      vertex -18.8959 2 1.98604
    endloop
  endfacet
  facet normal 0 -1 0
    outer loop
      vertex -19 2 0
      vertex -4 2 0
      vertex -3.97809 2 0.418114
    endloop
  endfacet
  facet normal 0 -1 0
    outer loop
      vertex -19 2 0
      vertex -3.97809 2 -0.418114
      vertex -4 2 0
    endloop
  endfacet
  facet normal 0 -1 0
    outer loop
      vertex -18.8959 2 -1.98604
      vertex -3.97809 2 -0.418114
      vertex -19 2 0
    endloop
  endfacet
  facet normal 0 -1 -0
    outer loop
      vertex -3.97809 2 -0.418114
      vertex -18.8959 2 -1.98604
      vertex -3.91259 2 -0.831646
    endloop
  endfacet
  facet normal 0 -1 0
    outer loop
      vertex -18.5848 2 -3.95032
      vertex -3.91259 2 -0.831646
      vertex -18.8959 2 -1.98604
    endloop
  endfacet
  facet normal 0 -1 -0
    outer loop
      vertex -3.91259 2 -0.831646
      vertex -18.5848 2 -3.95032
      vertex -3.80423 2 -1.23607
    endloop
  endfacet
  facet normal 0 -1 0
    outer loop
      vertex -18.0701 2 -5.87132
      vertex -3.80423 2 -1.23607
      vertex -18.5848 2 -3.95032
    endloop
  endfacet
  facet normal 0 -1 -0
    outer loop
      vertex -3.80423 2 -1.23607
      vertex -18.0701 2 -5.87132
      vertex -3.65418 2 -1.62695
    endloop
  endfacet
  facet normal 0 -1 0
    outer loop
      vertex -17.3574 2 -7.728
      vertex -3.65418 2 -1.62695
      vertex -18.0701 2 -5.87132
    endloop
  endfacet
  facet normal 0 -1 -0
    outer loop
      vertex -3.65418 2 -1.62695
      vertex -17.3574 2 -7.728
      vertex -3.4641 2 -2
    endloop
  endfacet
  facet normal 0 -1 0
    outer loop
      vertex -16.4545 2 -9.5
      vertex -3.4641 2 -2
      vertex -17.3574 2 -7.728
    endloop
  endfacet
  facet normal 0 -1 -0
    outer loop
      vertex -3.4641 2 -2
      vertex -16.4545 2 -9.5
      vertex -3.23607 2 -2.35114
    endloop
  endfacet
  facet normal 0 -1 0
    outer loop
      vertex -15.3713 2 -11.1679
      vertex -3.23607 2 -2.35114
      vertex -16.4545 2 -9.5
    endloop
  endfacet
  facet normal 0 -1 -0
    outer loop
      vertex -3.23607 2 -2.35114
      vertex -15.3713 2 -11.1679
      vertex -2.97258 2 -2.67652
    endloop
  endfacet
  facet normal 0 -1 0
    outer loop
      vertex -14.1198 2 -12.7135
      vertex -2.97258 2 -2.67652
      vertex -15.3713 2 -11.1679
    endloop
  endfacet
  facet normal 0 -1 -0
    outer loop
      vertex -2.97258 2 -2.67652
      vertex -14.1198 2 -12.7135
      vertex -2.67652 2 -2.97258
    endloop
  endfacet
  facet normal 0 -1 0
    outer loop
      vertex -12.7135 2 -14.1198
      vertex -2.67652 2 -2.97258
      vertex -14.1198 2 -12.7135
    endloop
  endfacet
  facet normal 0 -1 -0
    outer loop
      vertex -2.67652 2 -2.97258
      vertex -12.7135 2 -14.1198
      vertex -2.35114 2 -3.23607
    endloop
  endfacet
  facet normal 0 -1 0
    outer loop
      vertex -11.1679 2 -15.3713
      vertex -2.35114 2 -3.23607
      vertex -12.7135 2 -14.1198
    endloop
  endfacet
  facet normal 0 -1 -0
    outer loop
      vertex 11.1679 2 15.3713
      vertex 2.35114 2 3.23607
      vertex 12.7135 2 14.1198
    endloop
  endfacet
  facet normal 0 -1 0
    outer loop
      vertex 2.67652 2 2.97258
      vertex 12.7135 2 14.1198
      vertex 2.35114 2 3.23607
    endloop
  endfacet
  facet normal 0 -1 -0
    outer loop
      vertex 12.7135 2 14.1198
      vertex 2.67652 2 2.97258
      vertex 14.1198 2 12.7135
    endloop
  endfacet
  facet normal 0 -1 0
    outer loop
      vertex 2.97258 2 2.67652
      vertex 14.1198 2 12.7135
      vertex 2.67652 2 2.97258
    endloop
  endfacet
  facet normal 0 -1 -0
    outer loop
      vertex 14.1198 2 12.7135
      vertex 2.97258 2 2.67652
      vertex 15.3713 2 11.1679
    endloop
  endfacet
  facet normal 0 -1 0
    outer loop
      vertex 3.23607 2 2.35114
      vertex 15.3713 2 11.1679
      vertex 2.97258 2 2.67652
    endloop
  endfacet
  facet normal 0 -1 -0
    outer loop
      vertex 15.3713 2 11.1679
      vertex 3.23607 2 2.35114
      vertex 16.4545 2 9.5
    endloop
  endfacet
  facet normal 0 -1 0
    outer loop
      vertex 3.4641 2 2
      vertex 16.4545 2 9.5
      vertex 3.23607 2 2.35114
    endloop
  endfacet
  facet normal 0 -1 -0
    outer loop
      vertex 16.4545 2 9.5
      vertex 3.4641 2 2
      vertex 17.3574 2 7.728
    endloop
  endfacet
  facet normal 0 -1 0
    outer loop
      vertex 3.65418 2 1.62695
      vertex 17.3574 2 7.728
      vertex 3.4641 2 2
    endloop
  endfacet
  facet normal 0 -1 -0
    outer loop
      vertex 17.3574 2 7.728
      vertex 3.65418 2 1.62695
      vertex 18.0701 2 5.87132
    endloop
  endfacet
  facet normal 0 -1 0
    outer loop
      vertex 3.80423 2 1.23607
      vertex 18.0701 2 5.87132
      vertex 3.65418 2 1.62695
    endloop
  endfacet
  facet normal 0 -1 -0
    outer loop
      vertex 18.0701 2 5.87132
      vertex 3.80423 2 1.23607
      vertex 18.5848 2 3.95032
    endloop
  endfacet
  facet normal 0 -1 0
    outer loop
      vertex 3.91259 2 0.831646
      vertex 18.5848 2 3.95032
      vertex 3.80423 2 1.23607
    endloop
  endfacet
  facet normal 0 -1 -0
    outer loop
      vertex 18.5848 2 3.95032
      vertex 3.91259 2 0.831646
      vertex 18.8959 2 1.98604
    endloop
  endfacet
  facet normal 0 -1 0
    outer loop
      vertex 3.97809 2 0.418114
      vertex 18.8959 2 1.98604
      vertex 3.91259 2 0.831646
    endloop
  endfacet
  facet normal 0 -1 0
    outer loop
      vertex 4 2 0
      vertex 18.8959 2 1.98604
      vertex 3.97809 2 0.418114
    endloop
  endfacet
  facet normal 0 -1 0
    outer loop
      vertex 4 2 0
      vertex 19 2 0
      vertex 18.8959 2 1.98604
    endloop
  endfacet
  facet normal 0 -1 0
    outer loop
      vertex 3.97809 2 -0.418114
      vertex 19 2 0
      vertex 4 2 0
    endloop
  endfacet
  facet normal 0 -1 0
    outer loop
      vertex 18.8959 2 -1.98604
      vertex 3.97809 2 -0.418114
      vertex 3.91259 2 -0.831646
    endloop
  endfacet
  facet normal 0 -1 0
    outer loop
      vertex 18.5848 2 -3.95032
      vertex 3.91259 2 -0.831646
      vertex 3.80423 2 -1.23607
    endloop
  endfacet
  facet normal 0 -1 0
    outer loop
      vertex 18.0701 2 -5.87132
      vertex 3.80423 2 -1.23607
      vertex 3.65418 2 -1.62695
    endloop
  endfacet
  facet normal 0 -1 0
    outer loop
      vertex 3.97809 2 -0.418114
      vertex 18.8959 2 -1.98604
      vertex 19 2 0
    endloop
  endfacet
  facet normal 0 -1 0
    outer loop
      vertex 17.3574 2 -7.728
      vertex 3.65418 2 -1.62695
      vertex 3.4641 2 -2
    endloop
  endfacet
  facet normal 0 -1 0
    outer loop
      vertex 16.4545 2 -9.5
      vertex 3.4641 2 -2
      vertex 3.23607 2 -2.35114
    endloop
  endfacet
  facet normal 0 -1 0
    outer loop
      vertex 15.3713 2 -11.1679
      vertex 3.23607 2 -2.35114
      vertex 2.97258 2 -2.67652
    endloop
  endfacet
  facet normal 0 -1 0
    outer loop
      vertex 14.1198 2 -12.7135
      vertex 2.97258 2 -2.67652
      vertex 2.67652 2 -2.97258
    endloop
  endfacet
  facet normal 0 -1 0
    outer loop
      vertex 12.7135 2 -14.1198
      vertex 2.67652 2 -2.97258
      vertex 2.35114 2 -3.23607
    endloop
  endfacet
  facet normal 0 -1 0
    outer loop
      vertex 11.1679 2 -15.3713
      vertex 2.35114 2 -3.23607
      vertex 2 2 -3.4641
    endloop
  endfacet
  facet normal 0 -1 0
    outer loop
      vertex 9.5 2 -16.4545
      vertex 2 2 -3.4641
      vertex 1.62695 2 -3.65418
    endloop
  endfacet
  facet normal 0 -1 0
    outer loop
      vertex 7.728 2 -17.3574
      vertex 1.62695 2 -3.65418
      vertex 1.23607 2 -3.80423
    endloop
  endfacet
  facet normal 0 -1 0
    outer loop
      vertex 5.87132 2 -18.0701
      vertex 1.23607 2 -3.80423
      vertex 0.831646 2 -3.91259
    endloop
  endfacet
  facet normal 0 -1 0
    outer loop
      vertex 3.91259 2 -0.831646
      vertex 18.5848 2 -3.95032
      vertex 18.8959 2 -1.98604
    endloop
  endfacet
  facet normal 0 -1 0
    outer loop
      vertex 3.95032 2 -18.5848
      vertex 0.831646 2 -3.91259
      vertex 0.418114 2 -3.97809
    endloop
  endfacet
  facet normal 0 -1 0
    outer loop
      vertex 1.98604 2 -18.8959
      vertex 0.418114 2 -3.97809
      vertex 0 2 -4
    endloop
  endfacet
  facet normal 0 -1 -0
    outer loop
      vertex -2.35114 2 -3.23607
      vertex -11.1679 2 -15.3713
      vertex -2 2 -3.4641
    endloop
  endfacet
  facet normal 0 -1 0
    outer loop
      vertex 3.80423 2 -1.23607
      vertex 18.0701 2 -5.87132
      vertex 18.5848 2 -3.95032
    endloop
  endfacet
  facet normal 0 -1 0
    outer loop
      vertex -9.5 2 -16.4545
      vertex -2 2 -3.4641
      vertex -11.1679 2 -15.3713
    endloop
  endfacet
  facet normal 0 -1 0
    outer loop
      vertex 3.65418 2 -1.62695
      vertex 17.3574 2 -7.728
      vertex 18.0701 2 -5.87132
    endloop
  endfacet
  facet normal 0 -1 -0
    outer loop
      vertex -2 2 -3.4641
      vertex -9.5 2 -16.4545
      vertex -1.62695 2 -3.65418
    endloop
  endfacet
  facet normal 0 -1 0
    outer loop
      vertex 3.4641 2 -2
      vertex 16.4545 2 -9.5
      vertex 17.3574 2 -7.728
    endloop
  endfacet
  facet normal 0 -1 0
    outer loop
      vertex -7.728 2 -17.3574
      vertex -1.62695 2 -3.65418
      vertex -9.5 2 -16.4545
    endloop
  endfacet
  facet normal 0 -1 0
    outer loop
      vertex 3.23607 2 -2.35114
      vertex 15.3713 2 -11.1679
      vertex 16.4545 2 -9.5
    endloop
  endfacet
  facet normal 0 -1 -0
    outer loop
      vertex -1.62695 2 -3.65418
      vertex -7.728 2 -17.3574
      vertex -1.23607 2 -3.80423
    endloop
  endfacet
  facet normal 0 -1 0
    outer loop
      vertex 2.97258 2 -2.67652
      vertex 14.1198 2 -12.7135
      vertex 15.3713 2 -11.1679
    endloop
  endfacet
  facet normal 0 -1 0
    outer loop
      vertex -5.87132 2 -18.0701
      vertex -1.23607 2 -3.80423
      vertex -7.728 2 -17.3574
    endloop
  endfacet
  facet normal 0 -1 0
    outer loop
      vertex 2.67652 2 -2.97258
      vertex 12.7135 2 -14.1198
      vertex 14.1198 2 -12.7135
    endloop
  endfacet
  facet normal 0 -1 -0
    outer loop
      vertex -1.23607 2 -3.80423
      vertex -5.87132 2 -18.0701
      vertex -0.831646 2 -3.91259
    endloop
  endfacet
  facet normal 0 -1 0
    outer loop
      vertex 2.35114 2 -3.23607
      vertex 11.1679 2 -15.3713
      vertex 12.7135 2 -14.1198
    endloop
  endfacet
  facet normal 0 -1 0
    outer loop
      vertex -3.95032 2 -18.5848
      vertex -0.831646 2 -3.91259
      vertex -5.87132 2 -18.0701
    endloop
  endfacet
  facet normal 0 -1 0
    outer loop
      vertex 2 2 -3.4641
      vertex 9.5 2 -16.4545
      vertex 11.1679 2 -15.3713
    endloop
  endfacet
  facet normal 0 -1 -0
    outer loop
      vertex -0.831646 2 -3.91259
      vertex -3.95032 2 -18.5848
      vertex -0.418114 2 -3.97809
    endloop
  endfacet
  facet normal 0 -1 0
    outer loop
      vertex 1.62695 2 -3.65418
      vertex 7.728 2 -17.3574
      vertex 9.5 2 -16.4545
    endloop
  endfacet
  facet normal 0 -1 0
    outer loop
      vertex -1.98604 2 -18.8959
      vertex -0.418114 2 -3.97809
      vertex -3.95032 2 -18.5848
    endloop
  endfacet
  facet normal 0 -1 0
    outer loop
      vertex 1.23607 2 -3.80423
      vertex 5.87132 2 -18.0701
      vertex 7.728 2 -17.3574
    endloop
  endfacet
  facet normal 0 -1 -0
    outer loop
      vertex -0.418114 2 -3.97809
      vertex -1.98604 2 -18.8959
      vertex 0 2 -4
    endloop
  endfacet
  facet normal 0 -1 0
    outer loop
      vertex 0.831646 2 -3.91259
      vertex 3.95032 2 -18.5848
      vertex 5.87132 2 -18.0701
    endloop
  endfacet
  facet normal 0 -1 0
    outer loop
      vertex 0 2 -19
      vertex 0 2 -4
      vertex -1.98604 2 -18.8959
    endloop
  endfacet
  facet normal 0 -1 0
    outer loop
      vertex 0.418114 2 -3.97809
      vertex 1.98604 2 -18.8959
      vertex 3.95032 2 -18.5848
    endloop
  endfacet
  facet normal 0 -1 0
    outer loop
      vertex 0 2 -4
      vertex 0 2 -19
      vertex 1.98604 2 -18.8959
    endloop
  endfacet
  facet normal -0.998629 0 0.052344
    outer loop
      vertex 18.8959 2 -1.98604
      vertex 19 0.4 0
      vertex 19 2 0
    endloop
  endfacet
  facet normal -0.998629 0 0.052344
    outer loop
      vertex 18.8959 2 -1.98604
      vertex 19 -0.4 0
      vertex 19 0.4 0
    endloop
  endfacet
  facet normal -0.998629 0 0.052344
    outer loop
      vertex 18.8959 -2 -1.98604
      vertex 19 -0.4 0
      vertex 18.8959 2 -1.98604
    endloop
  endfacet
  facet normal -0.998629 0 0.052344
    outer loop
      vertex 19 -0.4 0
      vertex 18.8959 -2 -1.98604
      vertex 19 -2 0
    endloop
  endfacet
  facet normal 0.777171 0 -0.629289
    outer loop
      vertex -14.1198 -2 12.7135
      vertex -15.3713 2 11.1679
      vertex -14.1198 2 12.7135
    endloop
  endfacet
  facet normal 0.777171 0 -0.629289
    outer loop
      vertex -15.3713 2 11.1679
      vertex -14.1198 -2 12.7135
      vertex -15.3713 -2 11.1679
    endloop
  endfacet
  facet normal 0.629289 0 -0.777171
    outer loop
      vertex -12.7135 -2 14.1198
      vertex -11.1679 2 15.3713
      vertex -11.1679 -2 15.3713
    endloop
  endfacet
  facet normal 0.629289 0 -0.777171
    outer loop
      vertex -11.1679 2 15.3713
      vertex -12.7135 -2 14.1198
      vertex -12.7135 2 14.1198
    endloop
  endfacet
  facet normal 0.544658 0 -0.838658
    outer loop
      vertex -11.1679 -2 15.3713
      vertex -9.5 2 16.4545
      vertex -9.5 -2 16.4545
    endloop
  endfacet
  facet normal 0.544658 0 -0.838658
    outer loop
      vertex -9.5 2 16.4545
      vertex -11.1679 -2 15.3713
      vertex -11.1679 2 15.3713
    endloop
  endfacet
  facet normal -0.629289 0 0.777171
    outer loop
      vertex 11.1679 2 -15.3713
      vertex 12.7135 -2 -14.1198
      vertex 12.7135 2 -14.1198
    endloop
  endfacet
  facet normal -0.629289 0 0.777171
    outer loop
      vertex 12.7135 -2 -14.1198
      vertex 11.1679 2 -15.3713
      vertex 11.1679 -2 -15.3713
    endloop
  endfacet
  facet normal 0.358362 0 0.933583
    outer loop
      vertex -7.728 2 -17.3574
      vertex -5.87132 -2 -18.0701
      vertex -5.87132 2 -18.0701
    endloop
  endfacet
  facet normal 0.358362 0 0.933583
    outer loop
      vertex -5.87132 -2 -18.0701
      vertex -7.728 2 -17.3574
      vertex -7.728 -2 -17.3574
    endloop
  endfacet
  facet normal -0.891002 0 0.453999
    outer loop
      vertex 16.4545 -2 -9.5
      vertex 17.3574 2 -7.728
      vertex 16.4545 2 -9.5
    endloop
  endfacet
  facet normal -0.891002 0 0.453999
    outer loop
      vertex 17.3574 2 -7.728
      vertex 16.4545 -2 -9.5
      vertex 17.3574 -2 -7.728
    endloop
  endfacet
  facet normal 0.933583 -0 0.358362
    outer loop
      vertex -18.0701 -2 -5.87132
      vertex -17.3574 2 -7.728
      vertex -18.0701 2 -5.87132
    endloop
  endfacet
  facet normal 0.933583 0 0.358362
    outer loop
      vertex -17.3574 2 -7.728
      vertex -18.0701 -2 -5.87132
      vertex -17.3574 -2 -7.728
    endloop
  endfacet
  facet normal 0.777171 -0 0.629289
    outer loop
      vertex -15.3713 -2 -11.1679
      vertex -14.1198 2 -12.7135
      vertex -15.3713 2 -11.1679
    endloop
  endfacet
  facet normal 0.777171 0 0.629289
    outer loop
      vertex -14.1198 2 -12.7135
      vertex -15.3713 -2 -11.1679
      vertex -14.1198 -2 -12.7135
    endloop
  endfacet
  facet normal 0.891002 0 -0.453999
    outer loop
      vertex -16.4545 -2 9.5
      vertex -17.3574 2 7.728
      vertex -16.4545 2 9.5
    endloop
  endfacet
  facet normal 0.891002 0 -0.453999
    outer loop
      vertex -17.3574 2 7.728
      vertex -16.4545 -2 9.5
      vertex -17.3574 -2 7.728
    endloop
  endfacet
  facet normal -0.544658 0 0.838658
    outer loop
      vertex 9.5 2 -16.4545
      vertex 11.1679 -2 -15.3713
      vertex 11.1679 2 -15.3713
    endloop
  endfacet
  facet normal -0.544658 0 0.838658
    outer loop
      vertex 11.1679 -2 -15.3713
      vertex 9.5 2 -16.4545
      vertex 9.5 -2 -16.4545
    endloop
  endfacet
  facet normal 0.998629 0 -0.052344
    outer loop
      vertex -18.8959 2 1.98604
      vertex -19 0.4 0
      vertex -19 2 0
    endloop
  endfacet
  facet normal 0.998629 0 -0.052344
    outer loop
      vertex -18.8959 2 1.98604
      vertex -19 -0.4 0
      vertex -19 0.4 0
    endloop
  endfacet
  facet normal 0.998629 0 -0.052344
    outer loop
      vertex -18.8959 -2 1.98604
      vertex -19 -0.4 0
      vertex -18.8959 2 1.98604
    endloop
  endfacet
  facet normal 0.998629 0 -0.052344
    outer loop
      vertex -19 -0.4 0
      vertex -18.8959 -2 1.98604
      vertex -19 -2 0
    endloop
  endfacet
  facet normal 0.156429 0 0.987689
    outer loop
      vertex -3.95032 2 -18.5848
      vertex -1.98604 -2 -18.8959
      vertex -1.98604 2 -18.8959
    endloop
  endfacet
  facet normal 0.156429 0 0.987689
    outer loop
      vertex -1.98604 -2 -18.8959
      vertex -3.95032 2 -18.5848
      vertex -3.95032 -2 -18.5848
    endloop
  endfacet
  facet normal -0.707107 0 0.707107
    outer loop
      vertex 12.7135 -2 -14.1198
      vertex 14.1198 2 -12.7135
      vertex 12.7135 2 -14.1198
    endloop
  endfacet
  facet normal -0.707107 0 0.707107
    outer loop
      vertex 14.1198 2 -12.7135
      vertex 12.7135 -2 -14.1198
      vertex 14.1198 -2 -12.7135
    endloop
  endfacet
  facet normal 1 -0 0
    outer loop
      vertex 25 -3 26
      vertex 25 3 0
      vertex 25 3 26
    endloop
  endfacet
  facet normal 1 0 0
    outer loop
      vertex 25 3 0
      vertex 25 -3 26
      vertex 25 -3 0
    endloop
  endfacet
  facet normal -0 0 1
    outer loop
      vertex -25 3 26
      vertex 25 -3 26
      vertex 25 3 26
    endloop
  endfacet
  facet normal 0 0 1
    outer loop
      vertex 25 -3 26
      vertex -25 3 26
      vertex -25 -3 26
    endloop
  endfacet
  facet normal 0 0 -1
    outer loop
      vertex 0 -3 22
      vertex 21 3 22
      vertex 21 -3 22
    endloop
  endfacet
  facet normal -0 0 -1
    outer loop
      vertex 21 3 22
      vertex 0 -3 22
      vertex 0 3 22
    endloop
  endfacet
  facet normal 0 0 -1
    outer loop
      vertex -21 -3 22
      vertex 0 3 22
      vertex 0 -3 22
    endloop
  endfacet
  facet normal -0 0 -1
    outer loop
      vertex 0 3 22
      vertex -21 -3 22
      vertex -21 3 22
    endloop
  endfacet
  facet normal -1 0 0
    outer loop
      vertex -25 -3 0
      vertex -25 3 26
      vertex -25 3 0
    endloop
  endfacet
  facet normal -1 -0 0
    outer loop
      vertex -25 3 26
      vertex -25 -3 0
      vertex -25 -3 26
    endloop
  endfacet
  facet normal 0 1 0
    outer loop
      vertex 0 3 22
      vertex 25 3 26
      vertex 21 3 22
    endloop
  endfacet
  facet normal 0 1 0
    outer loop
      vertex 25 3 26
      vertex 21 3 6.51191
      vertex 21 3 22
    endloop
  endfacet
  facet normal 0 1 -0
    outer loop
      vertex 25 3 0
      vertex 21 3 6.51191
      vertex 25 3 26
    endloop
  endfacet
  facet normal 0 1 0
    outer loop
      vertex 21 3 6.51191
      vertex 25 3 0
      vertex 21.5192 3 4.57406
    endloop
  endfacet
  facet normal 0 1 0
    outer loop
      vertex 21.5192 3 4.57406
      vertex 25 3 0
      vertex 21.8795 3 2.29963
    endloop
  endfacet
  facet normal 0 1 0
    outer loop
      vertex 21.8795 3 2.29963
      vertex 25 3 0
      vertex 22 3 0
    endloop
  endfacet
  facet normal 0 1 0
    outer loop
      vertex 25 3 26
      vertex 0 3 22
      vertex -25 3 26
    endloop
  endfacet
  facet normal 0 1 -0
    outer loop
      vertex -21 3 22
      vertex -25 3 26
      vertex 0 3 22
    endloop
  endfacet
  facet normal 0 1 -0
    outer loop
      vertex -21 3 6.51191
      vertex -25 3 26
      vertex -21 3 22
    endloop
  endfacet
  facet normal 0 1 0
    outer loop
      vertex -25 3 0
      vertex -21 3 6.51191
      vertex -21.5192 3 4.57406
    endloop
  endfacet
  facet normal 0 1 0
    outer loop
      vertex -25 3 0
      vertex -21.5192 3 4.57406
      vertex -21.8795 3 2.29963
    endloop
  endfacet
  facet normal 0 1 0
    outer loop
      vertex -25 3 0
      vertex -21.8795 3 2.29963
      vertex -22 3 0
    endloop
  endfacet
  facet normal 0 1 0
    outer loop
      vertex -21 3 6.51191
      vertex -25 3 0
      vertex -25 3 26
    endloop
  endfacet
  facet normal 0 -1 0
    outer loop
      vertex 0 -3 22
      vertex -25 -3 26
      vertex -21 -3 22
    endloop
  endfacet
  facet normal 0 -1 0
    outer loop
      vertex -25 -3 26
      vertex -21 -3 6.51191
      vertex -21 -3 22
    endloop
  endfacet
  facet normal 0 -1 0
    outer loop
      vertex -25 -3 0
      vertex -21 -3 6.51191
      vertex -25 -3 26
    endloop
  endfacet
  facet normal 0 -1 0
    outer loop
      vertex -21 -3 6.51191
      vertex -25 -3 0
      vertex -21.5192 -3 4.57406
    endloop
  endfacet
  facet normal 0 -1 0
    outer loop
      vertex -21.5192 -3 4.57406
      vertex -25 -3 0
      vertex -21.8795 -3 2.29963
    endloop
  endfacet
  facet normal 0 -1 0
    outer loop
      vertex -21.8795 -3 2.29963
      vertex -25 -3 0
      vertex -22 -3 0
    endloop
  endfacet
  facet normal 0 -1 0
    outer loop
      vertex -25 -3 26
      vertex 0 -3 22
      vertex 25 -3 26
    endloop
  endfacet
  facet normal 0 -1 0
    outer loop
      vertex 21 -3 22
      vertex 25 -3 26
      vertex 0 -3 22
    endloop
  endfacet
  facet normal 0 -1 0
    outer loop
      vertex 21 -3 6.51191
      vertex 25 -3 26
      vertex 21 -3 22
    endloop
  endfacet
  facet normal 0 -1 0
    outer loop
      vertex 25 -3 0
      vertex 21 -3 6.51191
      vertex 21.5192 -3 4.57406
    endloop
  endfacet
  facet normal 0 -1 0
    outer loop
      vertex 25 -3 0
      vertex 21.5192 -3 4.57406
      vertex 21.8795 -3 2.29963
    endloop
  endfacet
  facet normal 0 -1 0
    outer loop
      vertex 25 -3 0
      vertex 21.8795 -3 2.29963
      vertex 22 -3 0
    endloop
  endfacet
  facet normal 0 -1 0
    outer loop
      vertex 21 -3 6.51191
      vertex 25 -3 0
      vertex 25 -3 26
    endloop
  endfacet
  facet normal 1 -0 0
    outer loop
      vertex -21 -3 22
      vertex -21 3 6.51191
      vertex -21 3 22
    endloop
  endfacet
  facet normal 1 0 0
    outer loop
      vertex -21 3 6.51191
      vertex -21 -3 22
      vertex -21 -3 6.51191
    endloop
  endfacet
  facet normal 0 0 -1
    outer loop
      vertex -25 -3 0
      vertex -22 3 0
      vertex -22 -3 0
    endloop
  endfacet
  facet normal -0 0 -1
    outer loop
      vertex -22 3 0
      vertex -25 -3 0
      vertex -25 3 0
    endloop
  endfacet
  facet normal 0 0 -1
    outer loop
      vertex 22 -3 0
      vertex 25 3 0
      vertex 25 -3 0
    endloop
  endfacet
  facet normal -0 0 -1
    outer loop
      vertex 25 3 0
      vertex 22 -3 0
      vertex 22 3 0
    endloop
  endfacet
  facet normal -1 0 0
    outer loop
      vertex 21 -3 6.51191
      vertex 21 3 22
      vertex 21 3 6.51191
    endloop
  endfacet
  facet normal -1 -0 0
    outer loop
      vertex 21 3 22
      vertex 21 -3 6.51191
      vertex 21 -3 22
    endloop
  endfacet
  facet normal 0.987685 -0 0.156453
    outer loop
      vertex -18.2175 0.4 -24.8337
      vertex -18.2044 0.5 -24.9164
      vertex -18.2175 0.5 -24.8337
    endloop
  endfacet
  facet normal 0.987685 0 0.156453
    outer loop
      vertex -18.2044 0.5 -24.9164
      vertex -18.2175 0.4 -24.8337
      vertex -18.2044 0.4 -24.9164
    endloop
  endfacet
  facet normal 0.987685 -0 0.156453
    outer loop
      vertex -18.2175 -0.5 -24.8337
      vertex -18.2044 -0.4 -24.9164
      vertex -18.2175 -0.4 -24.8337
    endloop
  endfacet
  facet normal 0.987685 0 0.156453
    outer loop
      vertex -18.2044 -0.4 -24.9164
      vertex -18.2175 -0.5 -24.8337
      vertex -18.2044 -0.5 -24.9164
    endloop
  endfacet
  facet normal 0.998618 -0 0.0525588
    outer loop
      vertex -18.2044 0.4 -24.9164
      vertex -18.2 0.5 -25
      vertex -18.2044 0.5 -24.9164
    endloop
  endfacet
  facet normal 0.998618 0 0.0525588
    outer loop
      vertex -18.2 0.5 -25
      vertex -18.2044 0.4 -24.9164
      vertex -18.2 0.4 -25
    endloop
  endfacet
  facet normal 0.998618 -0 0.0525588
    outer loop
      vertex -18.2044 -0.5 -24.9164
      vertex -18.2 -0.4 -25
      vertex -18.2044 -0.4 -24.9164
    endloop
  endfacet
  facet normal 0.998618 0 0.0525588
    outer loop
      vertex -18.2 -0.4 -25
      vertex -18.2044 -0.5 -24.9164
      vertex -18.2 -0.5 -25
    endloop
  endfacet
  facet normal 0.965857 -0 0.259074
    outer loop
      vertex -18.2392 0.4 -24.7528
      vertex -18.2175 0.5 -24.8337
      vertex -18.2392 0.5 -24.7528
    endloop
  endfacet
  facet normal 0.965857 0 0.259074
    outer loop
      vertex -18.2175 0.5 -24.8337
      vertex -18.2392 0.4 -24.7528
      vertex -18.2175 0.4 -24.8337
    endloop
  endfacet
  facet normal 0.965857 -0 0.259074
    outer loop
      vertex -18.2392 -0.5 -24.7528
      vertex -18.2175 -0.4 -24.8337
      vertex -18.2392 -0.4 -24.7528
    endloop
  endfacet
  facet normal 0.965857 0 0.259074
    outer loop
      vertex -18.2175 -0.4 -24.8337
      vertex -18.2392 -0.5 -24.7528
      vertex -18.2175 -0.5 -24.8337
    endloop
  endfacet
  facet normal 0.838607 -0 0.544736
    outer loop
      vertex -18.3528 0.4 -24.5298
      vertex -18.3072 0.5 -24.6
      vertex -18.3528 0.5 -24.5298
    endloop
  endfacet
  facet normal 0.838607 0 0.544736
    outer loop
      vertex -18.3072 0.5 -24.6
      vertex -18.3528 0.4 -24.5298
      vertex -18.3072 0.4 -24.6
    endloop
  endfacet
  facet normal 0.838607 -0 0.544736
    outer loop
      vertex -18.3528 -0.5 -24.5298
      vertex -18.3072 -0.4 -24.6
      vertex -18.3528 -0.4 -24.5298
    endloop
  endfacet
  facet normal 0.838607 0 0.544736
    outer loop
      vertex -18.3072 -0.4 -24.6
      vertex -18.3528 -0.5 -24.5298
      vertex -18.3072 -0.5 -24.6
    endloop
  endfacet
  facet normal -0.777245 0 -0.629198
    outer loop
      vertex -19.5945 -0.5 -25.5353
      vertex -19.6472 0.5 -25.4702
      vertex -19.5945 0.5 -25.5353
    endloop
  endfacet
  facet normal -0.777245 -0 -0.629198
    outer loop
      vertex -19.6472 0.5 -25.4702
      vertex -19.5945 -0.5 -25.5353
      vertex -19.6472 -0.5 -25.4702
    endloop
  endfacet
  facet normal -0.965857 0 0.259074
    outer loop
      vertex -19.7825 -0.5 -24.8337
      vertex -19.7608 0.5 -24.7528
      vertex -19.7825 0.5 -24.8337
    endloop
  endfacet
  facet normal -0.965857 0 0.259074
    outer loop
      vertex -19.7608 0.5 -24.7528
      vertex -19.7825 -0.5 -24.8337
      vertex -19.7608 -0.5 -24.7528
    endloop
  endfacet
  facet normal -0.987685 0 -0.156453
    outer loop
      vertex -19.7825 -0.5 -25.1663
      vertex -19.7956 0.5 -25.0836
      vertex -19.7825 0.5 -25.1663
    endloop
  endfacet
  facet normal -0.987685 -0 -0.156453
    outer loop
      vertex -19.7956 0.5 -25.0836
      vertex -19.7825 -0.5 -25.1663
      vertex -19.7956 -0.5 -25.0836
    endloop
  endfacet
  facet normal -0.259074 0 0.965857
    outer loop
      vertex -19.2472 0.5 -24.2392
      vertex -19.1663 -0.5 -24.2175
      vertex -19.1663 0.5 -24.2175
    endloop
  endfacet
  facet normal -0.259074 0 0.965857
    outer loop
      vertex -19.1663 -0.5 -24.2175
      vertex -19.2472 0.5 -24.2392
      vertex -19.2472 -0.5 -24.2392
    endloop
  endfacet
  facet normal -0.358179 0 0.933653
    outer loop
      vertex -19.3254 0.5 -24.2692
      vertex -19.2472 -0.5 -24.2392
      vertex -19.2472 0.5 -24.2392
    endloop
  endfacet
  facet normal -0.358179 0 0.933653
    outer loop
      vertex -19.2472 -0.5 -24.2392
      vertex -19.3254 0.5 -24.2692
      vertex -19.3254 -0.5 -24.2692
    endloop
  endfacet
  facet normal 0.933653 0 -0.358179
    outer loop
      vertex -18.2392 -0.5 -25.2472
      vertex -18.2692 0.5 -25.3254
      vertex -18.2392 0.5 -25.2472
    endloop
  endfacet
  facet normal 0.933653 0 -0.358179
    outer loop
      vertex -18.2692 0.5 -25.3254
      vertex -18.2392 -0.5 -25.2472
      vertex -18.2692 -0.5 -25.3254
    endloop
  endfacet
  facet normal 0.544736 0 0.838607
    outer loop
      vertex -18.6 0.5 -24.3072
      vertex -18.5298 0.4 -24.3528
      vertex -18.5298 0.5 -24.3528
    endloop
  endfacet
  facet normal 0.544736 0 0.838607
    outer loop
      vertex -18.5298 0.4 -24.3528
      vertex -18.6 0.5 -24.3072
      vertex -18.6 0.4 -24.3072
    endloop
  endfacet
  facet normal 0.544736 0 0.838607
    outer loop
      vertex -18.6 -0.4 -24.3072
      vertex -18.5298 -0.5 -24.3528
      vertex -18.5298 -0.4 -24.3528
    endloop
  endfacet
  facet normal 0.544736 0 0.838607
    outer loop
      vertex -18.5298 -0.5 -24.3528
      vertex -18.6 -0.4 -24.3072
      vertex -18.6 -0.5 -24.3072
    endloop
  endfacet
  facet normal -0.891058 0 0.45389
    outer loop
      vertex -19.7308 -0.5 -24.6746
      vertex -19.6928 0.5 -24.6
      vertex -19.7308 0.5 -24.6746
    endloop
  endfacet
  facet normal -0.891058 0 0.45389
    outer loop
      vertex -19.6928 0.5 -24.6
      vertex -19.7308 -0.5 -24.6746
      vertex -19.6928 -0.5 -24.6
    endloop
  endfacet
  facet normal -0.358179 0 -0.933653
    outer loop
      vertex -19.3254 -0.5 -25.7308
      vertex -19.2472 0.5 -25.7608
      vertex -19.2472 -0.5 -25.7608
    endloop
  endfacet
  facet normal -0.358179 0 -0.933653
    outer loop
      vertex -19.2472 0.5 -25.7608
      vertex -19.3254 -0.5 -25.7308
      vertex -19.3254 0.5 -25.7308
    endloop
  endfacet
  facet normal 0.707107 0 -0.707107
    outer loop
      vertex -18.4055 -0.5 -25.5353
      vertex -18.4647 0.5 -25.5945
      vertex -18.4055 0.5 -25.5353
    endloop
  endfacet
  facet normal 0.707107 0 -0.707107
    outer loop
      vertex -18.4647 0.5 -25.5945
      vertex -18.4055 -0.5 -25.5353
      vertex -18.4647 -0.5 -25.5945
    endloop
  endfacet
  facet normal 0.707107 -0 0.707107
    outer loop
      vertex -18.4647 -0.5 -24.4055
      vertex -18.4055 -0.4 -24.4647
      vertex -18.4647 -0.4 -24.4055
    endloop
  endfacet
  facet normal 0.707107 0 0.707107
    outer loop
      vertex -18.4055 -0.4 -24.4647
      vertex -18.4647 -0.5 -24.4055
      vertex -18.4055 -0.5 -24.4647
    endloop
  endfacet
  facet normal 0.707107 -0 0.707107
    outer loop
      vertex -18.4647 0.4 -24.4055
      vertex -18.4055 0.5 -24.4647
      vertex -18.4647 0.5 -24.4055
    endloop
  endfacet
  facet normal 0.707107 0 0.707107
    outer loop
      vertex -18.4055 0.5 -24.4647
      vertex -18.4647 0.4 -24.4055
      vertex -18.4055 0.4 -24.4647
    endloop
  endfacet
  facet normal -0.933653 0 -0.358179
    outer loop
      vertex -19.7308 -0.5 -25.3254
      vertex -19.7608 0.5 -25.2472
      vertex -19.7308 0.5 -25.3254
    endloop
  endfacet
  facet normal -0.933653 -0 -0.358179
    outer loop
      vertex -19.7608 0.5 -25.2472
      vertex -19.7308 -0.5 -25.3254
      vertex -19.7608 -0.5 -25.2472
    endloop
  endfacet
  facet normal -0.156453 0 -0.987685
    outer loop
      vertex -19.1663 -0.5 -25.7825
      vertex -19.0836 0.5 -25.7956
      vertex -19.0836 -0.5 -25.7956
    endloop
  endfacet
  facet normal -0.156453 0 -0.987685
    outer loop
      vertex -19.0836 0.5 -25.7956
      vertex -19.1663 -0.5 -25.7825
      vertex -19.1663 0.5 -25.7825
    endloop
  endfacet
  facet normal 0.358179 0 -0.933653
    outer loop
      vertex -18.7528 -0.5 -25.7608
      vertex -18.6746 0.5 -25.7308
      vertex -18.6746 -0.5 -25.7308
    endloop
  endfacet
  facet normal 0.358179 0 -0.933653
    outer loop
      vertex -18.6746 0.5 -25.7308
      vertex -18.7528 -0.5 -25.7608
      vertex -18.7528 0.5 -25.7608
    endloop
  endfacet
  facet normal 0.629198 0 0.777245
    outer loop
      vertex -18.5298 -0.4 -24.3528
      vertex -18.4647 -0.5 -24.4055
      vertex -18.4647 -0.4 -24.4055
    endloop
  endfacet
  facet normal 0.629198 0 0.777245
    outer loop
      vertex -18.4647 -0.5 -24.4055
      vertex -18.5298 -0.4 -24.3528
      vertex -18.5298 -0.5 -24.3528
    endloop
  endfacet
  facet normal 0.629198 0 0.777245
    outer loop
      vertex -18.5298 0.5 -24.3528
      vertex -18.4647 0.4 -24.4055
      vertex -18.4647 0.5 -24.4055
    endloop
  endfacet
  facet normal 0.629198 0 0.777245
    outer loop
      vertex -18.4647 0.4 -24.4055
      vertex -18.5298 0.5 -24.3528
      vertex -18.5298 0.4 -24.3528
    endloop
  endfacet
  facet normal -0.45389 0 -0.891058
    outer loop
      vertex -19.4 -0.5 -25.6928
      vertex -19.3254 0.5 -25.7308
      vertex -19.3254 -0.5 -25.7308
    endloop
  endfacet
  facet normal -0.45389 0 -0.891058
    outer loop
      vertex -19.3254 0.5 -25.7308
      vertex -19.4 -0.5 -25.6928
      vertex -19.4 0.5 -25.6928
    endloop
  endfacet
  facet normal 0.891058 -0 0.45389
    outer loop
      vertex -18.3072 0.4 -24.6
      vertex -18.2692 0.5 -24.6746
      vertex -18.3072 0.5 -24.6
    endloop
  endfacet
  facet normal 0.891058 0 0.45389
    outer loop
      vertex -18.2692 0.5 -24.6746
      vertex -18.3072 0.4 -24.6
      vertex -18.2692 0.4 -24.6746
    endloop
  endfacet
  facet normal 0.891058 -0 0.45389
    outer loop
      vertex -18.3072 -0.5 -24.6
      vertex -18.2692 -0.4 -24.6746
      vertex -18.3072 -0.4 -24.6
    endloop
  endfacet
  facet normal 0.891058 0 0.45389
    outer loop
      vertex -18.2692 -0.4 -24.6746
      vertex -18.3072 -0.5 -24.6
      vertex -18.2692 -0.5 -24.6746
    endloop
  endfacet
  facet normal -0.45389 0 0.891058
    outer loop
      vertex -19.4 0.5 -24.3072
      vertex -19.3254 -0.5 -24.2692
      vertex -19.3254 0.5 -24.2692
    endloop
  endfacet
  facet normal -0.45389 0 0.891058
    outer loop
      vertex -19.3254 -0.5 -24.2692
      vertex -19.4 0.5 -24.3072
      vertex -19.4 -0.5 -24.3072
    endloop
  endfacet
  facet normal 0.45389 0 -0.891058
    outer loop
      vertex -18.6746 -0.5 -25.7308
      vertex -18.6 0.5 -25.6928
      vertex -18.6 -0.5 -25.6928
    endloop
  endfacet
  facet normal 0.45389 0 -0.891058
    outer loop
      vertex -18.6 0.5 -25.6928
      vertex -18.6746 -0.5 -25.7308
      vertex -18.6746 0.5 -25.7308
    endloop
  endfacet
  facet normal 0.933653 -0 0.358179
    outer loop
      vertex -18.2692 0.4 -24.6746
      vertex -18.2392 0.5 -24.7528
      vertex -18.2692 0.5 -24.6746
    endloop
  endfacet
  facet normal 0.933653 0 0.358179
    outer loop
      vertex -18.2392 0.5 -24.7528
      vertex -18.2692 0.4 -24.6746
      vertex -18.2392 0.4 -24.7528
    endloop
  endfacet
  facet normal 0.933653 -0 0.358179
    outer loop
      vertex -18.2692 -0.5 -24.6746
      vertex -18.2392 -0.4 -24.7528
      vertex -18.2692 -0.4 -24.6746
    endloop
  endfacet
  facet normal 0.933653 0 0.358179
    outer loop
      vertex -18.2392 -0.4 -24.7528
      vertex -18.2692 -0.5 -24.6746
      vertex -18.2392 -0.5 -24.7528
    endloop
  endfacet
  facet normal -0.965857 0 -0.259074
    outer loop
      vertex -19.7608 -0.5 -25.2472
      vertex -19.7825 0.5 -25.1663
      vertex -19.7608 0.5 -25.2472
    endloop
  endfacet
  facet normal -0.965857 -0 -0.259074
    outer loop
      vertex -19.7825 0.5 -25.1663
      vertex -19.7608 -0.5 -25.2472
      vertex -19.7825 -0.5 -25.1663
    endloop
  endfacet
  facet normal 0.777245 -0 0.629198
    outer loop
      vertex -18.4055 0.4 -24.4647
      vertex -18.3528 0.5 -24.5298
      vertex -18.4055 0.5 -24.4647
    endloop
  endfacet
  facet normal 0.777245 0 0.629198
    outer loop
      vertex -18.3528 0.5 -24.5298
      vertex -18.4055 0.4 -24.4647
      vertex -18.3528 0.4 -24.5298
    endloop
  endfacet
  facet normal 0.777245 -0 0.629198
    outer loop
      vertex -18.4055 -0.5 -24.4647
      vertex -18.3528 -0.4 -24.5298
      vertex -18.4055 -0.4 -24.4647
    endloop
  endfacet
  facet normal 0.777245 0 0.629198
    outer loop
      vertex -18.3528 -0.4 -24.5298
      vertex -18.4055 -0.5 -24.4647
      vertex -18.3528 -0.5 -24.5298
    endloop
  endfacet
  facet normal 0.998618 0 -0.0525588
    outer loop
      vertex -18.2 0.4 -25
      vertex -18.2044 0.5 -25.0836
      vertex -18.2 0.5 -25
    endloop
  endfacet
  facet normal 0.998618 0 -0.0525588
    outer loop
      vertex -18.2 -0.4 -25
      vertex -18.2044 0.5 -25.0836
      vertex -18.2 0.4 -25
    endloop
  endfacet
  facet normal 0.998618 0 -0.0525588
    outer loop
      vertex -18.2044 -0.5 -25.0836
      vertex -18.2 -0.4 -25
      vertex -18.2 -0.5 -25
    endloop
  endfacet
  facet normal 0.998618 0 -0.0525588
    outer loop
      vertex -18.2 -0.4 -25
      vertex -18.2044 -0.5 -25.0836
      vertex -18.2044 0.5 -25.0836
    endloop
  endfacet
  facet normal 0.156453 0 0.987685
    outer loop
      vertex -18.9164 -0.4 -24.2044
      vertex -18.8337 -0.5 -24.2175
      vertex -18.8337 -0.4 -24.2175
    endloop
  endfacet
  facet normal 0.156453 0 0.987685
    outer loop
      vertex -18.8337 -0.5 -24.2175
      vertex -18.9164 -0.4 -24.2044
      vertex -18.9164 -0.5 -24.2044
    endloop
  endfacet
  facet normal 0.156453 0 0.987685
    outer loop
      vertex -18.9164 0.5 -24.2044
      vertex -18.8337 0.4 -24.2175
      vertex -18.8337 0.5 -24.2175
    endloop
  endfacet
  facet normal 0.156453 0 0.987685
    outer loop
      vertex -18.8337 0.4 -24.2175
      vertex -18.9164 0.5 -24.2044
      vertex -18.9164 0.4 -24.2044
    endloop
  endfacet
  facet normal -0.0525588 0 -0.998618
    outer loop
      vertex -19.0836 -0.5 -25.7956
      vertex -19 0.5 -25.8
      vertex -19 -0.5 -25.8
    endloop
  endfacet
  facet normal -0.0525588 0 -0.998618
    outer loop
      vertex -19 0.5 -25.8
      vertex -19.0836 -0.5 -25.7956
      vertex -19.0836 0.5 -25.7956
    endloop
  endfacet
  facet normal -0.707107 0 -0.707107
    outer loop
      vertex -19.5353 -0.5 -25.5945
      vertex -19.5945 0.5 -25.5353
      vertex -19.5353 0.5 -25.5945
    endloop
  endfacet
  facet normal -0.707107 -0 -0.707107
    outer loop
      vertex -19.5945 0.5 -25.5353
      vertex -19.5353 -0.5 -25.5945
      vertex -19.5945 -0.5 -25.5353
    endloop
  endfacet
  facet normal -0.156453 0 0.987685
    outer loop
      vertex -19.1663 0.5 -24.2175
      vertex -19.0836 -0.5 -24.2044
      vertex -19.0836 0.5 -24.2044
    endloop
  endfacet
  facet normal -0.156453 0 0.987685
    outer loop
      vertex -19.0836 -0.5 -24.2044
      vertex -19.1663 0.5 -24.2175
      vertex -19.1663 -0.5 -24.2175
    endloop
  endfacet
  facet normal -0.777245 0 0.629198
    outer loop
      vertex -19.6472 -0.5 -24.5298
      vertex -19.5945 0.5 -24.4647
      vertex -19.6472 0.5 -24.5298
    endloop
  endfacet
  facet normal -0.777245 0 0.629198
    outer loop
      vertex -19.5945 0.5 -24.4647
      vertex -19.6472 -0.5 -24.5298
      vertex -19.5945 -0.5 -24.4647
    endloop
  endfacet
  facet normal 0.777245 0 -0.629198
    outer loop
      vertex -18.3528 -0.5 -25.4702
      vertex -18.4055 0.5 -25.5353
      vertex -18.3528 0.5 -25.4702
    endloop
  endfacet
  facet normal 0.777245 0 -0.629198
    outer loop
      vertex -18.4055 0.5 -25.5353
      vertex -18.3528 -0.5 -25.4702
      vertex -18.4055 -0.5 -25.5353
    endloop
  endfacet
  facet normal -0.998618 0 0.0525588
    outer loop
      vertex -19.8 -0.5 -25
      vertex -19.7956 0.5 -24.9164
      vertex -19.8 0.5 -25
    endloop
  endfacet
  facet normal -0.998618 0 0.0525588
    outer loop
      vertex -19.7956 0.5 -24.9164
      vertex -19.8 -0.5 -25
      vertex -19.7956 -0.5 -24.9164
    endloop
  endfacet
  facet normal -0.629198 0 0.777245
    outer loop
      vertex -19.5353 0.5 -24.4055
      vertex -19.4702 -0.5 -24.3528
      vertex -19.4702 0.5 -24.3528
    endloop
  endfacet
  facet normal -0.629198 0 0.777245
    outer loop
      vertex -19.4702 -0.5 -24.3528
      vertex -19.5353 0.5 -24.4055
      vertex -19.5353 -0.5 -24.4055
    endloop
  endfacet
  facet normal 0.259074 0 -0.965857
    outer loop
      vertex -18.8337 -0.5 -25.7825
      vertex -18.7528 0.5 -25.7608
      vertex -18.7528 -0.5 -25.7608
    endloop
  endfacet
  facet normal 0.259074 0 -0.965857
    outer loop
      vertex -18.7528 0.5 -25.7608
      vertex -18.8337 -0.5 -25.7825
      vertex -18.8337 0.5 -25.7825
    endloop
  endfacet
  facet normal -0.891058 0 -0.45389
    outer loop
      vertex -19.6928 -0.5 -25.4
      vertex -19.7308 0.5 -25.3254
      vertex -19.6928 0.5 -25.4
    endloop
  endfacet
  facet normal -0.891058 -0 -0.45389
    outer loop
      vertex -19.7308 0.5 -25.3254
      vertex -19.6928 -0.5 -25.4
      vertex -19.7308 -0.5 -25.3254
    endloop
  endfacet
  facet normal 0.259074 0 0.965857
    outer loop
      vertex -18.8337 -0.4 -24.2175
      vertex -18.7528 -0.5 -24.2392
      vertex -18.7528 -0.4 -24.2392
    endloop
  endfacet
  facet normal 0.259074 0 0.965857
    outer loop
      vertex -18.7528 -0.5 -24.2392
      vertex -18.8337 -0.4 -24.2175
      vertex -18.8337 -0.5 -24.2175
    endloop
  endfacet
  facet normal 0.259074 0 0.965857
    outer loop
      vertex -18.8337 0.5 -24.2175
      vertex -18.7528 0.4 -24.2392
      vertex -18.7528 0.5 -24.2392
    endloop
  endfacet
  facet normal 0.259074 0 0.965857
    outer loop
      vertex -18.7528 0.4 -24.2392
      vertex -18.8337 0.5 -24.2175
      vertex -18.8337 0.4 -24.2175
    endloop
  endfacet
  facet normal 0.544736 0 -0.838607
    outer loop
      vertex -18.6 -0.5 -25.6928
      vertex -18.5298 0.5 -25.6472
      vertex -18.5298 -0.5 -25.6472
    endloop
  endfacet
  facet normal 0.544736 0 -0.838607
    outer loop
      vertex -18.5298 0.5 -25.6472
      vertex -18.6 -0.5 -25.6928
      vertex -18.6 0.5 -25.6928
    endloop
  endfacet
  facet normal 0.987685 0 -0.156453
    outer loop
      vertex -18.2044 -0.5 -25.0836
      vertex -18.2175 0.5 -25.1663
      vertex -18.2044 0.5 -25.0836
    endloop
  endfacet
  facet normal 0.987685 0 -0.156453
    outer loop
      vertex -18.2175 0.5 -25.1663
      vertex -18.2044 -0.5 -25.0836
      vertex -18.2175 -0.5 -25.1663
    endloop
  endfacet
  facet normal 0.156453 0 -0.987685
    outer loop
      vertex -18.9164 -0.5 -25.7956
      vertex -18.8337 0.5 -25.7825
      vertex -18.8337 -0.5 -25.7825
    endloop
  endfacet
  facet normal 0.156453 0 -0.987685
    outer loop
      vertex -18.8337 0.5 -25.7825
      vertex -18.9164 -0.5 -25.7956
      vertex -18.9164 0.5 -25.7956
    endloop
  endfacet
  facet normal 0.965857 0 -0.259074
    outer loop
      vertex -18.2175 -0.5 -25.1663
      vertex -18.2392 0.5 -25.2472
      vertex -18.2175 0.5 -25.1663
    endloop
  endfacet
  facet normal 0.965857 0 -0.259074
    outer loop
      vertex -18.2392 0.5 -25.2472
      vertex -18.2175 -0.5 -25.1663
      vertex -18.2392 -0.5 -25.2472
    endloop
  endfacet
  facet normal -0.987685 0 0.156453
    outer loop
      vertex -19.7956 -0.5 -24.9164
      vertex -19.7825 0.5 -24.8337
      vertex -19.7956 0.5 -24.9164
    endloop
  endfacet
  facet normal -0.987685 0 0.156453
    outer loop
      vertex -19.7825 0.5 -24.8337
      vertex -19.7956 -0.5 -24.9164
      vertex -19.7825 -0.5 -24.8337
    endloop
  endfacet
  facet normal 0.45389 0 0.891058
    outer loop
      vertex -18.6746 0.5 -24.2692
      vertex -18.6 0.4 -24.3072
      vertex -18.6 0.5 -24.3072
    endloop
  endfacet
  facet normal 0.45389 0 0.891058
    outer loop
      vertex -18.6 0.4 -24.3072
      vertex -18.6746 0.5 -24.2692
      vertex -18.6746 0.4 -24.2692
    endloop
  endfacet
  facet normal 0.45389 0 0.891058
    outer loop
      vertex -18.6746 -0.4 -24.2692
      vertex -18.6 -0.5 -24.3072
      vertex -18.6 -0.4 -24.3072
    endloop
  endfacet
  facet normal 0.45389 0 0.891058
    outer loop
      vertex -18.6 -0.5 -24.3072
      vertex -18.6746 -0.4 -24.2692
      vertex -18.6746 -0.5 -24.2692
    endloop
  endfacet
  facet normal 0.358179 0 0.933653
    outer loop
      vertex -18.7528 0.5 -24.2392
      vertex -18.6746 0.4 -24.2692
      vertex -18.6746 0.5 -24.2692
    endloop
  endfacet
  facet normal 0.358179 0 0.933653
    outer loop
      vertex -18.6746 0.4 -24.2692
      vertex -18.7528 0.5 -24.2392
      vertex -18.7528 0.4 -24.2392
    endloop
  endfacet
  facet normal 0.358179 0 0.933653
    outer loop
      vertex -18.7528 -0.4 -24.2392
      vertex -18.6746 -0.5 -24.2692
      vertex -18.6746 -0.4 -24.2692
    endloop
  endfacet
  facet normal 0.358179 0 0.933653
    outer loop
      vertex -18.6746 -0.5 -24.2692
      vertex -18.7528 -0.4 -24.2392
      vertex -18.7528 -0.5 -24.2392
    endloop
  endfacet
  facet normal -0.259074 0 -0.965857
    outer loop
      vertex -19.2472 -0.5 -25.7608
      vertex -19.1663 0.5 -25.7825
      vertex -19.1663 -0.5 -25.7825
    endloop
  endfacet
  facet normal -0.259074 0 -0.965857
    outer loop
      vertex -19.1663 0.5 -25.7825
      vertex -19.2472 -0.5 -25.7608
      vertex -19.2472 0.5 -25.7608
    endloop
  endfacet
  facet normal -0.998618 0 -0.0525588
    outer loop
      vertex -19.7956 -0.5 -25.0836
      vertex -19.8 0.5 -25
      vertex -19.7956 0.5 -25.0836
    endloop
  endfacet
  facet normal -0.998618 -0 -0.0525588
    outer loop
      vertex -19.8 0.5 -25
      vertex -19.7956 -0.5 -25.0836
      vertex -19.8 -0.5 -25
    endloop
  endfacet
  facet normal 0.0525588 0 -0.998618
    outer loop
      vertex -19 -0.5 -25.8
      vertex -18.9164 0.5 -25.7956
      vertex -18.9164 -0.5 -25.7956
    endloop
  endfacet
  facet normal 0.0525588 0 -0.998618
    outer loop
      vertex -18.9164 0.5 -25.7956
      vertex -19 -0.5 -25.8
      vertex -19 0.5 -25.8
    endloop
  endfacet
  facet normal -0.707107 0 0.707107
    outer loop
      vertex -19.5945 -0.5 -24.4647
      vertex -19.5353 0.5 -24.4055
      vertex -19.5945 0.5 -24.4647
    endloop
  endfacet
  facet normal -0.707107 0 0.707107
    outer loop
      vertex -19.5353 0.5 -24.4055
      vertex -19.5945 -0.5 -24.4647
      vertex -19.5353 -0.5 -24.4055
    endloop
  endfacet
  facet normal 0.838607 0 -0.544736
    outer loop
      vertex -18.3072 -0.5 -25.4
      vertex -18.3528 0.5 -25.4702
      vertex -18.3072 0.5 -25.4
    endloop
  endfacet
  facet normal 0.838607 0 -0.544736
    outer loop
      vertex -18.3528 0.5 -25.4702
      vertex -18.3072 -0.5 -25.4
      vertex -18.3528 -0.5 -25.4702
    endloop
  endfacet
  facet normal -0.544736 0 -0.838607
    outer loop
      vertex -19.4702 -0.5 -25.6472
      vertex -19.4 0.5 -25.6928
      vertex -19.4 -0.5 -25.6928
    endloop
  endfacet
  facet normal -0.544736 0 -0.838607
    outer loop
      vertex -19.4 0.5 -25.6928
      vertex -19.4702 -0.5 -25.6472
      vertex -19.4702 0.5 -25.6472
    endloop
  endfacet
  facet normal 0.0525588 0 0.998618
    outer loop
      vertex -19 -0.4 -24.2
      vertex -18.9164 -0.5 -24.2044
      vertex -18.9164 -0.4 -24.2044
    endloop
  endfacet
  facet normal 0.0525588 0 0.998618
    outer loop
      vertex -18.9164 -0.5 -24.2044
      vertex -19 -0.4 -24.2
      vertex -19 -0.5 -24.2
    endloop
  endfacet
  facet normal 0.0525588 0 0.998618
    outer loop
      vertex -19 0.5 -24.2
      vertex -18.9164 0.4 -24.2044
      vertex -18.9164 0.5 -24.2044
    endloop
  endfacet
  facet normal 0.0525588 0 0.998618
    outer loop
      vertex -18.9164 0.4 -24.2044
      vertex -19 0.5 -24.2
      vertex -19 0.4 -24.2
    endloop
  endfacet
  facet normal -0.0525588 0 0.998618
    outer loop
      vertex -19.0836 0.5 -24.2044
      vertex -19 0.4 -24.2
      vertex -19 0.5 -24.2
    endloop
  endfacet
  facet normal -0.0525588 0 0.998618
    outer loop
      vertex -19 0.4 -24.2
      vertex -19.0836 0.5 -24.2044
      vertex -19 -0.4 -24.2
    endloop
  endfacet
  facet normal -0.0525588 0 0.998618
    outer loop
      vertex -19.0836 -0.5 -24.2044
      vertex -19 -0.4 -24.2
      vertex -19.0836 0.5 -24.2044
    endloop
  endfacet
  facet normal -0.0525588 0 0.998618
    outer loop
      vertex -19 -0.4 -24.2
      vertex -19.0836 -0.5 -24.2044
      vertex -19 -0.5 -24.2
    endloop
  endfacet
  facet normal -0.838607 0 -0.544736
    outer loop
      vertex -19.6472 -0.5 -25.4702
      vertex -19.6928 0.5 -25.4
      vertex -19.6472 0.5 -25.4702
    endloop
  endfacet
  facet normal -0.838607 -0 -0.544736
    outer loop
      vertex -19.6928 0.5 -25.4
      vertex -19.6472 -0.5 -25.4702
      vertex -19.6928 -0.5 -25.4
    endloop
  endfacet
  facet normal 0 -1 0
    outer loop
      vertex -19.0836 -0.5 -24.2044
      vertex -18.9164 -0.5 -24.2044
      vertex -19 -0.5 -24.2
    endloop
  endfacet
  facet normal 0 -1 0
    outer loop
      vertex -19.1663 -0.5 -24.2175
      vertex -18.9164 -0.5 -24.2044
      vertex -19.0836 -0.5 -24.2044
    endloop
  endfacet
  facet normal 0 -1 0
    outer loop
      vertex -19.1663 -0.5 -24.2175
      vertex -18.8337 -0.5 -24.2175
      vertex -18.9164 -0.5 -24.2044
    endloop
  endfacet
  facet normal 0 -1 0
    outer loop
      vertex -19.2472 -0.5 -24.2392
      vertex -18.8337 -0.5 -24.2175
      vertex -19.1663 -0.5 -24.2175
    endloop
  endfacet
  facet normal 0 -1 0
    outer loop
      vertex -19.2472 -0.5 -24.2392
      vertex -18.7528 -0.5 -24.2392
      vertex -18.8337 -0.5 -24.2175
    endloop
  endfacet
  facet normal 0 -1 0
    outer loop
      vertex -19.3254 -0.5 -24.2692
      vertex -18.7528 -0.5 -24.2392
      vertex -19.2472 -0.5 -24.2392
    endloop
  endfacet
  facet normal 0 -1 0
    outer loop
      vertex -19.3254 -0.5 -24.2692
      vertex -18.6746 -0.5 -24.2692
      vertex -18.7528 -0.5 -24.2392
    endloop
  endfacet
  facet normal 0 -1 0
    outer loop
      vertex -19.4 -0.5 -24.3072
      vertex -18.6746 -0.5 -24.2692
      vertex -19.3254 -0.5 -24.2692
    endloop
  endfacet
  facet normal 0 -1 0
    outer loop
      vertex -19.4 -0.5 -24.3072
      vertex -18.6 -0.5 -24.3072
      vertex -18.6746 -0.5 -24.2692
    endloop
  endfacet
  facet normal 0 -1 0
    outer loop
      vertex -19.4702 -0.5 -24.3528
      vertex -18.6 -0.5 -24.3072
      vertex -19.4 -0.5 -24.3072
    endloop
  endfacet
  facet normal 0 -1 0
    outer loop
      vertex -19.4702 -0.5 -24.3528
      vertex -18.5298 -0.5 -24.3528
      vertex -18.6 -0.5 -24.3072
    endloop
  endfacet
  facet normal 0 -1 0
    outer loop
      vertex -19.5353 -0.5 -24.4055
      vertex -18.5298 -0.5 -24.3528
      vertex -19.4702 -0.5 -24.3528
    endloop
  endfacet
  facet normal 0 -1 0
    outer loop
      vertex -19.5353 -0.5 -24.4055
      vertex -18.4647 -0.5 -24.4055
      vertex -18.5298 -0.5 -24.3528
    endloop
  endfacet
  facet normal 0 -1 0
    outer loop
      vertex -19.5945 -0.5 -24.4647
      vertex -18.4647 -0.5 -24.4055
      vertex -19.5353 -0.5 -24.4055
    endloop
  endfacet
  facet normal 0 -1 0
    outer loop
      vertex -19.5945 -0.5 -24.4647
      vertex -18.4055 -0.5 -24.4647
      vertex -18.4647 -0.5 -24.4055
    endloop
  endfacet
  facet normal 0 -1 0
    outer loop
      vertex -19.6472 -0.5 -24.5298
      vertex -18.4055 -0.5 -24.4647
      vertex -19.5945 -0.5 -24.4647
    endloop
  endfacet
  facet normal 0 -1 0
    outer loop
      vertex -19.6472 -0.5 -24.5298
      vertex -18.3528 -0.5 -24.5298
      vertex -18.4055 -0.5 -24.4647
    endloop
  endfacet
  facet normal 0 -1 0
    outer loop
      vertex -19.6928 -0.5 -24.6
      vertex -18.3528 -0.5 -24.5298
      vertex -19.6472 -0.5 -24.5298
    endloop
  endfacet
  facet normal 0 -1 0
    outer loop
      vertex -19.6928 -0.5 -24.6
      vertex -18.3072 -0.5 -24.6
      vertex -18.3528 -0.5 -24.5298
    endloop
  endfacet
  facet normal 0 -1 0
    outer loop
      vertex -19.7308 -0.5 -24.6746
      vertex -18.3072 -0.5 -24.6
      vertex -19.6928 -0.5 -24.6
    endloop
  endfacet
  facet normal 0 -1 0
    outer loop
      vertex -19.7308 -0.5 -24.6746
      vertex -18.2692 -0.5 -24.6746
      vertex -18.3072 -0.5 -24.6
    endloop
  endfacet
  facet normal 0 -1 0
    outer loop
      vertex -19.7608 -0.5 -24.7528
      vertex -18.2692 -0.5 -24.6746
      vertex -19.7308 -0.5 -24.6746
    endloop
  endfacet
  facet normal 0 -1 0
    outer loop
      vertex -19.7608 -0.5 -24.7528
      vertex -18.2392 -0.5 -24.7528
      vertex -18.2692 -0.5 -24.6746
    endloop
  endfacet
  facet normal 0 -1 0
    outer loop
      vertex -19.7825 -0.5 -24.8337
      vertex -18.2392 -0.5 -24.7528
      vertex -19.7608 -0.5 -24.7528
    endloop
  endfacet
  facet normal 0 -1 0
    outer loop
      vertex -19.7825 -0.5 -24.8337
      vertex -18.2175 -0.5 -24.8337
      vertex -18.2392 -0.5 -24.7528
    endloop
  endfacet
  facet normal 0 -1 0
    outer loop
      vertex -19.7956 -0.5 -24.9164
      vertex -18.2175 -0.5 -24.8337
      vertex -19.7825 -0.5 -24.8337
    endloop
  endfacet
  facet normal 0 -1 0
    outer loop
      vertex -19.7956 -0.5 -24.9164
      vertex -18.2044 -0.5 -24.9164
      vertex -18.2175 -0.5 -24.8337
    endloop
  endfacet
  facet normal 0 -1 0
    outer loop
      vertex -19.8 -0.5 -25
      vertex -18.2044 -0.5 -24.9164
      vertex -19.7956 -0.5 -24.9164
    endloop
  endfacet
  facet normal 0 -1 0
    outer loop
      vertex -19.8 -0.5 -25
      vertex -18.2 -0.5 -25
      vertex -18.2044 -0.5 -24.9164
    endloop
  endfacet
  facet normal 0 -1 0
    outer loop
      vertex -19.7956 -0.5 -25.0836
      vertex -18.2 -0.5 -25
      vertex -19.8 -0.5 -25
    endloop
  endfacet
  facet normal 0 -1 0
    outer loop
      vertex -19.7956 -0.5 -25.0836
      vertex -18.2044 -0.5 -25.0836
      vertex -18.2 -0.5 -25
    endloop
  endfacet
  facet normal 0 -1 0
    outer loop
      vertex -19.7825 -0.5 -25.1663
      vertex -18.2044 -0.5 -25.0836
      vertex -19.7956 -0.5 -25.0836
    endloop
  endfacet
  facet normal 0 -1 0
    outer loop
      vertex -19.7825 -0.5 -25.1663
      vertex -18.2175 -0.5 -25.1663
      vertex -18.2044 -0.5 -25.0836
    endloop
  endfacet
  facet normal 0 -1 0
    outer loop
      vertex -19.7608 -0.5 -25.2472
      vertex -18.2175 -0.5 -25.1663
      vertex -19.7825 -0.5 -25.1663
    endloop
  endfacet
  facet normal 0 -1 0
    outer loop
      vertex -19.7608 -0.5 -25.2472
      vertex -18.2392 -0.5 -25.2472
      vertex -18.2175 -0.5 -25.1663
    endloop
  endfacet
  facet normal 0 -1 0
    outer loop
      vertex -19.7308 -0.5 -25.3254
      vertex -18.2392 -0.5 -25.2472
      vertex -19.7608 -0.5 -25.2472
    endloop
  endfacet
  facet normal 0 -1 0
    outer loop
      vertex -19.7308 -0.5 -25.3254
      vertex -18.2692 -0.5 -25.3254
      vertex -18.2392 -0.5 -25.2472
    endloop
  endfacet
  facet normal 0 -1 0
    outer loop
      vertex -19.6928 -0.5 -25.4
      vertex -18.2692 -0.5 -25.3254
      vertex -19.7308 -0.5 -25.3254
    endloop
  endfacet
  facet normal 0 -1 0
    outer loop
      vertex -19.6928 -0.5 -25.4
      vertex -18.3072 -0.5 -25.4
      vertex -18.2692 -0.5 -25.3254
    endloop
  endfacet
  facet normal 0 -1 0
    outer loop
      vertex -19.6472 -0.5 -25.4702
      vertex -18.3072 -0.5 -25.4
      vertex -19.6928 -0.5 -25.4
    endloop
  endfacet
  facet normal 0 -1 0
    outer loop
      vertex -19.6472 -0.5 -25.4702
      vertex -18.3528 -0.5 -25.4702
      vertex -18.3072 -0.5 -25.4
    endloop
  endfacet
  facet normal 0 -1 0
    outer loop
      vertex -19.5945 -0.5 -25.5353
      vertex -18.3528 -0.5 -25.4702
      vertex -19.6472 -0.5 -25.4702
    endloop
  endfacet
  facet normal 0 -1 0
    outer loop
      vertex -19.5945 -0.5 -25.5353
      vertex -18.4055 -0.5 -25.5353
      vertex -18.3528 -0.5 -25.4702
    endloop
  endfacet
  facet normal 0 -1 0
    outer loop
      vertex -19.5353 -0.5 -25.5945
      vertex -18.4055 -0.5 -25.5353
      vertex -19.5945 -0.5 -25.5353
    endloop
  endfacet
  facet normal 0 -1 0
    outer loop
      vertex -19.5353 -0.5 -25.5945
      vertex -18.4647 -0.5 -25.5945
      vertex -18.4055 -0.5 -25.5353
    endloop
  endfacet
  facet normal 0 -1 0
    outer loop
      vertex -19.4702 -0.5 -25.6472
      vertex -18.4647 -0.5 -25.5945
      vertex -19.5353 -0.5 -25.5945
    endloop
  endfacet
  facet normal 0 -1 0
    outer loop
      vertex -19.4702 -0.5 -25.6472
      vertex -18.5298 -0.5 -25.6472
      vertex -18.4647 -0.5 -25.5945
    endloop
  endfacet
  facet normal 0 -1 0
    outer loop
      vertex -19.4 -0.5 -25.6928
      vertex -18.5298 -0.5 -25.6472
      vertex -19.4702 -0.5 -25.6472
    endloop
  endfacet
  facet normal 0 -1 0
    outer loop
      vertex -19.4 -0.5 -25.6928
      vertex -18.6 -0.5 -25.6928
      vertex -18.5298 -0.5 -25.6472
    endloop
  endfacet
  facet normal 0 -1 0
    outer loop
      vertex -19.3254 -0.5 -25.7308
      vertex -18.6 -0.5 -25.6928
      vertex -19.4 -0.5 -25.6928
    endloop
  endfacet
  facet normal 0 -1 0
    outer loop
      vertex -19.3254 -0.5 -25.7308
      vertex -18.6746 -0.5 -25.7308
      vertex -18.6 -0.5 -25.6928
    endloop
  endfacet
  facet normal 0 -1 0
    outer loop
      vertex -19.2472 -0.5 -25.7608
      vertex -18.6746 -0.5 -25.7308
      vertex -19.3254 -0.5 -25.7308
    endloop
  endfacet
  facet normal 0 -1 0
    outer loop
      vertex -19.2472 -0.5 -25.7608
      vertex -18.7528 -0.5 -25.7608
      vertex -18.6746 -0.5 -25.7308
    endloop
  endfacet
  facet normal 0 -1 0
    outer loop
      vertex -19.1663 -0.5 -25.7825
      vertex -18.7528 -0.5 -25.7608
      vertex -19.2472 -0.5 -25.7608
    endloop
  endfacet
  facet normal 0 -1 0
    outer loop
      vertex -19.1663 -0.5 -25.7825
      vertex -18.8337 -0.5 -25.7825
      vertex -18.7528 -0.5 -25.7608
    endloop
  endfacet
  facet normal 0 -1 0
    outer loop
      vertex -19.0836 -0.5 -25.7956
      vertex -18.8337 -0.5 -25.7825
      vertex -19.1663 -0.5 -25.7825
    endloop
  endfacet
  facet normal 0 -1 0
    outer loop
      vertex -19.0836 -0.5 -25.7956
      vertex -18.9164 -0.5 -25.7956
      vertex -18.8337 -0.5 -25.7825
    endloop
  endfacet
  facet normal -0 -1 0
    outer loop
      vertex -18.9164 -0.5 -25.7956
      vertex -19.0836 -0.5 -25.7956
      vertex -19 -0.5 -25.8
    endloop
  endfacet
  facet normal 0.891058 0 -0.45389
    outer loop
      vertex -18.2692 -0.5 -25.3254
      vertex -18.3072 0.5 -25.4
      vertex -18.2692 0.5 -25.3254
    endloop
  endfacet
  facet normal 0.891058 0 -0.45389
    outer loop
      vertex -18.3072 0.5 -25.4
      vertex -18.2692 -0.5 -25.3254
      vertex -18.3072 -0.5 -25.4
    endloop
  endfacet
  facet normal -0.544736 0 0.838607
    outer loop
      vertex -19.4702 0.5 -24.3528
      vertex -19.4 -0.5 -24.3072
      vertex -19.4 0.5 -24.3072
    endloop
  endfacet
  facet normal -0.544736 0 0.838607
    outer loop
      vertex -19.4 -0.5 -24.3072
      vertex -19.4702 0.5 -24.3528
      vertex -19.4702 -0.5 -24.3528
    endloop
  endfacet
  facet normal -0.933653 0 0.358179
    outer loop
      vertex -19.7608 -0.5 -24.7528
      vertex -19.7308 0.5 -24.6746
      vertex -19.7608 0.5 -24.7528
    endloop
  endfacet
  facet normal -0.933653 0 0.358179
    outer loop
      vertex -19.7308 0.5 -24.6746
      vertex -19.7608 -0.5 -24.7528
      vertex -19.7308 -0.5 -24.6746
    endloop
  endfacet
  facet normal 0.629198 0 -0.777245
    outer loop
      vertex -18.5298 -0.5 -25.6472
      vertex -18.4647 0.5 -25.5945
      vertex -18.4647 -0.5 -25.5945
    endloop
  endfacet
  facet normal 0.629198 0 -0.777245
    outer loop
      vertex -18.4647 0.5 -25.5945
      vertex -18.5298 -0.5 -25.6472
      vertex -18.5298 0.5 -25.6472
    endloop
  endfacet
  facet normal -0.629198 0 -0.777245
    outer loop
      vertex -19.5353 -0.5 -25.5945
      vertex -19.4702 0.5 -25.6472
      vertex -19.4702 -0.5 -25.6472
    endloop
  endfacet
  facet normal -0.629198 0 -0.777245
    outer loop
      vertex -19.4702 0.5 -25.6472
      vertex -19.5353 -0.5 -25.5945
      vertex -19.5353 0.5 -25.5945
    endloop
  endfacet
  facet normal -0.838607 0 0.544736
    outer loop
      vertex -19.6928 -0.5 -24.6
      vertex -19.6472 0.5 -24.5298
      vertex -19.6928 0.5 -24.6
    endloop
  endfacet
  facet normal -0.838607 0 0.544736
    outer loop
      vertex -19.6472 0.5 -24.5298
      vertex -19.6928 -0.5 -24.6
      vertex -19.6472 -0.5 -24.5298
    endloop
  endfacet
  facet normal 0 1 0
    outer loop
      vertex -18.9164 0.5 -24.2044
      vertex -19.0836 0.5 -24.2044
      vertex -19 0.5 -24.2
    endloop
  endfacet
  facet normal 0 1 0
    outer loop
      vertex -18.8337 0.5 -24.2175
      vertex -19.0836 0.5 -24.2044
      vertex -18.9164 0.5 -24.2044
    endloop
  endfacet
  facet normal 0 1 0
    outer loop
      vertex -18.8337 0.5 -24.2175
      vertex -19.1663 0.5 -24.2175
      vertex -19.0836 0.5 -24.2044
    endloop
  endfacet
  facet normal 0 1 0
    outer loop
      vertex -18.7528 0.5 -24.2392
      vertex -19.1663 0.5 -24.2175
      vertex -18.8337 0.5 -24.2175
    endloop
  endfacet
  facet normal 0 1 0
    outer loop
      vertex -18.7528 0.5 -24.2392
      vertex -19.2472 0.5 -24.2392
      vertex -19.1663 0.5 -24.2175
    endloop
  endfacet
  facet normal 0 1 0
    outer loop
      vertex -18.6746 0.5 -24.2692
      vertex -19.2472 0.5 -24.2392
      vertex -18.7528 0.5 -24.2392
    endloop
  endfacet
  facet normal 0 1 0
    outer loop
      vertex -18.6746 0.5 -24.2692
      vertex -19.3254 0.5 -24.2692
      vertex -19.2472 0.5 -24.2392
    endloop
  endfacet
  facet normal 0 1 0
    outer loop
      vertex -18.6 0.5 -24.3072
      vertex -19.3254 0.5 -24.2692
      vertex -18.6746 0.5 -24.2692
    endloop
  endfacet
  facet normal 0 1 0
    outer loop
      vertex -18.6 0.5 -24.3072
      vertex -19.4 0.5 -24.3072
      vertex -19.3254 0.5 -24.2692
    endloop
  endfacet
  facet normal 0 1 0
    outer loop
      vertex -18.5298 0.5 -24.3528
      vertex -19.4 0.5 -24.3072
      vertex -18.6 0.5 -24.3072
    endloop
  endfacet
  facet normal 0 1 0
    outer loop
      vertex -18.5298 0.5 -24.3528
      vertex -19.4702 0.5 -24.3528
      vertex -19.4 0.5 -24.3072
    endloop
  endfacet
  facet normal 0 1 0
    outer loop
      vertex -18.4647 0.5 -24.4055
      vertex -19.4702 0.5 -24.3528
      vertex -18.5298 0.5 -24.3528
    endloop
  endfacet
  facet normal 0 1 0
    outer loop
      vertex -18.4647 0.5 -24.4055
      vertex -19.5353 0.5 -24.4055
      vertex -19.4702 0.5 -24.3528
    endloop
  endfacet
  facet normal 0 1 0
    outer loop
      vertex -18.4055 0.5 -24.4647
      vertex -19.5353 0.5 -24.4055
      vertex -18.4647 0.5 -24.4055
    endloop
  endfacet
  facet normal 0 1 0
    outer loop
      vertex -18.4055 0.5 -24.4647
      vertex -19.5945 0.5 -24.4647
      vertex -19.5353 0.5 -24.4055
    endloop
  endfacet
  facet normal 0 1 0
    outer loop
      vertex -18.3528 0.5 -24.5298
      vertex -19.5945 0.5 -24.4647
      vertex -18.4055 0.5 -24.4647
    endloop
  endfacet
  facet normal 0 1 0
    outer loop
      vertex -18.3528 0.5 -24.5298
      vertex -19.6472 0.5 -24.5298
      vertex -19.5945 0.5 -24.4647
    endloop
  endfacet
  facet normal 0 1 0
    outer loop
      vertex -18.3072 0.5 -24.6
      vertex -19.6472 0.5 -24.5298
      vertex -18.3528 0.5 -24.5298
    endloop
  endfacet
  facet normal 0 1 0
    outer loop
      vertex -18.3072 0.5 -24.6
      vertex -19.6928 0.5 -24.6
      vertex -19.6472 0.5 -24.5298
    endloop
  endfacet
  facet normal 0 1 0
    outer loop
      vertex -18.2692 0.5 -24.6746
      vertex -19.6928 0.5 -24.6
      vertex -18.3072 0.5 -24.6
    endloop
  endfacet
  facet normal 0 1 0
    outer loop
      vertex -18.2692 0.5 -24.6746
      vertex -19.7308 0.5 -24.6746
      vertex -19.6928 0.5 -24.6
    endloop
  endfacet
  facet normal 0 1 0
    outer loop
      vertex -18.2392 0.5 -24.7528
      vertex -19.7308 0.5 -24.6746
      vertex -18.2692 0.5 -24.6746
    endloop
  endfacet
  facet normal 0 1 0
    outer loop
      vertex -18.2392 0.5 -24.7528
      vertex -19.7608 0.5 -24.7528
      vertex -19.7308 0.5 -24.6746
    endloop
  endfacet
  facet normal 0 1 0
    outer loop
      vertex -18.2175 0.5 -24.8337
      vertex -19.7608 0.5 -24.7528
      vertex -18.2392 0.5 -24.7528
    endloop
  endfacet
  facet normal 0 1 0
    outer loop
      vertex -18.2175 0.5 -24.8337
      vertex -19.7825 0.5 -24.8337
      vertex -19.7608 0.5 -24.7528
    endloop
  endfacet
  facet normal 0 1 0
    outer loop
      vertex -18.2044 0.5 -24.9164
      vertex -19.7825 0.5 -24.8337
      vertex -18.2175 0.5 -24.8337
    endloop
  endfacet
  facet normal 0 1 0
    outer loop
      vertex -18.2044 0.5 -24.9164
      vertex -19.7956 0.5 -24.9164
      vertex -19.7825 0.5 -24.8337
    endloop
  endfacet
  facet normal 0 1 0
    outer loop
      vertex -18.2 0.5 -25
      vertex -19.7956 0.5 -24.9164
      vertex -18.2044 0.5 -24.9164
    endloop
  endfacet
  facet normal 0 1 0
    outer loop
      vertex -18.2 0.5 -25
      vertex -19.8 0.5 -25
      vertex -19.7956 0.5 -24.9164
    endloop
  endfacet
  facet normal 0 1 -0
    outer loop
      vertex -18.2044 0.5 -25.0836
      vertex -19.8 0.5 -25
      vertex -18.2 0.5 -25
    endloop
  endfacet
  facet normal 0 1 0
    outer loop
      vertex -18.2044 0.5 -25.0836
      vertex -19.7956 0.5 -25.0836
      vertex -19.8 0.5 -25
    endloop
  endfacet
  facet normal 0 1 -0
    outer loop
      vertex -18.2175 0.5 -25.1663
      vertex -19.7956 0.5 -25.0836
      vertex -18.2044 0.5 -25.0836
    endloop
  endfacet
  facet normal 0 1 0
    outer loop
      vertex -18.2175 0.5 -25.1663
      vertex -19.7825 0.5 -25.1663
      vertex -19.7956 0.5 -25.0836
    endloop
  endfacet
  facet normal 0 1 -0
    outer loop
      vertex -18.2392 0.5 -25.2472
      vertex -19.7825 0.5 -25.1663
      vertex -18.2175 0.5 -25.1663
    endloop
  endfacet
  facet normal 0 1 0
    outer loop
      vertex -18.2392 0.5 -25.2472
      vertex -19.7608 0.5 -25.2472
      vertex -19.7825 0.5 -25.1663
    endloop
  endfacet
  facet normal 0 1 -0
    outer loop
      vertex -18.2692 0.5 -25.3254
      vertex -19.7608 0.5 -25.2472
      vertex -18.2392 0.5 -25.2472
    endloop
  endfacet
  facet normal 0 1 0
    outer loop
      vertex -18.2692 0.5 -25.3254
      vertex -19.7308 0.5 -25.3254
      vertex -19.7608 0.5 -25.2472
    endloop
  endfacet
  facet normal 0 1 -0
    outer loop
      vertex -18.3072 0.5 -25.4
      vertex -19.7308 0.5 -25.3254
      vertex -18.2692 0.5 -25.3254
    endloop
  endfacet
  facet normal 0 1 0
    outer loop
      vertex -18.3072 0.5 -25.4
      vertex -19.6928 0.5 -25.4
      vertex -19.7308 0.5 -25.3254
    endloop
  endfacet
  facet normal 0 1 -0
    outer loop
      vertex -18.3528 0.5 -25.4702
      vertex -19.6928 0.5 -25.4
      vertex -18.3072 0.5 -25.4
    endloop
  endfacet
  facet normal 0 1 0
    outer loop
      vertex -18.3528 0.5 -25.4702
      vertex -19.6472 0.5 -25.4702
      vertex -19.6928 0.5 -25.4
    endloop
  endfacet
  facet normal 0 1 -0
    outer loop
      vertex -18.4055 0.5 -25.5353
      vertex -19.6472 0.5 -25.4702
      vertex -18.3528 0.5 -25.4702
    endloop
  endfacet
  facet normal 0 1 0
    outer loop
      vertex -18.4055 0.5 -25.5353
      vertex -19.5945 0.5 -25.5353
      vertex -19.6472 0.5 -25.4702
    endloop
  endfacet
  facet normal 0 1 -0
    outer loop
      vertex -18.4647 0.5 -25.5945
      vertex -19.5945 0.5 -25.5353
      vertex -18.4055 0.5 -25.5353
    endloop
  endfacet
  facet normal 0 1 0
    outer loop
      vertex -18.4647 0.5 -25.5945
      vertex -19.5353 0.5 -25.5945
      vertex -19.5945 0.5 -25.5353
    endloop
  endfacet
  facet normal 0 1 -0
    outer loop
      vertex -18.5298 0.5 -25.6472
      vertex -19.5353 0.5 -25.5945
      vertex -18.4647 0.5 -25.5945
    endloop
  endfacet
  facet normal 0 1 0
    outer loop
      vertex -18.5298 0.5 -25.6472
      vertex -19.4702 0.5 -25.6472
      vertex -19.5353 0.5 -25.5945
    endloop
  endfacet
  facet normal 0 1 -0
    outer loop
      vertex -18.6 0.5 -25.6928
      vertex -19.4702 0.5 -25.6472
      vertex -18.5298 0.5 -25.6472
    endloop
  endfacet
  facet normal 0 1 0
    outer loop
      vertex -18.6 0.5 -25.6928
      vertex -19.4 0.5 -25.6928
      vertex -19.4702 0.5 -25.6472
    endloop
  endfacet
  facet normal 0 1 -0
    outer loop
      vertex -18.6746 0.5 -25.7308
      vertex -19.4 0.5 -25.6928
      vertex -18.6 0.5 -25.6928
    endloop
  endfacet
  facet normal 0 1 0
    outer loop
      vertex -18.6746 0.5 -25.7308
      vertex -19.3254 0.5 -25.7308
      vertex -19.4 0.5 -25.6928
    endloop
  endfacet
  facet normal 0 1 -0
    outer loop
      vertex -18.7528 0.5 -25.7608
      vertex -19.3254 0.5 -25.7308
      vertex -18.6746 0.5 -25.7308
    endloop
  endfacet
  facet normal 0 1 0
    outer loop
      vertex -18.7528 0.5 -25.7608
      vertex -19.2472 0.5 -25.7608
      vertex -19.3254 0.5 -25.7308
    endloop
  endfacet
  facet normal 0 1 -0
    outer loop
      vertex -18.8337 0.5 -25.7825
      vertex -19.2472 0.5 -25.7608
      vertex -18.7528 0.5 -25.7608
    endloop
  endfacet
  facet normal 0 1 0
    outer loop
      vertex -18.8337 0.5 -25.7825
      vertex -19.1663 0.5 -25.7825
      vertex -19.2472 0.5 -25.7608
    endloop
  endfacet
  facet normal 0 1 -0
    outer loop
      vertex -18.9164 0.5 -25.7956
      vertex -19.1663 0.5 -25.7825
      vertex -18.8337 0.5 -25.7825
    endloop
  endfacet
  facet normal 0 1 0
    outer loop
      vertex -18.9164 0.5 -25.7956
      vertex -19.0836 0.5 -25.7956
      vertex -19.1663 0.5 -25.7825
    endloop
  endfacet
  facet normal -0 1 0
    outer loop
      vertex -19.0836 0.5 -25.7956
      vertex -18.9164 0.5 -25.7956
      vertex -19 0.5 -25.8
    endloop
  endfacet
  facet normal 1 -0 0
    outer loop
      vertex -18.2 -0.4 0
      vertex -18.2 0.4 -5.38643
      vertex -18.2 0.4 0
    endloop
  endfacet
  facet normal 1 0 0
    outer loop
      vertex -18.2 0.4 -5.38643
      vertex -18.2 -0.4 0
      vertex -18.2 -0.4 -5.38643
    endloop
  endfacet
  facet normal 1 -0 0
    outer loop
      vertex -18.2 -0.4 -12.3128
      vertex -18.2 0.4 -25
      vertex -18.2 0.4 -12.3128
    endloop
  endfacet
  facet normal 1 0 0
    outer loop
      vertex -18.2 0.4 -25
      vertex -18.2 -0.4 -12.3128
      vertex -18.2 -0.4 -25
    endloop
  endfacet
  facet normal -0 0 1
    outer loop
      vertex -19 0.4 0
      vertex -18.2 -0.4 0
      vertex -18.2 0.4 0
    endloop
  endfacet
  facet normal 0 0 1
    outer loop
      vertex -18.2 -0.4 0
      vertex -19 0.4 0
      vertex -19 -0.4 0
    endloop
  endfacet
  facet normal -1 0 0
    outer loop
      vertex -19 -0.4 -24.2
      vertex -19 0.4 -11.0809
      vertex -19 0.4 -24.2
    endloop
  endfacet
  facet normal -1 -0 0
    outer loop
      vertex -19 0.4 -11.0809
      vertex -19 -0.4 -24.2
      vertex -19 -0.4 -11.0809
    endloop
  endfacet
  facet normal 0 1 0
    outer loop
      vertex -18.2 0.4 0
      vertex -18.8959 0.4 -1.98604
      vertex -19 0.4 0
    endloop
  endfacet
  facet normal 0 1 0
    outer loop
      vertex -18.2 0.4 0
      vertex -18.5848 0.4 -3.95032
      vertex -18.8959 0.4 -1.98604
    endloop
  endfacet
  facet normal -0 1 0
    outer loop
      vertex -18.5848 0.4 -3.95032
      vertex -18.2 0.4 0
      vertex -18.2 0.4 -5.38643
    endloop
  endfacet
  facet normal 0 1 0
    outer loop
      vertex -18.2 0.4 -12.3128
      vertex -19 0.4 -24.2
      vertex -19 0.4 -11.0809
    endloop
  endfacet
  facet normal 0 1 0
    outer loop
      vertex -18.2 0.4 -12.3128
      vertex -18.9164 0.4 -24.2044
      vertex -19 0.4 -24.2
    endloop
  endfacet
  facet normal 0 1 0
    outer loop
      vertex -18.2 0.4 -12.3128
      vertex -18.8337 0.4 -24.2175
      vertex -18.9164 0.4 -24.2044
    endloop
  endfacet
  facet normal 0 1 0
    outer loop
      vertex -18.2 0.4 -12.3128
      vertex -18.7528 0.4 -24.2392
      vertex -18.8337 0.4 -24.2175
    endloop
  endfacet
  facet normal 0 1 0
    outer loop
      vertex -18.2 0.4 -12.3128
      vertex -18.6746 0.4 -24.2692
      vertex -18.7528 0.4 -24.2392
    endloop
  endfacet
  facet normal 0 1 0
    outer loop
      vertex -18.2 0.4 -12.3128
      vertex -18.6 0.4 -24.3072
      vertex -18.6746 0.4 -24.2692
    endloop
  endfacet
  facet normal 0 1 0
    outer loop
      vertex -18.2 0.4 -12.3128
      vertex -18.5298 0.4 -24.3528
      vertex -18.6 0.4 -24.3072
    endloop
  endfacet
  facet normal 0 1 0
    outer loop
      vertex -18.2 0.4 -12.3128
      vertex -18.4647 0.4 -24.4055
      vertex -18.5298 0.4 -24.3528
    endloop
  endfacet
  facet normal 0 1 0
    outer loop
      vertex -18.2 0.4 -12.3128
      vertex -18.4055 0.4 -24.4647
      vertex -18.4647 0.4 -24.4055
    endloop
  endfacet
  facet normal 0 1 0
    outer loop
      vertex -18.2 0.4 -12.3128
      vertex -18.3528 0.4 -24.5298
      vertex -18.4055 0.4 -24.4647
    endloop
  endfacet
  facet normal 0 1 0
    outer loop
      vertex -18.2 0.4 -12.3128
      vertex -18.3072 0.4 -24.6
      vertex -18.3528 0.4 -24.5298
    endloop
  endfacet
  facet normal 0 1 0
    outer loop
      vertex -18.2 0.4 -12.3128
      vertex -18.2692 0.4 -24.6746
      vertex -18.3072 0.4 -24.6
    endloop
  endfacet
  facet normal 0 1 0
    outer loop
      vertex -18.2 0.4 -12.3128
      vertex -18.2392 0.4 -24.7528
      vertex -18.2692 0.4 -24.6746
    endloop
  endfacet
  facet normal 0 1 0
    outer loop
      vertex -18.2 0.4 -12.3128
      vertex -18.2175 0.4 -24.8337
      vertex -18.2392 0.4 -24.7528
    endloop
  endfacet
  facet normal 0 1 0
    outer loop
      vertex -18.2 0.4 -12.3128
      vertex -18.2044 0.4 -24.9164
      vertex -18.2175 0.4 -24.8337
    endloop
  endfacet
  facet normal -0 1 0
    outer loop
      vertex -18.2044 0.4 -24.9164
      vertex -18.2 0.4 -12.3128
      vertex -18.2 0.4 -25
    endloop
  endfacet
  facet normal 0 -1 0
    outer loop
      vertex -18.8959 -0.4 -1.98604
      vertex -18.2 -0.4 0
      vertex -19 -0.4 0
    endloop
  endfacet
  facet normal 0 -1 0
    outer loop
      vertex -18.5848 -0.4 -3.95032
      vertex -18.2 -0.4 0
      vertex -18.8959 -0.4 -1.98604
    endloop
  endfacet
  facet normal 0 -1 -0
    outer loop
      vertex -18.2 -0.4 0
      vertex -18.5848 -0.4 -3.95032
      vertex -18.2 -0.4 -5.38643
    endloop
  endfacet
  facet normal 0 -1 0
    outer loop
      vertex -19 -0.4 -24.2
      vertex -18.2 -0.4 -12.3128
      vertex -19 -0.4 -11.0809
    endloop
  endfacet
  facet normal 0 -1 0
    outer loop
      vertex -18.9164 -0.4 -24.2044
      vertex -18.2 -0.4 -12.3128
      vertex -19 -0.4 -24.2
    endloop
  endfacet
  facet normal 0 -1 0
    outer loop
      vertex -18.8337 -0.4 -24.2175
      vertex -18.2 -0.4 -12.3128
      vertex -18.9164 -0.4 -24.2044
    endloop
  endfacet
  facet normal 0 -1 0
    outer loop
      vertex -18.7528 -0.4 -24.2392
      vertex -18.2 -0.4 -12.3128
      vertex -18.8337 -0.4 -24.2175
    endloop
  endfacet
  facet normal 0 -1 0
    outer loop
      vertex -18.6746 -0.4 -24.2692
      vertex -18.2 -0.4 -12.3128
      vertex -18.7528 -0.4 -24.2392
    endloop
  endfacet
  facet normal 0 -1 0
    outer loop
      vertex -18.6 -0.4 -24.3072
      vertex -18.2 -0.4 -12.3128
      vertex -18.6746 -0.4 -24.2692
    endloop
  endfacet
  facet normal 0 -1 0
    outer loop
      vertex -18.5298 -0.4 -24.3528
      vertex -18.2 -0.4 -12.3128
      vertex -18.6 -0.4 -24.3072
    endloop
  endfacet
  facet normal 0 -1 0
    outer loop
      vertex -18.4647 -0.4 -24.4055
      vertex -18.2 -0.4 -12.3128
      vertex -18.5298 -0.4 -24.3528
    endloop
  endfacet
  facet normal 0 -1 0
    outer loop
      vertex -18.4055 -0.4 -24.4647
      vertex -18.2 -0.4 -12.3128
      vertex -18.4647 -0.4 -24.4055
    endloop
  endfacet
  facet normal 0 -1 0
    outer loop
      vertex -18.3528 -0.4 -24.5298
      vertex -18.2 -0.4 -12.3128
      vertex -18.4055 -0.4 -24.4647
    endloop
  endfacet
  facet normal 0 -1 0
    outer loop
      vertex -18.3072 -0.4 -24.6
      vertex -18.2 -0.4 -12.3128
      vertex -18.3528 -0.4 -24.5298
    endloop
  endfacet
  facet normal 0 -1 0
    outer loop
      vertex -18.2692 -0.4 -24.6746
      vertex -18.2 -0.4 -12.3128
      vertex -18.3072 -0.4 -24.6
    endloop
  endfacet
  facet normal 0 -1 0
    outer loop
      vertex -18.2392 -0.4 -24.7528
      vertex -18.2 -0.4 -12.3128
      vertex -18.2692 -0.4 -24.6746
    endloop
  endfacet
  facet normal 0 -1 0
    outer loop
      vertex -18.2175 -0.4 -24.8337
      vertex -18.2 -0.4 -12.3128
      vertex -18.2392 -0.4 -24.7528
    endloop
  endfacet
  facet normal 0 -1 0
    outer loop
      vertex -18.2044 -0.4 -24.9164
      vertex -18.2 -0.4 -12.3128
      vertex -18.2175 -0.4 -24.8337
    endloop
  endfacet
  facet normal 0 -1 -0
    outer loop
      vertex -18.2 -0.4 -12.3128
      vertex -18.2044 -0.4 -24.9164
      vertex -18.2 -0.4 -25
    endloop
  endfacet
  facet normal 1 -0 0
    outer loop
      vertex 19.8 -0.4 -9.53306
      vertex 19.8 0.4 -25
      vertex 19.8 0.4 -9.53306
    endloop
  endfacet
  facet normal 1 0 0
    outer loop
      vertex 19.8 0.4 -25
      vertex 19.8 -0.4 -9.53306
      vertex 19.8 -0.4 -25
    endloop
  endfacet
  facet normal 0 0 -1
    outer loop
      vertex 19 -0.4 -25
      vertex 19.8 0.4 -25
      vertex 19.8 -0.4 -25
    endloop
  endfacet
  facet normal -0 0 -1
    outer loop
      vertex 19.8 0.4 -25
      vertex 19 -0.4 -25
      vertex 19 0.4 -25
    endloop
  endfacet
  facet normal -1 0 0
    outer loop
      vertex 19 -0.4 -25
      vertex 19 0.4 -11.0809
      vertex 19 0.4 -25
    endloop
  endfacet
  facet normal -1 -0 0
    outer loop
      vertex 19 0.4 -11.0809
      vertex 19 -0.4 -25
      vertex 19 -0.4 -11.0809
    endloop
  endfacet
  facet normal 0 1 -0
    outer loop
      vertex 19.8 0.4 -25
      vertex 19.0526 0.4 -11
      vertex 19.8 0.4 -9.53306
    endloop
  endfacet
  facet normal 0 1 0
    outer loop
      vertex 19.8 0.4 -25
      vertex 19 0.4 -11.0809
      vertex 19.0526 0.4 -11
    endloop
  endfacet
  facet normal 0 1 0
    outer loop
      vertex 19 0.4 -11.0809
      vertex 19.8 0.4 -25
      vertex 19 0.4 -25
    endloop
  endfacet
  facet normal 0 -1 0
    outer loop
      vertex 19.8 -0.4 -25
      vertex 19 -0.4 -11.0809
      vertex 19 -0.4 -25
    endloop
  endfacet
  facet normal 0 -1 0
    outer loop
      vertex 19 -0.4 -11.0809
      vertex 19.8 -0.4 -25
      vertex 19.0526 -0.4 -11
    endloop
  endfacet
  facet normal 0 -1 0
    outer loop
      vertex 19.0526 -0.4 -11
      vertex 19.8 -0.4 -25
      vertex 19.8 -0.4 -9.53306
    endloop
  endfacet
  facet normal -0.99863 0 -0.0523302
    outer loop
      vertex -3.97809 -7 -0.418114
      vertex -4 -4 0
      vertex -3.97809 -4 -0.418114
    endloop
  endfacet
  facet normal -0.99863 -0 -0.0523302
    outer loop
      vertex -4 -4 0
      vertex -3.97809 -7 -0.418114
      vertex -4 -7 0
    endloop
  endfacet
  facet normal -0.99863 0 -0.0523302
    outer loop
      vertex -3.97809 4 -0.418114
      vertex -4 7 0
      vertex -3.97809 7 -0.418114
    endloop
  endfacet
  facet normal -0.99863 -0 -0.0523302
    outer loop
      vertex -4 7 0
      vertex -3.97809 4 -0.418114
      vertex -4 4 0
    endloop
  endfacet
  facet normal -0.99863 0 -0.0523302
    outer loop
      vertex -3.97809 -2 -0.418114
      vertex -4 2 0
      vertex -3.97809 2 -0.418114
    endloop
  endfacet
  facet normal -0.99863 -0 -0.0523302
    outer loop
      vertex -4 2 0
      vertex -3.97809 -2 -0.418114
      vertex -4 -2 0
    endloop
  endfacet
  facet normal 0.987687 0 -0.156441
    outer loop
      vertex 3.97809 -7 -0.418114
      vertex 3.91259 -4 -0.831646
      vertex 3.97809 -4 -0.418114
    endloop
  endfacet
  facet normal 0.987687 0 -0.156441
    outer loop
      vertex 3.91259 -4 -0.831646
      vertex 3.97809 -7 -0.418114
      vertex 3.91259 -7 -0.831646
    endloop
  endfacet
  facet normal 0.987687 0 -0.156441
    outer loop
      vertex 3.97809 4 -0.418114
      vertex 3.91259 7 -0.831646
      vertex 3.97809 7 -0.418114
    endloop
  endfacet
  facet normal 0.987687 0 -0.156441
    outer loop
      vertex 3.91259 7 -0.831646
      vertex 3.97809 4 -0.418114
      vertex 3.91259 4 -0.831646
    endloop
  endfacet
  facet normal 0.987687 0 -0.156441
    outer loop
      vertex 3.97809 -2 -0.418114
      vertex 3.91259 2 -0.831646
      vertex 3.97809 2 -0.418114
    endloop
  endfacet
  facet normal 0.987687 0 -0.156441
    outer loop
      vertex 3.91259 2 -0.831646
      vertex 3.97809 -2 -0.418114
      vertex 3.91259 -2 -0.831646
    endloop
  endfacet
  facet normal -0.99863 0 0.0523302
    outer loop
      vertex -4 -7 0
      vertex -3.97809 -4 0.418114
      vertex -4 -4 0
    endloop
  endfacet
  facet normal -0.99863 0 0.0523302
    outer loop
      vertex -3.97809 -4 0.418114
      vertex -4 -7 0
      vertex -3.97809 -7 0.418114
    endloop
  endfacet
  facet normal -0.99863 0 0.0523302
    outer loop
      vertex -4 4 0
      vertex -3.97809 7 0.418114
      vertex -4 7 0
    endloop
  endfacet
  facet normal -0.99863 0 0.0523302
    outer loop
      vertex -3.97809 7 0.418114
      vertex -4 4 0
      vertex -3.97809 4 0.418114
    endloop
  endfacet
  facet normal -0.99863 0 0.0523302
    outer loop
      vertex -4 -2 0
      vertex -3.97809 2 0.418114
      vertex -4 2 0
    endloop
  endfacet
  facet normal -0.99863 0 0.0523302
    outer loop
      vertex -3.97809 2 0.418114
      vertex -4 -2 0
      vertex -3.97809 -2 0.418114
    endloop
  endfacet
  facet normal 0.629324 0 0.777143
    outer loop
      vertex 2.35114 -4 3.23607
      vertex 2.67652 -7 2.97258
      vertex 2.67652 -4 2.97258
    endloop
  endfacet
  facet normal 0.629324 0 0.777143
    outer loop
      vertex 2.67652 -7 2.97258
      vertex 2.35114 -4 3.23607
      vertex 2.35114 -7 3.23607
    endloop
  endfacet
  facet normal 0.629324 0 0.777143
    outer loop
      vertex 2.35114 7 3.23607
      vertex 2.67652 4 2.97258
      vertex 2.67652 7 2.97258
    endloop
  endfacet
  facet normal 0.629324 0 0.777143
    outer loop
      vertex 2.67652 4 2.97258
      vertex 2.35114 7 3.23607
      vertex 2.35114 4 3.23607
    endloop
  endfacet
  facet normal 0.629324 0 0.777143
    outer loop
      vertex 2.35114 2 3.23607
      vertex 2.67652 -2 2.97258
      vertex 2.67652 2 2.97258
    endloop
  endfacet
  facet normal 0.629324 0 0.777143
    outer loop
      vertex 2.67652 -2 2.97258
      vertex 2.35114 2 3.23607
      vertex 2.35114 -2 3.23607
    endloop
  endfacet
  facet normal 0.544634 0 0.838674
    outer loop
      vertex 2 7 3.4641
      vertex 2.35114 4 3.23607
      vertex 2.35114 7 3.23607
    endloop
  endfacet
  facet normal 0.544634 0 0.838674
    outer loop
      vertex 2.35114 4 3.23607
      vertex 2 7 3.4641
      vertex 2 4 3.4641
    endloop
  endfacet
  facet normal 0.544634 0 0.838674
    outer loop
      vertex 2 -4 3.4641
      vertex 2.35114 -7 3.23607
      vertex 2.35114 -4 3.23607
    endloop
  endfacet
  facet normal 0.544634 0 0.838674
    outer loop
      vertex 2.35114 -7 3.23607
      vertex 2 -4 3.4641
      vertex 2 -7 3.4641
    endloop
  endfacet
  facet normal 0.544634 0 0.838674
    outer loop
      vertex 2 2 3.4641
      vertex 2.35114 -2 3.23607
      vertex 2.35114 2 3.23607
    endloop
  endfacet
  facet normal 0.544634 0 0.838674
    outer loop
      vertex 2.35114 -2 3.23607
      vertex 2 2 3.4641
      vertex 2 -2 3.4641
    endloop
  endfacet
  facet normal -0.707107 0 -0.707107
    outer loop
      vertex -2.67652 -7 -2.97258
      vertex -2.97258 -4 -2.67652
      vertex -2.67652 -4 -2.97258
    endloop
  endfacet
  facet normal -0.707107 -0 -0.707107
    outer loop
      vertex -2.97258 -4 -2.67652
      vertex -2.67652 -7 -2.97258
      vertex -2.97258 -7 -2.67652
    endloop
  endfacet
  facet normal -0.707107 0 -0.707107
    outer loop
      vertex -2.67652 4 -2.97258
      vertex -2.97258 7 -2.67652
      vertex -2.67652 7 -2.97258
    endloop
  endfacet
  facet normal -0.707107 -0 -0.707107
    outer loop
      vertex -2.97258 7 -2.67652
      vertex -2.67652 4 -2.97258
      vertex -2.97258 4 -2.67652
    endloop
  endfacet
  facet normal -0.707107 0 -0.707107
    outer loop
      vertex -2.67652 -2 -2.97258
      vertex -2.97258 2 -2.67652
      vertex -2.67652 2 -2.97258
    endloop
  endfacet
  facet normal -0.707107 -0 -0.707107
    outer loop
      vertex -2.97258 2 -2.67652
      vertex -2.67652 -2 -2.97258
      vertex -2.97258 -2 -2.67652
    endloop
  endfacet
  facet normal -0.933576 0 -0.358379
    outer loop
      vertex -3.65418 -7 -1.62695
      vertex -3.80423 -4 -1.23607
      vertex -3.65418 -4 -1.62695
    endloop
  endfacet
  facet normal -0.933576 -0 -0.358379
    outer loop
      vertex -3.80423 -4 -1.23607
      vertex -3.65418 -7 -1.62695
      vertex -3.80423 -7 -1.23607
    endloop
  endfacet
  facet normal -0.933576 0 -0.358379
    outer loop
      vertex -3.65418 4 -1.62695
      vertex -3.80423 7 -1.23607
      vertex -3.65418 7 -1.62695
    endloop
  endfacet
  facet normal -0.933576 -0 -0.358379
    outer loop
      vertex -3.80423 7 -1.23607
      vertex -3.65418 4 -1.62695
      vertex -3.80423 4 -1.23607
    endloop
  endfacet
  facet normal -0.933576 0 -0.358379
    outer loop
      vertex -3.65418 -2 -1.62695
      vertex -3.80423 2 -1.23607
      vertex -3.65418 2 -1.62695
    endloop
  endfacet
  facet normal -0.933576 -0 -0.358379
    outer loop
      vertex -3.80423 2 -1.23607
      vertex -3.65418 -2 -1.62695
      vertex -3.80423 -2 -1.23607
    endloop
  endfacet
  facet normal -0.933576 0 0.358379
    outer loop
      vertex -3.80423 -7 1.23607
      vertex -3.65418 -4 1.62695
      vertex -3.80423 -4 1.23607
    endloop
  endfacet
  facet normal -0.933576 0 0.358379
    outer loop
      vertex -3.65418 -4 1.62695
      vertex -3.80423 -7 1.23607
      vertex -3.65418 -7 1.62695
    endloop
  endfacet
  facet normal -0.933576 0 0.358379
    outer loop
      vertex -3.80423 4 1.23607
      vertex -3.65418 7 1.62695
      vertex -3.80423 7 1.23607
    endloop
  endfacet
  facet normal -0.933576 0 0.358379
    outer loop
      vertex -3.65418 7 1.62695
      vertex -3.80423 4 1.23607
      vertex -3.65418 4 1.62695
    endloop
  endfacet
  facet normal -0.933576 0 0.358379
    outer loop
      vertex -3.80423 -2 1.23607
      vertex -3.65418 2 1.62695
      vertex -3.80423 2 1.23607
    endloop
  endfacet
  facet normal -0.933576 0 0.358379
    outer loop
      vertex -3.65418 2 1.62695
      vertex -3.80423 -2 1.23607
      vertex -3.65418 -2 1.62695
    endloop
  endfacet
  facet normal 0.965929 -0 0.258808
    outer loop
      vertex 3.80423 -7 1.23607
      vertex 3.91259 -4 0.831646
      vertex 3.80423 -4 1.23607
    endloop
  endfacet
  facet normal 0.965929 0 0.258808
    outer loop
      vertex 3.91259 -4 0.831646
      vertex 3.80423 -7 1.23607
      vertex 3.91259 -7 0.831646
    endloop
  endfacet
  facet normal 0.965929 -0 0.258808
    outer loop
      vertex 3.80423 4 1.23607
      vertex 3.91259 7 0.831646
      vertex 3.80423 7 1.23607
    endloop
  endfacet
  facet normal 0.965929 0 0.258808
    outer loop
      vertex 3.91259 7 0.831646
      vertex 3.80423 4 1.23607
      vertex 3.91259 4 0.831646
    endloop
  endfacet
  facet normal 0.965929 -0 0.258808
    outer loop
      vertex 3.80423 -2 1.23607
      vertex 3.91259 2 0.831646
      vertex 3.80423 2 1.23607
    endloop
  endfacet
  facet normal 0.965929 0 0.258808
    outer loop
      vertex 3.91259 2 0.831646
      vertex 3.80423 -2 1.23607
      vertex 3.91259 -2 0.831646
    endloop
  endfacet
  facet normal -0.0523302 0 0.99863
    outer loop
      vertex -0.418114 -4 3.97809
      vertex 0 -7 4
      vertex 0 -4 4
    endloop
  endfacet
  facet normal -0.0523302 0 0.99863
    outer loop
      vertex 0 -7 4
      vertex -0.418114 -4 3.97809
      vertex -0.418114 -7 3.97809
    endloop
  endfacet
  facet normal -0.0523302 0 0.99863
    outer loop
      vertex -0.418114 7 3.97809
      vertex 0 4 4
      vertex 0 7 4
    endloop
  endfacet
  facet normal -0.0523302 0 0.99863
    outer loop
      vertex 0 4 4
      vertex -0.418114 7 3.97809
      vertex -0.418114 4 3.97809
    endloop
  endfacet
  facet normal -0.0523302 0 0.99863
    outer loop
      vertex -0.418114 2 3.97809
      vertex 0 -2 4
      vertex 0 2 4
    endloop
  endfacet
  facet normal -0.0523302 0 0.99863
    outer loop
      vertex 0 -2 4
      vertex -0.418114 2 3.97809
      vertex -0.418114 -2 3.97809
    endloop
  endfacet
  facet normal 0.629324 0 -0.777143
    outer loop
      vertex 2.35114 -7 -3.23607
      vertex 2.67652 -4 -2.97258
      vertex 2.67652 -7 -2.97258
    endloop
  endfacet
  facet normal 0.629324 0 -0.777143
    outer loop
      vertex 2.67652 -4 -2.97258
      vertex 2.35114 -7 -3.23607
      vertex 2.35114 -4 -3.23607
    endloop
  endfacet
  facet normal 0.629324 0 -0.777143
    outer loop
      vertex 2.35114 4 -3.23607
      vertex 2.67652 7 -2.97258
      vertex 2.67652 4 -2.97258
    endloop
  endfacet
  facet normal 0.629324 0 -0.777143
    outer loop
      vertex 2.67652 7 -2.97258
      vertex 2.35114 4 -3.23607
      vertex 2.35114 7 -3.23607
    endloop
  endfacet
  facet normal 0.629324 0 -0.777143
    outer loop
      vertex 2.35114 -2 -3.23607
      vertex 2.67652 2 -2.97258
      vertex 2.67652 -2 -2.97258
    endloop
  endfacet
  facet normal 0.629324 0 -0.777143
    outer loop
      vertex 2.67652 2 -2.97258
      vertex 2.35114 -2 -3.23607
      vertex 2.35114 2 -3.23607
    endloop
  endfacet
  facet normal 0.965929 0 -0.258808
    outer loop
      vertex 3.91259 -7 -0.831646
      vertex 3.80423 -4 -1.23607
      vertex 3.91259 -4 -0.831646
    endloop
  endfacet
  facet normal 0.965929 0 -0.258808
    outer loop
      vertex 3.80423 -4 -1.23607
      vertex 3.91259 -7 -0.831646
      vertex 3.80423 -7 -1.23607
    endloop
  endfacet
  facet normal 0.965929 0 -0.258808
    outer loop
      vertex 3.91259 4 -0.831646
      vertex 3.80423 7 -1.23607
      vertex 3.91259 7 -0.831646
    endloop
  endfacet
  facet normal 0.965929 0 -0.258808
    outer loop
      vertex 3.80423 7 -1.23607
      vertex 3.91259 4 -0.831646
      vertex 3.80423 4 -1.23607
    endloop
  endfacet
  facet normal 0.965929 0 -0.258808
    outer loop
      vertex 3.91259 -2 -0.831646
      vertex 3.80423 2 -1.23607
      vertex 3.91259 2 -0.831646
    endloop
  endfacet
  facet normal 0.965929 0 -0.258808
    outer loop
      vertex 3.80423 2 -1.23607
      vertex 3.91259 -2 -0.831646
      vertex 3.80423 -2 -1.23607
    endloop
  endfacet
  facet normal 0.933576 -0 0.358379
    outer loop
      vertex 3.65418 -7 1.62695
      vertex 3.80423 -4 1.23607
      vertex 3.65418 -4 1.62695
    endloop
  endfacet
  facet normal 0.933576 0 0.358379
    outer loop
      vertex 3.80423 -4 1.23607
      vertex 3.65418 -7 1.62695
      vertex 3.80423 -7 1.23607
    endloop
  endfacet
  facet normal 0.933576 -0 0.358379
    outer loop
      vertex 3.65418 4 1.62695
      vertex 3.80423 7 1.23607
      vertex 3.65418 7 1.62695
    endloop
  endfacet
  facet normal 0.933576 0 0.358379
    outer loop
      vertex 3.80423 7 1.23607
      vertex 3.65418 4 1.62695
      vertex 3.80423 4 1.23607
    endloop
  endfacet
  facet normal 0.933576 -0 0.358379
    outer loop
      vertex 3.65418 -2 1.62695
      vertex 3.80423 2 1.23607
      vertex 3.65418 2 1.62695
    endloop
  endfacet
  facet normal 0.933576 0 0.358379
    outer loop
      vertex 3.80423 2 1.23607
      vertex 3.65418 -2 1.62695
      vertex 3.80423 -2 1.23607
    endloop
  endfacet
  facet normal 0.156441 0 -0.987687
    outer loop
      vertex 0.418114 -7 -3.97809
      vertex 0.831646 -4 -3.91259
      vertex 0.831646 -7 -3.91259
    endloop
  endfacet
  facet normal 0.156441 0 -0.987687
    outer loop
      vertex 0.831646 -4 -3.91259
      vertex 0.418114 -7 -3.97809
      vertex 0.418114 -4 -3.97809
    endloop
  endfacet
  facet normal 0.156441 0 -0.987687
    outer loop
      vertex 0.418114 4 -3.97809
      vertex 0.831646 7 -3.91259
      vertex 0.831646 4 -3.91259
    endloop
  endfacet
  facet normal 0.156441 0 -0.987687
    outer loop
      vertex 0.831646 7 -3.91259
      vertex 0.418114 4 -3.97809
      vertex 0.418114 7 -3.97809
    endloop
  endfacet
  facet normal 0.156441 0 -0.987687
    outer loop
      vertex 0.418114 -2 -3.97809
      vertex 0.831646 2 -3.91259
      vertex 0.831646 -2 -3.91259
    endloop
  endfacet
  facet normal 0.156441 0 -0.987687
    outer loop
      vertex 0.831646 2 -3.91259
      vertex 0.418114 -2 -3.97809
      vertex 0.418114 2 -3.97809
    endloop
  endfacet
  facet normal 0.156441 0 0.987687
    outer loop
      vertex 0.418114 -4 3.97809
      vertex 0.831646 -7 3.91259
      vertex 0.831646 -4 3.91259
    endloop
  endfacet
  facet normal 0.156441 0 0.987687
    outer loop
      vertex 0.831646 -7 3.91259
      vertex 0.418114 -4 3.97809
      vertex 0.418114 -7 3.97809
    endloop
  endfacet
  facet normal 0.156441 0 0.987687
    outer loop
      vertex 0.418114 7 3.97809
      vertex 0.831646 4 3.91259
      vertex 0.831646 7 3.91259
    endloop
  endfacet
  facet normal 0.156441 0 0.987687
    outer loop
      vertex 0.831646 4 3.91259
      vertex 0.418114 7 3.97809
      vertex 0.418114 4 3.97809
    endloop
  endfacet
  facet normal 0.156441 0 0.987687
    outer loop
      vertex 0.418114 2 3.97809
      vertex 0.831646 -2 3.91259
      vertex 0.831646 2 3.91259
    endloop
  endfacet
  facet normal 0.156441 0 0.987687
    outer loop
      vertex 0.831646 -2 3.91259
      vertex 0.418114 2 3.97809
      vertex 0.418114 -2 3.97809
    endloop
  endfacet
  facet normal -0.891005 0 0.453993
    outer loop
      vertex -3.65418 4 1.62695
      vertex -3.4641 7 2
      vertex -3.65418 7 1.62695
    endloop
  endfacet
  facet normal -0.891005 0 0.453993
    outer loop
      vertex -3.4641 7 2
      vertex -3.65418 4 1.62695
      vertex -3.4641 4 2
    endloop
  endfacet
  facet normal -0.891005 0 0.453993
    outer loop
      vertex -3.65418 -7 1.62695
      vertex -3.4641 -4 2
      vertex -3.65418 -4 1.62695
    endloop
  endfacet
  facet normal -0.891005 0 0.453993
    outer loop
      vertex -3.4641 -4 2
      vertex -3.65418 -7 1.62695
      vertex -3.4641 -7 2
    endloop
  endfacet
  facet normal -0.891005 0 0.453993
    outer loop
      vertex -3.65418 -2 1.62695
      vertex -3.4641 2 2
      vertex -3.65418 2 1.62695
    endloop
  endfacet
  facet normal -0.891005 0 0.453993
    outer loop
      vertex -3.4641 2 2
      vertex -3.65418 -2 1.62695
      vertex -3.4641 -2 2
    endloop
  endfacet
  facet normal -0.891005 0 -0.453993
    outer loop
      vertex -3.4641 -7 -2
      vertex -3.65418 -4 -1.62695
      vertex -3.4641 -4 -2
    endloop
  endfacet
  facet normal -0.891005 -0 -0.453993
    outer loop
      vertex -3.65418 -4 -1.62695
      vertex -3.4641 -7 -2
      vertex -3.65418 -7 -1.62695
    endloop
  endfacet
  facet normal -0.891005 0 -0.453993
    outer loop
      vertex -3.4641 4 -2
      vertex -3.65418 7 -1.62695
      vertex -3.4641 7 -2
    endloop
  endfacet
  facet normal -0.891005 -0 -0.453993
    outer loop
      vertex -3.65418 7 -1.62695
      vertex -3.4641 4 -2
      vertex -3.65418 4 -1.62695
    endloop
  endfacet
  facet normal -0.891005 0 -0.453993
    outer loop
      vertex -3.4641 -2 -2
      vertex -3.65418 2 -1.62695
      vertex -3.4641 2 -2
    endloop
  endfacet
  facet normal -0.891005 -0 -0.453993
    outer loop
      vertex -3.65418 2 -1.62695
      vertex -3.4641 -2 -2
      vertex -3.65418 -2 -1.62695
    endloop
  endfacet
  facet normal -0.358379 0 0.933576
    outer loop
      vertex -1.62695 -4 3.65418
      vertex -1.23607 -7 3.80423
      vertex -1.23607 -4 3.80423
    endloop
  endfacet
  facet normal -0.358379 0 0.933576
    outer loop
      vertex -1.23607 -7 3.80423
      vertex -1.62695 -4 3.65418
      vertex -1.62695 -7 3.65418
    endloop
  endfacet
  facet normal -0.358379 0 0.933576
    outer loop
      vertex -1.62695 7 3.65418
      vertex -1.23607 4 3.80423
      vertex -1.23607 7 3.80423
    endloop
  endfacet
  facet normal -0.358379 0 0.933576
    outer loop
      vertex -1.23607 4 3.80423
      vertex -1.62695 7 3.65418
      vertex -1.62695 4 3.65418
    endloop
  endfacet
  facet normal -0.358379 0 0.933576
    outer loop
      vertex -1.62695 2 3.65418
      vertex -1.23607 -2 3.80423
      vertex -1.23607 2 3.80423
    endloop
  endfacet
  facet normal -0.358379 0 0.933576
    outer loop
      vertex -1.23607 -2 3.80423
      vertex -1.62695 2 3.65418
      vertex -1.62695 -2 3.65418
    endloop
  endfacet
  facet normal 0.777143 -0 0.629324
    outer loop
      vertex 2.97258 4 2.67652
      vertex 3.23607 7 2.35114
      vertex 2.97258 7 2.67652
    endloop
  endfacet
  facet normal 0.777143 0 0.629324
    outer loop
      vertex 3.23607 7 2.35114
      vertex 2.97258 4 2.67652
      vertex 3.23607 4 2.35114
    endloop
  endfacet
  facet normal 0.777143 -0 0.629324
    outer loop
      vertex 2.97258 -7 2.67652
      vertex 3.23607 -4 2.35114
      vertex 2.97258 -4 2.67652
    endloop
  endfacet
  facet normal 0.777143 0 0.629324
    outer loop
      vertex 3.23607 -4 2.35114
      vertex 2.97258 -7 2.67652
      vertex 3.23607 -7 2.35114
    endloop
  endfacet
  facet normal 0.777143 -0 0.629324
    outer loop
      vertex 2.97258 -2 2.67652
      vertex 3.23607 2 2.35114
      vertex 2.97258 2 2.67652
    endloop
  endfacet
  facet normal 0.777143 0 0.629324
    outer loop
      vertex 3.23607 2 2.35114
      vertex 2.97258 -2 2.67652
      vertex 3.23607 -2 2.35114
    endloop
  endfacet
  facet normal -0.258808 0 -0.965929
    outer loop
      vertex -1.23607 4 -3.80423
      vertex -0.831646 7 -3.91259
      vertex -0.831646 4 -3.91259
    endloop
  endfacet
  facet normal -0.258808 0 -0.965929
    outer loop
      vertex -0.831646 7 -3.91259
      vertex -1.23607 4 -3.80423
      vertex -1.23607 7 -3.80423
    endloop
  endfacet
  facet normal -0.258808 0 -0.965929
    outer loop
      vertex -1.23607 -7 -3.80423
      vertex -0.831646 -4 -3.91259
      vertex -0.831646 -7 -3.91259
    endloop
  endfacet
  facet normal -0.258808 0 -0.965929
    outer loop
      vertex -0.831646 -4 -3.91259
      vertex -1.23607 -7 -3.80423
      vertex -1.23607 -4 -3.80423
    endloop
  endfacet
  facet normal -0.258808 0 -0.965929
    outer loop
      vertex -1.23607 -2 -3.80423
      vertex -0.831646 2 -3.91259
      vertex -0.831646 -2 -3.91259
    endloop
  endfacet
  facet normal -0.258808 0 -0.965929
    outer loop
      vertex -0.831646 2 -3.91259
      vertex -1.23607 -2 -3.80423
      vertex -1.23607 2 -3.80423
    endloop
  endfacet
  facet normal 0.987687 -0 0.156441
    outer loop
      vertex 3.91259 4 0.831646
      vertex 3.97809 7 0.418114
      vertex 3.91259 7 0.831646
    endloop
  endfacet
  facet normal 0.987687 0 0.156441
    outer loop
      vertex 3.97809 7 0.418114
      vertex 3.91259 4 0.831646
      vertex 3.97809 4 0.418114
    endloop
  endfacet
  facet normal 0.987687 -0 0.156441
    outer loop
      vertex 3.91259 -7 0.831646
      vertex 3.97809 -4 0.418114
      vertex 3.91259 -4 0.831646
    endloop
  endfacet
  facet normal 0.987687 0 0.156441
    outer loop
      vertex 3.97809 -4 0.418114
      vertex 3.91259 -7 0.831646
      vertex 3.97809 -7 0.418114
    endloop
  endfacet
  facet normal 0.987687 -0 0.156441
    outer loop
      vertex 3.91259 -2 0.831646
      vertex 3.97809 2 0.418114
      vertex 3.91259 2 0.831646
    endloop
  endfacet
  facet normal 0.987687 0 0.156441
    outer loop
      vertex 3.97809 2 0.418114
      vertex 3.91259 -2 0.831646
      vertex 3.97809 -2 0.418114
    endloop
  endfacet
  facet normal 0.99863 -0 0.0523302
    outer loop
      vertex 3.97809 4 0.418114
      vertex 4 7 0
      vertex 3.97809 7 0.418114
    endloop
  endfacet
  facet normal 0.99863 0 0.0523302
    outer loop
      vertex 4 7 0
      vertex 3.97809 4 0.418114
      vertex 4 4 0
    endloop
  endfacet
  facet normal 0.99863 -0 0.0523302
    outer loop
      vertex 3.97809 -7 0.418114
      vertex 4 -4 0
      vertex 3.97809 -4 0.418114
    endloop
  endfacet
  facet normal 0.99863 0 0.0523302
    outer loop
      vertex 4 -4 0
      vertex 3.97809 -7 0.418114
      vertex 4 -7 0
    endloop
  endfacet
  facet normal 0.99863 -0 0.0523302
    outer loop
      vertex 3.97809 -2 0.418114
      vertex 4 2 0
      vertex 3.97809 2 0.418114
    endloop
  endfacet
  facet normal 0.99863 0 0.0523302
    outer loop
      vertex 4 2 0
      vertex 3.97809 -2 0.418114
      vertex 4 -2 0
    endloop
  endfacet
  facet normal -0.965929 0 0.258808
    outer loop
      vertex -3.91259 -7 0.831646
      vertex -3.80423 -4 1.23607
      vertex -3.91259 -4 0.831646
    endloop
  endfacet
  facet normal -0.965929 0 0.258808
    outer loop
      vertex -3.80423 -4 1.23607
      vertex -3.91259 -7 0.831646
      vertex -3.80423 -7 1.23607
    endloop
  endfacet
  facet normal -0.965929 0 0.258808
    outer loop
      vertex -3.91259 4 0.831646
      vertex -3.80423 7 1.23607
      vertex -3.91259 7 0.831646
    endloop
  endfacet
  facet normal -0.965929 0 0.258808
    outer loop
      vertex -3.80423 7 1.23607
      vertex -3.91259 4 0.831646
      vertex -3.80423 4 1.23607
    endloop
  endfacet
  facet normal -0.965929 0 0.258808
    outer loop
      vertex -3.91259 -2 0.831646
      vertex -3.80423 2 1.23607
      vertex -3.91259 2 0.831646
    endloop
  endfacet
  facet normal -0.965929 0 0.258808
    outer loop
      vertex -3.80423 2 1.23607
      vertex -3.91259 -2 0.831646
      vertex -3.80423 -2 1.23607
    endloop
  endfacet
  facet normal 0.891005 -0 0.453993
    outer loop
      vertex 3.4641 4 2
      vertex 3.65418 7 1.62695
      vertex 3.4641 7 2
    endloop
  endfacet
  facet normal 0.891005 0 0.453993
    outer loop
      vertex 3.65418 7 1.62695
      vertex 3.4641 4 2
      vertex 3.65418 4 1.62695
    endloop
  endfacet
  facet normal 0.891005 -0 0.453993
    outer loop
      vertex 3.4641 -7 2
      vertex 3.65418 -4 1.62695
      vertex 3.4641 -4 2
    endloop
  endfacet
  facet normal 0.891005 0 0.453993
    outer loop
      vertex 3.65418 -4 1.62695
      vertex 3.4641 -7 2
      vertex 3.65418 -7 1.62695
    endloop
  endfacet
  facet normal 0.891005 -0 0.453993
    outer loop
      vertex 3.4641 -2 2
      vertex 3.65418 2 1.62695
      vertex 3.4641 2 2
    endloop
  endfacet
  facet normal 0.891005 0 0.453993
    outer loop
      vertex 3.65418 2 1.62695
      vertex 3.4641 -2 2
      vertex 3.65418 -2 1.62695
    endloop
  endfacet
  facet normal 0.544634 0 -0.838674
    outer loop
      vertex 2 -7 -3.4641
      vertex 2.35114 -4 -3.23607
      vertex 2.35114 -7 -3.23607
    endloop
  endfacet
  facet normal 0.544634 0 -0.838674
    outer loop
      vertex 2.35114 -4 -3.23607
      vertex 2 -7 -3.4641
      vertex 2 -4 -3.4641
    endloop
  endfacet
  facet normal 0.544634 0 -0.838674
    outer loop
      vertex 2 4 -3.4641
      vertex 2.35114 7 -3.23607
      vertex 2.35114 4 -3.23607
    endloop
  endfacet
  facet normal 0.544634 0 -0.838674
    outer loop
      vertex 2.35114 7 -3.23607
      vertex 2 4 -3.4641
      vertex 2 7 -3.4641
    endloop
  endfacet
  facet normal 0.544634 0 -0.838674
    outer loop
      vertex 2 -2 -3.4641
      vertex 2.35114 2 -3.23607
      vertex 2.35114 -2 -3.23607
    endloop
  endfacet
  facet normal 0.544634 0 -0.838674
    outer loop
      vertex 2.35114 2 -3.23607
      vertex 2 -2 -3.4641
      vertex 2 2 -3.4641
    endloop
  endfacet
  facet normal 0.453993 0 0.891005
    outer loop
      vertex 1.62695 7 3.65418
      vertex 2 4 3.4641
      vertex 2 7 3.4641
    endloop
  endfacet
  facet normal 0.453993 0 0.891005
    outer loop
      vertex 2 4 3.4641
      vertex 1.62695 7 3.65418
      vertex 1.62695 4 3.65418
    endloop
  endfacet
  facet normal 0.453993 0 0.891005
    outer loop
      vertex 1.62695 -4 3.65418
      vertex 2 -7 3.4641
      vertex 2 -4 3.4641
    endloop
  endfacet
  facet normal 0.453993 0 0.891005
    outer loop
      vertex 2 -7 3.4641
      vertex 1.62695 -4 3.65418
      vertex 1.62695 -7 3.65418
    endloop
  endfacet
  facet normal 0.453993 0 0.891005
    outer loop
      vertex 1.62695 2 3.65418
      vertex 2 -2 3.4641
      vertex 2 2 3.4641
    endloop
  endfacet
  facet normal 0.453993 0 0.891005
    outer loop
      vertex 2 -2 3.4641
      vertex 1.62695 2 3.65418
      vertex 1.62695 -2 3.65418
    endloop
  endfacet
  facet normal -0.707107 0 0.707107
    outer loop
      vertex -2.97258 4 2.67652
      vertex -2.67652 7 2.97258
      vertex -2.97258 7 2.67652
    endloop
  endfacet
  facet normal -0.707107 0 0.707107
    outer loop
      vertex -2.67652 7 2.97258
      vertex -2.97258 4 2.67652
      vertex -2.67652 4 2.97258
    endloop
  endfacet
  facet normal -0.707107 0 0.707107
    outer loop
      vertex -2.97258 -7 2.67652
      vertex -2.67652 -4 2.97258
      vertex -2.97258 -4 2.67652
    endloop
  endfacet
  facet normal -0.707107 0 0.707107
    outer loop
      vertex -2.67652 -4 2.97258
      vertex -2.97258 -7 2.67652
      vertex -2.67652 -7 2.97258
    endloop
  endfacet
  facet normal -0.707107 0 0.707107
    outer loop
      vertex -2.97258 -2 2.67652
      vertex -2.67652 2 2.97258
      vertex -2.97258 2 2.67652
    endloop
  endfacet
  facet normal -0.707107 0 0.707107
    outer loop
      vertex -2.67652 2 2.97258
      vertex -2.97258 -2 2.67652
      vertex -2.67652 -2 2.97258
    endloop
  endfacet
  facet normal -0.965929 0 -0.258808
    outer loop
      vertex -3.80423 -7 -1.23607
      vertex -3.91259 -4 -0.831646
      vertex -3.80423 -4 -1.23607
    endloop
  endfacet
  facet normal -0.965929 -0 -0.258808
    outer loop
      vertex -3.91259 -4 -0.831646
      vertex -3.80423 -7 -1.23607
      vertex -3.91259 -7 -0.831646
    endloop
  endfacet
  facet normal -0.965929 0 -0.258808
    outer loop
      vertex -3.80423 4 -1.23607
      vertex -3.91259 7 -0.831646
      vertex -3.80423 7 -1.23607
    endloop
  endfacet
  facet normal -0.965929 -0 -0.258808
    outer loop
      vertex -3.91259 7 -0.831646
      vertex -3.80423 4 -1.23607
      vertex -3.91259 4 -0.831646
    endloop
  endfacet
  facet normal -0.965929 0 -0.258808
    outer loop
      vertex -3.80423 -2 -1.23607
      vertex -3.91259 2 -0.831646
      vertex -3.80423 2 -1.23607
    endloop
  endfacet
  facet normal -0.965929 -0 -0.258808
    outer loop
      vertex -3.91259 2 -0.831646
      vertex -3.80423 -2 -1.23607
      vertex -3.91259 -2 -0.831646
    endloop
  endfacet
  facet normal 0.99863 0 -0.0523302
    outer loop
      vertex 4 4 0
      vertex 3.97809 7 -0.418114
      vertex 4 7 0
    endloop
  endfacet
  facet normal 0.99863 0 -0.0523302
    outer loop
      vertex 3.97809 7 -0.418114
      vertex 4 4 0
      vertex 3.97809 4 -0.418114
    endloop
  endfacet
  facet normal 0.99863 0 -0.0523302
    outer loop
      vertex 4 -7 0
      vertex 3.97809 -4 -0.418114
      vertex 4 -4 0
    endloop
  endfacet
  facet normal 0.99863 0 -0.0523302
    outer loop
      vertex 3.97809 -4 -0.418114
      vertex 4 -7 0
      vertex 3.97809 -7 -0.418114
    endloop
  endfacet
  facet normal 0.99863 0 -0.0523302
    outer loop
      vertex 4 -2 0
      vertex 3.97809 2 -0.418114
      vertex 4 2 0
    endloop
  endfacet
  facet normal 0.99863 0 -0.0523302
    outer loop
      vertex 3.97809 2 -0.418114
      vertex 4 -2 0
      vertex 3.97809 -2 -0.418114
    endloop
  endfacet
  facet normal -0.258808 0 0.965929
    outer loop
      vertex -1.23607 -4 3.80423
      vertex -0.831646 -7 3.91259
      vertex -0.831646 -4 3.91259
    endloop
  endfacet
  facet normal -0.258808 0 0.965929
    outer loop
      vertex -0.831646 -7 3.91259
      vertex -1.23607 -4 3.80423
      vertex -1.23607 -7 3.80423
    endloop
  endfacet
  facet normal -0.258808 0 0.965929
    outer loop
      vertex -1.23607 7 3.80423
      vertex -0.831646 4 3.91259
      vertex -0.831646 7 3.91259
    endloop
  endfacet
  facet normal -0.258808 0 0.965929
    outer loop
      vertex -0.831646 4 3.91259
      vertex -1.23607 7 3.80423
      vertex -1.23607 4 3.80423
    endloop
  endfacet
  facet normal -0.258808 0 0.965929
    outer loop
      vertex -1.23607 2 3.80423
      vertex -0.831646 -2 3.91259
      vertex -0.831646 2 3.91259
    endloop
  endfacet
  facet normal -0.258808 0 0.965929
    outer loop
      vertex -0.831646 -2 3.91259
      vertex -1.23607 2 3.80423
      vertex -1.23607 -2 3.80423
    endloop
  endfacet
  facet normal 0.838674 0 -0.544634
    outer loop
      vertex 3.4641 -7 -2
      vertex 3.23607 -4 -2.35114
      vertex 3.4641 -4 -2
    endloop
  endfacet
  facet normal 0.838674 0 -0.544634
    outer loop
      vertex 3.23607 -4 -2.35114
      vertex 3.4641 -7 -2
      vertex 3.23607 -7 -2.35114
    endloop
  endfacet
  facet normal 0.838674 0 -0.544634
    outer loop
      vertex 3.4641 4 -2
      vertex 3.23607 7 -2.35114
      vertex 3.4641 7 -2
    endloop
  endfacet
  facet normal 0.838674 0 -0.544634
    outer loop
      vertex 3.23607 7 -2.35114
      vertex 3.4641 4 -2
      vertex 3.23607 4 -2.35114
    endloop
  endfacet
  facet normal 0.838674 0 -0.544634
    outer loop
      vertex 3.4641 -2 -2
      vertex 3.23607 2 -2.35114
      vertex 3.4641 2 -2
    endloop
  endfacet
  facet normal 0.838674 0 -0.544634
    outer loop
      vertex 3.23607 2 -2.35114
      vertex 3.4641 -2 -2
      vertex 3.23607 -2 -2.35114
    endloop
  endfacet
  facet normal -0.453993 0 -0.891005
    outer loop
      vertex -2 4 -3.4641
      vertex -1.62695 7 -3.65418
      vertex -1.62695 4 -3.65418
    endloop
  endfacet
  facet normal -0.453993 0 -0.891005
    outer loop
      vertex -1.62695 7 -3.65418
      vertex -2 4 -3.4641
      vertex -2 7 -3.4641
    endloop
  endfacet
  facet normal -0.453993 0 -0.891005
    outer loop
      vertex -2 -7 -3.4641
      vertex -1.62695 -4 -3.65418
      vertex -1.62695 -7 -3.65418
    endloop
  endfacet
  facet normal -0.453993 0 -0.891005
    outer loop
      vertex -1.62695 -4 -3.65418
      vertex -2 -7 -3.4641
      vertex -2 -4 -3.4641
    endloop
  endfacet
  facet normal -0.453993 0 -0.891005
    outer loop
      vertex -2 -2 -3.4641
      vertex -1.62695 2 -3.65418
      vertex -1.62695 -2 -3.65418
    endloop
  endfacet
  facet normal -0.453993 0 -0.891005
    outer loop
      vertex -1.62695 2 -3.65418
      vertex -2 -2 -3.4641
      vertex -2 2 -3.4641
    endloop
  endfacet
  facet normal 0.0523302 0 0.99863
    outer loop
      vertex 0 -4 4
      vertex 0.418114 -7 3.97809
      vertex 0.418114 -4 3.97809
    endloop
  endfacet
  facet normal 0.0523302 0 0.99863
    outer loop
      vertex 0.418114 -7 3.97809
      vertex 0 -4 4
      vertex 0 -7 4
    endloop
  endfacet
  facet normal 0.0523302 0 0.99863
    outer loop
      vertex 0 7 4
      vertex 0.418114 4 3.97809
      vertex 0.418114 7 3.97809
    endloop
  endfacet
  facet normal 0.0523302 0 0.99863
    outer loop
      vertex 0.418114 4 3.97809
      vertex 0 7 4
      vertex 0 4 4
    endloop
  endfacet
  facet normal 0.0523302 0 0.99863
    outer loop
      vertex 0 2 4
      vertex 0.418114 -2 3.97809
      vertex 0.418114 2 3.97809
    endloop
  endfacet
  facet normal 0.0523302 0 0.99863
    outer loop
      vertex 0.418114 -2 3.97809
      vertex 0 2 4
      vertex 0 -2 4
    endloop
  endfacet
  facet normal 0.358379 0 0.933576
    outer loop
      vertex 1.23607 -4 3.80423
      vertex 1.62695 -7 3.65418
      vertex 1.62695 -4 3.65418
    endloop
  endfacet
  facet normal 0.358379 0 0.933576
    outer loop
      vertex 1.62695 -7 3.65418
      vertex 1.23607 -4 3.80423
      vertex 1.23607 -7 3.80423
    endloop
  endfacet
  facet normal 0.358379 0 0.933576
    outer loop
      vertex 1.23607 7 3.80423
      vertex 1.62695 4 3.65418
      vertex 1.62695 7 3.65418
    endloop
  endfacet
  facet normal 0.358379 0 0.933576
    outer loop
      vertex 1.62695 4 3.65418
      vertex 1.23607 7 3.80423
      vertex 1.23607 4 3.80423
    endloop
  endfacet
  facet normal 0.358379 0 0.933576
    outer loop
      vertex 1.23607 2 3.80423
      vertex 1.62695 -2 3.65418
      vertex 1.62695 2 3.65418
    endloop
  endfacet
  facet normal 0.358379 0 0.933576
    outer loop
      vertex 1.62695 -2 3.65418
      vertex 1.23607 2 3.80423
      vertex 1.23607 -2 3.80423
    endloop
  endfacet
  facet normal -0.987687 0 -0.156441
    outer loop
      vertex -3.91259 -7 -0.831646
      vertex -3.97809 -4 -0.418114
      vertex -3.91259 -4 -0.831646
    endloop
  endfacet
  facet normal -0.987687 -0 -0.156441
    outer loop
      vertex -3.97809 -4 -0.418114
      vertex -3.91259 -7 -0.831646
      vertex -3.97809 -7 -0.418114
    endloop
  endfacet
  facet normal -0.987687 0 -0.156441
    outer loop
      vertex -3.91259 4 -0.831646
      vertex -3.97809 7 -0.418114
      vertex -3.91259 7 -0.831646
    endloop
  endfacet
  facet normal -0.987687 -0 -0.156441
    outer loop
      vertex -3.97809 7 -0.418114
      vertex -3.91259 4 -0.831646
      vertex -3.97809 4 -0.418114
    endloop
  endfacet
  facet normal -0.987687 0 -0.156441
    outer loop
      vertex -3.91259 -2 -0.831646
      vertex -3.97809 2 -0.418114
      vertex -3.91259 2 -0.831646
    endloop
  endfacet
  facet normal -0.987687 -0 -0.156441
    outer loop
      vertex -3.97809 2 -0.418114
      vertex -3.91259 -2 -0.831646
      vertex -3.97809 -2 -0.418114
    endloop
  endfacet
  facet normal -0.777143 0 -0.629324
    outer loop
      vertex -2.97258 -7 -2.67652
      vertex -3.23607 -4 -2.35114
      vertex -2.97258 -4 -2.67652
    endloop
  endfacet
  facet normal -0.777143 -0 -0.629324
    outer loop
      vertex -3.23607 -4 -2.35114
      vertex -2.97258 -7 -2.67652
      vertex -3.23607 -7 -2.35114
    endloop
  endfacet
  facet normal -0.777143 0 -0.629324
    outer loop
      vertex -2.97258 4 -2.67652
      vertex -3.23607 7 -2.35114
      vertex -2.97258 7 -2.67652
    endloop
  endfacet
  facet normal -0.777143 -0 -0.629324
    outer loop
      vertex -3.23607 7 -2.35114
      vertex -2.97258 4 -2.67652
      vertex -3.23607 4 -2.35114
    endloop
  endfacet
  facet normal -0.777143 0 -0.629324
    outer loop
      vertex -2.97258 -2 -2.67652
      vertex -3.23607 2 -2.35114
      vertex -2.97258 2 -2.67652
    endloop
  endfacet
  facet normal -0.777143 -0 -0.629324
    outer loop
      vertex -3.23607 2 -2.35114
      vertex -2.97258 -2 -2.67652
      vertex -3.23607 -2 -2.35114
    endloop
  endfacet
  facet normal -0.358379 0 -0.933576
    outer loop
      vertex -1.62695 4 -3.65418
      vertex -1.23607 7 -3.80423
      vertex -1.23607 4 -3.80423
    endloop
  endfacet
  facet normal -0.358379 0 -0.933576
    outer loop
      vertex -1.23607 7 -3.80423
      vertex -1.62695 4 -3.65418
      vertex -1.62695 7 -3.65418
    endloop
  endfacet
  facet normal -0.358379 0 -0.933576
    outer loop
      vertex -1.62695 -7 -3.65418
      vertex -1.23607 -4 -3.80423
      vertex -1.23607 -7 -3.80423
    endloop
  endfacet
  facet normal -0.358379 0 -0.933576
    outer loop
      vertex -1.23607 -4 -3.80423
      vertex -1.62695 -7 -3.65418
      vertex -1.62695 -4 -3.65418
    endloop
  endfacet
  facet normal -0.358379 0 -0.933576
    outer loop
      vertex -1.62695 -2 -3.65418
      vertex -1.23607 2 -3.80423
      vertex -1.23607 -2 -3.80423
    endloop
  endfacet
  facet normal -0.358379 0 -0.933576
    outer loop
      vertex -1.23607 2 -3.80423
      vertex -1.62695 -2 -3.65418
      vertex -1.62695 2 -3.65418
    endloop
  endfacet
  facet normal 0.0523302 0 -0.99863
    outer loop
      vertex 0 -7 -4
      vertex 0.418114 -4 -3.97809
      vertex 0.418114 -7 -3.97809
    endloop
  endfacet
  facet normal 0.0523302 0 -0.99863
    outer loop
      vertex 0.418114 -4 -3.97809
      vertex 0 -7 -4
      vertex 0 -4 -4
    endloop
  endfacet
  facet normal 0.0523302 0 -0.99863
    outer loop
      vertex 0 4 -4
      vertex 0.418114 7 -3.97809
      vertex 0.418114 4 -3.97809
    endloop
  endfacet
  facet normal 0.0523302 0 -0.99863
    outer loop
      vertex 0.418114 7 -3.97809
      vertex 0 4 -4
      vertex 0 7 -4
    endloop
  endfacet
  facet normal 0.0523302 0 -0.99863
    outer loop
      vertex 0 -2 -4
      vertex 0.418114 2 -3.97809
      vertex 0.418114 -2 -3.97809
    endloop
  endfacet
  facet normal 0.0523302 0 -0.99863
    outer loop
      vertex 0.418114 2 -3.97809
      vertex 0 -2 -4
      vertex 0 2 -4
    endloop
  endfacet
  facet normal -0.838674 0 0.544634
    outer loop
      vertex -3.4641 4 2
      vertex -3.23607 7 2.35114
      vertex -3.4641 7 2
    endloop
  endfacet
  facet normal -0.838674 0 0.544634
    outer loop
      vertex -3.23607 7 2.35114
      vertex -3.4641 4 2
      vertex -3.23607 4 2.35114
    endloop
  endfacet
  facet normal -0.838674 0 0.544634
    outer loop
      vertex -3.4641 -7 2
      vertex -3.23607 -4 2.35114
      vertex -3.4641 -4 2
    endloop
  endfacet
  facet normal -0.838674 0 0.544634
    outer loop
      vertex -3.23607 -4 2.35114
      vertex -3.4641 -7 2
      vertex -3.23607 -7 2.35114
    endloop
  endfacet
  facet normal -0.838674 0 0.544634
    outer loop
      vertex -3.4641 -2 2
      vertex -3.23607 2 2.35114
      vertex -3.4641 2 2
    endloop
  endfacet
  facet normal -0.838674 0 0.544634
    outer loop
      vertex -3.23607 2 2.35114
      vertex -3.4641 -2 2
      vertex -3.23607 -2 2.35114
    endloop
  endfacet
  facet normal -0.156441 0 0.987687
    outer loop
      vertex -0.831646 7 3.91259
      vertex -0.418114 4 3.97809
      vertex -0.418114 7 3.97809
    endloop
  endfacet
  facet normal -0.156441 0 0.987687
    outer loop
      vertex -0.418114 4 3.97809
      vertex -0.831646 7 3.91259
      vertex -0.831646 4 3.91259
    endloop
  endfacet
  facet normal -0.156441 0 0.987687
    outer loop
      vertex -0.831646 -4 3.91259
      vertex -0.418114 -7 3.97809
      vertex -0.418114 -4 3.97809
    endloop
  endfacet
  facet normal -0.156441 0 0.987687
    outer loop
      vertex -0.418114 -7 3.97809
      vertex -0.831646 -4 3.91259
      vertex -0.831646 -7 3.91259
    endloop
  endfacet
  facet normal -0.156441 0 0.987687
    outer loop
      vertex -0.831646 2 3.91259
      vertex -0.418114 -2 3.97809
      vertex -0.418114 2 3.97809
    endloop
  endfacet
  facet normal -0.156441 0 0.987687
    outer loop
      vertex -0.418114 -2 3.97809
      vertex -0.831646 2 3.91259
      vertex -0.831646 -2 3.91259
    endloop
  endfacet
  facet normal 0 1 0
    outer loop
      vertex 0.418114 7 3.97809
      vertex -0.418114 7 3.97809
      vertex 0 7 4
    endloop
  endfacet
  facet normal 0 1 0
    outer loop
      vertex 0.831646 7 3.91259
      vertex -0.418114 7 3.97809
      vertex 0.418114 7 3.97809
    endloop
  endfacet
  facet normal 0 1 0
    outer loop
      vertex 0.831646 7 3.91259
      vertex -0.831646 7 3.91259
      vertex -0.418114 7 3.97809
    endloop
  endfacet
  facet normal 0 1 0
    outer loop
      vertex 1.23607 7 3.80423
      vertex -0.831646 7 3.91259
      vertex 0.831646 7 3.91259
    endloop
  endfacet
  facet normal 0 1 0
    outer loop
      vertex 1.23607 7 3.80423
      vertex -1.23607 7 3.80423
      vertex -0.831646 7 3.91259
    endloop
  endfacet
  facet normal 0 1 0
    outer loop
      vertex 1.62695 7 3.65418
      vertex -1.23607 7 3.80423
      vertex 1.23607 7 3.80423
    endloop
  endfacet
  facet normal 0 1 0
    outer loop
      vertex 1.62695 7 3.65418
      vertex -1.62695 7 3.65418
      vertex -1.23607 7 3.80423
    endloop
  endfacet
  facet normal 0 1 0
    outer loop
      vertex 2 7 3.4641
      vertex -1.62695 7 3.65418
      vertex 1.62695 7 3.65418
    endloop
  endfacet
  facet normal 0 1 0
    outer loop
      vertex 2 7 3.4641
      vertex -2 7 3.4641
      vertex -1.62695 7 3.65418
    endloop
  endfacet
  facet normal 0 1 0
    outer loop
      vertex 2.35114 7 3.23607
      vertex -2 7 3.4641
      vertex 2 7 3.4641
    endloop
  endfacet
  facet normal 0 1 0
    outer loop
      vertex 2.35114 7 3.23607
      vertex -2.35114 7 3.23607
      vertex -2 7 3.4641
    endloop
  endfacet
  facet normal 0 1 0
    outer loop
      vertex 2.67652 7 2.97258
      vertex -2.35114 7 3.23607
      vertex 2.35114 7 3.23607
    endloop
  endfacet
  facet normal 0 1 0
    outer loop
      vertex 2.67652 7 2.97258
      vertex -2.67652 7 2.97258
      vertex -2.35114 7 3.23607
    endloop
  endfacet
  facet normal 0 1 0
    outer loop
      vertex 2.97258 7 2.67652
      vertex -2.67652 7 2.97258
      vertex 2.67652 7 2.97258
    endloop
  endfacet
  facet normal 0 1 0
    outer loop
      vertex 2.97258 7 2.67652
      vertex -2.97258 7 2.67652
      vertex -2.67652 7 2.97258
    endloop
  endfacet
  facet normal 0 1 0
    outer loop
      vertex 3.23607 7 2.35114
      vertex -2.97258 7 2.67652
      vertex 2.97258 7 2.67652
    endloop
  endfacet
  facet normal 0 1 0
    outer loop
      vertex 3.23607 7 2.35114
      vertex -3.23607 7 2.35114
      vertex -2.97258 7 2.67652
    endloop
  endfacet
  facet normal 0 1 0
    outer loop
      vertex 3.4641 7 2
      vertex -3.23607 7 2.35114
      vertex 3.23607 7 2.35114
    endloop
  endfacet
  facet normal 0 1 0
    outer loop
      vertex 3.4641 7 2
      vertex -3.4641 7 2
      vertex -3.23607 7 2.35114
    endloop
  endfacet
  facet normal 0 1 0
    outer loop
      vertex 3.65418 7 1.62695
      vertex -3.4641 7 2
      vertex 3.4641 7 2
    endloop
  endfacet
  facet normal 0 1 0
    outer loop
      vertex 3.65418 7 1.62695
      vertex -3.65418 7 1.62695
      vertex -3.4641 7 2
    endloop
  endfacet
  facet normal 0 1 0
    outer loop
      vertex 3.80423 7 1.23607
      vertex -3.65418 7 1.62695
      vertex 3.65418 7 1.62695
    endloop
  endfacet
  facet normal 0 1 0
    outer loop
      vertex 3.80423 7 1.23607
      vertex -3.80423 7 1.23607
      vertex -3.65418 7 1.62695
    endloop
  endfacet
  facet normal 0 1 0
    outer loop
      vertex 3.91259 7 0.831646
      vertex -3.80423 7 1.23607
      vertex 3.80423 7 1.23607
    endloop
  endfacet
  facet normal 0 1 0
    outer loop
      vertex 3.91259 7 0.831646
      vertex -3.91259 7 0.831646
      vertex -3.80423 7 1.23607
    endloop
  endfacet
  facet normal 0 1 0
    outer loop
      vertex 3.97809 7 0.418114
      vertex -3.91259 7 0.831646
      vertex 3.91259 7 0.831646
    endloop
  endfacet
  facet normal 0 1 0
    outer loop
      vertex 3.97809 7 0.418114
      vertex -3.97809 7 0.418114
      vertex -3.91259 7 0.831646
    endloop
  endfacet
  facet normal 0 1 0
    outer loop
      vertex 4 7 0
      vertex -3.97809 7 0.418114
      vertex 3.97809 7 0.418114
    endloop
  endfacet
  facet normal 0 1 0
    outer loop
      vertex 4 7 0
      vertex -4 7 0
      vertex -3.97809 7 0.418114
    endloop
  endfacet
  facet normal 0 1 -0
    outer loop
      vertex 3.97809 7 -0.418114
      vertex -4 7 0
      vertex 4 7 0
    endloop
  endfacet
  facet normal 0 1 0
    outer loop
      vertex 3.97809 7 -0.418114
      vertex -3.97809 7 -0.418114
      vertex -4 7 0
    endloop
  endfacet
  facet normal 0 1 -0
    outer loop
      vertex 3.91259 7 -0.831646
      vertex -3.97809 7 -0.418114
      vertex 3.97809 7 -0.418114
    endloop
  endfacet
  facet normal 0 1 0
    outer loop
      vertex 3.91259 7 -0.831646
      vertex -3.91259 7 -0.831646
      vertex -3.97809 7 -0.418114
    endloop
  endfacet
  facet normal 0 1 -0
    outer loop
      vertex 3.80423 7 -1.23607
      vertex -3.91259 7 -0.831646
      vertex 3.91259 7 -0.831646
    endloop
  endfacet
  facet normal 0 1 0
    outer loop
      vertex 3.80423 7 -1.23607
      vertex -3.80423 7 -1.23607
      vertex -3.91259 7 -0.831646
    endloop
  endfacet
  facet normal 0 1 -0
    outer loop
      vertex 3.65418 7 -1.62695
      vertex -3.80423 7 -1.23607
      vertex 3.80423 7 -1.23607
    endloop
  endfacet
  facet normal 0 1 0
    outer loop
      vertex 3.65418 7 -1.62695
      vertex -3.65418 7 -1.62695
      vertex -3.80423 7 -1.23607
    endloop
  endfacet
  facet normal 0 1 -0
    outer loop
      vertex 3.4641 7 -2
      vertex -3.65418 7 -1.62695
      vertex 3.65418 7 -1.62695
    endloop
  endfacet
  facet normal 0 1 0
    outer loop
      vertex 3.4641 7 -2
      vertex -3.4641 7 -2
      vertex -3.65418 7 -1.62695
    endloop
  endfacet
  facet normal 0 1 -0
    outer loop
      vertex 3.23607 7 -2.35114
      vertex -3.4641 7 -2
      vertex 3.4641 7 -2
    endloop
  endfacet
  facet normal 0 1 0
    outer loop
      vertex 3.23607 7 -2.35114
      vertex -3.23607 7 -2.35114
      vertex -3.4641 7 -2
    endloop
  endfacet
  facet normal 0 1 -0
    outer loop
      vertex 2.97258 7 -2.67652
      vertex -3.23607 7 -2.35114
      vertex 3.23607 7 -2.35114
    endloop
  endfacet
  facet normal 0 1 0
    outer loop
      vertex 2.97258 7 -2.67652
      vertex -2.97258 7 -2.67652
      vertex -3.23607 7 -2.35114
    endloop
  endfacet
  facet normal 0 1 -0
    outer loop
      vertex 2.67652 7 -2.97258
      vertex -2.97258 7 -2.67652
      vertex 2.97258 7 -2.67652
    endloop
  endfacet
  facet normal 0 1 0
    outer loop
      vertex 2.67652 7 -2.97258
      vertex -2.67652 7 -2.97258
      vertex -2.97258 7 -2.67652
    endloop
  endfacet
  facet normal 0 1 -0
    outer loop
      vertex 2.35114 7 -3.23607
      vertex -2.67652 7 -2.97258
      vertex 2.67652 7 -2.97258
    endloop
  endfacet
  facet normal 0 1 0
    outer loop
      vertex 2.35114 7 -3.23607
      vertex -2.35114 7 -3.23607
      vertex -2.67652 7 -2.97258
    endloop
  endfacet
  facet normal 0 1 -0
    outer loop
      vertex 2 7 -3.4641
      vertex -2.35114 7 -3.23607
      vertex 2.35114 7 -3.23607
    endloop
  endfacet
  facet normal 0 1 0
    outer loop
      vertex 2 7 -3.4641
      vertex -2 7 -3.4641
      vertex -2.35114 7 -3.23607
    endloop
  endfacet
  facet normal 0 1 -0
    outer loop
      vertex 1.62695 7 -3.65418
      vertex -2 7 -3.4641
      vertex 2 7 -3.4641
    endloop
  endfacet
  facet normal 0 1 0
    outer loop
      vertex 1.62695 7 -3.65418
      vertex -1.62695 7 -3.65418
      vertex -2 7 -3.4641
    endloop
  endfacet
  facet normal 0 1 -0
    outer loop
      vertex 1.23607 7 -3.80423
      vertex -1.62695 7 -3.65418
      vertex 1.62695 7 -3.65418
    endloop
  endfacet
  facet normal 0 1 0
    outer loop
      vertex 1.23607 7 -3.80423
      vertex -1.23607 7 -3.80423
      vertex -1.62695 7 -3.65418
    endloop
  endfacet
  facet normal 0 1 -0
    outer loop
      vertex 0.831646 7 -3.91259
      vertex -1.23607 7 -3.80423
      vertex 1.23607 7 -3.80423
    endloop
  endfacet
  facet normal 0 1 0
    outer loop
      vertex 0.831646 7 -3.91259
      vertex -0.831646 7 -3.91259
      vertex -1.23607 7 -3.80423
    endloop
  endfacet
  facet normal 0 1 -0
    outer loop
      vertex 0.418114 7 -3.97809
      vertex -0.831646 7 -3.91259
      vertex 0.831646 7 -3.91259
    endloop
  endfacet
  facet normal 0 1 0
    outer loop
      vertex 0.418114 7 -3.97809
      vertex -0.418114 7 -3.97809
      vertex -0.831646 7 -3.91259
    endloop
  endfacet
  facet normal -0 1 0
    outer loop
      vertex -0.418114 7 -3.97809
      vertex 0.418114 7 -3.97809
      vertex 0 7 -4
    endloop
  endfacet
  facet normal -0.987687 0 0.156441
    outer loop
      vertex -3.97809 -7 0.418114
      vertex -3.91259 -4 0.831646
      vertex -3.97809 -4 0.418114
    endloop
  endfacet
  facet normal -0.987687 0 0.156441
    outer loop
      vertex -3.91259 -4 0.831646
      vertex -3.97809 -7 0.418114
      vertex -3.91259 -7 0.831646
    endloop
  endfacet
  facet normal -0.987687 0 0.156441
    outer loop
      vertex -3.97809 4 0.418114
      vertex -3.91259 7 0.831646
      vertex -3.97809 7 0.418114
    endloop
  endfacet
  facet normal -0.987687 0 0.156441
    outer loop
      vertex -3.91259 7 0.831646
      vertex -3.97809 4 0.418114
      vertex -3.91259 4 0.831646
    endloop
  endfacet
  facet normal -0.987687 0 0.156441
    outer loop
      vertex -3.97809 -2 0.418114
      vertex -3.91259 2 0.831646
      vertex -3.97809 2 0.418114
    endloop
  endfacet
  facet normal -0.987687 0 0.156441
    outer loop
      vertex -3.91259 2 0.831646
      vertex -3.97809 -2 0.418114
      vertex -3.91259 -2 0.831646
    endloop
  endfacet
  facet normal -0.156441 0 -0.987687
    outer loop
      vertex -0.831646 4 -3.91259
      vertex -0.418114 7 -3.97809
      vertex -0.418114 4 -3.97809
    endloop
  endfacet
  facet normal -0.156441 0 -0.987687
    outer loop
      vertex -0.418114 7 -3.97809
      vertex -0.831646 4 -3.91259
      vertex -0.831646 7 -3.91259
    endloop
  endfacet
  facet normal -0.156441 0 -0.987687
    outer loop
      vertex -0.831646 -7 -3.91259
      vertex -0.418114 -4 -3.97809
      vertex -0.418114 -7 -3.97809
    endloop
  endfacet
  facet normal -0.156441 0 -0.987687
    outer loop
      vertex -0.418114 -4 -3.97809
      vertex -0.831646 -7 -3.91259
      vertex -0.831646 -4 -3.91259
    endloop
  endfacet
  facet normal -0.156441 0 -0.987687
    outer loop
      vertex -0.831646 -2 -3.91259
      vertex -0.418114 2 -3.97809
      vertex -0.418114 -2 -3.97809
    endloop
  endfacet
  facet normal -0.156441 0 -0.987687
    outer loop
      vertex -0.418114 2 -3.97809
      vertex -0.831646 -2 -3.91259
      vertex -0.831646 2 -3.91259
    endloop
  endfacet
  facet normal 0.707107 -0 0.707107
    outer loop
      vertex 2.67652 -7 2.97258
      vertex 2.97258 -4 2.67652
      vertex 2.67652 -4 2.97258
    endloop
  endfacet
  facet normal 0.707107 0 0.707107
    outer loop
      vertex 2.97258 -4 2.67652
      vertex 2.67652 -7 2.97258
      vertex 2.97258 -7 2.67652
    endloop
  endfacet
  facet normal 0.707107 -0 0.707107
    outer loop
      vertex 2.67652 4 2.97258
      vertex 2.97258 7 2.67652
      vertex 2.67652 7 2.97258
    endloop
  endfacet
  facet normal 0.707107 0 0.707107
    outer loop
      vertex 2.97258 7 2.67652
      vertex 2.67652 4 2.97258
      vertex 2.97258 4 2.67652
    endloop
  endfacet
  facet normal 0.707107 -0 0.707107
    outer loop
      vertex 2.67652 -2 2.97258
      vertex 2.97258 2 2.67652
      vertex 2.67652 2 2.97258
    endloop
  endfacet
  facet normal 0.707107 0 0.707107
    outer loop
      vertex 2.97258 2 2.67652
      vertex 2.67652 -2 2.97258
      vertex 2.97258 -2 2.67652
    endloop
  endfacet
  facet normal 0.838674 -0 0.544634
    outer loop
      vertex 3.23607 4 2.35114
      vertex 3.4641 7 2
      vertex 3.23607 7 2.35114
    endloop
  endfacet
  facet normal 0.838674 0 0.544634
    outer loop
      vertex 3.4641 7 2
      vertex 3.23607 4 2.35114
      vertex 3.4641 4 2
    endloop
  endfacet
  facet normal 0.838674 -0 0.544634
    outer loop
      vertex 3.23607 -7 2.35114
      vertex 3.4641 -4 2
      vertex 3.23607 -4 2.35114
    endloop
  endfacet
  facet normal 0.838674 0 0.544634
    outer loop
      vertex 3.4641 -4 2
      vertex 3.23607 -7 2.35114
      vertex 3.4641 -7 2
    endloop
  endfacet
  facet normal 0.838674 -0 0.544634
    outer loop
      vertex 3.23607 -2 2.35114
      vertex 3.4641 2 2
      vertex 3.23607 2 2.35114
    endloop
  endfacet
  facet normal 0.838674 0 0.544634
    outer loop
      vertex 3.4641 2 2
      vertex 3.23607 -2 2.35114
      vertex 3.4641 -2 2
    endloop
  endfacet
  facet normal -0.777143 0 0.629324
    outer loop
      vertex -3.23607 4 2.35114
      vertex -2.97258 7 2.67652
      vertex -3.23607 7 2.35114
    endloop
  endfacet
  facet normal -0.777143 0 0.629324
    outer loop
      vertex -2.97258 7 2.67652
      vertex -3.23607 4 2.35114
      vertex -2.97258 4 2.67652
    endloop
  endfacet
  facet normal -0.777143 0 0.629324
    outer loop
      vertex -3.23607 -7 2.35114
      vertex -2.97258 -4 2.67652
      vertex -3.23607 -4 2.35114
    endloop
  endfacet
  facet normal -0.777143 0 0.629324
    outer loop
      vertex -2.97258 -4 2.67652
      vertex -3.23607 -7 2.35114
      vertex -2.97258 -7 2.67652
    endloop
  endfacet
  facet normal -0.777143 0 0.629324
    outer loop
      vertex -3.23607 -2 2.35114
      vertex -2.97258 2 2.67652
      vertex -3.23607 2 2.35114
    endloop
  endfacet
  facet normal -0.777143 0 0.629324
    outer loop
      vertex -2.97258 2 2.67652
      vertex -3.23607 -2 2.35114
      vertex -2.97258 -2 2.67652
    endloop
  endfacet
  facet normal -0.453993 0 0.891005
    outer loop
      vertex -2 7 3.4641
      vertex -1.62695 4 3.65418
      vertex -1.62695 7 3.65418
    endloop
  endfacet
  facet normal -0.453993 0 0.891005
    outer loop
      vertex -1.62695 4 3.65418
      vertex -2 7 3.4641
      vertex -2 4 3.4641
    endloop
  endfacet
  facet normal -0.453993 0 0.891005
    outer loop
      vertex -2 -4 3.4641
      vertex -1.62695 -7 3.65418
      vertex -1.62695 -4 3.65418
    endloop
  endfacet
  facet normal -0.453993 0 0.891005
    outer loop
      vertex -1.62695 -7 3.65418
      vertex -2 -4 3.4641
      vertex -2 -7 3.4641
    endloop
  endfacet
  facet normal -0.453993 0 0.891005
    outer loop
      vertex -2 2 3.4641
      vertex -1.62695 -2 3.65418
      vertex -1.62695 2 3.65418
    endloop
  endfacet
  facet normal -0.453993 0 0.891005
    outer loop
      vertex -1.62695 -2 3.65418
      vertex -2 2 3.4641
      vertex -2 -2 3.4641
    endloop
  endfacet
  facet normal -0.544634 0 -0.838674
    outer loop
      vertex -2.35114 4 -3.23607
      vertex -2 7 -3.4641
      vertex -2 4 -3.4641
    endloop
  endfacet
  facet normal -0.544634 0 -0.838674
    outer loop
      vertex -2 7 -3.4641
      vertex -2.35114 4 -3.23607
      vertex -2.35114 7 -3.23607
    endloop
  endfacet
  facet normal -0.544634 0 -0.838674
    outer loop
      vertex -2.35114 -7 -3.23607
      vertex -2 -4 -3.4641
      vertex -2 -7 -3.4641
    endloop
  endfacet
  facet normal -0.544634 0 -0.838674
    outer loop
      vertex -2 -4 -3.4641
      vertex -2.35114 -7 -3.23607
      vertex -2.35114 -4 -3.23607
    endloop
  endfacet
  facet normal -0.544634 0 -0.838674
    outer loop
      vertex -2.35114 -2 -3.23607
      vertex -2 2 -3.4641
      vertex -2 -2 -3.4641
    endloop
  endfacet
  facet normal -0.544634 0 -0.838674
    outer loop
      vertex -2 2 -3.4641
      vertex -2.35114 -2 -3.23607
      vertex -2.35114 2 -3.23607
    endloop
  endfacet
  facet normal 0.258808 0 0.965929
    outer loop
      vertex 0.831646 -4 3.91259
      vertex 1.23607 -7 3.80423
      vertex 1.23607 -4 3.80423
    endloop
  endfacet
  facet normal 0.258808 0 0.965929
    outer loop
      vertex 1.23607 -7 3.80423
      vertex 0.831646 -4 3.91259
      vertex 0.831646 -7 3.91259
    endloop
  endfacet
  facet normal 0.258808 0 0.965929
    outer loop
      vertex 0.831646 7 3.91259
      vertex 1.23607 4 3.80423
      vertex 1.23607 7 3.80423
    endloop
  endfacet
  facet normal 0.258808 0 0.965929
    outer loop
      vertex 1.23607 4 3.80423
      vertex 0.831646 7 3.91259
      vertex 0.831646 4 3.91259
    endloop
  endfacet
  facet normal 0.258808 0 0.965929
    outer loop
      vertex 0.831646 2 3.91259
      vertex 1.23607 -2 3.80423
      vertex 1.23607 2 3.80423
    endloop
  endfacet
  facet normal 0.258808 0 0.965929
    outer loop
      vertex 1.23607 -2 3.80423
      vertex 0.831646 2 3.91259
      vertex 0.831646 -2 3.91259
    endloop
  endfacet
  facet normal -0.629324 0 0.777143
    outer loop
      vertex -2.67652 7 2.97258
      vertex -2.35114 4 3.23607
      vertex -2.35114 7 3.23607
    endloop
  endfacet
  facet normal -0.629324 0 0.777143
    outer loop
      vertex -2.35114 4 3.23607
      vertex -2.67652 7 2.97258
      vertex -2.67652 4 2.97258
    endloop
  endfacet
  facet normal -0.629324 0 0.777143
    outer loop
      vertex -2.67652 -4 2.97258
      vertex -2.35114 -7 3.23607
      vertex -2.35114 -4 3.23607
    endloop
  endfacet
  facet normal -0.629324 0 0.777143
    outer loop
      vertex -2.35114 -7 3.23607
      vertex -2.67652 -4 2.97258
      vertex -2.67652 -7 2.97258
    endloop
  endfacet
  facet normal -0.629324 0 0.777143
    outer loop
      vertex -2.67652 2 2.97258
      vertex -2.35114 -2 3.23607
      vertex -2.35114 2 3.23607
    endloop
  endfacet
  facet normal -0.629324 0 0.777143
    outer loop
      vertex -2.35114 -2 3.23607
      vertex -2.67652 2 2.97258
      vertex -2.67652 -2 2.97258
    endloop
  endfacet
  facet normal -0.838674 0 -0.544634
    outer loop
      vertex -3.23607 -7 -2.35114
      vertex -3.4641 -4 -2
      vertex -3.23607 -4 -2.35114
    endloop
  endfacet
  facet normal -0.838674 -0 -0.544634
    outer loop
      vertex -3.4641 -4 -2
      vertex -3.23607 -7 -2.35114
      vertex -3.4641 -7 -2
    endloop
  endfacet
  facet normal -0.838674 0 -0.544634
    outer loop
      vertex -3.23607 4 -2.35114
      vertex -3.4641 7 -2
      vertex -3.23607 7 -2.35114
    endloop
  endfacet
  facet normal -0.838674 -0 -0.544634
    outer loop
      vertex -3.4641 7 -2
      vertex -3.23607 4 -2.35114
      vertex -3.4641 4 -2
    endloop
  endfacet
  facet normal -0.838674 0 -0.544634
    outer loop
      vertex -3.23607 -2 -2.35114
      vertex -3.4641 2 -2
      vertex -3.23607 2 -2.35114
    endloop
  endfacet
  facet normal -0.838674 -0 -0.544634
    outer loop
      vertex -3.4641 2 -2
      vertex -3.23607 -2 -2.35114
      vertex -3.4641 -2 -2
    endloop
  endfacet
  facet normal -0.544634 0 0.838674
    outer loop
      vertex -2.35114 7 3.23607
      vertex -2 4 3.4641
      vertex -2 7 3.4641
    endloop
  endfacet
  facet normal -0.544634 0 0.838674
    outer loop
      vertex -2 4 3.4641
      vertex -2.35114 7 3.23607
      vertex -2.35114 4 3.23607
    endloop
  endfacet
  facet normal -0.544634 0 0.838674
    outer loop
      vertex -2.35114 -4 3.23607
      vertex -2 -7 3.4641
      vertex -2 -4 3.4641
    endloop
  endfacet
  facet normal -0.544634 0 0.838674
    outer loop
      vertex -2 -7 3.4641
      vertex -2.35114 -4 3.23607
      vertex -2.35114 -7 3.23607
    endloop
  endfacet
  facet normal -0.544634 0 0.838674
    outer loop
      vertex -2.35114 2 3.23607
      vertex -2 -2 3.4641
      vertex -2 2 3.4641
    endloop
  endfacet
  facet normal -0.544634 0 0.838674
    outer loop
      vertex -2 -2 3.4641
      vertex -2.35114 2 3.23607
      vertex -2.35114 -2 3.23607
    endloop
  endfacet
  facet normal 0.777143 0 -0.629324
    outer loop
      vertex 3.23607 4 -2.35114
      vertex 2.97258 7 -2.67652
      vertex 3.23607 7 -2.35114
    endloop
  endfacet
  facet normal 0.777143 0 -0.629324
    outer loop
      vertex 2.97258 7 -2.67652
      vertex 3.23607 4 -2.35114
      vertex 2.97258 4 -2.67652
    endloop
  endfacet
  facet normal 0.777143 0 -0.629324
    outer loop
      vertex 3.23607 -7 -2.35114
      vertex 2.97258 -4 -2.67652
      vertex 3.23607 -4 -2.35114
    endloop
  endfacet
  facet normal 0.777143 0 -0.629324
    outer loop
      vertex 2.97258 -4 -2.67652
      vertex 3.23607 -7 -2.35114
      vertex 2.97258 -7 -2.67652
    endloop
  endfacet
  facet normal 0.777143 0 -0.629324
    outer loop
      vertex 3.23607 -2 -2.35114
      vertex 2.97258 2 -2.67652
      vertex 3.23607 2 -2.35114
    endloop
  endfacet
  facet normal 0.777143 0 -0.629324
    outer loop
      vertex 2.97258 2 -2.67652
      vertex 3.23607 -2 -2.35114
      vertex 2.97258 -2 -2.67652
    endloop
  endfacet
  facet normal 0.453993 0 -0.891005
    outer loop
      vertex 1.62695 -7 -3.65418
      vertex 2 -4 -3.4641
      vertex 2 -7 -3.4641
    endloop
  endfacet
  facet normal 0.453993 0 -0.891005
    outer loop
      vertex 2 -4 -3.4641
      vertex 1.62695 -7 -3.65418
      vertex 1.62695 -4 -3.65418
    endloop
  endfacet
  facet normal 0.453993 0 -0.891005
    outer loop
      vertex 1.62695 4 -3.65418
      vertex 2 7 -3.4641
      vertex 2 4 -3.4641
    endloop
  endfacet
  facet normal 0.453993 0 -0.891005
    outer loop
      vertex 2 7 -3.4641
      vertex 1.62695 4 -3.65418
      vertex 1.62695 7 -3.65418
    endloop
  endfacet
  facet normal 0.453993 0 -0.891005
    outer loop
      vertex 1.62695 -2 -3.65418
      vertex 2 2 -3.4641
      vertex 2 -2 -3.4641
    endloop
  endfacet
  facet normal 0.453993 0 -0.891005
    outer loop
      vertex 2 2 -3.4641
      vertex 1.62695 -2 -3.65418
      vertex 1.62695 2 -3.65418
    endloop
  endfacet
  facet normal 0.707107 0 -0.707107
    outer loop
      vertex 2.97258 -7 -2.67652
      vertex 2.67652 -4 -2.97258
      vertex 2.97258 -4 -2.67652
    endloop
  endfacet
  facet normal 0.707107 0 -0.707107
    outer loop
      vertex 2.67652 -4 -2.97258
      vertex 2.97258 -7 -2.67652
      vertex 2.67652 -7 -2.97258
    endloop
  endfacet
  facet normal 0.707107 0 -0.707107
    outer loop
      vertex 2.97258 4 -2.67652
      vertex 2.67652 7 -2.97258
      vertex 2.97258 7 -2.67652
    endloop
  endfacet
  facet normal 0.707107 0 -0.707107
    outer loop
      vertex 2.67652 7 -2.97258
      vertex 2.97258 4 -2.67652
      vertex 2.67652 4 -2.97258
    endloop
  endfacet
  facet normal 0.707107 0 -0.707107
    outer loop
      vertex 2.97258 -2 -2.67652
      vertex 2.67652 2 -2.97258
      vertex 2.97258 2 -2.67652
    endloop
  endfacet
  facet normal 0.707107 0 -0.707107
    outer loop
      vertex 2.67652 2 -2.97258
      vertex 2.97258 -2 -2.67652
      vertex 2.67652 -2 -2.97258
    endloop
  endfacet
  facet normal 0.358379 0 -0.933576
    outer loop
      vertex 1.23607 -7 -3.80423
      vertex 1.62695 -4 -3.65418
      vertex 1.62695 -7 -3.65418
    endloop
  endfacet
  facet normal 0.358379 0 -0.933576
    outer loop
      vertex 1.62695 -4 -3.65418
      vertex 1.23607 -7 -3.80423
      vertex 1.23607 -4 -3.80423
    endloop
  endfacet
  facet normal 0.358379 0 -0.933576
    outer loop
      vertex 1.23607 4 -3.80423
      vertex 1.62695 7 -3.65418
      vertex 1.62695 4 -3.65418
    endloop
  endfacet
  facet normal 0.358379 0 -0.933576
    outer loop
      vertex 1.62695 7 -3.65418
      vertex 1.23607 4 -3.80423
      vertex 1.23607 7 -3.80423
    endloop
  endfacet
  facet normal 0.358379 0 -0.933576
    outer loop
      vertex 1.23607 -2 -3.80423
      vertex 1.62695 2 -3.65418
      vertex 1.62695 -2 -3.65418
    endloop
  endfacet
  facet normal 0.358379 0 -0.933576
    outer loop
      vertex 1.62695 2 -3.65418
      vertex 1.23607 -2 -3.80423
      vertex 1.23607 2 -3.80423
    endloop
  endfacet
  facet normal 0.258808 0 -0.965929
    outer loop
      vertex 0.831646 4 -3.91259
      vertex 1.23607 7 -3.80423
      vertex 1.23607 4 -3.80423
    endloop
  endfacet
  facet normal 0.258808 0 -0.965929
    outer loop
      vertex 1.23607 7 -3.80423
      vertex 0.831646 4 -3.91259
      vertex 0.831646 7 -3.91259
    endloop
  endfacet
  facet normal 0.258808 0 -0.965929
    outer loop
      vertex 0.831646 -7 -3.91259
      vertex 1.23607 -4 -3.80423
      vertex 1.23607 -7 -3.80423
    endloop
  endfacet
  facet normal 0.258808 0 -0.965929
    outer loop
      vertex 1.23607 -4 -3.80423
      vertex 0.831646 -7 -3.91259
      vertex 0.831646 -4 -3.91259
    endloop
  endfacet
  facet normal 0.258808 0 -0.965929
    outer loop
      vertex 0.831646 -2 -3.91259
      vertex 1.23607 2 -3.80423
      vertex 1.23607 -2 -3.80423
    endloop
  endfacet
  facet normal 0.258808 0 -0.965929
    outer loop
      vertex 1.23607 2 -3.80423
      vertex 0.831646 -2 -3.91259
      vertex 0.831646 2 -3.91259
    endloop
  endfacet
  facet normal 0.933576 0 -0.358379
    outer loop
      vertex 3.80423 -7 -1.23607
      vertex 3.65418 -4 -1.62695
      vertex 3.80423 -4 -1.23607
    endloop
  endfacet
  facet normal 0.933576 0 -0.358379
    outer loop
      vertex 3.65418 -4 -1.62695
      vertex 3.80423 -7 -1.23607
      vertex 3.65418 -7 -1.62695
    endloop
  endfacet
  facet normal 0.933576 0 -0.358379
    outer loop
      vertex 3.80423 4 -1.23607
      vertex 3.65418 7 -1.62695
      vertex 3.80423 7 -1.23607
    endloop
  endfacet
  facet normal 0.933576 0 -0.358379
    outer loop
      vertex 3.65418 7 -1.62695
      vertex 3.80423 4 -1.23607
      vertex 3.65418 4 -1.62695
    endloop
  endfacet
  facet normal 0.933576 0 -0.358379
    outer loop
      vertex 3.80423 -2 -1.23607
      vertex 3.65418 2 -1.62695
      vertex 3.80423 2 -1.23607
    endloop
  endfacet
  facet normal 0.933576 0 -0.358379
    outer loop
      vertex 3.65418 2 -1.62695
      vertex 3.80423 -2 -1.23607
      vertex 3.65418 -2 -1.62695
    endloop
  endfacet
  facet normal -0.0523302 0 -0.99863
    outer loop
      vertex -0.418114 4 -3.97809
      vertex 0 7 -4
      vertex 0 4 -4
    endloop
  endfacet
  facet normal -0.0523302 0 -0.99863
    outer loop
      vertex 0 7 -4
      vertex -0.418114 4 -3.97809
      vertex -0.418114 7 -3.97809
    endloop
  endfacet
  facet normal -0.0523302 0 -0.99863
    outer loop
      vertex -0.418114 -7 -3.97809
      vertex 0 -4 -4
      vertex 0 -7 -4
    endloop
  endfacet
  facet normal -0.0523302 0 -0.99863
    outer loop
      vertex 0 -4 -4
      vertex -0.418114 -7 -3.97809
      vertex -0.418114 -4 -3.97809
    endloop
  endfacet
  facet normal -0.0523302 0 -0.99863
    outer loop
      vertex -0.418114 -2 -3.97809
      vertex 0 2 -4
      vertex 0 -2 -4
    endloop
  endfacet
  facet normal -0.0523302 0 -0.99863
    outer loop
      vertex 0 2 -4
      vertex -0.418114 -2 -3.97809
      vertex -0.418114 2 -3.97809
    endloop
  endfacet
  facet normal -0.629324 0 -0.777143
    outer loop
      vertex -2.67652 4 -2.97258
      vertex -2.35114 7 -3.23607
      vertex -2.35114 4 -3.23607
    endloop
  endfacet
  facet normal -0.629324 0 -0.777143
    outer loop
      vertex -2.35114 7 -3.23607
      vertex -2.67652 4 -2.97258
      vertex -2.67652 7 -2.97258
    endloop
  endfacet
  facet normal -0.629324 0 -0.777143
    outer loop
      vertex -2.67652 -7 -2.97258
      vertex -2.35114 -4 -3.23607
      vertex -2.35114 -7 -3.23607
    endloop
  endfacet
  facet normal -0.629324 0 -0.777143
    outer loop
      vertex -2.35114 -4 -3.23607
      vertex -2.67652 -7 -2.97258
      vertex -2.67652 -4 -2.97258
    endloop
  endfacet
  facet normal -0.629324 0 -0.777143
    outer loop
      vertex -2.67652 -2 -2.97258
      vertex -2.35114 2 -3.23607
      vertex -2.35114 -2 -3.23607
    endloop
  endfacet
  facet normal -0.629324 0 -0.777143
    outer loop
      vertex -2.35114 2 -3.23607
      vertex -2.67652 -2 -2.97258
      vertex -2.67652 2 -2.97258
    endloop
  endfacet
  facet normal 0.891005 0 -0.453993
    outer loop
      vertex 3.65418 -7 -1.62695
      vertex 3.4641 -4 -2
      vertex 3.65418 -4 -1.62695
    endloop
  endfacet
  facet normal 0.891005 0 -0.453993
    outer loop
      vertex 3.4641 -4 -2
      vertex 3.65418 -7 -1.62695
      vertex 3.4641 -7 -2
    endloop
  endfacet
  facet normal 0.891005 0 -0.453993
    outer loop
      vertex 3.65418 4 -1.62695
      vertex 3.4641 7 -2
      vertex 3.65418 7 -1.62695
    endloop
  endfacet
  facet normal 0.891005 0 -0.453993
    outer loop
      vertex 3.4641 7 -2
      vertex 3.65418 4 -1.62695
      vertex 3.4641 4 -2
    endloop
  endfacet
  facet normal 0.891005 0 -0.453993
    outer loop
      vertex 3.65418 -2 -1.62695
      vertex 3.4641 2 -2
      vertex 3.65418 2 -1.62695
    endloop
  endfacet
  facet normal 0.891005 0 -0.453993
    outer loop
      vertex 3.4641 2 -2
      vertex 3.65418 -2 -1.62695
      vertex 3.4641 -2 -2
    endloop
  endfacet
  facet normal 0 -1 0
    outer loop
      vertex -0.418114 -7 3.97809
      vertex 0.418114 -7 3.97809
      vertex 0 -7 4
    endloop
  endfacet
  facet normal 0 -1 0
    outer loop
      vertex -0.831646 -7 3.91259
      vertex 0.418114 -7 3.97809
      vertex -0.418114 -7 3.97809
    endloop
  endfacet
  facet normal 0 -1 0
    outer loop
      vertex -0.831646 -7 3.91259
      vertex 0.831646 -7 3.91259
      vertex 0.418114 -7 3.97809
    endloop
  endfacet
  facet normal 0 -1 0
    outer loop
      vertex -1.23607 -7 3.80423
      vertex 0.831646 -7 3.91259
      vertex -0.831646 -7 3.91259
    endloop
  endfacet
  facet normal 0 -1 0
    outer loop
      vertex -1.23607 -7 3.80423
      vertex 1.23607 -7 3.80423
      vertex 0.831646 -7 3.91259
    endloop
  endfacet
  facet normal 0 -1 0
    outer loop
      vertex -1.62695 -7 3.65418
      vertex 1.23607 -7 3.80423
      vertex -1.23607 -7 3.80423
    endloop
  endfacet
  facet normal 0 -1 0
    outer loop
      vertex -1.62695 -7 3.65418
      vertex 1.62695 -7 3.65418
      vertex 1.23607 -7 3.80423
    endloop
  endfacet
  facet normal 0 -1 0
    outer loop
      vertex -2 -7 3.4641
      vertex 1.62695 -7 3.65418
      vertex -1.62695 -7 3.65418
    endloop
  endfacet
  facet normal 0 -1 0
    outer loop
      vertex -2 -7 3.4641
      vertex 2 -7 3.4641
      vertex 1.62695 -7 3.65418
    endloop
  endfacet
  facet normal 0 -1 0
    outer loop
      vertex -2.35114 -7 3.23607
      vertex 2 -7 3.4641
      vertex -2 -7 3.4641
    endloop
  endfacet
  facet normal 0 -1 0
    outer loop
      vertex -2.35114 -7 3.23607
      vertex 2.35114 -7 3.23607
      vertex 2 -7 3.4641
    endloop
  endfacet
  facet normal 0 -1 0
    outer loop
      vertex -2.67652 -7 2.97258
      vertex 2.35114 -7 3.23607
      vertex -2.35114 -7 3.23607
    endloop
  endfacet
  facet normal 0 -1 0
    outer loop
      vertex -2.67652 -7 2.97258
      vertex 2.67652 -7 2.97258
      vertex 2.35114 -7 3.23607
    endloop
  endfacet
  facet normal 0 -1 0
    outer loop
      vertex -2.97258 -7 2.67652
      vertex 2.67652 -7 2.97258
      vertex -2.67652 -7 2.97258
    endloop
  endfacet
  facet normal 0 -1 0
    outer loop
      vertex -2.97258 -7 2.67652
      vertex 2.97258 -7 2.67652
      vertex 2.67652 -7 2.97258
    endloop
  endfacet
  facet normal 0 -1 0
    outer loop
      vertex -3.23607 -7 2.35114
      vertex 2.97258 -7 2.67652
      vertex -2.97258 -7 2.67652
    endloop
  endfacet
  facet normal 0 -1 0
    outer loop
      vertex -3.23607 -7 2.35114
      vertex 3.23607 -7 2.35114
      vertex 2.97258 -7 2.67652
    endloop
  endfacet
  facet normal 0 -1 0
    outer loop
      vertex -3.4641 -7 2
      vertex 3.23607 -7 2.35114
      vertex -3.23607 -7 2.35114
    endloop
  endfacet
  facet normal 0 -1 0
    outer loop
      vertex -3.4641 -7 2
      vertex 3.4641 -7 2
      vertex 3.23607 -7 2.35114
    endloop
  endfacet
  facet normal 0 -1 0
    outer loop
      vertex -3.65418 -7 1.62695
      vertex 3.4641 -7 2
      vertex -3.4641 -7 2
    endloop
  endfacet
  facet normal 0 -1 0
    outer loop
      vertex -3.65418 -7 1.62695
      vertex 3.65418 -7 1.62695
      vertex 3.4641 -7 2
    endloop
  endfacet
  facet normal 0 -1 0
    outer loop
      vertex -3.80423 -7 1.23607
      vertex 3.65418 -7 1.62695
      vertex -3.65418 -7 1.62695
    endloop
  endfacet
  facet normal 0 -1 0
    outer loop
      vertex -3.80423 -7 1.23607
      vertex 3.80423 -7 1.23607
      vertex 3.65418 -7 1.62695
    endloop
  endfacet
  facet normal 0 -1 0
    outer loop
      vertex -3.91259 -7 0.831646
      vertex 3.80423 -7 1.23607
      vertex -3.80423 -7 1.23607
    endloop
  endfacet
  facet normal 0 -1 0
    outer loop
      vertex -3.91259 -7 0.831646
      vertex 3.91259 -7 0.831646
      vertex 3.80423 -7 1.23607
    endloop
  endfacet
  facet normal 0 -1 0
    outer loop
      vertex -3.97809 -7 0.418114
      vertex 3.91259 -7 0.831646
      vertex -3.91259 -7 0.831646
    endloop
  endfacet
  facet normal 0 -1 0
    outer loop
      vertex -3.97809 -7 0.418114
      vertex 3.97809 -7 0.418114
      vertex 3.91259 -7 0.831646
    endloop
  endfacet
  facet normal 0 -1 0
    outer loop
      vertex -4 -7 0
      vertex 3.97809 -7 0.418114
      vertex -3.97809 -7 0.418114
    endloop
  endfacet
  facet normal 0 -1 0
    outer loop
      vertex -4 -7 0
      vertex 4 -7 0
      vertex 3.97809 -7 0.418114
    endloop
  endfacet
  facet normal 0 -1 0
    outer loop
      vertex -3.97809 -7 -0.418114
      vertex 4 -7 0
      vertex -4 -7 0
    endloop
  endfacet
  facet normal 0 -1 0
    outer loop
      vertex -3.97809 -7 -0.418114
      vertex 3.97809 -7 -0.418114
      vertex 4 -7 0
    endloop
  endfacet
  facet normal 0 -1 0
    outer loop
      vertex -3.91259 -7 -0.831646
      vertex 3.97809 -7 -0.418114
      vertex -3.97809 -7 -0.418114
    endloop
  endfacet
  facet normal 0 -1 0
    outer loop
      vertex -3.91259 -7 -0.831646
      vertex 3.91259 -7 -0.831646
      vertex 3.97809 -7 -0.418114
    endloop
  endfacet
  facet normal 0 -1 0
    outer loop
      vertex -3.80423 -7 -1.23607
      vertex 3.91259 -7 -0.831646
      vertex -3.91259 -7 -0.831646
    endloop
  endfacet
  facet normal 0 -1 0
    outer loop
      vertex -3.80423 -7 -1.23607
      vertex 3.80423 -7 -1.23607
      vertex 3.91259 -7 -0.831646
    endloop
  endfacet
  facet normal 0 -1 0
    outer loop
      vertex -3.65418 -7 -1.62695
      vertex 3.80423 -7 -1.23607
      vertex -3.80423 -7 -1.23607
    endloop
  endfacet
  facet normal 0 -1 0
    outer loop
      vertex -3.65418 -7 -1.62695
      vertex 3.65418 -7 -1.62695
      vertex 3.80423 -7 -1.23607
    endloop
  endfacet
  facet normal 0 -1 0
    outer loop
      vertex -3.4641 -7 -2
      vertex 3.65418 -7 -1.62695
      vertex -3.65418 -7 -1.62695
    endloop
  endfacet
  facet normal 0 -1 0
    outer loop
      vertex -3.4641 -7 -2
      vertex 3.4641 -7 -2
      vertex 3.65418 -7 -1.62695
    endloop
  endfacet
  facet normal 0 -1 0
    outer loop
      vertex -3.23607 -7 -2.35114
      vertex 3.4641 -7 -2
      vertex -3.4641 -7 -2
    endloop
  endfacet
  facet normal 0 -1 0
    outer loop
      vertex -3.23607 -7 -2.35114
      vertex 3.23607 -7 -2.35114
      vertex 3.4641 -7 -2
    endloop
  endfacet
  facet normal 0 -1 0
    outer loop
      vertex -2.97258 -7 -2.67652
      vertex 3.23607 -7 -2.35114
      vertex -3.23607 -7 -2.35114
    endloop
  endfacet
  facet normal 0 -1 0
    outer loop
      vertex -2.97258 -7 -2.67652
      vertex 2.97258 -7 -2.67652
      vertex 3.23607 -7 -2.35114
    endloop
  endfacet
  facet normal 0 -1 0
    outer loop
      vertex -2.67652 -7 -2.97258
      vertex 2.97258 -7 -2.67652
      vertex -2.97258 -7 -2.67652
    endloop
  endfacet
  facet normal 0 -1 0
    outer loop
      vertex -2.67652 -7 -2.97258
      vertex 2.67652 -7 -2.97258
      vertex 2.97258 -7 -2.67652
    endloop
  endfacet
  facet normal 0 -1 0
    outer loop
      vertex -2.35114 -7 -3.23607
      vertex 2.67652 -7 -2.97258
      vertex -2.67652 -7 -2.97258
    endloop
  endfacet
  facet normal 0 -1 0
    outer loop
      vertex -2.35114 -7 -3.23607
      vertex 2.35114 -7 -3.23607
      vertex 2.67652 -7 -2.97258
    endloop
  endfacet
  facet normal 0 -1 0
    outer loop
      vertex -2 -7 -3.4641
      vertex 2.35114 -7 -3.23607
      vertex -2.35114 -7 -3.23607
    endloop
  endfacet
  facet normal 0 -1 0
    outer loop
      vertex -2 -7 -3.4641
      vertex 2 -7 -3.4641
      vertex 2.35114 -7 -3.23607
    endloop
  endfacet
  facet normal 0 -1 0
    outer loop
      vertex -1.62695 -7 -3.65418
      vertex 2 -7 -3.4641
      vertex -2 -7 -3.4641
    endloop
  endfacet
  facet normal 0 -1 0
    outer loop
      vertex -1.62695 -7 -3.65418
      vertex 1.62695 -7 -3.65418
      vertex 2 -7 -3.4641
    endloop
  endfacet
  facet normal 0 -1 0
    outer loop
      vertex -1.23607 -7 -3.80423
      vertex 1.62695 -7 -3.65418
      vertex -1.62695 -7 -3.65418
    endloop
  endfacet
  facet normal 0 -1 0
    outer loop
      vertex -1.23607 -7 -3.80423
      vertex 1.23607 -7 -3.80423
      vertex 1.62695 -7 -3.65418
    endloop
  endfacet
  facet normal 0 -1 0
    outer loop
      vertex -0.831646 -7 -3.91259
      vertex 1.23607 -7 -3.80423
      vertex -1.23607 -7 -3.80423
    endloop
  endfacet
  facet normal 0 -1 0
    outer loop
      vertex -0.831646 -7 -3.91259
      vertex 0.831646 -7 -3.91259
      vertex 1.23607 -7 -3.80423
    endloop
  endfacet
  facet normal 0 -1 0
    outer loop
      vertex -0.418114 -7 -3.97809
      vertex 0.831646 -7 -3.91259
      vertex -0.831646 -7 -3.91259
    endloop
  endfacet
  facet normal 0 -1 0
    outer loop
      vertex -0.418114 -7 -3.97809
      vertex 0.418114 -7 -3.97809
      vertex 0.831646 -7 -3.91259
    endloop
  endfacet
  facet normal -0 -1 0
    outer loop
      vertex 0.418114 -7 -3.97809
      vertex -0.418114 -7 -3.97809
      vertex 0 -7 -4
    endloop
  endfacet
  facet normal 1 -0 0
    outer loop
      vertex 12 -8 -25
      vertex 12 8 -38
      vertex 12 8 -25
    endloop
  endfacet
  facet normal 1 0 0
    outer loop
      vertex 12 8 -38
      vertex 12 -8 -25
      vertex 12 -8 -38
    endloop
  endfacet
  facet normal -0 0 1
    outer loop
      vertex -12 8 -25
      vertex 12 -8 -25
      vertex 12 8 -25
    endloop
  endfacet
  facet normal 0 0 1
    outer loop
      vertex 12 -8 -25
      vertex -12 8 -25
      vertex -12 -8 -25
    endloop
  endfacet
  facet normal 0 0 -1
    outer loop
      vertex -12 -8 -38
      vertex 12 8 -38
      vertex 12 -8 -38
    endloop
  endfacet
  facet normal -0 0 -1
    outer loop
      vertex 12 8 -38
      vertex -12 -8 -38
      vertex -12 8 -38
    endloop
  endfacet
  facet normal -1 0 0
    outer loop
      vertex -12 -8 -38
      vertex -12 8 -25
      vertex -12 8 -38
    endloop
  endfacet
  facet normal -1 -0 0
    outer loop
      vertex -12 8 -25
      vertex -12 -8 -38
      vertex -12 -8 -25
    endloop
  endfacet
  facet normal 0 1 -0
    outer loop
      vertex 12 8 -38
      vertex -12 8 -25
      vertex 12 8 -25
    endloop
  endfacet
  facet normal 0 1 0
    outer loop
      vertex -12 8 -25
      vertex 12 8 -38
      vertex -12 8 -38
    endloop
  endfacet
  facet normal 0 -1 0
    outer loop
      vertex -12 -8 -38
      vertex 12 -8 -25
      vertex -12 -8 -25
    endloop
  endfacet
  facet normal 0 -1 -0
    outer loop
      vertex 12 -8 -25
      vertex -12 -8 -38
      vertex 12 -8 -38
    endloop
  endfacet
endsolid OpenSCAD_Model
