solid OpenSCAD_Model
  facet normal 0.987688 0 -0.156435
    outer loop
      vertex 34.8083 -3 -3.6585
      vertex 34.2352 3 -7.27691
      vertex 34.8083 3 -3.6585
    endloop
  endfacet
  facet normal 0.987688 0 -0.156435
    outer loop
      vertex 34.2352 3 -7.27691
      vertex 34.8083 -3 -3.6585
      vertex 34.2352 -3 -7.27691
    endloop
  endfacet
  facet normal 0.987688 -0 0.156435
    outer loop
      vertex 34.2352 -3 7.27691
      vertex 34.8083 3 3.6585
      vertex 34.2352 3 7.27691
    endloop
  endfacet
  facet normal 0.987688 0 0.156435
    outer loop
      vertex 34.8083 3 3.6585
      vertex 34.2352 -3 7.27691
      vertex 34.8083 -3 3.6585
    endloop
  endfacet
  facet normal 0.99863 -0 0.0523267
    outer loop
      vertex 34.8083 -3 3.6585
      vertex 35 3 0
      vertex 34.8083 3 3.6585
    endloop
  endfacet
  facet normal 0.99863 0 0.0523267
    outer loop
      vertex 35 3 0
      vertex 34.8083 -3 3.6585
      vertex 35 -3 0
    endloop
  endfacet
  facet normal 0.965925 -0 0.258822
    outer loop
      vertex 33.287 -3 10.8156
      vertex 34.2352 3 7.27691
      vertex 33.287 3 10.8156
    endloop
  endfacet
  facet normal 0.965925 0 0.258822
    outer loop
      vertex 34.2352 3 7.27691
      vertex 33.287 -3 10.8156
      vertex 34.2352 -3 7.27691
    endloop
  endfacet
  facet normal 0.93358 -0 0.35837
    outer loop
      vertex 31.9741 -3 14.2358
      vertex 33.287 3 10.8156
      vertex 31.9741 3 14.2358
    endloop
  endfacet
  facet normal 0.93358 0 0.35837
    outer loop
      vertex 33.287 3 10.8156
      vertex 31.9741 -3 14.2358
      vertex 33.287 -3 10.8156
    endloop
  endfacet
  facet normal 0.258822 0 -0.965925
    outer loop
      vertex 7.27691 -3 -34.2352
      vertex 10.8156 3 -33.287
      vertex 10.8156 -3 -33.287
    endloop
  endfacet
  facet normal 0.258822 0 -0.965925
    outer loop
      vertex 10.8156 3 -33.287
      vertex 7.27691 -3 -34.2352
      vertex 7.27691 3 -34.2352
    endloop
  endfacet
  facet normal 0.777151 -0 0.629314
    outer loop
      vertex 26.0101 -3 23.4196
      vertex 28.3156 3 20.5725
      vertex 26.0101 3 23.4196
    endloop
  endfacet
  facet normal 0.777151 0 0.629314
    outer loop
      vertex 28.3156 3 20.5725
      vertex 26.0101 -3 23.4196
      vertex 28.3156 -3 20.5725
    endloop
  endfacet
  facet normal -0.453992 0 -0.891006
    outer loop
      vertex -17.5 -3 -30.3109
      vertex -14.2358 3 -31.9741
      vertex -14.2358 -3 -31.9741
    endloop
  endfacet
  facet normal -0.453992 0 -0.891006
    outer loop
      vertex -14.2358 3 -31.9741
      vertex -17.5 -3 -30.3109
      vertex -17.5 3 -30.3109
    endloop
  endfacet
  facet normal -0.987688 0 -0.156435
    outer loop
      vertex -34.2352 -3 -7.27691
      vertex -34.8083 3 -3.6585
      vertex -34.2352 3 -7.27691
    endloop
  endfacet
  facet normal -0.987688 -0 -0.156435
    outer loop
      vertex -34.8083 3 -3.6585
      vertex -34.2352 -3 -7.27691
      vertex -34.8083 -3 -3.6585
    endloop
  endfacet
  facet normal -0.965925 0 0.258822
    outer loop
      vertex -34.2352 -3 7.27691
      vertex -33.287 3 10.8156
      vertex -34.2352 3 7.27691
    endloop
  endfacet
  facet normal -0.965925 0 0.258822
    outer loop
      vertex -33.287 3 10.8156
      vertex -34.2352 -3 7.27691
      vertex -33.287 -3 10.8156
    endloop
  endfacet
  facet normal 0.258822 0 0.965925
    outer loop
      vertex 7.27691 3 34.2352
      vertex 10.8156 -3 33.287
      vertex 10.8156 3 33.287
    endloop
  endfacet
  facet normal 0.258822 0 0.965925
    outer loop
      vertex 10.8156 -3 33.287
      vertex 7.27691 3 34.2352
      vertex 7.27691 -3 34.2352
    endloop
  endfacet
  facet normal 0.0523267 0 0.99863
    outer loop
      vertex 0 3 35
      vertex 3.6585 -3 34.8083
      vertex 3.6585 3 34.8083
    endloop
  endfacet
  facet normal 0.0523267 0 0.99863
    outer loop
      vertex 3.6585 -3 34.8083
      vertex 0 3 35
      vertex 0 -3 35
    endloop
  endfacet
  facet normal 0.35837 0 0.93358
    outer loop
      vertex 10.8156 3 33.287
      vertex 14.2358 -3 31.9741
      vertex 14.2358 3 31.9741
    endloop
  endfacet
  facet normal 0.35837 0 0.93358
    outer loop
      vertex 14.2358 -3 31.9741
      vertex 10.8156 3 33.287
      vertex 10.8156 -3 33.287
    endloop
  endfacet
  facet normal -0.965925 0 -0.258822
    outer loop
      vertex -33.287 -3 -10.8156
      vertex -34.2352 3 -7.27691
      vertex -33.287 3 -10.8156
    endloop
  endfacet
  facet normal -0.965925 -0 -0.258822
    outer loop
      vertex -34.2352 3 -7.27691
      vertex -33.287 -3 -10.8156
      vertex -34.2352 -3 -7.27691
    endloop
  endfacet
  facet normal -0.891006 0 -0.453992
    outer loop
      vertex -30.3109 -3 -17.5
      vertex -31.9741 3 -14.2358
      vertex -30.3109 3 -17.5
    endloop
  endfacet
  facet normal -0.891006 -0 -0.453992
    outer loop
      vertex -31.9741 3 -14.2358
      vertex -30.3109 -3 -17.5
      vertex -31.9741 -3 -14.2358
    endloop
  endfacet
  facet normal 0.453992 0 0.891006
    outer loop
      vertex 14.2358 3 31.9741
      vertex 17.5 -3 30.3109
      vertex 17.5 3 30.3109
    endloop
  endfacet
  facet normal 0.453992 0 0.891006
    outer loop
      vertex 17.5 -3 30.3109
      vertex 14.2358 3 31.9741
      vertex 14.2358 -3 31.9741
    endloop
  endfacet
  facet normal 0.35837 0 -0.93358
    outer loop
      vertex 10.8156 -3 -33.287
      vertex 14.2358 3 -31.9741
      vertex 14.2358 -3 -31.9741
    endloop
  endfacet
  facet normal 0.35837 0 -0.93358
    outer loop
      vertex 14.2358 3 -31.9741
      vertex 10.8156 -3 -33.287
      vertex 10.8156 3 -33.287
    endloop
  endfacet
  facet normal -0.99863 0 -0.0523267
    outer loop
      vertex -34.8083 -3 -3.6585
      vertex -35 3 0
      vertex -34.8083 3 -3.6585
    endloop
  endfacet
  facet normal -0.99863 -0 -0.0523267
    outer loop
      vertex -35 3 0
      vertex -34.8083 -3 -3.6585
      vertex -35 -3 0
    endloop
  endfacet
  facet normal -0.777151 0 0.629314
    outer loop
      vertex -28.3156 -3 20.5725
      vertex -26.0101 3 23.4196
      vertex -28.3156 3 20.5725
    endloop
  endfacet
  facet normal -0.777151 0 0.629314
    outer loop
      vertex -26.0101 3 23.4196
      vertex -28.3156 -3 20.5725
      vertex -26.0101 -3 23.4196
    endloop
  endfacet
  facet normal -0.258822 0 0.965925
    outer loop
      vertex -10.8156 3 33.287
      vertex -7.27691 -3 34.2352
      vertex -7.27691 3 34.2352
    endloop
  endfacet
  facet normal -0.258822 0 0.965925
    outer loop
      vertex -7.27691 -3 34.2352
      vertex -10.8156 3 33.287
      vertex -10.8156 -3 33.287
    endloop
  endfacet
  facet normal 0.838671 0 -0.544638
    outer loop
      vertex 30.3109 -3 -17.5
      vertex 28.3156 3 -20.5725
      vertex 30.3109 3 -17.5
    endloop
  endfacet
  facet normal 0.838671 0 -0.544638
    outer loop
      vertex 28.3156 3 -20.5725
      vertex 30.3109 -3 -17.5
      vertex 28.3156 -3 -20.5725
    endloop
  endfacet
  facet normal -0.258822 0 -0.965925
    outer loop
      vertex -10.8156 -3 -33.287
      vertex -7.27691 3 -34.2352
      vertex -7.27691 -3 -34.2352
    endloop
  endfacet
  facet normal -0.258822 0 -0.965925
    outer loop
      vertex -7.27691 3 -34.2352
      vertex -10.8156 -3 -33.287
      vertex -10.8156 3 -33.287
    endloop
  endfacet
  facet normal -0.544638 0 0.838671
    outer loop
      vertex -20.5725 3 28.3156
      vertex -17.5 -3 30.3109
      vertex -17.5 3 30.3109
    endloop
  endfacet
  facet normal -0.544638 0 0.838671
    outer loop
      vertex -17.5 -3 30.3109
      vertex -20.5725 3 28.3156
      vertex -20.5725 -3 28.3156
    endloop
  endfacet
  facet normal 0.0523267 0 -0.99863
    outer loop
      vertex 0 -3 -35
      vertex 3.6585 3 -34.8083
      vertex 3.6585 -3 -34.8083
    endloop
  endfacet
  facet normal 0.0523267 0 -0.99863
    outer loop
      vertex 3.6585 3 -34.8083
      vertex 0 -3 -35
      vertex 0 3 -35
    endloop
  endfacet
  facet normal 0.629314 0 0.777151
    outer loop
      vertex 20.5725 3 28.3156
      vertex 23.4196 -3 26.0101
      vertex 23.4196 3 26.0101
    endloop
  endfacet
  facet normal 0.629314 0 0.777151
    outer loop
      vertex 23.4196 -3 26.0101
      vertex 20.5725 3 28.3156
      vertex 20.5725 -3 28.3156
    endloop
  endfacet
  facet normal 0.838671 -0 0.544638
    outer loop
      vertex 28.3156 -3 20.5725
      vertex 30.3109 3 17.5
      vertex 28.3156 3 20.5725
    endloop
  endfacet
  facet normal 0.838671 0 0.544638
    outer loop
      vertex 30.3109 3 17.5
      vertex 28.3156 -3 20.5725
      vertex 30.3109 -3 17.5
    endloop
  endfacet
  facet normal 0.156435 0 -0.987688
    outer loop
      vertex 3.6585 -3 -34.8083
      vertex 7.27691 3 -34.2352
      vertex 7.27691 -3 -34.2352
    endloop
  endfacet
  facet normal 0.156435 0 -0.987688
    outer loop
      vertex 7.27691 3 -34.2352
      vertex 3.6585 -3 -34.8083
      vertex 3.6585 3 -34.8083
    endloop
  endfacet
  facet normal -0.453992 0 0.891006
    outer loop
      vertex -17.5 3 30.3109
      vertex -14.2358 -3 31.9741
      vertex -14.2358 3 31.9741
    endloop
  endfacet
  facet normal -0.453992 0 0.891006
    outer loop
      vertex -14.2358 -3 31.9741
      vertex -17.5 3 30.3109
      vertex -17.5 -3 30.3109
    endloop
  endfacet
  facet normal 0 -1 -0
    outer loop
      vertex -6.84703 -3 -1.45538
      vertex -27.8952 -3 -2
      vertex -6.7011 -3 -2
    endloop
  endfacet
  facet normal 0 -1 -0
    outer loop
      vertex -0.731699 -3 -6.96165
      vertex -2 -3 -27.8952
      vertex 0 -3 -7
    endloop
  endfacet
  facet normal 0 -1 -0
    outer loop
      vertex -1.45538 -3 -6.84703
      vertex -2 -3 -27.8952
      vertex -0.731699 -3 -6.96165
    endloop
  endfacet
  facet normal 0 -1 0
    outer loop
      vertex -2 -3 -27.8952
      vertex -1.45538 -3 -6.84703
      vertex -2 -3 -6.7011
    endloop
  endfacet
  facet normal 0 -1 0
    outer loop
      vertex 6.7011 -3 2
      vertex 6.84703 -3 1.45538
      vertex 27.8952 -3 2
    endloop
  endfacet
  facet normal 0 -1 0
    outer loop
      vertex -2 -3 27.8952
      vertex 0 -3 7
      vertex 2 -3 27.8952
    endloop
  endfacet
  facet normal 0 -1 0
    outer loop
      vertex -2 -3 27.8952
      vertex -0.731699 -3 6.96165
      vertex 0 -3 7
    endloop
  endfacet
  facet normal 0 -1 0
    outer loop
      vertex -2 -3 27.8952
      vertex -1.45538 -3 6.84703
      vertex -0.731699 -3 6.96165
    endloop
  endfacet
  facet normal -0 -1 0
    outer loop
      vertex -1.45538 -3 6.84703
      vertex -2 -3 27.8952
      vertex -2 -3 6.7011
    endloop
  endfacet
  facet normal 0 -1 0
    outer loop
      vertex -2 -3 27.8952
      vertex 0 -3 35
      vertex -3.6585 -3 34.8083
    endloop
  endfacet
  facet normal 0 -1 0
    outer loop
      vertex -2.9268 -3 27.8466
      vertex -3.6585 -3 34.8083
      vertex -7.27691 -3 34.2352
    endloop
  endfacet
  facet normal 0 -1 0
    outer loop
      vertex 2 -3 27.8952
      vertex 0 -3 35
      vertex -2 -3 27.8952
    endloop
  endfacet
  facet normal 0 -1 0
    outer loop
      vertex -5.82153 -3 27.3881
      vertex -7.27691 -3 34.2352
      vertex -10.8156 -3 33.287
    endloop
  endfacet
  facet normal 0 -1 0
    outer loop
      vertex 0 -3 35
      vertex 2 -3 27.8952
      vertex 3.6585 -3 34.8083
    endloop
  endfacet
  facet normal 0 -1 0
    outer loop
      vertex -8.65248 -3 26.6296
      vertex -10.8156 -3 33.287
      vertex -14.2358 -3 31.9741
    endloop
  endfacet
  facet normal 0 -1 0
    outer loop
      vertex 2.9268 -3 27.8466
      vertex 3.6585 -3 34.8083
      vertex 2 -3 27.8952
    endloop
  endfacet
  facet normal 0 -1 0
    outer loop
      vertex -11.3886 -3 25.5793
      vertex -14.2358 -3 31.9741
      vertex -17.5 -3 30.3109
    endloop
  endfacet
  facet normal 0 -1 -0
    outer loop
      vertex 3.6585 -3 34.8083
      vertex 2.9268 -3 27.8466
      vertex 7.27691 -3 34.2352
    endloop
  endfacet
  facet normal 0 -1 0
    outer loop
      vertex -14 -3 24.2487
      vertex -17.5 -3 30.3109
      vertex -20.5725 -3 28.3156
    endloop
  endfacet
  facet normal 0 -1 0
    outer loop
      vertex 5.82153 -3 27.3881
      vertex 7.27691 -3 34.2352
      vertex 2.9268 -3 27.8466
    endloop
  endfacet
  facet normal 0 -1 -0
    outer loop
      vertex 7.27691 -3 34.2352
      vertex 5.82153 -3 27.3881
      vertex 10.8156 -3 33.287
    endloop
  endfacet
  facet normal 0 -1 0
    outer loop
      vertex -3.6585 -3 34.8083
      vertex -2.9268 -3 27.8466
      vertex -2 -3 27.8952
    endloop
  endfacet
  facet normal 0 -1 0
    outer loop
      vertex -7.27691 -3 34.2352
      vertex -5.82153 -3 27.3881
      vertex -2.9268 -3 27.8466
    endloop
  endfacet
  facet normal 0 -1 0
    outer loop
      vertex -10.8156 -3 33.287
      vertex -8.65248 -3 26.6296
      vertex -5.82153 -3 27.3881
    endloop
  endfacet
  facet normal 0 -1 0
    outer loop
      vertex -16.458 -3 22.6525
      vertex -20.5725 -3 28.3156
      vertex -23.4196 -3 26.0101
    endloop
  endfacet
  facet normal 0 -1 0
    outer loop
      vertex -14.2358 -3 31.9741
      vertex -11.3886 -3 25.5793
      vertex -8.65248 -3 26.6296
    endloop
  endfacet
  facet normal 0 -1 0
    outer loop
      vertex -17.5 -3 30.3109
      vertex -14 -3 24.2487
      vertex -11.3886 -3 25.5793
    endloop
  endfacet
  facet normal 0 -1 0
    outer loop
      vertex -18.7357 -3 20.8081
      vertex -23.4196 -3 26.0101
      vertex -26.0101 -3 23.4196
    endloop
  endfacet
  facet normal 0 -1 0
    outer loop
      vertex -20.5725 -3 28.3156
      vertex -16.458 -3 22.6525
      vertex -14 -3 24.2487
    endloop
  endfacet
  facet normal 0 -1 0
    outer loop
      vertex -23.4196 -3 26.0101
      vertex -18.7357 -3 20.8081
      vertex -16.458 -3 22.6525
    endloop
  endfacet
  facet normal 0 -1 0
    outer loop
      vertex -20.8081 -3 18.7357
      vertex -26.0101 -3 23.4196
      vertex -28.3156 -3 20.5725
    endloop
  endfacet
  facet normal 0 -1 0
    outer loop
      vertex -26.0101 -3 23.4196
      vertex -20.8081 -3 18.7357
      vertex -18.7357 -3 20.8081
    endloop
  endfacet
  facet normal 0 -1 0
    outer loop
      vertex -22.6525 -3 16.458
      vertex -28.3156 -3 20.5725
      vertex -30.3109 -3 17.5
    endloop
  endfacet
  facet normal 0 -1 0
    outer loop
      vertex -28.3156 -3 20.5725
      vertex -22.6525 -3 16.458
      vertex -20.8081 -3 18.7357
    endloop
  endfacet
  facet normal 0 -1 0
    outer loop
      vertex -24.2487 -3 14
      vertex -30.3109 -3 17.5
      vertex -31.9741 -3 14.2358
    endloop
  endfacet
  facet normal 0 -1 0
    outer loop
      vertex -30.3109 -3 17.5
      vertex -24.2487 -3 14
      vertex -22.6525 -3 16.458
    endloop
  endfacet
  facet normal 0 -1 0
    outer loop
      vertex -31.9741 -3 14.2358
      vertex -25.5793 -3 11.3886
      vertex -24.2487 -3 14
    endloop
  endfacet
  facet normal 0 -1 0
    outer loop
      vertex -33.287 -3 10.8156
      vertex -25.5793 -3 11.3886
      vertex -31.9741 -3 14.2358
    endloop
  endfacet
  facet normal 0 -1 0
    outer loop
      vertex -33.287 -3 10.8156
      vertex -26.6296 -3 8.65248
      vertex -25.5793 -3 11.3886
    endloop
  endfacet
  facet normal 0 -1 0
    outer loop
      vertex -34.2352 -3 7.27691
      vertex -26.6296 -3 8.65248
      vertex -33.287 -3 10.8156
    endloop
  endfacet
  facet normal 0 -1 0
    outer loop
      vertex -34.2352 -3 7.27691
      vertex -27.3881 -3 5.82153
      vertex -26.6296 -3 8.65248
    endloop
  endfacet
  facet normal 0 -1 0
    outer loop
      vertex -34.8083 -3 3.6585
      vertex -27.3881 -3 5.82153
      vertex -34.2352 -3 7.27691
    endloop
  endfacet
  facet normal 0 -1 0
    outer loop
      vertex -34.8083 -3 3.6585
      vertex -27.8466 -3 2.9268
      vertex -27.3881 -3 5.82153
    endloop
  endfacet
  facet normal 0 -1 0
    outer loop
      vertex -34.8083 -3 3.6585
      vertex -27.8952 -3 2
      vertex -27.8466 -3 2.9268
    endloop
  endfacet
  facet normal 0 -1 0
    outer loop
      vertex -27.8952 -3 2
      vertex -6.84703 -3 1.45538
      vertex -6.7011 -3 2
    endloop
  endfacet
  facet normal 0 -1 0
    outer loop
      vertex -27.8952 -3 2
      vertex -6.96165 -3 0.731699
      vertex -6.84703 -3 1.45538
    endloop
  endfacet
  facet normal 0 -1 0
    outer loop
      vertex -35 -3 0
      vertex -27.8952 -3 2
      vertex -34.8083 -3 3.6585
    endloop
  endfacet
  facet normal 0 -1 0
    outer loop
      vertex -27.8952 -3 -2
      vertex -27.8952 -3 2
      vertex -35 -3 0
    endloop
  endfacet
  facet normal -0 -1 0
    outer loop
      vertex -7 -3 0
      vertex -27.8952 -3 2
      vertex -27.8952 -3 -2
    endloop
  endfacet
  facet normal 0 -1 0
    outer loop
      vertex -27.8952 -3 2
      vertex -7 -3 0
      vertex -6.96165 -3 0.731699
    endloop
  endfacet
  facet normal 0 -1 -0
    outer loop
      vertex -7 -3 0
      vertex -27.8952 -3 -2
      vertex -6.96165 -3 -0.731699
    endloop
  endfacet
  facet normal 0 -1 -0
    outer loop
      vertex -6.96165 -3 -0.731699
      vertex -27.8952 -3 -2
      vertex -6.84703 -3 -1.45538
    endloop
  endfacet
  facet normal 0 -1 0
    outer loop
      vertex -34.8083 -3 -3.6585
      vertex -27.8952 -3 -2
      vertex -35 -3 0
    endloop
  endfacet
  facet normal 0 -1 -0
    outer loop
      vertex -27.8952 -3 -2
      vertex -34.8083 -3 -3.6585
      vertex -27.8466 -3 -2.9268
    endloop
  endfacet
  facet normal 0 -1 0
    outer loop
      vertex -34.8083 -3 -3.6585
      vertex -27.3881 -3 -5.82153
      vertex -27.8466 -3 -2.9268
    endloop
  endfacet
  facet normal 0 -1 0
    outer loop
      vertex -34.2352 -3 -7.27691
      vertex -27.3881 -3 -5.82153
      vertex -34.8083 -3 -3.6585
    endloop
  endfacet
  facet normal 0 -1 0
    outer loop
      vertex -34.2352 -3 -7.27691
      vertex -26.6296 -3 -8.65248
      vertex -27.3881 -3 -5.82153
    endloop
  endfacet
  facet normal 0 -1 0
    outer loop
      vertex -33.287 -3 -10.8156
      vertex -26.6296 -3 -8.65248
      vertex -34.2352 -3 -7.27691
    endloop
  endfacet
  facet normal 0 -1 0
    outer loop
      vertex -33.287 -3 -10.8156
      vertex -25.5793 -3 -11.3886
      vertex -26.6296 -3 -8.65248
    endloop
  endfacet
  facet normal 0 -1 0
    outer loop
      vertex -31.9741 -3 -14.2358
      vertex -25.5793 -3 -11.3886
      vertex -33.287 -3 -10.8156
    endloop
  endfacet
  facet normal 0 -1 -0
    outer loop
      vertex -25.5793 -3 -11.3886
      vertex -31.9741 -3 -14.2358
      vertex -24.2487 -3 -14
    endloop
  endfacet
  facet normal 0 -1 0
    outer loop
      vertex -30.3109 -3 -17.5
      vertex -24.2487 -3 -14
      vertex -31.9741 -3 -14.2358
    endloop
  endfacet
  facet normal 0 -1 -0
    outer loop
      vertex -24.2487 -3 -14
      vertex -30.3109 -3 -17.5
      vertex -22.6525 -3 -16.458
    endloop
  endfacet
  facet normal 0 -1 0
    outer loop
      vertex -28.3156 -3 -20.5725
      vertex -22.6525 -3 -16.458
      vertex -30.3109 -3 -17.5
    endloop
  endfacet
  facet normal 0 -1 -0
    outer loop
      vertex -22.6525 -3 -16.458
      vertex -28.3156 -3 -20.5725
      vertex -20.8081 -3 -18.7357
    endloop
  endfacet
  facet normal 0 -1 0
    outer loop
      vertex -26.0101 -3 -23.4196
      vertex -20.8081 -3 -18.7357
      vertex -28.3156 -3 -20.5725
    endloop
  endfacet
  facet normal 0 -1 -0
    outer loop
      vertex -20.8081 -3 -18.7357
      vertex -26.0101 -3 -23.4196
      vertex -18.7357 -3 -20.8081
    endloop
  endfacet
  facet normal 0 -1 0
    outer loop
      vertex -23.4196 -3 -26.0101
      vertex -18.7357 -3 -20.8081
      vertex -26.0101 -3 -23.4196
    endloop
  endfacet
  facet normal 0 -1 -0
    outer loop
      vertex -18.7357 -3 -20.8081
      vertex -23.4196 -3 -26.0101
      vertex -16.458 -3 -22.6525
    endloop
  endfacet
  facet normal 0 -1 0
    outer loop
      vertex -20.5725 -3 -28.3156
      vertex -16.458 -3 -22.6525
      vertex -23.4196 -3 -26.0101
    endloop
  endfacet
  facet normal 0 -1 -0
    outer loop
      vertex -16.458 -3 -22.6525
      vertex -20.5725 -3 -28.3156
      vertex -14 -3 -24.2487
    endloop
  endfacet
  facet normal 0 -1 0
    outer loop
      vertex -17.5 -3 -30.3109
      vertex -14 -3 -24.2487
      vertex -20.5725 -3 -28.3156
    endloop
  endfacet
  facet normal 0 -1 -0
    outer loop
      vertex -14 -3 -24.2487
      vertex -17.5 -3 -30.3109
      vertex -11.3886 -3 -25.5793
    endloop
  endfacet
  facet normal 0 -1 0
    outer loop
      vertex -14.2358 -3 -31.9741
      vertex -11.3886 -3 -25.5793
      vertex -17.5 -3 -30.3109
    endloop
  endfacet
  facet normal 0 -1 -0
    outer loop
      vertex -8.65248 -3 -26.6296
      vertex -10.8156 -3 -33.287
      vertex -5.82153 -3 -27.3881
    endloop
  endfacet
  facet normal 0 -1 0
    outer loop
      vertex -10.8156 -3 -33.287
      vertex -8.65248 -3 -26.6296
      vertex -14.2358 -3 -31.9741
    endloop
  endfacet
  facet normal 0 -1 -0
    outer loop
      vertex -11.3886 -3 -25.5793
      vertex -14.2358 -3 -31.9741
      vertex -8.65248 -3 -26.6296
    endloop
  endfacet
  facet normal 0 -1 0
    outer loop
      vertex 8.65248 -3 26.6296
      vertex 10.8156 -3 33.287
      vertex 5.82153 -3 27.3881
    endloop
  endfacet
  facet normal 0 -1 -0
    outer loop
      vertex 10.8156 -3 33.287
      vertex 8.65248 -3 26.6296
      vertex 14.2358 -3 31.9741
    endloop
  endfacet
  facet normal 0 -1 0
    outer loop
      vertex 11.3886 -3 25.5793
      vertex 14.2358 -3 31.9741
      vertex 8.65248 -3 26.6296
    endloop
  endfacet
  facet normal 0 -1 -0
    outer loop
      vertex 14.2358 -3 31.9741
      vertex 11.3886 -3 25.5793
      vertex 17.5 -3 30.3109
    endloop
  endfacet
  facet normal 0 -1 0
    outer loop
      vertex 14 -3 24.2487
      vertex 17.5 -3 30.3109
      vertex 11.3886 -3 25.5793
    endloop
  endfacet
  facet normal 0 -1 -0
    outer loop
      vertex 17.5 -3 30.3109
      vertex 14 -3 24.2487
      vertex 20.5725 -3 28.3156
    endloop
  endfacet
  facet normal 0 -1 0
    outer loop
      vertex 16.458 -3 22.6525
      vertex 20.5725 -3 28.3156
      vertex 14 -3 24.2487
    endloop
  endfacet
  facet normal 0 -1 -0
    outer loop
      vertex 20.5725 -3 28.3156
      vertex 16.458 -3 22.6525
      vertex 23.4196 -3 26.0101
    endloop
  endfacet
  facet normal 0 -1 0
    outer loop
      vertex 18.7357 -3 20.8081
      vertex 23.4196 -3 26.0101
      vertex 16.458 -3 22.6525
    endloop
  endfacet
  facet normal 0 -1 -0
    outer loop
      vertex 23.4196 -3 26.0101
      vertex 18.7357 -3 20.8081
      vertex 26.0101 -3 23.4196
    endloop
  endfacet
  facet normal 0 -1 0
    outer loop
      vertex 20.8081 -3 18.7357
      vertex 26.0101 -3 23.4196
      vertex 18.7357 -3 20.8081
    endloop
  endfacet
  facet normal 0 -1 -0
    outer loop
      vertex 26.0101 -3 23.4196
      vertex 20.8081 -3 18.7357
      vertex 28.3156 -3 20.5725
    endloop
  endfacet
  facet normal 0 -1 0
    outer loop
      vertex 22.6525 -3 16.458
      vertex 28.3156 -3 20.5725
      vertex 20.8081 -3 18.7357
    endloop
  endfacet
  facet normal 0 -1 -0
    outer loop
      vertex 28.3156 -3 20.5725
      vertex 22.6525 -3 16.458
      vertex 30.3109 -3 17.5
    endloop
  endfacet
  facet normal 0 -1 0
    outer loop
      vertex 24.2487 -3 14
      vertex 30.3109 -3 17.5
      vertex 22.6525 -3 16.458
    endloop
  endfacet
  facet normal 0 -1 -0
    outer loop
      vertex 30.3109 -3 17.5
      vertex 24.2487 -3 14
      vertex 31.9741 -3 14.2358
    endloop
  endfacet
  facet normal 0 -1 0
    outer loop
      vertex 25.5793 -3 11.3886
      vertex 31.9741 -3 14.2358
      vertex 24.2487 -3 14
    endloop
  endfacet
  facet normal 0 -1 0
    outer loop
      vertex 25.5793 -3 11.3886
      vertex 33.287 -3 10.8156
      vertex 31.9741 -3 14.2358
    endloop
  endfacet
  facet normal 0 -1 0
    outer loop
      vertex 26.6296 -3 8.65248
      vertex 33.287 -3 10.8156
      vertex 25.5793 -3 11.3886
    endloop
  endfacet
  facet normal 0 -1 0
    outer loop
      vertex 26.6296 -3 8.65248
      vertex 34.2352 -3 7.27691
      vertex 33.287 -3 10.8156
    endloop
  endfacet
  facet normal 0 -1 0
    outer loop
      vertex 27.3881 -3 5.82153
      vertex 34.2352 -3 7.27691
      vertex 26.6296 -3 8.65248
    endloop
  endfacet
  facet normal 0 -1 0
    outer loop
      vertex 27.3881 -3 5.82153
      vertex 34.8083 -3 3.6585
      vertex 34.2352 -3 7.27691
    endloop
  endfacet
  facet normal 0 -1 0
    outer loop
      vertex 27.8466 -3 2.9268
      vertex 34.8083 -3 3.6585
      vertex 27.3881 -3 5.82153
    endloop
  endfacet
  facet normal 0 -1 0
    outer loop
      vertex 27.8952 -3 2
      vertex 34.8083 -3 3.6585
      vertex 27.8466 -3 2.9268
    endloop
  endfacet
  facet normal 0 -1 0
    outer loop
      vertex 6.96165 -3 0.731699
      vertex 27.8952 -3 2
      vertex 6.84703 -3 1.45538
    endloop
  endfacet
  facet normal 0 -1 0
    outer loop
      vertex 7 -3 0
      vertex 27.8952 -3 2
      vertex 6.96165 -3 0.731699
    endloop
  endfacet
  facet normal 0 -1 0
    outer loop
      vertex 27.8952 -3 2
      vertex 35 -3 0
      vertex 34.8083 -3 3.6585
    endloop
  endfacet
  facet normal 0 -1 0
    outer loop
      vertex 27.8952 -3 -2
      vertex 27.8952 -3 2
      vertex 7 -3 0
    endloop
  endfacet
  facet normal 0 -1 0
    outer loop
      vertex 27.8952 -3 -2
      vertex 7 -3 0
      vertex 6.96165 -3 -0.731699
    endloop
  endfacet
  facet normal 0 -1 0
    outer loop
      vertex 27.8952 -3 -2
      vertex 6.96165 -3 -0.731699
      vertex 6.84703 -3 -1.45538
    endloop
  endfacet
  facet normal 0 -1 0
    outer loop
      vertex 27.8952 -3 -2
      vertex 6.84703 -3 -1.45538
      vertex 6.7011 -3 -2
    endloop
  endfacet
  facet normal 0 -1 0
    outer loop
      vertex 27.8952 -3 2
      vertex 27.8952 -3 -2
      vertex 35 -3 0
    endloop
  endfacet
  facet normal 0 -1 0
    outer loop
      vertex 34.8083 -3 -3.6585
      vertex 27.8952 -3 -2
      vertex 27.8466 -3 -2.9268
    endloop
  endfacet
  facet normal 0 -1 0
    outer loop
      vertex 27.8952 -3 -2
      vertex 34.8083 -3 -3.6585
      vertex 35 -3 0
    endloop
  endfacet
  facet normal 0 -1 0
    outer loop
      vertex 27.3881 -3 -5.82153
      vertex 34.8083 -3 -3.6585
      vertex 27.8466 -3 -2.9268
    endloop
  endfacet
  facet normal 0 -1 0
    outer loop
      vertex 27.3881 -3 -5.82153
      vertex 34.2352 -3 -7.27691
      vertex 34.8083 -3 -3.6585
    endloop
  endfacet
  facet normal 0 -1 0
    outer loop
      vertex 26.6296 -3 -8.65248
      vertex 34.2352 -3 -7.27691
      vertex 27.3881 -3 -5.82153
    endloop
  endfacet
  facet normal 0 -1 0
    outer loop
      vertex 26.6296 -3 -8.65248
      vertex 33.287 -3 -10.8156
      vertex 34.2352 -3 -7.27691
    endloop
  endfacet
  facet normal 0 -1 0
    outer loop
      vertex 25.5793 -3 -11.3886
      vertex 33.287 -3 -10.8156
      vertex 26.6296 -3 -8.65248
    endloop
  endfacet
  facet normal 0 -1 0
    outer loop
      vertex 31.9741 -3 -14.2358
      vertex 25.5793 -3 -11.3886
      vertex 24.2487 -3 -14
    endloop
  endfacet
  facet normal 0 -1 0
    outer loop
      vertex 25.5793 -3 -11.3886
      vertex 31.9741 -3 -14.2358
      vertex 33.287 -3 -10.8156
    endloop
  endfacet
  facet normal 0 -1 0
    outer loop
      vertex 30.3109 -3 -17.5
      vertex 24.2487 -3 -14
      vertex 22.6525 -3 -16.458
    endloop
  endfacet
  facet normal 0 -1 0
    outer loop
      vertex 24.2487 -3 -14
      vertex 30.3109 -3 -17.5
      vertex 31.9741 -3 -14.2358
    endloop
  endfacet
  facet normal 0 -1 0
    outer loop
      vertex 28.3156 -3 -20.5725
      vertex 22.6525 -3 -16.458
      vertex 20.8081 -3 -18.7357
    endloop
  endfacet
  facet normal 0 -1 0
    outer loop
      vertex 22.6525 -3 -16.458
      vertex 28.3156 -3 -20.5725
      vertex 30.3109 -3 -17.5
    endloop
  endfacet
  facet normal 0 -1 0
    outer loop
      vertex 26.0101 -3 -23.4196
      vertex 20.8081 -3 -18.7357
      vertex 18.7357 -3 -20.8081
    endloop
  endfacet
  facet normal 0 -1 0
    outer loop
      vertex 23.4196 -3 -26.0101
      vertex 18.7357 -3 -20.8081
      vertex 16.458 -3 -22.6525
    endloop
  endfacet
  facet normal 0 -1 0
    outer loop
      vertex 20.8081 -3 -18.7357
      vertex 26.0101 -3 -23.4196
      vertex 28.3156 -3 -20.5725
    endloop
  endfacet
  facet normal 0 -1 0
    outer loop
      vertex 20.5725 -3 -28.3156
      vertex 16.458 -3 -22.6525
      vertex 14 -3 -24.2487
    endloop
  endfacet
  facet normal 0 -1 0
    outer loop
      vertex 17.5 -3 -30.3109
      vertex 14 -3 -24.2487
      vertex 11.3886 -3 -25.5793
    endloop
  endfacet
  facet normal 0 -1 0
    outer loop
      vertex 18.7357 -3 -20.8081
      vertex 23.4196 -3 -26.0101
      vertex 26.0101 -3 -23.4196
    endloop
  endfacet
  facet normal 0 -1 0
    outer loop
      vertex 14.2358 -3 -31.9741
      vertex 11.3886 -3 -25.5793
      vertex 8.65248 -3 -26.6296
    endloop
  endfacet
  facet normal 0 -1 0
    outer loop
      vertex 10.8156 -3 -33.287
      vertex 8.65248 -3 -26.6296
      vertex 5.82153 -3 -27.3881
    endloop
  endfacet
  facet normal 0 -1 0
    outer loop
      vertex 7.27691 -3 -34.2352
      vertex 5.82153 -3 -27.3881
      vertex 2.9268 -3 -27.8466
    endloop
  endfacet
  facet normal 0 -1 0
    outer loop
      vertex 16.458 -3 -22.6525
      vertex 20.5725 -3 -28.3156
      vertex 23.4196 -3 -26.0101
    endloop
  endfacet
  facet normal 0 -1 0
    outer loop
      vertex 3.6585 -3 -34.8083
      vertex 2.9268 -3 -27.8466
      vertex 2 -3 -27.8952
    endloop
  endfacet
  facet normal 0 -1 0
    outer loop
      vertex -7.27691 -3 -34.2352
      vertex -5.82153 -3 -27.3881
      vertex -10.8156 -3 -33.287
    endloop
  endfacet
  facet normal 0 -1 -0
    outer loop
      vertex -5.82153 -3 -27.3881
      vertex -7.27691 -3 -34.2352
      vertex -2.9268 -3 -27.8466
    endloop
  endfacet
  facet normal 0 -1 0
    outer loop
      vertex 14 -3 -24.2487
      vertex 17.5 -3 -30.3109
      vertex 20.5725 -3 -28.3156
    endloop
  endfacet
  facet normal 0 -1 0
    outer loop
      vertex -3.6585 -3 -34.8083
      vertex -2.9268 -3 -27.8466
      vertex -7.27691 -3 -34.2352
    endloop
  endfacet
  facet normal 0 -1 0
    outer loop
      vertex 11.3886 -3 -25.5793
      vertex 14.2358 -3 -31.9741
      vertex 17.5 -3 -30.3109
    endloop
  endfacet
  facet normal 0 -1 -0
    outer loop
      vertex -2.9268 -3 -27.8466
      vertex -3.6585 -3 -34.8083
      vertex -2 -3 -27.8952
    endloop
  endfacet
  facet normal 0 -1 0
    outer loop
      vertex 8.65248 -3 -26.6296
      vertex 10.8156 -3 -33.287
      vertex 14.2358 -3 -31.9741
    endloop
  endfacet
  facet normal 0 -1 0
    outer loop
      vertex 0 -3 -35
      vertex -2 -3 -27.8952
      vertex -3.6585 -3 -34.8083
    endloop
  endfacet
  facet normal 0 -1 0
    outer loop
      vertex 5.82153 -3 -27.3881
      vertex 7.27691 -3 -34.2352
      vertex 10.8156 -3 -33.287
    endloop
  endfacet
  facet normal 0 -1 0
    outer loop
      vertex -2 -3 -27.8952
      vertex 0 -3 -35
      vertex 2 -3 -27.8952
    endloop
  endfacet
  facet normal 0 -1 0
    outer loop
      vertex 2.9268 -3 -27.8466
      vertex 3.6585 -3 -34.8083
      vertex 7.27691 -3 -34.2352
    endloop
  endfacet
  facet normal 0 -1 -0
    outer loop
      vertex 2 -3 -27.8952
      vertex 0 -3 -35
      vertex 3.6585 -3 -34.8083
    endloop
  endfacet
  facet normal 0 -1 0
    outer loop
      vertex 0.731699 -3 6.96165
      vertex 2 -3 27.8952
      vertex 0 -3 7
    endloop
  endfacet
  facet normal 0 -1 0
    outer loop
      vertex 1.45538 -3 6.84703
      vertex 2 -3 27.8952
      vertex 0.731699 -3 6.96165
    endloop
  endfacet
  facet normal 0 -1 -0
    outer loop
      vertex 2 -3 27.8952
      vertex 1.45538 -3 6.84703
      vertex 2 -3 6.7011
    endloop
  endfacet
  facet normal 0 -1 0
    outer loop
      vertex 2 -3 -27.8952
      vertex 0 -3 -7
      vertex -2 -3 -27.8952
    endloop
  endfacet
  facet normal 0 -1 0
    outer loop
      vertex 0 -3 -7
      vertex 2 -3 -27.8952
      vertex 0.731699 -3 -6.96165
    endloop
  endfacet
  facet normal 0 -1 0
    outer loop
      vertex 0.731699 -3 -6.96165
      vertex 2 -3 -27.8952
      vertex 1.45538 -3 -6.84703
    endloop
  endfacet
  facet normal 0 -1 0
    outer loop
      vertex 1.45538 -3 -6.84703
      vertex 2 -3 -27.8952
      vertex 2 -3 -6.7011
    endloop
  endfacet
  facet normal -0.35837 0 0.93358
    outer loop
      vertex -14.2358 3 31.9741
      vertex -10.8156 -3 33.287
      vertex -10.8156 3 33.287
    endloop
  endfacet
  facet normal -0.35837 0 0.93358
    outer loop
      vertex -10.8156 -3 33.287
      vertex -14.2358 3 31.9741
      vertex -14.2358 -3 31.9741
    endloop
  endfacet
  facet normal -0.629314 0 -0.777151
    outer loop
      vertex -23.4196 -3 -26.0101
      vertex -20.5725 3 -28.3156
      vertex -20.5725 -3 -28.3156
    endloop
  endfacet
  facet normal -0.629314 0 -0.777151
    outer loop
      vertex -20.5725 3 -28.3156
      vertex -23.4196 -3 -26.0101
      vertex -23.4196 3 -26.0101
    endloop
  endfacet
  facet normal 0.453992 0 -0.891006
    outer loop
      vertex 14.2358 -3 -31.9741
      vertex 17.5 3 -30.3109
      vertex 17.5 -3 -30.3109
    endloop
  endfacet
  facet normal 0.453992 0 -0.891006
    outer loop
      vertex 17.5 3 -30.3109
      vertex 14.2358 -3 -31.9741
      vertex 14.2358 3 -31.9741
    endloop
  endfacet
  facet normal 0.544638 0 0.838671
    outer loop
      vertex 17.5 3 30.3109
      vertex 20.5725 -3 28.3156
      vertex 20.5725 3 28.3156
    endloop
  endfacet
  facet normal 0.544638 0 0.838671
    outer loop
      vertex 20.5725 -3 28.3156
      vertex 17.5 3 30.3109
      vertex 17.5 -3 30.3109
    endloop
  endfacet
  facet normal -0.156435 0 0.987688
    outer loop
      vertex -7.27691 3 34.2352
      vertex -3.6585 -3 34.8083
      vertex -3.6585 3 34.8083
    endloop
  endfacet
  facet normal -0.156435 0 0.987688
    outer loop
      vertex -3.6585 -3 34.8083
      vertex -7.27691 3 34.2352
      vertex -7.27691 -3 34.2352
    endloop
  endfacet
  facet normal 0.965925 0 -0.258822
    outer loop
      vertex 34.2352 -3 -7.27691
      vertex 33.287 3 -10.8156
      vertex 34.2352 3 -7.27691
    endloop
  endfacet
  facet normal 0.965925 0 -0.258822
    outer loop
      vertex 33.287 3 -10.8156
      vertex 34.2352 -3 -7.27691
      vertex 33.287 -3 -10.8156
    endloop
  endfacet
  facet normal 0.777151 0 -0.629314
    outer loop
      vertex 28.3156 -3 -20.5725
      vertex 26.0101 3 -23.4196
      vertex 28.3156 3 -20.5725
    endloop
  endfacet
  facet normal 0.777151 0 -0.629314
    outer loop
      vertex 26.0101 3 -23.4196
      vertex 28.3156 -3 -20.5725
      vertex 26.0101 -3 -23.4196
    endloop
  endfacet
  facet normal 0.93358 0 -0.35837
    outer loop
      vertex 33.287 -3 -10.8156
      vertex 31.9741 3 -14.2358
      vertex 33.287 3 -10.8156
    endloop
  endfacet
  facet normal 0.93358 0 -0.35837
    outer loop
      vertex 31.9741 3 -14.2358
      vertex 33.287 -3 -10.8156
      vertex 31.9741 -3 -14.2358
    endloop
  endfacet
  facet normal -0.0523267 0 0.99863
    outer loop
      vertex -3.6585 3 34.8083
      vertex 0 -3 35
      vertex 0 3 35
    endloop
  endfacet
  facet normal -0.0523267 0 0.99863
    outer loop
      vertex 0 -3 35
      vertex -3.6585 3 34.8083
      vertex -3.6585 -3 34.8083
    endloop
  endfacet
  facet normal 0.707107 -0 0.707107
    outer loop
      vertex 23.4196 -3 26.0101
      vertex 26.0101 3 23.4196
      vertex 23.4196 3 26.0101
    endloop
  endfacet
  facet normal 0.707107 0 0.707107
    outer loop
      vertex 26.0101 3 23.4196
      vertex 23.4196 -3 26.0101
      vertex 26.0101 -3 23.4196
    endloop
  endfacet
  facet normal -0.93358 0 -0.35837
    outer loop
      vertex -31.9741 -3 -14.2358
      vertex -33.287 3 -10.8156
      vertex -31.9741 3 -14.2358
    endloop
  endfacet
  facet normal -0.93358 -0 -0.35837
    outer loop
      vertex -33.287 3 -10.8156
      vertex -31.9741 -3 -14.2358
      vertex -33.287 -3 -10.8156
    endloop
  endfacet
  facet normal -0.987688 0 0.156435
    outer loop
      vertex -34.8083 -3 3.6585
      vertex -34.2352 3 7.27691
      vertex -34.8083 3 3.6585
    endloop
  endfacet
  facet normal -0.987688 0 0.156435
    outer loop
      vertex -34.2352 3 7.27691
      vertex -34.8083 -3 3.6585
      vertex -34.2352 -3 7.27691
    endloop
  endfacet
  facet normal 0.891006 -0 0.453992
    outer loop
      vertex 30.3109 -3 17.5
      vertex 31.9741 3 14.2358
      vertex 30.3109 3 17.5
    endloop
  endfacet
  facet normal 0.891006 0 0.453992
    outer loop
      vertex 31.9741 3 14.2358
      vertex 30.3109 -3 17.5
      vertex 31.9741 -3 14.2358
    endloop
  endfacet
  facet normal -0.838671 0 0.544638
    outer loop
      vertex -30.3109 -3 17.5
      vertex -28.3156 3 20.5725
      vertex -30.3109 3 17.5
    endloop
  endfacet
  facet normal -0.838671 0 0.544638
    outer loop
      vertex -28.3156 3 20.5725
      vertex -30.3109 -3 17.5
      vertex -28.3156 -3 20.5725
    endloop
  endfacet
  facet normal -0.629314 0 0.777151
    outer loop
      vertex -23.4196 3 26.0101
      vertex -20.5725 -3 28.3156
      vertex -20.5725 3 28.3156
    endloop
  endfacet
  facet normal -0.629314 0 0.777151
    outer loop
      vertex -20.5725 -3 28.3156
      vertex -23.4196 3 26.0101
      vertex -23.4196 -3 26.0101
    endloop
  endfacet
  facet normal 0.99863 0 -0.0523267
    outer loop
      vertex 35 -3 0
      vertex 34.8083 3 -3.6585
      vertex 35 3 0
    endloop
  endfacet
  facet normal 0.99863 0 -0.0523267
    outer loop
      vertex 34.8083 3 -3.6585
      vertex 35 -3 0
      vertex 34.8083 -3 -3.6585
    endloop
  endfacet
  facet normal -0.93358 0 0.35837
    outer loop
      vertex -33.287 -3 10.8156
      vertex -31.9741 3 14.2358
      vertex -33.287 3 10.8156
    endloop
  endfacet
  facet normal -0.93358 0 0.35837
    outer loop
      vertex -31.9741 3 14.2358
      vertex -33.287 -3 10.8156
      vertex -31.9741 -3 14.2358
    endloop
  endfacet
  facet normal 0.629314 0 -0.777151
    outer loop
      vertex 20.5725 -3 -28.3156
      vertex 23.4196 3 -26.0101
      vertex 23.4196 -3 -26.0101
    endloop
  endfacet
  facet normal 0.629314 0 -0.777151
    outer loop
      vertex 23.4196 3 -26.0101
      vertex 20.5725 -3 -28.3156
      vertex 20.5725 3 -28.3156
    endloop
  endfacet
  facet normal 0.891006 0 -0.453992
    outer loop
      vertex 31.9741 -3 -14.2358
      vertex 30.3109 3 -17.5
      vertex 31.9741 3 -14.2358
    endloop
  endfacet
  facet normal 0.891006 0 -0.453992
    outer loop
      vertex 30.3109 3 -17.5
      vertex 31.9741 -3 -14.2358
      vertex 30.3109 -3 -17.5
    endloop
  endfacet
  facet normal 0.156435 0 0.987688
    outer loop
      vertex 3.6585 3 34.8083
      vertex 7.27691 -3 34.2352
      vertex 7.27691 3 34.2352
    endloop
  endfacet
  facet normal 0.156435 0 0.987688
    outer loop
      vertex 7.27691 -3 34.2352
      vertex 3.6585 3 34.8083
      vertex 3.6585 -3 34.8083
    endloop
  endfacet
  facet normal -0.777151 0 -0.629314
    outer loop
      vertex -26.0101 -3 -23.4196
      vertex -28.3156 3 -20.5725
      vertex -26.0101 3 -23.4196
    endloop
  endfacet
  facet normal -0.777151 -0 -0.629314
    outer loop
      vertex -28.3156 3 -20.5725
      vertex -26.0101 -3 -23.4196
      vertex -28.3156 -3 -20.5725
    endloop
  endfacet
  facet normal -0.838671 0 -0.544638
    outer loop
      vertex -28.3156 -3 -20.5725
      vertex -30.3109 3 -17.5
      vertex -28.3156 3 -20.5725
    endloop
  endfacet
  facet normal -0.838671 -0 -0.544638
    outer loop
      vertex -30.3109 3 -17.5
      vertex -28.3156 -3 -20.5725
      vertex -30.3109 -3 -17.5
    endloop
  endfacet
  facet normal -0.891006 0 0.453992
    outer loop
      vertex -31.9741 -3 14.2358
      vertex -30.3109 3 17.5
      vertex -31.9741 3 14.2358
    endloop
  endfacet
  facet normal -0.891006 0 0.453992
    outer loop
      vertex -30.3109 3 17.5
      vertex -31.9741 -3 14.2358
      vertex -30.3109 -3 17.5
    endloop
  endfacet
  facet normal 0.544638 0 -0.838671
    outer loop
      vertex 17.5 -3 -30.3109
      vertex 20.5725 3 -28.3156
      vertex 20.5725 -3 -28.3156
    endloop
  endfacet
  facet normal 0.544638 0 -0.838671
    outer loop
      vertex 20.5725 3 -28.3156
      vertex 17.5 -3 -30.3109
      vertex 17.5 3 -30.3109
    endloop
  endfacet
  facet normal -0.707107 0 0.707107
    outer loop
      vertex -26.0101 -3 23.4196
      vertex -23.4196 3 26.0101
      vertex -26.0101 3 23.4196
    endloop
  endfacet
  facet normal -0.707107 0 0.707107
    outer loop
      vertex -23.4196 3 26.0101
      vertex -26.0101 -3 23.4196
      vertex -23.4196 -3 26.0101
    endloop
  endfacet
  facet normal 0 1 0
    outer loop
      vertex 6.84703 3 -1.45538
      vertex 27.8952 3 -2
      vertex 6.7011 3 -2
    endloop
  endfacet
  facet normal 0 1 0
    outer loop
      vertex 0.731699 3 -6.96165
      vertex 2 3 -27.8952
      vertex 0 3 -7
    endloop
  endfacet
  facet normal 0 1 0
    outer loop
      vertex 1.45538 3 -6.84703
      vertex 2 3 -27.8952
      vertex 0.731699 3 -6.96165
    endloop
  endfacet
  facet normal 0 1 -0
    outer loop
      vertex 2 3 -27.8952
      vertex 1.45538 3 -6.84703
      vertex 2 3 -6.7011
    endloop
  endfacet
  facet normal 0 1 0
    outer loop
      vertex -6.7011 3 2
      vertex -6.84703 3 1.45538
      vertex -27.8952 3 2
    endloop
  endfacet
  facet normal 0 1 0
    outer loop
      vertex 2 3 27.8952
      vertex 0 3 7
      vertex -2 3 27.8952
    endloop
  endfacet
  facet normal 0 1 0
    outer loop
      vertex 2 3 27.8952
      vertex 0.731699 3 6.96165
      vertex 0 3 7
    endloop
  endfacet
  facet normal 0 1 0
    outer loop
      vertex 2 3 27.8952
      vertex 1.45538 3 6.84703
      vertex 0.731699 3 6.96165
    endloop
  endfacet
  facet normal -0 1 0
    outer loop
      vertex 1.45538 3 6.84703
      vertex 2 3 27.8952
      vertex 2 3 6.7011
    endloop
  endfacet
  facet normal 0 1 -0
    outer loop
      vertex 2 3 27.8952
      vertex 0 3 35
      vertex 3.6585 3 34.8083
    endloop
  endfacet
  facet normal 0 1 0
    outer loop
      vertex 2.9268 3 27.8466
      vertex 3.6585 3 34.8083
      vertex 7.27691 3 34.2352
    endloop
  endfacet
  facet normal 0 1 0
    outer loop
      vertex -2 3 27.8952
      vertex 0 3 35
      vertex 2 3 27.8952
    endloop
  endfacet
  facet normal 0 1 0
    outer loop
      vertex 5.82153 3 27.3881
      vertex 7.27691 3 34.2352
      vertex 10.8156 3 33.287
    endloop
  endfacet
  facet normal 0 1 0
    outer loop
      vertex 0 3 35
      vertex -2 3 27.8952
      vertex -3.6585 3 34.8083
    endloop
  endfacet
  facet normal 0 1 0
    outer loop
      vertex 8.65248 3 26.6296
      vertex 10.8156 3 33.287
      vertex 14.2358 3 31.9741
    endloop
  endfacet
  facet normal 0 1 -0
    outer loop
      vertex -2.9268 3 27.8466
      vertex -3.6585 3 34.8083
      vertex -2 3 27.8952
    endloop
  endfacet
  facet normal 0 1 0
    outer loop
      vertex 11.3886 3 25.5793
      vertex 14.2358 3 31.9741
      vertex 17.5 3 30.3109
    endloop
  endfacet
  facet normal 0 1 0
    outer loop
      vertex -3.6585 3 34.8083
      vertex -2.9268 3 27.8466
      vertex -7.27691 3 34.2352
    endloop
  endfacet
  facet normal 0 1 0
    outer loop
      vertex 14 3 24.2487
      vertex 17.5 3 30.3109
      vertex 20.5725 3 28.3156
    endloop
  endfacet
  facet normal 0 1 -0
    outer loop
      vertex -5.82153 3 27.3881
      vertex -7.27691 3 34.2352
      vertex -2.9268 3 27.8466
    endloop
  endfacet
  facet normal 0 1 0
    outer loop
      vertex -7.27691 3 34.2352
      vertex -5.82153 3 27.3881
      vertex -10.8156 3 33.287
    endloop
  endfacet
  facet normal 0 1 0
    outer loop
      vertex 3.6585 3 34.8083
      vertex 2.9268 3 27.8466
      vertex 2 3 27.8952
    endloop
  endfacet
  facet normal 0 1 0
    outer loop
      vertex 7.27691 3 34.2352
      vertex 5.82153 3 27.3881
      vertex 2.9268 3 27.8466
    endloop
  endfacet
  facet normal 0 1 0
    outer loop
      vertex 10.8156 3 33.287
      vertex 8.65248 3 26.6296
      vertex 5.82153 3 27.3881
    endloop
  endfacet
  facet normal 0 1 0
    outer loop
      vertex 16.458 3 22.6525
      vertex 20.5725 3 28.3156
      vertex 23.4196 3 26.0101
    endloop
  endfacet
  facet normal 0 1 0
    outer loop
      vertex 14.2358 3 31.9741
      vertex 11.3886 3 25.5793
      vertex 8.65248 3 26.6296
    endloop
  endfacet
  facet normal 0 1 0
    outer loop
      vertex 17.5 3 30.3109
      vertex 14 3 24.2487
      vertex 11.3886 3 25.5793
    endloop
  endfacet
  facet normal 0 1 0
    outer loop
      vertex 18.7357 3 20.8081
      vertex 23.4196 3 26.0101
      vertex 26.0101 3 23.4196
    endloop
  endfacet
  facet normal 0 1 0
    outer loop
      vertex 20.5725 3 28.3156
      vertex 16.458 3 22.6525
      vertex 14 3 24.2487
    endloop
  endfacet
  facet normal 0 1 0
    outer loop
      vertex 23.4196 3 26.0101
      vertex 18.7357 3 20.8081
      vertex 16.458 3 22.6525
    endloop
  endfacet
  facet normal 0 1 0
    outer loop
      vertex 20.8081 3 18.7357
      vertex 26.0101 3 23.4196
      vertex 28.3156 3 20.5725
    endloop
  endfacet
  facet normal 0 1 0
    outer loop
      vertex 26.0101 3 23.4196
      vertex 20.8081 3 18.7357
      vertex 18.7357 3 20.8081
    endloop
  endfacet
  facet normal 0 1 0
    outer loop
      vertex 22.6525 3 16.458
      vertex 28.3156 3 20.5725
      vertex 30.3109 3 17.5
    endloop
  endfacet
  facet normal 0 1 0
    outer loop
      vertex 28.3156 3 20.5725
      vertex 22.6525 3 16.458
      vertex 20.8081 3 18.7357
    endloop
  endfacet
  facet normal 0 1 0
    outer loop
      vertex 24.2487 3 14
      vertex 30.3109 3 17.5
      vertex 31.9741 3 14.2358
    endloop
  endfacet
  facet normal 0 1 0
    outer loop
      vertex 30.3109 3 17.5
      vertex 24.2487 3 14
      vertex 22.6525 3 16.458
    endloop
  endfacet
  facet normal 0 1 0
    outer loop
      vertex 31.9741 3 14.2358
      vertex 25.5793 3 11.3886
      vertex 24.2487 3 14
    endloop
  endfacet
  facet normal 0 1 0
    outer loop
      vertex 33.287 3 10.8156
      vertex 25.5793 3 11.3886
      vertex 31.9741 3 14.2358
    endloop
  endfacet
  facet normal 0 1 0
    outer loop
      vertex 33.287 3 10.8156
      vertex 26.6296 3 8.65248
      vertex 25.5793 3 11.3886
    endloop
  endfacet
  facet normal 0 1 0
    outer loop
      vertex 34.2352 3 7.27691
      vertex 26.6296 3 8.65248
      vertex 33.287 3 10.8156
    endloop
  endfacet
  facet normal 0 1 0
    outer loop
      vertex 34.2352 3 7.27691
      vertex 27.3881 3 5.82153
      vertex 26.6296 3 8.65248
    endloop
  endfacet
  facet normal 0 1 0
    outer loop
      vertex 34.8083 3 3.6585
      vertex 27.3881 3 5.82153
      vertex 34.2352 3 7.27691
    endloop
  endfacet
  facet normal 0 1 0
    outer loop
      vertex 34.8083 3 3.6585
      vertex 27.8466 3 2.9268
      vertex 27.3881 3 5.82153
    endloop
  endfacet
  facet normal 0 1 0
    outer loop
      vertex 34.8083 3 3.6585
      vertex 27.8952 3 2
      vertex 27.8466 3 2.9268
    endloop
  endfacet
  facet normal 0 1 0
    outer loop
      vertex 27.8952 3 2
      vertex 6.84703 3 1.45538
      vertex 6.7011 3 2
    endloop
  endfacet
  facet normal 0 1 0
    outer loop
      vertex 27.8952 3 2
      vertex 6.96165 3 0.731699
      vertex 6.84703 3 1.45538
    endloop
  endfacet
  facet normal 0 1 0
    outer loop
      vertex 35 3 0
      vertex 27.8952 3 2
      vertex 34.8083 3 3.6585
    endloop
  endfacet
  facet normal 0 1 0
    outer loop
      vertex 27.8952 3 -2
      vertex 27.8952 3 2
      vertex 35 3 0
    endloop
  endfacet
  facet normal -0 1 0
    outer loop
      vertex 7 3 0
      vertex 27.8952 3 2
      vertex 27.8952 3 -2
    endloop
  endfacet
  facet normal 0 1 0
    outer loop
      vertex 27.8952 3 2
      vertex 7 3 0
      vertex 6.96165 3 0.731699
    endloop
  endfacet
  facet normal 0 1 0
    outer loop
      vertex 7 3 0
      vertex 27.8952 3 -2
      vertex 6.96165 3 -0.731699
    endloop
  endfacet
  facet normal 0 1 0
    outer loop
      vertex 6.96165 3 -0.731699
      vertex 27.8952 3 -2
      vertex 6.84703 3 -1.45538
    endloop
  endfacet
  facet normal 0 1 -0
    outer loop
      vertex 34.8083 3 -3.6585
      vertex 27.8952 3 -2
      vertex 35 3 0
    endloop
  endfacet
  facet normal 0 1 0
    outer loop
      vertex 27.8952 3 -2
      vertex 34.8083 3 -3.6585
      vertex 27.8466 3 -2.9268
    endloop
  endfacet
  facet normal 0 1 0
    outer loop
      vertex 34.8083 3 -3.6585
      vertex 27.3881 3 -5.82153
      vertex 27.8466 3 -2.9268
    endloop
  endfacet
  facet normal 0 1 -0
    outer loop
      vertex 34.2352 3 -7.27691
      vertex 27.3881 3 -5.82153
      vertex 34.8083 3 -3.6585
    endloop
  endfacet
  facet normal 0 1 0
    outer loop
      vertex 34.2352 3 -7.27691
      vertex 26.6296 3 -8.65248
      vertex 27.3881 3 -5.82153
    endloop
  endfacet
  facet normal 0 1 -0
    outer loop
      vertex 33.287 3 -10.8156
      vertex 26.6296 3 -8.65248
      vertex 34.2352 3 -7.27691
    endloop
  endfacet
  facet normal 0 1 0
    outer loop
      vertex 33.287 3 -10.8156
      vertex 25.5793 3 -11.3886
      vertex 26.6296 3 -8.65248
    endloop
  endfacet
  facet normal 0 1 -0
    outer loop
      vertex 31.9741 3 -14.2358
      vertex 25.5793 3 -11.3886
      vertex 33.287 3 -10.8156
    endloop
  endfacet
  facet normal 0 1 0
    outer loop
      vertex 25.5793 3 -11.3886
      vertex 31.9741 3 -14.2358
      vertex 24.2487 3 -14
    endloop
  endfacet
  facet normal 0 1 -0
    outer loop
      vertex 30.3109 3 -17.5
      vertex 24.2487 3 -14
      vertex 31.9741 3 -14.2358
    endloop
  endfacet
  facet normal 0 1 0
    outer loop
      vertex 24.2487 3 -14
      vertex 30.3109 3 -17.5
      vertex 22.6525 3 -16.458
    endloop
  endfacet
  facet normal 0 1 -0
    outer loop
      vertex 28.3156 3 -20.5725
      vertex 22.6525 3 -16.458
      vertex 30.3109 3 -17.5
    endloop
  endfacet
  facet normal 0 1 0
    outer loop
      vertex 22.6525 3 -16.458
      vertex 28.3156 3 -20.5725
      vertex 20.8081 3 -18.7357
    endloop
  endfacet
  facet normal 0 1 -0
    outer loop
      vertex 26.0101 3 -23.4196
      vertex 20.8081 3 -18.7357
      vertex 28.3156 3 -20.5725
    endloop
  endfacet
  facet normal 0 1 0
    outer loop
      vertex 20.8081 3 -18.7357
      vertex 26.0101 3 -23.4196
      vertex 18.7357 3 -20.8081
    endloop
  endfacet
  facet normal 0 1 -0
    outer loop
      vertex 23.4196 3 -26.0101
      vertex 18.7357 3 -20.8081
      vertex 26.0101 3 -23.4196
    endloop
  endfacet
  facet normal 0 1 0
    outer loop
      vertex 18.7357 3 -20.8081
      vertex 23.4196 3 -26.0101
      vertex 16.458 3 -22.6525
    endloop
  endfacet
  facet normal 0 1 -0
    outer loop
      vertex 20.5725 3 -28.3156
      vertex 16.458 3 -22.6525
      vertex 23.4196 3 -26.0101
    endloop
  endfacet
  facet normal 0 1 0
    outer loop
      vertex 16.458 3 -22.6525
      vertex 20.5725 3 -28.3156
      vertex 14 3 -24.2487
    endloop
  endfacet
  facet normal 0 1 -0
    outer loop
      vertex 17.5 3 -30.3109
      vertex 14 3 -24.2487
      vertex 20.5725 3 -28.3156
    endloop
  endfacet
  facet normal 0 1 0
    outer loop
      vertex 14 3 -24.2487
      vertex 17.5 3 -30.3109
      vertex 11.3886 3 -25.5793
    endloop
  endfacet
  facet normal 0 1 -0
    outer loop
      vertex 14.2358 3 -31.9741
      vertex 11.3886 3 -25.5793
      vertex 17.5 3 -30.3109
    endloop
  endfacet
  facet normal 0 1 0
    outer loop
      vertex 8.65248 3 -26.6296
      vertex 10.8156 3 -33.287
      vertex 5.82153 3 -27.3881
    endloop
  endfacet
  facet normal 0 1 -0
    outer loop
      vertex 10.8156 3 -33.287
      vertex 8.65248 3 -26.6296
      vertex 14.2358 3 -31.9741
    endloop
  endfacet
  facet normal 0 1 0
    outer loop
      vertex 11.3886 3 -25.5793
      vertex 14.2358 3 -31.9741
      vertex 8.65248 3 -26.6296
    endloop
  endfacet
  facet normal 0 1 -0
    outer loop
      vertex -8.65248 3 26.6296
      vertex -10.8156 3 33.287
      vertex -5.82153 3 27.3881
    endloop
  endfacet
  facet normal 0 1 0
    outer loop
      vertex -10.8156 3 33.287
      vertex -8.65248 3 26.6296
      vertex -14.2358 3 31.9741
    endloop
  endfacet
  facet normal 0 1 -0
    outer loop
      vertex -11.3886 3 25.5793
      vertex -14.2358 3 31.9741
      vertex -8.65248 3 26.6296
    endloop
  endfacet
  facet normal 0 1 0
    outer loop
      vertex -14.2358 3 31.9741
      vertex -11.3886 3 25.5793
      vertex -17.5 3 30.3109
    endloop
  endfacet
  facet normal 0 1 -0
    outer loop
      vertex -14 3 24.2487
      vertex -17.5 3 30.3109
      vertex -11.3886 3 25.5793
    endloop
  endfacet
  facet normal 0 1 0
    outer loop
      vertex -17.5 3 30.3109
      vertex -14 3 24.2487
      vertex -20.5725 3 28.3156
    endloop
  endfacet
  facet normal 0 1 -0
    outer loop
      vertex -16.458 3 22.6525
      vertex -20.5725 3 28.3156
      vertex -14 3 24.2487
    endloop
  endfacet
  facet normal 0 1 0
    outer loop
      vertex -20.5725 3 28.3156
      vertex -16.458 3 22.6525
      vertex -23.4196 3 26.0101
    endloop
  endfacet
  facet normal 0 1 -0
    outer loop
      vertex -18.7357 3 20.8081
      vertex -23.4196 3 26.0101
      vertex -16.458 3 22.6525
    endloop
  endfacet
  facet normal 0 1 0
    outer loop
      vertex -23.4196 3 26.0101
      vertex -18.7357 3 20.8081
      vertex -26.0101 3 23.4196
    endloop
  endfacet
  facet normal 0 1 -0
    outer loop
      vertex -20.8081 3 18.7357
      vertex -26.0101 3 23.4196
      vertex -18.7357 3 20.8081
    endloop
  endfacet
  facet normal 0 1 0
    outer loop
      vertex -26.0101 3 23.4196
      vertex -20.8081 3 18.7357
      vertex -28.3156 3 20.5725
    endloop
  endfacet
  facet normal 0 1 -0
    outer loop
      vertex -22.6525 3 16.458
      vertex -28.3156 3 20.5725
      vertex -20.8081 3 18.7357
    endloop
  endfacet
  facet normal 0 1 0
    outer loop
      vertex -28.3156 3 20.5725
      vertex -22.6525 3 16.458
      vertex -30.3109 3 17.5
    endloop
  endfacet
  facet normal 0 1 -0
    outer loop
      vertex -24.2487 3 14
      vertex -30.3109 3 17.5
      vertex -22.6525 3 16.458
    endloop
  endfacet
  facet normal 0 1 0
    outer loop
      vertex -30.3109 3 17.5
      vertex -24.2487 3 14
      vertex -31.9741 3 14.2358
    endloop
  endfacet
  facet normal 0 1 -0
    outer loop
      vertex -25.5793 3 11.3886
      vertex -31.9741 3 14.2358
      vertex -24.2487 3 14
    endloop
  endfacet
  facet normal 0 1 0
    outer loop
      vertex -25.5793 3 11.3886
      vertex -33.287 3 10.8156
      vertex -31.9741 3 14.2358
    endloop
  endfacet
  facet normal 0 1 -0
    outer loop
      vertex -26.6296 3 8.65248
      vertex -33.287 3 10.8156
      vertex -25.5793 3 11.3886
    endloop
  endfacet
  facet normal 0 1 0
    outer loop
      vertex -26.6296 3 8.65248
      vertex -34.2352 3 7.27691
      vertex -33.287 3 10.8156
    endloop
  endfacet
  facet normal 0 1 -0
    outer loop
      vertex -27.3881 3 5.82153
      vertex -34.2352 3 7.27691
      vertex -26.6296 3 8.65248
    endloop
  endfacet
  facet normal 0 1 0
    outer loop
      vertex -27.3881 3 5.82153
      vertex -34.8083 3 3.6585
      vertex -34.2352 3 7.27691
    endloop
  endfacet
  facet normal 0 1 -0
    outer loop
      vertex -27.8466 3 2.9268
      vertex -34.8083 3 3.6585
      vertex -27.3881 3 5.82153
    endloop
  endfacet
  facet normal 0 1 -0
    outer loop
      vertex -27.8952 3 2
      vertex -34.8083 3 3.6585
      vertex -27.8466 3 2.9268
    endloop
  endfacet
  facet normal 0 1 -0
    outer loop
      vertex -6.96165 3 0.731699
      vertex -27.8952 3 2
      vertex -6.84703 3 1.45538
    endloop
  endfacet
  facet normal 0 1 -0
    outer loop
      vertex -7 3 0
      vertex -27.8952 3 2
      vertex -6.96165 3 0.731699
    endloop
  endfacet
  facet normal 0 1 0
    outer loop
      vertex -27.8952 3 2
      vertex -35 3 0
      vertex -34.8083 3 3.6585
    endloop
  endfacet
  facet normal 0 1 0
    outer loop
      vertex -27.8952 3 -2
      vertex -27.8952 3 2
      vertex -7 3 0
    endloop
  endfacet
  facet normal 0 1 0
    outer loop
      vertex -27.8952 3 -2
      vertex -7 3 0
      vertex -6.96165 3 -0.731699
    endloop
  endfacet
  facet normal 0 1 0
    outer loop
      vertex -27.8952 3 -2
      vertex -6.96165 3 -0.731699
      vertex -6.84703 3 -1.45538
    endloop
  endfacet
  facet normal 0 1 0
    outer loop
      vertex -27.8952 3 -2
      vertex -6.84703 3 -1.45538
      vertex -6.7011 3 -2
    endloop
  endfacet
  facet normal 0 1 0
    outer loop
      vertex -27.8952 3 2
      vertex -27.8952 3 -2
      vertex -35 3 0
    endloop
  endfacet
  facet normal 0 1 0
    outer loop
      vertex -34.8083 3 -3.6585
      vertex -27.8952 3 -2
      vertex -27.8466 3 -2.9268
    endloop
  endfacet
  facet normal 0 1 0
    outer loop
      vertex -27.8952 3 -2
      vertex -34.8083 3 -3.6585
      vertex -35 3 0
    endloop
  endfacet
  facet normal 0 1 0
    outer loop
      vertex -27.3881 3 -5.82153
      vertex -34.8083 3 -3.6585
      vertex -27.8466 3 -2.9268
    endloop
  endfacet
  facet normal 0 1 0
    outer loop
      vertex -27.3881 3 -5.82153
      vertex -34.2352 3 -7.27691
      vertex -34.8083 3 -3.6585
    endloop
  endfacet
  facet normal 0 1 0
    outer loop
      vertex -26.6296 3 -8.65248
      vertex -34.2352 3 -7.27691
      vertex -27.3881 3 -5.82153
    endloop
  endfacet
  facet normal 0 1 0
    outer loop
      vertex -26.6296 3 -8.65248
      vertex -33.287 3 -10.8156
      vertex -34.2352 3 -7.27691
    endloop
  endfacet
  facet normal 0 1 0
    outer loop
      vertex -25.5793 3 -11.3886
      vertex -33.287 3 -10.8156
      vertex -26.6296 3 -8.65248
    endloop
  endfacet
  facet normal 0 1 0
    outer loop
      vertex -31.9741 3 -14.2358
      vertex -25.5793 3 -11.3886
      vertex -24.2487 3 -14
    endloop
  endfacet
  facet normal 0 1 0
    outer loop
      vertex -25.5793 3 -11.3886
      vertex -31.9741 3 -14.2358
      vertex -33.287 3 -10.8156
    endloop
  endfacet
  facet normal 0 1 0
    outer loop
      vertex -30.3109 3 -17.5
      vertex -24.2487 3 -14
      vertex -22.6525 3 -16.458
    endloop
  endfacet
  facet normal 0 1 0
    outer loop
      vertex -24.2487 3 -14
      vertex -30.3109 3 -17.5
      vertex -31.9741 3 -14.2358
    endloop
  endfacet
  facet normal 0 1 0
    outer loop
      vertex -28.3156 3 -20.5725
      vertex -22.6525 3 -16.458
      vertex -20.8081 3 -18.7357
    endloop
  endfacet
  facet normal 0 1 0
    outer loop
      vertex -22.6525 3 -16.458
      vertex -28.3156 3 -20.5725
      vertex -30.3109 3 -17.5
    endloop
  endfacet
  facet normal 0 1 0
    outer loop
      vertex -26.0101 3 -23.4196
      vertex -20.8081 3 -18.7357
      vertex -18.7357 3 -20.8081
    endloop
  endfacet
  facet normal 0 1 0
    outer loop
      vertex -23.4196 3 -26.0101
      vertex -18.7357 3 -20.8081
      vertex -16.458 3 -22.6525
    endloop
  endfacet
  facet normal 0 1 0
    outer loop
      vertex -20.8081 3 -18.7357
      vertex -26.0101 3 -23.4196
      vertex -28.3156 3 -20.5725
    endloop
  endfacet
  facet normal 0 1 0
    outer loop
      vertex -20.5725 3 -28.3156
      vertex -16.458 3 -22.6525
      vertex -14 3 -24.2487
    endloop
  endfacet
  facet normal 0 1 0
    outer loop
      vertex -17.5 3 -30.3109
      vertex -14 3 -24.2487
      vertex -11.3886 3 -25.5793
    endloop
  endfacet
  facet normal 0 1 0
    outer loop
      vertex -18.7357 3 -20.8081
      vertex -23.4196 3 -26.0101
      vertex -26.0101 3 -23.4196
    endloop
  endfacet
  facet normal 0 1 0
    outer loop
      vertex -14.2358 3 -31.9741
      vertex -11.3886 3 -25.5793
      vertex -8.65248 3 -26.6296
    endloop
  endfacet
  facet normal 0 1 0
    outer loop
      vertex -10.8156 3 -33.287
      vertex -8.65248 3 -26.6296
      vertex -5.82153 3 -27.3881
    endloop
  endfacet
  facet normal 0 1 0
    outer loop
      vertex -7.27691 3 -34.2352
      vertex -5.82153 3 -27.3881
      vertex -2.9268 3 -27.8466
    endloop
  endfacet
  facet normal 0 1 0
    outer loop
      vertex -16.458 3 -22.6525
      vertex -20.5725 3 -28.3156
      vertex -23.4196 3 -26.0101
    endloop
  endfacet
  facet normal 0 1 0
    outer loop
      vertex -3.6585 3 -34.8083
      vertex -2.9268 3 -27.8466
      vertex -2 3 -27.8952
    endloop
  endfacet
  facet normal 0 1 -0
    outer loop
      vertex 7.27691 3 -34.2352
      vertex 5.82153 3 -27.3881
      vertex 10.8156 3 -33.287
    endloop
  endfacet
  facet normal 0 1 0
    outer loop
      vertex 5.82153 3 -27.3881
      vertex 7.27691 3 -34.2352
      vertex 2.9268 3 -27.8466
    endloop
  endfacet
  facet normal 0 1 0
    outer loop
      vertex -14 3 -24.2487
      vertex -17.5 3 -30.3109
      vertex -20.5725 3 -28.3156
    endloop
  endfacet
  facet normal 0 1 -0
    outer loop
      vertex 3.6585 3 -34.8083
      vertex 2.9268 3 -27.8466
      vertex 7.27691 3 -34.2352
    endloop
  endfacet
  facet normal 0 1 0
    outer loop
      vertex -11.3886 3 -25.5793
      vertex -14.2358 3 -31.9741
      vertex -17.5 3 -30.3109
    endloop
  endfacet
  facet normal 0 1 0
    outer loop
      vertex 2.9268 3 -27.8466
      vertex 3.6585 3 -34.8083
      vertex 2 3 -27.8952
    endloop
  endfacet
  facet normal 0 1 0
    outer loop
      vertex -8.65248 3 -26.6296
      vertex -10.8156 3 -33.287
      vertex -14.2358 3 -31.9741
    endloop
  endfacet
  facet normal 0 1 0
    outer loop
      vertex 0 3 -35
      vertex 2 3 -27.8952
      vertex 3.6585 3 -34.8083
    endloop
  endfacet
  facet normal 0 1 0
    outer loop
      vertex -5.82153 3 -27.3881
      vertex -7.27691 3 -34.2352
      vertex -10.8156 3 -33.287
    endloop
  endfacet
  facet normal 0 1 0
    outer loop
      vertex 2 3 -27.8952
      vertex 0 3 -35
      vertex -2 3 -27.8952
    endloop
  endfacet
  facet normal 0 1 0
    outer loop
      vertex -2.9268 3 -27.8466
      vertex -3.6585 3 -34.8083
      vertex -7.27691 3 -34.2352
    endloop
  endfacet
  facet normal 0 1 0
    outer loop
      vertex -2 3 -27.8952
      vertex 0 3 -35
      vertex -3.6585 3 -34.8083
    endloop
  endfacet
  facet normal 0 1 -0
    outer loop
      vertex -0.731699 3 6.96165
      vertex -2 3 27.8952
      vertex 0 3 7
    endloop
  endfacet
  facet normal 0 1 -0
    outer loop
      vertex -1.45538 3 6.84703
      vertex -2 3 27.8952
      vertex -0.731699 3 6.96165
    endloop
  endfacet
  facet normal 0 1 0
    outer loop
      vertex -2 3 27.8952
      vertex -1.45538 3 6.84703
      vertex -2 3 6.7011
    endloop
  endfacet
  facet normal 0 1 0
    outer loop
      vertex -2 3 -27.8952
      vertex 0 3 -7
      vertex 2 3 -27.8952
    endloop
  endfacet
  facet normal 0 1 0
    outer loop
      vertex 0 3 -7
      vertex -2 3 -27.8952
      vertex -0.731699 3 -6.96165
    endloop
  endfacet
  facet normal 0 1 0
    outer loop
      vertex -0.731699 3 -6.96165
      vertex -2 3 -27.8952
      vertex -1.45538 3 -6.84703
    endloop
  endfacet
  facet normal 0 1 0
    outer loop
      vertex -1.45538 3 -6.84703
      vertex -2 3 -27.8952
      vertex -2 3 -6.7011
    endloop
  endfacet
  facet normal -0.707107 0 -0.707107
    outer loop
      vertex -23.4196 -3 -26.0101
      vertex -26.0101 3 -23.4196
      vertex -23.4196 3 -26.0101
    endloop
  endfacet
  facet normal -0.707107 -0 -0.707107
    outer loop
      vertex -26.0101 3 -23.4196
      vertex -23.4196 -3 -26.0101
      vertex -26.0101 -3 -23.4196
    endloop
  endfacet
  facet normal -0.35837 0 -0.93358
    outer loop
      vertex -14.2358 -3 -31.9741
      vertex -10.8156 3 -33.287
      vertex -10.8156 -3 -33.287
    endloop
  endfacet
  facet normal -0.35837 0 -0.93358
    outer loop
      vertex -10.8156 3 -33.287
      vertex -14.2358 -3 -31.9741
      vertex -14.2358 3 -31.9741
    endloop
  endfacet
  facet normal -0.0523267 0 -0.99863
    outer loop
      vertex -3.6585 -3 -34.8083
      vertex 0 3 -35
      vertex 0 -3 -35
    endloop
  endfacet
  facet normal -0.0523267 0 -0.99863
    outer loop
      vertex 0 3 -35
      vertex -3.6585 -3 -34.8083
      vertex -3.6585 3 -34.8083
    endloop
  endfacet
  facet normal -0.99863 0 0.0523267
    outer loop
      vertex -35 -3 0
      vertex -34.8083 3 3.6585
      vertex -35 3 0
    endloop
  endfacet
  facet normal -0.99863 0 0.0523267
    outer loop
      vertex -34.8083 3 3.6585
      vertex -35 -3 0
      vertex -34.8083 -3 3.6585
    endloop
  endfacet
  facet normal -0.156435 0 -0.987688
    outer loop
      vertex -7.27691 -3 -34.2352
      vertex -3.6585 3 -34.8083
      vertex -3.6585 -3 -34.8083
    endloop
  endfacet
  facet normal -0.156435 0 -0.987688
    outer loop
      vertex -3.6585 3 -34.8083
      vertex -7.27691 -3 -34.2352
      vertex -7.27691 3 -34.2352
    endloop
  endfacet
  facet normal -0.544638 0 -0.838671
    outer loop
      vertex -20.5725 -3 -28.3156
      vertex -17.5 3 -30.3109
      vertex -17.5 -3 -30.3109
    endloop
  endfacet
  facet normal -0.544638 0 -0.838671
    outer loop
      vertex -17.5 3 -30.3109
      vertex -20.5725 -3 -28.3156
      vertex -20.5725 3 -28.3156
    endloop
  endfacet
  facet normal 0.707107 0 -0.707107
    outer loop
      vertex 26.0101 -3 -23.4196
      vertex 23.4196 3 -26.0101
      vertex 26.0101 3 -23.4196
    endloop
  endfacet
  facet normal 0.707107 0 -0.707107
    outer loop
      vertex 23.4196 3 -26.0101
      vertex 26.0101 -3 -23.4196
      vertex 23.4196 -3 -26.0101
    endloop
  endfacet
  facet normal 0.93358 -0 0.358369
    outer loop
      vertex -26.6296 -3 -8.65248
      vertex -25.5793 3 -11.3886
      vertex -26.6296 3 -8.65248
    endloop
  endfacet
  facet normal 0.93358 0 0.358369
    outer loop
      vertex -25.5793 3 -11.3886
      vertex -26.6296 -3 -8.65248
      vertex -25.5793 -3 -11.3886
    endloop
  endfacet
  facet normal -0.987687 0 -0.156441
    outer loop
      vertex 27.8466 -3 2.9268
      vertex 27.3881 3 5.82153
      vertex 27.8466 3 2.9268
    endloop
  endfacet
  facet normal -0.987687 -0 -0.156441
    outer loop
      vertex 27.3881 3 5.82153
      vertex 27.8466 -3 2.9268
      vertex 27.3881 -3 5.82153
    endloop
  endfacet
  facet normal -0.998628 0 -0.0523665
    outer loop
      vertex 27.8952 -3 2
      vertex 27.8466 3 2.9268
      vertex 27.8952 3 2
    endloop
  endfacet
  facet normal -0.998628 -0 -0.0523665
    outer loop
      vertex 27.8466 3 2.9268
      vertex 27.8952 -3 2
      vertex 27.8466 -3 2.9268
    endloop
  endfacet
  facet normal -0.96593 0 -0.258803
    outer loop
      vertex 27.3881 -3 5.82153
      vertex 26.6296 3 8.65248
      vertex 27.3881 3 5.82153
    endloop
  endfacet
  facet normal -0.96593 -0 -0.258803
    outer loop
      vertex 26.6296 3 8.65248
      vertex 27.3881 -3 5.82153
      vertex 26.6296 -3 8.65248
    endloop
  endfacet
  facet normal -0.156441 0 0.987687
    outer loop
      vertex 2.9268 3 -27.8466
      vertex 5.82153 -3 -27.3881
      vertex 5.82153 3 -27.3881
    endloop
  endfacet
  facet normal -0.156441 0 0.987687
    outer loop
      vertex 5.82153 -3 -27.3881
      vertex 2.9268 3 -27.8466
      vertex 2.9268 -3 -27.8466
    endloop
  endfacet
  facet normal -0.93358 0 -0.358369
    outer loop
      vertex 26.6296 -3 8.65248
      vertex 25.5793 3 11.3886
      vertex 26.6296 3 8.65248
    endloop
  endfacet
  facet normal -0.93358 -0 -0.358369
    outer loop
      vertex 25.5793 3 11.3886
      vertex 26.6296 -3 8.65248
      vertex 25.5793 -3 11.3886
    endloop
  endfacet
  facet normal 0.156441 0 -0.987687
    outer loop
      vertex -5.82153 -3 27.3881
      vertex -2.9268 3 27.8466
      vertex -2.9268 -3 27.8466
    endloop
  endfacet
  facet normal 0.156441 0 -0.987687
    outer loop
      vertex -2.9268 3 27.8466
      vertex -5.82153 -3 27.3881
      vertex -5.82153 3 27.3881
    endloop
  endfacet
  facet normal 0.0523665 0 0.998628
    outer loop
      vertex -2.9268 3 -27.8466
      vertex -2 -3 -27.8952
      vertex -2 3 -27.8952
    endloop
  endfacet
  facet normal 0.0523665 0 0.998628
    outer loop
      vertex -2 -3 -27.8952
      vertex -2.9268 3 -27.8466
      vertex -2.9268 -3 -27.8466
    endloop
  endfacet
  facet normal -0.0523665 0 0.998628
    outer loop
      vertex 2 3 -27.8952
      vertex 2.9268 -3 -27.8466
      vertex 2.9268 3 -27.8466
    endloop
  endfacet
  facet normal -0.0523665 0 0.998628
    outer loop
      vertex 2.9268 -3 -27.8466
      vertex 2 3 -27.8952
      vertex 2 -3 -27.8952
    endloop
  endfacet
  facet normal 0.96593 -0 0.258803
    outer loop
      vertex -27.3881 -3 -5.82153
      vertex -26.6296 3 -8.65248
      vertex -27.3881 3 -5.82153
    endloop
  endfacet
  facet normal 0.96593 0 0.258803
    outer loop
      vertex -26.6296 3 -8.65248
      vertex -27.3881 -3 -5.82153
      vertex -26.6296 -3 -8.65248
    endloop
  endfacet
  facet normal -0.258803 0 0.96593
    outer loop
      vertex 5.82153 3 -27.3881
      vertex 8.65248 -3 -26.6296
      vertex 8.65248 3 -26.6296
    endloop
  endfacet
  facet normal -0.258803 0 0.96593
    outer loop
      vertex 8.65248 -3 -26.6296
      vertex 5.82153 3 -27.3881
      vertex 5.82153 -3 -27.3881
    endloop
  endfacet
  facet normal -0.707107 0 -0.707107
    outer loop
      vertex 20.8081 -3 18.7357
      vertex 18.7357 3 20.8081
      vertex 20.8081 3 18.7357
    endloop
  endfacet
  facet normal -0.707107 -0 -0.707107
    outer loop
      vertex 18.7357 3 20.8081
      vertex 20.8081 -3 18.7357
      vertex 18.7357 -3 20.8081
    endloop
  endfacet
  facet normal 0.707107 -0 0.707107
    outer loop
      vertex -20.8081 -3 -18.7357
      vertex -18.7357 3 -20.8081
      vertex -20.8081 3 -18.7357
    endloop
  endfacet
  facet normal 0.707107 0 0.707107
    outer loop
      vertex -18.7357 3 -20.8081
      vertex -20.8081 -3 -18.7357
      vertex -18.7357 -3 -20.8081
    endloop
  endfacet
  facet normal -0.453997 0 -0.891003
    outer loop
      vertex 11.3886 -3 25.5793
      vertex 14 3 24.2487
      vertex 14 -3 24.2487
    endloop
  endfacet
  facet normal -0.453997 0 -0.891003
    outer loop
      vertex 14 3 24.2487
      vertex 11.3886 -3 25.5793
      vertex 11.3886 3 25.5793
    endloop
  endfacet
  facet normal 0.629311 0 0.777153
    outer loop
      vertex -18.7357 3 -20.8081
      vertex -16.458 -3 -22.6525
      vertex -16.458 3 -22.6525
    endloop
  endfacet
  facet normal 0.629311 0 0.777153
    outer loop
      vertex -16.458 -3 -22.6525
      vertex -18.7357 3 -20.8081
      vertex -18.7357 -3 -20.8081
    endloop
  endfacet
  facet normal 0.998628 -0 0.0523665
    outer loop
      vertex -27.8952 -3 -2
      vertex -27.8466 3 -2.9268
      vertex -27.8952 3 -2
    endloop
  endfacet
  facet normal 0.998628 0 0.0523665
    outer loop
      vertex -27.8466 3 -2.9268
      vertex -27.8952 -3 -2
      vertex -27.8466 -3 -2.9268
    endloop
  endfacet
  facet normal -0.987687 0 0.156441
    outer loop
      vertex 27.3881 -3 -5.82153
      vertex 27.8466 3 -2.9268
      vertex 27.3881 3 -5.82153
    endloop
  endfacet
  facet normal -0.987687 0 0.156441
    outer loop
      vertex 27.8466 3 -2.9268
      vertex 27.3881 -3 -5.82153
      vertex 27.8466 -3 -2.9268
    endloop
  endfacet
  facet normal 0.987687 -0 0.156441
    outer loop
      vertex -27.8466 -3 -2.9268
      vertex -27.3881 3 -5.82153
      vertex -27.8466 3 -2.9268
    endloop
  endfacet
  facet normal 0.987687 0 0.156441
    outer loop
      vertex -27.3881 3 -5.82153
      vertex -27.8466 -3 -2.9268
      vertex -27.3881 -3 -5.82153
    endloop
  endfacet
  facet normal -0.998628 0 0.0523665
    outer loop
      vertex 27.8466 -3 -2.9268
      vertex 27.8952 3 -2
      vertex 27.8466 3 -2.9268
    endloop
  endfacet
  facet normal -0.998628 0 0.0523665
    outer loop
      vertex 27.8952 3 -2
      vertex 27.8466 -3 -2.9268
      vertex 27.8952 -3 -2
    endloop
  endfacet
  facet normal -0.156441 0 -0.987687
    outer loop
      vertex 2.9268 -3 27.8466
      vertex 5.82153 3 27.3881
      vertex 5.82153 -3 27.3881
    endloop
  endfacet
  facet normal -0.156441 0 -0.987687
    outer loop
      vertex 5.82153 3 27.3881
      vertex 2.9268 -3 27.8466
      vertex 2.9268 3 27.8466
    endloop
  endfacet
  facet normal -0.544629 0 -0.838677
    outer loop
      vertex 14 -3 24.2487
      vertex 16.458 3 22.6525
      vertex 16.458 -3 22.6525
    endloop
  endfacet
  facet normal -0.544629 0 -0.838677
    outer loop
      vertex 16.458 3 22.6525
      vertex 14 -3 24.2487
      vertex 14 3 24.2487
    endloop
  endfacet
  facet normal -0.358369 0 0.93358
    outer loop
      vertex 8.65248 3 -26.6296
      vertex 11.3886 -3 -25.5793
      vertex 11.3886 3 -25.5793
    endloop
  endfacet
  facet normal -0.358369 0 0.93358
    outer loop
      vertex 11.3886 -3 -25.5793
      vertex 8.65248 3 -26.6296
      vertex 8.65248 -3 -26.6296
    endloop
  endfacet
  facet normal 0.258803 0 -0.96593
    outer loop
      vertex -8.65248 -3 26.6296
      vertex -5.82153 3 27.3881
      vertex -5.82153 -3 27.3881
    endloop
  endfacet
  facet normal 0.258803 0 -0.96593
    outer loop
      vertex -5.82153 3 27.3881
      vertex -8.65248 -3 26.6296
      vertex -8.65248 3 26.6296
    endloop
  endfacet
  facet normal 0.258803 0 0.96593
    outer loop
      vertex -8.65248 3 -26.6296
      vertex -5.82153 -3 -27.3881
      vertex -5.82153 3 -27.3881
    endloop
  endfacet
  facet normal 0.258803 0 0.96593
    outer loop
      vertex -5.82153 -3 -27.3881
      vertex -8.65248 3 -26.6296
      vertex -8.65248 -3 -26.6296
    endloop
  endfacet
  facet normal -0.258803 0 -0.96593
    outer loop
      vertex 5.82153 -3 27.3881
      vertex 8.65248 3 26.6296
      vertex 8.65248 -3 26.6296
    endloop
  endfacet
  facet normal -0.258803 0 -0.96593
    outer loop
      vertex 8.65248 3 26.6296
      vertex 5.82153 -3 27.3881
      vertex 5.82153 3 27.3881
    endloop
  endfacet
  facet normal -0.358369 0 -0.93358
    outer loop
      vertex 8.65248 -3 26.6296
      vertex 11.3886 3 25.5793
      vertex 11.3886 -3 25.5793
    endloop
  endfacet
  facet normal -0.358369 0 -0.93358
    outer loop
      vertex 11.3886 3 25.5793
      vertex 8.65248 -3 26.6296
      vertex 8.65248 3 26.6296
    endloop
  endfacet
  facet normal 0.838677 -0 0.544629
    outer loop
      vertex -24.2487 -3 -14
      vertex -22.6525 3 -16.458
      vertex -24.2487 3 -14
    endloop
  endfacet
  facet normal 0.838677 0 0.544629
    outer loop
      vertex -22.6525 3 -16.458
      vertex -24.2487 -3 -14
      vertex -22.6525 -3 -16.458
    endloop
  endfacet
  facet normal 0.891003 -0 0.453997
    outer loop
      vertex -25.5793 -3 -11.3886
      vertex -24.2487 3 -14
      vertex -25.5793 3 -11.3886
    endloop
  endfacet
  facet normal 0.891003 0 0.453997
    outer loop
      vertex -24.2487 3 -14
      vertex -25.5793 -3 -11.3886
      vertex -24.2487 -3 -14
    endloop
  endfacet
  facet normal 0.987687 0 -0.156441
    outer loop
      vertex -27.3881 -3 5.82153
      vertex -27.8466 3 2.9268
      vertex -27.3881 3 5.82153
    endloop
  endfacet
  facet normal 0.987687 0 -0.156441
    outer loop
      vertex -27.8466 3 2.9268
      vertex -27.3881 -3 5.82153
      vertex -27.8466 -3 2.9268
    endloop
  endfacet
  facet normal 0.453997 0 0.891003
    outer loop
      vertex -14 3 -24.2487
      vertex -11.3886 -3 -25.5793
      vertex -11.3886 3 -25.5793
    endloop
  endfacet
  facet normal 0.453997 0 0.891003
    outer loop
      vertex -11.3886 -3 -25.5793
      vertex -14 3 -24.2487
      vertex -14 -3 -24.2487
    endloop
  endfacet
  facet normal 0.891003 0 -0.453997
    outer loop
      vertex -24.2487 -3 14
      vertex -25.5793 3 11.3886
      vertex -24.2487 3 14
    endloop
  endfacet
  facet normal 0.891003 0 -0.453997
    outer loop
      vertex -25.5793 3 11.3886
      vertex -24.2487 -3 14
      vertex -25.5793 -3 11.3886
    endloop
  endfacet
  facet normal -0.838677 0 -0.544629
    outer loop
      vertex 24.2487 -3 14
      vertex 22.6525 3 16.458
      vertex 24.2487 3 14
    endloop
  endfacet
  facet normal -0.838677 -0 -0.544629
    outer loop
      vertex 22.6525 3 16.458
      vertex 24.2487 -3 14
      vertex 22.6525 -3 16.458
    endloop
  endfacet
  facet normal -0.629311 0 -0.777153
    outer loop
      vertex 16.458 -3 22.6525
      vertex 18.7357 3 20.8081
      vertex 18.7357 -3 20.8081
    endloop
  endfacet
  facet normal -0.629311 0 -0.777153
    outer loop
      vertex 18.7357 3 20.8081
      vertex 16.458 -3 22.6525
      vertex 16.458 3 22.6525
    endloop
  endfacet
  facet normal 0.544629 0 0.838677
    outer loop
      vertex -16.458 3 -22.6525
      vertex -14 -3 -24.2487
      vertex -14 3 -24.2487
    endloop
  endfacet
  facet normal 0.544629 0 0.838677
    outer loop
      vertex -14 -3 -24.2487
      vertex -16.458 3 -22.6525
      vertex -16.458 -3 -22.6525
    endloop
  endfacet
  facet normal -0.777153 0 0.629311
    outer loop
      vertex 20.8081 -3 -18.7357
      vertex 22.6525 3 -16.458
      vertex 20.8081 3 -18.7357
    endloop
  endfacet
  facet normal -0.777153 0 0.629311
    outer loop
      vertex 22.6525 3 -16.458
      vertex 20.8081 -3 -18.7357
      vertex 22.6525 -3 -16.458
    endloop
  endfacet
  facet normal 0.0523665 0 -0.998628
    outer loop
      vertex -2.9268 -3 27.8466
      vertex -2 3 27.8952
      vertex -2 -3 27.8952
    endloop
  endfacet
  facet normal 0.0523665 0 -0.998628
    outer loop
      vertex -2 3 27.8952
      vertex -2.9268 -3 27.8466
      vertex -2.9268 3 27.8466
    endloop
  endfacet
  facet normal -0.453997 0 0.891003
    outer loop
      vertex 11.3886 3 -25.5793
      vertex 14 -3 -24.2487
      vertex 14 3 -24.2487
    endloop
  endfacet
  facet normal -0.453997 0 0.891003
    outer loop
      vertex 14 -3 -24.2487
      vertex 11.3886 3 -25.5793
      vertex 11.3886 -3 -25.5793
    endloop
  endfacet
  facet normal 0.707107 0 -0.707107
    outer loop
      vertex -18.7357 -3 20.8081
      vertex -20.8081 3 18.7357
      vertex -18.7357 3 20.8081
    endloop
  endfacet
  facet normal 0.707107 0 -0.707107
    outer loop
      vertex -20.8081 3 18.7357
      vertex -18.7357 -3 20.8081
      vertex -20.8081 -3 18.7357
    endloop
  endfacet
  facet normal -0.777153 0 -0.629311
    outer loop
      vertex 22.6525 -3 16.458
      vertex 20.8081 3 18.7357
      vertex 22.6525 3 16.458
    endloop
  endfacet
  facet normal -0.777153 -0 -0.629311
    outer loop
      vertex 20.8081 3 18.7357
      vertex 22.6525 -3 16.458
      vertex 20.8081 -3 18.7357
    endloop
  endfacet
  facet normal -0.96593 0 0.258803
    outer loop
      vertex 26.6296 -3 -8.65248
      vertex 27.3881 3 -5.82153
      vertex 26.6296 3 -8.65248
    endloop
  endfacet
  facet normal -0.96593 0 0.258803
    outer loop
      vertex 27.3881 3 -5.82153
      vertex 26.6296 -3 -8.65248
      vertex 27.3881 -3 -5.82153
    endloop
  endfacet
  facet normal -0.93358 0 0.358369
    outer loop
      vertex 25.5793 -3 -11.3886
      vertex 26.6296 3 -8.65248
      vertex 25.5793 3 -11.3886
    endloop
  endfacet
  facet normal -0.93358 0 0.358369
    outer loop
      vertex 26.6296 3 -8.65248
      vertex 25.5793 -3 -11.3886
      vertex 26.6296 -3 -8.65248
    endloop
  endfacet
  facet normal -0.838677 0 0.544629
    outer loop
      vertex 22.6525 -3 -16.458
      vertex 24.2487 3 -14
      vertex 22.6525 3 -16.458
    endloop
  endfacet
  facet normal -0.838677 0 0.544629
    outer loop
      vertex 24.2487 3 -14
      vertex 22.6525 -3 -16.458
      vertex 24.2487 -3 -14
    endloop
  endfacet
  facet normal -0.0523665 0 -0.998628
    outer loop
      vertex 2 -3 27.8952
      vertex 2.9268 3 27.8466
      vertex 2.9268 -3 27.8466
    endloop
  endfacet
  facet normal -0.0523665 0 -0.998628
    outer loop
      vertex 2.9268 3 27.8466
      vertex 2 -3 27.8952
      vertex 2 3 27.8952
    endloop
  endfacet
  facet normal 0.453997 0 -0.891003
    outer loop
      vertex -14 -3 24.2487
      vertex -11.3886 3 25.5793
      vertex -11.3886 -3 25.5793
    endloop
  endfacet
  facet normal 0.453997 0 -0.891003
    outer loop
      vertex -11.3886 3 25.5793
      vertex -14 -3 24.2487
      vertex -14 3 24.2487
    endloop
  endfacet
  facet normal -0.891003 0 -0.453997
    outer loop
      vertex 25.5793 -3 11.3886
      vertex 24.2487 3 14
      vertex 25.5793 3 11.3886
    endloop
  endfacet
  facet normal -0.891003 -0 -0.453997
    outer loop
      vertex 24.2487 3 14
      vertex 25.5793 -3 11.3886
      vertex 24.2487 -3 14
    endloop
  endfacet
  facet normal -0.629311 0 0.777153
    outer loop
      vertex 16.458 3 -22.6525
      vertex 18.7357 -3 -20.8081
      vertex 18.7357 3 -20.8081
    endloop
  endfacet
  facet normal -0.629311 0 0.777153
    outer loop
      vertex 18.7357 -3 -20.8081
      vertex 16.458 3 -22.6525
      vertex 16.458 -3 -22.6525
    endloop
  endfacet
  facet normal 0.629311 0 -0.777153
    outer loop
      vertex -18.7357 -3 20.8081
      vertex -16.458 3 22.6525
      vertex -16.458 -3 22.6525
    endloop
  endfacet
  facet normal 0.629311 0 -0.777153
    outer loop
      vertex -16.458 3 22.6525
      vertex -18.7357 -3 20.8081
      vertex -18.7357 3 20.8081
    endloop
  endfacet
  facet normal 0.544629 0 -0.838677
    outer loop
      vertex -16.458 -3 22.6525
      vertex -14 3 24.2487
      vertex -14 -3 24.2487
    endloop
  endfacet
  facet normal 0.544629 0 -0.838677
    outer loop
      vertex -14 3 24.2487
      vertex -16.458 -3 22.6525
      vertex -16.458 3 22.6525
    endloop
  endfacet
  facet normal 0.96593 0 -0.258803
    outer loop
      vertex -26.6296 -3 8.65248
      vertex -27.3881 3 5.82153
      vertex -26.6296 3 8.65248
    endloop
  endfacet
  facet normal 0.96593 0 -0.258803
    outer loop
      vertex -27.3881 3 5.82153
      vertex -26.6296 -3 8.65248
      vertex -27.3881 -3 5.82153
    endloop
  endfacet
  facet normal 0.93358 0 -0.358369
    outer loop
      vertex -25.5793 -3 11.3886
      vertex -26.6296 3 8.65248
      vertex -25.5793 3 11.3886
    endloop
  endfacet
  facet normal 0.93358 0 -0.358369
    outer loop
      vertex -26.6296 3 8.65248
      vertex -25.5793 -3 11.3886
      vertex -26.6296 -3 8.65248
    endloop
  endfacet
  facet normal 0.358369 0 0.93358
    outer loop
      vertex -11.3886 3 -25.5793
      vertex -8.65248 -3 -26.6296
      vertex -8.65248 3 -26.6296
    endloop
  endfacet
  facet normal 0.358369 0 0.93358
    outer loop
      vertex -8.65248 -3 -26.6296
      vertex -11.3886 3 -25.5793
      vertex -11.3886 -3 -25.5793
    endloop
  endfacet
  facet normal -0.891003 0 0.453997
    outer loop
      vertex 24.2487 -3 -14
      vertex 25.5793 3 -11.3886
      vertex 24.2487 3 -14
    endloop
  endfacet
  facet normal -0.891003 0 0.453997
    outer loop
      vertex 25.5793 3 -11.3886
      vertex 24.2487 -3 -14
      vertex 25.5793 -3 -11.3886
    endloop
  endfacet
  facet normal 0.777153 0 -0.629311
    outer loop
      vertex -20.8081 -3 18.7357
      vertex -22.6525 3 16.458
      vertex -20.8081 3 18.7357
    endloop
  endfacet
  facet normal 0.777153 0 -0.629311
    outer loop
      vertex -22.6525 3 16.458
      vertex -20.8081 -3 18.7357
      vertex -22.6525 -3 16.458
    endloop
  endfacet
  facet normal 0.358369 0 -0.93358
    outer loop
      vertex -11.3886 -3 25.5793
      vertex -8.65248 3 26.6296
      vertex -8.65248 -3 26.6296
    endloop
  endfacet
  facet normal 0.358369 0 -0.93358
    outer loop
      vertex -8.65248 3 26.6296
      vertex -11.3886 -3 25.5793
      vertex -11.3886 3 25.5793
    endloop
  endfacet
  facet normal 0.777153 -0 0.629311
    outer loop
      vertex -22.6525 -3 -16.458
      vertex -20.8081 3 -18.7357
      vertex -22.6525 3 -16.458
    endloop
  endfacet
  facet normal 0.777153 0 0.629311
    outer loop
      vertex -20.8081 3 -18.7357
      vertex -22.6525 -3 -16.458
      vertex -20.8081 -3 -18.7357
    endloop
  endfacet
  facet normal 0.838677 0 -0.544629
    outer loop
      vertex -22.6525 -3 16.458
      vertex -24.2487 3 14
      vertex -22.6525 3 16.458
    endloop
  endfacet
  facet normal 0.838677 0 -0.544629
    outer loop
      vertex -24.2487 3 14
      vertex -22.6525 -3 16.458
      vertex -24.2487 -3 14
    endloop
  endfacet
  facet normal -0.544629 0 0.838677
    outer loop
      vertex 14 3 -24.2487
      vertex 16.458 -3 -22.6525
      vertex 16.458 3 -22.6525
    endloop
  endfacet
  facet normal -0.544629 0 0.838677
    outer loop
      vertex 16.458 -3 -22.6525
      vertex 14 3 -24.2487
      vertex 14 -3 -24.2487
    endloop
  endfacet
  facet normal 0.998628 0 -0.0523665
    outer loop
      vertex -27.8466 -3 2.9268
      vertex -27.8952 3 2
      vertex -27.8466 3 2.9268
    endloop
  endfacet
  facet normal 0.998628 0 -0.0523665
    outer loop
      vertex -27.8952 3 2
      vertex -27.8466 -3 2.9268
      vertex -27.8952 -3 2
    endloop
  endfacet
  facet normal 0.156441 0 0.987687
    outer loop
      vertex -5.82153 3 -27.3881
      vertex -2.9268 -3 -27.8466
      vertex -2.9268 3 -27.8466
    endloop
  endfacet
  facet normal 0.156441 0 0.987687
    outer loop
      vertex -2.9268 -3 -27.8466
      vertex -5.82153 3 -27.3881
      vertex -5.82153 -3 -27.3881
    endloop
  endfacet
  facet normal -0.707107 0 0.707107
    outer loop
      vertex 18.7357 -3 -20.8081
      vertex 20.8081 3 -18.7357
      vertex 18.7357 3 -20.8081
    endloop
  endfacet
  facet normal -0.707107 0 0.707107
    outer loop
      vertex 20.8081 3 -18.7357
      vertex 18.7357 -3 -20.8081
      vertex 20.8081 -3 -18.7357
    endloop
  endfacet
  facet normal 1 -0 0
    outer loop
      vertex 2 -3 -6.7011
      vertex 2 3 -27.8952
      vertex 2 3 -6.7011
    endloop
  endfacet
  facet normal 1 0 0
    outer loop
      vertex 2 3 -27.8952
      vertex 2 -3 -6.7011
      vertex 2 -3 -27.8952
    endloop
  endfacet
  facet normal -1 0 0
    outer loop
      vertex -2 -3 -27.8952
      vertex -2 3 -6.7011
      vertex -2 3 -27.8952
    endloop
  endfacet
  facet normal -1 -0 0
    outer loop
      vertex -2 3 -6.7011
      vertex -2 -3 -27.8952
      vertex -2 -3 -6.7011
    endloop
  endfacet
  facet normal 0 0 -1
    outer loop
      vertex -27.8952 -3 -2
      vertex -6.7011 3 -2
      vertex -6.7011 -3 -2
    endloop
  endfacet
  facet normal -0 0 -1
    outer loop
      vertex -6.7011 3 -2
      vertex -27.8952 -3 -2
      vertex -27.8952 3 -2
    endloop
  endfacet
  facet normal -0 0 1
    outer loop
      vertex -27.8952 3 2
      vertex -6.7011 -3 2
      vertex -6.7011 3 2
    endloop
  endfacet
  facet normal 0 0 1
    outer loop
      vertex -6.7011 -3 2
      vertex -27.8952 3 2
      vertex -27.8952 -3 2
    endloop
  endfacet
  facet normal 1 -0 0
    outer loop
      vertex 2 -3 27.8952
      vertex 2 3 6.7011
      vertex 2 3 27.8952
    endloop
  endfacet
  facet normal 1 0 0
    outer loop
      vertex 2 3 6.7011
      vertex 2 -3 27.8952
      vertex 2 -3 6.7011
    endloop
  endfacet
  facet normal -1 0 0
    outer loop
      vertex -2 -3 6.7011
      vertex -2 3 27.8952
      vertex -2 3 6.7011
    endloop
  endfacet
  facet normal -1 -0 0
    outer loop
      vertex -2 3 27.8952
      vertex -2 -3 6.7011
      vertex -2 -3 27.8952
    endloop
  endfacet
  facet normal 0 0 -1
    outer loop
      vertex 6.7011 -3 -2
      vertex 27.8952 3 -2
      vertex 27.8952 -3 -2
    endloop
  endfacet
  facet normal -0 0 -1
    outer loop
      vertex 27.8952 3 -2
      vertex 6.7011 -3 -2
      vertex 6.7011 3 -2
    endloop
  endfacet
  facet normal -0 0 1
    outer loop
      vertex 6.7011 3 2
      vertex 27.8952 -3 2
      vertex 27.8952 3 2
    endloop
  endfacet
  facet normal 0 0 1
    outer loop
      vertex 27.8952 -3 2
      vertex 6.7011 3 2
      vertex 6.7011 -3 2
    endloop
  endfacet
  facet normal -0.998629 0 -0.0523404
    outer loop
      vertex -6.96165 3 -0.731699
      vertex -7 4 0
      vertex -6.96165 4 -0.731699
    endloop
  endfacet
  facet normal -0.998629 -0 -0.0523404
    outer loop
      vertex -7 4 0
      vertex -6.96165 3 -0.731699
      vertex -7 3 0
    endloop
  endfacet
  facet normal -0.998629 0 -0.0523404
    outer loop
      vertex -6.96165 -4 -0.731699
      vertex -7 -3 0
      vertex -6.96165 -3 -0.731699
    endloop
  endfacet
  facet normal -0.998629 -0 -0.0523404
    outer loop
      vertex -7 -3 0
      vertex -6.96165 -4 -0.731699
      vertex -7 -4 0
    endloop
  endfacet
  facet normal 0.987688 0 -0.156435
    outer loop
      vertex 6.96165 -4 -0.731699
      vertex 6.84703 -3 -1.45538
      vertex 6.96165 -3 -0.731699
    endloop
  endfacet
  facet normal 0.987688 0 -0.156435
    outer loop
      vertex 6.84703 -3 -1.45538
      vertex 6.96165 -4 -0.731699
      vertex 6.84703 -4 -1.45538
    endloop
  endfacet
  facet normal 0.987688 0 -0.156435
    outer loop
      vertex 6.96165 3 -0.731699
      vertex 6.84703 4 -1.45538
      vertex 6.96165 4 -0.731699
    endloop
  endfacet
  facet normal 0.987688 0 -0.156435
    outer loop
      vertex 6.84703 4 -1.45538
      vertex 6.96165 3 -0.731699
      vertex 6.84703 3 -1.45538
    endloop
  endfacet
  facet normal 0.156435 0 -0.987688
    outer loop
      vertex 0.731699 3 -6.96165
      vertex 1.45538 4 -6.84703
      vertex 1.45538 3 -6.84703
    endloop
  endfacet
  facet normal 0.156435 0 -0.987688
    outer loop
      vertex 1.45538 4 -6.84703
      vertex 0.731699 3 -6.96165
      vertex 0.731699 4 -6.96165
    endloop
  endfacet
  facet normal 0.156435 0 -0.987688
    outer loop
      vertex 0.731699 -4 -6.96165
      vertex 1.45538 -3 -6.84703
      vertex 1.45538 -4 -6.84703
    endloop
  endfacet
  facet normal 0.156435 0 -0.987688
    outer loop
      vertex 1.45538 -3 -6.84703
      vertex 0.731699 -4 -6.96165
      vertex 0.731699 -3 -6.96165
    endloop
  endfacet
  facet normal 0.707107 -0 0.707107
    outer loop
      vertex 4.68391 -4 5.20201
      vertex 5.20201 4 4.68391
      vertex 4.68391 4 5.20201
    endloop
  endfacet
  facet normal 0.707107 0 0.707107
    outer loop
      vertex 5.20201 4 4.68391
      vertex 4.68391 -4 5.20201
      vertex 5.20201 -4 4.68391
    endloop
  endfacet
  facet normal -0.156435 0 -0.987688
    outer loop
      vertex -1.45538 3 -6.84703
      vertex -0.731699 4 -6.96165
      vertex -0.731699 3 -6.96165
    endloop
  endfacet
  facet normal -0.156435 0 -0.987688
    outer loop
      vertex -0.731699 4 -6.96165
      vertex -1.45538 3 -6.84703
      vertex -1.45538 4 -6.84703
    endloop
  endfacet
  facet normal -0.156435 0 -0.987688
    outer loop
      vertex -1.45538 -4 -6.84703
      vertex -0.731699 -3 -6.96165
      vertex -0.731699 -4 -6.96165
    endloop
  endfacet
  facet normal -0.156435 0 -0.987688
    outer loop
      vertex -0.731699 -3 -6.96165
      vertex -1.45538 -4 -6.84703
      vertex -1.45538 -3 -6.84703
    endloop
  endfacet
  facet normal -0.891006 0 0.453992
    outer loop
      vertex -6.39482 -4 2.84716
      vertex -6.06218 4 3.5
      vertex -6.39482 4 2.84716
    endloop
  endfacet
  facet normal -0.891006 0 0.453992
    outer loop
      vertex -6.06218 4 3.5
      vertex -6.39482 -4 2.84716
      vertex -6.06218 -4 3.5
    endloop
  endfacet
  facet normal 0.965929 -5.74256e-06 0.258808
    outer loop
      vertex 6.6574 4 2.16312
      vertex 6.7011 3 2
      vertex 6.84703 4 1.45538
    endloop
  endfacet
  facet normal 0.965937 0 0.258776
    outer loop
      vertex 6.6574 4 2.16312
      vertex 6.7011 -3 2
      vertex 6.7011 3 2
    endloop
  endfacet
  facet normal 0.965937 -0 0.258776
    outer loop
      vertex 6.6574 -4 2.16312
      vertex 6.7011 -3 2
      vertex 6.6574 4 2.16312
    endloop
  endfacet
  facet normal 0.965929 5.74256e-06 0.258808
    outer loop
      vertex 6.84703 -4 1.45538
      vertex 6.7011 -3 2
      vertex 6.6574 -4 2.16312
    endloop
  endfacet
  facet normal 0.965926 0 0.258818
    outer loop
      vertex 6.7011 -3 2
      vertex 6.84703 -4 1.45538
      vertex 6.84703 -3 1.45538
    endloop
  endfacet
  facet normal 0.965926 0 0.258818
    outer loop
      vertex 6.84703 4 1.45538
      vertex 6.7011 3 2
      vertex 6.84703 3 1.45538
    endloop
  endfacet
  facet normal -0.0523404 0 0.998629
    outer loop
      vertex -0.731699 4 6.96165
      vertex 0 3 7
      vertex 0 4 7
    endloop
  endfacet
  facet normal -0.0523404 0 0.998629
    outer loop
      vertex 0 3 7
      vertex -0.731699 4 6.96165
      vertex -0.731699 3 6.96165
    endloop
  endfacet
  facet normal -0.0523404 0 0.998629
    outer loop
      vertex -0.731699 -3 6.96165
      vertex 0 -4 7
      vertex 0 -3 7
    endloop
  endfacet
  facet normal -0.0523404 0 0.998629
    outer loop
      vertex 0 -4 7
      vertex -0.731699 -3 6.96165
      vertex -0.731699 -4 6.96165
    endloop
  endfacet
  facet normal 0.965926 0 -0.258818
    outer loop
      vertex 6.84703 -3 -1.45538
      vertex 6.84703 -4 -1.45538
      vertex 6.7011 -3 -2
    endloop
  endfacet
  facet normal 0.965926 0 -0.258818
    outer loop
      vertex 6.7011 3 -2
      vertex 6.84703 4 -1.45538
      vertex 6.84703 3 -1.45538
    endloop
  endfacet
  facet normal 0.965929 -5.74256e-06 -0.258808
    outer loop
      vertex 6.84703 4 -1.45538
      vertex 6.7011 3 -2
      vertex 6.6574 4 -2.16312
    endloop
  endfacet
  facet normal 0.965937 0 -0.258776
    outer loop
      vertex 6.7011 -3 -2
      vertex 6.6574 4 -2.16312
      vertex 6.7011 3 -2
    endloop
  endfacet
  facet normal 0.965937 0 -0.258776
    outer loop
      vertex 6.7011 -3 -2
      vertex 6.6574 -4 -2.16312
      vertex 6.6574 4 -2.16312
    endloop
  endfacet
  facet normal 0.965929 5.74256e-06 -0.258808
    outer loop
      vertex 6.6574 -4 -2.16312
      vertex 6.7011 -3 -2
      vertex 6.84703 -4 -1.45538
    endloop
  endfacet
  facet normal -0.777139 0 0.629329
    outer loop
      vertex -5.66312 -4 4.1145
      vertex -5.20201 4 4.68391
      vertex -5.66312 4 4.1145
    endloop
  endfacet
  facet normal -0.777139 0 0.629329
    outer loop
      vertex -5.20201 4 4.68391
      vertex -5.66312 -4 4.1145
      vertex -5.20201 -4 4.68391
    endloop
  endfacet
  facet normal -0.998629 0 0.0523404
    outer loop
      vertex -7 3 0
      vertex -6.96165 4 0.731699
      vertex -7 4 0
    endloop
  endfacet
  facet normal -0.998629 0 0.0523404
    outer loop
      vertex -6.96165 4 0.731699
      vertex -7 3 0
      vertex -6.96165 3 0.731699
    endloop
  endfacet
  facet normal -0.998629 0 0.0523404
    outer loop
      vertex -7 -4 0
      vertex -6.96165 -3 0.731699
      vertex -7 -3 0
    endloop
  endfacet
  facet normal -0.998629 0 0.0523404
    outer loop
      vertex -6.96165 -3 0.731699
      vertex -7 -4 0
      vertex -6.96165 -4 0.731699
    endloop
  endfacet
  facet normal -0.93358 0 0.35837
    outer loop
      vertex -6.6574 -4 2.16312
      vertex -6.39482 4 2.84716
      vertex -6.6574 4 2.16312
    endloop
  endfacet
  facet normal -0.93358 0 0.35837
    outer loop
      vertex -6.39482 4 2.84716
      vertex -6.6574 -4 2.16312
      vertex -6.39482 -4 2.84716
    endloop
  endfacet
  facet normal -0.453992 0 0.891006
    outer loop
      vertex -3.5 4 6.06218
      vertex -2.84716 -4 6.39482
      vertex -2.84716 4 6.39482
    endloop
  endfacet
  facet normal -0.453992 0 0.891006
    outer loop
      vertex -2.84716 -4 6.39482
      vertex -3.5 4 6.06218
      vertex -3.5 -4 6.06218
    endloop
  endfacet
  facet normal 0.156435 0 0.987688
    outer loop
      vertex 0.731699 4 6.96165
      vertex 1.45538 3 6.84703
      vertex 1.45538 4 6.84703
    endloop
  endfacet
  facet normal 0.156435 0 0.987688
    outer loop
      vertex 1.45538 3 6.84703
      vertex 0.731699 4 6.96165
      vertex 0.731699 3 6.96165
    endloop
  endfacet
  facet normal 0.156435 0 0.987688
    outer loop
      vertex 0.731699 -3 6.96165
      vertex 1.45538 -4 6.84703
      vertex 1.45538 -3 6.84703
    endloop
  endfacet
  facet normal 0.156435 0 0.987688
    outer loop
      vertex 1.45538 -4 6.84703
      vertex 0.731699 -3 6.96165
      vertex 0.731699 -4 6.96165
    endloop
  endfacet
  facet normal -0.35837 0 0.93358
    outer loop
      vertex -2.84716 4 6.39482
      vertex -2.16312 -4 6.6574
      vertex -2.16312 4 6.6574
    endloop
  endfacet
  facet normal -0.35837 0 0.93358
    outer loop
      vertex -2.16312 -4 6.6574
      vertex -2.84716 4 6.39482
      vertex -2.84716 -4 6.39482
    endloop
  endfacet
  facet normal -0.707107 0 0.707107
    outer loop
      vertex -5.20201 -4 4.68391
      vertex -4.68391 4 5.20201
      vertex -5.20201 4 4.68391
    endloop
  endfacet
  facet normal -0.707107 0 0.707107
    outer loop
      vertex -4.68391 4 5.20201
      vertex -5.20201 -4 4.68391
      vertex -4.68391 -4 5.20201
    endloop
  endfacet
  facet normal 0.258776 0 0.965937
    outer loop
      vertex 2.16312 4 6.6574
      vertex 2 3 6.7011
      vertex 2.16312 -4 6.6574
    endloop
  endfacet
  facet normal 0.258808 -5.74256e-06 0.965929
    outer loop
      vertex 1.45538 4 6.84703
      vertex 2 3 6.7011
      vertex 2.16312 4 6.6574
    endloop
  endfacet
  facet normal 0.258818 0 0.965926
    outer loop
      vertex 2 3 6.7011
      vertex 1.45538 4 6.84703
      vertex 1.45538 3 6.84703
    endloop
  endfacet
  facet normal 0.258776 -0 0.965937
    outer loop
      vertex 2 -3 6.7011
      vertex 2.16312 -4 6.6574
      vertex 2 3 6.7011
    endloop
  endfacet
  facet normal 0.258818 -0 0.965926
    outer loop
      vertex 1.45538 -4 6.84703
      vertex 2 -3 6.7011
      vertex 1.45538 -3 6.84703
    endloop
  endfacet
  facet normal 0.258808 5.74256e-06 0.965929
    outer loop
      vertex 2 -3 6.7011
      vertex 1.45538 -4 6.84703
      vertex 2.16312 -4 6.6574
    endloop
  endfacet
  facet normal 0.629329 0 0.777139
    outer loop
      vertex 4.1145 4 5.66312
      vertex 4.68391 -4 5.20201
      vertex 4.68391 4 5.20201
    endloop
  endfacet
  facet normal 0.629329 0 0.777139
    outer loop
      vertex 4.68391 -4 5.20201
      vertex 4.1145 4 5.66312
      vertex 4.1145 -4 5.66312
    endloop
  endfacet
  facet normal -0.156435 0 0.987688
    outer loop
      vertex -1.45538 4 6.84703
      vertex -0.731699 3 6.96165
      vertex -0.731699 4 6.96165
    endloop
  endfacet
  facet normal -0.156435 0 0.987688
    outer loop
      vertex -0.731699 3 6.96165
      vertex -1.45538 4 6.84703
      vertex -1.45538 3 6.84703
    endloop
  endfacet
  facet normal -0.156435 0 0.987688
    outer loop
      vertex -1.45538 -3 6.84703
      vertex -0.731699 -4 6.96165
      vertex -0.731699 -3 6.96165
    endloop
  endfacet
  facet normal -0.156435 0 0.987688
    outer loop
      vertex -0.731699 -4 6.96165
      vertex -1.45538 -3 6.84703
      vertex -1.45538 -4 6.84703
    endloop
  endfacet
  facet normal 0.987688 -0 0.156435
    outer loop
      vertex 6.84703 -4 1.45538
      vertex 6.96165 -3 0.731699
      vertex 6.84703 -3 1.45538
    endloop
  endfacet
  facet normal 0.987688 0 0.156435
    outer loop
      vertex 6.96165 -3 0.731699
      vertex 6.84703 -4 1.45538
      vertex 6.96165 -4 0.731699
    endloop
  endfacet
  facet normal 0.987688 -0 0.156435
    outer loop
      vertex 6.84703 3 1.45538
      vertex 6.96165 4 0.731699
      vertex 6.84703 4 1.45538
    endloop
  endfacet
  facet normal 0.987688 0 0.156435
    outer loop
      vertex 6.96165 4 0.731699
      vertex 6.84703 3 1.45538
      vertex 6.96165 3 0.731699
    endloop
  endfacet
  facet normal -0.629329 0 0.777139
    outer loop
      vertex -4.68391 4 5.20201
      vertex -4.1145 -4 5.66312
      vertex -4.1145 4 5.66312
    endloop
  endfacet
  facet normal -0.629329 0 0.777139
    outer loop
      vertex -4.1145 -4 5.66312
      vertex -4.68391 4 5.20201
      vertex -4.68391 -4 5.20201
    endloop
  endfacet
  facet normal 0.629329 0 -0.777139
    outer loop
      vertex 4.1145 -4 -5.66312
      vertex 4.68391 4 -5.20201
      vertex 4.68391 -4 -5.20201
    endloop
  endfacet
  facet normal 0.629329 0 -0.777139
    outer loop
      vertex 4.68391 4 -5.20201
      vertex 4.1145 -4 -5.66312
      vertex 4.1145 4 -5.66312
    endloop
  endfacet
  facet normal 0.998629 -0 0.0523404
    outer loop
      vertex 6.96165 -4 0.731699
      vertex 7 -3 0
      vertex 6.96165 -3 0.731699
    endloop
  endfacet
  facet normal 0.998629 0 0.0523404
    outer loop
      vertex 7 -3 0
      vertex 6.96165 -4 0.731699
      vertex 7 -4 0
    endloop
  endfacet
  facet normal 0.998629 -0 0.0523404
    outer loop
      vertex 6.96165 3 0.731699
      vertex 7 4 0
      vertex 6.96165 4 0.731699
    endloop
  endfacet
  facet normal 0.998629 0 0.0523404
    outer loop
      vertex 7 4 0
      vertex 6.96165 3 0.731699
      vertex 7 3 0
    endloop
  endfacet
  facet normal 0.838671 -0 0.544638
    outer loop
      vertex 5.66312 -4 4.1145
      vertex 6.06218 4 3.5
      vertex 5.66312 4 4.1145
    endloop
  endfacet
  facet normal 0.838671 0 0.544638
    outer loop
      vertex 6.06218 4 3.5
      vertex 5.66312 -4 4.1145
      vertex 6.06218 -4 3.5
    endloop
  endfacet
  facet normal 0.544638 0 -0.838671
    outer loop
      vertex 3.5 -4 -6.06218
      vertex 4.1145 4 -5.66312
      vertex 4.1145 -4 -5.66312
    endloop
  endfacet
  facet normal 0.544638 0 -0.838671
    outer loop
      vertex 4.1145 4 -5.66312
      vertex 3.5 -4 -6.06218
      vertex 3.5 4 -6.06218
    endloop
  endfacet
  facet normal -0.965929 -5.74256e-06 -0.258808
    outer loop
      vertex -6.6574 4 -2.16312
      vertex -6.7011 3 -2
      vertex -6.84703 4 -1.45538
    endloop
  endfacet
  facet normal -0.965937 0 -0.258776
    outer loop
      vertex -6.6574 4 -2.16312
      vertex -6.7011 -3 -2
      vertex -6.7011 3 -2
    endloop
  endfacet
  facet normal -0.965937 0 -0.258776
    outer loop
      vertex -6.6574 -4 -2.16312
      vertex -6.7011 -3 -2
      vertex -6.6574 4 -2.16312
    endloop
  endfacet
  facet normal -0.965929 5.74256e-06 -0.258808
    outer loop
      vertex -6.84703 -4 -1.45538
      vertex -6.7011 -3 -2
      vertex -6.6574 -4 -2.16312
    endloop
  endfacet
  facet normal -0.965926 0 -0.258818
    outer loop
      vertex -6.7011 -3 -2
      vertex -6.84703 -4 -1.45538
      vertex -6.84703 -3 -1.45538
    endloop
  endfacet
  facet normal -0.965926 -0 -0.258818
    outer loop
      vertex -6.84703 4 -1.45538
      vertex -6.7011 3 -2
      vertex -6.84703 3 -1.45538
    endloop
  endfacet
  facet normal -0.838671 0 0.544638
    outer loop
      vertex -6.06218 -4 3.5
      vertex -5.66312 4 4.1145
      vertex -6.06218 4 3.5
    endloop
  endfacet
  facet normal -0.838671 0 0.544638
    outer loop
      vertex -5.66312 4 4.1145
      vertex -6.06218 -4 3.5
      vertex -5.66312 -4 4.1145
    endloop
  endfacet
  facet normal -0.35837 0 -0.93358
    outer loop
      vertex -2.84716 -4 -6.39482
      vertex -2.16312 4 -6.6574
      vertex -2.16312 -4 -6.6574
    endloop
  endfacet
  facet normal -0.35837 0 -0.93358
    outer loop
      vertex -2.16312 4 -6.6574
      vertex -2.84716 -4 -6.39482
      vertex -2.84716 4 -6.39482
    endloop
  endfacet
  facet normal 0.453992 0 0.891006
    outer loop
      vertex 2.84716 4 6.39482
      vertex 3.5 -4 6.06218
      vertex 3.5 4 6.06218
    endloop
  endfacet
  facet normal 0.453992 0 0.891006
    outer loop
      vertex 3.5 -4 6.06218
      vertex 2.84716 4 6.39482
      vertex 2.84716 -4 6.39482
    endloop
  endfacet
  facet normal 0.998629 0 -0.0523404
    outer loop
      vertex 7 -4 0
      vertex 6.96165 -3 -0.731699
      vertex 7 -3 0
    endloop
  endfacet
  facet normal 0.998629 0 -0.0523404
    outer loop
      vertex 6.96165 -3 -0.731699
      vertex 7 -4 0
      vertex 6.96165 -4 -0.731699
    endloop
  endfacet
  facet normal 0.998629 0 -0.0523404
    outer loop
      vertex 7 3 0
      vertex 6.96165 4 -0.731699
      vertex 7 4 0
    endloop
  endfacet
  facet normal 0.998629 0 -0.0523404
    outer loop
      vertex 6.96165 4 -0.731699
      vertex 7 3 0
      vertex 6.96165 3 -0.731699
    endloop
  endfacet
  facet normal -0.453992 0 -0.891006
    outer loop
      vertex -3.5 -4 -6.06218
      vertex -2.84716 4 -6.39482
      vertex -2.84716 -4 -6.39482
    endloop
  endfacet
  facet normal -0.453992 0 -0.891006
    outer loop
      vertex -2.84716 4 -6.39482
      vertex -3.5 -4 -6.06218
      vertex -3.5 4 -6.06218
    endloop
  endfacet
  facet normal 0.453992 0 -0.891006
    outer loop
      vertex 2.84716 -4 -6.39482
      vertex 3.5 4 -6.06218
      vertex 3.5 -4 -6.06218
    endloop
  endfacet
  facet normal 0.453992 0 -0.891006
    outer loop
      vertex 3.5 4 -6.06218
      vertex 2.84716 -4 -6.39482
      vertex 2.84716 4 -6.39482
    endloop
  endfacet
  facet normal 0.0523404 0 0.998629
    outer loop
      vertex 0 -3 7
      vertex 0.731699 -4 6.96165
      vertex 0.731699 -3 6.96165
    endloop
  endfacet
  facet normal 0.0523404 0 0.998629
    outer loop
      vertex 0.731699 -4 6.96165
      vertex 0 -3 7
      vertex 0 -4 7
    endloop
  endfacet
  facet normal 0.0523404 0 0.998629
    outer loop
      vertex 0 4 7
      vertex 0.731699 3 6.96165
      vertex 0.731699 4 6.96165
    endloop
  endfacet
  facet normal 0.0523404 0 0.998629
    outer loop
      vertex 0.731699 3 6.96165
      vertex 0 4 7
      vertex 0 3 7
    endloop
  endfacet
  facet normal 0.838671 0 -0.544638
    outer loop
      vertex 6.06218 -4 -3.5
      vertex 5.66312 4 -4.1145
      vertex 6.06218 4 -3.5
    endloop
  endfacet
  facet normal 0.838671 0 -0.544638
    outer loop
      vertex 5.66312 4 -4.1145
      vertex 6.06218 -4 -3.5
      vertex 5.66312 -4 -4.1145
    endloop
  endfacet
  facet normal 0.93358 -0 0.35837
    outer loop
      vertex 6.39482 -4 2.84716
      vertex 6.6574 4 2.16312
      vertex 6.39482 4 2.84716
    endloop
  endfacet
  facet normal 0.93358 0 0.35837
    outer loop
      vertex 6.6574 4 2.16312
      vertex 6.39482 -4 2.84716
      vertex 6.6574 -4 2.16312
    endloop
  endfacet
  facet normal -0.965926 0 0.258818
    outer loop
      vertex -6.84703 -3 1.45538
      vertex -6.84703 -4 1.45538
      vertex -6.7011 -3 2
    endloop
  endfacet
  facet normal -0.965926 0 0.258818
    outer loop
      vertex -6.7011 3 2
      vertex -6.84703 4 1.45538
      vertex -6.84703 3 1.45538
    endloop
  endfacet
  facet normal -0.965929 -5.74256e-06 0.258808
    outer loop
      vertex -6.84703 4 1.45538
      vertex -6.7011 3 2
      vertex -6.6574 4 2.16312
    endloop
  endfacet
  facet normal -0.965937 0 0.258776
    outer loop
      vertex -6.7011 -3 2
      vertex -6.6574 4 2.16312
      vertex -6.7011 3 2
    endloop
  endfacet
  facet normal -0.965937 0 0.258776
    outer loop
      vertex -6.7011 -3 2
      vertex -6.6574 -4 2.16312
      vertex -6.6574 4 2.16312
    endloop
  endfacet
  facet normal -0.965929 5.74256e-06 0.258808
    outer loop
      vertex -6.6574 -4 2.16312
      vertex -6.7011 -3 2
      vertex -6.84703 -4 1.45538
    endloop
  endfacet
  facet normal -0.258818 0 0.965926
    outer loop
      vertex -1.45538 4 6.84703
      vertex -2 3 6.7011
      vertex -1.45538 3 6.84703
    endloop
  endfacet
  facet normal -0.258776 0 0.965937
    outer loop
      vertex -2 3 6.7011
      vertex -2.16312 4 6.6574
      vertex -2 -3 6.7011
    endloop
  endfacet
  facet normal -0.258808 -5.74256e-06 0.965929
    outer loop
      vertex -2.16312 4 6.6574
      vertex -2 3 6.7011
      vertex -1.45538 4 6.84703
    endloop
  endfacet
  facet normal -0.258818 0 0.965926
    outer loop
      vertex -2 -3 6.7011
      vertex -1.45538 -4 6.84703
      vertex -1.45538 -3 6.84703
    endloop
  endfacet
  facet normal -0.258808 5.74256e-06 0.965929
    outer loop
      vertex -2 -3 6.7011
      vertex -2.16312 -4 6.6574
      vertex -1.45538 -4 6.84703
    endloop
  endfacet
  facet normal -0.258776 0 0.965937
    outer loop
      vertex -2.16312 -4 6.6574
      vertex -2 -3 6.7011
      vertex -2.16312 4 6.6574
    endloop
  endfacet
  facet normal 0.0523404 0 -0.998629
    outer loop
      vertex 0 -4 -7
      vertex 0.731699 -3 -6.96165
      vertex 0.731699 -4 -6.96165
    endloop
  endfacet
  facet normal 0.0523404 0 -0.998629
    outer loop
      vertex 0.731699 -3 -6.96165
      vertex 0 -4 -7
      vertex 0 -3 -7
    endloop
  endfacet
  facet normal 0.0523404 0 -0.998629
    outer loop
      vertex 0 3 -7
      vertex 0.731699 4 -6.96165
      vertex 0.731699 3 -6.96165
    endloop
  endfacet
  facet normal 0.0523404 0 -0.998629
    outer loop
      vertex 0.731699 4 -6.96165
      vertex 0 3 -7
      vertex 0 4 -7
    endloop
  endfacet
  facet normal 0.544638 0 0.838671
    outer loop
      vertex 3.5 4 6.06218
      vertex 4.1145 -4 5.66312
      vertex 4.1145 4 5.66312
    endloop
  endfacet
  facet normal 0.544638 0 0.838671
    outer loop
      vertex 4.1145 -4 5.66312
      vertex 3.5 4 6.06218
      vertex 3.5 -4 6.06218
    endloop
  endfacet
  facet normal 0.35837 0 0.93358
    outer loop
      vertex 2.16312 4 6.6574
      vertex 2.84716 -4 6.39482
      vertex 2.84716 4 6.39482
    endloop
  endfacet
  facet normal 0.35837 0 0.93358
    outer loop
      vertex 2.84716 -4 6.39482
      vertex 2.16312 4 6.6574
      vertex 2.16312 -4 6.6574
    endloop
  endfacet
  facet normal 0.777139 0 -0.629329
    outer loop
      vertex 5.66312 -4 -4.1145
      vertex 5.20201 4 -4.68391
      vertex 5.66312 4 -4.1145
    endloop
  endfacet
  facet normal 0.777139 0 -0.629329
    outer loop
      vertex 5.20201 4 -4.68391
      vertex 5.66312 -4 -4.1145
      vertex 5.20201 -4 -4.68391
    endloop
  endfacet
  facet normal -0.544638 0 0.838671
    outer loop
      vertex -4.1145 4 5.66312
      vertex -3.5 -4 6.06218
      vertex -3.5 4 6.06218
    endloop
  endfacet
  facet normal -0.544638 0 0.838671
    outer loop
      vertex -3.5 -4 6.06218
      vertex -4.1145 4 5.66312
      vertex -4.1145 -4 5.66312
    endloop
  endfacet
  facet normal -0.93358 0 -0.35837
    outer loop
      vertex -6.39482 -4 -2.84716
      vertex -6.6574 4 -2.16312
      vertex -6.39482 4 -2.84716
    endloop
  endfacet
  facet normal -0.93358 -0 -0.35837
    outer loop
      vertex -6.6574 4 -2.16312
      vertex -6.39482 -4 -2.84716
      vertex -6.6574 -4 -2.16312
    endloop
  endfacet
  facet normal -0.544638 0 -0.838671
    outer loop
      vertex -4.1145 -4 -5.66312
      vertex -3.5 4 -6.06218
      vertex -3.5 -4 -6.06218
    endloop
  endfacet
  facet normal -0.544638 0 -0.838671
    outer loop
      vertex -3.5 4 -6.06218
      vertex -4.1145 -4 -5.66312
      vertex -4.1145 4 -5.66312
    endloop
  endfacet
  facet normal 0.891006 -0 0.453992
    outer loop
      vertex 6.06218 -4 3.5
      vertex 6.39482 4 2.84716
      vertex 6.06218 4 3.5
    endloop
  endfacet
  facet normal 0.891006 0 0.453992
    outer loop
      vertex 6.39482 4 2.84716
      vertex 6.06218 -4 3.5
      vertex 6.39482 -4 2.84716
    endloop
  endfacet
  facet normal 0.777139 -0 0.629329
    outer loop
      vertex 5.20201 -4 4.68391
      vertex 5.66312 4 4.1145
      vertex 5.20201 4 4.68391
    endloop
  endfacet
  facet normal 0.777139 0 0.629329
    outer loop
      vertex 5.66312 4 4.1145
      vertex 5.20201 -4 4.68391
      vertex 5.66312 -4 4.1145
    endloop
  endfacet
  facet normal -0.987688 0 0.156435
    outer loop
      vertex -6.96165 -4 0.731699
      vertex -6.84703 -3 1.45538
      vertex -6.96165 -3 0.731699
    endloop
  endfacet
  facet normal -0.987688 0 0.156435
    outer loop
      vertex -6.84703 -3 1.45538
      vertex -6.96165 -4 0.731699
      vertex -6.84703 -4 1.45538
    endloop
  endfacet
  facet normal -0.987688 0 0.156435
    outer loop
      vertex -6.96165 3 0.731699
      vertex -6.84703 4 1.45538
      vertex -6.96165 4 0.731699
    endloop
  endfacet
  facet normal -0.987688 0 0.156435
    outer loop
      vertex -6.84703 4 1.45538
      vertex -6.96165 3 0.731699
      vertex -6.84703 3 1.45538
    endloop
  endfacet
  facet normal -0.891006 0 -0.453992
    outer loop
      vertex -6.06218 -4 -3.5
      vertex -6.39482 4 -2.84716
      vertex -6.06218 4 -3.5
    endloop
  endfacet
  facet normal -0.891006 -0 -0.453992
    outer loop
      vertex -6.39482 4 -2.84716
      vertex -6.06218 -4 -3.5
      vertex -6.39482 -4 -2.84716
    endloop
  endfacet
  facet normal -0.987688 0 -0.156435
    outer loop
      vertex -6.84703 3 -1.45538
      vertex -6.96165 4 -0.731699
      vertex -6.84703 4 -1.45538
    endloop
  endfacet
  facet normal -0.987688 -0 -0.156435
    outer loop
      vertex -6.96165 4 -0.731699
      vertex -6.84703 3 -1.45538
      vertex -6.96165 3 -0.731699
    endloop
  endfacet
  facet normal -0.987688 0 -0.156435
    outer loop
      vertex -6.84703 -4 -1.45538
      vertex -6.96165 -3 -0.731699
      vertex -6.84703 -3 -1.45538
    endloop
  endfacet
  facet normal -0.987688 -0 -0.156435
    outer loop
      vertex -6.96165 -3 -0.731699
      vertex -6.84703 -4 -1.45538
      vertex -6.96165 -4 -0.731699
    endloop
  endfacet
  facet normal -0.777139 0 -0.629329
    outer loop
      vertex -5.20201 -4 -4.68391
      vertex -5.66312 4 -4.1145
      vertex -5.20201 4 -4.68391
    endloop
  endfacet
  facet normal -0.777139 -0 -0.629329
    outer loop
      vertex -5.66312 4 -4.1145
      vertex -5.20201 -4 -4.68391
      vertex -5.66312 -4 -4.1145
    endloop
  endfacet
  facet normal 0 1 0
    outer loop
      vertex 0.731699 4 6.96165
      vertex 0.365849 4 3.48083
      vertex 0 4 3.5
    endloop
  endfacet
  facet normal 0 1 0
    outer loop
      vertex 5.66312 4 4.1145
      vertex 0.727691 4 3.42352
      vertex 0.365849 4 3.48083
    endloop
  endfacet
  facet normal 0 1 0
    outer loop
      vertex 5.66312 4 4.1145
      vertex 1.08156 4 3.3287
      vertex 0.727691 4 3.42352
    endloop
  endfacet
  facet normal 0 1 0
    outer loop
      vertex 5.66312 4 4.1145
      vertex 1.42358 4 3.19741
      vertex 1.08156 4 3.3287
    endloop
  endfacet
  facet normal 0 1 0
    outer loop
      vertex 5.66312 4 4.1145
      vertex 1.75 4 3.03109
      vertex 1.42358 4 3.19741
    endloop
  endfacet
  facet normal 0 1 0
    outer loop
      vertex 3.03109 4 1.75
      vertex 6.06218 4 3.5
      vertex 6.39482 4 2.84716
    endloop
  endfacet
  facet normal 0 1 0
    outer loop
      vertex 5.66312 4 4.1145
      vertex 2.05725 4 2.83156
      vertex 1.75 4 3.03109
    endloop
  endfacet
  facet normal 0 1 0
    outer loop
      vertex 5.66312 4 4.1145
      vertex 2.34196 4 2.60101
      vertex 2.05725 4 2.83156
    endloop
  endfacet
  facet normal 0 1 0
    outer loop
      vertex 5.66312 4 4.1145
      vertex 2.60101 4 2.34196
      vertex 2.34196 4 2.60101
    endloop
  endfacet
  facet normal 0 1 0
    outer loop
      vertex 3.19741 4 1.42358
      vertex 6.39482 4 2.84716
      vertex 6.6574 4 2.16312
    endloop
  endfacet
  facet normal 0 1 0
    outer loop
      vertex 5.66312 4 4.1145
      vertex 2.83156 4 2.05725
      vertex 2.60101 4 2.34196
    endloop
  endfacet
  facet normal 0 1 0
    outer loop
      vertex 6.06218 4 3.5
      vertex 3.03109 4 1.75
      vertex 2.83156 4 2.05725
    endloop
  endfacet
  facet normal 0 1 0
    outer loop
      vertex 3.3287 4 1.08156
      vertex 6.6574 4 2.16312
      vertex 6.84703 4 1.45538
    endloop
  endfacet
  facet normal 0 1 0
    outer loop
      vertex 6.39482 4 2.84716
      vertex 3.19741 4 1.42358
      vertex 3.03109 4 1.75
    endloop
  endfacet
  facet normal 0 1 0
    outer loop
      vertex 6.6574 4 2.16312
      vertex 3.3287 4 1.08156
      vertex 3.19741 4 1.42358
    endloop
  endfacet
  facet normal 0 1 0
    outer loop
      vertex 3.42352 4 0.727691
      vertex 6.84703 4 1.45538
      vertex 6.96165 4 0.731699
    endloop
  endfacet
  facet normal 0 1 0
    outer loop
      vertex 6.84703 4 1.45538
      vertex 3.42352 4 0.727691
      vertex 3.3287 4 1.08156
    endloop
  endfacet
  facet normal 0 1 0
    outer loop
      vertex 6.96165 4 0.731699
      vertex 3.48083 4 0.365849
      vertex 3.42352 4 0.727691
    endloop
  endfacet
  facet normal 0 1 0
    outer loop
      vertex 7 4 0
      vertex 3.48083 4 0.365849
      vertex 6.96165 4 0.731699
    endloop
  endfacet
  facet normal 0 1 0
    outer loop
      vertex 7 4 0
      vertex 3.5 4 0
      vertex 3.48083 4 0.365849
    endloop
  endfacet
  facet normal 0 1 0
    outer loop
      vertex 7 4 0
      vertex 3.48083 4 -0.365849
      vertex 3.5 4 0
    endloop
  endfacet
  facet normal 0 1 -0
    outer loop
      vertex 6.96165 4 -0.731699
      vertex 3.48083 4 -0.365849
      vertex 7 4 0
    endloop
  endfacet
  facet normal 0 1 0
    outer loop
      vertex 3.48083 4 -0.365849
      vertex 6.96165 4 -0.731699
      vertex 3.42352 4 -0.727691
    endloop
  endfacet
  facet normal 0 1 -0
    outer loop
      vertex 6.84703 4 -1.45538
      vertex 3.42352 4 -0.727691
      vertex 6.96165 4 -0.731699
    endloop
  endfacet
  facet normal 0 1 0
    outer loop
      vertex 3.42352 4 -0.727691
      vertex 6.84703 4 -1.45538
      vertex 3.3287 4 -1.08156
    endloop
  endfacet
  facet normal 0 1 -0
    outer loop
      vertex 6.6574 4 -2.16312
      vertex 3.3287 4 -1.08156
      vertex 6.84703 4 -1.45538
    endloop
  endfacet
  facet normal 0 1 0
    outer loop
      vertex 3.3287 4 -1.08156
      vertex 6.6574 4 -2.16312
      vertex 3.19741 4 -1.42358
    endloop
  endfacet
  facet normal 0 1 -0
    outer loop
      vertex 6.39482 4 -2.84716
      vertex 3.19741 4 -1.42358
      vertex 6.6574 4 -2.16312
    endloop
  endfacet
  facet normal 0 1 0
    outer loop
      vertex 3.19741 4 -1.42358
      vertex 6.39482 4 -2.84716
      vertex 3.03109 4 -1.75
    endloop
  endfacet
  facet normal 0 1 -0
    outer loop
      vertex 6.06218 4 -3.5
      vertex 3.03109 4 -1.75
      vertex 6.39482 4 -2.84716
    endloop
  endfacet
  facet normal 0 1 0
    outer loop
      vertex 3.03109 4 -1.75
      vertex 6.06218 4 -3.5
      vertex 2.83156 4 -2.05725
    endloop
  endfacet
  facet normal 0 1 -0
    outer loop
      vertex 5.66312 4 -4.1145
      vertex 2.83156 4 -2.05725
      vertex 6.06218 4 -3.5
    endloop
  endfacet
  facet normal 0 1 0
    outer loop
      vertex 2.83156 4 -2.05725
      vertex 5.66312 4 -4.1145
      vertex 2.60101 4 -2.34196
    endloop
  endfacet
  facet normal 0 1 -0
    outer loop
      vertex 5.20201 4 -4.68391
      vertex 2.60101 4 -2.34196
      vertex 5.66312 4 -4.1145
    endloop
  endfacet
  facet normal 0 1 0
    outer loop
      vertex 2.60101 4 -2.34196
      vertex 5.20201 4 -4.68391
      vertex 2.34196 4 -2.60101
    endloop
  endfacet
  facet normal 0 1 -0
    outer loop
      vertex 4.68391 4 -5.20201
      vertex 2.34196 4 -2.60101
      vertex 5.20201 4 -4.68391
    endloop
  endfacet
  facet normal 0 1 0
    outer loop
      vertex 2.34196 4 -2.60101
      vertex 4.68391 4 -5.20201
      vertex 2.05725 4 -2.83156
    endloop
  endfacet
  facet normal 0 1 -0
    outer loop
      vertex 4.1145 4 -5.66312
      vertex 2.05725 4 -2.83156
      vertex 4.68391 4 -5.20201
    endloop
  endfacet
  facet normal 0 1 0
    outer loop
      vertex 2.05725 4 -2.83156
      vertex 4.1145 4 -5.66312
      vertex 1.75 4 -3.03109
    endloop
  endfacet
  facet normal 0 1 -0
    outer loop
      vertex 3.5 4 -6.06218
      vertex 1.75 4 -3.03109
      vertex 4.1145 4 -5.66312
    endloop
  endfacet
  facet normal 0 1 0
    outer loop
      vertex 1.75 4 -3.03109
      vertex 3.5 4 -6.06218
      vertex 1.42358 4 -3.19741
    endloop
  endfacet
  facet normal 0 1 -0
    outer loop
      vertex 2.84716 4 -6.39482
      vertex 1.42358 4 -3.19741
      vertex 3.5 4 -6.06218
    endloop
  endfacet
  facet normal 0 1 0
    outer loop
      vertex 0 4 -3.5
      vertex -5.66312 4 -4.1145
      vertex -6.06218 4 -3.5
    endloop
  endfacet
  facet normal 0 1 0
    outer loop
      vertex 1.42358 4 -3.19741
      vertex 2.84716 4 -6.39482
      vertex 1.08156 4 -3.3287
    endloop
  endfacet
  facet normal 0 1 0
    outer loop
      vertex 0 4 -3.5
      vertex -5.20201 4 -4.68391
      vertex -5.66312 4 -4.1145
    endloop
  endfacet
  facet normal 0 1 -0
    outer loop
      vertex 2.16312 4 -6.6574
      vertex 1.08156 4 -3.3287
      vertex 2.84716 4 -6.39482
    endloop
  endfacet
  facet normal 0 1 0
    outer loop
      vertex 0 4 -3.5
      vertex -4.68391 4 -5.20201
      vertex -5.20201 4 -4.68391
    endloop
  endfacet
  facet normal 0 1 0
    outer loop
      vertex 1.08156 4 -3.3287
      vertex 2.16312 4 -6.6574
      vertex 0.727691 4 -3.42352
    endloop
  endfacet
  facet normal 0 1 0
    outer loop
      vertex 0 4 -3.5
      vertex -4.1145 4 -5.66312
      vertex -4.68391 4 -5.20201
    endloop
  endfacet
  facet normal 0 1 -0
    outer loop
      vertex 1.45538 4 -6.84703
      vertex 0.727691 4 -3.42352
      vertex 2.16312 4 -6.6574
    endloop
  endfacet
  facet normal 0 1 0
    outer loop
      vertex 0 4 -3.5
      vertex -3.5 4 -6.06218
      vertex -4.1145 4 -5.66312
    endloop
  endfacet
  facet normal 0 1 0
    outer loop
      vertex 0.727691 4 -3.42352
      vertex 1.45538 4 -6.84703
      vertex 0.365849 4 -3.48083
    endloop
  endfacet
  facet normal 0 1 0
    outer loop
      vertex 0 4 -3.5
      vertex -2.84716 4 -6.39482
      vertex -3.5 4 -6.06218
    endloop
  endfacet
  facet normal 0 1 -0
    outer loop
      vertex 0.731699 4 -6.96165
      vertex 0.365849 4 -3.48083
      vertex 1.45538 4 -6.84703
    endloop
  endfacet
  facet normal 0 1 0
    outer loop
      vertex 0 4 -3.5
      vertex -2.16312 4 -6.6574
      vertex -2.84716 4 -6.39482
    endloop
  endfacet
  facet normal 0 1 0
    outer loop
      vertex 0.365849 4 -3.48083
      vertex 0.731699 4 -6.96165
      vertex 0 4 -3.5
    endloop
  endfacet
  facet normal 0 1 0
    outer loop
      vertex 0 4 -3.5
      vertex -1.45538 4 -6.84703
      vertex -2.16312 4 -6.6574
    endloop
  endfacet
  facet normal 0 1 0
    outer loop
      vertex 0 4 -7
      vertex 0 4 -3.5
      vertex 0.731699 4 -6.96165
    endloop
  endfacet
  facet normal 0 1 0
    outer loop
      vertex 0 4 -3.5
      vertex -0.731699 4 -6.96165
      vertex -1.45538 4 -6.84703
    endloop
  endfacet
  facet normal 0 1 0
    outer loop
      vertex 0 4 -3.5
      vertex 0 4 -7
      vertex -0.731699 4 -6.96165
    endloop
  endfacet
  facet normal 0 1 0
    outer loop
      vertex 0 4 3.5
      vertex 0 4 7
      vertex 0.731699 4 6.96165
    endloop
  endfacet
  facet normal 0 1 0
    outer loop
      vertex 0.365849 4 3.48083
      vertex 0.731699 4 6.96165
      vertex 1.45538 4 6.84703
    endloop
  endfacet
  facet normal 0 1 0
    outer loop
      vertex 0 4 7
      vertex 0 4 3.5
      vertex -0.731699 4 6.96165
    endloop
  endfacet
  facet normal 0 1 0
    outer loop
      vertex 0.365849 4 3.48083
      vertex 1.45538 4 6.84703
      vertex 2.16312 4 6.6574
    endloop
  endfacet
  facet normal 0 1 -0
    outer loop
      vertex -0.365849 4 3.48083
      vertex -0.731699 4 6.96165
      vertex 0 4 3.5
    endloop
  endfacet
  facet normal 0 1 0
    outer loop
      vertex 0.365849 4 3.48083
      vertex 2.16312 4 6.6574
      vertex 2.84716 4 6.39482
    endloop
  endfacet
  facet normal 0 1 0
    outer loop
      vertex -0.731699 4 6.96165
      vertex -0.365849 4 3.48083
      vertex -1.45538 4 6.84703
    endloop
  endfacet
  facet normal 0 1 0
    outer loop
      vertex 0.365849 4 3.48083
      vertex 2.84716 4 6.39482
      vertex 3.5 4 6.06218
    endloop
  endfacet
  facet normal 0 1 -0
    outer loop
      vertex -0.727691 4 3.42352
      vertex -1.45538 4 6.84703
      vertex -0.365849 4 3.48083
    endloop
  endfacet
  facet normal 0 1 0
    outer loop
      vertex 0.365849 4 3.48083
      vertex 3.5 4 6.06218
      vertex 4.1145 4 5.66312
    endloop
  endfacet
  facet normal 0 1 0
    outer loop
      vertex -1.45538 4 6.84703
      vertex -0.727691 4 3.42352
      vertex -2.16312 4 6.6574
    endloop
  endfacet
  facet normal 0 1 0
    outer loop
      vertex 0.365849 4 3.48083
      vertex 4.1145 4 5.66312
      vertex 4.68391 4 5.20201
    endloop
  endfacet
  facet normal 0 1 -0
    outer loop
      vertex -1.08156 4 3.3287
      vertex -2.16312 4 6.6574
      vertex -0.727691 4 3.42352
    endloop
  endfacet
  facet normal 0 1 0
    outer loop
      vertex 0.365849 4 3.48083
      vertex 4.68391 4 5.20201
      vertex 5.20201 4 4.68391
    endloop
  endfacet
  facet normal 0 1 0
    outer loop
      vertex -2.16312 4 6.6574
      vertex -1.08156 4 3.3287
      vertex -2.84716 4 6.39482
    endloop
  endfacet
  facet normal 0 1 0
    outer loop
      vertex 0.365849 4 3.48083
      vertex 5.20201 4 4.68391
      vertex 5.66312 4 4.1145
    endloop
  endfacet
  facet normal 0 1 -0
    outer loop
      vertex -1.42358 4 3.19741
      vertex -2.84716 4 6.39482
      vertex -1.08156 4 3.3287
    endloop
  endfacet
  facet normal 0 1 0
    outer loop
      vertex 2.83156 4 2.05725
      vertex 5.66312 4 4.1145
      vertex 6.06218 4 3.5
    endloop
  endfacet
  facet normal 0 1 0
    outer loop
      vertex -2.84716 4 6.39482
      vertex -1.42358 4 3.19741
      vertex -3.5 4 6.06218
    endloop
  endfacet
  facet normal 0 1 -0
    outer loop
      vertex -1.75 4 3.03109
      vertex -3.5 4 6.06218
      vertex -1.42358 4 3.19741
    endloop
  endfacet
  facet normal 0 1 0
    outer loop
      vertex -3.5 4 6.06218
      vertex -1.75 4 3.03109
      vertex -4.1145 4 5.66312
    endloop
  endfacet
  facet normal 0 1 -0
    outer loop
      vertex -2.05725 4 2.83156
      vertex -4.1145 4 5.66312
      vertex -1.75 4 3.03109
    endloop
  endfacet
  facet normal 0 1 0
    outer loop
      vertex -4.1145 4 5.66312
      vertex -2.05725 4 2.83156
      vertex -4.68391 4 5.20201
    endloop
  endfacet
  facet normal 0 1 -0
    outer loop
      vertex -2.34196 4 2.60101
      vertex -4.68391 4 5.20201
      vertex -2.05725 4 2.83156
    endloop
  endfacet
  facet normal 0 1 0
    outer loop
      vertex -4.68391 4 5.20201
      vertex -2.34196 4 2.60101
      vertex -5.20201 4 4.68391
    endloop
  endfacet
  facet normal 0 1 -0
    outer loop
      vertex -2.60101 4 2.34196
      vertex -5.20201 4 4.68391
      vertex -2.34196 4 2.60101
    endloop
  endfacet
  facet normal 0 1 0
    outer loop
      vertex -5.20201 4 4.68391
      vertex -2.60101 4 2.34196
      vertex -5.66312 4 4.1145
    endloop
  endfacet
  facet normal 0 1 -0
    outer loop
      vertex -2.83156 4 2.05725
      vertex -5.66312 4 4.1145
      vertex -2.60101 4 2.34196
    endloop
  endfacet
  facet normal 0 1 0
    outer loop
      vertex -5.66312 4 4.1145
      vertex -2.83156 4 2.05725
      vertex -6.06218 4 3.5
    endloop
  endfacet
  facet normal 0 1 -0
    outer loop
      vertex -3.03109 4 1.75
      vertex -6.06218 4 3.5
      vertex -2.83156 4 2.05725
    endloop
  endfacet
  facet normal 0 1 0
    outer loop
      vertex -6.06218 4 3.5
      vertex -3.03109 4 1.75
      vertex -6.39482 4 2.84716
    endloop
  endfacet
  facet normal 0 1 -0
    outer loop
      vertex -3.19741 4 1.42358
      vertex -6.39482 4 2.84716
      vertex -3.03109 4 1.75
    endloop
  endfacet
  facet normal 0 1 0
    outer loop
      vertex -6.39482 4 2.84716
      vertex -3.19741 4 1.42358
      vertex -6.6574 4 2.16312
    endloop
  endfacet
  facet normal 0 1 -0
    outer loop
      vertex -3.3287 4 1.08156
      vertex -6.6574 4 2.16312
      vertex -3.19741 4 1.42358
    endloop
  endfacet
  facet normal 0 1 0
    outer loop
      vertex -6.6574 4 2.16312
      vertex -3.3287 4 1.08156
      vertex -6.84703 4 1.45538
    endloop
  endfacet
  facet normal 0 1 -0
    outer loop
      vertex -3.42352 4 0.727691
      vertex -6.84703 4 1.45538
      vertex -3.3287 4 1.08156
    endloop
  endfacet
  facet normal 0 1 0
    outer loop
      vertex -6.84703 4 1.45538
      vertex -3.42352 4 0.727691
      vertex -6.96165 4 0.731699
    endloop
  endfacet
  facet normal 0 1 -0
    outer loop
      vertex -3.48083 4 0.365849
      vertex -6.96165 4 0.731699
      vertex -3.42352 4 0.727691
    endloop
  endfacet
  facet normal 0 1 -0
    outer loop
      vertex -3.5 4 0
      vertex -6.96165 4 0.731699
      vertex -3.48083 4 0.365849
    endloop
  endfacet
  facet normal 0 1 0
    outer loop
      vertex -3.5 4 0
      vertex -7 4 0
      vertex -6.96165 4 0.731699
    endloop
  endfacet
  facet normal 0 1 0
    outer loop
      vertex -3.48083 4 -0.365849
      vertex -7 4 0
      vertex -3.5 4 0
    endloop
  endfacet
  facet normal 0 1 0
    outer loop
      vertex -6.96165 4 -0.731699
      vertex -3.48083 4 -0.365849
      vertex -3.42352 4 -0.727691
    endloop
  endfacet
  facet normal 0 1 0
    outer loop
      vertex -3.48083 4 -0.365849
      vertex -6.96165 4 -0.731699
      vertex -7 4 0
    endloop
  endfacet
  facet normal 0 1 0
    outer loop
      vertex -6.84703 4 -1.45538
      vertex -3.42352 4 -0.727691
      vertex -3.3287 4 -1.08156
    endloop
  endfacet
  facet normal 0 1 0
    outer loop
      vertex -6.6574 4 -2.16312
      vertex -3.3287 4 -1.08156
      vertex -3.19741 4 -1.42358
    endloop
  endfacet
  facet normal 0 1 0
    outer loop
      vertex -3.42352 4 -0.727691
      vertex -6.84703 4 -1.45538
      vertex -6.96165 4 -0.731699
    endloop
  endfacet
  facet normal 0 1 0
    outer loop
      vertex -6.39482 4 -2.84716
      vertex -3.19741 4 -1.42358
      vertex -3.03109 4 -1.75
    endloop
  endfacet
  facet normal 0 1 0
    outer loop
      vertex -6.06218 4 -3.5
      vertex -3.03109 4 -1.75
      vertex -2.83156 4 -2.05725
    endloop
  endfacet
  facet normal 0 1 0
    outer loop
      vertex -3.3287 4 -1.08156
      vertex -6.6574 4 -2.16312
      vertex -6.84703 4 -1.45538
    endloop
  endfacet
  facet normal 0 1 0
    outer loop
      vertex -6.06218 4 -3.5
      vertex -2.83156 4 -2.05725
      vertex -2.60101 4 -2.34196
    endloop
  endfacet
  facet normal 0 1 0
    outer loop
      vertex -6.06218 4 -3.5
      vertex -2.60101 4 -2.34196
      vertex -2.34196 4 -2.60101
    endloop
  endfacet
  facet normal 0 1 0
    outer loop
      vertex -6.06218 4 -3.5
      vertex -2.34196 4 -2.60101
      vertex -2.05725 4 -2.83156
    endloop
  endfacet
  facet normal 0 1 0
    outer loop
      vertex -3.19741 4 -1.42358
      vertex -6.39482 4 -2.84716
      vertex -6.6574 4 -2.16312
    endloop
  endfacet
  facet normal 0 1 0
    outer loop
      vertex -6.06218 4 -3.5
      vertex -2.05725 4 -2.83156
      vertex -1.75 4 -3.03109
    endloop
  endfacet
  facet normal 0 1 0
    outer loop
      vertex -6.06218 4 -3.5
      vertex -1.75 4 -3.03109
      vertex -1.42358 4 -3.19741
    endloop
  endfacet
  facet normal 0 1 0
    outer loop
      vertex -6.06218 4 -3.5
      vertex -1.42358 4 -3.19741
      vertex -1.08156 4 -3.3287
    endloop
  endfacet
  facet normal 0 1 0
    outer loop
      vertex -6.06218 4 -3.5
      vertex -1.08156 4 -3.3287
      vertex -0.727691 4 -3.42352
    endloop
  endfacet
  facet normal 0 1 0
    outer loop
      vertex -6.06218 4 -3.5
      vertex -0.727691 4 -3.42352
      vertex -0.365849 4 -3.48083
    endloop
  endfacet
  facet normal 0 1 0
    outer loop
      vertex -3.03109 4 -1.75
      vertex -6.06218 4 -3.5
      vertex -6.39482 4 -2.84716
    endloop
  endfacet
  facet normal 0 1 0
    outer loop
      vertex -6.06218 4 -3.5
      vertex -0.365849 4 -3.48083
      vertex 0 4 -3.5
    endloop
  endfacet
  facet normal -0.838671 0 -0.544638
    outer loop
      vertex -5.66312 -4 -4.1145
      vertex -6.06218 4 -3.5
      vertex -5.66312 4 -4.1145
    endloop
  endfacet
  facet normal -0.838671 -0 -0.544638
    outer loop
      vertex -6.06218 4 -3.5
      vertex -5.66312 -4 -4.1145
      vertex -6.06218 -4 -3.5
    endloop
  endfacet
  facet normal -0.629329 0 -0.777139
    outer loop
      vertex -4.68391 -4 -5.20201
      vertex -4.1145 4 -5.66312
      vertex -4.1145 -4 -5.66312
    endloop
  endfacet
  facet normal -0.629329 0 -0.777139
    outer loop
      vertex -4.1145 4 -5.66312
      vertex -4.68391 -4 -5.20201
      vertex -4.68391 4 -5.20201
    endloop
  endfacet
  facet normal 0.707107 0 -0.707107
    outer loop
      vertex 5.20201 -4 -4.68391
      vertex 4.68391 4 -5.20201
      vertex 5.20201 4 -4.68391
    endloop
  endfacet
  facet normal 0.707107 0 -0.707107
    outer loop
      vertex 4.68391 4 -5.20201
      vertex 5.20201 -4 -4.68391
      vertex 4.68391 -4 -5.20201
    endloop
  endfacet
  facet normal 0.35837 0 -0.93358
    outer loop
      vertex 2.16312 -4 -6.6574
      vertex 2.84716 4 -6.39482
      vertex 2.84716 -4 -6.39482
    endloop
  endfacet
  facet normal 0.35837 0 -0.93358
    outer loop
      vertex 2.84716 4 -6.39482
      vertex 2.16312 -4 -6.6574
      vertex 2.16312 4 -6.6574
    endloop
  endfacet
  facet normal 0.258776 0 -0.965937
    outer loop
      vertex 2.16312 -4 -6.6574
      vertex 2 -3 -6.7011
      vertex 2.16312 4 -6.6574
    endloop
  endfacet
  facet normal 0.258808 5.74256e-06 -0.965929
    outer loop
      vertex 1.45538 -4 -6.84703
      vertex 2 -3 -6.7011
      vertex 2.16312 -4 -6.6574
    endloop
  endfacet
  facet normal 0.258818 0 -0.965926
    outer loop
      vertex 2 -3 -6.7011
      vertex 1.45538 -4 -6.84703
      vertex 1.45538 -3 -6.84703
    endloop
  endfacet
  facet normal 0.258776 0 -0.965937
    outer loop
      vertex 2 3 -6.7011
      vertex 2.16312 4 -6.6574
      vertex 2 -3 -6.7011
    endloop
  endfacet
  facet normal 0.258818 0 -0.965926
    outer loop
      vertex 1.45538 4 -6.84703
      vertex 2 3 -6.7011
      vertex 1.45538 3 -6.84703
    endloop
  endfacet
  facet normal 0.258808 -5.74256e-06 -0.965929
    outer loop
      vertex 2 3 -6.7011
      vertex 1.45538 4 -6.84703
      vertex 2.16312 4 -6.6574
    endloop
  endfacet
  facet normal -0.0523404 0 -0.998629
    outer loop
      vertex -0.731699 3 -6.96165
      vertex 0 4 -7
      vertex 0 3 -7
    endloop
  endfacet
  facet normal -0.0523404 0 -0.998629
    outer loop
      vertex 0 4 -7
      vertex -0.731699 3 -6.96165
      vertex -0.731699 4 -6.96165
    endloop
  endfacet
  facet normal -0.0523404 0 -0.998629
    outer loop
      vertex -0.731699 -4 -6.96165
      vertex 0 -3 -7
      vertex 0 -4 -7
    endloop
  endfacet
  facet normal -0.0523404 0 -0.998629
    outer loop
      vertex 0 -3 -7
      vertex -0.731699 -4 -6.96165
      vertex -0.731699 -3 -6.96165
    endloop
  endfacet
  facet normal -0.707107 0 -0.707107
    outer loop
      vertex -4.68391 -4 -5.20201
      vertex -5.20201 4 -4.68391
      vertex -4.68391 4 -5.20201
    endloop
  endfacet
  facet normal -0.707107 -0 -0.707107
    outer loop
      vertex -5.20201 4 -4.68391
      vertex -4.68391 -4 -5.20201
      vertex -5.20201 -4 -4.68391
    endloop
  endfacet
  facet normal -0.258818 0 -0.965926
    outer loop
      vertex -1.45538 -4 -6.84703
      vertex -2 -3 -6.7011
      vertex -1.45538 -3 -6.84703
    endloop
  endfacet
  facet normal -0.258776 0 -0.965937
    outer loop
      vertex -2 -3 -6.7011
      vertex -2.16312 -4 -6.6574
      vertex -2 3 -6.7011
    endloop
  endfacet
  facet normal -0.258808 5.74256e-06 -0.965929
    outer loop
      vertex -2.16312 -4 -6.6574
      vertex -2 -3 -6.7011
      vertex -1.45538 -4 -6.84703
    endloop
  endfacet
  facet normal -0.258818 0 -0.965926
    outer loop
      vertex -2 3 -6.7011
      vertex -1.45538 4 -6.84703
      vertex -1.45538 3 -6.84703
    endloop
  endfacet
  facet normal -0.258808 -5.74256e-06 -0.965929
    outer loop
      vertex -2 3 -6.7011
      vertex -2.16312 4 -6.6574
      vertex -1.45538 4 -6.84703
    endloop
  endfacet
  facet normal -0.258776 -0 -0.965937
    outer loop
      vertex -2.16312 4 -6.6574
      vertex -2 3 -6.7011
      vertex -2.16312 -4 -6.6574
    endloop
  endfacet
  facet normal 0.891006 0 -0.453992
    outer loop
      vertex 6.39482 -4 -2.84716
      vertex 6.06218 4 -3.5
      vertex 6.39482 4 -2.84716
    endloop
  endfacet
  facet normal 0.891006 0 -0.453992
    outer loop
      vertex 6.06218 4 -3.5
      vertex 6.39482 -4 -2.84716
      vertex 6.06218 -4 -3.5
    endloop
  endfacet
  facet normal 0.93358 0 -0.35837
    outer loop
      vertex 6.6574 -4 -2.16312
      vertex 6.39482 4 -2.84716
      vertex 6.6574 4 -2.16312
    endloop
  endfacet
  facet normal 0.93358 0 -0.35837
    outer loop
      vertex 6.39482 4 -2.84716
      vertex 6.6574 -4 -2.16312
      vertex 6.39482 -4 -2.84716
    endloop
  endfacet
  facet normal 0 -1 0
    outer loop
      vertex -0.731699 -4 6.96165
      vertex -0.365849 -4 3.48083
      vertex 0 -4 3.5
    endloop
  endfacet
  facet normal 0 -1 0
    outer loop
      vertex -5.66312 -4 4.1145
      vertex -0.727691 -4 3.42352
      vertex -0.365849 -4 3.48083
    endloop
  endfacet
  facet normal 0 -1 0
    outer loop
      vertex -5.66312 -4 4.1145
      vertex -1.08156 -4 3.3287
      vertex -0.727691 -4 3.42352
    endloop
  endfacet
  facet normal 0 -1 0
    outer loop
      vertex -5.66312 -4 4.1145
      vertex -1.42358 -4 3.19741
      vertex -1.08156 -4 3.3287
    endloop
  endfacet
  facet normal 0 -1 0
    outer loop
      vertex -5.66312 -4 4.1145
      vertex -1.75 -4 3.03109
      vertex -1.42358 -4 3.19741
    endloop
  endfacet
  facet normal 0 -1 0
    outer loop
      vertex -3.03109 -4 1.75
      vertex -6.06218 -4 3.5
      vertex -6.39482 -4 2.84716
    endloop
  endfacet
  facet normal 0 -1 0
    outer loop
      vertex -5.66312 -4 4.1145
      vertex -2.05725 -4 2.83156
      vertex -1.75 -4 3.03109
    endloop
  endfacet
  facet normal 0 -1 0
    outer loop
      vertex -5.66312 -4 4.1145
      vertex -2.34196 -4 2.60101
      vertex -2.05725 -4 2.83156
    endloop
  endfacet
  facet normal 0 -1 0
    outer loop
      vertex -5.66312 -4 4.1145
      vertex -2.60101 -4 2.34196
      vertex -2.34196 -4 2.60101
    endloop
  endfacet
  facet normal 0 -1 0
    outer loop
      vertex -3.19741 -4 1.42358
      vertex -6.39482 -4 2.84716
      vertex -6.6574 -4 2.16312
    endloop
  endfacet
  facet normal 0 -1 0
    outer loop
      vertex -5.66312 -4 4.1145
      vertex -2.83156 -4 2.05725
      vertex -2.60101 -4 2.34196
    endloop
  endfacet
  facet normal 0 -1 0
    outer loop
      vertex -6.06218 -4 3.5
      vertex -3.03109 -4 1.75
      vertex -2.83156 -4 2.05725
    endloop
  endfacet
  facet normal 0 -1 0
    outer loop
      vertex -3.3287 -4 1.08156
      vertex -6.6574 -4 2.16312
      vertex -6.84703 -4 1.45538
    endloop
  endfacet
  facet normal 0 -1 0
    outer loop
      vertex -6.39482 -4 2.84716
      vertex -3.19741 -4 1.42358
      vertex -3.03109 -4 1.75
    endloop
  endfacet
  facet normal 0 -1 0
    outer loop
      vertex -6.6574 -4 2.16312
      vertex -3.3287 -4 1.08156
      vertex -3.19741 -4 1.42358
    endloop
  endfacet
  facet normal 0 -1 0
    outer loop
      vertex -3.42352 -4 0.727691
      vertex -6.84703 -4 1.45538
      vertex -6.96165 -4 0.731699
    endloop
  endfacet
  facet normal 0 -1 0
    outer loop
      vertex -6.84703 -4 1.45538
      vertex -3.42352 -4 0.727691
      vertex -3.3287 -4 1.08156
    endloop
  endfacet
  facet normal 0 -1 0
    outer loop
      vertex -6.96165 -4 0.731699
      vertex -3.48083 -4 0.365849
      vertex -3.42352 -4 0.727691
    endloop
  endfacet
  facet normal 0 -1 0
    outer loop
      vertex -7 -4 0
      vertex -3.48083 -4 0.365849
      vertex -6.96165 -4 0.731699
    endloop
  endfacet
  facet normal 0 -1 0
    outer loop
      vertex -7 -4 0
      vertex -3.5 -4 0
      vertex -3.48083 -4 0.365849
    endloop
  endfacet
  facet normal 0 -1 0
    outer loop
      vertex -7 -4 0
      vertex -3.48083 -4 -0.365849
      vertex -3.5 -4 0
    endloop
  endfacet
  facet normal 0 -1 0
    outer loop
      vertex -6.96165 -4 -0.731699
      vertex -3.48083 -4 -0.365849
      vertex -7 -4 0
    endloop
  endfacet
  facet normal 0 -1 -0
    outer loop
      vertex -3.48083 -4 -0.365849
      vertex -6.96165 -4 -0.731699
      vertex -3.42352 -4 -0.727691
    endloop
  endfacet
  facet normal 0 -1 0
    outer loop
      vertex -6.84703 -4 -1.45538
      vertex -3.42352 -4 -0.727691
      vertex -6.96165 -4 -0.731699
    endloop
  endfacet
  facet normal 0 -1 -0
    outer loop
      vertex -3.42352 -4 -0.727691
      vertex -6.84703 -4 -1.45538
      vertex -3.3287 -4 -1.08156
    endloop
  endfacet
  facet normal 0 -1 0
    outer loop
      vertex -6.6574 -4 -2.16312
      vertex -3.3287 -4 -1.08156
      vertex -6.84703 -4 -1.45538
    endloop
  endfacet
  facet normal 0 -1 -0
    outer loop
      vertex -3.3287 -4 -1.08156
      vertex -6.6574 -4 -2.16312
      vertex -3.19741 -4 -1.42358
    endloop
  endfacet
  facet normal 0 -1 0
    outer loop
      vertex -6.39482 -4 -2.84716
      vertex -3.19741 -4 -1.42358
      vertex -6.6574 -4 -2.16312
    endloop
  endfacet
  facet normal 0 -1 -0
    outer loop
      vertex -3.19741 -4 -1.42358
      vertex -6.39482 -4 -2.84716
      vertex -3.03109 -4 -1.75
    endloop
  endfacet
  facet normal 0 -1 0
    outer loop
      vertex -6.06218 -4 -3.5
      vertex -3.03109 -4 -1.75
      vertex -6.39482 -4 -2.84716
    endloop
  endfacet
  facet normal 0 -1 -0
    outer loop
      vertex -3.03109 -4 -1.75
      vertex -6.06218 -4 -3.5
      vertex -2.83156 -4 -2.05725
    endloop
  endfacet
  facet normal 0 -1 0
    outer loop
      vertex -5.66312 -4 -4.1145
      vertex -2.83156 -4 -2.05725
      vertex -6.06218 -4 -3.5
    endloop
  endfacet
  facet normal 0 -1 -0
    outer loop
      vertex -2.83156 -4 -2.05725
      vertex -5.66312 -4 -4.1145
      vertex -2.60101 -4 -2.34196
    endloop
  endfacet
  facet normal 0 -1 0
    outer loop
      vertex -5.20201 -4 -4.68391
      vertex -2.60101 -4 -2.34196
      vertex -5.66312 -4 -4.1145
    endloop
  endfacet
  facet normal 0 -1 -0
    outer loop
      vertex -2.60101 -4 -2.34196
      vertex -5.20201 -4 -4.68391
      vertex -2.34196 -4 -2.60101
    endloop
  endfacet
  facet normal 0 -1 0
    outer loop
      vertex -4.68391 -4 -5.20201
      vertex -2.34196 -4 -2.60101
      vertex -5.20201 -4 -4.68391
    endloop
  endfacet
  facet normal 0 -1 -0
    outer loop
      vertex -2.34196 -4 -2.60101
      vertex -4.68391 -4 -5.20201
      vertex -2.05725 -4 -2.83156
    endloop
  endfacet
  facet normal 0 -1 0
    outer loop
      vertex -4.1145 -4 -5.66312
      vertex -2.05725 -4 -2.83156
      vertex -4.68391 -4 -5.20201
    endloop
  endfacet
  facet normal 0 -1 -0
    outer loop
      vertex -2.05725 -4 -2.83156
      vertex -4.1145 -4 -5.66312
      vertex -1.75 -4 -3.03109
    endloop
  endfacet
  facet normal 0 -1 0
    outer loop
      vertex -3.5 -4 -6.06218
      vertex -1.75 -4 -3.03109
      vertex -4.1145 -4 -5.66312
    endloop
  endfacet
  facet normal 0 -1 -0
    outer loop
      vertex -1.75 -4 -3.03109
      vertex -3.5 -4 -6.06218
      vertex -1.42358 -4 -3.19741
    endloop
  endfacet
  facet normal 0 -1 0
    outer loop
      vertex -2.84716 -4 -6.39482
      vertex -1.42358 -4 -3.19741
      vertex -3.5 -4 -6.06218
    endloop
  endfacet
  facet normal 0 -1 0
    outer loop
      vertex 0 -4 -3.5
      vertex 5.66312 -4 -4.1145
      vertex 6.06218 -4 -3.5
    endloop
  endfacet
  facet normal 0 -1 -0
    outer loop
      vertex -1.42358 -4 -3.19741
      vertex -2.84716 -4 -6.39482
      vertex -1.08156 -4 -3.3287
    endloop
  endfacet
  facet normal 0 -1 0
    outer loop
      vertex 0 -4 -3.5
      vertex 5.20201 -4 -4.68391
      vertex 5.66312 -4 -4.1145
    endloop
  endfacet
  facet normal 0 -1 0
    outer loop
      vertex -2.16312 -4 -6.6574
      vertex -1.08156 -4 -3.3287
      vertex -2.84716 -4 -6.39482
    endloop
  endfacet
  facet normal 0 -1 0
    outer loop
      vertex 0 -4 -3.5
      vertex 4.68391 -4 -5.20201
      vertex 5.20201 -4 -4.68391
    endloop
  endfacet
  facet normal 0 -1 -0
    outer loop
      vertex -1.08156 -4 -3.3287
      vertex -2.16312 -4 -6.6574
      vertex -0.727691 -4 -3.42352
    endloop
  endfacet
  facet normal 0 -1 0
    outer loop
      vertex 0 -4 -3.5
      vertex 4.1145 -4 -5.66312
      vertex 4.68391 -4 -5.20201
    endloop
  endfacet
  facet normal 0 -1 0
    outer loop
      vertex -1.45538 -4 -6.84703
      vertex -0.727691 -4 -3.42352
      vertex -2.16312 -4 -6.6574
    endloop
  endfacet
  facet normal 0 -1 0
    outer loop
      vertex 0 -4 -3.5
      vertex 3.5 -4 -6.06218
      vertex 4.1145 -4 -5.66312
    endloop
  endfacet
  facet normal 0 -1 -0
    outer loop
      vertex -0.727691 -4 -3.42352
      vertex -1.45538 -4 -6.84703
      vertex -0.365849 -4 -3.48083
    endloop
  endfacet
  facet normal 0 -1 0
    outer loop
      vertex 0 -4 -3.5
      vertex 2.84716 -4 -6.39482
      vertex 3.5 -4 -6.06218
    endloop
  endfacet
  facet normal 0 -1 0
    outer loop
      vertex -0.731699 -4 -6.96165
      vertex -0.365849 -4 -3.48083
      vertex -1.45538 -4 -6.84703
    endloop
  endfacet
  facet normal 0 -1 0
    outer loop
      vertex 0 -4 -3.5
      vertex 2.16312 -4 -6.6574
      vertex 2.84716 -4 -6.39482
    endloop
  endfacet
  facet normal 0 -1 -0
    outer loop
      vertex -0.365849 -4 -3.48083
      vertex -0.731699 -4 -6.96165
      vertex 0 -4 -3.5
    endloop
  endfacet
  facet normal 0 -1 0
    outer loop
      vertex 0 -4 -3.5
      vertex 1.45538 -4 -6.84703
      vertex 2.16312 -4 -6.6574
    endloop
  endfacet
  facet normal 0 -1 0
    outer loop
      vertex 0 -4 -7
      vertex 0 -4 -3.5
      vertex -0.731699 -4 -6.96165
    endloop
  endfacet
  facet normal 0 -1 0
    outer loop
      vertex 0 -4 -3.5
      vertex 0.731699 -4 -6.96165
      vertex 1.45538 -4 -6.84703
    endloop
  endfacet
  facet normal 0 -1 0
    outer loop
      vertex 0 -4 -3.5
      vertex 0 -4 -7
      vertex 0.731699 -4 -6.96165
    endloop
  endfacet
  facet normal 0 -1 0
    outer loop
      vertex 0 -4 3.5
      vertex 0 -4 7
      vertex -0.731699 -4 6.96165
    endloop
  endfacet
  facet normal 0 -1 0
    outer loop
      vertex -0.365849 -4 3.48083
      vertex -0.731699 -4 6.96165
      vertex -1.45538 -4 6.84703
    endloop
  endfacet
  facet normal 0 -1 0
    outer loop
      vertex 0 -4 7
      vertex 0 -4 3.5
      vertex 0.731699 -4 6.96165
    endloop
  endfacet
  facet normal 0 -1 0
    outer loop
      vertex -0.365849 -4 3.48083
      vertex -1.45538 -4 6.84703
      vertex -2.16312 -4 6.6574
    endloop
  endfacet
  facet normal 0 -1 0
    outer loop
      vertex 0.365849 -4 3.48083
      vertex 0.731699 -4 6.96165
      vertex 0 -4 3.5
    endloop
  endfacet
  facet normal 0 -1 0
    outer loop
      vertex -0.365849 -4 3.48083
      vertex -2.16312 -4 6.6574
      vertex -2.84716 -4 6.39482
    endloop
  endfacet
  facet normal 0 -1 -0
    outer loop
      vertex 0.731699 -4 6.96165
      vertex 0.365849 -4 3.48083
      vertex 1.45538 -4 6.84703
    endloop
  endfacet
  facet normal 0 -1 0
    outer loop
      vertex -0.365849 -4 3.48083
      vertex -2.84716 -4 6.39482
      vertex -3.5 -4 6.06218
    endloop
  endfacet
  facet normal 0 -1 0
    outer loop
      vertex 0.727691 -4 3.42352
      vertex 1.45538 -4 6.84703
      vertex 0.365849 -4 3.48083
    endloop
  endfacet
  facet normal 0 -1 0
    outer loop
      vertex -0.365849 -4 3.48083
      vertex -3.5 -4 6.06218
      vertex -4.1145 -4 5.66312
    endloop
  endfacet
  facet normal 0 -1 -0
    outer loop
      vertex 1.45538 -4 6.84703
      vertex 0.727691 -4 3.42352
      vertex 2.16312 -4 6.6574
    endloop
  endfacet
  facet normal 0 -1 0
    outer loop
      vertex -0.365849 -4 3.48083
      vertex -4.1145 -4 5.66312
      vertex -4.68391 -4 5.20201
    endloop
  endfacet
  facet normal 0 -1 0
    outer loop
      vertex 1.08156 -4 3.3287
      vertex 2.16312 -4 6.6574
      vertex 0.727691 -4 3.42352
    endloop
  endfacet
  facet normal 0 -1 0
    outer loop
      vertex -0.365849 -4 3.48083
      vertex -4.68391 -4 5.20201
      vertex -5.20201 -4 4.68391
    endloop
  endfacet
  facet normal 0 -1 -0
    outer loop
      vertex 2.16312 -4 6.6574
      vertex 1.08156 -4 3.3287
      vertex 2.84716 -4 6.39482
    endloop
  endfacet
  facet normal 0 -1 0
    outer loop
      vertex -0.365849 -4 3.48083
      vertex -5.20201 -4 4.68391
      vertex -5.66312 -4 4.1145
    endloop
  endfacet
  facet normal 0 -1 0
    outer loop
      vertex 1.42358 -4 3.19741
      vertex 2.84716 -4 6.39482
      vertex 1.08156 -4 3.3287
    endloop
  endfacet
  facet normal 0 -1 0
    outer loop
      vertex -2.83156 -4 2.05725
      vertex -5.66312 -4 4.1145
      vertex -6.06218 -4 3.5
    endloop
  endfacet
  facet normal 0 -1 -0
    outer loop
      vertex 2.84716 -4 6.39482
      vertex 1.42358 -4 3.19741
      vertex 3.5 -4 6.06218
    endloop
  endfacet
  facet normal 0 -1 0
    outer loop
      vertex 1.75 -4 3.03109
      vertex 3.5 -4 6.06218
      vertex 1.42358 -4 3.19741
    endloop
  endfacet
  facet normal 0 -1 -0
    outer loop
      vertex 3.5 -4 6.06218
      vertex 1.75 -4 3.03109
      vertex 4.1145 -4 5.66312
    endloop
  endfacet
  facet normal 0 -1 0
    outer loop
      vertex 2.05725 -4 2.83156
      vertex 4.1145 -4 5.66312
      vertex 1.75 -4 3.03109
    endloop
  endfacet
  facet normal 0 -1 -0
    outer loop
      vertex 4.1145 -4 5.66312
      vertex 2.05725 -4 2.83156
      vertex 4.68391 -4 5.20201
    endloop
  endfacet
  facet normal 0 -1 0
    outer loop
      vertex 2.34196 -4 2.60101
      vertex 4.68391 -4 5.20201
      vertex 2.05725 -4 2.83156
    endloop
  endfacet
  facet normal 0 -1 -0
    outer loop
      vertex 4.68391 -4 5.20201
      vertex 2.34196 -4 2.60101
      vertex 5.20201 -4 4.68391
    endloop
  endfacet
  facet normal 0 -1 0
    outer loop
      vertex 2.60101 -4 2.34196
      vertex 5.20201 -4 4.68391
      vertex 2.34196 -4 2.60101
    endloop
  endfacet
  facet normal 0 -1 -0
    outer loop
      vertex 5.20201 -4 4.68391
      vertex 2.60101 -4 2.34196
      vertex 5.66312 -4 4.1145
    endloop
  endfacet
  facet normal 0 -1 0
    outer loop
      vertex 2.83156 -4 2.05725
      vertex 5.66312 -4 4.1145
      vertex 2.60101 -4 2.34196
    endloop
  endfacet
  facet normal 0 -1 -0
    outer loop
      vertex 5.66312 -4 4.1145
      vertex 2.83156 -4 2.05725
      vertex 6.06218 -4 3.5
    endloop
  endfacet
  facet normal 0 -1 0
    outer loop
      vertex 3.03109 -4 1.75
      vertex 6.06218 -4 3.5
      vertex 2.83156 -4 2.05725
    endloop
  endfacet
  facet normal 0 -1 -0
    outer loop
      vertex 6.06218 -4 3.5
      vertex 3.03109 -4 1.75
      vertex 6.39482 -4 2.84716
    endloop
  endfacet
  facet normal 0 -1 0
    outer loop
      vertex 3.19741 -4 1.42358
      vertex 6.39482 -4 2.84716
      vertex 3.03109 -4 1.75
    endloop
  endfacet
  facet normal 0 -1 -0
    outer loop
      vertex 6.39482 -4 2.84716
      vertex 3.19741 -4 1.42358
      vertex 6.6574 -4 2.16312
    endloop
  endfacet
  facet normal 0 -1 0
    outer loop
      vertex 3.3287 -4 1.08156
      vertex 6.6574 -4 2.16312
      vertex 3.19741 -4 1.42358
    endloop
  endfacet
  facet normal 0 -1 -0
    outer loop
      vertex 6.6574 -4 2.16312
      vertex 3.3287 -4 1.08156
      vertex 6.84703 -4 1.45538
    endloop
  endfacet
  facet normal 0 -1 0
    outer loop
      vertex 3.42352 -4 0.727691
      vertex 6.84703 -4 1.45538
      vertex 3.3287 -4 1.08156
    endloop
  endfacet
  facet normal 0 -1 -0
    outer loop
      vertex 6.84703 -4 1.45538
      vertex 3.42352 -4 0.727691
      vertex 6.96165 -4 0.731699
    endloop
  endfacet
  facet normal 0 -1 0
    outer loop
      vertex 3.48083 -4 0.365849
      vertex 6.96165 -4 0.731699
      vertex 3.42352 -4 0.727691
    endloop
  endfacet
  facet normal 0 -1 0
    outer loop
      vertex 3.5 -4 0
      vertex 6.96165 -4 0.731699
      vertex 3.48083 -4 0.365849
    endloop
  endfacet
  facet normal 0 -1 0
    outer loop
      vertex 3.5 -4 0
      vertex 7 -4 0
      vertex 6.96165 -4 0.731699
    endloop
  endfacet
  facet normal 0 -1 0
    outer loop
      vertex 3.48083 -4 -0.365849
      vertex 7 -4 0
      vertex 3.5 -4 0
    endloop
  endfacet
  facet normal 0 -1 0
    outer loop
      vertex 6.96165 -4 -0.731699
      vertex 3.48083 -4 -0.365849
      vertex 3.42352 -4 -0.727691
    endloop
  endfacet
  facet normal 0 -1 0
    outer loop
      vertex 3.48083 -4 -0.365849
      vertex 6.96165 -4 -0.731699
      vertex 7 -4 0
    endloop
  endfacet
  facet normal 0 -1 0
    outer loop
      vertex 6.84703 -4 -1.45538
      vertex 3.42352 -4 -0.727691
      vertex 3.3287 -4 -1.08156
    endloop
  endfacet
  facet normal 0 -1 0
    outer loop
      vertex 6.6574 -4 -2.16312
      vertex 3.3287 -4 -1.08156
      vertex 3.19741 -4 -1.42358
    endloop
  endfacet
  facet normal 0 -1 0
    outer loop
      vertex 3.42352 -4 -0.727691
      vertex 6.84703 -4 -1.45538
      vertex 6.96165 -4 -0.731699
    endloop
  endfacet
  facet normal 0 -1 0
    outer loop
      vertex 6.39482 -4 -2.84716
      vertex 3.19741 -4 -1.42358
      vertex 3.03109 -4 -1.75
    endloop
  endfacet
  facet normal 0 -1 0
    outer loop
      vertex 6.06218 -4 -3.5
      vertex 3.03109 -4 -1.75
      vertex 2.83156 -4 -2.05725
    endloop
  endfacet
  facet normal 0 -1 0
    outer loop
      vertex 3.3287 -4 -1.08156
      vertex 6.6574 -4 -2.16312
      vertex 6.84703 -4 -1.45538
    endloop
  endfacet
  facet normal 0 -1 0
    outer loop
      vertex 6.06218 -4 -3.5
      vertex 2.83156 -4 -2.05725
      vertex 2.60101 -4 -2.34196
    endloop
  endfacet
  facet normal 0 -1 0
    outer loop
      vertex 6.06218 -4 -3.5
      vertex 2.60101 -4 -2.34196
      vertex 2.34196 -4 -2.60101
    endloop
  endfacet
  facet normal 0 -1 0
    outer loop
      vertex 6.06218 -4 -3.5
      vertex 2.34196 -4 -2.60101
      vertex 2.05725 -4 -2.83156
    endloop
  endfacet
  facet normal 0 -1 0
    outer loop
      vertex 3.19741 -4 -1.42358
      vertex 6.39482 -4 -2.84716
      vertex 6.6574 -4 -2.16312
    endloop
  endfacet
  facet normal 0 -1 0
    outer loop
      vertex 6.06218 -4 -3.5
      vertex 2.05725 -4 -2.83156
      vertex 1.75 -4 -3.03109
    endloop
  endfacet
  facet normal 0 -1 0
    outer loop
      vertex 6.06218 -4 -3.5
      vertex 1.75 -4 -3.03109
      vertex 1.42358 -4 -3.19741
    endloop
  endfacet
  facet normal 0 -1 0
    outer loop
      vertex 6.06218 -4 -3.5
      vertex 1.42358 -4 -3.19741
      vertex 1.08156 -4 -3.3287
    endloop
  endfacet
  facet normal 0 -1 0
    outer loop
      vertex 6.06218 -4 -3.5
      vertex 1.08156 -4 -3.3287
      vertex 0.727691 -4 -3.42352
    endloop
  endfacet
  facet normal 0 -1 0
    outer loop
      vertex 6.06218 -4 -3.5
      vertex 0.727691 -4 -3.42352
      vertex 0.365849 -4 -3.48083
    endloop
  endfacet
  facet normal 0 -1 0
    outer loop
      vertex 3.03109 -4 -1.75
      vertex 6.06218 -4 -3.5
      vertex 6.39482 -4 -2.84716
    endloop
  endfacet
  facet normal 0 -1 0
    outer loop
      vertex 6.06218 -4 -3.5
      vertex 0.365849 -4 -3.48083
      vertex 0 -4 -3.5
    endloop
  endfacet
  facet normal 0.156434 0 0.987688
    outer loop
      vertex 0.365849 15 3.48083
      vertex 0.727691 4 3.42352
      vertex 0.727691 15 3.42352
    endloop
  endfacet
  facet normal 0.156434 0 0.987688
    outer loop
      vertex 0.727691 4 3.42352
      vertex 0.365849 15 3.48083
      vertex 0.365849 4 3.48083
    endloop
  endfacet
  facet normal 0.156434 0 0.987688
    outer loop
      vertex 0.365849 -4 3.48083
      vertex 0.727691 -15 3.42352
      vertex 0.727691 -4 3.42352
    endloop
  endfacet
  facet normal 0.156434 0 0.987688
    outer loop
      vertex 0.727691 -15 3.42352
      vertex 0.365849 -4 3.48083
      vertex 0.365849 -15 3.48083
    endloop
  endfacet
  facet normal 0.987688 -0 0.156434
    outer loop
      vertex 3.42352 4 0.727691
      vertex 3.48083 15 0.365849
      vertex 3.42352 15 0.727691
    endloop
  endfacet
  facet normal 0.987688 0 0.156434
    outer loop
      vertex 3.48083 15 0.365849
      vertex 3.42352 4 0.727691
      vertex 3.48083 4 0.365849
    endloop
  endfacet
  facet normal 0.987688 -0 0.156434
    outer loop
      vertex 3.42352 -15 0.727691
      vertex 3.48083 -4 0.365849
      vertex 3.42352 -4 0.727691
    endloop
  endfacet
  facet normal 0.987688 0 0.156434
    outer loop
      vertex 3.48083 -4 0.365849
      vertex 3.42352 -15 0.727691
      vertex 3.48083 -15 0.365849
    endloop
  endfacet
  facet normal 0.99863 -0 0.0523269
    outer loop
      vertex 3.48083 4 0.365849
      vertex 3.5 15 0
      vertex 3.48083 15 0.365849
    endloop
  endfacet
  facet normal 0.99863 0 0.0523269
    outer loop
      vertex 3.5 15 0
      vertex 3.48083 4 0.365849
      vertex 3.5 4 0
    endloop
  endfacet
  facet normal 0.99863 -0 0.0523269
    outer loop
      vertex 3.48083 -15 0.365849
      vertex 3.5 -4 0
      vertex 3.48083 -4 0.365849
    endloop
  endfacet
  facet normal 0.99863 0 0.0523269
    outer loop
      vertex 3.5 -4 0
      vertex 3.48083 -15 0.365849
      vertex 3.5 -15 0
    endloop
  endfacet
  facet normal 0.965925 -0 0.258822
    outer loop
      vertex 3.3287 4 1.08156
      vertex 3.42352 15 0.727691
      vertex 3.3287 15 1.08156
    endloop
  endfacet
  facet normal 0.965925 0 0.258822
    outer loop
      vertex 3.42352 15 0.727691
      vertex 3.3287 4 1.08156
      vertex 3.42352 4 0.727691
    endloop
  endfacet
  facet normal 0.965925 -0 0.258822
    outer loop
      vertex 3.3287 -15 1.08156
      vertex 3.42352 -4 0.727691
      vertex 3.3287 -4 1.08156
    endloop
  endfacet
  facet normal 0.965925 0 0.258822
    outer loop
      vertex 3.42352 -4 0.727691
      vertex 3.3287 -15 1.08156
      vertex 3.42352 -15 0.727691
    endloop
  endfacet
  facet normal 0.0523269 0 -0.99863
    outer loop
      vertex 0 -15 -3.5
      vertex 0.365849 -4 -3.48083
      vertex 0.365849 -15 -3.48083
    endloop
  endfacet
  facet normal 0.0523269 0 -0.99863
    outer loop
      vertex 0.365849 -4 -3.48083
      vertex 0 -15 -3.5
      vertex 0 -4 -3.5
    endloop
  endfacet
  facet normal 0.0523269 0 -0.99863
    outer loop
      vertex 0 4 -3.5
      vertex 0.365849 15 -3.48083
      vertex 0.365849 4 -3.48083
    endloop
  endfacet
  facet normal 0.0523269 0 -0.99863
    outer loop
      vertex 0.365849 15 -3.48083
      vertex 0 4 -3.5
      vertex 0 15 -3.5
    endloop
  endfacet
  facet normal 0.93358 -0 0.35837
    outer loop
      vertex 3.19741 4 1.42358
      vertex 3.3287 15 1.08156
      vertex 3.19741 15 1.42358
    endloop
  endfacet
  facet normal 0.93358 0 0.35837
    outer loop
      vertex 3.3287 15 1.08156
      vertex 3.19741 4 1.42358
      vertex 3.3287 4 1.08156
    endloop
  endfacet
  facet normal 0.93358 -0 0.35837
    outer loop
      vertex 3.19741 -15 1.42358
      vertex 3.3287 -4 1.08156
      vertex 3.19741 -4 1.42358
    endloop
  endfacet
  facet normal 0.93358 0 0.35837
    outer loop
      vertex 3.3287 -4 1.08156
      vertex 3.19741 -15 1.42358
      vertex 3.3287 -15 1.08156
    endloop
  endfacet
  facet normal 0.258822 0 -0.965925
    outer loop
      vertex 0.727691 -15 -3.42352
      vertex 1.08156 -4 -3.3287
      vertex 1.08156 -15 -3.3287
    endloop
  endfacet
  facet normal 0.258822 0 -0.965925
    outer loop
      vertex 1.08156 -4 -3.3287
      vertex 0.727691 -15 -3.42352
      vertex 0.727691 -4 -3.42352
    endloop
  endfacet
  facet normal 0.258822 0 -0.965925
    outer loop
      vertex 0.727691 4 -3.42352
      vertex 1.08156 15 -3.3287
      vertex 1.08156 4 -3.3287
    endloop
  endfacet
  facet normal 0.258822 0 -0.965925
    outer loop
      vertex 1.08156 15 -3.3287
      vertex 0.727691 4 -3.42352
      vertex 0.727691 15 -3.42352
    endloop
  endfacet
  facet normal -0.987688 0 -0.156434
    outer loop
      vertex -3.42352 4 -0.727691
      vertex -3.48083 15 -0.365849
      vertex -3.42352 15 -0.727691
    endloop
  endfacet
  facet normal -0.987688 -0 -0.156434
    outer loop
      vertex -3.48083 15 -0.365849
      vertex -3.42352 4 -0.727691
      vertex -3.48083 4 -0.365849
    endloop
  endfacet
  facet normal -0.987688 0 -0.156434
    outer loop
      vertex -3.42352 -15 -0.727691
      vertex -3.48083 -4 -0.365849
      vertex -3.42352 -4 -0.727691
    endloop
  endfacet
  facet normal -0.987688 -0 -0.156434
    outer loop
      vertex -3.48083 -4 -0.365849
      vertex -3.42352 -15 -0.727691
      vertex -3.48083 -15 -0.365849
    endloop
  endfacet
  facet normal 0.838671 0 -0.544638
    outer loop
      vertex 3.03109 4 -1.75
      vertex 2.83156 15 -2.05725
      vertex 3.03109 15 -1.75
    endloop
  endfacet
  facet normal 0.838671 0 -0.544638
    outer loop
      vertex 2.83156 15 -2.05725
      vertex 3.03109 4 -1.75
      vertex 2.83156 4 -2.05725
    endloop
  endfacet
  facet normal 0.838671 0 -0.544638
    outer loop
      vertex 3.03109 -15 -1.75
      vertex 2.83156 -4 -2.05725
      vertex 3.03109 -4 -1.75
    endloop
  endfacet
  facet normal 0.838671 0 -0.544638
    outer loop
      vertex 2.83156 -4 -2.05725
      vertex 3.03109 -15 -1.75
      vertex 2.83156 -15 -2.05725
    endloop
  endfacet
  facet normal 0.707107 -0 0.707107
    outer loop
      vertex 2.34196 -15 2.60101
      vertex 2.60101 -4 2.34196
      vertex 2.34196 -4 2.60101
    endloop
  endfacet
  facet normal 0.707107 0 0.707107
    outer loop
      vertex 2.60101 -4 2.34196
      vertex 2.34196 -15 2.60101
      vertex 2.60101 -15 2.34196
    endloop
  endfacet
  facet normal 0.707107 -0 0.707107
    outer loop
      vertex 2.34196 4 2.60101
      vertex 2.60101 15 2.34196
      vertex 2.34196 15 2.60101
    endloop
  endfacet
  facet normal 0.707107 0 0.707107
    outer loop
      vertex 2.60101 15 2.34196
      vertex 2.34196 4 2.60101
      vertex 2.60101 4 2.34196
    endloop
  endfacet
  facet normal 0.35837 0 0.93358
    outer loop
      vertex 1.08156 -4 3.3287
      vertex 1.42358 -15 3.19741
      vertex 1.42358 -4 3.19741
    endloop
  endfacet
  facet normal 0.35837 0 0.93358
    outer loop
      vertex 1.42358 -15 3.19741
      vertex 1.08156 -4 3.3287
      vertex 1.08156 -15 3.3287
    endloop
  endfacet
  facet normal 0.35837 0 0.93358
    outer loop
      vertex 1.08156 15 3.3287
      vertex 1.42358 4 3.19741
      vertex 1.42358 15 3.19741
    endloop
  endfacet
  facet normal 0.35837 0 0.93358
    outer loop
      vertex 1.42358 4 3.19741
      vertex 1.08156 15 3.3287
      vertex 1.08156 4 3.3287
    endloop
  endfacet
  facet normal -0.965925 0 -0.258822
    outer loop
      vertex -3.3287 4 -1.08156
      vertex -3.42352 15 -0.727691
      vertex -3.3287 15 -1.08156
    endloop
  endfacet
  facet normal -0.965925 -0 -0.258822
    outer loop
      vertex -3.42352 15 -0.727691
      vertex -3.3287 4 -1.08156
      vertex -3.42352 4 -0.727691
    endloop
  endfacet
  facet normal -0.965925 0 -0.258822
    outer loop
      vertex -3.3287 -15 -1.08156
      vertex -3.42352 -4 -0.727691
      vertex -3.3287 -4 -1.08156
    endloop
  endfacet
  facet normal -0.965925 -0 -0.258822
    outer loop
      vertex -3.42352 -4 -0.727691
      vertex -3.3287 -15 -1.08156
      vertex -3.42352 -15 -0.727691
    endloop
  endfacet
  facet normal 0.987688 0 -0.156434
    outer loop
      vertex 3.48083 -15 -0.365849
      vertex 3.42352 -4 -0.727691
      vertex 3.48083 -4 -0.365849
    endloop
  endfacet
  facet normal 0.987688 0 -0.156434
    outer loop
      vertex 3.42352 -4 -0.727691
      vertex 3.48083 -15 -0.365849
      vertex 3.42352 -15 -0.727691
    endloop
  endfacet
  facet normal 0.987688 0 -0.156434
    outer loop
      vertex 3.48083 4 -0.365849
      vertex 3.42352 15 -0.727691
      vertex 3.48083 15 -0.365849
    endloop
  endfacet
  facet normal 0.987688 0 -0.156434
    outer loop
      vertex 3.42352 15 -0.727691
      vertex 3.48083 4 -0.365849
      vertex 3.42352 4 -0.727691
    endloop
  endfacet
  facet normal 0.453992 0 0.891006
    outer loop
      vertex 1.42358 -4 3.19741
      vertex 1.75 -15 3.03109
      vertex 1.75 -4 3.03109
    endloop
  endfacet
  facet normal 0.453992 0 0.891006
    outer loop
      vertex 1.75 -15 3.03109
      vertex 1.42358 -4 3.19741
      vertex 1.42358 -15 3.19741
    endloop
  endfacet
  facet normal 0.453992 0 0.891006
    outer loop
      vertex 1.42358 15 3.19741
      vertex 1.75 4 3.03109
      vertex 1.75 15 3.03109
    endloop
  endfacet
  facet normal 0.453992 0 0.891006
    outer loop
      vertex 1.75 4 3.03109
      vertex 1.42358 15 3.19741
      vertex 1.42358 4 3.19741
    endloop
  endfacet
  facet normal 0.35837 0 -0.93358
    outer loop
      vertex 1.08156 4 -3.3287
      vertex 1.42358 15 -3.19741
      vertex 1.42358 4 -3.19741
    endloop
  endfacet
  facet normal 0.35837 0 -0.93358
    outer loop
      vertex 1.42358 15 -3.19741
      vertex 1.08156 4 -3.3287
      vertex 1.08156 15 -3.3287
    endloop
  endfacet
  facet normal 0.35837 0 -0.93358
    outer loop
      vertex 1.08156 -15 -3.3287
      vertex 1.42358 -4 -3.19741
      vertex 1.42358 -15 -3.19741
    endloop
  endfacet
  facet normal 0.35837 0 -0.93358
    outer loop
      vertex 1.42358 -4 -3.19741
      vertex 1.08156 -15 -3.3287
      vertex 1.08156 -4 -3.3287
    endloop
  endfacet
  facet normal -0.99863 0 -0.0523269
    outer loop
      vertex -3.48083 -15 -0.365849
      vertex -3.5 -4 0
      vertex -3.48083 -4 -0.365849
    endloop
  endfacet
  facet normal -0.99863 -0 -0.0523269
    outer loop
      vertex -3.5 -4 0
      vertex -3.48083 -15 -0.365849
      vertex -3.5 -15 0
    endloop
  endfacet
  facet normal -0.99863 0 -0.0523269
    outer loop
      vertex -3.48083 4 -0.365849
      vertex -3.5 15 0
      vertex -3.48083 15 -0.365849
    endloop
  endfacet
  facet normal -0.99863 -0 -0.0523269
    outer loop
      vertex -3.5 15 0
      vertex -3.48083 4 -0.365849
      vertex -3.5 4 0
    endloop
  endfacet
  facet normal -0.258822 0 0.965925
    outer loop
      vertex -1.08156 -4 3.3287
      vertex -0.727691 -15 3.42352
      vertex -0.727691 -4 3.42352
    endloop
  endfacet
  facet normal -0.258822 0 0.965925
    outer loop
      vertex -0.727691 -15 3.42352
      vertex -1.08156 -4 3.3287
      vertex -1.08156 -15 3.3287
    endloop
  endfacet
  facet normal -0.258822 0 0.965925
    outer loop
      vertex -1.08156 15 3.3287
      vertex -0.727691 4 3.42352
      vertex -0.727691 15 3.42352
    endloop
  endfacet
  facet normal -0.258822 0 0.965925
    outer loop
      vertex -0.727691 4 3.42352
      vertex -1.08156 15 3.3287
      vertex -1.08156 4 3.3287
    endloop
  endfacet
  facet normal 0.99863 0 -0.0523269
    outer loop
      vertex 3.5 -15 0
      vertex 3.48083 -4 -0.365849
      vertex 3.5 -4 0
    endloop
  endfacet
  facet normal 0.99863 0 -0.0523269
    outer loop
      vertex 3.48083 -4 -0.365849
      vertex 3.5 -15 0
      vertex 3.48083 -15 -0.365849
    endloop
  endfacet
  facet normal 0.99863 0 -0.0523269
    outer loop
      vertex 3.5 4 0
      vertex 3.48083 15 -0.365849
      vertex 3.5 15 0
    endloop
  endfacet
  facet normal 0.99863 0 -0.0523269
    outer loop
      vertex 3.48083 15 -0.365849
      vertex 3.5 4 0
      vertex 3.48083 4 -0.365849
    endloop
  endfacet
  facet normal 0.93358 0 -0.35837
    outer loop
      vertex 3.3287 -15 -1.08156
      vertex 3.19741 -4 -1.42358
      vertex 3.3287 -4 -1.08156
    endloop
  endfacet
  facet normal 0.93358 0 -0.35837
    outer loop
      vertex 3.19741 -4 -1.42358
      vertex 3.3287 -15 -1.08156
      vertex 3.19741 -15 -1.42358
    endloop
  endfacet
  facet normal 0.93358 0 -0.35837
    outer loop
      vertex 3.3287 4 -1.08156
      vertex 3.19741 15 -1.42358
      vertex 3.3287 15 -1.08156
    endloop
  endfacet
  facet normal 0.93358 0 -0.35837
    outer loop
      vertex 3.19741 15 -1.42358
      vertex 3.3287 4 -1.08156
      vertex 3.19741 4 -1.42358
    endloop
  endfacet
  facet normal -0.544638 0 0.838671
    outer loop
      vertex -2.05725 15 2.83156
      vertex -1.75 4 3.03109
      vertex -1.75 15 3.03109
    endloop
  endfacet
  facet normal -0.544638 0 0.838671
    outer loop
      vertex -1.75 4 3.03109
      vertex -2.05725 15 2.83156
      vertex -2.05725 4 2.83156
    endloop
  endfacet
  facet normal -0.544638 0 0.838671
    outer loop
      vertex -2.05725 -4 2.83156
      vertex -1.75 -15 3.03109
      vertex -1.75 -4 3.03109
    endloop
  endfacet
  facet normal -0.544638 0 0.838671
    outer loop
      vertex -1.75 -15 3.03109
      vertex -2.05725 -4 2.83156
      vertex -2.05725 -15 2.83156
    endloop
  endfacet
  facet normal -0.258822 0 -0.965925
    outer loop
      vertex -1.08156 4 -3.3287
      vertex -0.727691 15 -3.42352
      vertex -0.727691 4 -3.42352
    endloop
  endfacet
  facet normal -0.258822 0 -0.965925
    outer loop
      vertex -0.727691 15 -3.42352
      vertex -1.08156 4 -3.3287
      vertex -1.08156 15 -3.3287
    endloop
  endfacet
  facet normal -0.258822 0 -0.965925
    outer loop
      vertex -1.08156 -15 -3.3287
      vertex -0.727691 -4 -3.42352
      vertex -0.727691 -15 -3.42352
    endloop
  endfacet
  facet normal -0.258822 0 -0.965925
    outer loop
      vertex -0.727691 -4 -3.42352
      vertex -1.08156 -15 -3.3287
      vertex -1.08156 -4 -3.3287
    endloop
  endfacet
  facet normal -0.93358 0 0.35837
    outer loop
      vertex -3.3287 4 1.08156
      vertex -3.19741 15 1.42358
      vertex -3.3287 15 1.08156
    endloop
  endfacet
  facet normal -0.93358 0 0.35837
    outer loop
      vertex -3.19741 15 1.42358
      vertex -3.3287 4 1.08156
      vertex -3.19741 4 1.42358
    endloop
  endfacet
  facet normal -0.93358 0 0.35837
    outer loop
      vertex -3.3287 -15 1.08156
      vertex -3.19741 -4 1.42358
      vertex -3.3287 -4 1.08156
    endloop
  endfacet
  facet normal -0.93358 0 0.35837
    outer loop
      vertex -3.19741 -4 1.42358
      vertex -3.3287 -15 1.08156
      vertex -3.19741 -15 1.42358
    endloop
  endfacet
  facet normal -0.629314 0 0.777151
    outer loop
      vertex -2.34196 15 2.60101
      vertex -2.05725 4 2.83156
      vertex -2.05725 15 2.83156
    endloop
  endfacet
  facet normal -0.629314 0 0.777151
    outer loop
      vertex -2.05725 4 2.83156
      vertex -2.34196 15 2.60101
      vertex -2.34196 4 2.60101
    endloop
  endfacet
  facet normal -0.629314 0 0.777151
    outer loop
      vertex -2.34196 -4 2.60101
      vertex -2.05725 -15 2.83156
      vertex -2.05725 -4 2.83156
    endloop
  endfacet
  facet normal -0.629314 0 0.777151
    outer loop
      vertex -2.05725 -15 2.83156
      vertex -2.34196 -4 2.60101
      vertex -2.34196 -15 2.60101
    endloop
  endfacet
  facet normal 0.629314 0 0.777151
    outer loop
      vertex 2.05725 -4 2.83156
      vertex 2.34196 -15 2.60101
      vertex 2.34196 -4 2.60101
    endloop
  endfacet
  facet normal 0.629314 0 0.777151
    outer loop
      vertex 2.34196 -15 2.60101
      vertex 2.05725 -4 2.83156
      vertex 2.05725 -15 2.83156
    endloop
  endfacet
  facet normal 0.629314 0 0.777151
    outer loop
      vertex 2.05725 15 2.83156
      vertex 2.34196 4 2.60101
      vertex 2.34196 15 2.60101
    endloop
  endfacet
  facet normal 0.629314 0 0.777151
    outer loop
      vertex 2.34196 4 2.60101
      vertex 2.05725 15 2.83156
      vertex 2.05725 4 2.83156
    endloop
  endfacet
  facet normal 0 -1 0
    outer loop
      vertex -0.365849 -15 3.48083
      vertex 0.365849 -15 3.48083
      vertex 0 -15 3.5
    endloop
  endfacet
  facet normal 0 -1 0
    outer loop
      vertex -0.727691 -15 3.42352
      vertex 0.365849 -15 3.48083
      vertex -0.365849 -15 3.48083
    endloop
  endfacet
  facet normal 0 -1 0
    outer loop
      vertex -0.727691 -15 3.42352
      vertex 0.727691 -15 3.42352
      vertex 0.365849 -15 3.48083
    endloop
  endfacet
  facet normal 0 -1 0
    outer loop
      vertex -1.08156 -15 3.3287
      vertex 0.727691 -15 3.42352
      vertex -0.727691 -15 3.42352
    endloop
  endfacet
  facet normal 0 -1 0
    outer loop
      vertex -1.08156 -15 3.3287
      vertex 1.08156 -15 3.3287
      vertex 0.727691 -15 3.42352
    endloop
  endfacet
  facet normal 0 -1 0
    outer loop
      vertex -1.42358 -15 3.19741
      vertex 1.08156 -15 3.3287
      vertex -1.08156 -15 3.3287
    endloop
  endfacet
  facet normal 0 -1 0
    outer loop
      vertex -1.42358 -15 3.19741
      vertex 1.42358 -15 3.19741
      vertex 1.08156 -15 3.3287
    endloop
  endfacet
  facet normal 0 -1 0
    outer loop
      vertex -1.75 -15 3.03109
      vertex 1.42358 -15 3.19741
      vertex -1.42358 -15 3.19741
    endloop
  endfacet
  facet normal 0 -1 0
    outer loop
      vertex -1.75 -15 3.03109
      vertex 1.75 -15 3.03109
      vertex 1.42358 -15 3.19741
    endloop
  endfacet
  facet normal 0 -1 0
    outer loop
      vertex -2.05725 -15 2.83156
      vertex 1.75 -15 3.03109
      vertex -1.75 -15 3.03109
    endloop
  endfacet
  facet normal 0 -1 0
    outer loop
      vertex -2.05725 -15 2.83156
      vertex 2.05725 -15 2.83156
      vertex 1.75 -15 3.03109
    endloop
  endfacet
  facet normal 0 -1 0
    outer loop
      vertex -2.34196 -15 2.60101
      vertex 2.05725 -15 2.83156
      vertex -2.05725 -15 2.83156
    endloop
  endfacet
  facet normal 0 -1 0
    outer loop
      vertex -2.34196 -15 2.60101
      vertex 2.34196 -15 2.60101
      vertex 2.05725 -15 2.83156
    endloop
  endfacet
  facet normal 0 -1 0
    outer loop
      vertex -2.60101 -15 2.34196
      vertex 2.34196 -15 2.60101
      vertex -2.34196 -15 2.60101
    endloop
  endfacet
  facet normal 0 -1 0
    outer loop
      vertex -2.60101 -15 2.34196
      vertex 2.60101 -15 2.34196
      vertex 2.34196 -15 2.60101
    endloop
  endfacet
  facet normal 0 -1 0
    outer loop
      vertex -2.83156 -15 2.05725
      vertex 2.60101 -15 2.34196
      vertex -2.60101 -15 2.34196
    endloop
  endfacet
  facet normal 0 -1 0
    outer loop
      vertex -2.83156 -15 2.05725
      vertex 2.83156 -15 2.05725
      vertex 2.60101 -15 2.34196
    endloop
  endfacet
  facet normal 0 -1 0
    outer loop
      vertex -3.03109 -15 1.75
      vertex 2.83156 -15 2.05725
      vertex -2.83156 -15 2.05725
    endloop
  endfacet
  facet normal 0 -1 0
    outer loop
      vertex -3.03109 -15 1.75
      vertex 3.03109 -15 1.75
      vertex 2.83156 -15 2.05725
    endloop
  endfacet
  facet normal 0 -1 0
    outer loop
      vertex -3.19741 -15 1.42358
      vertex 3.03109 -15 1.75
      vertex -3.03109 -15 1.75
    endloop
  endfacet
  facet normal 0 -1 0
    outer loop
      vertex -3.19741 -15 1.42358
      vertex 3.19741 -15 1.42358
      vertex 3.03109 -15 1.75
    endloop
  endfacet
  facet normal 0 -1 0
    outer loop
      vertex -3.3287 -15 1.08156
      vertex 3.19741 -15 1.42358
      vertex -3.19741 -15 1.42358
    endloop
  endfacet
  facet normal 0 -1 0
    outer loop
      vertex -3.3287 -15 1.08156
      vertex 3.3287 -15 1.08156
      vertex 3.19741 -15 1.42358
    endloop
  endfacet
  facet normal 0 -1 0
    outer loop
      vertex -3.42352 -15 0.727691
      vertex 3.3287 -15 1.08156
      vertex -3.3287 -15 1.08156
    endloop
  endfacet
  facet normal 0 -1 0
    outer loop
      vertex -3.42352 -15 0.727691
      vertex 3.42352 -15 0.727691
      vertex 3.3287 -15 1.08156
    endloop
  endfacet
  facet normal 0 -1 0
    outer loop
      vertex -3.48083 -15 0.365849
      vertex 3.42352 -15 0.727691
      vertex -3.42352 -15 0.727691
    endloop
  endfacet
  facet normal 0 -1 0
    outer loop
      vertex -3.48083 -15 0.365849
      vertex 3.48083 -15 0.365849
      vertex 3.42352 -15 0.727691
    endloop
  endfacet
  facet normal 0 -1 0
    outer loop
      vertex -3.5 -15 0
      vertex 3.48083 -15 0.365849
      vertex -3.48083 -15 0.365849
    endloop
  endfacet
  facet normal 0 -1 0
    outer loop
      vertex -3.5 -15 0
      vertex 3.5 -15 0
      vertex 3.48083 -15 0.365849
    endloop
  endfacet
  facet normal 0 -1 0
    outer loop
      vertex -3.48083 -15 -0.365849
      vertex 3.5 -15 0
      vertex -3.5 -15 0
    endloop
  endfacet
  facet normal 0 -1 0
    outer loop
      vertex -3.48083 -15 -0.365849
      vertex 3.48083 -15 -0.365849
      vertex 3.5 -15 0
    endloop
  endfacet
  facet normal 0 -1 0
    outer loop
      vertex -3.42352 -15 -0.727691
      vertex 3.48083 -15 -0.365849
      vertex -3.48083 -15 -0.365849
    endloop
  endfacet
  facet normal 0 -1 0
    outer loop
      vertex -3.42352 -15 -0.727691
      vertex 3.42352 -15 -0.727691
      vertex 3.48083 -15 -0.365849
    endloop
  endfacet
  facet normal 0 -1 0
    outer loop
      vertex -3.3287 -15 -1.08156
      vertex 3.42352 -15 -0.727691
      vertex -3.42352 -15 -0.727691
    endloop
  endfacet
  facet normal 0 -1 0
    outer loop
      vertex -3.3287 -15 -1.08156
      vertex 3.3287 -15 -1.08156
      vertex 3.42352 -15 -0.727691
    endloop
  endfacet
  facet normal 0 -1 0
    outer loop
      vertex -3.19741 -15 -1.42358
      vertex 3.3287 -15 -1.08156
      vertex -3.3287 -15 -1.08156
    endloop
  endfacet
  facet normal 0 -1 0
    outer loop
      vertex -3.19741 -15 -1.42358
      vertex 3.19741 -15 -1.42358
      vertex 3.3287 -15 -1.08156
    endloop
  endfacet
  facet normal 0 -1 0
    outer loop
      vertex -3.03109 -15 -1.75
      vertex 3.19741 -15 -1.42358
      vertex -3.19741 -15 -1.42358
    endloop
  endfacet
  facet normal 0 -1 0
    outer loop
      vertex -3.03109 -15 -1.75
      vertex 3.03109 -15 -1.75
      vertex 3.19741 -15 -1.42358
    endloop
  endfacet
  facet normal 0 -1 0
    outer loop
      vertex -2.83156 -15 -2.05725
      vertex 3.03109 -15 -1.75
      vertex -3.03109 -15 -1.75
    endloop
  endfacet
  facet normal 0 -1 0
    outer loop
      vertex -2.83156 -15 -2.05725
      vertex 2.83156 -15 -2.05725
      vertex 3.03109 -15 -1.75
    endloop
  endfacet
  facet normal 0 -1 0
    outer loop
      vertex -2.60101 -15 -2.34196
      vertex 2.83156 -15 -2.05725
      vertex -2.83156 -15 -2.05725
    endloop
  endfacet
  facet normal 0 -1 0
    outer loop
      vertex -2.60101 -15 -2.34196
      vertex 2.60101 -15 -2.34196
      vertex 2.83156 -15 -2.05725
    endloop
  endfacet
  facet normal 0 -1 0
    outer loop
      vertex -2.34196 -15 -2.60101
      vertex 2.60101 -15 -2.34196
      vertex -2.60101 -15 -2.34196
    endloop
  endfacet
  facet normal 0 -1 0
    outer loop
      vertex -2.34196 -15 -2.60101
      vertex 2.34196 -15 -2.60101
      vertex 2.60101 -15 -2.34196
    endloop
  endfacet
  facet normal 0 -1 0
    outer loop
      vertex -2.05725 -15 -2.83156
      vertex 2.34196 -15 -2.60101
      vertex -2.34196 -15 -2.60101
    endloop
  endfacet
  facet normal 0 -1 0
    outer loop
      vertex -2.05725 -15 -2.83156
      vertex 2.05725 -15 -2.83156
      vertex 2.34196 -15 -2.60101
    endloop
  endfacet
  facet normal 0 -1 0
    outer loop
      vertex -1.75 -15 -3.03109
      vertex 2.05725 -15 -2.83156
      vertex -2.05725 -15 -2.83156
    endloop
  endfacet
  facet normal 0 -1 0
    outer loop
      vertex -1.75 -15 -3.03109
      vertex 1.75 -15 -3.03109
      vertex 2.05725 -15 -2.83156
    endloop
  endfacet
  facet normal 0 -1 0
    outer loop
      vertex -1.42358 -15 -3.19741
      vertex 1.75 -15 -3.03109
      vertex -1.75 -15 -3.03109
    endloop
  endfacet
  facet normal 0 -1 0
    outer loop
      vertex -1.42358 -15 -3.19741
      vertex 1.42358 -15 -3.19741
      vertex 1.75 -15 -3.03109
    endloop
  endfacet
  facet normal 0 -1 0
    outer loop
      vertex -1.08156 -15 -3.3287
      vertex 1.42358 -15 -3.19741
      vertex -1.42358 -15 -3.19741
    endloop
  endfacet
  facet normal 0 -1 0
    outer loop
      vertex -1.08156 -15 -3.3287
      vertex 1.08156 -15 -3.3287
      vertex 1.42358 -15 -3.19741
    endloop
  endfacet
  facet normal 0 -1 0
    outer loop
      vertex -0.727691 -15 -3.42352
      vertex 1.08156 -15 -3.3287
      vertex -1.08156 -15 -3.3287
    endloop
  endfacet
  facet normal 0 -1 0
    outer loop
      vertex -0.727691 -15 -3.42352
      vertex 0.727691 -15 -3.42352
      vertex 1.08156 -15 -3.3287
    endloop
  endfacet
  facet normal 0 -1 0
    outer loop
      vertex -0.365849 -15 -3.48083
      vertex 0.727691 -15 -3.42352
      vertex -0.727691 -15 -3.42352
    endloop
  endfacet
  facet normal 0 -1 0
    outer loop
      vertex -0.365849 -15 -3.48083
      vertex 0.365849 -15 -3.48083
      vertex 0.727691 -15 -3.42352
    endloop
  endfacet
  facet normal -0 -1 0
    outer loop
      vertex 0.365849 -15 -3.48083
      vertex -0.365849 -15 -3.48083
      vertex 0 -15 -3.5
    endloop
  endfacet
  facet normal 0.838671 -0 0.544638
    outer loop
      vertex 2.83156 4 2.05725
      vertex 3.03109 15 1.75
      vertex 2.83156 15 2.05725
    endloop
  endfacet
  facet normal 0.838671 0 0.544638
    outer loop
      vertex 3.03109 15 1.75
      vertex 2.83156 4 2.05725
      vertex 3.03109 4 1.75
    endloop
  endfacet
  facet normal 0.838671 -0 0.544638
    outer loop
      vertex 2.83156 -15 2.05725
      vertex 3.03109 -4 1.75
      vertex 2.83156 -4 2.05725
    endloop
  endfacet
  facet normal 0.838671 0 0.544638
    outer loop
      vertex 3.03109 -4 1.75
      vertex 2.83156 -15 2.05725
      vertex 3.03109 -15 1.75
    endloop
  endfacet
  facet normal -0.453992 0 -0.891006
    outer loop
      vertex -1.75 -15 -3.03109
      vertex -1.42358 -4 -3.19741
      vertex -1.42358 -15 -3.19741
    endloop
  endfacet
  facet normal -0.453992 0 -0.891006
    outer loop
      vertex -1.42358 -4 -3.19741
      vertex -1.75 -15 -3.03109
      vertex -1.75 -4 -3.03109
    endloop
  endfacet
  facet normal -0.453992 0 -0.891006
    outer loop
      vertex -1.75 4 -3.03109
      vertex -1.42358 15 -3.19741
      vertex -1.42358 4 -3.19741
    endloop
  endfacet
  facet normal -0.453992 0 -0.891006
    outer loop
      vertex -1.42358 15 -3.19741
      vertex -1.75 4 -3.03109
      vertex -1.75 15 -3.03109
    endloop
  endfacet
  facet normal -0.838671 0 0.544638
    outer loop
      vertex -3.03109 4 1.75
      vertex -2.83156 15 2.05725
      vertex -3.03109 15 1.75
    endloop
  endfacet
  facet normal -0.838671 0 0.544638
    outer loop
      vertex -2.83156 15 2.05725
      vertex -3.03109 4 1.75
      vertex -2.83156 4 2.05725
    endloop
  endfacet
  facet normal -0.838671 0 0.544638
    outer loop
      vertex -3.03109 -15 1.75
      vertex -2.83156 -4 2.05725
      vertex -3.03109 -4 1.75
    endloop
  endfacet
  facet normal -0.838671 0 0.544638
    outer loop
      vertex -2.83156 -4 2.05725
      vertex -3.03109 -15 1.75
      vertex -2.83156 -15 2.05725
    endloop
  endfacet
  facet normal 0.156434 0 -0.987688
    outer loop
      vertex 0.365849 -15 -3.48083
      vertex 0.727691 -4 -3.42352
      vertex 0.727691 -15 -3.42352
    endloop
  endfacet
  facet normal 0.156434 0 -0.987688
    outer loop
      vertex 0.727691 -4 -3.42352
      vertex 0.365849 -15 -3.48083
      vertex 0.365849 -4 -3.48083
    endloop
  endfacet
  facet normal 0.156434 0 -0.987688
    outer loop
      vertex 0.365849 4 -3.48083
      vertex 0.727691 15 -3.42352
      vertex 0.727691 4 -3.42352
    endloop
  endfacet
  facet normal 0.156434 0 -0.987688
    outer loop
      vertex 0.727691 15 -3.42352
      vertex 0.365849 4 -3.48083
      vertex 0.365849 15 -3.48083
    endloop
  endfacet
  facet normal -0.629314 0 -0.777151
    outer loop
      vertex -2.34196 4 -2.60101
      vertex -2.05725 15 -2.83156
      vertex -2.05725 4 -2.83156
    endloop
  endfacet
  facet normal -0.629314 0 -0.777151
    outer loop
      vertex -2.05725 15 -2.83156
      vertex -2.34196 4 -2.60101
      vertex -2.34196 15 -2.60101
    endloop
  endfacet
  facet normal -0.629314 0 -0.777151
    outer loop
      vertex -2.34196 -15 -2.60101
      vertex -2.05725 -4 -2.83156
      vertex -2.05725 -15 -2.83156
    endloop
  endfacet
  facet normal -0.629314 0 -0.777151
    outer loop
      vertex -2.05725 -4 -2.83156
      vertex -2.34196 -15 -2.60101
      vertex -2.34196 -4 -2.60101
    endloop
  endfacet
  facet normal -0.891006 0 -0.453992
    outer loop
      vertex -3.03109 -15 -1.75
      vertex -3.19741 -4 -1.42358
      vertex -3.03109 -4 -1.75
    endloop
  endfacet
  facet normal -0.891006 -0 -0.453992
    outer loop
      vertex -3.19741 -4 -1.42358
      vertex -3.03109 -15 -1.75
      vertex -3.19741 -15 -1.42358
    endloop
  endfacet
  facet normal -0.891006 0 -0.453992
    outer loop
      vertex -3.03109 4 -1.75
      vertex -3.19741 15 -1.42358
      vertex -3.03109 15 -1.75
    endloop
  endfacet
  facet normal -0.891006 -0 -0.453992
    outer loop
      vertex -3.19741 15 -1.42358
      vertex -3.03109 4 -1.75
      vertex -3.19741 4 -1.42358
    endloop
  endfacet
  facet normal 0.453992 0 -0.891006
    outer loop
      vertex 1.42358 4 -3.19741
      vertex 1.75 15 -3.03109
      vertex 1.75 4 -3.03109
    endloop
  endfacet
  facet normal 0.453992 0 -0.891006
    outer loop
      vertex 1.75 15 -3.03109
      vertex 1.42358 4 -3.19741
      vertex 1.42358 15 -3.19741
    endloop
  endfacet
  facet normal 0.453992 0 -0.891006
    outer loop
      vertex 1.42358 -15 -3.19741
      vertex 1.75 -4 -3.03109
      vertex 1.75 -15 -3.03109
    endloop
  endfacet
  facet normal 0.453992 0 -0.891006
    outer loop
      vertex 1.75 -4 -3.03109
      vertex 1.42358 -15 -3.19741
      vertex 1.42358 -4 -3.19741
    endloop
  endfacet
  facet normal 0.258822 0 0.965925
    outer loop
      vertex 0.727691 -4 3.42352
      vertex 1.08156 -15 3.3287
      vertex 1.08156 -4 3.3287
    endloop
  endfacet
  facet normal 0.258822 0 0.965925
    outer loop
      vertex 1.08156 -15 3.3287
      vertex 0.727691 -4 3.42352
      vertex 0.727691 -15 3.42352
    endloop
  endfacet
  facet normal 0.258822 0 0.965925
    outer loop
      vertex 0.727691 15 3.42352
      vertex 1.08156 4 3.3287
      vertex 1.08156 15 3.3287
    endloop
  endfacet
  facet normal 0.258822 0 0.965925
    outer loop
      vertex 1.08156 4 3.3287
      vertex 0.727691 15 3.42352
      vertex 0.727691 4 3.42352
    endloop
  endfacet
  facet normal 0.777151 0 -0.629314
    outer loop
      vertex 2.83156 -15 -2.05725
      vertex 2.60101 -4 -2.34196
      vertex 2.83156 -4 -2.05725
    endloop
  endfacet
  facet normal 0.777151 0 -0.629314
    outer loop
      vertex 2.60101 -4 -2.34196
      vertex 2.83156 -15 -2.05725
      vertex 2.60101 -15 -2.34196
    endloop
  endfacet
  facet normal 0.777151 0 -0.629314
    outer loop
      vertex 2.83156 4 -2.05725
      vertex 2.60101 15 -2.34196
      vertex 2.83156 15 -2.05725
    endloop
  endfacet
  facet normal 0.777151 0 -0.629314
    outer loop
      vertex 2.60101 15 -2.34196
      vertex 2.83156 4 -2.05725
      vertex 2.60101 4 -2.34196
    endloop
  endfacet
  facet normal 0.777151 -0 0.629314
    outer loop
      vertex 2.60101 4 2.34196
      vertex 2.83156 15 2.05725
      vertex 2.60101 15 2.34196
    endloop
  endfacet
  facet normal 0.777151 0 0.629314
    outer loop
      vertex 2.83156 15 2.05725
      vertex 2.60101 4 2.34196
      vertex 2.83156 4 2.05725
    endloop
  endfacet
  facet normal 0.777151 -0 0.629314
    outer loop
      vertex 2.60101 -15 2.34196
      vertex 2.83156 -4 2.05725
      vertex 2.60101 -4 2.34196
    endloop
  endfacet
  facet normal 0.777151 0 0.629314
    outer loop
      vertex 2.83156 -4 2.05725
      vertex 2.60101 -15 2.34196
      vertex 2.83156 -15 2.05725
    endloop
  endfacet
  facet normal 0.544638 0 0.838671
    outer loop
      vertex 1.75 -4 3.03109
      vertex 2.05725 -15 2.83156
      vertex 2.05725 -4 2.83156
    endloop
  endfacet
  facet normal 0.544638 0 0.838671
    outer loop
      vertex 2.05725 -15 2.83156
      vertex 1.75 -4 3.03109
      vertex 1.75 -15 3.03109
    endloop
  endfacet
  facet normal 0.544638 0 0.838671
    outer loop
      vertex 1.75 15 3.03109
      vertex 2.05725 4 2.83156
      vertex 2.05725 15 2.83156
    endloop
  endfacet
  facet normal 0.544638 0 0.838671
    outer loop
      vertex 2.05725 4 2.83156
      vertex 1.75 15 3.03109
      vertex 1.75 4 3.03109
    endloop
  endfacet
  facet normal -0.156434 0 0.987688
    outer loop
      vertex -0.727691 15 3.42352
      vertex -0.365849 4 3.48083
      vertex -0.365849 15 3.48083
    endloop
  endfacet
  facet normal -0.156434 0 0.987688
    outer loop
      vertex -0.365849 4 3.48083
      vertex -0.727691 15 3.42352
      vertex -0.727691 4 3.42352
    endloop
  endfacet
  facet normal -0.156434 0 0.987688
    outer loop
      vertex -0.727691 -4 3.42352
      vertex -0.365849 -15 3.48083
      vertex -0.365849 -4 3.48083
    endloop
  endfacet
  facet normal -0.156434 0 0.987688
    outer loop
      vertex -0.365849 -15 3.48083
      vertex -0.727691 -4 3.42352
      vertex -0.727691 -15 3.42352
    endloop
  endfacet
  facet normal 0.965925 0 -0.258822
    outer loop
      vertex 3.42352 -15 -0.727691
      vertex 3.3287 -4 -1.08156
      vertex 3.42352 -4 -0.727691
    endloop
  endfacet
  facet normal 0.965925 0 -0.258822
    outer loop
      vertex 3.3287 -4 -1.08156
      vertex 3.42352 -15 -0.727691
      vertex 3.3287 -15 -1.08156
    endloop
  endfacet
  facet normal 0.965925 0 -0.258822
    outer loop
      vertex 3.42352 4 -0.727691
      vertex 3.3287 15 -1.08156
      vertex 3.42352 15 -0.727691
    endloop
  endfacet
  facet normal 0.965925 0 -0.258822
    outer loop
      vertex 3.3287 15 -1.08156
      vertex 3.42352 4 -0.727691
      vertex 3.3287 4 -1.08156
    endloop
  endfacet
  facet normal -0.0523269 0 0.99863
    outer loop
      vertex -0.365849 15 3.48083
      vertex 0 4 3.5
      vertex 0 15 3.5
    endloop
  endfacet
  facet normal -0.0523269 0 0.99863
    outer loop
      vertex 0 4 3.5
      vertex -0.365849 15 3.48083
      vertex -0.365849 4 3.48083
    endloop
  endfacet
  facet normal -0.0523269 0 0.99863
    outer loop
      vertex -0.365849 -4 3.48083
      vertex 0 -15 3.5
      vertex 0 -4 3.5
    endloop
  endfacet
  facet normal -0.0523269 0 0.99863
    outer loop
      vertex 0 -15 3.5
      vertex -0.365849 -4 3.48083
      vertex -0.365849 -15 3.48083
    endloop
  endfacet
  facet normal 0.0523269 0 0.99863
    outer loop
      vertex 0 15 3.5
      vertex 0.365849 4 3.48083
      vertex 0.365849 15 3.48083
    endloop
  endfacet
  facet normal 0.0523269 0 0.99863
    outer loop
      vertex 0.365849 4 3.48083
      vertex 0 15 3.5
      vertex 0 4 3.5
    endloop
  endfacet
  facet normal 0.0523269 0 0.99863
    outer loop
      vertex 0 -4 3.5
      vertex 0.365849 -15 3.48083
      vertex 0.365849 -4 3.48083
    endloop
  endfacet
  facet normal 0.0523269 0 0.99863
    outer loop
      vertex 0.365849 -15 3.48083
      vertex 0 -4 3.5
      vertex 0 -15 3.5
    endloop
  endfacet
  facet normal -0.35837 0 -0.93358
    outer loop
      vertex -1.42358 -15 -3.19741
      vertex -1.08156 -4 -3.3287
      vertex -1.08156 -15 -3.3287
    endloop
  endfacet
  facet normal -0.35837 0 -0.93358
    outer loop
      vertex -1.08156 -4 -3.3287
      vertex -1.42358 -15 -3.19741
      vertex -1.42358 -4 -3.19741
    endloop
  endfacet
  facet normal -0.35837 0 -0.93358
    outer loop
      vertex -1.42358 4 -3.19741
      vertex -1.08156 15 -3.3287
      vertex -1.08156 4 -3.3287
    endloop
  endfacet
  facet normal -0.35837 0 -0.93358
    outer loop
      vertex -1.08156 15 -3.3287
      vertex -1.42358 4 -3.19741
      vertex -1.42358 15 -3.19741
    endloop
  endfacet
  facet normal -0.453992 0 0.891006
    outer loop
      vertex -1.75 15 3.03109
      vertex -1.42358 4 3.19741
      vertex -1.42358 15 3.19741
    endloop
  endfacet
  facet normal -0.453992 0 0.891006
    outer loop
      vertex -1.42358 4 3.19741
      vertex -1.75 15 3.03109
      vertex -1.75 4 3.03109
    endloop
  endfacet
  facet normal -0.453992 0 0.891006
    outer loop
      vertex -1.75 -4 3.03109
      vertex -1.42358 -15 3.19741
      vertex -1.42358 -4 3.19741
    endloop
  endfacet
  facet normal -0.453992 0 0.891006
    outer loop
      vertex -1.42358 -15 3.19741
      vertex -1.75 -4 3.03109
      vertex -1.75 -15 3.03109
    endloop
  endfacet
  facet normal -0.987688 0 0.156434
    outer loop
      vertex -3.48083 -15 0.365849
      vertex -3.42352 -4 0.727691
      vertex -3.48083 -4 0.365849
    endloop
  endfacet
  facet normal -0.987688 0 0.156434
    outer loop
      vertex -3.42352 -4 0.727691
      vertex -3.48083 -15 0.365849
      vertex -3.42352 -15 0.727691
    endloop
  endfacet
  facet normal -0.987688 0 0.156434
    outer loop
      vertex -3.48083 4 0.365849
      vertex -3.42352 15 0.727691
      vertex -3.48083 15 0.365849
    endloop
  endfacet
  facet normal -0.987688 0 0.156434
    outer loop
      vertex -3.42352 15 0.727691
      vertex -3.48083 4 0.365849
      vertex -3.42352 4 0.727691
    endloop
  endfacet
  facet normal -0.891006 0 0.453992
    outer loop
      vertex -3.19741 4 1.42358
      vertex -3.03109 15 1.75
      vertex -3.19741 15 1.42358
    endloop
  endfacet
  facet normal -0.891006 0 0.453992
    outer loop
      vertex -3.03109 15 1.75
      vertex -3.19741 4 1.42358
      vertex -3.03109 4 1.75
    endloop
  endfacet
  facet normal -0.891006 0 0.453992
    outer loop
      vertex -3.19741 -15 1.42358
      vertex -3.03109 -4 1.75
      vertex -3.19741 -4 1.42358
    endloop
  endfacet
  facet normal -0.891006 0 0.453992
    outer loop
      vertex -3.03109 -4 1.75
      vertex -3.19741 -15 1.42358
      vertex -3.03109 -15 1.75
    endloop
  endfacet
  facet normal 0.891006 -0 0.453992
    outer loop
      vertex 3.03109 4 1.75
      vertex 3.19741 15 1.42358
      vertex 3.03109 15 1.75
    endloop
  endfacet
  facet normal 0.891006 0 0.453992
    outer loop
      vertex 3.19741 15 1.42358
      vertex 3.03109 4 1.75
      vertex 3.19741 4 1.42358
    endloop
  endfacet
  facet normal 0.891006 -0 0.453992
    outer loop
      vertex 3.03109 -15 1.75
      vertex 3.19741 -4 1.42358
      vertex 3.03109 -4 1.75
    endloop
  endfacet
  facet normal 0.891006 0 0.453992
    outer loop
      vertex 3.19741 -4 1.42358
      vertex 3.03109 -15 1.75
      vertex 3.19741 -15 1.42358
    endloop
  endfacet
  facet normal 0.629314 0 -0.777151
    outer loop
      vertex 2.05725 -15 -2.83156
      vertex 2.34196 -4 -2.60101
      vertex 2.34196 -15 -2.60101
    endloop
  endfacet
  facet normal 0.629314 0 -0.777151
    outer loop
      vertex 2.34196 -4 -2.60101
      vertex 2.05725 -15 -2.83156
      vertex 2.05725 -4 -2.83156
    endloop
  endfacet
  facet normal 0.629314 0 -0.777151
    outer loop
      vertex 2.05725 4 -2.83156
      vertex 2.34196 15 -2.60101
      vertex 2.34196 4 -2.60101
    endloop
  endfacet
  facet normal 0.629314 0 -0.777151
    outer loop
      vertex 2.34196 15 -2.60101
      vertex 2.05725 4 -2.83156
      vertex 2.05725 15 -2.83156
    endloop
  endfacet
  facet normal -0.777151 0 0.629314
    outer loop
      vertex -2.83156 4 2.05725
      vertex -2.60101 15 2.34196
      vertex -2.83156 15 2.05725
    endloop
  endfacet
  facet normal -0.777151 0 0.629314
    outer loop
      vertex -2.60101 15 2.34196
      vertex -2.83156 4 2.05725
      vertex -2.60101 4 2.34196
    endloop
  endfacet
  facet normal -0.777151 0 0.629314
    outer loop
      vertex -2.83156 -15 2.05725
      vertex -2.60101 -4 2.34196
      vertex -2.83156 -4 2.05725
    endloop
  endfacet
  facet normal -0.777151 0 0.629314
    outer loop
      vertex -2.60101 -4 2.34196
      vertex -2.83156 -15 2.05725
      vertex -2.60101 -15 2.34196
    endloop
  endfacet
  facet normal -0.93358 0 -0.35837
    outer loop
      vertex -3.19741 4 -1.42358
      vertex -3.3287 15 -1.08156
      vertex -3.19741 15 -1.42358
    endloop
  endfacet
  facet normal -0.93358 -0 -0.35837
    outer loop
      vertex -3.3287 15 -1.08156
      vertex -3.19741 4 -1.42358
      vertex -3.3287 4 -1.08156
    endloop
  endfacet
  facet normal -0.93358 0 -0.35837
    outer loop
      vertex -3.19741 -15 -1.42358
      vertex -3.3287 -4 -1.08156
      vertex -3.19741 -4 -1.42358
    endloop
  endfacet
  facet normal -0.93358 -0 -0.35837
    outer loop
      vertex -3.3287 -4 -1.08156
      vertex -3.19741 -15 -1.42358
      vertex -3.3287 -15 -1.08156
    endloop
  endfacet
  facet normal -0.965925 0 0.258822
    outer loop
      vertex -3.42352 -15 0.727691
      vertex -3.3287 -4 1.08156
      vertex -3.42352 -4 0.727691
    endloop
  endfacet
  facet normal -0.965925 0 0.258822
    outer loop
      vertex -3.3287 -4 1.08156
      vertex -3.42352 -15 0.727691
      vertex -3.3287 -15 1.08156
    endloop
  endfacet
  facet normal -0.965925 0 0.258822
    outer loop
      vertex -3.42352 4 0.727691
      vertex -3.3287 15 1.08156
      vertex -3.42352 15 0.727691
    endloop
  endfacet
  facet normal -0.965925 0 0.258822
    outer loop
      vertex -3.3287 15 1.08156
      vertex -3.42352 4 0.727691
      vertex -3.3287 4 1.08156
    endloop
  endfacet
  facet normal 0.891006 0 -0.453992
    outer loop
      vertex 3.19741 4 -1.42358
      vertex 3.03109 15 -1.75
      vertex 3.19741 15 -1.42358
    endloop
  endfacet
  facet normal 0.891006 0 -0.453992
    outer loop
      vertex 3.03109 15 -1.75
      vertex 3.19741 4 -1.42358
      vertex 3.03109 4 -1.75
    endloop
  endfacet
  facet normal 0.891006 0 -0.453992
    outer loop
      vertex 3.19741 -15 -1.42358
      vertex 3.03109 -4 -1.75
      vertex 3.19741 -4 -1.42358
    endloop
  endfacet
  facet normal 0.891006 0 -0.453992
    outer loop
      vertex 3.03109 -4 -1.75
      vertex 3.19741 -15 -1.42358
      vertex 3.03109 -15 -1.75
    endloop
  endfacet
  facet normal -0.35837 0 0.93358
    outer loop
      vertex -1.42358 15 3.19741
      vertex -1.08156 4 3.3287
      vertex -1.08156 15 3.3287
    endloop
  endfacet
  facet normal -0.35837 0 0.93358
    outer loop
      vertex -1.08156 4 3.3287
      vertex -1.42358 15 3.19741
      vertex -1.42358 4 3.19741
    endloop
  endfacet
  facet normal -0.35837 0 0.93358
    outer loop
      vertex -1.42358 -4 3.19741
      vertex -1.08156 -15 3.3287
      vertex -1.08156 -4 3.3287
    endloop
  endfacet
  facet normal -0.35837 0 0.93358
    outer loop
      vertex -1.08156 -15 3.3287
      vertex -1.42358 -4 3.19741
      vertex -1.42358 -15 3.19741
    endloop
  endfacet
  facet normal -0.777151 0 -0.629314
    outer loop
      vertex -2.60101 4 -2.34196
      vertex -2.83156 15 -2.05725
      vertex -2.60101 15 -2.34196
    endloop
  endfacet
  facet normal -0.777151 -0 -0.629314
    outer loop
      vertex -2.83156 15 -2.05725
      vertex -2.60101 4 -2.34196
      vertex -2.83156 4 -2.05725
    endloop
  endfacet
  facet normal -0.777151 0 -0.629314
    outer loop
      vertex -2.60101 -15 -2.34196
      vertex -2.83156 -4 -2.05725
      vertex -2.60101 -4 -2.34196
    endloop
  endfacet
  facet normal -0.777151 -0 -0.629314
    outer loop
      vertex -2.83156 -4 -2.05725
      vertex -2.60101 -15 -2.34196
      vertex -2.83156 -15 -2.05725
    endloop
  endfacet
  facet normal -0.838671 0 -0.544638
    outer loop
      vertex -2.83156 4 -2.05725
      vertex -3.03109 15 -1.75
      vertex -2.83156 15 -2.05725
    endloop
  endfacet
  facet normal -0.838671 -0 -0.544638
    outer loop
      vertex -3.03109 15 -1.75
      vertex -2.83156 4 -2.05725
      vertex -3.03109 4 -1.75
    endloop
  endfacet
  facet normal -0.838671 0 -0.544638
    outer loop
      vertex -2.83156 -15 -2.05725
      vertex -3.03109 -4 -1.75
      vertex -2.83156 -4 -2.05725
    endloop
  endfacet
  facet normal -0.838671 -0 -0.544638
    outer loop
      vertex -3.03109 -4 -1.75
      vertex -2.83156 -15 -2.05725
      vertex -3.03109 -15 -1.75
    endloop
  endfacet
  facet normal 0.544638 0 -0.838671
    outer loop
      vertex 1.75 4 -3.03109
      vertex 2.05725 15 -2.83156
      vertex 2.05725 4 -2.83156
    endloop
  endfacet
  facet normal 0.544638 0 -0.838671
    outer loop
      vertex 2.05725 15 -2.83156
      vertex 1.75 4 -3.03109
      vertex 1.75 15 -3.03109
    endloop
  endfacet
  facet normal 0.544638 0 -0.838671
    outer loop
      vertex 1.75 -15 -3.03109
      vertex 2.05725 -4 -2.83156
      vertex 2.05725 -15 -2.83156
    endloop
  endfacet
  facet normal 0.544638 0 -0.838671
    outer loop
      vertex 2.05725 -4 -2.83156
      vertex 1.75 -15 -3.03109
      vertex 1.75 -4 -3.03109
    endloop
  endfacet
  facet normal -0.707107 0 0.707107
    outer loop
      vertex -2.60101 4 2.34196
      vertex -2.34196 15 2.60101
      vertex -2.60101 15 2.34196
    endloop
  endfacet
  facet normal -0.707107 0 0.707107
    outer loop
      vertex -2.34196 15 2.60101
      vertex -2.60101 4 2.34196
      vertex -2.34196 4 2.60101
    endloop
  endfacet
  facet normal -0.707107 0 0.707107
    outer loop
      vertex -2.60101 -15 2.34196
      vertex -2.34196 -4 2.60101
      vertex -2.60101 -4 2.34196
    endloop
  endfacet
  facet normal -0.707107 0 0.707107
    outer loop
      vertex -2.34196 -4 2.60101
      vertex -2.60101 -15 2.34196
      vertex -2.34196 -15 2.60101
    endloop
  endfacet
  facet normal 0 1 0
    outer loop
      vertex 0.365849 15 3.48083
      vertex -0.365849 15 3.48083
      vertex 0 15 3.5
    endloop
  endfacet
  facet normal 0 1 0
    outer loop
      vertex 0.727691 15 3.42352
      vertex -0.365849 15 3.48083
      vertex 0.365849 15 3.48083
    endloop
  endfacet
  facet normal 0 1 0
    outer loop
      vertex 0.727691 15 3.42352
      vertex -0.727691 15 3.42352
      vertex -0.365849 15 3.48083
    endloop
  endfacet
  facet normal 0 1 0
    outer loop
      vertex 1.08156 15 3.3287
      vertex -0.727691 15 3.42352
      vertex 0.727691 15 3.42352
    endloop
  endfacet
  facet normal 0 1 0
    outer loop
      vertex 1.08156 15 3.3287
      vertex -1.08156 15 3.3287
      vertex -0.727691 15 3.42352
    endloop
  endfacet
  facet normal 0 1 0
    outer loop
      vertex 1.42358 15 3.19741
      vertex -1.08156 15 3.3287
      vertex 1.08156 15 3.3287
    endloop
  endfacet
  facet normal 0 1 0
    outer loop
      vertex 1.42358 15 3.19741
      vertex -1.42358 15 3.19741
      vertex -1.08156 15 3.3287
    endloop
  endfacet
  facet normal 0 1 0
    outer loop
      vertex 1.75 15 3.03109
      vertex -1.42358 15 3.19741
      vertex 1.42358 15 3.19741
    endloop
  endfacet
  facet normal 0 1 0
    outer loop
      vertex 1.75 15 3.03109
      vertex -1.75 15 3.03109
      vertex -1.42358 15 3.19741
    endloop
  endfacet
  facet normal 0 1 0
    outer loop
      vertex 2.05725 15 2.83156
      vertex -1.75 15 3.03109
      vertex 1.75 15 3.03109
    endloop
  endfacet
  facet normal 0 1 0
    outer loop
      vertex 2.05725 15 2.83156
      vertex -2.05725 15 2.83156
      vertex -1.75 15 3.03109
    endloop
  endfacet
  facet normal 0 1 0
    outer loop
      vertex 2.34196 15 2.60101
      vertex -2.05725 15 2.83156
      vertex 2.05725 15 2.83156
    endloop
  endfacet
  facet normal 0 1 0
    outer loop
      vertex 2.34196 15 2.60101
      vertex -2.34196 15 2.60101
      vertex -2.05725 15 2.83156
    endloop
  endfacet
  facet normal 0 1 0
    outer loop
      vertex 2.60101 15 2.34196
      vertex -2.34196 15 2.60101
      vertex 2.34196 15 2.60101
    endloop
  endfacet
  facet normal 0 1 0
    outer loop
      vertex 2.60101 15 2.34196
      vertex -2.60101 15 2.34196
      vertex -2.34196 15 2.60101
    endloop
  endfacet
  facet normal 0 1 0
    outer loop
      vertex 2.83156 15 2.05725
      vertex -2.60101 15 2.34196
      vertex 2.60101 15 2.34196
    endloop
  endfacet
  facet normal 0 1 0
    outer loop
      vertex 2.83156 15 2.05725
      vertex -2.83156 15 2.05725
      vertex -2.60101 15 2.34196
    endloop
  endfacet
  facet normal 0 1 0
    outer loop
      vertex 3.03109 15 1.75
      vertex -2.83156 15 2.05725
      vertex 2.83156 15 2.05725
    endloop
  endfacet
  facet normal 0 1 0
    outer loop
      vertex 3.03109 15 1.75
      vertex -3.03109 15 1.75
      vertex -2.83156 15 2.05725
    endloop
  endfacet
  facet normal 0 1 0
    outer loop
      vertex 3.19741 15 1.42358
      vertex -3.03109 15 1.75
      vertex 3.03109 15 1.75
    endloop
  endfacet
  facet normal 0 1 0
    outer loop
      vertex 3.19741 15 1.42358
      vertex -3.19741 15 1.42358
      vertex -3.03109 15 1.75
    endloop
  endfacet
  facet normal 0 1 0
    outer loop
      vertex 3.3287 15 1.08156
      vertex -3.19741 15 1.42358
      vertex 3.19741 15 1.42358
    endloop
  endfacet
  facet normal 0 1 0
    outer loop
      vertex 3.3287 15 1.08156
      vertex -3.3287 15 1.08156
      vertex -3.19741 15 1.42358
    endloop
  endfacet
  facet normal 0 1 0
    outer loop
      vertex 3.42352 15 0.727691
      vertex -3.3287 15 1.08156
      vertex 3.3287 15 1.08156
    endloop
  endfacet
  facet normal 0 1 0
    outer loop
      vertex 3.42352 15 0.727691
      vertex -3.42352 15 0.727691
      vertex -3.3287 15 1.08156
    endloop
  endfacet
  facet normal 0 1 0
    outer loop
      vertex 3.48083 15 0.365849
      vertex -3.42352 15 0.727691
      vertex 3.42352 15 0.727691
    endloop
  endfacet
  facet normal 0 1 0
    outer loop
      vertex 3.48083 15 0.365849
      vertex -3.48083 15 0.365849
      vertex -3.42352 15 0.727691
    endloop
  endfacet
  facet normal 0 1 0
    outer loop
      vertex 3.5 15 0
      vertex -3.48083 15 0.365849
      vertex 3.48083 15 0.365849
    endloop
  endfacet
  facet normal 0 1 0
    outer loop
      vertex 3.5 15 0
      vertex -3.5 15 0
      vertex -3.48083 15 0.365849
    endloop
  endfacet
  facet normal 0 1 -0
    outer loop
      vertex 3.48083 15 -0.365849
      vertex -3.5 15 0
      vertex 3.5 15 0
    endloop
  endfacet
  facet normal 0 1 0
    outer loop
      vertex 3.48083 15 -0.365849
      vertex -3.48083 15 -0.365849
      vertex -3.5 15 0
    endloop
  endfacet
  facet normal 0 1 -0
    outer loop
      vertex 3.42352 15 -0.727691
      vertex -3.48083 15 -0.365849
      vertex 3.48083 15 -0.365849
    endloop
  endfacet
  facet normal 0 1 0
    outer loop
      vertex 3.42352 15 -0.727691
      vertex -3.42352 15 -0.727691
      vertex -3.48083 15 -0.365849
    endloop
  endfacet
  facet normal 0 1 -0
    outer loop
      vertex 3.3287 15 -1.08156
      vertex -3.42352 15 -0.727691
      vertex 3.42352 15 -0.727691
    endloop
  endfacet
  facet normal 0 1 0
    outer loop
      vertex 3.3287 15 -1.08156
      vertex -3.3287 15 -1.08156
      vertex -3.42352 15 -0.727691
    endloop
  endfacet
  facet normal 0 1 -0
    outer loop
      vertex 3.19741 15 -1.42358
      vertex -3.3287 15 -1.08156
      vertex 3.3287 15 -1.08156
    endloop
  endfacet
  facet normal 0 1 0
    outer loop
      vertex 3.19741 15 -1.42358
      vertex -3.19741 15 -1.42358
      vertex -3.3287 15 -1.08156
    endloop
  endfacet
  facet normal 0 1 -0
    outer loop
      vertex 3.03109 15 -1.75
      vertex -3.19741 15 -1.42358
      vertex 3.19741 15 -1.42358
    endloop
  endfacet
  facet normal 0 1 0
    outer loop
      vertex 3.03109 15 -1.75
      vertex -3.03109 15 -1.75
      vertex -3.19741 15 -1.42358
    endloop
  endfacet
  facet normal 0 1 -0
    outer loop
      vertex 2.83156 15 -2.05725
      vertex -3.03109 15 -1.75
      vertex 3.03109 15 -1.75
    endloop
  endfacet
  facet normal 0 1 0
    outer loop
      vertex 2.83156 15 -2.05725
      vertex -2.83156 15 -2.05725
      vertex -3.03109 15 -1.75
    endloop
  endfacet
  facet normal 0 1 -0
    outer loop
      vertex 2.60101 15 -2.34196
      vertex -2.83156 15 -2.05725
      vertex 2.83156 15 -2.05725
    endloop
  endfacet
  facet normal 0 1 0
    outer loop
      vertex 2.60101 15 -2.34196
      vertex -2.60101 15 -2.34196
      vertex -2.83156 15 -2.05725
    endloop
  endfacet
  facet normal 0 1 -0
    outer loop
      vertex 2.34196 15 -2.60101
      vertex -2.60101 15 -2.34196
      vertex 2.60101 15 -2.34196
    endloop
  endfacet
  facet normal 0 1 0
    outer loop
      vertex 2.34196 15 -2.60101
      vertex -2.34196 15 -2.60101
      vertex -2.60101 15 -2.34196
    endloop
  endfacet
  facet normal 0 1 -0
    outer loop
      vertex 2.05725 15 -2.83156
      vertex -2.34196 15 -2.60101
      vertex 2.34196 15 -2.60101
    endloop
  endfacet
  facet normal 0 1 0
    outer loop
      vertex 2.05725 15 -2.83156
      vertex -2.05725 15 -2.83156
      vertex -2.34196 15 -2.60101
    endloop
  endfacet
  facet normal 0 1 -0
    outer loop
      vertex 1.75 15 -3.03109
      vertex -2.05725 15 -2.83156
      vertex 2.05725 15 -2.83156
    endloop
  endfacet
  facet normal 0 1 0
    outer loop
      vertex 1.75 15 -3.03109
      vertex -1.75 15 -3.03109
      vertex -2.05725 15 -2.83156
    endloop
  endfacet
  facet normal 0 1 -0
    outer loop
      vertex 1.42358 15 -3.19741
      vertex -1.75 15 -3.03109
      vertex 1.75 15 -3.03109
    endloop
  endfacet
  facet normal 0 1 0
    outer loop
      vertex 1.42358 15 -3.19741
      vertex -1.42358 15 -3.19741
      vertex -1.75 15 -3.03109
    endloop
  endfacet
  facet normal 0 1 -0
    outer loop
      vertex 1.08156 15 -3.3287
      vertex -1.42358 15 -3.19741
      vertex 1.42358 15 -3.19741
    endloop
  endfacet
  facet normal 0 1 0
    outer loop
      vertex 1.08156 15 -3.3287
      vertex -1.08156 15 -3.3287
      vertex -1.42358 15 -3.19741
    endloop
  endfacet
  facet normal 0 1 -0
    outer loop
      vertex 0.727691 15 -3.42352
      vertex -1.08156 15 -3.3287
      vertex 1.08156 15 -3.3287
    endloop
  endfacet
  facet normal 0 1 0
    outer loop
      vertex 0.727691 15 -3.42352
      vertex -0.727691 15 -3.42352
      vertex -1.08156 15 -3.3287
    endloop
  endfacet
  facet normal 0 1 -0
    outer loop
      vertex 0.365849 15 -3.48083
      vertex -0.727691 15 -3.42352
      vertex 0.727691 15 -3.42352
    endloop
  endfacet
  facet normal 0 1 0
    outer loop
      vertex 0.365849 15 -3.48083
      vertex -0.365849 15 -3.48083
      vertex -0.727691 15 -3.42352
    endloop
  endfacet
  facet normal -0 1 0
    outer loop
      vertex -0.365849 15 -3.48083
      vertex 0.365849 15 -3.48083
      vertex 0 15 -3.5
    endloop
  endfacet
  facet normal -0.707107 0 -0.707107
    outer loop
      vertex -2.34196 4 -2.60101
      vertex -2.60101 15 -2.34196
      vertex -2.34196 15 -2.60101
    endloop
  endfacet
  facet normal -0.707107 -0 -0.707107
    outer loop
      vertex -2.60101 15 -2.34196
      vertex -2.34196 4 -2.60101
      vertex -2.60101 4 -2.34196
    endloop
  endfacet
  facet normal -0.707107 0 -0.707107
    outer loop
      vertex -2.34196 -15 -2.60101
      vertex -2.60101 -4 -2.34196
      vertex -2.34196 -4 -2.60101
    endloop
  endfacet
  facet normal -0.707107 -0 -0.707107
    outer loop
      vertex -2.60101 -4 -2.34196
      vertex -2.34196 -15 -2.60101
      vertex -2.60101 -15 -2.34196
    endloop
  endfacet
  facet normal -0.0523269 0 -0.99863
    outer loop
      vertex -0.365849 -15 -3.48083
      vertex 0 -4 -3.5
      vertex 0 -15 -3.5
    endloop
  endfacet
  facet normal -0.0523269 0 -0.99863
    outer loop
      vertex 0 -4 -3.5
      vertex -0.365849 -15 -3.48083
      vertex -0.365849 -4 -3.48083
    endloop
  endfacet
  facet normal -0.0523269 0 -0.99863
    outer loop
      vertex -0.365849 4 -3.48083
      vertex 0 15 -3.5
      vertex 0 4 -3.5
    endloop
  endfacet
  facet normal -0.0523269 0 -0.99863
    outer loop
      vertex 0 15 -3.5
      vertex -0.365849 4 -3.48083
      vertex -0.365849 15 -3.48083
    endloop
  endfacet
  facet normal -0.99863 0 0.0523269
    outer loop
      vertex -3.5 -15 0
      vertex -3.48083 -4 0.365849
      vertex -3.5 -4 0
    endloop
  endfacet
  facet normal -0.99863 0 0.0523269
    outer loop
      vertex -3.48083 -4 0.365849
      vertex -3.5 -15 0
      vertex -3.48083 -15 0.365849
    endloop
  endfacet
  facet normal -0.99863 0 0.0523269
    outer loop
      vertex -3.5 4 0
      vertex -3.48083 15 0.365849
      vertex -3.5 15 0
    endloop
  endfacet
  facet normal -0.99863 0 0.0523269
    outer loop
      vertex -3.48083 15 0.365849
      vertex -3.5 4 0
      vertex -3.48083 4 0.365849
    endloop
  endfacet
  facet normal -0.156434 0 -0.987688
    outer loop
      vertex -0.727691 4 -3.42352
      vertex -0.365849 15 -3.48083
      vertex -0.365849 4 -3.48083
    endloop
  endfacet
  facet normal -0.156434 0 -0.987688
    outer loop
      vertex -0.365849 15 -3.48083
      vertex -0.727691 4 -3.42352
      vertex -0.727691 15 -3.42352
    endloop
  endfacet
  facet normal -0.156434 0 -0.987688
    outer loop
      vertex -0.727691 -15 -3.42352
      vertex -0.365849 -4 -3.48083
      vertex -0.365849 -15 -3.48083
    endloop
  endfacet
  facet normal -0.156434 0 -0.987688
    outer loop
      vertex -0.365849 -4 -3.48083
      vertex -0.727691 -15 -3.42352
      vertex -0.727691 -4 -3.42352
    endloop
  endfacet
  facet normal -0.544638 0 -0.838671
    outer loop
      vertex -2.05725 4 -2.83156
      vertex -1.75 15 -3.03109
      vertex -1.75 4 -3.03109
    endloop
  endfacet
  facet normal -0.544638 0 -0.838671
    outer loop
      vertex -1.75 15 -3.03109
      vertex -2.05725 4 -2.83156
      vertex -2.05725 15 -2.83156
    endloop
  endfacet
  facet normal -0.544638 0 -0.838671
    outer loop
      vertex -2.05725 -15 -2.83156
      vertex -1.75 -4 -3.03109
      vertex -1.75 -15 -3.03109
    endloop
  endfacet
  facet normal -0.544638 0 -0.838671
    outer loop
      vertex -1.75 -4 -3.03109
      vertex -2.05725 -15 -2.83156
      vertex -2.05725 -4 -2.83156
    endloop
  endfacet
  facet normal 0.707107 0 -0.707107
    outer loop
      vertex 2.60101 -15 -2.34196
      vertex 2.34196 -4 -2.60101
      vertex 2.60101 -4 -2.34196
    endloop
  endfacet
  facet normal 0.707107 0 -0.707107
    outer loop
      vertex 2.34196 -4 -2.60101
      vertex 2.60101 -15 -2.34196
      vertex 2.34196 -15 -2.60101
    endloop
  endfacet
  facet normal 0.707107 0 -0.707107
    outer loop
      vertex 2.60101 4 -2.34196
      vertex 2.34196 15 -2.60101
      vertex 2.60101 15 -2.34196
    endloop
  endfacet
  facet normal 0.707107 0 -0.707107
    outer loop
      vertex 2.34196 15 -2.60101
      vertex 2.60101 4 -2.34196
      vertex 2.34196 4 -2.60101
    endloop
  endfacet
endsolid OpenSCAD_Model
