solid OpenSCAD_Model
  facet normal 1 0 0
    outer loop
      vertex 120 38 26
      vertex 120 10 26
      vertex 120 38 18
    endloop
  endfacet
  facet normal 1 -0 0
    outer loop
      vertex 120 38 18
      vertex 120 45 0
      vertex 120 45 18
    endloop
  endfacet
  facet normal 1 0 0
    outer loop
      vertex 120 10 0
      vertex 120 38 18
      vertex 120 10 26
    endloop
  endfacet
  facet normal 1 0 0
    outer loop
      vertex 120 38 18
      vertex 120 10 0
      vertex 120 45 0
    endloop
  endfacet
  facet normal 1 0 0
    outer loop
      vertex 120 -38 18
      vertex 120 -10 26
      vertex 120 -38 26
    endloop
  endfacet
  facet normal 1 0 0
    outer loop
      vertex 120 -10 26
      vertex 120 -38 18
      vertex 120 -10 0
    endloop
  endfacet
  facet normal 1 0 0
    outer loop
      vertex 120 -45 0
      vertex 120 -38 18
      vertex 120 -45 18
    endloop
  endfacet
  facet normal 1 0 0
    outer loop
      vertex 120 -38 18
      vertex 120 -45 0
      vertex 120 -10 0
    endloop
  endfacet
  facet normal 0 0 1
    outer loop
      vertex 120 45 18
      vertex 55 38 18
      vertex 120 38 18
    endloop
  endfacet
  facet normal 0 0 1
    outer loop
      vertex 55 38 18
      vertex -10 38 18
      vertex 55 -38 18
    endloop
  endfacet
  facet normal 0 0 1
    outer loop
      vertex 120 45 18
      vertex -10 38 18
      vertex 55 38 18
    endloop
  endfacet
  facet normal -0 0 1
    outer loop
      vertex -80 45 18
      vertex -10 38 18
      vertex 120 45 18
    endloop
  endfacet
  facet normal 0 0 1
    outer loop
      vertex -10 38 18
      vertex -80 45 18
      vertex -80 38 18
    endloop
  endfacet
  facet normal -0 0 1
    outer loop
      vertex 55 -38 18
      vertex 120 -45 18
      vertex 120 -38 18
    endloop
  endfacet
  facet normal 0 0 1
    outer loop
      vertex -10 -38 18
      vertex 55 -38 18
      vertex -10 38 18
    endloop
  endfacet
  facet normal -0 0 1
    outer loop
      vertex -10 -38 18
      vertex 120 -45 18
      vertex 55 -38 18
    endloop
  endfacet
  facet normal 0 0 1
    outer loop
      vertex -80 -45 18
      vertex -10 -38 18
      vertex -80 -38 18
    endloop
  endfacet
  facet normal 0 0 1
    outer loop
      vertex -10 -38 18
      vertex -80 -45 18
      vertex 120 -45 18
    endloop
  endfacet
  facet normal 0 0 -1
    outer loop
      vertex -80 -45 0
      vertex 120 -10 0
      vertex 120 -45 0
    endloop
  endfacet
  facet normal -0 0 -1
    outer loop
      vertex 120 -10 0
      vertex -80 -45 0
      vertex 120 10 0
    endloop
  endfacet
  facet normal 0 0 -1
    outer loop
      vertex -80 45 0
      vertex 120 10 0
      vertex -80 -45 0
    endloop
  endfacet
  facet normal 0 0 -1
    outer loop
      vertex 120 10 0
      vertex -80 45 0
      vertex 120 45 0
    endloop
  endfacet
  facet normal 0 0 -1
    outer loop
      vertex 129.914 -1.30526 0
      vertex 129.914 1.30526 0
      vertex 130 0 0
    endloop
  endfacet
  facet normal 0 0 -1
    outer loop
      vertex 129.659 -2.58819 0
      vertex 129.914 1.30526 0
      vertex 129.914 -1.30526 0
    endloop
  endfacet
  facet normal 0 0 -1
    outer loop
      vertex 129.659 -2.58819 0
      vertex 129.659 2.58819 0
      vertex 129.914 1.30526 0
    endloop
  endfacet
  facet normal 0 0 -1
    outer loop
      vertex 129.239 -3.82683 0
      vertex 129.659 2.58819 0
      vertex 129.659 -2.58819 0
    endloop
  endfacet
  facet normal 0 0 -1
    outer loop
      vertex 129.239 -3.82683 0
      vertex 129.239 3.82683 0
      vertex 129.659 2.58819 0
    endloop
  endfacet
  facet normal 0 0 -1
    outer loop
      vertex 128.66 -5 0
      vertex 129.239 3.82683 0
      vertex 129.239 -3.82683 0
    endloop
  endfacet
  facet normal 0 0 -1
    outer loop
      vertex 128.66 -5 0
      vertex 128.66 5 0
      vertex 129.239 3.82683 0
    endloop
  endfacet
  facet normal 0 0 -1
    outer loop
      vertex 127.934 -6.08761 0
      vertex 128.66 5 0
      vertex 128.66 -5 0
    endloop
  endfacet
  facet normal 0 0 -1
    outer loop
      vertex 127.934 -6.08761 0
      vertex 127.934 6.08761 0
      vertex 128.66 5 0
    endloop
  endfacet
  facet normal 0 0 -1
    outer loop
      vertex 127.071 -7.07107 0
      vertex 127.934 6.08761 0
      vertex 127.934 -6.08761 0
    endloop
  endfacet
  facet normal 0 0 -1
    outer loop
      vertex 127.071 -7.07107 0
      vertex 127.071 7.07107 0
      vertex 127.934 6.08761 0
    endloop
  endfacet
  facet normal 0 0 -1
    outer loop
      vertex 126.088 -7.93353 0
      vertex 127.071 7.07107 0
      vertex 127.071 -7.07107 0
    endloop
  endfacet
  facet normal 0 0 -1
    outer loop
      vertex 126.088 -7.93353 0
      vertex 126.088 7.93353 0
      vertex 127.071 7.07107 0
    endloop
  endfacet
  facet normal 0 0 -1
    outer loop
      vertex 125 -8.66025 0
      vertex 126.088 7.93353 0
      vertex 126.088 -7.93353 0
    endloop
  endfacet
  facet normal 0 0 -1
    outer loop
      vertex 125 -8.66025 0
      vertex 125 8.66025 0
      vertex 126.088 7.93353 0
    endloop
  endfacet
  facet normal 0 0 -1
    outer loop
      vertex 123.827 -9.2388 0
      vertex 125 8.66025 0
      vertex 125 -8.66025 0
    endloop
  endfacet
  facet normal 0 0 -1
    outer loop
      vertex 123.827 -9.2388 0
      vertex 123.827 9.2388 0
      vertex 125 8.66025 0
    endloop
  endfacet
  facet normal 0 0 -1
    outer loop
      vertex 122.588 -9.65926 0
      vertex 123.827 9.2388 0
      vertex 123.827 -9.2388 0
    endloop
  endfacet
  facet normal 0 0 -1
    outer loop
      vertex 122.588 -9.65926 0
      vertex 122.588 9.65926 0
      vertex 123.827 9.2388 0
    endloop
  endfacet
  facet normal 0 0 -1
    outer loop
      vertex 121.305 -9.91445 0
      vertex 122.588 9.65926 0
      vertex 122.588 -9.65926 0
    endloop
  endfacet
  facet normal 0 0 -1
    outer loop
      vertex 121.305 -9.91445 0
      vertex 121.305 9.91445 0
      vertex 122.588 9.65926 0
    endloop
  endfacet
  facet normal 0 0 -1
    outer loop
      vertex 120 -10 0
      vertex 121.305 9.91445 0
      vertex 121.305 -9.91445 0
    endloop
  endfacet
  facet normal -0 0 -1
    outer loop
      vertex 121.305 9.91445 0
      vertex 120 -10 0
      vertex 120 10 0
    endloop
  endfacet
  facet normal -1 0 0
    outer loop
      vertex -80 45 0
      vertex -80 38 18
      vertex -80 45 18
    endloop
  endfacet
  facet normal -1 0 0
    outer loop
      vertex -80 -3.10266 31.5663
      vertex -80 38 18
      vertex -80 -3 30
    endloop
  endfacet
  facet normal -1 0 0
    outer loop
      vertex -80 -6.51472 21.5147
      vertex -80 38 18
      vertex -80 45 0
    endloop
  endfacet
  facet normal -1 0 0
    outer loop
      vertex -80 38 18
      vertex -80 -3.10266 28.4337
      vertex -80 -3 30
    endloop
  endfacet
  facet normal -1 0 0
    outer loop
      vertex -80 38 18
      vertex -80 -3.40889 26.8942
      vertex -80 -3.10266 28.4337
    endloop
  endfacet
  facet normal -1 0 0
    outer loop
      vertex -80 38 18
      vertex -80 -3.91345 25.4078
      vertex -80 -3.40889 26.8942
    endloop
  endfacet
  facet normal -1 0 0
    outer loop
      vertex -80 38 18
      vertex -80 -4.60769 24
      vertex -80 -3.91345 25.4078
    endloop
  endfacet
  facet normal -1 0 0
    outer loop
      vertex -80 38 18
      vertex -80 -5.47976 22.6949
      vertex -80 -4.60769 24
    endloop
  endfacet
  facet normal -1 0 0
    outer loop
      vertex -80 38 18
      vertex -80 -6.51472 21.5147
      vertex -80 -5.47976 22.6949
    endloop
  endfacet
  facet normal -1 0 0
    outer loop
      vertex -80 45 0
      vertex -80 -7.69486 20.4798
      vertex -80 -6.51472 21.5147
    endloop
  endfacet
  facet normal -1 0 0
    outer loop
      vertex -80 45 0
      vertex -80 -9 19.6077
      vertex -80 -7.69486 20.4798
    endloop
  endfacet
  facet normal -1 0 0
    outer loop
      vertex -80 45 0
      vertex -80 -10.4078 18.9134
      vertex -80 -9 19.6077
    endloop
  endfacet
  facet normal -1 0 0
    outer loop
      vertex -80 45 0
      vertex -80 -11.8942 18.4089
      vertex -80 -10.4078 18.9134
    endloop
  endfacet
  facet normal -1 0 0
    outer loop
      vertex -80 -45 0
      vertex -80 -11.8942 18.4089
      vertex -80 45 0
    endloop
  endfacet
  facet normal -1 0 0
    outer loop
      vertex -80 -11.8942 18.4089
      vertex -80 -45 0
      vertex -80 -13.4337 18.1027
    endloop
  endfacet
  facet normal -1 0 0
    outer loop
      vertex -80 -13.4337 18.1027
      vertex -80 -45 0
      vertex -80 -15 18
    endloop
  endfacet
  facet normal -1 -0 0
    outer loop
      vertex -80 -15 18
      vertex -80 -45 0
      vertex -80 -16.5663 18.1027
    endloop
  endfacet
  facet normal -1 -0 0
    outer loop
      vertex -80 -26.8973 28.4337
      vertex -80 -38 18
      vertex -80 -27 30
    endloop
  endfacet
  facet normal -1 -0 0
    outer loop
      vertex -80 -26.5911 26.8942
      vertex -80 -38 18
      vertex -80 -26.8973 28.4337
    endloop
  endfacet
  facet normal -1 -0 0
    outer loop
      vertex -80 -26.0866 25.4078
      vertex -80 -38 18
      vertex -80 -26.5911 26.8942
    endloop
  endfacet
  facet normal -1 -0 0
    outer loop
      vertex -80 -25.3923 24
      vertex -80 -38 18
      vertex -80 -26.0866 25.4078
    endloop
  endfacet
  facet normal -1 -0 0
    outer loop
      vertex -80 -24.5202 22.6949
      vertex -80 -38 18
      vertex -80 -25.3923 24
    endloop
  endfacet
  facet normal -1 -0 0
    outer loop
      vertex -80 -23.4853 21.5147
      vertex -80 -38 18
      vertex -80 -24.5202 22.6949
    endloop
  endfacet
  facet normal -1 -0 0
    outer loop
      vertex -80 -22.3051 20.4798
      vertex -80 -38 18
      vertex -80 -23.4853 21.5147
    endloop
  endfacet
  facet normal -1 -0 0
    outer loop
      vertex -80 -21 19.6077
      vertex -80 -38 18
      vertex -80 -22.3051 20.4798
    endloop
  endfacet
  facet normal -1 -0 0
    outer loop
      vertex -80 -19.5922 18.9134
      vertex -80 -38 18
      vertex -80 -21 19.6077
    endloop
  endfacet
  facet normal -1 0 0
    outer loop
      vertex -80 -45 0
      vertex -80 -19.5922 18.9134
      vertex -80 -18.1058 18.4089
    endloop
  endfacet
  facet normal -1 -0 0
    outer loop
      vertex -80 -16.5663 18.1027
      vertex -80 -45 0
      vertex -80 -18.1058 18.4089
    endloop
  endfacet
  facet normal -1 0 0
    outer loop
      vertex -80 -19.5922 18.9134
      vertex -80 -45 0
      vertex -80 -38 18
    endloop
  endfacet
  facet normal -1 -0 0
    outer loop
      vertex -80 -38 18
      vertex -80 -45 0
      vertex -80 -45 18
    endloop
  endfacet
  facet normal -1 0 0
    outer loop
      vertex -80 -3.40889 33.1058
      vertex -80 38 18
      vertex -80 -3.10266 31.5663
    endloop
  endfacet
  facet normal -1 0 0
    outer loop
      vertex -80 -3.91345 34.5922
      vertex -80 38 18
      vertex -80 -3.40889 33.1058
    endloop
  endfacet
  facet normal -1 0 0
    outer loop
      vertex -80 38 18
      vertex -80 -3.91345 34.5922
      vertex -80 38 83
    endloop
  endfacet
  facet normal -1 0 0
    outer loop
      vertex -80 -4.60769 36
      vertex -80 38 83
      vertex -80 -3.91345 34.5922
    endloop
  endfacet
  facet normal -1 0 0
    outer loop
      vertex -80 -5.47976 37.3051
      vertex -80 38 83
      vertex -80 -4.60769 36
    endloop
  endfacet
  facet normal -1 0 0
    outer loop
      vertex -80 -6.51472 38.4853
      vertex -80 38 83
      vertex -80 -5.47976 37.3051
    endloop
  endfacet
  facet normal -1 0 0
    outer loop
      vertex -80 -7.69486 39.5202
      vertex -80 38 83
      vertex -80 -6.51472 38.4853
    endloop
  endfacet
  facet normal -1 0 0
    outer loop
      vertex -80 -9 40.3923
      vertex -80 38 83
      vertex -80 -7.69486 39.5202
    endloop
  endfacet
  facet normal -1 0 0
    outer loop
      vertex -80 -23.2402 83
      vertex -80 -9 40.3923
      vertex -80 -10.4078 41.0866
    endloop
  endfacet
  facet normal -1 0 0
    outer loop
      vertex -80 -23.2402 83
      vertex -80 -10.4078 41.0866
      vertex -80 -11.8942 41.5911
    endloop
  endfacet
  facet normal -1 0 0
    outer loop
      vertex -80 -23.2402 83
      vertex -80 -11.8942 41.5911
      vertex -80 -13.4337 41.8973
    endloop
  endfacet
  facet normal -1 0 0
    outer loop
      vertex -80 -23.2402 83
      vertex -80 -13.4337 41.8973
      vertex -80 -15 42
    endloop
  endfacet
  facet normal -1 0 0
    outer loop
      vertex -80 -23.2402 83
      vertex -80 -15 42
      vertex -80 -16.5663 41.8973
    endloop
  endfacet
  facet normal -1 0 0
    outer loop
      vertex -80 -23.2402 83
      vertex -80 -16.5663 41.8973
      vertex -80 -18.1058 41.5911
    endloop
  endfacet
  facet normal -1 0 0
    outer loop
      vertex -80 -23.2402 83
      vertex -80 -18.1058 41.5911
      vertex -80 -19.5922 41.0866
    endloop
  endfacet
  facet normal -1 0 0
    outer loop
      vertex -80 -23.2402 83
      vertex -80 -19.5922 41.0866
      vertex -80 -21 40.3923
    endloop
  endfacet
  facet normal -1 0 0
    outer loop
      vertex -80 -38 83
      vertex -80 -21 40.3923
      vertex -80 -22.3051 39.5202
    endloop
  endfacet
  facet normal -1 0 0
    outer loop
      vertex -80 -9 40.3923
      vertex -80 -23.2402 83
      vertex -80 38 83
    endloop
  endfacet
  facet normal -1 0 0
    outer loop
      vertex -80 -38 83
      vertex -80 -22.3051 39.5202
      vertex -80 -23.4853 38.4853
    endloop
  endfacet
  facet normal -1 0 0
    outer loop
      vertex -80 -38 83
      vertex -80 -23.4853 38.4853
      vertex -80 -24.5202 37.3051
    endloop
  endfacet
  facet normal -1 0 0
    outer loop
      vertex -80 -38 83
      vertex -80 -24.5202 37.3051
      vertex -80 -25.3923 36
    endloop
  endfacet
  facet normal -1 0 0
    outer loop
      vertex -80 -38 83
      vertex -80 -25.3923 36
      vertex -80 -26.0866 34.5922
    endloop
  endfacet
  facet normal -1 0 0
    outer loop
      vertex -80 -38 18
      vertex -80 -26.0866 34.5922
      vertex -80 -26.5911 33.1058
    endloop
  endfacet
  facet normal -1 0 0
    outer loop
      vertex -80 -38 18
      vertex -80 -26.5911 33.1058
      vertex -80 -26.8973 31.5663
    endloop
  endfacet
  facet normal -1 0 0
    outer loop
      vertex -80 -38 18
      vertex -80 -26.8973 31.5663
      vertex -80 -27 30
    endloop
  endfacet
  facet normal -1 -0 0
    outer loop
      vertex -80 -26.0866 34.5922
      vertex -80 -38 18
      vertex -80 -38 83
    endloop
  endfacet
  facet normal -1 0 0
    outer loop
      vertex -80 -21 40.3923
      vertex -80 -38 83
      vertex -80 -23.2402 83
    endloop
  endfacet
  facet normal 0 1 -0
    outer loop
      vertex 120 45 0
      vertex -80 45 18
      vertex 120 45 18
    endloop
  endfacet
  facet normal 0 1 0
    outer loop
      vertex -80 45 18
      vertex 120 45 0
      vertex -80 45 0
    endloop
  endfacet
  facet normal 0 -1 0
    outer loop
      vertex -80 -45 0
      vertex 120 -45 18
      vertex -80 -45 18
    endloop
  endfacet
  facet normal 0 -1 -0
    outer loop
      vertex 120 -45 18
      vertex -80 -45 0
      vertex 120 -45 0
    endloop
  endfacet
  facet normal 1 0 0
    outer loop
      vertex -10 -28 37.5342
      vertex -10 -30 37.5342
      vertex -10 -28 36.2798
    endloop
  endfacet
  facet normal 1 0 0
    outer loop
      vertex -10 38 83
      vertex -10 30 62.4658
      vertex -10 38 18
    endloop
  endfacet
  facet normal 1 0 0
    outer loop
      vertex -10 38 83
      vertex -10 28 63.7202
      vertex -10 30 62.4658
    endloop
  endfacet
  facet normal 1 -0 0
    outer loop
      vertex -10 -23.2402 83
      vertex -10 28 63.7202
      vertex -10 38 83
    endloop
  endfacet
  facet normal 1 0 0
    outer loop
      vertex -10 -23.2402 83
      vertex -10 -28 63.7202
      vertex -10 28 63.7202
    endloop
  endfacet
  facet normal 1 0 0
    outer loop
      vertex -10 -28 63.7202
      vertex -10 -30 62.4658
      vertex -10 -28 62.4658
    endloop
  endfacet
  facet normal 1 -0 0
    outer loop
      vertex -10 -38 83
      vertex -10 -28 63.7202
      vertex -10 -23.2402 83
    endloop
  endfacet
  facet normal 1 0 0
    outer loop
      vertex -10 -38 18
      vertex -10 -30 62.4658
      vertex -10 -38 83
    endloop
  endfacet
  facet normal 1 0 0
    outer loop
      vertex -10 -28 63.7202
      vertex -10 -38 83
      vertex -10 -30 62.4658
    endloop
  endfacet
  facet normal 1 -0 0
    outer loop
      vertex -10 30 37.5342
      vertex -10 38 18
      vertex -10 30 62.4658
    endloop
  endfacet
  facet normal 1 0 0
    outer loop
      vertex -10 28 36.2798
      vertex -10 30 37.5342
      vertex -10 28 37.5342
    endloop
  endfacet
  facet normal 1 0 0
    outer loop
      vertex -10 30 37.5342
      vertex -10 28 36.2798
      vertex -10 38 18
    endloop
  endfacet
  facet normal 1 -0 0
    outer loop
      vertex -10 -28 36.2798
      vertex -10 38 18
      vertex -10 28 36.2798
    endloop
  endfacet
  facet normal 1 0 0
    outer loop
      vertex -10 -28 36.2798
      vertex -10 -38 18
      vertex -10 38 18
    endloop
  endfacet
  facet normal 1 0 0
    outer loop
      vertex -10 -30 37.5342
      vertex -10 -38 18
      vertex -10 -28 36.2798
    endloop
  endfacet
  facet normal 1 0 0
    outer loop
      vertex -10 -30 62.4658
      vertex -10 -38 18
      vertex -10 -30 37.5342
    endloop
  endfacet
  facet normal 1 0 0
    outer loop
      vertex -10 30 62.4658
      vertex -10 28 63.7202
      vertex -10 28 62.4658
    endloop
  endfacet
  facet normal 0 0 1
    outer loop
      vertex -10 38 83
      vertex -12.091 -19 83
      vertex -10 -23.2402 83
    endloop
  endfacet
  facet normal 0 0 1
    outer loop
      vertex -10 38 83
      vertex -14.8526 -14.8671 83
      vertex -12.091 -19 83
    endloop
  endfacet
  facet normal 0 0 1
    outer loop
      vertex -10 38 83
      vertex -18.1299 -11.1299 83
      vertex -14.8526 -14.8671 83
    endloop
  endfacet
  facet normal 0 0 1
    outer loop
      vertex -10 38 83
      vertex -21.8671 -7.85257 83
      vertex -18.1299 -11.1299 83
    endloop
  endfacet
  facet normal 0 0 1
    outer loop
      vertex -10 38 83
      vertex -26 -5.09103 83
      vertex -21.8671 -7.85257 83
    endloop
  endfacet
  facet normal 0 0 1
    outer loop
      vertex -10 38 83
      vertex -30.458 -2.89258 83
      vertex -26 -5.09103 83
    endloop
  endfacet
  facet normal 0 0 1
    outer loop
      vertex -10 38 83
      vertex -35.1649 -1.29482 83
      vertex -30.458 -2.89258 83
    endloop
  endfacet
  facet normal 0 0 1
    outer loop
      vertex -10 38 83
      vertex -40.04 -0.325095 83
      vertex -35.1649 -1.29482 83
    endloop
  endfacet
  facet normal 0 0 1
    outer loop
      vertex -10 38 83
      vertex -45 0 83
      vertex -40.04 -0.325095 83
    endloop
  endfacet
  facet normal -0 0 1
    outer loop
      vertex -80 38 83
      vertex -45 0 83
      vertex -10 38 83
    endloop
  endfacet
  facet normal 0 0 1
    outer loop
      vertex -45 0 83
      vertex -80 38 83
      vertex -49.96 -0.325095 83
    endloop
  endfacet
  facet normal 0 0 1
    outer loop
      vertex -49.96 -0.325095 83
      vertex -80 38 83
      vertex -54.8351 -1.29482 83
    endloop
  endfacet
  facet normal 0 0 1
    outer loop
      vertex -54.8351 -1.29482 83
      vertex -80 38 83
      vertex -59.542 -2.89258 83
    endloop
  endfacet
  facet normal 0 0 1
    outer loop
      vertex -59.542 -2.89258 83
      vertex -80 38 83
      vertex -64 -5.09103 83
    endloop
  endfacet
  facet normal 0 0 1
    outer loop
      vertex -64 -5.09103 83
      vertex -80 38 83
      vertex -68.1329 -7.85257 83
    endloop
  endfacet
  facet normal 0 0 1
    outer loop
      vertex -80 38 83
      vertex -71.8701 -11.1299 83
      vertex -68.1329 -7.85257 83
    endloop
  endfacet
  facet normal 0 0 1
    outer loop
      vertex -80 38 83
      vertex -75.1474 -14.8671 83
      vertex -71.8701 -11.1299 83
    endloop
  endfacet
  facet normal 0 0 1
    outer loop
      vertex -80 38 83
      vertex -77.909 -19 83
      vertex -75.1474 -14.8671 83
    endloop
  endfacet
  facet normal 0 0 1
    outer loop
      vertex -77.909 -19 83
      vertex -80 38 83
      vertex -80 -23.2402 83
    endloop
  endfacet
  facet normal 0 0 -1
    outer loop
      vertex -10 -38 83
      vertex -7 -38 83
      vertex -7.3251 -42.96 83
    endloop
  endfacet
  facet normal 0 0 -1
    outer loop
      vertex -10 -38 83
      vertex -7.3251 -42.96 83
      vertex -8.29482 -47.8351 83
    endloop
  endfacet
  facet normal 0 0 -1
    outer loop
      vertex -7 -38 83
      vertex -10 -38 83
      vertex -7.3251 -33.04 83
    endloop
  endfacet
  facet normal 0 0 -1
    outer loop
      vertex -10 -38 83
      vertex -8.29482 -47.8351 83
      vertex -9.89258 -52.542 83
    endloop
  endfacet
  facet normal -0 0 -1
    outer loop
      vertex -7.3251 -33.04 83
      vertex -10 -38 83
      vertex -8.29482 -28.1649 83
    endloop
  endfacet
  facet normal -0 0 -1
    outer loop
      vertex -8.29482 -28.1649 83
      vertex -10 -38 83
      vertex -9.89258 -23.458 83
    endloop
  endfacet
  facet normal 0 0 -1
    outer loop
      vertex -12.091 -57 83
      vertex -10 -38 83
      vertex -9.89258 -52.542 83
    endloop
  endfacet
  facet normal 0 0 -1
    outer loop
      vertex -14.8526 -61.1329 83
      vertex -10 -38 83
      vertex -12.091 -57 83
    endloop
  endfacet
  facet normal 0 0 -1
    outer loop
      vertex -18.1299 -64.8701 83
      vertex -10 -38 83
      vertex -14.8526 -61.1329 83
    endloop
  endfacet
  facet normal 0 0 -1
    outer loop
      vertex -21.8671 -68.1474 83
      vertex -10 -38 83
      vertex -18.1299 -64.8701 83
    endloop
  endfacet
  facet normal 0 0 -1
    outer loop
      vertex -26 -70.909 83
      vertex -10 -38 83
      vertex -21.8671 -68.1474 83
    endloop
  endfacet
  facet normal 0 0 -1
    outer loop
      vertex -30.458 -73.1074 83
      vertex -10 -38 83
      vertex -26 -70.909 83
    endloop
  endfacet
  facet normal 0 0 -1
    outer loop
      vertex -35.1649 -74.7052 83
      vertex -10 -38 83
      vertex -30.458 -73.1074 83
    endloop
  endfacet
  facet normal 0 0 -1
    outer loop
      vertex -40.04 -75.6749 83
      vertex -10 -38 83
      vertex -35.1649 -74.7052 83
    endloop
  endfacet
  facet normal 0 0 -1
    outer loop
      vertex -45 -76 83
      vertex -10 -38 83
      vertex -40.04 -75.6749 83
    endloop
  endfacet
  facet normal 0 0 -1
    outer loop
      vertex -49.96 -75.6749 83
      vertex -10 -38 83
      vertex -45 -76 83
    endloop
  endfacet
  facet normal 0 0 -1
    outer loop
      vertex -80 -38 83
      vertex -49.96 -75.6749 83
      vertex -54.8351 -74.7052 83
    endloop
  endfacet
  facet normal 0 0 -1
    outer loop
      vertex -80 -38 83
      vertex -54.8351 -74.7052 83
      vertex -59.542 -73.1074 83
    endloop
  endfacet
  facet normal 0 0 -1
    outer loop
      vertex -80 -38 83
      vertex -59.542 -73.1074 83
      vertex -64 -70.909 83
    endloop
  endfacet
  facet normal 0 0 -1
    outer loop
      vertex -80 -38 83
      vertex -64 -70.909 83
      vertex -68.1329 -68.1474 83
    endloop
  endfacet
  facet normal 0 0 -1
    outer loop
      vertex -80 -38 83
      vertex -68.1329 -68.1474 83
      vertex -71.8701 -64.8701 83
    endloop
  endfacet
  facet normal 0 0 -1
    outer loop
      vertex -80 -38 83
      vertex -71.8701 -64.8701 83
      vertex -75.1474 -61.1329 83
    endloop
  endfacet
  facet normal 0 0 -1
    outer loop
      vertex -80 -38 83
      vertex -75.1474 -61.1329 83
      vertex -77.909 -57 83
    endloop
  endfacet
  facet normal 0 0 -1
    outer loop
      vertex -49.96 -75.6749 83
      vertex -80 -38 83
      vertex -10 -38 83
    endloop
  endfacet
  facet normal 0 0 -1
    outer loop
      vertex -80.1074 -52.542 83
      vertex -80 -38 83
      vertex -77.909 -57 83
    endloop
  endfacet
  facet normal 0 0 -1
    outer loop
      vertex -81.7052 -47.8351 83
      vertex -80 -38 83
      vertex -80.1074 -52.542 83
    endloop
  endfacet
  facet normal 0 0 -1
    outer loop
      vertex -82.6749 -42.96 83
      vertex -80 -38 83
      vertex -81.7052 -47.8351 83
    endloop
  endfacet
  facet normal 0 -0 -1
    outer loop
      vertex -80.1074 -23.458 83
      vertex -80 -38 83
      vertex -81.7052 -28.1649 83
    endloop
  endfacet
  facet normal 0 0 -1
    outer loop
      vertex -80 -38 83
      vertex -80.1074 -23.458 83
      vertex -80 -23.2402 83
    endloop
  endfacet
  facet normal 0 0 -1
    outer loop
      vertex -83 -38 83
      vertex -80 -38 83
      vertex -82.6749 -42.96 83
    endloop
  endfacet
  facet normal 0 0 -1
    outer loop
      vertex -80 -38 83
      vertex -82.6749 -33.04 83
      vertex -81.7052 -28.1649 83
    endloop
  endfacet
  facet normal 0 0 -1
    outer loop
      vertex -80 -38 83
      vertex -83 -38 83
      vertex -82.6749 -33.04 83
    endloop
  endfacet
  facet normal -0 0 -1
    outer loop
      vertex -9.89258 -23.458 83
      vertex -10 -38 83
      vertex -10 -23.2402 83
    endloop
  endfacet
  facet normal 0 1 -0
    outer loop
      vertex -10 38 18
      vertex -80 38 83
      vertex -10 38 83
    endloop
  endfacet
  facet normal 0 1 0
    outer loop
      vertex -80 38 83
      vertex -10 38 18
      vertex -80 38 18
    endloop
  endfacet
  facet normal 0 -1 0
    outer loop
      vertex -54.7344 -38 38
      vertex -45.2656 -38 48
      vertex -54.7344 -38 48
    endloop
  endfacet
  facet normal 0 -1 -0
    outer loop
      vertex -45.2656 -38 48
      vertex -54.7344 -38 38
      vertex -45.2656 -38 38
    endloop
  endfacet
  facet normal 0 -1 0
    outer loop
      vertex -54.7344 -38 48
      vertex -80 -38 83
      vertex -65.2656 -38 48
    endloop
  endfacet
  facet normal 0 -1 0
    outer loop
      vertex -80 -38 18
      vertex -65.2656 -38 48
      vertex -80 -38 83
    endloop
  endfacet
  facet normal 0 -1 0
    outer loop
      vertex -80 -38 18
      vertex -54.7344 -38 38
      vertex -65.2656 -38 38
    endloop
  endfacet
  facet normal 0 -1 -0
    outer loop
      vertex -54.7344 -38 38
      vertex -80 -38 18
      vertex -45.2656 -38 38
    endloop
  endfacet
  facet normal 0 -1 0
    outer loop
      vertex -10 -38 18
      vertex -45.2656 -38 38
      vertex -80 -38 18
    endloop
  endfacet
  facet normal 0 -1 -0
    outer loop
      vertex -65.2656 -38 48
      vertex -80 -38 18
      vertex -65.2656 -38 38
    endloop
  endfacet
  facet normal 0 -1 0
    outer loop
      vertex -45.2656 -38 48
      vertex -80 -38 83
      vertex -54.7344 -38 48
    endloop
  endfacet
  facet normal 0 -1 0
    outer loop
      vertex -80 -38 83
      vertex -45.2656 -38 48
      vertex -10 -38 83
    endloop
  endfacet
  facet normal 0 -1 0
    outer loop
      vertex -34.7344 -38 48
      vertex -10 -38 83
      vertex -45.2656 -38 48
    endloop
  endfacet
  facet normal 0 -1 0
    outer loop
      vertex -10 -38 18
      vertex -34.7344 -38 48
      vertex -34.7344 -38 38
    endloop
  endfacet
  facet normal 0 -1 0
    outer loop
      vertex -34.7344 -38 48
      vertex -10 -38 18
      vertex -10 -38 83
    endloop
  endfacet
  facet normal 0 -1 0
    outer loop
      vertex -45.2656 -38 38
      vertex -10 -38 18
      vertex -34.7344 -38 38
    endloop
  endfacet
  facet normal 0.980785 0.195091 0
    outer loop
      vertex -7.3251 -33.04 95
      vertex -8.29482 -28.1649 83
      vertex -8.29482 -28.1649 95
    endloop
  endfacet
  facet normal 0.980785 0.195091 0
    outer loop
      vertex -8.29482 -28.1649 83
      vertex -7.3251 -33.04 95
      vertex -7.3251 -33.04 83
    endloop
  endfacet
  facet normal 0.997859 0.065404 0
    outer loop
      vertex -7 -38 95
      vertex -7.3251 -33.04 83
      vertex -7.3251 -33.04 95
    endloop
  endfacet
  facet normal 0.997859 0.065404 0
    outer loop
      vertex -7.3251 -33.04 83
      vertex -7 -38 95
      vertex -7 -38 83
    endloop
  endfacet
  facet normal 0.751853 -0.65933 0
    outer loop
      vertex -18.1299 -64.8701 95
      vertex -14.8526 -61.1329 83
      vertex -14.8526 -61.1329 95
    endloop
  endfacet
  facet normal 0.751853 -0.65933 0
    outer loop
      vertex -14.8526 -61.1329 83
      vertex -18.1299 -64.8701 95
      vertex -18.1299 -64.8701 83
    endloop
  endfacet
  facet normal -0.946929 -0.321444 0
    outer loop
      vertex -80.1074 -52.542 83
      vertex -81.7052 -47.8351 95
      vertex -81.7052 -47.8351 83
    endloop
  endfacet
  facet normal -0.946929 -0.321444 0
    outer loop
      vertex -81.7052 -47.8351 95
      vertex -80.1074 -52.542 83
      vertex -80.1074 -52.542 95
    endloop
  endfacet
  facet normal 0.659334 0.75185 -0
    outer loop
      vertex -18.1299 -11.1299 83
      vertex -21.8671 -7.85257 95
      vertex -18.1299 -11.1299 95
    endloop
  endfacet
  facet normal 0.659334 0.75185 0
    outer loop
      vertex -21.8671 -7.85257 95
      vertex -18.1299 -11.1299 83
      vertex -21.8671 -7.85257 83
    endloop
  endfacet
  facet normal -0.65933 -0.751853 0
    outer loop
      vertex -71.8701 -64.8701 83
      vertex -68.1329 -68.1474 95
      vertex -71.8701 -64.8701 95
    endloop
  endfacet
  facet normal -0.65933 -0.751853 -0
    outer loop
      vertex -68.1329 -68.1474 95
      vertex -71.8701 -64.8701 83
      vertex -68.1329 -68.1474 83
    endloop
  endfacet
  facet normal 0.555574 0.831467 -0
    outer loop
      vertex -21.8671 -7.85257 83
      vertex -26 -5.09103 95
      vertex -21.8671 -7.85257 95
    endloop
  endfacet
  facet normal 0.555574 0.831467 0
    outer loop
      vertex -26 -5.09103 95
      vertex -21.8671 -7.85257 83
      vertex -26 -5.09103 83
    endloop
  endfacet
  facet normal 0.980785 -0.195091 0
    outer loop
      vertex -8.29482 -47.8351 95
      vertex -7.3251 -42.96 83
      vertex -7.3251 -42.96 95
    endloop
  endfacet
  facet normal 0.980785 -0.195091 0
    outer loop
      vertex -7.3251 -42.96 83
      vertex -8.29482 -47.8351 95
      vertex -8.29482 -47.8351 83
    endloop
  endfacet
  facet normal 0.946931 -0.321436 0
    outer loop
      vertex -9.89258 -52.542 95
      vertex -8.29482 -47.8351 83
      vertex -8.29482 -47.8351 95
    endloop
  endfacet
  facet normal 0.946931 -0.321436 0
    outer loop
      vertex -8.29482 -47.8351 83
      vertex -9.89258 -52.542 95
      vertex -9.89258 -52.542 83
    endloop
  endfacet
  facet normal -0.065403 0.997859 0
    outer loop
      vertex -45 0 83
      vertex -49.96 -0.325095 95
      vertex -45 0 95
    endloop
  endfacet
  facet normal -0.065403 0.997859 0
    outer loop
      vertex -49.96 -0.325095 95
      vertex -45 0 83
      vertex -49.96 -0.325095 83
    endloop
  endfacet
  facet normal 0.831462 -0.555582 0
    outer loop
      vertex -14.8526 -61.1329 95
      vertex -12.091 -57 83
      vertex -12.091 -57 95
    endloop
  endfacet
  facet normal 0.831462 -0.555582 0
    outer loop
      vertex -12.091 -57 83
      vertex -14.8526 -61.1329 95
      vertex -14.8526 -61.1329 83
    endloop
  endfacet
  facet normal -0.997859 -0.065404 0
    outer loop
      vertex -82.6749 -42.96 83
      vertex -83 -38 95
      vertex -83 -38 83
    endloop
  endfacet
  facet normal -0.997859 -0.065404 0
    outer loop
      vertex -83 -38 95
      vertex -82.6749 -42.96 83
      vertex -82.6749 -42.96 95
    endloop
  endfacet
  facet normal 0.321444 -0.946929 0
    outer loop
      vertex -35.1649 -74.7052 83
      vertex -30.458 -73.1074 95
      vertex -35.1649 -74.7052 95
    endloop
  endfacet
  facet normal 0.321444 -0.946929 0
    outer loop
      vertex -30.458 -73.1074 95
      vertex -35.1649 -74.7052 83
      vertex -30.458 -73.1074 83
    endloop
  endfacet
  facet normal 0 0 1
    outer loop
      vertex -7.3251 -33.04 95
      vertex -7.3251 -42.96 95
      vertex -7 -38 95
    endloop
  endfacet
  facet normal 0 0 1
    outer loop
      vertex -8.29482 -28.1649 95
      vertex -7.3251 -42.96 95
      vertex -7.3251 -33.04 95
    endloop
  endfacet
  facet normal 0 0 1
    outer loop
      vertex -8.29482 -28.1649 95
      vertex -8.29482 -47.8351 95
      vertex -7.3251 -42.96 95
    endloop
  endfacet
  facet normal 0 0 1
    outer loop
      vertex -9.89258 -23.458 95
      vertex -8.29482 -47.8351 95
      vertex -8.29482 -28.1649 95
    endloop
  endfacet
  facet normal 0 0 1
    outer loop
      vertex -9.89258 -23.458 95
      vertex -9.89258 -52.542 95
      vertex -8.29482 -47.8351 95
    endloop
  endfacet
  facet normal 0 0 1
    outer loop
      vertex -12.091 -19 95
      vertex -9.89258 -52.542 95
      vertex -9.89258 -23.458 95
    endloop
  endfacet
  facet normal 0 0 1
    outer loop
      vertex -12.091 -19 95
      vertex -12.091 -57 95
      vertex -9.89258 -52.542 95
    endloop
  endfacet
  facet normal 0 0 1
    outer loop
      vertex -14.8526 -14.8671 95
      vertex -12.091 -57 95
      vertex -12.091 -19 95
    endloop
  endfacet
  facet normal 0 0 1
    outer loop
      vertex -14.8526 -14.8671 95
      vertex -14.8526 -61.1329 95
      vertex -12.091 -57 95
    endloop
  endfacet
  facet normal 0 0 1
    outer loop
      vertex -18.1299 -11.1299 95
      vertex -14.8526 -61.1329 95
      vertex -14.8526 -14.8671 95
    endloop
  endfacet
  facet normal 0 0 1
    outer loop
      vertex -18.1299 -11.1299 95
      vertex -18.1299 -64.8701 95
      vertex -14.8526 -61.1329 95
    endloop
  endfacet
  facet normal 0 0 1
    outer loop
      vertex -21.8671 -7.85257 95
      vertex -18.1299 -64.8701 95
      vertex -18.1299 -11.1299 95
    endloop
  endfacet
  facet normal 0 0 1
    outer loop
      vertex -21.8671 -7.85257 95
      vertex -21.8671 -68.1474 95
      vertex -18.1299 -64.8701 95
    endloop
  endfacet
  facet normal 0 0 1
    outer loop
      vertex -26 -5.09103 95
      vertex -21.8671 -68.1474 95
      vertex -21.8671 -7.85257 95
    endloop
  endfacet
  facet normal 0 0 1
    outer loop
      vertex -26 -5.09103 95
      vertex -26 -70.909 95
      vertex -21.8671 -68.1474 95
    endloop
  endfacet
  facet normal 0 0 1
    outer loop
      vertex -30.458 -2.89258 95
      vertex -26 -70.909 95
      vertex -26 -5.09103 95
    endloop
  endfacet
  facet normal 0 0 1
    outer loop
      vertex -30.458 -2.89258 95
      vertex -30.458 -73.1074 95
      vertex -26 -70.909 95
    endloop
  endfacet
  facet normal 0 0 1
    outer loop
      vertex -35.1649 -1.29482 95
      vertex -30.458 -73.1074 95
      vertex -30.458 -2.89258 95
    endloop
  endfacet
  facet normal 0 0 1
    outer loop
      vertex -35.1649 -1.29482 95
      vertex -35.1649 -74.7052 95
      vertex -30.458 -73.1074 95
    endloop
  endfacet
  facet normal 0 0 1
    outer loop
      vertex -40.04 -0.325095 95
      vertex -35.1649 -74.7052 95
      vertex -35.1649 -1.29482 95
    endloop
  endfacet
  facet normal 0 0 1
    outer loop
      vertex -40.04 -0.325095 95
      vertex -40.04 -75.6749 95
      vertex -35.1649 -74.7052 95
    endloop
  endfacet
  facet normal 0 0 1
    outer loop
      vertex -45 0 95
      vertex -40.04 -75.6749 95
      vertex -40.04 -0.325095 95
    endloop
  endfacet
  facet normal 0 0 1
    outer loop
      vertex -45 0 95
      vertex -45 -76 95
      vertex -40.04 -75.6749 95
    endloop
  endfacet
  facet normal -0 0 1
    outer loop
      vertex -49.96 -0.325095 95
      vertex -45 -76 95
      vertex -45 0 95
    endloop
  endfacet
  facet normal 0 0 1
    outer loop
      vertex -49.96 -0.325095 95
      vertex -49.96 -75.6749 95
      vertex -45 -76 95
    endloop
  endfacet
  facet normal -0 0 1
    outer loop
      vertex -54.8351 -1.29482 95
      vertex -49.96 -75.6749 95
      vertex -49.96 -0.325095 95
    endloop
  endfacet
  facet normal 0 0 1
    outer loop
      vertex -54.8351 -1.29482 95
      vertex -54.8351 -74.7052 95
      vertex -49.96 -75.6749 95
    endloop
  endfacet
  facet normal -0 0 1
    outer loop
      vertex -59.542 -2.89258 95
      vertex -54.8351 -74.7052 95
      vertex -54.8351 -1.29482 95
    endloop
  endfacet
  facet normal 0 0 1
    outer loop
      vertex -59.542 -2.89258 95
      vertex -59.542 -73.1074 95
      vertex -54.8351 -74.7052 95
    endloop
  endfacet
  facet normal -0 0 1
    outer loop
      vertex -64 -5.09103 95
      vertex -59.542 -73.1074 95
      vertex -59.542 -2.89258 95
    endloop
  endfacet
  facet normal 0 0 1
    outer loop
      vertex -64 -5.09103 95
      vertex -64 -70.909 95
      vertex -59.542 -73.1074 95
    endloop
  endfacet
  facet normal -0 0 1
    outer loop
      vertex -68.1329 -7.85257 95
      vertex -64 -70.909 95
      vertex -64 -5.09103 95
    endloop
  endfacet
  facet normal 0 0 1
    outer loop
      vertex -68.1329 -7.85257 95
      vertex -68.1329 -68.1474 95
      vertex -64 -70.909 95
    endloop
  endfacet
  facet normal -0 0 1
    outer loop
      vertex -71.8701 -11.1299 95
      vertex -68.1329 -68.1474 95
      vertex -68.1329 -7.85257 95
    endloop
  endfacet
  facet normal 0 0 1
    outer loop
      vertex -71.8701 -11.1299 95
      vertex -71.8701 -64.8701 95
      vertex -68.1329 -68.1474 95
    endloop
  endfacet
  facet normal -0 0 1
    outer loop
      vertex -75.1474 -14.8671 95
      vertex -71.8701 -64.8701 95
      vertex -71.8701 -11.1299 95
    endloop
  endfacet
  facet normal 0 0 1
    outer loop
      vertex -75.1474 -14.8671 95
      vertex -75.1474 -61.1329 95
      vertex -71.8701 -64.8701 95
    endloop
  endfacet
  facet normal -0 0 1
    outer loop
      vertex -77.909 -19 95
      vertex -75.1474 -61.1329 95
      vertex -75.1474 -14.8671 95
    endloop
  endfacet
  facet normal 0 0 1
    outer loop
      vertex -77.909 -19 95
      vertex -77.909 -57 95
      vertex -75.1474 -61.1329 95
    endloop
  endfacet
  facet normal -0 0 1
    outer loop
      vertex -80.1074 -23.458 95
      vertex -77.909 -57 95
      vertex -77.909 -19 95
    endloop
  endfacet
  facet normal 0 0 1
    outer loop
      vertex -80.1074 -23.458 95
      vertex -80.1074 -52.542 95
      vertex -77.909 -57 95
    endloop
  endfacet
  facet normal -0 0 1
    outer loop
      vertex -81.7052 -28.1649 95
      vertex -80.1074 -52.542 95
      vertex -80.1074 -23.458 95
    endloop
  endfacet
  facet normal 0 0 1
    outer loop
      vertex -81.7052 -28.1649 95
      vertex -81.7052 -47.8351 95
      vertex -80.1074 -52.542 95
    endloop
  endfacet
  facet normal -0 0 1
    outer loop
      vertex -82.6749 -33.04 95
      vertex -81.7052 -47.8351 95
      vertex -81.7052 -28.1649 95
    endloop
  endfacet
  facet normal 0 0 1
    outer loop
      vertex -82.6749 -33.04 95
      vertex -82.6749 -42.96 95
      vertex -81.7052 -47.8351 95
    endloop
  endfacet
  facet normal 0 -0 1
    outer loop
      vertex -82.6749 -42.96 95
      vertex -82.6749 -33.04 95
      vertex -83 -38 95
    endloop
  endfacet
  facet normal 0.065403 0.997859 -0
    outer loop
      vertex -40.04 -0.325095 83
      vertex -45 0 95
      vertex -40.04 -0.325095 95
    endloop
  endfacet
  facet normal 0.065403 0.997859 0
    outer loop
      vertex -45 0 95
      vertex -40.04 -0.325095 83
      vertex -45 0 83
    endloop
  endfacet
  facet normal 0.555582 -0.831462 0
    outer loop
      vertex -26 -70.909 83
      vertex -21.8671 -68.1474 95
      vertex -26 -70.909 95
    endloop
  endfacet
  facet normal 0.555582 -0.831462 0
    outer loop
      vertex -21.8671 -68.1474 95
      vertex -26 -70.909 83
      vertex -21.8671 -68.1474 83
    endloop
  endfacet
  facet normal -0.980786 0.195087 0
    outer loop
      vertex -82.6749 -33.04 83
      vertex -81.7052 -28.1649 95
      vertex -81.7052 -28.1649 83
    endloop
  endfacet
  facet normal -0.980786 0.195087 0
    outer loop
      vertex -81.7052 -28.1649 95
      vertex -82.6749 -33.04 83
      vertex -82.6749 -33.04 95
    endloop
  endfacet
  facet normal -0.997859 0.065404 0
    outer loop
      vertex -83 -38 83
      vertex -82.6749 -33.04 95
      vertex -82.6749 -33.04 83
    endloop
  endfacet
  facet normal -0.997859 0.065404 0
    outer loop
      vertex -82.6749 -33.04 95
      vertex -83 -38 83
      vertex -83 -38 95
    endloop
  endfacet
  facet normal -0.751853 0.65933 0
    outer loop
      vertex -75.1474 -14.8671 83
      vertex -71.8701 -11.1299 95
      vertex -71.8701 -11.1299 83
    endloop
  endfacet
  facet normal -0.751853 0.65933 0
    outer loop
      vertex -71.8701 -11.1299 95
      vertex -75.1474 -14.8671 83
      vertex -75.1474 -14.8671 95
    endloop
  endfacet
  facet normal 0.831462 0.555582 0
    outer loop
      vertex -12.091 -19 95
      vertex -14.8526 -14.8671 83
      vertex -14.8526 -14.8671 95
    endloop
  endfacet
  facet normal 0.831462 0.555582 0
    outer loop
      vertex -14.8526 -14.8671 83
      vertex -12.091 -19 95
      vertex -12.091 -19 83
    endloop
  endfacet
  facet normal -0.831462 -0.555582 0
    outer loop
      vertex -75.1474 -61.1329 83
      vertex -77.909 -57 95
      vertex -77.909 -57 83
    endloop
  endfacet
  facet normal -0.831462 -0.555582 0
    outer loop
      vertex -77.909 -57 95
      vertex -75.1474 -61.1329 83
      vertex -75.1474 -61.1329 95
    endloop
  endfacet
  facet normal 0.321436 0.946931 -0
    outer loop
      vertex -30.458 -2.89258 83
      vertex -35.1649 -1.29482 95
      vertex -30.458 -2.89258 95
    endloop
  endfacet
  facet normal 0.321436 0.946931 0
    outer loop
      vertex -35.1649 -1.29482 95
      vertex -30.458 -2.89258 83
      vertex -35.1649 -1.29482 83
    endloop
  endfacet
  facet normal -0.946929 0.321444 0
    outer loop
      vertex -81.7052 -28.1649 83
      vertex -80.1074 -23.458 95
      vertex -80.1074 -23.458 83
    endloop
  endfacet
  facet normal -0.946929 0.321444 0
    outer loop
      vertex -80.1074 -23.458 95
      vertex -81.7052 -28.1649 83
      vertex -81.7052 -28.1649 95
    endloop
  endfacet
  facet normal -0.321444 -0.946929 0
    outer loop
      vertex -59.542 -73.1074 83
      vertex -54.8351 -74.7052 95
      vertex -59.542 -73.1074 95
    endloop
  endfacet
  facet normal -0.321444 -0.946929 -0
    outer loop
      vertex -54.8351 -74.7052 95
      vertex -59.542 -73.1074 83
      vertex -54.8351 -74.7052 83
    endloop
  endfacet
  facet normal 0.751853 0.65933 0
    outer loop
      vertex -14.8526 -14.8671 95
      vertex -18.1299 -11.1299 83
      vertex -18.1299 -11.1299 95
    endloop
  endfacet
  facet normal 0.751853 0.65933 0
    outer loop
      vertex -18.1299 -11.1299 83
      vertex -14.8526 -14.8671 95
      vertex -14.8526 -14.8671 83
    endloop
  endfacet
  facet normal -0.44229 0.896872 0
    outer loop
      vertex -59.542 -2.89258 83
      vertex -64 -5.09103 95
      vertex -59.542 -2.89258 95
    endloop
  endfacet
  facet normal -0.44229 0.896872 0
    outer loop
      vertex -64 -5.09103 95
      vertex -59.542 -2.89258 83
      vertex -64 -5.09103 83
    endloop
  endfacet
  facet normal 0.997859 -0.065404 0
    outer loop
      vertex -7.3251 -42.96 95
      vertex -7 -38 83
      vertex -7 -38 95
    endloop
  endfacet
  facet normal 0.997859 -0.065404 0
    outer loop
      vertex -7 -38 83
      vertex -7.3251 -42.96 95
      vertex -7.3251 -42.96 83
    endloop
  endfacet
  facet normal 0.065404 -0.997859 0
    outer loop
      vertex -45 -76 83
      vertex -40.04 -75.6749 95
      vertex -45 -76 95
    endloop
  endfacet
  facet normal 0.065404 -0.997859 0
    outer loop
      vertex -40.04 -75.6749 95
      vertex -45 -76 83
      vertex -40.04 -75.6749 83
    endloop
  endfacet
  facet normal -0.555582 -0.831462 0
    outer loop
      vertex -68.1329 -68.1474 83
      vertex -64 -70.909 95
      vertex -68.1329 -68.1474 95
    endloop
  endfacet
  facet normal -0.555582 -0.831462 -0
    outer loop
      vertex -64 -70.909 95
      vertex -68.1329 -68.1474 83
      vertex -64 -70.909 83
    endloop
  endfacet
  facet normal 0.896875 -0.442285 0
    outer loop
      vertex -12.091 -57 95
      vertex -9.89258 -52.542 83
      vertex -9.89258 -52.542 95
    endloop
  endfacet
  facet normal 0.896875 -0.442285 0
    outer loop
      vertex -9.89258 -52.542 83
      vertex -12.091 -57 95
      vertex -12.091 -57 83
    endloop
  endfacet
  facet normal -0.195092 0.980785 0
    outer loop
      vertex -49.96 -0.325095 83
      vertex -54.8351 -1.29482 95
      vertex -49.96 -0.325095 95
    endloop
  endfacet
  facet normal -0.195092 0.980785 0
    outer loop
      vertex -54.8351 -1.29482 95
      vertex -49.96 -0.325095 83
      vertex -54.8351 -1.29482 83
    endloop
  endfacet
  facet normal -0.896876 -0.442282 0
    outer loop
      vertex -77.909 -57 83
      vertex -80.1074 -52.542 95
      vertex -80.1074 -52.542 83
    endloop
  endfacet
  facet normal -0.896876 -0.442282 0
    outer loop
      vertex -80.1074 -52.542 95
      vertex -77.909 -57 83
      vertex -77.909 -57 95
    endloop
  endfacet
  facet normal -0.659334 0.75185 0
    outer loop
      vertex -68.1329 -7.85257 83
      vertex -71.8701 -11.1299 95
      vertex -68.1329 -7.85257 95
    endloop
  endfacet
  facet normal -0.659334 0.75185 0
    outer loop
      vertex -71.8701 -11.1299 95
      vertex -68.1329 -7.85257 83
      vertex -71.8701 -11.1299 83
    endloop
  endfacet
  facet normal -0.831462 0.555582 0
    outer loop
      vertex -77.909 -19 83
      vertex -75.1474 -14.8671 95
      vertex -75.1474 -14.8671 83
    endloop
  endfacet
  facet normal -0.831462 0.555582 0
    outer loop
      vertex -75.1474 -14.8671 95
      vertex -77.909 -19 83
      vertex -77.909 -19 95
    endloop
  endfacet
  facet normal 0.195087 -0.980786 0
    outer loop
      vertex -40.04 -75.6749 83
      vertex -35.1649 -74.7052 95
      vertex -40.04 -75.6749 95
    endloop
  endfacet
  facet normal 0.195087 -0.980786 0
    outer loop
      vertex -35.1649 -74.7052 95
      vertex -40.04 -75.6749 83
      vertex -35.1649 -74.7052 83
    endloop
  endfacet
  facet normal -0.442282 -0.896876 0
    outer loop
      vertex -64 -70.909 83
      vertex -59.542 -73.1074 95
      vertex -64 -70.909 95
    endloop
  endfacet
  facet normal -0.442282 -0.896876 -0
    outer loop
      vertex -59.542 -73.1074 95
      vertex -64 -70.909 83
      vertex -59.542 -73.1074 83
    endloop
  endfacet
  facet normal -0.751853 -0.65933 0
    outer loop
      vertex -71.8701 -64.8701 83
      vertex -75.1474 -61.1329 95
      vertex -75.1474 -61.1329 83
    endloop
  endfacet
  facet normal -0.751853 -0.65933 0
    outer loop
      vertex -75.1474 -61.1329 95
      vertex -71.8701 -64.8701 83
      vertex -71.8701 -64.8701 95
    endloop
  endfacet
  facet normal -0.980786 -0.195087 0
    outer loop
      vertex -81.7052 -47.8351 83
      vertex -82.6749 -42.96 95
      vertex -82.6749 -42.96 83
    endloop
  endfacet
  facet normal -0.980786 -0.195087 0
    outer loop
      vertex -82.6749 -42.96 95
      vertex -81.7052 -47.8351 83
      vertex -81.7052 -47.8351 95
    endloop
  endfacet
  facet normal 0.44229 0.896872 -0
    outer loop
      vertex -26 -5.09103 83
      vertex -30.458 -2.89258 95
      vertex -26 -5.09103 95
    endloop
  endfacet
  facet normal 0.44229 0.896872 0
    outer loop
      vertex -30.458 -2.89258 95
      vertex -26 -5.09103 83
      vertex -30.458 -2.89258 83
    endloop
  endfacet
  facet normal 0.896876 0.442283 0
    outer loop
      vertex -12.091 -19 95
      vertex -10 -23.2402 83
      vertex -12.091 -19 83
    endloop
  endfacet
  facet normal 0.896875 0.442285 -1.04756e-06
    outer loop
      vertex -9.89258 -23.458 95
      vertex -10 -23.2402 83
      vertex -12.091 -19 95
    endloop
  endfacet
  facet normal 0.896852 0.442332 0
    outer loop
      vertex -10 -23.2402 83
      vertex -9.89258 -23.458 95
      vertex -9.89258 -23.458 83
    endloop
  endfacet
  facet normal -0.555574 0.831467 0
    outer loop
      vertex -64 -5.09103 83
      vertex -68.1329 -7.85257 95
      vertex -64 -5.09103 95
    endloop
  endfacet
  facet normal -0.555574 0.831467 0
    outer loop
      vertex -68.1329 -7.85257 95
      vertex -64 -5.09103 83
      vertex -68.1329 -7.85257 83
    endloop
  endfacet
  facet normal 0.946931 0.321436 0
    outer loop
      vertex -8.29482 -28.1649 95
      vertex -9.89258 -23.458 83
      vertex -9.89258 -23.458 95
    endloop
  endfacet
  facet normal 0.946931 0.321436 0
    outer loop
      vertex -9.89258 -23.458 83
      vertex -8.29482 -28.1649 95
      vertex -8.29482 -28.1649 83
    endloop
  endfacet
  facet normal 0.442282 -0.896876 0
    outer loop
      vertex -30.458 -73.1074 83
      vertex -26 -70.909 95
      vertex -30.458 -73.1074 95
    endloop
  endfacet
  facet normal 0.442282 -0.896876 0
    outer loop
      vertex -26 -70.909 95
      vertex -30.458 -73.1074 83
      vertex -26 -70.909 83
    endloop
  endfacet
  facet normal -0.321436 0.946931 0
    outer loop
      vertex -54.8351 -1.29482 83
      vertex -59.542 -2.89258 95
      vertex -54.8351 -1.29482 95
    endloop
  endfacet
  facet normal -0.321436 0.946931 0
    outer loop
      vertex -59.542 -2.89258 95
      vertex -54.8351 -1.29482 83
      vertex -59.542 -2.89258 83
    endloop
  endfacet
  facet normal -0.896876 0.442283 0
    outer loop
      vertex -80 -23.2402 83
      vertex -77.909 -19 95
      vertex -77.909 -19 83
    endloop
  endfacet
  facet normal -0.896884 0.442265 0
    outer loop
      vertex -80.1074 -23.458 95
      vertex -80 -23.2402 83
      vertex -80.1074 -23.458 83
    endloop
  endfacet
  facet normal -0.896876 0.442282 3.74201e-07
    outer loop
      vertex -80 -23.2402 83
      vertex -80.1074 -23.458 95
      vertex -77.909 -19 95
    endloop
  endfacet
  facet normal 0.65933 -0.751853 0
    outer loop
      vertex -21.8671 -68.1474 83
      vertex -18.1299 -64.8701 95
      vertex -21.8671 -68.1474 95
    endloop
  endfacet
  facet normal 0.65933 -0.751853 0
    outer loop
      vertex -18.1299 -64.8701 95
      vertex -21.8671 -68.1474 83
      vertex -18.1299 -64.8701 83
    endloop
  endfacet
  facet normal 0.195092 0.980785 -0
    outer loop
      vertex -35.1649 -1.29482 83
      vertex -40.04 -0.325095 95
      vertex -35.1649 -1.29482 95
    endloop
  endfacet
  facet normal 0.195092 0.980785 0
    outer loop
      vertex -40.04 -0.325095 95
      vertex -35.1649 -1.29482 83
      vertex -40.04 -0.325095 83
    endloop
  endfacet
  facet normal -0.195087 -0.980786 0
    outer loop
      vertex -54.8351 -74.7052 83
      vertex -49.96 -75.6749 95
      vertex -54.8351 -74.7052 95
    endloop
  endfacet
  facet normal -0.195087 -0.980786 -0
    outer loop
      vertex -49.96 -75.6749 95
      vertex -54.8351 -74.7052 83
      vertex -49.96 -75.6749 83
    endloop
  endfacet
  facet normal -0.065404 -0.997859 0
    outer loop
      vertex -49.96 -75.6749 83
      vertex -45 -76 95
      vertex -49.96 -75.6749 95
    endloop
  endfacet
  facet normal -0.065404 -0.997859 -0
    outer loop
      vertex -45 -76 95
      vertex -49.96 -75.6749 83
      vertex -45 -76 83
    endloop
  endfacet
  facet normal 1 -0 0
    outer loop
      vertex 82 30 50
      vertex 82 40 40
      vertex 82 40 50
    endloop
  endfacet
  facet normal 1 0 0
    outer loop
      vertex 82 40 40
      vertex 82 30 50
      vertex 82 30 40
    endloop
  endfacet
  facet normal 1 -0 0
    outer loop
      vertex 82 -40 50
      vertex 82 -30 40
      vertex 82 -30 50
    endloop
  endfacet
  facet normal 1 0 0
    outer loop
      vertex 82 -30 40
      vertex 82 -40 50
      vertex 82 -40 40
    endloop
  endfacet
  facet normal 0 0 1
    outer loop
      vertex 82 40 50
      vertex 54 30 50
      vertex 82 30 50
    endloop
  endfacet
  facet normal 0 0 1
    outer loop
      vertex 54 30 50
      vertex 16 30 50
      vertex 54 28 50
    endloop
  endfacet
  facet normal -0 0 1
    outer loop
      vertex -8 40 50
      vertex 54 30 50
      vertex 82 40 50
    endloop
  endfacet
  facet normal 0 0 1
    outer loop
      vertex 54 30 50
      vertex -8 40 50
      vertex 16 30 50
    endloop
  endfacet
  facet normal 0 0 1
    outer loop
      vertex 16 30 50
      vertex -8 40 50
      vertex -8 30 50
    endloop
  endfacet
  facet normal 0 0 1
    outer loop
      vertex 54 28 50
      vertex 16 30 50
      vertex 16 28 50
    endloop
  endfacet
  facet normal 0 0 1
    outer loop
      vertex 54 -28 50
      vertex 16 -28 50
      vertex 54 -30 50
    endloop
  endfacet
  facet normal -0 0 1
    outer loop
      vertex 54 -30 50
      vertex 82 -40 50
      vertex 82 -30 50
    endloop
  endfacet
  facet normal 0 0 1
    outer loop
      vertex 16 -30 50
      vertex 54 -30 50
      vertex 16 -28 50
    endloop
  endfacet
  facet normal 0 0 1
    outer loop
      vertex -8 -40 50
      vertex 54 -30 50
      vertex 16 -30 50
    endloop
  endfacet
  facet normal 0 0 1
    outer loop
      vertex -8 -40 50
      vertex 16 -30 50
      vertex -8 -30 50
    endloop
  endfacet
  facet normal 0 0 1
    outer loop
      vertex 54 -30 50
      vertex -8 -40 50
      vertex 82 -40 50
    endloop
  endfacet
  facet normal 0 0 -1
    outer loop
      vertex 57.5342 28 40
      vertex 12.4658 28 40
      vertex 57.5342 30 40
    endloop
  endfacet
  facet normal 0 0 -1
    outer loop
      vertex 57.5342 30 40
      vertex 82 40 40
      vertex 82 30 40
    endloop
  endfacet
  facet normal 0 0 -1
    outer loop
      vertex 12.4658 30 40
      vertex 57.5342 30 40
      vertex 12.4658 28 40
    endloop
  endfacet
  facet normal 0 0 -1
    outer loop
      vertex -8 40 40
      vertex 57.5342 30 40
      vertex 12.4658 30 40
    endloop
  endfacet
  facet normal 0 0 -1
    outer loop
      vertex -8 40 40
      vertex 12.4658 30 40
      vertex -8 30 40
    endloop
  endfacet
  facet normal 0 0 -1
    outer loop
      vertex 57.5342 30 40
      vertex -8 40 40
      vertex 82 40 40
    endloop
  endfacet
  facet normal 0 0 -1
    outer loop
      vertex 82 -40 40
      vertex 57.5342 -30 40
      vertex 82 -30 40
    endloop
  endfacet
  facet normal 0 0 -1
    outer loop
      vertex 57.5342 -30 40
      vertex 12.4658 -30 40
      vertex 57.5342 -28 40
    endloop
  endfacet
  facet normal 0 0 -1
    outer loop
      vertex -8 -40 40
      vertex 57.5342 -30 40
      vertex 82 -40 40
    endloop
  endfacet
  facet normal -0 0 -1
    outer loop
      vertex 57.5342 -30 40
      vertex -8 -40 40
      vertex 12.4658 -30 40
    endloop
  endfacet
  facet normal -0 0 -1
    outer loop
      vertex 12.4658 -30 40
      vertex -8 -40 40
      vertex -8 -30 40
    endloop
  endfacet
  facet normal -0 0 -1
    outer loop
      vertex 57.5342 -28 40
      vertex 12.4658 -30 40
      vertex 12.4658 -28 40
    endloop
  endfacet
  facet normal -1 0 0
    outer loop
      vertex -8 30 40
      vertex -8 40 50
      vertex -8 40 40
    endloop
  endfacet
  facet normal -1 -0 0
    outer loop
      vertex -8 40 50
      vertex -8 30 40
      vertex -8 30 50
    endloop
  endfacet
  facet normal -1 0 0
    outer loop
      vertex -8 -40 40
      vertex -8 -30 50
      vertex -8 -30 40
    endloop
  endfacet
  facet normal -1 -0 0
    outer loop
      vertex -8 -30 50
      vertex -8 -40 40
      vertex -8 -40 50
    endloop
  endfacet
  facet normal 0 1 -0
    outer loop
      vertex 82 40 40
      vertex -8 40 50
      vertex 82 40 50
    endloop
  endfacet
  facet normal 0 1 0
    outer loop
      vertex -8 40 50
      vertex 82 40 40
      vertex -8 40 40
    endloop
  endfacet
  facet normal 0 -1 0
    outer loop
      vertex -8 -40 40
      vertex 82 -40 50
      vertex -8 -40 50
    endloop
  endfacet
  facet normal 0 -1 -0
    outer loop
      vertex 82 -40 50
      vertex -8 -40 40
      vertex 82 -40 40
    endloop
  endfacet
  facet normal 0.195087 0 -0.980786
    outer loop
      vertex 72.0884 -30 34.1369
      vertex 74.1411 -28 34.5452
      vertex 74.1411 -30 34.5452
    endloop
  endfacet
  facet normal 0.195087 0 -0.980786
    outer loop
      vertex 74.1411 -28 34.5452
      vertex 72.0884 -30 34.1369
      vertex 72.0884 -28 34.1369
    endloop
  endfacet
  facet normal 0.195087 0 -0.980786
    outer loop
      vertex 72.0884 28 34.1369
      vertex 74.1411 30 34.5452
      vertex 74.1411 28 34.5452
    endloop
  endfacet
  facet normal 0.195087 0 -0.980786
    outer loop
      vertex 74.1411 30 34.5452
      vertex 72.0884 28 34.1369
      vertex 72.0884 30 34.1369
    endloop
  endfacet
  facet normal 0.980786 -0 0.195087
    outer loop
      vertex 85.4548 28 54.1411
      vertex 85.8631 30 52.0884
      vertex 85.4548 30 54.1411
    endloop
  endfacet
  facet normal 0.980786 0 0.195087
    outer loop
      vertex 85.8631 30 52.0884
      vertex 85.4548 28 54.1411
      vertex 85.8631 28 52.0884
    endloop
  endfacet
  facet normal 0.980786 -0 0.195087
    outer loop
      vertex 85.4548 -30 54.1411
      vertex 85.8631 -28 52.0884
      vertex 85.4548 -28 54.1411
    endloop
  endfacet
  facet normal 0.980786 0 0.195087
    outer loop
      vertex 85.8631 -28 52.0884
      vertex 85.4548 -30 54.1411
      vertex 85.8631 -30 52.0884
    endloop
  endfacet
  facet normal 0.997858 -0 0.0654122
    outer loop
      vertex 85.8631 28 52.0884
      vertex 86 30 50
      vertex 85.8631 30 52.0884
    endloop
  endfacet
  facet normal 0.997858 0 0.0654122
    outer loop
      vertex 86 30 50
      vertex 85.8631 28 52.0884
      vertex 86 28 50
    endloop
  endfacet
  facet normal 0.997858 -0 0.0654122
    outer loop
      vertex 85.8631 -30 52.0884
      vertex 86 -28 50
      vertex 85.8631 -28 52.0884
    endloop
  endfacet
  facet normal 0.997858 0 0.0654122
    outer loop
      vertex 86 -28 50
      vertex 85.8631 -30 52.0884
      vertex 86 -30 50
    endloop
  endfacet
  facet normal -0.442295 0 0.89687
    outer loop
      vertex 62 30 63.8564
      vertex 63.8771 28 64.7821
      vertex 63.8771 30 64.7821
    endloop
  endfacet
  facet normal -0.442295 0 0.89687
    outer loop
      vertex 63.8771 28 64.7821
      vertex 62 30 63.8564
      vertex 62 28 63.8564
    endloop
  endfacet
  facet normal -0.442295 0 0.89687
    outer loop
      vertex 62 -28 63.8564
      vertex 63.8771 -30 64.7821
      vertex 63.8771 -28 64.7821
    endloop
  endfacet
  facet normal -0.442295 0 0.89687
    outer loop
      vertex 63.8771 -30 64.7821
      vertex 62 -28 63.8564
      vertex 62 -30 63.8564
    endloop
  endfacet
  facet normal 0.946935 -0 0.321426
    outer loop
      vertex 84.7821 28 56.1229
      vertex 85.4548 30 54.1411
      vertex 84.7821 30 56.1229
    endloop
  endfacet
  facet normal 0.946935 0 0.321426
    outer loop
      vertex 85.4548 30 54.1411
      vertex 84.7821 28 56.1229
      vertex 85.4548 28 54.1411
    endloop
  endfacet
  facet normal 0.946935 -0 0.321426
    outer loop
      vertex 84.7821 -30 56.1229
      vertex 85.4548 -28 54.1411
      vertex 84.7821 -28 56.1229
    endloop
  endfacet
  facet normal 0.946935 0 0.321426
    outer loop
      vertex 85.4548 -28 54.1411
      vertex 84.7821 -30 56.1229
      vertex 85.4548 -30 54.1411
    endloop
  endfacet
  facet normal 0.659367 0 0.751821
    outer loop
      vertex 79.7402 30 62.6937
      vertex 81.3137 28 61.3137
      vertex 81.3137 30 61.3137
    endloop
  endfacet
  facet normal 0.659367 0 0.751821
    outer loop
      vertex 81.3137 28 61.3137
      vertex 79.7402 30 62.6937
      vertex 79.7402 28 62.6937
    endloop
  endfacet
  facet normal 0.659367 0 0.751821
    outer loop
      vertex 79.7402 -28 62.6937
      vertex 81.3137 -30 61.3137
      vertex 81.3137 -28 61.3137
    endloop
  endfacet
  facet normal 0.659367 0 0.751821
    outer loop
      vertex 81.3137 -30 61.3137
      vertex 79.7402 -28 62.6937
      vertex 79.7402 -30 62.6937
    endloop
  endfacet
  facet normal 0.0654122 0 0.997858
    outer loop
      vertex 70 30 66
      vertex 72.0884 28 65.8631
      vertex 72.0884 30 65.8631
    endloop
  endfacet
  facet normal 0.0654122 0 0.997858
    outer loop
      vertex 72.0884 28 65.8631
      vertex 70 30 66
      vertex 70 28 66
    endloop
  endfacet
  facet normal 0.0654122 0 0.997858
    outer loop
      vertex 70 -28 66
      vertex 72.0884 -30 65.8631
      vertex 72.0884 -28 65.8631
    endloop
  endfacet
  facet normal 0.0654122 0 0.997858
    outer loop
      vertex 72.0884 -30 65.8631
      vertex 70 -28 66
      vertex 70 -30 66
    endloop
  endfacet
  facet normal -0.946935 0 0.321426
    outer loop
      vertex 54.5452 -30 54.1411
      vertex 55.2179 -28 56.1229
      vertex 54.5452 -28 54.1411
    endloop
  endfacet
  facet normal -0.946935 0 0.321426
    outer loop
      vertex 55.2179 -28 56.1229
      vertex 54.5452 -30 54.1411
      vertex 55.2179 -30 56.1229
    endloop
  endfacet
  facet normal -0.946935 0 0.321426
    outer loop
      vertex 54.5452 28 54.1411
      vertex 55.2179 30 56.1229
      vertex 54.5452 30 54.1411
    endloop
  endfacet
  facet normal -0.946935 0 0.321426
    outer loop
      vertex 55.2179 30 56.1229
      vertex 54.5452 28 54.1411
      vertex 55.2179 28 56.1229
    endloop
  endfacet
  facet normal 0.831462 0 -0.555582
    outer loop
      vertex 83.8564 28 42
      vertex 82.6936 30 40.2598
      vertex 83.8564 30 42
    endloop
  endfacet
  facet normal 0.831462 0 -0.555582
    outer loop
      vertex 82.6936 30 40.2598
      vertex 83.8564 28 42
      vertex 82.6936 28 40.2598
    endloop
  endfacet
  facet normal 0.831462 0 -0.555582
    outer loop
      vertex 83.8564 -30 42
      vertex 82.6936 -28 40.2598
      vertex 83.8564 -28 42
    endloop
  endfacet
  facet normal 0.831462 0 -0.555582
    outer loop
      vertex 82.6936 -28 40.2598
      vertex 83.8564 -30 42
      vertex 82.6936 -30 40.2598
    endloop
  endfacet
  facet normal -0.0654122 0 0.997858
    outer loop
      vertex 67.9116 30 65.8631
      vertex 70 28 66
      vertex 70 30 66
    endloop
  endfacet
  facet normal -0.0654122 0 0.997858
    outer loop
      vertex 70 28 66
      vertex 67.9116 30 65.8631
      vertex 67.9116 28 65.8631
    endloop
  endfacet
  facet normal -0.0654122 0 0.997858
    outer loop
      vertex 67.9116 -28 65.8631
      vertex 70 -30 66
      vertex 70 -28 66
    endloop
  endfacet
  facet normal -0.0654122 0 0.997858
    outer loop
      vertex 70 -30 66
      vertex 67.9116 -28 65.8631
      vertex 67.9116 -30 65.8631
    endloop
  endfacet
  facet normal -0.195087 0 -0.980786
    outer loop
      vertex 65.8589 -30 34.5452
      vertex 67.9116 -28 34.1369
      vertex 67.9116 -30 34.1369
    endloop
  endfacet
  facet normal -0.195087 0 -0.980786
    outer loop
      vertex 67.9116 -28 34.1369
      vertex 65.8589 -30 34.5452
      vertex 65.8589 -28 34.5452
    endloop
  endfacet
  facet normal -0.195087 0 -0.980786
    outer loop
      vertex 65.8589 28 34.5452
      vertex 67.9116 30 34.1369
      vertex 67.9116 28 34.1369
    endloop
  endfacet
  facet normal -0.195087 0 -0.980786
    outer loop
      vertex 67.9116 30 34.1369
      vertex 65.8589 28 34.5452
      vertex 65.8589 30 34.5452
    endloop
  endfacet
  facet normal 0.89687 0 -0.442295
    outer loop
      vertex 84.7821 28 43.8771
      vertex 83.8564 30 42
      vertex 84.7821 30 43.8771
    endloop
  endfacet
  facet normal 0.89687 0 -0.442295
    outer loop
      vertex 83.8564 30 42
      vertex 84.7821 28 43.8771
      vertex 83.8564 28 42
    endloop
  endfacet
  facet normal 0.89687 0 -0.442295
    outer loop
      vertex 84.7821 -30 43.8771
      vertex 83.8564 -28 42
      vertex 84.7821 -28 43.8771
    endloop
  endfacet
  facet normal 0.89687 0 -0.442295
    outer loop
      vertex 83.8564 -28 42
      vertex 84.7821 -30 43.8771
      vertex 83.8564 -30 42
    endloop
  endfacet
  facet normal -0.195087 0 0.980786
    outer loop
      vertex 65.8589 30 65.4548
      vertex 67.9116 28 65.8631
      vertex 67.9116 30 65.8631
    endloop
  endfacet
  facet normal -0.195087 0 0.980786
    outer loop
      vertex 67.9116 28 65.8631
      vertex 65.8589 30 65.4548
      vertex 65.8589 28 65.4548
    endloop
  endfacet
  facet normal -0.195087 0 0.980786
    outer loop
      vertex 65.8589 -28 65.4548
      vertex 67.9116 -30 65.8631
      vertex 67.9116 -28 65.8631
    endloop
  endfacet
  facet normal -0.195087 0 0.980786
    outer loop
      vertex 67.9116 -30 65.8631
      vertex 65.8589 -28 65.4548
      vertex 65.8589 -30 65.4548
    endloop
  endfacet
  facet normal -0.997858 0 0.0654122
    outer loop
      vertex 54 28 50
      vertex 54.1369 30 52.0884
      vertex 54 30 50
    endloop
  endfacet
  facet normal -0.997858 0 0.0654122
    outer loop
      vertex 54.1369 30 52.0884
      vertex 54 28 50
      vertex 54.1369 28 52.0884
    endloop
  endfacet
  facet normal -0.997858 0 0.0654122
    outer loop
      vertex 54 -30 50
      vertex 54.1369 -28 52.0884
      vertex 54 -28 50
    endloop
  endfacet
  facet normal -0.997858 0 0.0654122
    outer loop
      vertex 54.1369 -28 52.0884
      vertex 54 -30 50
      vertex 54.1369 -30 52.0884
    endloop
  endfacet
  facet normal -0.751835 0 -0.659351
    outer loop
      vertex 58.6863 28 38.6863
      vertex 57.5342 30 40
      vertex 58.6863 30 38.6863
    endloop
  endfacet
  facet normal -0.751835 -0 -0.659351
    outer loop
      vertex 57.5342 30 40
      vertex 58.6863 28 38.6863
      vertex 57.5342 28 40
    endloop
  endfacet
  facet normal -0.751835 0 -0.659351
    outer loop
      vertex 58.6863 -30 38.6863
      vertex 57.5342 -28 40
      vertex 58.6863 -28 38.6863
    endloop
  endfacet
  facet normal -0.751835 -0 -0.659351
    outer loop
      vertex 57.5342 -28 40
      vertex 58.6863 -30 38.6863
      vertex 57.5342 -30 40
    endloop
  endfacet
  facet normal -0.89687 0 0.442295
    outer loop
      vertex 55.2179 -30 56.1229
      vertex 56.1436 -28 58
      vertex 55.2179 -28 56.1229
    endloop
  endfacet
  facet normal -0.89687 0 0.442295
    outer loop
      vertex 56.1436 -28 58
      vertex 55.2179 -30 56.1229
      vertex 56.1436 -30 58
    endloop
  endfacet
  facet normal -0.89687 0 0.442295
    outer loop
      vertex 55.2179 28 56.1229
      vertex 56.1436 30 58
      vertex 55.2179 30 56.1229
    endloop
  endfacet
  facet normal -0.89687 0 0.442295
    outer loop
      vertex 56.1436 30 58
      vertex 55.2179 28 56.1229
      vertex 56.1436 28 58
    endloop
  endfacet
  facet normal -0.321426 0 0.946935
    outer loop
      vertex 63.8771 30 64.7821
      vertex 65.8589 28 65.4548
      vertex 65.8589 30 65.4548
    endloop
  endfacet
  facet normal -0.321426 0 0.946935
    outer loop
      vertex 65.8589 28 65.4548
      vertex 63.8771 30 64.7821
      vertex 63.8771 28 64.7821
    endloop
  endfacet
  facet normal -0.321426 0 0.946935
    outer loop
      vertex 63.8771 -28 64.7821
      vertex 65.8589 -30 65.4548
      vertex 65.8589 -28 65.4548
    endloop
  endfacet
  facet normal -0.321426 0 0.946935
    outer loop
      vertex 65.8589 -30 65.4548
      vertex 63.8771 -28 64.7821
      vertex 63.8771 -30 64.7821
    endloop
  endfacet
  facet normal -0.831484 0 0.555549
    outer loop
      vertex 56.1436 28 58
      vertex 57.3063 30 59.7402
      vertex 56.1436 30 58
    endloop
  endfacet
  facet normal -0.831484 0 0.555549
    outer loop
      vertex 57.3063 30 59.7402
      vertex 56.1436 28 58
      vertex 57.3063 28 59.7402
    endloop
  endfacet
  facet normal -0.831484 0 0.555549
    outer loop
      vertex 56.1436 -30 58
      vertex 57.3063 -28 59.7402
      vertex 56.1436 -28 58
    endloop
  endfacet
  facet normal -0.831484 0 0.555549
    outer loop
      vertex 57.3063 -28 59.7402
      vertex 56.1436 -30 58
      vertex 57.3063 -30 59.7402
    endloop
  endfacet
  facet normal 0.831462 -0 0.555582
    outer loop
      vertex 82.6936 -30 59.7402
      vertex 83.8564 -28 58
      vertex 82.6936 -28 59.7402
    endloop
  endfacet
  facet normal 0.831462 0 0.555582
    outer loop
      vertex 83.8564 -28 58
      vertex 82.6936 -30 59.7402
      vertex 83.8564 -30 58
    endloop
  endfacet
  facet normal 0.831462 -0 0.555582
    outer loop
      vertex 82.6936 28 59.7402
      vertex 83.8564 30 58
      vertex 82.6936 30 59.7402
    endloop
  endfacet
  facet normal 0.831462 0 0.555582
    outer loop
      vertex 83.8564 30 58
      vertex 82.6936 28 59.7402
      vertex 83.8564 28 58
    endloop
  endfacet
  facet normal 0.555549 0 0.831484
    outer loop
      vertex 78 30 63.8564
      vertex 79.7402 28 62.6937
      vertex 79.7402 30 62.6937
    endloop
  endfacet
  facet normal 0.555549 0 0.831484
    outer loop
      vertex 79.7402 28 62.6937
      vertex 78 30 63.8564
      vertex 78 28 63.8564
    endloop
  endfacet
  facet normal 0.555549 0 0.831484
    outer loop
      vertex 78 -28 63.8564
      vertex 79.7402 -30 62.6937
      vertex 79.7402 -28 62.6937
    endloop
  endfacet
  facet normal 0.555549 0 0.831484
    outer loop
      vertex 79.7402 -30 62.6937
      vertex 78 -28 63.8564
      vertex 78 -30 63.8564
    endloop
  endfacet
  facet normal 0.980786 0 -0.195087
    outer loop
      vertex 85.8631 -30 47.9116
      vertex 85.4548 -28 45.8589
      vertex 85.8631 -28 47.9116
    endloop
  endfacet
  facet normal 0.980786 0 -0.195087
    outer loop
      vertex 85.4548 -28 45.8589
      vertex 85.8631 -30 47.9116
      vertex 85.4548 -30 45.8589
    endloop
  endfacet
  facet normal 0.980786 0 -0.195087
    outer loop
      vertex 85.8631 28 47.9116
      vertex 85.4548 30 45.8589
      vertex 85.8631 30 47.9116
    endloop
  endfacet
  facet normal 0.980786 0 -0.195087
    outer loop
      vertex 85.4548 30 45.8589
      vertex 85.8631 28 47.9116
      vertex 85.4548 28 45.8589
    endloop
  endfacet
  facet normal -0.751821 0 0.659367
    outer loop
      vertex 57.3063 28 59.7402
      vertex 58.6863 30 61.3137
      vertex 57.3063 30 59.7402
    endloop
  endfacet
  facet normal -0.751821 0 0.659367
    outer loop
      vertex 58.6863 30 61.3137
      vertex 57.3063 28 59.7402
      vertex 58.6863 28 61.3137
    endloop
  endfacet
  facet normal -0.751821 0 0.659367
    outer loop
      vertex 57.3063 -30 59.7402
      vertex 58.6863 -28 61.3137
      vertex 57.3063 -28 59.7402
    endloop
  endfacet
  facet normal -0.751821 0 0.659367
    outer loop
      vertex 58.6863 -28 61.3137
      vertex 57.3063 -30 59.7402
      vertex 58.6863 -30 61.3137
    endloop
  endfacet
  facet normal -0.980786 0 0.195087
    outer loop
      vertex 54.1369 28 52.0884
      vertex 54.5452 30 54.1411
      vertex 54.1369 30 52.0884
    endloop
  endfacet
  facet normal -0.980786 0 0.195087
    outer loop
      vertex 54.5452 30 54.1411
      vertex 54.1369 28 52.0884
      vertex 54.5452 28 54.1411
    endloop
  endfacet
  facet normal -0.980786 0 0.195087
    outer loop
      vertex 54.1369 -30 52.0884
      vertex 54.5452 -28 54.1411
      vertex 54.1369 -28 52.0884
    endloop
  endfacet
  facet normal -0.980786 0 0.195087
    outer loop
      vertex 54.5452 -28 54.1411
      vertex 54.1369 -30 52.0884
      vertex 54.5452 -30 54.1411
    endloop
  endfacet
  facet normal 0.195087 0 0.980786
    outer loop
      vertex 72.0884 -28 65.8631
      vertex 74.1411 -30 65.4548
      vertex 74.1411 -28 65.4548
    endloop
  endfacet
  facet normal 0.195087 0 0.980786
    outer loop
      vertex 74.1411 -30 65.4548
      vertex 72.0884 -28 65.8631
      vertex 72.0884 -30 65.8631
    endloop
  endfacet
  facet normal 0.195087 0 0.980786
    outer loop
      vertex 72.0884 30 65.8631
      vertex 74.1411 28 65.4548
      vertex 74.1411 30 65.4548
    endloop
  endfacet
  facet normal 0.195087 0 0.980786
    outer loop
      vertex 74.1411 28 65.4548
      vertex 72.0884 30 65.8631
      vertex 72.0884 28 65.8631
    endloop
  endfacet
  facet normal 0.442295 0 0.89687
    outer loop
      vertex 76.1229 30 64.7821
      vertex 78 28 63.8564
      vertex 78 30 63.8564
    endloop
  endfacet
  facet normal 0.442295 0 0.89687
    outer loop
      vertex 78 28 63.8564
      vertex 76.1229 30 64.7821
      vertex 76.1229 28 64.7821
    endloop
  endfacet
  facet normal 0.442295 0 0.89687
    outer loop
      vertex 76.1229 -28 64.7821
      vertex 78 -30 63.8564
      vertex 78 -28 63.8564
    endloop
  endfacet
  facet normal 0.442295 0 0.89687
    outer loop
      vertex 78 -30 63.8564
      vertex 76.1229 -28 64.7821
      vertex 76.1229 -30 64.7821
    endloop
  endfacet
  facet normal 0.0654122 0 -0.997858
    outer loop
      vertex 70 -30 34
      vertex 72.0884 -28 34.1369
      vertex 72.0884 -30 34.1369
    endloop
  endfacet
  facet normal 0.0654122 0 -0.997858
    outer loop
      vertex 72.0884 -28 34.1369
      vertex 70 -30 34
      vertex 70 -28 34
    endloop
  endfacet
  facet normal 0.0654122 0 -0.997858
    outer loop
      vertex 70 28 34
      vertex 72.0884 30 34.1369
      vertex 72.0884 28 34.1369
    endloop
  endfacet
  facet normal 0.0654122 0 -0.997858
    outer loop
      vertex 72.0884 30 34.1369
      vertex 70 28 34
      vertex 70 30 34
    endloop
  endfacet
  facet normal -0.555549 0 -0.831484
    outer loop
      vertex 60.2598 28 37.3063
      vertex 62 30 36.1436
      vertex 62 28 36.1436
    endloop
  endfacet
  facet normal -0.555549 0 -0.831484
    outer loop
      vertex 62 30 36.1436
      vertex 60.2598 28 37.3063
      vertex 60.2598 30 37.3063
    endloop
  endfacet
  facet normal -0.555549 0 -0.831484
    outer loop
      vertex 60.2598 -30 37.3063
      vertex 62 -28 36.1436
      vertex 62 -30 36.1436
    endloop
  endfacet
  facet normal -0.555549 0 -0.831484
    outer loop
      vertex 62 -28 36.1436
      vertex 60.2598 -30 37.3063
      vertex 60.2598 -28 37.3063
    endloop
  endfacet
  facet normal 0.321426 0 0.946935
    outer loop
      vertex 74.1411 30 65.4548
      vertex 76.1229 28 64.7821
      vertex 76.1229 30 64.7821
    endloop
  endfacet
  facet normal 0.321426 0 0.946935
    outer loop
      vertex 76.1229 28 64.7821
      vertex 74.1411 30 65.4548
      vertex 74.1411 28 65.4548
    endloop
  endfacet
  facet normal 0.321426 0 0.946935
    outer loop
      vertex 74.1411 -28 65.4548
      vertex 76.1229 -30 64.7821
      vertex 76.1229 -28 64.7821
    endloop
  endfacet
  facet normal 0.321426 0 0.946935
    outer loop
      vertex 76.1229 -30 64.7821
      vertex 74.1411 -28 65.4548
      vertex 74.1411 -30 65.4548
    endloop
  endfacet
  facet normal 0.659367 0 -0.751821
    outer loop
      vertex 79.7402 28 37.3063
      vertex 81.3137 30 38.6863
      vertex 81.3137 28 38.6863
    endloop
  endfacet
  facet normal 0.659367 0 -0.751821
    outer loop
      vertex 81.3137 30 38.6863
      vertex 79.7402 28 37.3063
      vertex 79.7402 30 37.3063
    endloop
  endfacet
  facet normal 0.659367 0 -0.751821
    outer loop
      vertex 79.7402 -30 37.3063
      vertex 81.3137 -28 38.6863
      vertex 81.3137 -30 38.6863
    endloop
  endfacet
  facet normal 0.659367 0 -0.751821
    outer loop
      vertex 81.3137 -28 38.6863
      vertex 79.7402 -30 37.3063
      vertex 79.7402 -28 37.3063
    endloop
  endfacet
  facet normal 0.555549 0 -0.831484
    outer loop
      vertex 78 -30 36.1436
      vertex 79.7402 -28 37.3063
      vertex 79.7402 -30 37.3063
    endloop
  endfacet
  facet normal 0.555549 0 -0.831484
    outer loop
      vertex 79.7402 -28 37.3063
      vertex 78 -30 36.1436
      vertex 78 -28 36.1436
    endloop
  endfacet
  facet normal 0.555549 0 -0.831484
    outer loop
      vertex 78 28 36.1436
      vertex 79.7402 30 37.3063
      vertex 79.7402 28 37.3063
    endloop
  endfacet
  facet normal 0.555549 0 -0.831484
    outer loop
      vertex 79.7402 30 37.3063
      vertex 78 28 36.1436
      vertex 78 30 36.1436
    endloop
  endfacet
  facet normal 0.89687 -0 0.442295
    outer loop
      vertex 83.8564 -30 58
      vertex 84.7821 -28 56.1229
      vertex 83.8564 -28 58
    endloop
  endfacet
  facet normal 0.89687 0 0.442295
    outer loop
      vertex 84.7821 -28 56.1229
      vertex 83.8564 -30 58
      vertex 84.7821 -30 56.1229
    endloop
  endfacet
  facet normal 0.89687 -0 0.442295
    outer loop
      vertex 83.8564 28 58
      vertex 84.7821 30 56.1229
      vertex 83.8564 30 58
    endloop
  endfacet
  facet normal 0.89687 0 0.442295
    outer loop
      vertex 84.7821 30 56.1229
      vertex 83.8564 28 58
      vertex 84.7821 28 56.1229
    endloop
  endfacet
  facet normal -0.659367 0 -0.751821
    outer loop
      vertex 58.6863 28 38.6863
      vertex 60.2598 30 37.3063
      vertex 60.2598 28 37.3063
    endloop
  endfacet
  facet normal -0.659367 0 -0.751821
    outer loop
      vertex 60.2598 30 37.3063
      vertex 58.6863 28 38.6863
      vertex 58.6863 30 38.6863
    endloop
  endfacet
  facet normal -0.659367 0 -0.751821
    outer loop
      vertex 58.6863 -30 38.6863
      vertex 60.2598 -28 37.3063
      vertex 60.2598 -30 37.3063
    endloop
  endfacet
  facet normal -0.659367 0 -0.751821
    outer loop
      vertex 60.2598 -28 37.3063
      vertex 58.6863 -30 38.6863
      vertex 58.6863 -28 38.6863
    endloop
  endfacet
  facet normal 0.751845 0 -0.65934
    outer loop
      vertex 82.6936 28 40.2598
      vertex 81.3137 30 38.6863
      vertex 82.6936 30 40.2598
    endloop
  endfacet
  facet normal 0.751845 0 -0.65934
    outer loop
      vertex 81.3137 30 38.6863
      vertex 82.6936 28 40.2598
      vertex 81.3137 28 38.6863
    endloop
  endfacet
  facet normal 0.751845 0 -0.65934
    outer loop
      vertex 82.6936 -30 40.2598
      vertex 81.3137 -28 38.6863
      vertex 82.6936 -28 40.2598
    endloop
  endfacet
  facet normal 0.751845 0 -0.65934
    outer loop
      vertex 81.3137 -28 38.6863
      vertex 82.6936 -30 40.2598
      vertex 81.3137 -30 38.6863
    endloop
  endfacet
  facet normal 0 1 -0
    outer loop
      vertex 85.8631 30 47.9116
      vertex 82 30 50
      vertex 86 30 50
    endloop
  endfacet
  facet normal 0 1 -0
    outer loop
      vertex 85.4548 30 45.8589
      vertex 82 30 50
      vertex 85.8631 30 47.9116
    endloop
  endfacet
  facet normal 0 1 -0
    outer loop
      vertex 84.7821 30 43.8771
      vertex 82 30 50
      vertex 85.4548 30 45.8589
    endloop
  endfacet
  facet normal 0 1 -0
    outer loop
      vertex 83.8564 30 42
      vertex 82 30 50
      vertex 84.7821 30 43.8771
    endloop
  endfacet
  facet normal 0 1 0
    outer loop
      vertex 82 30 40
      vertex 83.8564 30 42
      vertex 82.6936 30 40.2598
    endloop
  endfacet
  facet normal 0 1 0
    outer loop
      vertex 83.8564 30 42
      vertex 82 30 40
      vertex 82 30 50
    endloop
  endfacet
  facet normal 0 1 0
    outer loop
      vertex 81.3137 30 38.6863
      vertex 82 30 40
      vertex 82.6936 30 40.2598
    endloop
  endfacet
  facet normal 0 1 0
    outer loop
      vertex 79.7402 30 37.3063
      vertex 82 30 40
      vertex 81.3137 30 38.6863
    endloop
  endfacet
  facet normal 0 1 0
    outer loop
      vertex 78 30 36.1436
      vertex 82 30 40
      vertex 79.7402 30 37.3063
    endloop
  endfacet
  facet normal 0 1 0
    outer loop
      vertex 82 30 40
      vertex 60.2598 30 37.3063
      vertex 57.5342 30 40
    endloop
  endfacet
  facet normal 0 1 0
    outer loop
      vertex 57.5342 30 40
      vertex 60.2598 30 37.3063
      vertex 58.6863 30 38.6863
    endloop
  endfacet
  facet normal 0 1 0
    outer loop
      vertex 76.1229 30 35.2179
      vertex 82 30 40
      vertex 78 30 36.1436
    endloop
  endfacet
  facet normal 0 1 0
    outer loop
      vertex 82 30 40
      vertex 62 30 36.1436
      vertex 60.2598 30 37.3063
    endloop
  endfacet
  facet normal 0 1 0
    outer loop
      vertex 74.1411 30 34.5452
      vertex 82 30 40
      vertex 76.1229 30 35.2179
    endloop
  endfacet
  facet normal 0 1 0
    outer loop
      vertex 82 30 40
      vertex 63.8771 30 35.2179
      vertex 62 30 36.1436
    endloop
  endfacet
  facet normal 0 1 0
    outer loop
      vertex 72.0884 30 34.1369
      vertex 82 30 40
      vertex 74.1411 30 34.5452
    endloop
  endfacet
  facet normal 0 1 0
    outer loop
      vertex 82 30 40
      vertex 65.8589 30 34.5452
      vertex 63.8771 30 35.2179
    endloop
  endfacet
  facet normal 0 1 0
    outer loop
      vertex 67.9116 30 34.1369
      vertex 82 30 40
      vertex 72.0884 30 34.1369
    endloop
  endfacet
  facet normal 0 1 0
    outer loop
      vertex 82 30 40
      vertex 67.9116 30 34.1369
      vertex 65.8589 30 34.5452
    endloop
  endfacet
  facet normal -0 1 0
    outer loop
      vertex 67.9116 30 34.1369
      vertex 72.0884 30 34.1369
      vertex 70 30 34
    endloop
  endfacet
  facet normal 0 1 0
    outer loop
      vertex 82 30 50
      vertex 70 30 66
      vertex 72.0884 30 65.8631
    endloop
  endfacet
  facet normal 0 1 0
    outer loop
      vertex 82 30 50
      vertex 72.0884 30 65.8631
      vertex 74.1411 30 65.4548
    endloop
  endfacet
  facet normal 0 1 0
    outer loop
      vertex 70 30 66
      vertex 82 30 50
      vertex 67.9116 30 65.8631
    endloop
  endfacet
  facet normal 0 1 0
    outer loop
      vertex 82 30 50
      vertex 74.1411 30 65.4548
      vertex 76.1229 30 64.7821
    endloop
  endfacet
  facet normal 0 1 0
    outer loop
      vertex 67.9116 30 65.8631
      vertex 82 30 50
      vertex 65.8589 30 65.4548
    endloop
  endfacet
  facet normal 0 1 0
    outer loop
      vertex 82 30 50
      vertex 76.1229 30 64.7821
      vertex 78 30 63.8564
    endloop
  endfacet
  facet normal 0 1 0
    outer loop
      vertex 65.8589 30 65.4548
      vertex 82 30 50
      vertex 63.8771 30 64.7821
    endloop
  endfacet
  facet normal 0 1 0
    outer loop
      vertex 82 30 50
      vertex 78 30 63.8564
      vertex 79.7402 30 62.6937
    endloop
  endfacet
  facet normal 0 1 0
    outer loop
      vertex 63.8771 30 64.7821
      vertex 82 30 50
      vertex 62 30 63.8564
    endloop
  endfacet
  facet normal 0 1 0
    outer loop
      vertex 82 30 50
      vertex 79.7402 30 62.6937
      vertex 81.3137 30 61.3137
    endloop
  endfacet
  facet normal 0 1 0
    outer loop
      vertex 62 30 63.8564
      vertex 82 30 50
      vertex 60.2598 30 62.6937
    endloop
  endfacet
  facet normal 0 1 -0
    outer loop
      vertex 82 30 50
      vertex 81.3137 30 61.3137
      vertex 82.6936 30 59.7402
    endloop
  endfacet
  facet normal 0 1 0
    outer loop
      vertex 60.2598 30 62.6937
      vertex 82 30 50
      vertex 58.6863 30 61.3137
    endloop
  endfacet
  facet normal 0 1 0
    outer loop
      vertex 82 30 50
      vertex 82.6936 30 59.7402
      vertex 83.8564 30 58
    endloop
  endfacet
  facet normal 0 1 0
    outer loop
      vertex 58.6863 30 61.3137
      vertex 82 30 50
      vertex 57.3063 30 59.7402
    endloop
  endfacet
  facet normal 0 1 0
    outer loop
      vertex 82 30 50
      vertex 83.8564 30 58
      vertex 84.7821 30 56.1229
    endloop
  endfacet
  facet normal 0 1 0
    outer loop
      vertex 57.3063 30 59.7402
      vertex 82 30 50
      vertex 56.1436 30 58
    endloop
  endfacet
  facet normal 0 1 0
    outer loop
      vertex 82 30 50
      vertex 84.7821 30 56.1229
      vertex 85.4548 30 54.1411
    endloop
  endfacet
  facet normal 0 1 0
    outer loop
      vertex 56.1436 30 58
      vertex 82 30 50
      vertex 55.2179 30 56.1229
    endloop
  endfacet
  facet normal 0 1 0
    outer loop
      vertex 82 30 50
      vertex 85.4548 30 54.1411
      vertex 85.8631 30 52.0884
    endloop
  endfacet
  facet normal 0 1 0
    outer loop
      vertex 55.2179 30 56.1229
      vertex 82 30 50
      vertex 54.5452 30 54.1411
    endloop
  endfacet
  facet normal 0 1 0
    outer loop
      vertex 82 30 50
      vertex 85.8631 30 52.0884
      vertex 86 30 50
    endloop
  endfacet
  facet normal 0 1 0
    outer loop
      vertex 54.5452 30 54.1411
      vertex 82 30 50
      vertex 54.1369 30 52.0884
    endloop
  endfacet
  facet normal 0 1 0
    outer loop
      vertex 54.1369 30 52.0884
      vertex 82 30 50
      vertex 54 30 50
    endloop
  endfacet
  facet normal -0.0654122 0 -0.997858
    outer loop
      vertex 67.9116 28 34.1369
      vertex 70 30 34
      vertex 70 28 34
    endloop
  endfacet
  facet normal -0.0654122 0 -0.997858
    outer loop
      vertex 70 30 34
      vertex 67.9116 28 34.1369
      vertex 67.9116 30 34.1369
    endloop
  endfacet
  facet normal -0.0654122 0 -0.997858
    outer loop
      vertex 67.9116 -30 34.1369
      vertex 70 -28 34
      vertex 70 -30 34
    endloop
  endfacet
  facet normal -0.0654122 0 -0.997858
    outer loop
      vertex 70 -28 34
      vertex 67.9116 -30 34.1369
      vertex 67.9116 -28 34.1369
    endloop
  endfacet
  facet normal 0.751845 -0 0.65934
    outer loop
      vertex 81.3137 -30 61.3137
      vertex 82.6936 -28 59.7402
      vertex 81.3137 -28 61.3137
    endloop
  endfacet
  facet normal 0.751845 0 0.65934
    outer loop
      vertex 82.6936 -28 59.7402
      vertex 81.3137 -30 61.3137
      vertex 82.6936 -30 59.7402
    endloop
  endfacet
  facet normal 0.751845 -0 0.65934
    outer loop
      vertex 81.3137 28 61.3137
      vertex 82.6936 30 59.7402
      vertex 81.3137 30 61.3137
    endloop
  endfacet
  facet normal 0.751845 0 0.65934
    outer loop
      vertex 82.6936 30 59.7402
      vertex 81.3137 28 61.3137
      vertex 82.6936 28 59.7402
    endloop
  endfacet
  facet normal -0.555549 0 0.831484
    outer loop
      vertex 60.2598 30 62.6937
      vertex 62 28 63.8564
      vertex 62 30 63.8564
    endloop
  endfacet
  facet normal -0.555549 0 0.831484
    outer loop
      vertex 62 28 63.8564
      vertex 60.2598 30 62.6937
      vertex 60.2598 28 62.6937
    endloop
  endfacet
  facet normal -0.555549 0 0.831484
    outer loop
      vertex 60.2598 -28 62.6937
      vertex 62 -30 63.8564
      vertex 62 -28 63.8564
    endloop
  endfacet
  facet normal -0.555549 0 0.831484
    outer loop
      vertex 62 -30 63.8564
      vertex 60.2598 -28 62.6937
      vertex 60.2598 -30 62.6937
    endloop
  endfacet
  facet normal 0.997858 0 -0.0654122
    outer loop
      vertex 86 28 50
      vertex 85.8631 30 47.9116
      vertex 86 30 50
    endloop
  endfacet
  facet normal 0.997858 0 -0.0654122
    outer loop
      vertex 85.8631 30 47.9116
      vertex 86 28 50
      vertex 85.8631 28 47.9116
    endloop
  endfacet
  facet normal 0.997858 0 -0.0654122
    outer loop
      vertex 86 -30 50
      vertex 85.8631 -28 47.9116
      vertex 86 -28 50
    endloop
  endfacet
  facet normal 0.997858 0 -0.0654122
    outer loop
      vertex 85.8631 -28 47.9116
      vertex 86 -30 50
      vertex 85.8631 -30 47.9116
    endloop
  endfacet
  facet normal 0.321426 0 -0.946935
    outer loop
      vertex 74.1411 -30 34.5452
      vertex 76.1229 -28 35.2179
      vertex 76.1229 -30 35.2179
    endloop
  endfacet
  facet normal 0.321426 0 -0.946935
    outer loop
      vertex 76.1229 -28 35.2179
      vertex 74.1411 -30 34.5452
      vertex 74.1411 -28 34.5452
    endloop
  endfacet
  facet normal 0.321426 0 -0.946935
    outer loop
      vertex 74.1411 28 34.5452
      vertex 76.1229 30 35.2179
      vertex 76.1229 28 35.2179
    endloop
  endfacet
  facet normal 0.321426 0 -0.946935
    outer loop
      vertex 76.1229 30 35.2179
      vertex 74.1411 28 34.5452
      vertex 74.1411 30 34.5452
    endloop
  endfacet
  facet normal 0.442295 0 -0.89687
    outer loop
      vertex 76.1229 -30 35.2179
      vertex 78 -28 36.1436
      vertex 78 -30 36.1436
    endloop
  endfacet
  facet normal 0.442295 0 -0.89687
    outer loop
      vertex 78 -28 36.1436
      vertex 76.1229 -30 35.2179
      vertex 76.1229 -28 35.2179
    endloop
  endfacet
  facet normal 0.442295 0 -0.89687
    outer loop
      vertex 76.1229 28 35.2179
      vertex 78 30 36.1436
      vertex 78 28 36.1436
    endloop
  endfacet
  facet normal 0.442295 0 -0.89687
    outer loop
      vertex 78 30 36.1436
      vertex 76.1229 28 35.2179
      vertex 76.1229 30 35.2179
    endloop
  endfacet
  facet normal -0.321426 0 -0.946935
    outer loop
      vertex 63.8771 -30 35.2179
      vertex 65.8589 -28 34.5452
      vertex 65.8589 -30 34.5452
    endloop
  endfacet
  facet normal -0.321426 0 -0.946935
    outer loop
      vertex 65.8589 -28 34.5452
      vertex 63.8771 -30 35.2179
      vertex 63.8771 -28 35.2179
    endloop
  endfacet
  facet normal -0.321426 0 -0.946935
    outer loop
      vertex 63.8771 28 35.2179
      vertex 65.8589 30 34.5452
      vertex 65.8589 28 34.5452
    endloop
  endfacet
  facet normal -0.321426 0 -0.946935
    outer loop
      vertex 65.8589 30 34.5452
      vertex 63.8771 28 35.2179
      vertex 63.8771 30 35.2179
    endloop
  endfacet
  facet normal 0.946935 0 -0.321426
    outer loop
      vertex 85.4548 28 45.8589
      vertex 84.7821 30 43.8771
      vertex 85.4548 30 45.8589
    endloop
  endfacet
  facet normal 0.946935 0 -0.321426
    outer loop
      vertex 84.7821 30 43.8771
      vertex 85.4548 28 45.8589
      vertex 84.7821 28 43.8771
    endloop
  endfacet
  facet normal 0.946935 0 -0.321426
    outer loop
      vertex 85.4548 -30 45.8589
      vertex 84.7821 -28 43.8771
      vertex 85.4548 -28 45.8589
    endloop
  endfacet
  facet normal 0.946935 0 -0.321426
    outer loop
      vertex 84.7821 -28 43.8771
      vertex 85.4548 -30 45.8589
      vertex 84.7821 -30 43.8771
    endloop
  endfacet
  facet normal 0 -1 0
    outer loop
      vertex 57.5342 -30 40
      vertex 58.6863 -30 38.6863
      vertex 82 -30 40
    endloop
  endfacet
  facet normal 0 -1 0
    outer loop
      vertex 82 -30 50
      vertex 70 -30 66
      vertex 67.9116 -30 65.8631
    endloop
  endfacet
  facet normal 0 -1 0
    outer loop
      vertex 82 -30 50
      vertex 67.9116 -30 65.8631
      vertex 65.8589 -30 65.4548
    endloop
  endfacet
  facet normal 0 -1 0
    outer loop
      vertex 70 -30 66
      vertex 82 -30 50
      vertex 72.0884 -30 65.8631
    endloop
  endfacet
  facet normal 0 -1 0
    outer loop
      vertex 82 -30 50
      vertex 65.8589 -30 65.4548
      vertex 63.8771 -30 64.7821
    endloop
  endfacet
  facet normal 0 -1 0
    outer loop
      vertex 72.0884 -30 65.8631
      vertex 82 -30 50
      vertex 74.1411 -30 65.4548
    endloop
  endfacet
  facet normal 0 -1 0
    outer loop
      vertex 82 -30 50
      vertex 63.8771 -30 64.7821
      vertex 62 -30 63.8564
    endloop
  endfacet
  facet normal 0 -1 0
    outer loop
      vertex 74.1411 -30 65.4548
      vertex 82 -30 50
      vertex 76.1229 -30 64.7821
    endloop
  endfacet
  facet normal 0 -1 0
    outer loop
      vertex 82 -30 50
      vertex 62 -30 63.8564
      vertex 60.2598 -30 62.6937
    endloop
  endfacet
  facet normal 0 -1 0
    outer loop
      vertex 76.1229 -30 64.7821
      vertex 82 -30 50
      vertex 78 -30 63.8564
    endloop
  endfacet
  facet normal 0 -1 0
    outer loop
      vertex 82 -30 50
      vertex 60.2598 -30 62.6937
      vertex 58.6863 -30 61.3137
    endloop
  endfacet
  facet normal 0 -1 0
    outer loop
      vertex 78 -30 63.8564
      vertex 82 -30 50
      vertex 79.7402 -30 62.6937
    endloop
  endfacet
  facet normal 0 -1 0
    outer loop
      vertex 82 -30 50
      vertex 58.6863 -30 61.3137
      vertex 57.3063 -30 59.7402
    endloop
  endfacet
  facet normal 0 -1 0
    outer loop
      vertex 79.7402 -30 62.6937
      vertex 82 -30 50
      vertex 81.3137 -30 61.3137
    endloop
  endfacet
  facet normal 0 -1 0
    outer loop
      vertex 82 -30 50
      vertex 57.3063 -30 59.7402
      vertex 56.1436 -30 58
    endloop
  endfacet
  facet normal 0 -1 0
    outer loop
      vertex 81.3137 -30 61.3137
      vertex 82 -30 50
      vertex 82.6936 -30 59.7402
    endloop
  endfacet
  facet normal 0 -1 0
    outer loop
      vertex 82 -30 50
      vertex 56.1436 -30 58
      vertex 55.2179 -30 56.1229
    endloop
  endfacet
  facet normal 0 -1 -0
    outer loop
      vertex 82.6936 -30 59.7402
      vertex 82 -30 50
      vertex 83.8564 -30 58
    endloop
  endfacet
  facet normal 0 -1 0
    outer loop
      vertex 82 -30 50
      vertex 55.2179 -30 56.1229
      vertex 54.5452 -30 54.1411
    endloop
  endfacet
  facet normal 0 -1 -0
    outer loop
      vertex 83.8564 -30 58
      vertex 82 -30 50
      vertex 84.7821 -30 56.1229
    endloop
  endfacet
  facet normal 0 -1 0
    outer loop
      vertex 82 -30 50
      vertex 54.5452 -30 54.1411
      vertex 54.1369 -30 52.0884
    endloop
  endfacet
  facet normal 0 -1 -0
    outer loop
      vertex 84.7821 -30 56.1229
      vertex 82 -30 50
      vertex 85.4548 -30 54.1411
    endloop
  endfacet
  facet normal 0 -1 0
    outer loop
      vertex 82 -30 50
      vertex 54.1369 -30 52.0884
      vertex 54 -30 50
    endloop
  endfacet
  facet normal 0 -1 -0
    outer loop
      vertex 85.4548 -30 54.1411
      vertex 82 -30 50
      vertex 85.8631 -30 52.0884
    endloop
  endfacet
  facet normal 0 -1 0
    outer loop
      vertex 82 -30 50
      vertex 86 -30 50
      vertex 85.8631 -30 52.0884
    endloop
  endfacet
  facet normal 0 -1 0
    outer loop
      vertex 82 -30 50
      vertex 85.8631 -30 47.9116
      vertex 86 -30 50
    endloop
  endfacet
  facet normal 0 -1 0
    outer loop
      vertex 82 -30 50
      vertex 85.4548 -30 45.8589
      vertex 85.8631 -30 47.9116
    endloop
  endfacet
  facet normal 0 -1 0
    outer loop
      vertex 82 -30 50
      vertex 84.7821 -30 43.8771
      vertex 85.4548 -30 45.8589
    endloop
  endfacet
  facet normal 0 -1 0
    outer loop
      vertex 82 -30 50
      vertex 83.8564 -30 42
      vertex 84.7821 -30 43.8771
    endloop
  endfacet
  facet normal 0 -1 0
    outer loop
      vertex 82 -30 40
      vertex 83.8564 -30 42
      vertex 82 -30 50
    endloop
  endfacet
  facet normal 0 -1 0
    outer loop
      vertex 83.8564 -30 42
      vertex 82 -30 40
      vertex 82.6936 -30 40.2598
    endloop
  endfacet
  facet normal 0 -1 -0
    outer loop
      vertex 82 -30 40
      vertex 81.3137 -30 38.6863
      vertex 82.6936 -30 40.2598
    endloop
  endfacet
  facet normal 0 -1 0
    outer loop
      vertex 60.2598 -30 37.3063
      vertex 82 -30 40
      vertex 58.6863 -30 38.6863
    endloop
  endfacet
  facet normal 0 -1 0
    outer loop
      vertex 62 -30 36.1436
      vertex 82 -30 40
      vertex 60.2598 -30 37.3063
    endloop
  endfacet
  facet normal 0 -1 0
    outer loop
      vertex 82 -30 40
      vertex 79.7402 -30 37.3063
      vertex 81.3137 -30 38.6863
    endloop
  endfacet
  facet normal 0 -1 0
    outer loop
      vertex 63.8771 -30 35.2179
      vertex 82 -30 40
      vertex 62 -30 36.1436
    endloop
  endfacet
  facet normal 0 -1 0
    outer loop
      vertex 82 -30 40
      vertex 78 -30 36.1436
      vertex 79.7402 -30 37.3063
    endloop
  endfacet
  facet normal 0 -1 0
    outer loop
      vertex 65.8589 -30 34.5452
      vertex 82 -30 40
      vertex 63.8771 -30 35.2179
    endloop
  endfacet
  facet normal 0 -1 0
    outer loop
      vertex 82 -30 40
      vertex 76.1229 -30 35.2179
      vertex 78 -30 36.1436
    endloop
  endfacet
  facet normal 0 -1 0
    outer loop
      vertex 67.9116 -30 34.1369
      vertex 82 -30 40
      vertex 65.8589 -30 34.5452
    endloop
  endfacet
  facet normal 0 -1 0
    outer loop
      vertex 82 -30 40
      vertex 74.1411 -30 34.5452
      vertex 76.1229 -30 35.2179
    endloop
  endfacet
  facet normal 0 -1 0
    outer loop
      vertex 72.0884 -30 34.1369
      vertex 82 -30 40
      vertex 67.9116 -30 34.1369
    endloop
  endfacet
  facet normal 0 -1 0
    outer loop
      vertex 82 -30 40
      vertex 72.0884 -30 34.1369
      vertex 74.1411 -30 34.5452
    endloop
  endfacet
  facet normal -0 -1 0
    outer loop
      vertex 72.0884 -30 34.1369
      vertex 67.9116 -30 34.1369
      vertex 70 -30 34
    endloop
  endfacet
  facet normal -0.659367 0 0.751821
    outer loop
      vertex 58.6863 30 61.3137
      vertex 60.2598 28 62.6937
      vertex 60.2598 30 62.6937
    endloop
  endfacet
  facet normal -0.659367 0 0.751821
    outer loop
      vertex 60.2598 28 62.6937
      vertex 58.6863 30 61.3137
      vertex 58.6863 28 61.3137
    endloop
  endfacet
  facet normal -0.659367 0 0.751821
    outer loop
      vertex 58.6863 -28 61.3137
      vertex 60.2598 -30 62.6937
      vertex 60.2598 -28 62.6937
    endloop
  endfacet
  facet normal -0.659367 0 0.751821
    outer loop
      vertex 60.2598 -30 62.6937
      vertex 58.6863 -28 61.3137
      vertex 58.6863 -30 61.3137
    endloop
  endfacet
  facet normal -0.442295 0 -0.89687
    outer loop
      vertex 62 -30 36.1436
      vertex 63.8771 -28 35.2179
      vertex 63.8771 -30 35.2179
    endloop
  endfacet
  facet normal -0.442295 0 -0.89687
    outer loop
      vertex 63.8771 -28 35.2179
      vertex 62 -30 36.1436
      vertex 62 -28 36.1436
    endloop
  endfacet
  facet normal -0.442295 0 -0.89687
    outer loop
      vertex 62 28 36.1436
      vertex 63.8771 30 35.2179
      vertex 63.8771 28 35.2179
    endloop
  endfacet
  facet normal -0.442295 0 -0.89687
    outer loop
      vertex 63.8771 30 35.2179
      vertex 62 28 36.1436
      vertex 62 30 36.1436
    endloop
  endfacet
  facet normal 0.195089 0 -0.980786
    outer loop
      vertex 2.08842 -30 34.1369
      vertex 4.1411 -28 34.5452
      vertex 4.1411 -30 34.5452
    endloop
  endfacet
  facet normal 0.195089 0 -0.980786
    outer loop
      vertex 4.1411 -28 34.5452
      vertex 2.08842 -30 34.1369
      vertex 2.08842 -28 34.1369
    endloop
  endfacet
  facet normal 0.195089 0 -0.980786
    outer loop
      vertex 2.08842 28 34.1369
      vertex 4.1411 30 34.5452
      vertex 4.1411 28 34.5452
    endloop
  endfacet
  facet normal 0.195089 0 -0.980786
    outer loop
      vertex 4.1411 30 34.5452
      vertex 2.08842 28 34.1369
      vertex 2.08842 30 34.1369
    endloop
  endfacet
  facet normal 0.980786 -0 0.195087
    outer loop
      vertex 15.4548 -30 54.1411
      vertex 15.8631 -28 52.0884
      vertex 15.4548 -28 54.1411
    endloop
  endfacet
  facet normal 0.980786 0 0.195087
    outer loop
      vertex 15.8631 -28 52.0884
      vertex 15.4548 -30 54.1411
      vertex 15.8631 -30 52.0884
    endloop
  endfacet
  facet normal 0.980786 -0 0.195087
    outer loop
      vertex 15.4548 28 54.1411
      vertex 15.8631 30 52.0884
      vertex 15.4548 30 54.1411
    endloop
  endfacet
  facet normal 0.980786 0 0.195087
    outer loop
      vertex 15.8631 30 52.0884
      vertex 15.4548 28 54.1411
      vertex 15.8631 28 52.0884
    endloop
  endfacet
  facet normal 0.997858 -0 0.0654122
    outer loop
      vertex 15.8631 28 52.0884
      vertex 16 30 50
      vertex 15.8631 30 52.0884
    endloop
  endfacet
  facet normal 0.997858 0 0.0654122
    outer loop
      vertex 16 30 50
      vertex 15.8631 28 52.0884
      vertex 16 28 50
    endloop
  endfacet
  facet normal 0.997858 -0 0.0654122
    outer loop
      vertex 15.8631 -30 52.0884
      vertex 16 -28 50
      vertex 15.8631 -28 52.0884
    endloop
  endfacet
  facet normal 0.997858 0 0.0654122
    outer loop
      vertex 16 -28 50
      vertex 15.8631 -30 52.0884
      vertex 16 -30 50
    endloop
  endfacet
  facet normal -0.442301 0 0.896867
    outer loop
      vertex -8 -28 63.8564
      vertex -6.12293 -30 64.7821
      vertex -6.12293 -28 64.7821
    endloop
  endfacet
  facet normal -0.442301 0 0.896867
    outer loop
      vertex -6.12293 -30 64.7821
      vertex -8 -28 63.8564
      vertex -8 -30 63.8564
    endloop
  endfacet
  facet normal -0.442301 0 0.896867
    outer loop
      vertex -8 30 63.8564
      vertex -6.12293 28 64.7821
      vertex -6.12293 30 64.7821
    endloop
  endfacet
  facet normal -0.442301 0 0.896867
    outer loop
      vertex -6.12293 28 64.7821
      vertex -8 30 63.8564
      vertex -8 28 63.8564
    endloop
  endfacet
  facet normal 0.946935 -0 0.321426
    outer loop
      vertex 14.7821 -30 56.1229
      vertex 15.4548 -28 54.1411
      vertex 14.7821 -28 56.1229
    endloop
  endfacet
  facet normal 0.946935 0 0.321426
    outer loop
      vertex 15.4548 -28 54.1411
      vertex 14.7821 -30 56.1229
      vertex 15.4548 -30 54.1411
    endloop
  endfacet
  facet normal 0.946935 -0 0.321426
    outer loop
      vertex 14.7821 28 56.1229
      vertex 15.4548 30 54.1411
      vertex 14.7821 30 56.1229
    endloop
  endfacet
  facet normal 0.946935 0 0.321426
    outer loop
      vertex 15.4548 30 54.1411
      vertex 14.7821 28 56.1229
      vertex 15.4548 28 54.1411
    endloop
  endfacet
  facet normal 0.659362 0 0.751826
    outer loop
      vertex 9.74018 30 62.6937
      vertex 11.3137 28 61.3137
      vertex 11.3137 30 61.3137
    endloop
  endfacet
  facet normal 0.659362 0 0.751826
    outer loop
      vertex 11.3137 28 61.3137
      vertex 9.74018 30 62.6937
      vertex 9.74018 28 62.6937
    endloop
  endfacet
  facet normal 0.659362 0 0.751826
    outer loop
      vertex 9.74018 -28 62.6937
      vertex 11.3137 -30 61.3137
      vertex 11.3137 -28 61.3137
    endloop
  endfacet
  facet normal 0.659362 0 0.751826
    outer loop
      vertex 11.3137 -30 61.3137
      vertex 9.74018 -28 62.6937
      vertex 9.74018 -30 62.6937
    endloop
  endfacet
  facet normal 0.321422 0 -0.946936
    outer loop
      vertex 4.1411 -30 34.5452
      vertex 6.12293 -28 35.2179
      vertex 6.12293 -30 35.2179
    endloop
  endfacet
  facet normal 0.321422 0 -0.946936
    outer loop
      vertex 6.12293 -28 35.2179
      vertex 4.1411 -30 34.5452
      vertex 4.1411 -28 34.5452
    endloop
  endfacet
  facet normal 0.321422 0 -0.946936
    outer loop
      vertex 4.1411 28 34.5452
      vertex 6.12293 30 35.2179
      vertex 6.12293 28 35.2179
    endloop
  endfacet
  facet normal 0.321422 0 -0.946936
    outer loop
      vertex 6.12293 30 35.2179
      vertex 4.1411 28 34.5452
      vertex 4.1411 30 34.5452
    endloop
  endfacet
  facet normal -0.0654116 0 -0.997858
    outer loop
      vertex -2.08842 -30 34.1369
      vertex 0 -28 34
      vertex 0 -30 34
    endloop
  endfacet
  facet normal -0.0654116 0 -0.997858
    outer loop
      vertex 0 -28 34
      vertex -2.08842 -30 34.1369
      vertex -2.08842 -28 34.1369
    endloop
  endfacet
  facet normal -0.0654116 0 -0.997858
    outer loop
      vertex -2.08842 28 34.1369
      vertex 0 30 34
      vertex 0 28 34
    endloop
  endfacet
  facet normal -0.0654116 0 -0.997858
    outer loop
      vertex 0 30 34
      vertex -2.08842 28 34.1369
      vertex -2.08842 30 34.1369
    endloop
  endfacet
  facet normal 0.0654116 0 0.997858
    outer loop
      vertex 0 30 66
      vertex 2.08842 28 65.8631
      vertex 2.08842 30 65.8631
    endloop
  endfacet
  facet normal 0.0654116 0 0.997858
    outer loop
      vertex 2.08842 28 65.8631
      vertex 0 30 66
      vertex 0 28 66
    endloop
  endfacet
  facet normal 0.0654116 0 0.997858
    outer loop
      vertex 0 -28 66
      vertex 2.08842 -30 65.8631
      vertex 2.08842 -28 65.8631
    endloop
  endfacet
  facet normal 0.0654116 0 0.997858
    outer loop
      vertex 2.08842 -30 65.8631
      vertex 0 -28 66
      vertex 0 -30 66
    endloop
  endfacet
  facet normal -0.0654116 0 0.997858
    outer loop
      vertex -2.08842 -28 65.8631
      vertex 0 -30 66
      vertex 0 -28 66
    endloop
  endfacet
  facet normal -0.0654116 0 0.997858
    outer loop
      vertex 0 -30 66
      vertex -2.08842 -28 65.8631
      vertex -2.08842 -30 65.8631
    endloop
  endfacet
  facet normal -0.0654116 0 0.997858
    outer loop
      vertex -2.08842 30 65.8631
      vertex 0 28 66
      vertex 0 30 66
    endloop
  endfacet
  facet normal -0.0654116 0 0.997858
    outer loop
      vertex 0 28 66
      vertex -2.08842 30 65.8631
      vertex -2.08842 28 65.8631
    endloop
  endfacet
  facet normal -0.195089 0 -0.980786
    outer loop
      vertex -4.1411 -30 34.5452
      vertex -2.08842 -28 34.1369
      vertex -2.08842 -30 34.1369
    endloop
  endfacet
  facet normal -0.195089 0 -0.980786
    outer loop
      vertex -2.08842 -28 34.1369
      vertex -4.1411 -30 34.5452
      vertex -4.1411 -28 34.5452
    endloop
  endfacet
  facet normal -0.195089 0 -0.980786
    outer loop
      vertex -4.1411 28 34.5452
      vertex -2.08842 30 34.1369
      vertex -2.08842 28 34.1369
    endloop
  endfacet
  facet normal -0.195089 0 -0.980786
    outer loop
      vertex -2.08842 30 34.1369
      vertex -4.1411 28 34.5452
      vertex -4.1411 30 34.5452
    endloop
  endfacet
  facet normal -0.195089 0 0.980786
    outer loop
      vertex -4.1411 -28 65.4548
      vertex -2.08842 -30 65.8631
      vertex -2.08842 -28 65.8631
    endloop
  endfacet
  facet normal -0.195089 0 0.980786
    outer loop
      vertex -2.08842 -30 65.8631
      vertex -4.1411 -28 65.4548
      vertex -4.1411 -30 65.4548
    endloop
  endfacet
  facet normal -0.195089 0 0.980786
    outer loop
      vertex -4.1411 30 65.4548
      vertex -2.08842 28 65.8631
      vertex -2.08842 30 65.8631
    endloop
  endfacet
  facet normal -0.195089 0 0.980786
    outer loop
      vertex -2.08842 28 65.8631
      vertex -4.1411 30 65.4548
      vertex -4.1411 28 65.4548
    endloop
  endfacet
  facet normal -0.555553 0 0.831481
    outer loop
      vertex -9.74018 30 62.6937
      vertex -8 28 63.8564
      vertex -8 30 63.8564
    endloop
  endfacet
  facet normal -0.555553 0 0.831481
    outer loop
      vertex -8 28 63.8564
      vertex -9.74018 30 62.6937
      vertex -9.74018 28 62.6937
    endloop
  endfacet
  facet normal -0.555553 0 0.831481
    outer loop
      vertex -9.74018 -28 62.6937
      vertex -8 -30 63.8564
      vertex -8 -28 63.8564
    endloop
  endfacet
  facet normal -0.555553 0 0.831481
    outer loop
      vertex -8 -30 63.8564
      vertex -9.74018 -28 62.6937
      vertex -9.74018 -30 62.6937
    endloop
  endfacet
  facet normal -0.321422 0 -0.946936
    outer loop
      vertex -6.12293 -30 35.2179
      vertex -4.1411 -28 34.5452
      vertex -4.1411 -30 34.5452
    endloop
  endfacet
  facet normal -0.321422 0 -0.946936
    outer loop
      vertex -4.1411 -28 34.5452
      vertex -6.12293 -30 35.2179
      vertex -6.12293 -28 35.2179
    endloop
  endfacet
  facet normal -0.321422 0 -0.946936
    outer loop
      vertex -6.12293 28 35.2179
      vertex -4.1411 30 34.5452
      vertex -4.1411 28 34.5452
    endloop
  endfacet
  facet normal -0.321422 0 -0.946936
    outer loop
      vertex -4.1411 30 34.5452
      vertex -6.12293 28 35.2179
      vertex -6.12293 30 35.2179
    endloop
  endfacet
  facet normal 0.831484 -0 0.555549
    outer loop
      vertex 12.6937 -30 59.7402
      vertex 13.8564 -28 58
      vertex 12.6937 -28 59.7402
    endloop
  endfacet
  facet normal 0.831484 0 0.555549
    outer loop
      vertex 13.8564 -28 58
      vertex 12.6937 -30 59.7402
      vertex 13.8564 -30 58
    endloop
  endfacet
  facet normal 0.831484 -0 0.555549
    outer loop
      vertex 12.6937 28 59.7402
      vertex 13.8564 30 58
      vertex 12.6937 30 59.7402
    endloop
  endfacet
  facet normal 0.831484 0 0.555549
    outer loop
      vertex 13.8564 30 58
      vertex 12.6937 28 59.7402
      vertex 13.8564 28 58
    endloop
  endfacet
  facet normal 0.555553 0 0.831481
    outer loop
      vertex 8 30 63.8564
      vertex 9.74018 28 62.6937
      vertex 9.74018 30 62.6937
    endloop
  endfacet
  facet normal 0.555553 0 0.831481
    outer loop
      vertex 9.74018 28 62.6937
      vertex 8 30 63.8564
      vertex 8 28 63.8564
    endloop
  endfacet
  facet normal 0.555553 0 0.831481
    outer loop
      vertex 8 -28 63.8564
      vertex 9.74018 -30 62.6937
      vertex 9.74018 -28 62.6937
    endloop
  endfacet
  facet normal 0.555553 0 0.831481
    outer loop
      vertex 9.74018 -30 62.6937
      vertex 8 -28 63.8564
      vertex 8 -30 63.8564
    endloop
  endfacet
  facet normal -0.659418 0 0.751777
    outer loop
      vertex -10 30 62.4658
      vertex -9.74018 28 62.6937
      vertex -9.74018 30 62.6937
    endloop
  endfacet
  facet normal -0.659418 0 0.751777
    outer loop
      vertex -9.74018 28 62.6937
      vertex -10 30 62.4658
      vertex -10 28 62.4658
    endloop
  endfacet
  facet normal -0.659418 0 0.751777
    outer loop
      vertex -10 -28 62.4658
      vertex -9.74018 -30 62.6937
      vertex -9.74018 -28 62.6937
    endloop
  endfacet
  facet normal -0.659418 0 0.751777
    outer loop
      vertex -9.74018 -30 62.6937
      vertex -10 -28 62.4658
      vertex -10 -30 62.4658
    endloop
  endfacet
  facet normal 0.442301 0 0.896867
    outer loop
      vertex 6.12293 -28 64.7821
      vertex 8 -30 63.8564
      vertex 8 -28 63.8564
    endloop
  endfacet
  facet normal 0.442301 0 0.896867
    outer loop
      vertex 8 -30 63.8564
      vertex 6.12293 -28 64.7821
      vertex 6.12293 -30 64.7821
    endloop
  endfacet
  facet normal 0.442301 0 0.896867
    outer loop
      vertex 6.12293 30 64.7821
      vertex 8 28 63.8564
      vertex 8 30 63.8564
    endloop
  endfacet
  facet normal 0.442301 0 0.896867
    outer loop
      vertex 8 28 63.8564
      vertex 6.12293 30 64.7821
      vertex 6.12293 28 64.7821
    endloop
  endfacet
  facet normal -0.555553 0 -0.831481
    outer loop
      vertex -9.74018 -30 37.3063
      vertex -8 -28 36.1436
      vertex -8 -30 36.1436
    endloop
  endfacet
  facet normal -0.555553 0 -0.831481
    outer loop
      vertex -8 -28 36.1436
      vertex -9.74018 -30 37.3063
      vertex -9.74018 -28 37.3063
    endloop
  endfacet
  facet normal -0.555553 0 -0.831481
    outer loop
      vertex -9.74018 28 37.3063
      vertex -8 30 36.1436
      vertex -8 28 36.1436
    endloop
  endfacet
  facet normal -0.555553 0 -0.831481
    outer loop
      vertex -8 30 36.1436
      vertex -9.74018 28 37.3063
      vertex -9.74018 30 37.3063
    endloop
  endfacet
  facet normal 0.321422 0 0.946936
    outer loop
      vertex 4.1411 -28 65.4548
      vertex 6.12293 -30 64.7821
      vertex 6.12293 -28 64.7821
    endloop
  endfacet
  facet normal 0.321422 0 0.946936
    outer loop
      vertex 6.12293 -30 64.7821
      vertex 4.1411 -28 65.4548
      vertex 4.1411 -30 65.4548
    endloop
  endfacet
  facet normal 0.321422 0 0.946936
    outer loop
      vertex 4.1411 30 65.4548
      vertex 6.12293 28 64.7821
      vertex 6.12293 30 64.7821
    endloop
  endfacet
  facet normal 0.321422 0 0.946936
    outer loop
      vertex 6.12293 28 64.7821
      vertex 4.1411 30 65.4548
      vertex 4.1411 28 65.4548
    endloop
  endfacet
  facet normal 0.659362 0 -0.751826
    outer loop
      vertex 9.74018 -30 37.3063
      vertex 11.3137 -28 38.6863
      vertex 11.3137 -30 38.6863
    endloop
  endfacet
  facet normal 0.659362 0 -0.751826
    outer loop
      vertex 11.3137 -28 38.6863
      vertex 9.74018 -30 37.3063
      vertex 9.74018 -28 37.3063
    endloop
  endfacet
  facet normal 0.659362 0 -0.751826
    outer loop
      vertex 9.74018 28 37.3063
      vertex 11.3137 30 38.6863
      vertex 11.3137 28 38.6863
    endloop
  endfacet
  facet normal 0.659362 0 -0.751826
    outer loop
      vertex 11.3137 30 38.6863
      vertex 9.74018 28 37.3063
      vertex 9.74018 30 37.3063
    endloop
  endfacet
  facet normal 0.555553 0 -0.831481
    outer loop
      vertex 8 28 36.1436
      vertex 9.74018 30 37.3063
      vertex 9.74018 28 37.3063
    endloop
  endfacet
  facet normal 0.555553 0 -0.831481
    outer loop
      vertex 9.74018 30 37.3063
      vertex 8 28 36.1436
      vertex 8 30 36.1436
    endloop
  endfacet
  facet normal 0.555553 0 -0.831481
    outer loop
      vertex 8 -30 36.1436
      vertex 9.74018 -28 37.3063
      vertex 9.74018 -30 37.3063
    endloop
  endfacet
  facet normal 0.555553 0 -0.831481
    outer loop
      vertex 9.74018 -28 37.3063
      vertex 8 -30 36.1436
      vertex 8 -28 36.1436
    endloop
  endfacet
  facet normal 0.195089 0 0.980786
    outer loop
      vertex 2.08842 30 65.8631
      vertex 4.1411 28 65.4548
      vertex 4.1411 30 65.4548
    endloop
  endfacet
  facet normal 0.195089 0 0.980786
    outer loop
      vertex 4.1411 28 65.4548
      vertex 2.08842 30 65.8631
      vertex 2.08842 28 65.8631
    endloop
  endfacet
  facet normal 0.195089 0 0.980786
    outer loop
      vertex 2.08842 -28 65.8631
      vertex 4.1411 -30 65.4548
      vertex 4.1411 -28 65.4548
    endloop
  endfacet
  facet normal 0.195089 0 0.980786
    outer loop
      vertex 4.1411 -30 65.4548
      vertex 2.08842 -28 65.8631
      vertex 2.08842 -30 65.8631
    endloop
  endfacet
  facet normal 0.89687 -0 0.442295
    outer loop
      vertex 13.8564 -30 58
      vertex 14.7821 -28 56.1229
      vertex 13.8564 -28 58
    endloop
  endfacet
  facet normal 0.89687 0 0.442295
    outer loop
      vertex 14.7821 -28 56.1229
      vertex 13.8564 -30 58
      vertex 14.7821 -30 56.1229
    endloop
  endfacet
  facet normal 0.89687 -0 0.442295
    outer loop
      vertex 13.8564 28 58
      vertex 14.7821 30 56.1229
      vertex 13.8564 30 58
    endloop
  endfacet
  facet normal 0.89687 0 0.442295
    outer loop
      vertex 14.7821 30 56.1229
      vertex 13.8564 28 58
      vertex 14.7821 28 56.1229
    endloop
  endfacet
  facet normal -0.659418 0 -0.751777
    outer loop
      vertex -10 -30 37.5342
      vertex -9.74018 -28 37.3063
      vertex -9.74018 -30 37.3063
    endloop
  endfacet
  facet normal -0.659418 0 -0.751777
    outer loop
      vertex -9.74018 -28 37.3063
      vertex -10 -30 37.5342
      vertex -10 -28 37.5342
    endloop
  endfacet
  facet normal -0.659418 0 -0.751777
    outer loop
      vertex -10 28 37.5342
      vertex -9.74018 30 37.3063
      vertex -9.74018 28 37.3063
    endloop
  endfacet
  facet normal -0.659418 0 -0.751777
    outer loop
      vertex -9.74018 30 37.3063
      vertex -10 28 37.5342
      vertex -10 30 37.5342
    endloop
  endfacet
  facet normal 0.751835 0 -0.659351
    outer loop
      vertex 12.4658 -30 40
      vertex 11.3137 -28 38.6863
      vertex 12.4658 -28 40
    endloop
  endfacet
  facet normal 0.751835 0 -0.659351
    outer loop
      vertex 11.3137 -28 38.6863
      vertex 12.4658 -30 40
      vertex 11.3137 -30 38.6863
    endloop
  endfacet
  facet normal 0.751835 0 -0.659351
    outer loop
      vertex 12.4658 28 40
      vertex 11.3137 30 38.6863
      vertex 12.4658 30 40
    endloop
  endfacet
  facet normal 0.751835 0 -0.659351
    outer loop
      vertex 11.3137 30 38.6863
      vertex 12.4658 28 40
      vertex 11.3137 28 38.6863
    endloop
  endfacet
  facet normal 0 1 0
    outer loop
      vertex 12.4658 30 40
      vertex 11.3137 30 38.6863
      vertex -8 30 40
    endloop
  endfacet
  facet normal 0 1 0
    outer loop
      vertex -8 30 50
      vertex 0 30 66
      vertex 2.08842 30 65.8631
    endloop
  endfacet
  facet normal 0 1 0
    outer loop
      vertex -8 30 50
      vertex 2.08842 30 65.8631
      vertex 4.1411 30 65.4548
    endloop
  endfacet
  facet normal 0 1 0
    outer loop
      vertex 0 30 66
      vertex -8 30 50
      vertex -2.08842 30 65.8631
    endloop
  endfacet
  facet normal 0 1 0
    outer loop
      vertex -8 30 50
      vertex 4.1411 30 65.4548
      vertex 6.12293 30 64.7821
    endloop
  endfacet
  facet normal 0 1 0
    outer loop
      vertex -2.08842 30 65.8631
      vertex -8 30 50
      vertex -4.1411 30 65.4548
    endloop
  endfacet
  facet normal 0 1 0
    outer loop
      vertex -8 30 50
      vertex 6.12293 30 64.7821
      vertex 8 30 63.8564
    endloop
  endfacet
  facet normal 0 1 0
    outer loop
      vertex -4.1411 30 65.4548
      vertex -8 30 50
      vertex -6.12293 30 64.7821
    endloop
  endfacet
  facet normal 0 1 0
    outer loop
      vertex -8 30 50
      vertex 8 30 63.8564
      vertex 9.74018 30 62.6937
    endloop
  endfacet
  facet normal 0 1 0
    outer loop
      vertex -6.12293 30 64.7821
      vertex -8 30 50
      vertex -8 30 63.8564
    endloop
  endfacet
  facet normal 0 1 0
    outer loop
      vertex -8 30 63.8564
      vertex -8 30 50
      vertex -9.74018 30 62.6937
    endloop
  endfacet
  facet normal 0 1 0
    outer loop
      vertex -8 30 50
      vertex 9.74018 30 62.6937
      vertex 11.3137 30 61.3137
    endloop
  endfacet
  facet normal 0 1 0
    outer loop
      vertex -8 30 50
      vertex 11.3137 30 61.3137
      vertex 12.6937 30 59.7402
    endloop
  endfacet
  facet normal 0 1 0
    outer loop
      vertex -8 30 50
      vertex 12.6937 30 59.7402
      vertex 13.8564 30 58
    endloop
  endfacet
  facet normal 0 1 0
    outer loop
      vertex -8 30 50
      vertex 13.8564 30 58
      vertex 14.7821 30 56.1229
    endloop
  endfacet
  facet normal 0 1 0
    outer loop
      vertex -8 30 50
      vertex 14.7821 30 56.1229
      vertex 15.4548 30 54.1411
    endloop
  endfacet
  facet normal 0 1 0
    outer loop
      vertex -8 30 50
      vertex 15.4548 30 54.1411
      vertex 15.8631 30 52.0884
    endloop
  endfacet
  facet normal 0 1 0
    outer loop
      vertex -8 30 50
      vertex 15.8631 30 52.0884
      vertex 16 30 50
    endloop
  endfacet
  facet normal 0 1 0
    outer loop
      vertex -9.74018 30 62.6937
      vertex -8 30 50
      vertex -10 30 62.4658
    endloop
  endfacet
  facet normal 0 1 0
    outer loop
      vertex -10 30 37.5342
      vertex -8 30 50
      vertex -8 30 40
    endloop
  endfacet
  facet normal 0 1 0
    outer loop
      vertex -8 30 50
      vertex -10 30 37.5342
      vertex -10 30 62.4658
    endloop
  endfacet
  facet normal 0 1 -0
    outer loop
      vertex 9.74018 30 37.3063
      vertex -8 30 40
      vertex 11.3137 30 38.6863
    endloop
  endfacet
  facet normal 0 1 -0
    outer loop
      vertex 8 30 36.1436
      vertex -8 30 40
      vertex 9.74018 30 37.3063
    endloop
  endfacet
  facet normal 0 1 -0
    outer loop
      vertex 6.12293 30 35.2179
      vertex -8 30 40
      vertex 8 30 36.1436
    endloop
  endfacet
  facet normal -0 1 0
    outer loop
      vertex -9.74018 30 37.3063
      vertex -8 30 40
      vertex -8 30 36.1436
    endloop
  endfacet
  facet normal 0 1 0
    outer loop
      vertex -8 30 40
      vertex -9.74018 30 37.3063
      vertex -10 30 37.5342
    endloop
  endfacet
  facet normal 0 1 -0
    outer loop
      vertex 4.1411 30 34.5452
      vertex -8 30 40
      vertex 6.12293 30 35.2179
    endloop
  endfacet
  facet normal 0 1 0
    outer loop
      vertex -8 30 40
      vertex -6.12293 30 35.2179
      vertex -8 30 36.1436
    endloop
  endfacet
  facet normal 0 1 -0
    outer loop
      vertex 2.08842 30 34.1369
      vertex -8 30 40
      vertex 4.1411 30 34.5452
    endloop
  endfacet
  facet normal 0 1 0
    outer loop
      vertex -8 30 40
      vertex -4.1411 30 34.5452
      vertex -6.12293 30 35.2179
    endloop
  endfacet
  facet normal 0 1 -0
    outer loop
      vertex 0 30 34
      vertex -8 30 40
      vertex 2.08842 30 34.1369
    endloop
  endfacet
  facet normal 0 1 0
    outer loop
      vertex -8 30 40
      vertex -2.08842 30 34.1369
      vertex -4.1411 30 34.5452
    endloop
  endfacet
  facet normal 0 1 0
    outer loop
      vertex -8 30 40
      vertex 0 30 34
      vertex -2.08842 30 34.1369
    endloop
  endfacet
  facet normal 0.0654116 0 -0.997858
    outer loop
      vertex 0 28 34
      vertex 2.08842 30 34.1369
      vertex 2.08842 28 34.1369
    endloop
  endfacet
  facet normal 0.0654116 0 -0.997858
    outer loop
      vertex 2.08842 30 34.1369
      vertex 0 28 34
      vertex 0 30 34
    endloop
  endfacet
  facet normal 0.0654116 0 -0.997858
    outer loop
      vertex 0 -30 34
      vertex 2.08842 -28 34.1369
      vertex 2.08842 -30 34.1369
    endloop
  endfacet
  facet normal 0.0654116 0 -0.997858
    outer loop
      vertex 2.08842 -28 34.1369
      vertex 0 -30 34
      vertex 0 -28 34
    endloop
  endfacet
  facet normal 0.751821 -0 0.659367
    outer loop
      vertex 11.3137 -30 61.3137
      vertex 12.6937 -28 59.7402
      vertex 11.3137 -28 61.3137
    endloop
  endfacet
  facet normal 0.751821 0 0.659367
    outer loop
      vertex 12.6937 -28 59.7402
      vertex 11.3137 -30 61.3137
      vertex 12.6937 -30 59.7402
    endloop
  endfacet
  facet normal 0.751821 -0 0.659367
    outer loop
      vertex 11.3137 28 61.3137
      vertex 12.6937 30 59.7402
      vertex 11.3137 30 61.3137
    endloop
  endfacet
  facet normal 0.751821 0 0.659367
    outer loop
      vertex 12.6937 30 59.7402
      vertex 11.3137 28 61.3137
      vertex 12.6937 28 59.7402
    endloop
  endfacet
  facet normal 0.442301 0 -0.896867
    outer loop
      vertex 6.12293 28 35.2179
      vertex 8 30 36.1436
      vertex 8 28 36.1436
    endloop
  endfacet
  facet normal 0.442301 0 -0.896867
    outer loop
      vertex 8 30 36.1436
      vertex 6.12293 28 35.2179
      vertex 6.12293 30 35.2179
    endloop
  endfacet
  facet normal 0.442301 0 -0.896867
    outer loop
      vertex 6.12293 -30 35.2179
      vertex 8 -28 36.1436
      vertex 8 -30 36.1436
    endloop
  endfacet
  facet normal 0.442301 0 -0.896867
    outer loop
      vertex 8 -28 36.1436
      vertex 6.12293 -30 35.2179
      vertex 6.12293 -28 35.2179
    endloop
  endfacet
  facet normal -0.321422 0 0.946936
    outer loop
      vertex -6.12293 30 64.7821
      vertex -4.1411 28 65.4548
      vertex -4.1411 30 65.4548
    endloop
  endfacet
  facet normal -0.321422 0 0.946936
    outer loop
      vertex -4.1411 28 65.4548
      vertex -6.12293 30 64.7821
      vertex -6.12293 28 64.7821
    endloop
  endfacet
  facet normal -0.321422 0 0.946936
    outer loop
      vertex -6.12293 -28 64.7821
      vertex -4.1411 -30 65.4548
      vertex -4.1411 -28 65.4548
    endloop
  endfacet
  facet normal -0.321422 0 0.946936
    outer loop
      vertex -4.1411 -30 65.4548
      vertex -6.12293 -28 64.7821
      vertex -6.12293 -30 64.7821
    endloop
  endfacet
  facet normal -0.442301 0 -0.896867
    outer loop
      vertex -8 28 36.1436
      vertex -6.12293 30 35.2179
      vertex -6.12293 28 35.2179
    endloop
  endfacet
  facet normal -0.442301 0 -0.896867
    outer loop
      vertex -6.12293 30 35.2179
      vertex -8 28 36.1436
      vertex -8 30 36.1436
    endloop
  endfacet
  facet normal -0.442301 0 -0.896867
    outer loop
      vertex -8 -30 36.1436
      vertex -6.12293 -28 35.2179
      vertex -6.12293 -30 35.2179
    endloop
  endfacet
  facet normal -0.442301 0 -0.896867
    outer loop
      vertex -6.12293 -28 35.2179
      vertex -8 -30 36.1436
      vertex -8 -28 36.1436
    endloop
  endfacet
  facet normal 0 -1 0
    outer loop
      vertex -8 -30 50
      vertex 0 -30 66
      vertex -2.08842 -30 65.8631
    endloop
  endfacet
  facet normal 0 -1 0
    outer loop
      vertex -8 -30 50
      vertex -2.08842 -30 65.8631
      vertex -4.1411 -30 65.4548
    endloop
  endfacet
  facet normal 0 -1 -0
    outer loop
      vertex 0 -30 66
      vertex -8 -30 50
      vertex 2.08842 -30 65.8631
    endloop
  endfacet
  facet normal 0 -1 0
    outer loop
      vertex -8 -30 50
      vertex -4.1411 -30 65.4548
      vertex -6.12293 -30 64.7821
    endloop
  endfacet
  facet normal 0 -1 -0
    outer loop
      vertex 2.08842 -30 65.8631
      vertex -8 -30 50
      vertex 4.1411 -30 65.4548
    endloop
  endfacet
  facet normal 0 -1 0
    outer loop
      vertex -8 -30 50
      vertex -6.12293 -30 64.7821
      vertex -8 -30 63.8564
    endloop
  endfacet
  facet normal 0 -1 -0
    outer loop
      vertex 4.1411 -30 65.4548
      vertex -8 -30 50
      vertex 6.12293 -30 64.7821
    endloop
  endfacet
  facet normal 0 -1 0
    outer loop
      vertex -8 -30 50
      vertex -8 -30 63.8564
      vertex -9.74018 -30 62.6937
    endloop
  endfacet
  facet normal 0 -1 -0
    outer loop
      vertex 6.12293 -30 64.7821
      vertex -8 -30 50
      vertex 8 -30 63.8564
    endloop
  endfacet
  facet normal 0 -1 0
    outer loop
      vertex -8 -30 50
      vertex -9.74018 -30 62.6937
      vertex -10 -30 62.4658
    endloop
  endfacet
  facet normal 0 -1 -0
    outer loop
      vertex 8 -30 63.8564
      vertex -8 -30 50
      vertex 9.74018 -30 62.6937
    endloop
  endfacet
  facet normal 0 -1 -0
    outer loop
      vertex 9.74018 -30 62.6937
      vertex -8 -30 50
      vertex 11.3137 -30 61.3137
    endloop
  endfacet
  facet normal 0 -1 -0
    outer loop
      vertex 11.3137 -30 61.3137
      vertex -8 -30 50
      vertex 12.6937 -30 59.7402
    endloop
  endfacet
  facet normal 0 -1 -0
    outer loop
      vertex 12.6937 -30 59.7402
      vertex -8 -30 50
      vertex 13.8564 -30 58
    endloop
  endfacet
  facet normal 0 -1 -0
    outer loop
      vertex 13.8564 -30 58
      vertex -8 -30 50
      vertex 14.7821 -30 56.1229
    endloop
  endfacet
  facet normal 0 -1 -0
    outer loop
      vertex 14.7821 -30 56.1229
      vertex -8 -30 50
      vertex 15.4548 -30 54.1411
    endloop
  endfacet
  facet normal 0 -1 -0
    outer loop
      vertex 15.4548 -30 54.1411
      vertex -8 -30 50
      vertex 15.8631 -30 52.0884
    endloop
  endfacet
  facet normal 0 -1 0
    outer loop
      vertex -10 -30 37.5342
      vertex -8 -30 50
      vertex -10 -30 62.4658
    endloop
  endfacet
  facet normal 0 -1 0
    outer loop
      vertex -8 -30 40
      vertex 11.3137 -30 38.6863
      vertex 12.4658 -30 40
    endloop
  endfacet
  facet normal 0 -1 -0
    outer loop
      vertex -8 -30 50
      vertex -10 -30 37.5342
      vertex -8 -30 40
    endloop
  endfacet
  facet normal 0 -1 0
    outer loop
      vertex -9.74018 -30 37.3063
      vertex -8 -30 40
      vertex -10 -30 37.5342
    endloop
  endfacet
  facet normal 0 -1 -0
    outer loop
      vertex -8 -30 40
      vertex -9.74018 -30 37.3063
      vertex -8 -30 36.1436
    endloop
  endfacet
  facet normal 0 -1 0
    outer loop
      vertex -8 -30 40
      vertex 9.74018 -30 37.3063
      vertex 11.3137 -30 38.6863
    endloop
  endfacet
  facet normal 0 -1 0
    outer loop
      vertex -6.12293 -30 35.2179
      vertex -8 -30 40
      vertex -8 -30 36.1436
    endloop
  endfacet
  facet normal 0 -1 0
    outer loop
      vertex -8 -30 40
      vertex 8 -30 36.1436
      vertex 9.74018 -30 37.3063
    endloop
  endfacet
  facet normal 0 -1 0
    outer loop
      vertex -4.1411 -30 34.5452
      vertex -8 -30 40
      vertex -6.12293 -30 35.2179
    endloop
  endfacet
  facet normal 0 -1 0
    outer loop
      vertex -8 -30 40
      vertex 6.12293 -30 35.2179
      vertex 8 -30 36.1436
    endloop
  endfacet
  facet normal 0 -1 0
    outer loop
      vertex -2.08842 -30 34.1369
      vertex -8 -30 40
      vertex -4.1411 -30 34.5452
    endloop
  endfacet
  facet normal 0 -1 0
    outer loop
      vertex -8 -30 40
      vertex 4.1411 -30 34.5452
      vertex 6.12293 -30 35.2179
    endloop
  endfacet
  facet normal 0 -1 0
    outer loop
      vertex 0 -30 34
      vertex -8 -30 40
      vertex -2.08842 -30 34.1369
    endloop
  endfacet
  facet normal 0 -1 0
    outer loop
      vertex -8 -30 40
      vertex 2.08842 -30 34.1369
      vertex 4.1411 -30 34.5452
    endloop
  endfacet
  facet normal 0 -1 0
    outer loop
      vertex -8 -30 40
      vertex 0 -30 34
      vertex 2.08842 -30 34.1369
    endloop
  endfacet
  facet normal 0 -1 -0
    outer loop
      vertex 15.8631 -30 52.0884
      vertex -8 -30 50
      vertex 16 -30 50
    endloop
  endfacet
  facet normal 0.99786 0 -0.0653877
    outer loop
      vertex 87 -28 50
      vertex 86.8546 28 47.7811
      vertex 87 28 50
    endloop
  endfacet
  facet normal 0.99786 0 -0.0653877
    outer loop
      vertex 86.8546 28 47.7811
      vertex 87 -28 50
      vertex 86.8546 -28 47.7811
    endloop
  endfacet
  facet normal 0.0653877 0 0.99786
    outer loop
      vertex 70 28 67
      vertex 72.2189 -28 66.8546
      vertex 72.2189 28 66.8546
    endloop
  endfacet
  facet normal 0.0653877 0 0.99786
    outer loop
      vertex 72.2189 -28 66.8546
      vertex 70 28 67
      vertex 70 -28 67
    endloop
  endfacet
  facet normal -0 0 1
    outer loop
      vertex 0 28 67
      vertex 70 -28 67
      vertex 70 28 67
    endloop
  endfacet
  facet normal 0 0 1
    outer loop
      vertex 70 -28 67
      vertex 0 28 67
      vertex 0 -28 67
    endloop
  endfacet
  facet normal 0.751844 -0 0.659342
    outer loop
      vertex 82.0208 -28 62.0208
      vertex 83.487 28 60.3489
      vertex 82.0208 28 62.0208
    endloop
  endfacet
  facet normal 0.751844 0 0.659342
    outer loop
      vertex 83.487 28 60.3489
      vertex 82.0208 -28 62.0208
      vertex 83.487 -28 60.3489
    endloop
  endfacet
  facet normal -0.442318 0 -0.896858
    outer loop
      vertex -8.5 -28 35.2776
      vertex -6.50562 28 34.294
      vertex -6.50562 -28 34.294
    endloop
  endfacet
  facet normal -0.442318 0 -0.896858
    outer loop
      vertex -6.50562 28 34.294
      vertex -8.5 -28 35.2776
      vertex -8.5 28 35.2776
    endloop
  endfacet
  facet normal -0.321444 0 0.946929
    outer loop
      vertex -6.50562 28 65.7059
      vertex -4.39992 -28 66.4207
      vertex -4.39992 28 66.4207
    endloop
  endfacet
  facet normal -0.321444 0 0.946929
    outer loop
      vertex -4.39992 -28 66.4207
      vertex -6.50562 28 65.7059
      vertex -6.50562 -28 65.7059
    endloop
  endfacet
  facet normal 0 0 -1
    outer loop
      vertex 0 -28 33
      vertex 70 28 33
      vertex 70 -28 33
    endloop
  endfacet
  facet normal -0 0 -1
    outer loop
      vertex 70 28 33
      vertex 0 -28 33
      vertex 0 28 33
    endloop
  endfacet
  facet normal -0.555544 0 -0.831487
    outer loop
      vertex -10 -28 36.2798
      vertex -8.5 28 35.2776
      vertex -8.5 -28 35.2776
    endloop
  endfacet
  facet normal -0.555544 0 -0.831487
    outer loop
      vertex -8.5 28 35.2776
      vertex -10 -28 36.2798
      vertex -10 28 36.2798
    endloop
  endfacet
  facet normal 0.321444 0 0.946929
    outer loop
      vertex 74.3999 28 66.4207
      vertex 76.5056 -28 65.7059
      vertex 76.5056 28 65.7059
    endloop
  endfacet
  facet normal 0.321444 0 0.946929
    outer loop
      vertex 76.5056 -28 65.7059
      vertex 74.3999 28 66.4207
      vertex 74.3999 -28 66.4207
    endloop
  endfacet
  facet normal -0.195123 0 0.980779
    outer loop
      vertex -4.39992 28 66.4207
      vertex -2.21894 -28 66.8546
      vertex -2.21894 28 66.8546
    endloop
  endfacet
  facet normal -0.195123 0 0.980779
    outer loop
      vertex -2.21894 -28 66.8546
      vertex -4.39992 28 66.4207
      vertex -4.39992 -28 66.4207
    endloop
  endfacet
  facet normal -0.0653866 0 -0.99786
    outer loop
      vertex -2.21894 -28 33.1454
      vertex 0 28 33
      vertex 0 -28 33
    endloop
  endfacet
  facet normal -0.0653866 0 -0.99786
    outer loop
      vertex 0 28 33
      vertex -2.21894 -28 33.1454
      vertex -2.21894 28 33.1454
    endloop
  endfacet
  facet normal -0.0653866 0 0.99786
    outer loop
      vertex -2.21894 28 66.8546
      vertex 0 -28 67
      vertex 0 28 67
    endloop
  endfacet
  facet normal -0.0653866 0 0.99786
    outer loop
      vertex 0 -28 67
      vertex -2.21894 28 66.8546
      vertex -2.21894 -28 66.8546
    endloop
  endfacet
  facet normal 0.442314 0 -0.89686
    outer loop
      vertex 76.5056 -28 34.294
      vertex 78.5 28 35.2776
      vertex 78.5 -28 35.2776
    endloop
  endfacet
  facet normal 0.442314 0 -0.89686
    outer loop
      vertex 78.5 28 35.2776
      vertex 76.5056 -28 34.294
      vertex 76.5056 28 34.294
    endloop
  endfacet
  facet normal 0.751844 0 -0.659342
    outer loop
      vertex 83.487 -28 39.6511
      vertex 82.0208 28 37.9792
      vertex 83.487 28 39.6511
    endloop
  endfacet
  facet normal 0.751844 0 -0.659342
    outer loop
      vertex 82.0208 28 37.9792
      vertex 83.487 -28 39.6511
      vertex 82.0208 -28 37.9792
    endloop
  endfacet
  facet normal 0.442278 0 0.896878
    outer loop
      vertex 76.5056 28 65.7059
      vertex 78.5 -28 64.7224
      vertex 78.5 28 64.7224
    endloop
  endfacet
  facet normal 0.442278 0 0.896878
    outer loop
      vertex 78.5 -28 64.7224
      vertex 76.5056 28 65.7059
      vertex 76.5056 -28 65.7059
    endloop
  endfacet
  facet normal 0.195122 0 0.980779
    outer loop
      vertex 72.2189 28 66.8546
      vertex 74.3999 -28 66.4207
      vertex 74.3999 28 66.4207
    endloop
  endfacet
  facet normal 0.195122 0 0.980779
    outer loop
      vertex 74.3999 -28 66.4207
      vertex 72.2189 28 66.8546
      vertex 72.2189 -28 66.8546
    endloop
  endfacet
  facet normal 0.555572 0 0.831469
    outer loop
      vertex 78.5 28 64.7224
      vertex 80.3489 -28 63.487
      vertex 80.3489 28 63.487
    endloop
  endfacet
  facet normal 0.555572 0 0.831469
    outer loop
      vertex 80.3489 -28 63.487
      vertex 78.5 28 64.7224
      vertex 78.5 -28 64.7224
    endloop
  endfacet
  facet normal 0.896878 0 -0.442278
    outer loop
      vertex 85.7059 -28 43.4944
      vertex 84.7224 28 41.5
      vertex 85.7059 28 43.4944
    endloop
  endfacet
  facet normal 0.896878 0 -0.442278
    outer loop
      vertex 84.7224 28 41.5
      vertex 85.7059 -28 43.4944
      vertex 84.7224 -28 41.5
    endloop
  endfacet
  facet normal 0 1 0
    outer loop
      vertex 70 28 67
      vertex 65.8589 28 65.4548
      vertex 0 28 67
    endloop
  endfacet
  facet normal 0 1 0
    outer loop
      vertex 0 28 67
      vertex 2.08842 28 65.8631
      vertex 0 28 66
    endloop
  endfacet
  facet normal 0 1 -0
    outer loop
      vertex 4.1411 28 65.4548
      vertex 0 28 67
      vertex 65.8589 28 65.4548
    endloop
  endfacet
  facet normal 0 1 0
    outer loop
      vertex 0 28 67
      vertex 4.1411 28 65.4548
      vertex 2.08842 28 65.8631
    endloop
  endfacet
  facet normal 0 1 -0
    outer loop
      vertex 63.8771 28 64.7821
      vertex 4.1411 28 65.4548
      vertex 65.8589 28 65.4548
    endloop
  endfacet
  facet normal 0 1 0
    outer loop
      vertex 63.8771 28 64.7821
      vertex 6.12293 28 64.7821
      vertex 4.1411 28 65.4548
    endloop
  endfacet
  facet normal 0 1 -0
    outer loop
      vertex 62 28 63.8564
      vertex 6.12293 28 64.7821
      vertex 63.8771 28 64.7821
    endloop
  endfacet
  facet normal 0 1 0
    outer loop
      vertex 62 28 63.8564
      vertex 8 28 63.8564
      vertex 6.12293 28 64.7821
    endloop
  endfacet
  facet normal 0 1 -0
    outer loop
      vertex 60.2598 28 62.6937
      vertex 8 28 63.8564
      vertex 62 28 63.8564
    endloop
  endfacet
  facet normal 0 1 0
    outer loop
      vertex 60.2598 28 62.6937
      vertex 9.74018 28 62.6937
      vertex 8 28 63.8564
    endloop
  endfacet
  facet normal 0 1 -0
    outer loop
      vertex 58.6863 28 61.3137
      vertex 9.74018 28 62.6937
      vertex 60.2598 28 62.6937
    endloop
  endfacet
  facet normal 0 1 0
    outer loop
      vertex 58.6863 28 61.3137
      vertex 11.3137 28 61.3137
      vertex 9.74018 28 62.6937
    endloop
  endfacet
  facet normal 0 1 -0
    outer loop
      vertex 57.3063 28 59.7402
      vertex 11.3137 28 61.3137
      vertex 58.6863 28 61.3137
    endloop
  endfacet
  facet normal 0 1 0
    outer loop
      vertex 57.3063 28 59.7402
      vertex 12.6937 28 59.7402
      vertex 11.3137 28 61.3137
    endloop
  endfacet
  facet normal 0 1 -0
    outer loop
      vertex 56.1436 28 58
      vertex 12.6937 28 59.7402
      vertex 57.3063 28 59.7402
    endloop
  endfacet
  facet normal 0 1 0
    outer loop
      vertex 56.1436 28 58
      vertex 13.8564 28 58
      vertex 12.6937 28 59.7402
    endloop
  endfacet
  facet normal 0 1 -0
    outer loop
      vertex 55.2179 28 56.1229
      vertex 13.8564 28 58
      vertex 56.1436 28 58
    endloop
  endfacet
  facet normal 0 1 0
    outer loop
      vertex 55.2179 28 56.1229
      vertex 14.7821 28 56.1229
      vertex 13.8564 28 58
    endloop
  endfacet
  facet normal 0 1 -0
    outer loop
      vertex 54.5452 28 54.1411
      vertex 14.7821 28 56.1229
      vertex 55.2179 28 56.1229
    endloop
  endfacet
  facet normal 0 1 0
    outer loop
      vertex 54.5452 28 54.1411
      vertex 15.4548 28 54.1411
      vertex 14.7821 28 56.1229
    endloop
  endfacet
  facet normal 0 1 -0
    outer loop
      vertex 54.1369 28 52.0884
      vertex 15.4548 28 54.1411
      vertex 54.5452 28 54.1411
    endloop
  endfacet
  facet normal 0 1 0
    outer loop
      vertex 54.1369 28 52.0884
      vertex 15.8631 28 52.0884
      vertex 15.4548 28 54.1411
    endloop
  endfacet
  facet normal 0 1 -0
    outer loop
      vertex 54 28 50
      vertex 15.8631 28 52.0884
      vertex 54.1369 28 52.0884
    endloop
  endfacet
  facet normal 0 1 0
    outer loop
      vertex 15.8631 28 52.0884
      vertex 54 28 50
      vertex 16 28 50
    endloop
  endfacet
  facet normal 0 1 0
    outer loop
      vertex 70 28 66
      vertex 70 28 67
      vertex 72.2189 28 66.8546
    endloop
  endfacet
  facet normal 0 1 0
    outer loop
      vertex 67.9116 28 65.8631
      vertex 70 28 67
      vertex 70 28 66
    endloop
  endfacet
  facet normal 0 1 0
    outer loop
      vertex 72.0884 28 65.8631
      vertex 72.2189 28 66.8546
      vertex 74.3999 28 66.4207
    endloop
  endfacet
  facet normal 0 1 0
    outer loop
      vertex 65.8589 28 65.4548
      vertex 70 28 67
      vertex 67.9116 28 65.8631
    endloop
  endfacet
  facet normal 0 1 0
    outer loop
      vertex 0 28 67
      vertex 0 28 66
      vertex -2.21894 28 66.8546
    endloop
  endfacet
  facet normal 0 1 0
    outer loop
      vertex 72.2189 28 66.8546
      vertex 72.0884 28 65.8631
      vertex 70 28 66
    endloop
  endfacet
  facet normal 0 1 0
    outer loop
      vertex 74.1411 28 65.4548
      vertex 74.3999 28 66.4207
      vertex 76.5056 28 65.7059
    endloop
  endfacet
  facet normal 0 1 0
    outer loop
      vertex 74.3999 28 66.4207
      vertex 74.1411 28 65.4548
      vertex 72.0884 28 65.8631
    endloop
  endfacet
  facet normal 0 1 0
    outer loop
      vertex 76.5056 28 65.7059
      vertex 76.1229 28 64.7821
      vertex 74.1411 28 65.4548
    endloop
  endfacet
  facet normal 0 1 0
    outer loop
      vertex 78.5 28 64.7224
      vertex 76.1229 28 64.7821
      vertex 76.5056 28 65.7059
    endloop
  endfacet
  facet normal 0 1 0
    outer loop
      vertex 78.5 28 64.7224
      vertex 78 28 63.8564
      vertex 76.1229 28 64.7821
    endloop
  endfacet
  facet normal 0 1 0
    outer loop
      vertex 80.3489 28 63.487
      vertex 78 28 63.8564
      vertex 78.5 28 64.7224
    endloop
  endfacet
  facet normal 0 1 0
    outer loop
      vertex 80.3489 28 63.487
      vertex 79.7402 28 62.6937
      vertex 78 28 63.8564
    endloop
  endfacet
  facet normal 0 1 0
    outer loop
      vertex 82.0208 28 62.0208
      vertex 79.7402 28 62.6937
      vertex 80.3489 28 63.487
    endloop
  endfacet
  facet normal 0 1 0
    outer loop
      vertex 82.0208 28 62.0208
      vertex 81.3137 28 61.3137
      vertex 79.7402 28 62.6937
    endloop
  endfacet
  facet normal 0 1 0
    outer loop
      vertex 83.487 28 60.3489
      vertex 81.3137 28 61.3137
      vertex 82.0208 28 62.0208
    endloop
  endfacet
  facet normal 0 1 0
    outer loop
      vertex 83.487 28 60.3489
      vertex 82.6936 28 59.7402
      vertex 81.3137 28 61.3137
    endloop
  endfacet
  facet normal 0 1 0
    outer loop
      vertex 84.7224 28 58.5
      vertex 82.6936 28 59.7402
      vertex 83.487 28 60.3489
    endloop
  endfacet
  facet normal 0 1 0
    outer loop
      vertex 84.7224 28 58.5
      vertex 83.8564 28 58
      vertex 82.6936 28 59.7402
    endloop
  endfacet
  facet normal 0 1 0
    outer loop
      vertex 85.7059 28 56.5056
      vertex 83.8564 28 58
      vertex 84.7224 28 58.5
    endloop
  endfacet
  facet normal 0 1 0
    outer loop
      vertex 85.7059 28 56.5056
      vertex 84.7821 28 56.1229
      vertex 83.8564 28 58
    endloop
  endfacet
  facet normal 0 1 0
    outer loop
      vertex 86.4207 28 54.3999
      vertex 84.7821 28 56.1229
      vertex 85.7059 28 56.5056
    endloop
  endfacet
  facet normal 0 1 0
    outer loop
      vertex 86.4207 28 54.3999
      vertex 85.4548 28 54.1411
      vertex 84.7821 28 56.1229
    endloop
  endfacet
  facet normal 0 1 0
    outer loop
      vertex 86.8546 28 52.2189
      vertex 85.4548 28 54.1411
      vertex 86.4207 28 54.3999
    endloop
  endfacet
  facet normal 0 1 0
    outer loop
      vertex 86.8546 28 52.2189
      vertex 85.8631 28 52.0884
      vertex 85.4548 28 54.1411
    endloop
  endfacet
  facet normal 0 1 0
    outer loop
      vertex 87 28 50
      vertex 85.8631 28 52.0884
      vertex 86.8546 28 52.2189
    endloop
  endfacet
  facet normal 0 1 0
    outer loop
      vertex 87 28 50
      vertex 86 28 50
      vertex 85.8631 28 52.0884
    endloop
  endfacet
  facet normal 0 1 0
    outer loop
      vertex 87 28 50
      vertex 85.8631 28 47.9116
      vertex 86 28 50
    endloop
  endfacet
  facet normal 0 1 -0
    outer loop
      vertex 86.8546 28 47.7811
      vertex 85.8631 28 47.9116
      vertex 87 28 50
    endloop
  endfacet
  facet normal 0 1 0
    outer loop
      vertex 86.8546 28 47.7811
      vertex 85.4548 28 45.8589
      vertex 85.8631 28 47.9116
    endloop
  endfacet
  facet normal 0 1 -0
    outer loop
      vertex 86.4207 28 45.6001
      vertex 85.4548 28 45.8589
      vertex 86.8546 28 47.7811
    endloop
  endfacet
  facet normal 0 1 0
    outer loop
      vertex 86.4207 28 45.6001
      vertex 84.7821 28 43.8771
      vertex 85.4548 28 45.8589
    endloop
  endfacet
  facet normal 0 1 -0
    outer loop
      vertex 85.7059 28 43.4944
      vertex 84.7821 28 43.8771
      vertex 86.4207 28 45.6001
    endloop
  endfacet
  facet normal 0 1 0
    outer loop
      vertex 85.7059 28 43.4944
      vertex 83.8564 28 42
      vertex 84.7821 28 43.8771
    endloop
  endfacet
  facet normal 0 1 -0
    outer loop
      vertex 84.7224 28 41.5
      vertex 83.8564 28 42
      vertex 85.7059 28 43.4944
    endloop
  endfacet
  facet normal 0 1 0
    outer loop
      vertex 84.7224 28 41.5
      vertex 82.6936 28 40.2598
      vertex 83.8564 28 42
    endloop
  endfacet
  facet normal 0 1 -0
    outer loop
      vertex 83.487 28 39.6511
      vertex 82.6936 28 40.2598
      vertex 84.7224 28 41.5
    endloop
  endfacet
  facet normal 0 1 0
    outer loop
      vertex 83.487 28 39.6511
      vertex 81.3137 28 38.6863
      vertex 82.6936 28 40.2598
    endloop
  endfacet
  facet normal 0 1 -0
    outer loop
      vertex 82.0208 28 37.9792
      vertex 81.3137 28 38.6863
      vertex 83.487 28 39.6511
    endloop
  endfacet
  facet normal 0 1 0
    outer loop
      vertex 82.0208 28 37.9792
      vertex 79.7402 28 37.3063
      vertex 81.3137 28 38.6863
    endloop
  endfacet
  facet normal 0 1 -0
    outer loop
      vertex 80.3489 28 36.513
      vertex 79.7402 28 37.3063
      vertex 82.0208 28 37.9792
    endloop
  endfacet
  facet normal 0 1 0
    outer loop
      vertex 80.3489 28 36.513
      vertex 78 28 36.1436
      vertex 79.7402 28 37.3063
    endloop
  endfacet
  facet normal 0 1 -0
    outer loop
      vertex 78.5 28 35.2776
      vertex 78 28 36.1436
      vertex 80.3489 28 36.513
    endloop
  endfacet
  facet normal 0 1 0
    outer loop
      vertex 78.5 28 35.2776
      vertex 76.1229 28 35.2179
      vertex 78 28 36.1436
    endloop
  endfacet
  facet normal 0 1 -0
    outer loop
      vertex 76.5056 28 34.294
      vertex 76.1229 28 35.2179
      vertex 78.5 28 35.2776
    endloop
  endfacet
  facet normal 0 1 0
    outer loop
      vertex 76.1229 28 35.2179
      vertex 76.5056 28 34.294
      vertex 74.1411 28 34.5452
    endloop
  endfacet
  facet normal 0 1 -0
    outer loop
      vertex 74.3999 28 33.5793
      vertex 74.1411 28 34.5452
      vertex 76.5056 28 34.294
    endloop
  endfacet
  facet normal 0 1 0
    outer loop
      vertex 74.1411 28 34.5452
      vertex 74.3999 28 33.5793
      vertex 72.0884 28 34.1369
    endloop
  endfacet
  facet normal 0 1 0
    outer loop
      vertex 0 28 33
      vertex 4.1411 28 34.5452
      vertex 70 28 33
    endloop
  endfacet
  facet normal 0 1 -0
    outer loop
      vertex 72.2189 28 33.1454
      vertex 72.0884 28 34.1369
      vertex 74.3999 28 33.5793
    endloop
  endfacet
  facet normal 0 1 -0
    outer loop
      vertex -2.08842 28 65.8631
      vertex -2.21894 28 66.8546
      vertex 0 28 66
    endloop
  endfacet
  facet normal 0 1 0
    outer loop
      vertex -2.21894 28 66.8546
      vertex -2.08842 28 65.8631
      vertex -4.39992 28 66.4207
    endloop
  endfacet
  facet normal 0 1 -0
    outer loop
      vertex -4.1411 28 65.4548
      vertex -4.39992 28 66.4207
      vertex -2.08842 28 65.8631
    endloop
  endfacet
  facet normal 0 1 0
    outer loop
      vertex -4.39992 28 66.4207
      vertex -4.1411 28 65.4548
      vertex -6.50562 28 65.7059
    endloop
  endfacet
  facet normal 0 1 -0
    outer loop
      vertex -6.12293 28 64.7821
      vertex -6.50562 28 65.7059
      vertex -4.1411 28 65.4548
    endloop
  endfacet
  facet normal 0 1 0
    outer loop
      vertex -6.12293 28 64.7821
      vertex -8.5 28 64.7224
      vertex -6.50562 28 65.7059
    endloop
  endfacet
  facet normal 0 1 -0
    outer loop
      vertex -8 28 63.8564
      vertex -8.5 28 64.7224
      vertex -6.12293 28 64.7821
    endloop
  endfacet
  facet normal 0 1 0
    outer loop
      vertex -8 28 63.8564
      vertex -10 28 63.7202
      vertex -8.5 28 64.7224
    endloop
  endfacet
  facet normal 0 1 -0
    outer loop
      vertex -9.74018 28 62.6937
      vertex -10 28 63.7202
      vertex -8 28 63.8564
    endloop
  endfacet
  facet normal 0 1 0
    outer loop
      vertex -10 28 63.7202
      vertex -9.74018 28 62.6937
      vertex -10 28 62.4658
    endloop
  endfacet
  facet normal 0 1 0
    outer loop
      vertex 58.6863 28 38.6863
      vertex 12.4658 28 40
      vertex 57.5342 28 40
    endloop
  endfacet
  facet normal 0 1 0
    outer loop
      vertex 58.6863 28 38.6863
      vertex 11.3137 28 38.6863
      vertex 12.4658 28 40
    endloop
  endfacet
  facet normal 0 1 0
    outer loop
      vertex 60.2598 28 37.3063
      vertex 11.3137 28 38.6863
      vertex 58.6863 28 38.6863
    endloop
  endfacet
  facet normal 0 1 0
    outer loop
      vertex 60.2598 28 37.3063
      vertex 9.74018 28 37.3063
      vertex 11.3137 28 38.6863
    endloop
  endfacet
  facet normal 0 1 0
    outer loop
      vertex 62 28 36.1436
      vertex 9.74018 28 37.3063
      vertex 60.2598 28 37.3063
    endloop
  endfacet
  facet normal 0 1 0
    outer loop
      vertex 62 28 36.1436
      vertex 8 28 36.1436
      vertex 9.74018 28 37.3063
    endloop
  endfacet
  facet normal 0 1 0
    outer loop
      vertex 63.8771 28 35.2179
      vertex 8 28 36.1436
      vertex 62 28 36.1436
    endloop
  endfacet
  facet normal 0 1 0
    outer loop
      vertex 63.8771 28 35.2179
      vertex 6.12293 28 35.2179
      vertex 8 28 36.1436
    endloop
  endfacet
  facet normal 0 1 0
    outer loop
      vertex 65.8589 28 34.5452
      vertex 6.12293 28 35.2179
      vertex 63.8771 28 35.2179
    endloop
  endfacet
  facet normal 0 1 0
    outer loop
      vertex 65.8589 28 34.5452
      vertex 4.1411 28 34.5452
      vertex 6.12293 28 35.2179
    endloop
  endfacet
  facet normal 0 1 0
    outer loop
      vertex 70 28 33
      vertex 65.8589 28 34.5452
      vertex 67.9116 28 34.1369
    endloop
  endfacet
  facet normal 0 1 0
    outer loop
      vertex 65.8589 28 34.5452
      vertex 70 28 33
      vertex 4.1411 28 34.5452
    endloop
  endfacet
  facet normal 0 1 0
    outer loop
      vertex 72.0884 28 34.1369
      vertex 70 28 33
      vertex 70 28 34
    endloop
  endfacet
  facet normal 0 1 0
    outer loop
      vertex 70 28 34
      vertex 70 28 33
      vertex 67.9116 28 34.1369
    endloop
  endfacet
  facet normal 0 1 0
    outer loop
      vertex -9.74018 28 37.3063
      vertex -10 28 36.2798
      vertex -10 28 37.5342
    endloop
  endfacet
  facet normal 0 1 0
    outer loop
      vertex -8 28 36.1436
      vertex -10 28 36.2798
      vertex -9.74018 28 37.3063
    endloop
  endfacet
  facet normal 0 1 0
    outer loop
      vertex -8 28 36.1436
      vertex -8.5 28 35.2776
      vertex -10 28 36.2798
    endloop
  endfacet
  facet normal 0 1 0
    outer loop
      vertex -6.12293 28 35.2179
      vertex -8.5 28 35.2776
      vertex -8 28 36.1436
    endloop
  endfacet
  facet normal 0 1 0
    outer loop
      vertex -6.50562 28 34.294
      vertex -6.12293 28 35.2179
      vertex -4.1411 28 34.5452
    endloop
  endfacet
  facet normal 0 1 0
    outer loop
      vertex -6.12293 28 35.2179
      vertex -6.50562 28 34.294
      vertex -8.5 28 35.2776
    endloop
  endfacet
  facet normal 0 1 0
    outer loop
      vertex -4.39992 28 33.5793
      vertex -4.1411 28 34.5452
      vertex -2.08842 28 34.1369
    endloop
  endfacet
  facet normal 0 1 0
    outer loop
      vertex -2.21894 28 33.1454
      vertex -2.08842 28 34.1369
      vertex 0 28 34
    endloop
  endfacet
  facet normal 0 1 0
    outer loop
      vertex -4.1411 28 34.5452
      vertex -4.39992 28 33.5793
      vertex -6.50562 28 34.294
    endloop
  endfacet
  facet normal 0 1 0
    outer loop
      vertex 4.1411 28 34.5452
      vertex 0 28 33
      vertex 2.08842 28 34.1369
    endloop
  endfacet
  facet normal 0 1 0
    outer loop
      vertex 72.0884 28 34.1369
      vertex 72.2189 28 33.1454
      vertex 70 28 33
    endloop
  endfacet
  facet normal 0 1 0
    outer loop
      vertex 2.08842 28 34.1369
      vertex 0 28 33
      vertex 0 28 34
    endloop
  endfacet
  facet normal -0 1 0
    outer loop
      vertex -2.21894 28 33.1454
      vertex 0 28 34
      vertex 0 28 33
    endloop
  endfacet
  facet normal 0 1 0
    outer loop
      vertex -2.08842 28 34.1369
      vertex -2.21894 28 33.1454
      vertex -4.39992 28 33.5793
    endloop
  endfacet
  facet normal 0.831469 0 -0.555572
    outer loop
      vertex 84.7224 -28 41.5
      vertex 83.487 28 39.6511
      vertex 84.7224 28 41.5
    endloop
  endfacet
  facet normal 0.831469 0 -0.555572
    outer loop
      vertex 83.487 28 39.6511
      vertex 84.7224 -28 41.5
      vertex 83.487 -28 39.6511
    endloop
  endfacet
  facet normal 0.0653877 0 -0.99786
    outer loop
      vertex 70 -28 33
      vertex 72.2189 28 33.1454
      vertex 72.2189 -28 33.1454
    endloop
  endfacet
  facet normal 0.0653877 0 -0.99786
    outer loop
      vertex 72.2189 28 33.1454
      vertex 70 -28 33
      vertex 70 28 33
    endloop
  endfacet
  facet normal -0.555544 0 0.831487
    outer loop
      vertex -10 28 63.7202
      vertex -8.5 -28 64.7224
      vertex -8.5 28 64.7224
    endloop
  endfacet
  facet normal -0.555544 0 0.831487
    outer loop
      vertex -8.5 -28 64.7224
      vertex -10 28 63.7202
      vertex -10 -28 63.7202
    endloop
  endfacet
  facet normal -0.442282 0 0.896876
    outer loop
      vertex -8.5 28 64.7224
      vertex -6.50562 -28 65.7059
      vertex -6.50562 28 65.7059
    endloop
  endfacet
  facet normal -0.442282 0 0.896876
    outer loop
      vertex -6.50562 -28 65.7059
      vertex -8.5 28 64.7224
      vertex -8.5 -28 64.7224
    endloop
  endfacet
  facet normal 0.659342 0 -0.751844
    outer loop
      vertex 80.3489 -28 36.513
      vertex 82.0208 28 37.9792
      vertex 82.0208 -28 37.9792
    endloop
  endfacet
  facet normal 0.659342 0 -0.751844
    outer loop
      vertex 82.0208 28 37.9792
      vertex 80.3489 -28 36.513
      vertex 80.3489 28 36.513
    endloop
  endfacet
  facet normal 0.831469 -0 0.555572
    outer loop
      vertex 83.487 -28 60.3489
      vertex 84.7224 28 58.5
      vertex 83.487 28 60.3489
    endloop
  endfacet
  facet normal 0.831469 0 0.555572
    outer loop
      vertex 84.7224 28 58.5
      vertex 83.487 -28 60.3489
      vertex 84.7224 -28 58.5
    endloop
  endfacet
  facet normal -0.195123 0 -0.980779
    outer loop
      vertex -4.39992 -28 33.5793
      vertex -2.21894 28 33.1454
      vertex -2.21894 -28 33.1454
    endloop
  endfacet
  facet normal -0.195123 0 -0.980779
    outer loop
      vertex -2.21894 28 33.1454
      vertex -4.39992 -28 33.5793
      vertex -4.39992 28 33.5793
    endloop
  endfacet
  facet normal -0.321404 0 -0.946942
    outer loop
      vertex -6.50562 -28 34.294
      vertex -4.39992 28 33.5793
      vertex -4.39992 -28 33.5793
    endloop
  endfacet
  facet normal -0.321404 0 -0.946942
    outer loop
      vertex -4.39992 28 33.5793
      vertex -6.50562 -28 34.294
      vertex -6.50562 28 34.294
    endloop
  endfacet
  facet normal 0.321404 0 -0.946942
    outer loop
      vertex 74.3999 -28 33.5793
      vertex 76.5056 28 34.294
      vertex 76.5056 -28 34.294
    endloop
  endfacet
  facet normal 0.321404 0 -0.946942
    outer loop
      vertex 76.5056 28 34.294
      vertex 74.3999 -28 33.5793
      vertex 74.3999 28 33.5793
    endloop
  endfacet
  facet normal 0.896878 -0 0.442278
    outer loop
      vertex 84.7224 -28 58.5
      vertex 85.7059 28 56.5056
      vertex 84.7224 28 58.5
    endloop
  endfacet
  facet normal 0.896878 0 0.442278
    outer loop
      vertex 85.7059 28 56.5056
      vertex 84.7224 -28 58.5
      vertex 85.7059 -28 56.5056
    endloop
  endfacet
  facet normal 0.946929 -0 0.321444
    outer loop
      vertex 85.7059 -28 56.5056
      vertex 86.4207 28 54.3999
      vertex 85.7059 28 56.5056
    endloop
  endfacet
  facet normal 0.946929 0 0.321444
    outer loop
      vertex 86.4207 28 54.3999
      vertex 85.7059 -28 56.5056
      vertex 86.4207 -28 54.3999
    endloop
  endfacet
  facet normal 0.980779 0 -0.195122
    outer loop
      vertex 86.8546 -28 47.7811
      vertex 86.4207 28 45.6001
      vertex 86.8546 28 47.7811
    endloop
  endfacet
  facet normal 0.980779 0 -0.195122
    outer loop
      vertex 86.4207 28 45.6001
      vertex 86.8546 -28 47.7811
      vertex 86.4207 -28 45.6001
    endloop
  endfacet
  facet normal 0.946929 0 -0.321444
    outer loop
      vertex 86.4207 -28 45.6001
      vertex 85.7059 28 43.4944
      vertex 86.4207 28 45.6001
    endloop
  endfacet
  facet normal 0.946929 0 -0.321444
    outer loop
      vertex 85.7059 28 43.4944
      vertex 86.4207 -28 45.6001
      vertex 85.7059 -28 43.4944
    endloop
  endfacet
  facet normal 0.195122 0 -0.980779
    outer loop
      vertex 72.2189 -28 33.1454
      vertex 74.3999 28 33.5793
      vertex 74.3999 -28 33.5793
    endloop
  endfacet
  facet normal 0.195122 0 -0.980779
    outer loop
      vertex 74.3999 28 33.5793
      vertex 72.2189 -28 33.1454
      vertex 72.2189 28 33.1454
    endloop
  endfacet
  facet normal 0.659342 0 0.751844
    outer loop
      vertex 80.3489 28 63.487
      vertex 82.0208 -28 62.0208
      vertex 82.0208 28 62.0208
    endloop
  endfacet
  facet normal 0.659342 0 0.751844
    outer loop
      vertex 82.0208 -28 62.0208
      vertex 80.3489 28 63.487
      vertex 80.3489 -28 63.487
    endloop
  endfacet
  facet normal 0.555572 0 -0.831469
    outer loop
      vertex 78.5 -28 35.2776
      vertex 80.3489 28 36.513
      vertex 80.3489 -28 36.513
    endloop
  endfacet
  facet normal 0.555572 0 -0.831469
    outer loop
      vertex 80.3489 28 36.513
      vertex 78.5 -28 35.2776
      vertex 78.5 28 35.2776
    endloop
  endfacet
  facet normal 0.99786 -0 0.0653877
    outer loop
      vertex 86.8546 -28 52.2189
      vertex 87 28 50
      vertex 86.8546 28 52.2189
    endloop
  endfacet
  facet normal 0.99786 0 0.0653877
    outer loop
      vertex 87 28 50
      vertex 86.8546 -28 52.2189
      vertex 87 -28 50
    endloop
  endfacet
  facet normal 0.980779 -0 0.195122
    outer loop
      vertex 86.4207 -28 54.3999
      vertex 86.8546 28 52.2189
      vertex 86.4207 28 54.3999
    endloop
  endfacet
  facet normal 0.980779 0 0.195122
    outer loop
      vertex 86.8546 28 52.2189
      vertex 86.4207 -28 54.3999
      vertex 86.8546 -28 52.2189
    endloop
  endfacet
  facet normal 0 -1 0
    outer loop
      vertex -10 -28 36.2798
      vertex -9.74018 -28 37.3063
      vertex -10 -28 37.5342
    endloop
  endfacet
  facet normal 0 -1 0
    outer loop
      vertex -10 -28 36.2798
      vertex -8 -28 36.1436
      vertex -9.74018 -28 37.3063
    endloop
  endfacet
  facet normal 0 -1 0
    outer loop
      vertex -8.5 -28 35.2776
      vertex -8 -28 36.1436
      vertex -10 -28 36.2798
    endloop
  endfacet
  facet normal 0 -1 0
    outer loop
      vertex -8.5 -28 35.2776
      vertex -6.12293 -28 35.2179
      vertex -8 -28 36.1436
    endloop
  endfacet
  facet normal 0 -1 0
    outer loop
      vertex -6.50562 -28 34.294
      vertex -6.12293 -28 35.2179
      vertex -8.5 -28 35.2776
    endloop
  endfacet
  facet normal 0 -1 -0
    outer loop
      vertex -6.12293 -28 35.2179
      vertex -6.50562 -28 34.294
      vertex -4.1411 -28 34.5452
    endloop
  endfacet
  facet normal 0 -1 0
    outer loop
      vertex -4.39992 -28 33.5793
      vertex -4.1411 -28 34.5452
      vertex -6.50562 -28 34.294
    endloop
  endfacet
  facet normal 0 -1 -0
    outer loop
      vertex -4.1411 -28 34.5452
      vertex -4.39992 -28 33.5793
      vertex -2.08842 -28 34.1369
    endloop
  endfacet
  facet normal 0 -1 0
    outer loop
      vertex 70 -28 33
      vertex 65.8589 -28 34.5452
      vertex 0 -28 33
    endloop
  endfacet
  facet normal 0 -1 0
    outer loop
      vertex -2.21894 -28 33.1454
      vertex -2.08842 -28 34.1369
      vertex -4.39992 -28 33.5793
    endloop
  endfacet
  facet normal 0 -1 0
    outer loop
      vertex 11.3137 -28 38.6863
      vertex 57.5342 -28 40
      vertex 12.4658 -28 40
    endloop
  endfacet
  facet normal 0 -1 0
    outer loop
      vertex 11.3137 -28 38.6863
      vertex 58.6863 -28 38.6863
      vertex 57.5342 -28 40
    endloop
  endfacet
  facet normal 0 -1 0
    outer loop
      vertex 9.74018 -28 37.3063
      vertex 58.6863 -28 38.6863
      vertex 11.3137 -28 38.6863
    endloop
  endfacet
  facet normal 0 -1 0
    outer loop
      vertex 9.74018 -28 37.3063
      vertex 60.2598 -28 37.3063
      vertex 58.6863 -28 38.6863
    endloop
  endfacet
  facet normal 0 -1 0
    outer loop
      vertex 8 -28 36.1436
      vertex 60.2598 -28 37.3063
      vertex 9.74018 -28 37.3063
    endloop
  endfacet
  facet normal 0 -1 0
    outer loop
      vertex 8 -28 36.1436
      vertex 62 -28 36.1436
      vertex 60.2598 -28 37.3063
    endloop
  endfacet
  facet normal 0 -1 0
    outer loop
      vertex 6.12293 -28 35.2179
      vertex 62 -28 36.1436
      vertex 8 -28 36.1436
    endloop
  endfacet
  facet normal 0 -1 0
    outer loop
      vertex 6.12293 -28 35.2179
      vertex 63.8771 -28 35.2179
      vertex 62 -28 36.1436
    endloop
  endfacet
  facet normal 0 -1 0
    outer loop
      vertex 4.1411 -28 34.5452
      vertex 63.8771 -28 35.2179
      vertex 6.12293 -28 35.2179
    endloop
  endfacet
  facet normal 0 -1 0
    outer loop
      vertex 4.1411 -28 34.5452
      vertex 65.8589 -28 34.5452
      vertex 63.8771 -28 35.2179
    endloop
  endfacet
  facet normal 0 -1 0
    outer loop
      vertex 0 -28 33
      vertex 4.1411 -28 34.5452
      vertex 2.08842 -28 34.1369
    endloop
  endfacet
  facet normal 0 -1 -0
    outer loop
      vertex 4.1411 -28 34.5452
      vertex 0 -28 33
      vertex 65.8589 -28 34.5452
    endloop
  endfacet
  facet normal 0 -1 0
    outer loop
      vertex -2.08842 -28 34.1369
      vertex 0 -28 33
      vertex 0 -28 34
    endloop
  endfacet
  facet normal 0 -1 0
    outer loop
      vertex 0 -28 34
      vertex 0 -28 33
      vertex 2.08842 -28 34.1369
    endloop
  endfacet
  facet normal 0 -1 0
    outer loop
      vertex 0 -28 67
      vertex 4.1411 -28 65.4548
      vertex 70 -28 67
    endloop
  endfacet
  facet normal 0 -1 -0
    outer loop
      vertex 70 -28 67
      vertex 67.9116 -28 65.8631
      vertex 70 -28 66
    endloop
  endfacet
  facet normal 0 -1 0
    outer loop
      vertex 65.8589 -28 65.4548
      vertex 70 -28 67
      vertex 4.1411 -28 65.4548
    endloop
  endfacet
  facet normal 0 -1 0
    outer loop
      vertex 70 -28 67
      vertex 65.8589 -28 65.4548
      vertex 67.9116 -28 65.8631
    endloop
  endfacet
  facet normal 0 -1 0
    outer loop
      vertex 6.12293 -28 64.7821
      vertex 65.8589 -28 65.4548
      vertex 4.1411 -28 65.4548
    endloop
  endfacet
  facet normal 0 -1 0
    outer loop
      vertex 6.12293 -28 64.7821
      vertex 63.8771 -28 64.7821
      vertex 65.8589 -28 65.4548
    endloop
  endfacet
  facet normal 0 -1 0
    outer loop
      vertex 8 -28 63.8564
      vertex 63.8771 -28 64.7821
      vertex 6.12293 -28 64.7821
    endloop
  endfacet
  facet normal 0 -1 0
    outer loop
      vertex 8 -28 63.8564
      vertex 62 -28 63.8564
      vertex 63.8771 -28 64.7821
    endloop
  endfacet
  facet normal 0 -1 0
    outer loop
      vertex 9.74018 -28 62.6937
      vertex 62 -28 63.8564
      vertex 8 -28 63.8564
    endloop
  endfacet
  facet normal 0 -1 0
    outer loop
      vertex 9.74018 -28 62.6937
      vertex 60.2598 -28 62.6937
      vertex 62 -28 63.8564
    endloop
  endfacet
  facet normal 0 -1 0
    outer loop
      vertex 11.3137 -28 61.3137
      vertex 60.2598 -28 62.6937
      vertex 9.74018 -28 62.6937
    endloop
  endfacet
  facet normal 0 -1 0
    outer loop
      vertex 11.3137 -28 61.3137
      vertex 58.6863 -28 61.3137
      vertex 60.2598 -28 62.6937
    endloop
  endfacet
  facet normal 0 -1 0
    outer loop
      vertex 12.6937 -28 59.7402
      vertex 58.6863 -28 61.3137
      vertex 11.3137 -28 61.3137
    endloop
  endfacet
  facet normal 0 -1 0
    outer loop
      vertex 12.6937 -28 59.7402
      vertex 57.3063 -28 59.7402
      vertex 58.6863 -28 61.3137
    endloop
  endfacet
  facet normal 0 -1 0
    outer loop
      vertex 13.8564 -28 58
      vertex 57.3063 -28 59.7402
      vertex 12.6937 -28 59.7402
    endloop
  endfacet
  facet normal 0 -1 0
    outer loop
      vertex 13.8564 -28 58
      vertex 56.1436 -28 58
      vertex 57.3063 -28 59.7402
    endloop
  endfacet
  facet normal 0 -1 0
    outer loop
      vertex 14.7821 -28 56.1229
      vertex 56.1436 -28 58
      vertex 13.8564 -28 58
    endloop
  endfacet
  facet normal 0 -1 0
    outer loop
      vertex 14.7821 -28 56.1229
      vertex 55.2179 -28 56.1229
      vertex 56.1436 -28 58
    endloop
  endfacet
  facet normal 0 -1 0
    outer loop
      vertex 15.4548 -28 54.1411
      vertex 55.2179 -28 56.1229
      vertex 14.7821 -28 56.1229
    endloop
  endfacet
  facet normal 0 -1 0
    outer loop
      vertex 15.4548 -28 54.1411
      vertex 54.5452 -28 54.1411
      vertex 55.2179 -28 56.1229
    endloop
  endfacet
  facet normal 0 -1 0
    outer loop
      vertex 15.8631 -28 52.0884
      vertex 54.5452 -28 54.1411
      vertex 15.4548 -28 54.1411
    endloop
  endfacet
  facet normal 0 -1 0
    outer loop
      vertex 15.8631 -28 52.0884
      vertex 54.1369 -28 52.0884
      vertex 54.5452 -28 54.1411
    endloop
  endfacet
  facet normal 0 -1 0
    outer loop
      vertex 16 -28 50
      vertex 54.1369 -28 52.0884
      vertex 15.8631 -28 52.0884
    endloop
  endfacet
  facet normal 0 -1 0
    outer loop
      vertex 54.1369 -28 52.0884
      vertex 16 -28 50
      vertex 54 -28 50
    endloop
  endfacet
  facet normal 0 -1 0
    outer loop
      vertex 0 -28 66
      vertex 0 -28 67
      vertex -2.21894 -28 66.8546
    endloop
  endfacet
  facet normal 0 -1 0
    outer loop
      vertex 2.08842 -28 65.8631
      vertex 0 -28 67
      vertex 0 -28 66
    endloop
  endfacet
  facet normal 0 -1 0
    outer loop
      vertex -2.08842 -28 65.8631
      vertex -2.21894 -28 66.8546
      vertex -4.39992 -28 66.4207
    endloop
  endfacet
  facet normal 0 -1 0
    outer loop
      vertex 4.1411 -28 65.4548
      vertex 0 -28 67
      vertex 2.08842 -28 65.8631
    endloop
  endfacet
  facet normal 0 -1 0
    outer loop
      vertex 70 -28 67
      vertex 70 -28 66
      vertex 72.2189 -28 66.8546
    endloop
  endfacet
  facet normal 0 -1 0
    outer loop
      vertex -2.21894 -28 66.8546
      vertex -2.08842 -28 65.8631
      vertex 0 -28 66
    endloop
  endfacet
  facet normal 0 -1 0
    outer loop
      vertex -4.1411 -28 65.4548
      vertex -4.39992 -28 66.4207
      vertex -6.50562 -28 65.7059
    endloop
  endfacet
  facet normal 0 -1 0
    outer loop
      vertex -4.39992 -28 66.4207
      vertex -4.1411 -28 65.4548
      vertex -2.08842 -28 65.8631
    endloop
  endfacet
  facet normal 0 -1 0
    outer loop
      vertex -6.50562 -28 65.7059
      vertex -6.12293 -28 64.7821
      vertex -4.1411 -28 65.4548
    endloop
  endfacet
  facet normal 0 -1 0
    outer loop
      vertex -8.5 -28 64.7224
      vertex -6.12293 -28 64.7821
      vertex -6.50562 -28 65.7059
    endloop
  endfacet
  facet normal 0 -1 0
    outer loop
      vertex -8.5 -28 64.7224
      vertex -8 -28 63.8564
      vertex -6.12293 -28 64.7821
    endloop
  endfacet
  facet normal 0 -1 0
    outer loop
      vertex -10 -28 63.7202
      vertex -8 -28 63.8564
      vertex -8.5 -28 64.7224
    endloop
  endfacet
  facet normal 0 -1 0
    outer loop
      vertex -10 -28 63.7202
      vertex -9.74018 -28 62.6937
      vertex -8 -28 63.8564
    endloop
  endfacet
  facet normal -0 -1 0
    outer loop
      vertex -9.74018 -28 62.6937
      vertex -10 -28 63.7202
      vertex -10 -28 62.4658
    endloop
  endfacet
  facet normal 0 -1 0
    outer loop
      vertex 72.0884 -28 65.8631
      vertex 72.2189 -28 66.8546
      vertex 70 -28 66
    endloop
  endfacet
  facet normal 0 -1 -0
    outer loop
      vertex 72.2189 -28 66.8546
      vertex 72.0884 -28 65.8631
      vertex 74.3999 -28 66.4207
    endloop
  endfacet
  facet normal 0 -1 0
    outer loop
      vertex 74.1411 -28 65.4548
      vertex 74.3999 -28 66.4207
      vertex 72.0884 -28 65.8631
    endloop
  endfacet
  facet normal 0 -1 -0
    outer loop
      vertex 74.3999 -28 66.4207
      vertex 74.1411 -28 65.4548
      vertex 76.5056 -28 65.7059
    endloop
  endfacet
  facet normal 0 -1 0
    outer loop
      vertex 76.1229 -28 64.7821
      vertex 76.5056 -28 65.7059
      vertex 74.1411 -28 65.4548
    endloop
  endfacet
  facet normal 0 -1 0
    outer loop
      vertex 76.1229 -28 64.7821
      vertex 78.5 -28 64.7224
      vertex 76.5056 -28 65.7059
    endloop
  endfacet
  facet normal 0 -1 0
    outer loop
      vertex 78 -28 63.8564
      vertex 78.5 -28 64.7224
      vertex 76.1229 -28 64.7821
    endloop
  endfacet
  facet normal 0 -1 0
    outer loop
      vertex 78 -28 63.8564
      vertex 80.3489 -28 63.487
      vertex 78.5 -28 64.7224
    endloop
  endfacet
  facet normal 0 -1 0
    outer loop
      vertex 79.7402 -28 62.6937
      vertex 80.3489 -28 63.487
      vertex 78 -28 63.8564
    endloop
  endfacet
  facet normal 0 -1 0
    outer loop
      vertex 79.7402 -28 62.6937
      vertex 82.0208 -28 62.0208
      vertex 80.3489 -28 63.487
    endloop
  endfacet
  facet normal 0 -1 0
    outer loop
      vertex 81.3137 -28 61.3137
      vertex 82.0208 -28 62.0208
      vertex 79.7402 -28 62.6937
    endloop
  endfacet
  facet normal 0 -1 0
    outer loop
      vertex 81.3137 -28 61.3137
      vertex 83.487 -28 60.3489
      vertex 82.0208 -28 62.0208
    endloop
  endfacet
  facet normal 0 -1 0
    outer loop
      vertex 82.6936 -28 59.7402
      vertex 83.487 -28 60.3489
      vertex 81.3137 -28 61.3137
    endloop
  endfacet
  facet normal 0 -1 0
    outer loop
      vertex 82.6936 -28 59.7402
      vertex 84.7224 -28 58.5
      vertex 83.487 -28 60.3489
    endloop
  endfacet
  facet normal 0 -1 0
    outer loop
      vertex 83.8564 -28 58
      vertex 84.7224 -28 58.5
      vertex 82.6936 -28 59.7402
    endloop
  endfacet
  facet normal 0 -1 0
    outer loop
      vertex 83.8564 -28 58
      vertex 85.7059 -28 56.5056
      vertex 84.7224 -28 58.5
    endloop
  endfacet
  facet normal 0 -1 0
    outer loop
      vertex 84.7821 -28 56.1229
      vertex 85.7059 -28 56.5056
      vertex 83.8564 -28 58
    endloop
  endfacet
  facet normal 0 -1 0
    outer loop
      vertex 84.7821 -28 56.1229
      vertex 86.4207 -28 54.3999
      vertex 85.7059 -28 56.5056
    endloop
  endfacet
  facet normal 0 -1 0
    outer loop
      vertex 85.4548 -28 54.1411
      vertex 86.4207 -28 54.3999
      vertex 84.7821 -28 56.1229
    endloop
  endfacet
  facet normal 0 -1 0
    outer loop
      vertex 85.4548 -28 54.1411
      vertex 86.8546 -28 52.2189
      vertex 86.4207 -28 54.3999
    endloop
  endfacet
  facet normal 0 -1 0
    outer loop
      vertex 85.8631 -28 52.0884
      vertex 86.8546 -28 52.2189
      vertex 85.4548 -28 54.1411
    endloop
  endfacet
  facet normal 0 -1 0
    outer loop
      vertex 86 -28 50
      vertex 86.8546 -28 52.2189
      vertex 85.8631 -28 52.0884
    endloop
  endfacet
  facet normal 0 -1 0
    outer loop
      vertex 86 -28 50
      vertex 87 -28 50
      vertex 86.8546 -28 52.2189
    endloop
  endfacet
  facet normal 0 -1 0
    outer loop
      vertex 85.8631 -28 47.9116
      vertex 87 -28 50
      vertex 86 -28 50
    endloop
  endfacet
  facet normal 0 -1 0
    outer loop
      vertex 85.8631 -28 47.9116
      vertex 86.8546 -28 47.7811
      vertex 87 -28 50
    endloop
  endfacet
  facet normal 0 -1 0
    outer loop
      vertex 85.4548 -28 45.8589
      vertex 86.8546 -28 47.7811
      vertex 85.8631 -28 47.9116
    endloop
  endfacet
  facet normal 0 -1 0
    outer loop
      vertex 85.4548 -28 45.8589
      vertex 86.4207 -28 45.6001
      vertex 86.8546 -28 47.7811
    endloop
  endfacet
  facet normal 0 -1 0
    outer loop
      vertex 84.7821 -28 43.8771
      vertex 86.4207 -28 45.6001
      vertex 85.4548 -28 45.8589
    endloop
  endfacet
  facet normal 0 -1 0
    outer loop
      vertex 84.7821 -28 43.8771
      vertex 85.7059 -28 43.4944
      vertex 86.4207 -28 45.6001
    endloop
  endfacet
  facet normal 0 -1 0
    outer loop
      vertex 83.8564 -28 42
      vertex 85.7059 -28 43.4944
      vertex 84.7821 -28 43.8771
    endloop
  endfacet
  facet normal 0 -1 0
    outer loop
      vertex 83.8564 -28 42
      vertex 84.7224 -28 41.5
      vertex 85.7059 -28 43.4944
    endloop
  endfacet
  facet normal 0 -1 0
    outer loop
      vertex 82.6936 -28 40.2598
      vertex 84.7224 -28 41.5
      vertex 83.8564 -28 42
    endloop
  endfacet
  facet normal 0 -1 0
    outer loop
      vertex 82.6936 -28 40.2598
      vertex 83.487 -28 39.6511
      vertex 84.7224 -28 41.5
    endloop
  endfacet
  facet normal 0 -1 0
    outer loop
      vertex 81.3137 -28 38.6863
      vertex 83.487 -28 39.6511
      vertex 82.6936 -28 40.2598
    endloop
  endfacet
  facet normal 0 -1 0
    outer loop
      vertex 81.3137 -28 38.6863
      vertex 82.0208 -28 37.9792
      vertex 83.487 -28 39.6511
    endloop
  endfacet
  facet normal 0 -1 0
    outer loop
      vertex 79.7402 -28 37.3063
      vertex 82.0208 -28 37.9792
      vertex 81.3137 -28 38.6863
    endloop
  endfacet
  facet normal 0 -1 0
    outer loop
      vertex 79.7402 -28 37.3063
      vertex 80.3489 -28 36.513
      vertex 82.0208 -28 37.9792
    endloop
  endfacet
  facet normal 0 -1 0
    outer loop
      vertex 78 -28 36.1436
      vertex 80.3489 -28 36.513
      vertex 79.7402 -28 37.3063
    endloop
  endfacet
  facet normal 0 -1 0
    outer loop
      vertex 78 -28 36.1436
      vertex 78.5 -28 35.2776
      vertex 80.3489 -28 36.513
    endloop
  endfacet
  facet normal 0 -1 0
    outer loop
      vertex 76.1229 -28 35.2179
      vertex 78.5 -28 35.2776
      vertex 78 -28 36.1436
    endloop
  endfacet
  facet normal 0 -1 0
    outer loop
      vertex 76.5056 -28 34.294
      vertex 76.1229 -28 35.2179
      vertex 74.1411 -28 34.5452
    endloop
  endfacet
  facet normal 0 -1 0
    outer loop
      vertex 76.1229 -28 35.2179
      vertex 76.5056 -28 34.294
      vertex 78.5 -28 35.2776
    endloop
  endfacet
  facet normal 0 -1 0
    outer loop
      vertex 74.3999 -28 33.5793
      vertex 74.1411 -28 34.5452
      vertex 72.0884 -28 34.1369
    endloop
  endfacet
  facet normal 0 -1 0
    outer loop
      vertex 72.2189 -28 33.1454
      vertex 72.0884 -28 34.1369
      vertex 70 -28 34
    endloop
  endfacet
  facet normal 0 -1 0
    outer loop
      vertex 74.1411 -28 34.5452
      vertex 74.3999 -28 33.5793
      vertex 76.5056 -28 34.294
    endloop
  endfacet
  facet normal 0 -1 0
    outer loop
      vertex 65.8589 -28 34.5452
      vertex 70 -28 33
      vertex 67.9116 -28 34.1369
    endloop
  endfacet
  facet normal 0 -1 -0
    outer loop
      vertex -2.08842 -28 34.1369
      vertex -2.21894 -28 33.1454
      vertex 0 -28 33
    endloop
  endfacet
  facet normal 0 -1 0
    outer loop
      vertex 67.9116 -28 34.1369
      vertex 70 -28 33
      vertex 70 -28 34
    endloop
  endfacet
  facet normal -0 -1 0
    outer loop
      vertex 72.2189 -28 33.1454
      vertex 70 -28 34
      vertex 70 -28 33
    endloop
  endfacet
  facet normal 0 -1 0
    outer loop
      vertex 72.0884 -28 34.1369
      vertex 72.2189 -28 33.1454
      vertex 74.3999 -28 33.5793
    endloop
  endfacet
  facet normal 1 -0 0
    outer loop
      vertex 72 -30 98
      vertex 72 -28 88
      vertex 72 -28 98
    endloop
  endfacet
  facet normal 1 0 0
    outer loop
      vertex 72 -28 88
      vertex 72 -30 98
      vertex 72 -30 88
    endloop
  endfacet
  facet normal 1 -0 0
    outer loop
      vertex 72 -30 80
      vertex 72 -28 68
      vertex 72 -28 80
    endloop
  endfacet
  facet normal 1 0 0
    outer loop
      vertex 72 -28 68
      vertex 72 -30 80
      vertex 72 -30 68
    endloop
  endfacet
  facet normal -0 0 1
    outer loop
      vertex -6 -28 98
      vertex 72 -30 98
      vertex 72 -28 98
    endloop
  endfacet
  facet normal 0 0 1
    outer loop
      vertex 72 -30 98
      vertex -6 -28 98
      vertex -6 -30 98
    endloop
  endfacet
  facet normal 0 0 -1
    outer loop
      vertex -6 -30 68
      vertex 72 -28 68
      vertex 72 -30 68
    endloop
  endfacet
  facet normal -0 0 -1
    outer loop
      vertex 72 -28 68
      vertex -6 -30 68
      vertex -6 -28 68
    endloop
  endfacet
  facet normal -1 0 0
    outer loop
      vertex -6 -30 68
      vertex -6 -28 98
      vertex -6 -28 68
    endloop
  endfacet
  facet normal -1 -0 0
    outer loop
      vertex -6 -28 98
      vertex -6 -30 68
      vertex -6 -30 98
    endloop
  endfacet
  facet normal 0 1 0
    outer loop
      vertex 72 -28 80
      vertex 72 -28 68
      vertex 55.9262 -28 80
    endloop
  endfacet
  facet normal 0 1 0
    outer loop
      vertex 58.1514 -28 88
      vertex 72 -28 98
      vertex 72 -28 88
    endloop
  endfacet
  facet normal 0 1 0
    outer loop
      vertex 72 -28 98
      vertex 58.1514 -28 88
      vertex -6 -28 98
    endloop
  endfacet
  facet normal 0 1 0
    outer loop
      vertex 55.9262 -28 85
      vertex 58.1514 -28 88
      vertex 58.1514 -28 85
    endloop
  endfacet
  facet normal 0 1 0
    outer loop
      vertex 58.1514 -28 88
      vertex 55.9262 -28 85
      vertex -6 -28 98
    endloop
  endfacet
  facet normal 0 1 0
    outer loop
      vertex -6 -28 68
      vertex 55.9262 -28 85
      vertex 55.9262 -28 80
    endloop
  endfacet
  facet normal 0 1 0
    outer loop
      vertex -6 -28 68
      vertex 55.9262 -28 80
      vertex 72 -28 68
    endloop
  endfacet
  facet normal 0 1 0
    outer loop
      vertex 55.9262 -28 85
      vertex -6 -28 68
      vertex -6 -28 98
    endloop
  endfacet
  facet normal 0 -1 0
    outer loop
      vertex -6 -30 98
      vertex 59.1377 -30 88
      vertex 72 -30 98
    endloop
  endfacet
  facet normal 0 -1 0
    outer loop
      vertex -6 -30 98
      vertex 56.9125 -30 85
      vertex 59.1377 -30 88
    endloop
  endfacet
  facet normal 0 -1 0
    outer loop
      vertex -6 -30 68
      vertex 56.9125 -30 85
      vertex -6 -30 98
    endloop
  endfacet
  facet normal 0 -1 -0
    outer loop
      vertex 56.9125 -30 85
      vertex -6 -30 68
      vertex 56.9125 -30 80
    endloop
  endfacet
  facet normal 0 -1 0
    outer loop
      vertex 72 -30 68
      vertex 56.9125 -30 80
      vertex -6 -30 68
    endloop
  endfacet
  facet normal 0 -1 0
    outer loop
      vertex 56.9125 -30 80
      vertex 72 -30 68
      vertex 72 -30 80
    endloop
  endfacet
  facet normal 0 -1 -0
    outer loop
      vertex 72 -30 98
      vertex 59.1377 -30 88
      vertex 72 -30 88
    endloop
  endfacet
  facet normal 0 -1 -0
    outer loop
      vertex 59.1377 -30 88
      vertex 56.9125 -30 85
      vertex 59.1377 -30 85
    endloop
  endfacet
  facet normal 0.94692 0 -0.321469
    outer loop
      vertex 42.7274 -50 47.9294
      vertex 42.391 -42 46.9385
      vertex 42.7274 -42 47.9294
    endloop
  endfacet
  facet normal 0.94692 0 -0.321469
    outer loop
      vertex 42.391 -42 46.9385
      vertex 42.7274 -50 47.9294
      vertex 42.391 -50 46.9385
    endloop
  endfacet
  facet normal 0.0653646 0 -0.997861
    outer loop
      vertex 35 -50 42
      vertex 36.0442 -42 42.0684
      vertex 36.0442 -50 42.0684
    endloop
  endfacet
  facet normal 0.0653646 0 -0.997861
    outer loop
      vertex 36.0442 -42 42.0684
      vertex 35 -50 42
      vertex 35 -42 42
    endloop
  endfacet
  facet normal 0.980779 -0 0.195124
    outer loop
      vertex 42.7274 -50 52.0706
      vertex 42.9316 -42 51.0442
      vertex 42.7274 -42 52.0706
    endloop
  endfacet
  facet normal 0.980779 0 0.195124
    outer loop
      vertex 42.9316 -42 51.0442
      vertex 42.7274 -50 52.0706
      vertex 42.9316 -50 51.0442
    endloop
  endfacet
  facet normal 0.997861 -0 0.0653646
    outer loop
      vertex 42.9316 -50 51.0442
      vertex 43 -42 50
      vertex 42.9316 -42 51.0442
    endloop
  endfacet
  facet normal 0.997861 0 0.0653646
    outer loop
      vertex 43 -42 50
      vertex 42.9316 -50 51.0442
      vertex 43 -50 50
    endloop
  endfacet
  facet normal 0.94692 -0 0.321469
    outer loop
      vertex 42.391 -50 53.0615
      vertex 42.7274 -42 52.0706
      vertex 42.391 -42 53.0615
    endloop
  endfacet
  facet normal 0.94692 0 0.321469
    outer loop
      vertex 42.7274 -42 52.0706
      vertex 42.391 -50 53.0615
      vertex 42.7274 -50 52.0706
    endloop
  endfacet
  facet normal 0.659289 0 -0.75189
    outer loop
      vertex 39.8701 -50 43.6532
      vertex 40.6569 -42 44.3431
      vertex 40.6569 -50 44.3431
    endloop
  endfacet
  facet normal 0.659289 0 -0.75189
    outer loop
      vertex 40.6569 -42 44.3431
      vertex 39.8701 -50 43.6532
      vertex 39.8701 -42 43.6532
    endloop
  endfacet
  facet normal 0.0653646 0 0.997861
    outer loop
      vertex 35 -42 58
      vertex 36.0442 -50 57.9316
      vertex 36.0442 -42 57.9316
    endloop
  endfacet
  facet normal 0.0653646 0 0.997861
    outer loop
      vertex 36.0442 -50 57.9316
      vertex 35 -42 58
      vertex 35 -50 58
    endloop
  endfacet
  facet normal 0.321469 0 0.94692
    outer loop
      vertex 37.0706 -42 57.7274
      vertex 38.0615 -50 57.391
      vertex 38.0615 -42 57.391
    endloop
  endfacet
  facet normal 0.321469 0 0.94692
    outer loop
      vertex 38.0615 -50 57.391
      vertex 37.0706 -42 57.7274
      vertex 37.0706 -50 57.7274
    endloop
  endfacet
  facet normal 0.442276 0 0.896879
    outer loop
      vertex 38.0615 -42 57.391
      vertex 39 -50 56.9282
      vertex 39 -42 56.9282
    endloop
  endfacet
  facet normal 0.442276 0 0.896879
    outer loop
      vertex 39 -50 56.9282
      vertex 38.0615 -42 57.391
      vertex 38.0615 -50 57.391
    endloop
  endfacet
  facet normal -0.94692 0 -0.321469
    outer loop
      vertex 27.609 -50 46.9385
      vertex 27.2726 -42 47.9294
      vertex 27.609 -42 46.9385
    endloop
  endfacet
  facet normal -0.94692 -0 -0.321469
    outer loop
      vertex 27.2726 -42 47.9294
      vertex 27.609 -50 46.9385
      vertex 27.2726 -50 47.9294
    endloop
  endfacet
  facet normal 0.442276 0 -0.896879
    outer loop
      vertex 38.0615 -50 42.609
      vertex 39 -42 43.0718
      vertex 39 -50 43.0718
    endloop
  endfacet
  facet normal 0.442276 0 -0.896879
    outer loop
      vertex 39 -42 43.0718
      vertex 38.0615 -50 42.609
      vertex 38.0615 -42 42.609
    endloop
  endfacet
  facet normal -0.555582 0 0.831462
    outer loop
      vertex 30.1299 -42 56.3468
      vertex 31 -50 56.9282
      vertex 31 -42 56.9282
    endloop
  endfacet
  facet normal -0.555582 0 0.831462
    outer loop
      vertex 31 -50 56.9282
      vertex 30.1299 -42 56.3468
      vertex 30.1299 -50 56.3468
    endloop
  endfacet
  facet normal -0.321469 0 -0.94692
    outer loop
      vertex 31.9385 -50 42.609
      vertex 32.9294 -42 42.2726
      vertex 32.9294 -50 42.2726
    endloop
  endfacet
  facet normal -0.321469 0 -0.94692
    outer loop
      vertex 32.9294 -42 42.2726
      vertex 31.9385 -50 42.609
      vertex 31.9385 -42 42.609
    endloop
  endfacet
  facet normal 0.321469 0 -0.94692
    outer loop
      vertex 37.0706 -50 42.2726
      vertex 38.0615 -42 42.609
      vertex 38.0615 -50 42.609
    endloop
  endfacet
  facet normal 0.321469 0 -0.94692
    outer loop
      vertex 38.0615 -42 42.609
      vertex 37.0706 -50 42.2726
      vertex 37.0706 -42 42.2726
    endloop
  endfacet
  facet normal -0.980779 0 -0.195124
    outer loop
      vertex 27.2726 -50 47.9294
      vertex 27.0684 -42 48.9558
      vertex 27.2726 -42 47.9294
    endloop
  endfacet
  facet normal -0.980779 -0 -0.195124
    outer loop
      vertex 27.0684 -42 48.9558
      vertex 27.2726 -50 47.9294
      vertex 27.0684 -50 48.9558
    endloop
  endfacet
  facet normal 0.896879 -0 0.442276
    outer loop
      vertex 41.9282 -50 54
      vertex 42.391 -42 53.0615
      vertex 41.9282 -42 54
    endloop
  endfacet
  facet normal 0.896879 0 0.442276
    outer loop
      vertex 42.391 -42 53.0615
      vertex 41.9282 -50 54
      vertex 42.391 -50 53.0615
    endloop
  endfacet
  facet normal 0.831462 0 -0.555582
    outer loop
      vertex 41.9282 -50 46
      vertex 41.3468 -42 45.1299
      vertex 41.9282 -42 46
    endloop
  endfacet
  facet normal 0.831462 0 -0.555582
    outer loop
      vertex 41.3468 -42 45.1299
      vertex 41.9282 -50 46
      vertex 41.3468 -50 45.1299
    endloop
  endfacet
  facet normal -0.442276 0 -0.896879
    outer loop
      vertex 31 -50 43.0718
      vertex 31.9385 -42 42.609
      vertex 31.9385 -50 42.609
    endloop
  endfacet
  facet normal -0.442276 0 -0.896879
    outer loop
      vertex 31.9385 -42 42.609
      vertex 31 -50 43.0718
      vertex 31 -42 43.0718
    endloop
  endfacet
  facet normal -0.659289 0 -0.75189
    outer loop
      vertex 29.3431 -50 44.3431
      vertex 30.1299 -42 43.6532
      vertex 30.1299 -50 43.6532
    endloop
  endfacet
  facet normal -0.659289 0 -0.75189
    outer loop
      vertex 30.1299 -42 43.6532
      vertex 29.3431 -50 44.3431
      vertex 29.3431 -42 44.3431
    endloop
  endfacet
  facet normal -0.195124 0 -0.980779
    outer loop
      vertex 32.9294 -50 42.2726
      vertex 33.9558 -42 42.0684
      vertex 33.9558 -50 42.0684
    endloop
  endfacet
  facet normal -0.195124 0 -0.980779
    outer loop
      vertex 33.9558 -42 42.0684
      vertex 32.9294 -50 42.2726
      vertex 32.9294 -42 42.2726
    endloop
  endfacet
  facet normal -0.75189 0 0.659289
    outer loop
      vertex 28.6532 -50 54.8701
      vertex 29.3431 -42 55.6569
      vertex 28.6532 -42 54.8701
    endloop
  endfacet
  facet normal -0.75189 0 0.659289
    outer loop
      vertex 29.3431 -42 55.6569
      vertex 28.6532 -50 54.8701
      vertex 29.3431 -50 55.6569
    endloop
  endfacet
  facet normal -0.0653646 0 0.997861
    outer loop
      vertex 33.9558 -42 57.9316
      vertex 35 -50 58
      vertex 35 -42 58
    endloop
  endfacet
  facet normal -0.0653646 0 0.997861
    outer loop
      vertex 35 -50 58
      vertex 33.9558 -42 57.9316
      vertex 33.9558 -50 57.9316
    endloop
  endfacet
  facet normal 0.980779 0 -0.195124
    outer loop
      vertex 42.9316 -50 48.9558
      vertex 42.7274 -42 47.9294
      vertex 42.9316 -42 48.9558
    endloop
  endfacet
  facet normal 0.980779 0 -0.195124
    outer loop
      vertex 42.7274 -42 47.9294
      vertex 42.9316 -50 48.9558
      vertex 42.7274 -50 47.9294
    endloop
  endfacet
  facet normal 0.659289 0 0.75189
    outer loop
      vertex 39.8701 -42 56.3468
      vertex 40.6569 -50 55.6569
      vertex 40.6569 -42 55.6569
    endloop
  endfacet
  facet normal 0.659289 0 0.75189
    outer loop
      vertex 40.6569 -50 55.6569
      vertex 39.8701 -42 56.3468
      vertex 39.8701 -50 56.3468
    endloop
  endfacet
  facet normal 0.997861 0 -0.0653646
    outer loop
      vertex 43 -50 50
      vertex 42.9316 -42 48.9558
      vertex 43 -42 50
    endloop
  endfacet
  facet normal 0.997861 0 -0.0653646
    outer loop
      vertex 42.9316 -42 48.9558
      vertex 43 -50 50
      vertex 42.9316 -50 48.9558
    endloop
  endfacet
  facet normal -0.195124 0 0.980779
    outer loop
      vertex 32.9294 -42 57.7274
      vertex 33.9558 -50 57.9316
      vertex 33.9558 -42 57.9316
    endloop
  endfacet
  facet normal -0.195124 0 0.980779
    outer loop
      vertex 33.9558 -50 57.9316
      vertex 32.9294 -42 57.7274
      vertex 32.9294 -50 57.7274
    endloop
  endfacet
  facet normal 0.555582 0 0.831462
    outer loop
      vertex 39 -42 56.9282
      vertex 39.8701 -50 56.3468
      vertex 39.8701 -42 56.3468
    endloop
  endfacet
  facet normal 0.555582 0 0.831462
    outer loop
      vertex 39.8701 -50 56.3468
      vertex 39 -42 56.9282
      vertex 39 -50 56.9282
    endloop
  endfacet
  facet normal 0.195124 0 -0.980779
    outer loop
      vertex 36.0442 -50 42.0684
      vertex 37.0706 -42 42.2726
      vertex 37.0706 -50 42.2726
    endloop
  endfacet
  facet normal 0.195124 0 -0.980779
    outer loop
      vertex 37.0706 -42 42.2726
      vertex 36.0442 -50 42.0684
      vertex 36.0442 -42 42.0684
    endloop
  endfacet
  facet normal -0.442276 0 0.896879
    outer loop
      vertex 31 -42 56.9282
      vertex 31.9385 -50 57.391
      vertex 31.9385 -42 57.391
    endloop
  endfacet
  facet normal -0.442276 0 0.896879
    outer loop
      vertex 31.9385 -50 57.391
      vertex 31 -42 56.9282
      vertex 31 -50 56.9282
    endloop
  endfacet
  facet normal -0.896879 0 0.442276
    outer loop
      vertex 27.609 -50 53.0615
      vertex 28.0718 -42 54
      vertex 27.609 -42 53.0615
    endloop
  endfacet
  facet normal -0.896879 0 0.442276
    outer loop
      vertex 28.0718 -42 54
      vertex 27.609 -50 53.0615
      vertex 28.0718 -50 54
    endloop
  endfacet
  facet normal -0.831462 0 -0.555582
    outer loop
      vertex 28.6532 -50 45.1299
      vertex 28.0718 -42 46
      vertex 28.6532 -42 45.1299
    endloop
  endfacet
  facet normal -0.831462 -0 -0.555582
    outer loop
      vertex 28.0718 -42 46
      vertex 28.6532 -50 45.1299
      vertex 28.0718 -50 46
    endloop
  endfacet
  facet normal 0.896879 0 -0.442276
    outer loop
      vertex 42.391 -50 46.9385
      vertex 41.9282 -42 46
      vertex 42.391 -42 46.9385
    endloop
  endfacet
  facet normal 0.896879 0 -0.442276
    outer loop
      vertex 41.9282 -42 46
      vertex 42.391 -50 46.9385
      vertex 41.9282 -50 46
    endloop
  endfacet
  facet normal -0.896879 0 -0.442276
    outer loop
      vertex 28.0718 -50 46
      vertex 27.609 -42 46.9385
      vertex 28.0718 -42 46
    endloop
  endfacet
  facet normal -0.896879 -0 -0.442276
    outer loop
      vertex 27.609 -42 46.9385
      vertex 28.0718 -50 46
      vertex 27.609 -50 46.9385
    endloop
  endfacet
  facet normal 0.195124 0 0.980779
    outer loop
      vertex 36.0442 -42 57.9316
      vertex 37.0706 -50 57.7274
      vertex 37.0706 -42 57.7274
    endloop
  endfacet
  facet normal 0.195124 0 0.980779
    outer loop
      vertex 37.0706 -50 57.7274
      vertex 36.0442 -42 57.9316
      vertex 36.0442 -50 57.9316
    endloop
  endfacet
  facet normal 0.75189 0 -0.659289
    outer loop
      vertex 41.3468 -50 45.1299
      vertex 40.6569 -42 44.3431
      vertex 41.3468 -42 45.1299
    endloop
  endfacet
  facet normal 0.75189 0 -0.659289
    outer loop
      vertex 40.6569 -42 44.3431
      vertex 41.3468 -50 45.1299
      vertex 40.6569 -50 44.3431
    endloop
  endfacet
  facet normal -0.321469 0 0.94692
    outer loop
      vertex 31.9385 -42 57.391
      vertex 32.9294 -50 57.7274
      vertex 32.9294 -42 57.7274
    endloop
  endfacet
  facet normal -0.321469 0 0.94692
    outer loop
      vertex 32.9294 -50 57.7274
      vertex 31.9385 -42 57.391
      vertex 31.9385 -50 57.391
    endloop
  endfacet
  facet normal -0.659289 0 0.75189
    outer loop
      vertex 29.3431 -42 55.6569
      vertex 30.1299 -50 56.3468
      vertex 30.1299 -42 56.3468
    endloop
  endfacet
  facet normal -0.659289 0 0.75189
    outer loop
      vertex 30.1299 -50 56.3468
      vertex 29.3431 -42 55.6569
      vertex 29.3431 -50 55.6569
    endloop
  endfacet
  facet normal 0 1 0
    outer loop
      vertex 36.0442 -42 57.9316
      vertex 33.9558 -42 57.9316
      vertex 35 -42 58
    endloop
  endfacet
  facet normal 0 1 0
    outer loop
      vertex 37.0706 -42 57.7274
      vertex 33.9558 -42 57.9316
      vertex 36.0442 -42 57.9316
    endloop
  endfacet
  facet normal 0 1 0
    outer loop
      vertex 37.0706 -42 57.7274
      vertex 32.9294 -42 57.7274
      vertex 33.9558 -42 57.9316
    endloop
  endfacet
  facet normal 0 1 0
    outer loop
      vertex 38.0615 -42 57.391
      vertex 32.9294 -42 57.7274
      vertex 37.0706 -42 57.7274
    endloop
  endfacet
  facet normal 0 1 0
    outer loop
      vertex 38.0615 -42 57.391
      vertex 31.9385 -42 57.391
      vertex 32.9294 -42 57.7274
    endloop
  endfacet
  facet normal 0 1 0
    outer loop
      vertex 39 -42 56.9282
      vertex 31.9385 -42 57.391
      vertex 38.0615 -42 57.391
    endloop
  endfacet
  facet normal 0 1 0
    outer loop
      vertex 39 -42 56.9282
      vertex 31 -42 56.9282
      vertex 31.9385 -42 57.391
    endloop
  endfacet
  facet normal 0 1 0
    outer loop
      vertex 39.8701 -42 56.3468
      vertex 31 -42 56.9282
      vertex 39 -42 56.9282
    endloop
  endfacet
  facet normal 0 1 0
    outer loop
      vertex 39.8701 -42 56.3468
      vertex 30.1299 -42 56.3468
      vertex 31 -42 56.9282
    endloop
  endfacet
  facet normal 0 1 0
    outer loop
      vertex 40.6569 -42 55.6569
      vertex 30.1299 -42 56.3468
      vertex 39.8701 -42 56.3468
    endloop
  endfacet
  facet normal 0 1 0
    outer loop
      vertex 40.6569 -42 55.6569
      vertex 29.3431 -42 55.6569
      vertex 30.1299 -42 56.3468
    endloop
  endfacet
  facet normal 0 1 0
    outer loop
      vertex 41.3468 -42 54.8701
      vertex 29.3431 -42 55.6569
      vertex 40.6569 -42 55.6569
    endloop
  endfacet
  facet normal 0 1 0
    outer loop
      vertex 41.3468 -42 54.8701
      vertex 28.6532 -42 54.8701
      vertex 29.3431 -42 55.6569
    endloop
  endfacet
  facet normal 0 1 0
    outer loop
      vertex 41.9282 -42 54
      vertex 28.6532 -42 54.8701
      vertex 41.3468 -42 54.8701
    endloop
  endfacet
  facet normal 0 1 0
    outer loop
      vertex 41.9282 -42 54
      vertex 28.0718 -42 54
      vertex 28.6532 -42 54.8701
    endloop
  endfacet
  facet normal 0 1 0
    outer loop
      vertex 42.391 -42 53.0615
      vertex 28.0718 -42 54
      vertex 41.9282 -42 54
    endloop
  endfacet
  facet normal 0 1 0
    outer loop
      vertex 42.391 -42 53.0615
      vertex 27.609 -42 53.0615
      vertex 28.0718 -42 54
    endloop
  endfacet
  facet normal 0 1 0
    outer loop
      vertex 42.7274 -42 52.0706
      vertex 27.609 -42 53.0615
      vertex 42.391 -42 53.0615
    endloop
  endfacet
  facet normal 0 1 0
    outer loop
      vertex 42.7274 -42 52.0706
      vertex 27.2726 -42 52.0706
      vertex 27.609 -42 53.0615
    endloop
  endfacet
  facet normal 0 1 0
    outer loop
      vertex 42.9316 -42 51.0442
      vertex 27.2726 -42 52.0706
      vertex 42.7274 -42 52.0706
    endloop
  endfacet
  facet normal 0 1 0
    outer loop
      vertex 42.9316 -42 51.0442
      vertex 27.0684 -42 51.0442
      vertex 27.2726 -42 52.0706
    endloop
  endfacet
  facet normal 0 1 0
    outer loop
      vertex 43 -42 50
      vertex 27.0684 -42 51.0442
      vertex 42.9316 -42 51.0442
    endloop
  endfacet
  facet normal 0 1 0
    outer loop
      vertex 43 -42 50
      vertex 27 -42 50
      vertex 27.0684 -42 51.0442
    endloop
  endfacet
  facet normal 0 1 -0
    outer loop
      vertex 42.9316 -42 48.9558
      vertex 27 -42 50
      vertex 43 -42 50
    endloop
  endfacet
  facet normal 0 1 0
    outer loop
      vertex 42.9316 -42 48.9558
      vertex 27.0684 -42 48.9558
      vertex 27 -42 50
    endloop
  endfacet
  facet normal 0 1 -0
    outer loop
      vertex 42.7274 -42 47.9294
      vertex 27.0684 -42 48.9558
      vertex 42.9316 -42 48.9558
    endloop
  endfacet
  facet normal 0 1 0
    outer loop
      vertex 42.7274 -42 47.9294
      vertex 27.2726 -42 47.9294
      vertex 27.0684 -42 48.9558
    endloop
  endfacet
  facet normal 0 1 -0
    outer loop
      vertex 42.391 -42 46.9385
      vertex 27.2726 -42 47.9294
      vertex 42.7274 -42 47.9294
    endloop
  endfacet
  facet normal 0 1 0
    outer loop
      vertex 42.391 -42 46.9385
      vertex 27.609 -42 46.9385
      vertex 27.2726 -42 47.9294
    endloop
  endfacet
  facet normal 0 1 -0
    outer loop
      vertex 41.9282 -42 46
      vertex 27.609 -42 46.9385
      vertex 42.391 -42 46.9385
    endloop
  endfacet
  facet normal 0 1 0
    outer loop
      vertex 41.9282 -42 46
      vertex 28.0718 -42 46
      vertex 27.609 -42 46.9385
    endloop
  endfacet
  facet normal 0 1 -0
    outer loop
      vertex 41.3468 -42 45.1299
      vertex 28.0718 -42 46
      vertex 41.9282 -42 46
    endloop
  endfacet
  facet normal 0 1 0
    outer loop
      vertex 41.3468 -42 45.1299
      vertex 28.6532 -42 45.1299
      vertex 28.0718 -42 46
    endloop
  endfacet
  facet normal 0 1 -0
    outer loop
      vertex 40.6569 -42 44.3431
      vertex 28.6532 -42 45.1299
      vertex 41.3468 -42 45.1299
    endloop
  endfacet
  facet normal 0 1 0
    outer loop
      vertex 40.6569 -42 44.3431
      vertex 29.3431 -42 44.3431
      vertex 28.6532 -42 45.1299
    endloop
  endfacet
  facet normal 0 1 -0
    outer loop
      vertex 39.8701 -42 43.6532
      vertex 29.3431 -42 44.3431
      vertex 40.6569 -42 44.3431
    endloop
  endfacet
  facet normal 0 1 0
    outer loop
      vertex 39.8701 -42 43.6532
      vertex 30.1299 -42 43.6532
      vertex 29.3431 -42 44.3431
    endloop
  endfacet
  facet normal 0 1 -0
    outer loop
      vertex 39 -42 43.0718
      vertex 30.1299 -42 43.6532
      vertex 39.8701 -42 43.6532
    endloop
  endfacet
  facet normal 0 1 0
    outer loop
      vertex 39 -42 43.0718
      vertex 31 -42 43.0718
      vertex 30.1299 -42 43.6532
    endloop
  endfacet
  facet normal 0 1 -0
    outer loop
      vertex 38.0615 -42 42.609
      vertex 31 -42 43.0718
      vertex 39 -42 43.0718
    endloop
  endfacet
  facet normal 0 1 0
    outer loop
      vertex 38.0615 -42 42.609
      vertex 31.9385 -42 42.609
      vertex 31 -42 43.0718
    endloop
  endfacet
  facet normal 0 1 -0
    outer loop
      vertex 37.0706 -42 42.2726
      vertex 31.9385 -42 42.609
      vertex 38.0615 -42 42.609
    endloop
  endfacet
  facet normal 0 1 0
    outer loop
      vertex 37.0706 -42 42.2726
      vertex 32.9294 -42 42.2726
      vertex 31.9385 -42 42.609
    endloop
  endfacet
  facet normal 0 1 -0
    outer loop
      vertex 36.0442 -42 42.0684
      vertex 32.9294 -42 42.2726
      vertex 37.0706 -42 42.2726
    endloop
  endfacet
  facet normal 0 1 0
    outer loop
      vertex 36.0442 -42 42.0684
      vertex 33.9558 -42 42.0684
      vertex 32.9294 -42 42.2726
    endloop
  endfacet
  facet normal -0 1 0
    outer loop
      vertex 33.9558 -42 42.0684
      vertex 36.0442 -42 42.0684
      vertex 35 -42 42
    endloop
  endfacet
  facet normal -0.980779 0 0.195124
    outer loop
      vertex 27.0684 -50 51.0442
      vertex 27.2726 -42 52.0706
      vertex 27.0684 -42 51.0442
    endloop
  endfacet
  facet normal -0.980779 0 0.195124
    outer loop
      vertex 27.2726 -42 52.0706
      vertex 27.0684 -50 51.0442
      vertex 27.2726 -50 52.0706
    endloop
  endfacet
  facet normal 0.75189 -0 0.659289
    outer loop
      vertex 40.6569 -50 55.6569
      vertex 41.3468 -42 54.8701
      vertex 40.6569 -42 55.6569
    endloop
  endfacet
  facet normal 0.75189 0 0.659289
    outer loop
      vertex 41.3468 -42 54.8701
      vertex 40.6569 -50 55.6569
      vertex 41.3468 -50 54.8701
    endloop
  endfacet
  facet normal 0.831462 -0 0.555582
    outer loop
      vertex 41.3468 -50 54.8701
      vertex 41.9282 -42 54
      vertex 41.3468 -42 54.8701
    endloop
  endfacet
  facet normal 0.831462 0 0.555582
    outer loop
      vertex 41.9282 -42 54
      vertex 41.3468 -50 54.8701
      vertex 41.9282 -50 54
    endloop
  endfacet
  facet normal -0.555582 0 -0.831462
    outer loop
      vertex 30.1299 -50 43.6532
      vertex 31 -42 43.0718
      vertex 31 -50 43.0718
    endloop
  endfacet
  facet normal -0.555582 0 -0.831462
    outer loop
      vertex 31 -42 43.0718
      vertex 30.1299 -50 43.6532
      vertex 30.1299 -42 43.6532
    endloop
  endfacet
  facet normal -0.997861 0 -0.0653646
    outer loop
      vertex 27.0684 -50 48.9558
      vertex 27 -42 50
      vertex 27.0684 -42 48.9558
    endloop
  endfacet
  facet normal -0.997861 -0 -0.0653646
    outer loop
      vertex 27 -42 50
      vertex 27.0684 -50 48.9558
      vertex 27 -50 50
    endloop
  endfacet
  facet normal -0.997861 0 0.0653646
    outer loop
      vertex 27 -50 50
      vertex 27.0684 -42 51.0442
      vertex 27 -42 50
    endloop
  endfacet
  facet normal -0.997861 0 0.0653646
    outer loop
      vertex 27.0684 -42 51.0442
      vertex 27 -50 50
      vertex 27.0684 -50 51.0442
    endloop
  endfacet
  facet normal 0.555582 0 -0.831462
    outer loop
      vertex 39 -50 43.0718
      vertex 39.8701 -42 43.6532
      vertex 39.8701 -50 43.6532
    endloop
  endfacet
  facet normal 0.555582 0 -0.831462
    outer loop
      vertex 39.8701 -42 43.6532
      vertex 39 -50 43.0718
      vertex 39 -42 43.0718
    endloop
  endfacet
  facet normal -0.75189 0 -0.659289
    outer loop
      vertex 29.3431 -50 44.3431
      vertex 28.6532 -42 45.1299
      vertex 29.3431 -42 44.3431
    endloop
  endfacet
  facet normal -0.75189 -0 -0.659289
    outer loop
      vertex 28.6532 -42 45.1299
      vertex 29.3431 -50 44.3431
      vertex 28.6532 -50 45.1299
    endloop
  endfacet
  facet normal -0.831462 0 0.555582
    outer loop
      vertex 28.0718 -50 54
      vertex 28.6532 -42 54.8701
      vertex 28.0718 -42 54
    endloop
  endfacet
  facet normal -0.831462 0 0.555582
    outer loop
      vertex 28.6532 -42 54.8701
      vertex 28.0718 -50 54
      vertex 28.6532 -50 54.8701
    endloop
  endfacet
  facet normal -0.0653646 0 -0.997861
    outer loop
      vertex 33.9558 -50 42.0684
      vertex 35 -42 42
      vertex 35 -50 42
    endloop
  endfacet
  facet normal -0.0653646 0 -0.997861
    outer loop
      vertex 35 -42 42
      vertex 33.9558 -50 42.0684
      vertex 33.9558 -42 42.0684
    endloop
  endfacet
  facet normal 0 -1 0
    outer loop
      vertex 33.9558 -50 57.9316
      vertex 36.0442 -50 57.9316
      vertex 35 -50 58
    endloop
  endfacet
  facet normal 0 -1 0
    outer loop
      vertex 32.9294 -50 57.7274
      vertex 36.0442 -50 57.9316
      vertex 33.9558 -50 57.9316
    endloop
  endfacet
  facet normal 0 -1 0
    outer loop
      vertex 32.9294 -50 57.7274
      vertex 37.0706 -50 57.7274
      vertex 36.0442 -50 57.9316
    endloop
  endfacet
  facet normal 0 -1 0
    outer loop
      vertex 31.9385 -50 57.391
      vertex 37.0706 -50 57.7274
      vertex 32.9294 -50 57.7274
    endloop
  endfacet
  facet normal 0 -1 0
    outer loop
      vertex 31.9385 -50 57.391
      vertex 38.0615 -50 57.391
      vertex 37.0706 -50 57.7274
    endloop
  endfacet
  facet normal 0 -1 0
    outer loop
      vertex 31 -50 56.9282
      vertex 38.0615 -50 57.391
      vertex 31.9385 -50 57.391
    endloop
  endfacet
  facet normal 0 -1 0
    outer loop
      vertex 31 -50 56.9282
      vertex 39 -50 56.9282
      vertex 38.0615 -50 57.391
    endloop
  endfacet
  facet normal 0 -1 0
    outer loop
      vertex 30.1299 -50 56.3468
      vertex 39 -50 56.9282
      vertex 31 -50 56.9282
    endloop
  endfacet
  facet normal 0 -1 0
    outer loop
      vertex 30.1299 -50 56.3468
      vertex 39.8701 -50 56.3468
      vertex 39 -50 56.9282
    endloop
  endfacet
  facet normal 0 -1 0
    outer loop
      vertex 29.3431 -50 55.6569
      vertex 39.8701 -50 56.3468
      vertex 30.1299 -50 56.3468
    endloop
  endfacet
  facet normal 0 -1 0
    outer loop
      vertex 29.3431 -50 55.6569
      vertex 40.6569 -50 55.6569
      vertex 39.8701 -50 56.3468
    endloop
  endfacet
  facet normal 0 -1 0
    outer loop
      vertex 28.6532 -50 54.8701
      vertex 40.6569 -50 55.6569
      vertex 29.3431 -50 55.6569
    endloop
  endfacet
  facet normal 0 -1 0
    outer loop
      vertex 28.6532 -50 54.8701
      vertex 41.3468 -50 54.8701
      vertex 40.6569 -50 55.6569
    endloop
  endfacet
  facet normal 0 -1 0
    outer loop
      vertex 28.0718 -50 54
      vertex 41.3468 -50 54.8701
      vertex 28.6532 -50 54.8701
    endloop
  endfacet
  facet normal 0 -1 0
    outer loop
      vertex 28.0718 -50 54
      vertex 41.9282 -50 54
      vertex 41.3468 -50 54.8701
    endloop
  endfacet
  facet normal 0 -1 0
    outer loop
      vertex 27.609 -50 53.0615
      vertex 41.9282 -50 54
      vertex 28.0718 -50 54
    endloop
  endfacet
  facet normal 0 -1 0
    outer loop
      vertex 27.609 -50 53.0615
      vertex 42.391 -50 53.0615
      vertex 41.9282 -50 54
    endloop
  endfacet
  facet normal 0 -1 0
    outer loop
      vertex 27.2726 -50 52.0706
      vertex 42.391 -50 53.0615
      vertex 27.609 -50 53.0615
    endloop
  endfacet
  facet normal 0 -1 0
    outer loop
      vertex 27.2726 -50 52.0706
      vertex 42.7274 -50 52.0706
      vertex 42.391 -50 53.0615
    endloop
  endfacet
  facet normal 0 -1 0
    outer loop
      vertex 27.0684 -50 51.0442
      vertex 42.7274 -50 52.0706
      vertex 27.2726 -50 52.0706
    endloop
  endfacet
  facet normal 0 -1 0
    outer loop
      vertex 27.0684 -50 51.0442
      vertex 42.9316 -50 51.0442
      vertex 42.7274 -50 52.0706
    endloop
  endfacet
  facet normal 0 -1 0
    outer loop
      vertex 27 -50 50
      vertex 42.9316 -50 51.0442
      vertex 27.0684 -50 51.0442
    endloop
  endfacet
  facet normal 0 -1 0
    outer loop
      vertex 27 -50 50
      vertex 43 -50 50
      vertex 42.9316 -50 51.0442
    endloop
  endfacet
  facet normal 0 -1 0
    outer loop
      vertex 27.0684 -50 48.9558
      vertex 43 -50 50
      vertex 27 -50 50
    endloop
  endfacet
  facet normal 0 -1 0
    outer loop
      vertex 27.0684 -50 48.9558
      vertex 42.9316 -50 48.9558
      vertex 43 -50 50
    endloop
  endfacet
  facet normal 0 -1 0
    outer loop
      vertex 27.2726 -50 47.9294
      vertex 42.9316 -50 48.9558
      vertex 27.0684 -50 48.9558
    endloop
  endfacet
  facet normal 0 -1 0
    outer loop
      vertex 27.2726 -50 47.9294
      vertex 42.7274 -50 47.9294
      vertex 42.9316 -50 48.9558
    endloop
  endfacet
  facet normal 0 -1 0
    outer loop
      vertex 27.609 -50 46.9385
      vertex 42.7274 -50 47.9294
      vertex 27.2726 -50 47.9294
    endloop
  endfacet
  facet normal 0 -1 0
    outer loop
      vertex 27.609 -50 46.9385
      vertex 42.391 -50 46.9385
      vertex 42.7274 -50 47.9294
    endloop
  endfacet
  facet normal 0 -1 0
    outer loop
      vertex 28.0718 -50 46
      vertex 42.391 -50 46.9385
      vertex 27.609 -50 46.9385
    endloop
  endfacet
  facet normal 0 -1 0
    outer loop
      vertex 28.0718 -50 46
      vertex 41.9282 -50 46
      vertex 42.391 -50 46.9385
    endloop
  endfacet
  facet normal 0 -1 0
    outer loop
      vertex 28.6532 -50 45.1299
      vertex 41.9282 -50 46
      vertex 28.0718 -50 46
    endloop
  endfacet
  facet normal 0 -1 0
    outer loop
      vertex 28.6532 -50 45.1299
      vertex 41.3468 -50 45.1299
      vertex 41.9282 -50 46
    endloop
  endfacet
  facet normal 0 -1 0
    outer loop
      vertex 29.3431 -50 44.3431
      vertex 41.3468 -50 45.1299
      vertex 28.6532 -50 45.1299
    endloop
  endfacet
  facet normal 0 -1 0
    outer loop
      vertex 29.3431 -50 44.3431
      vertex 40.6569 -50 44.3431
      vertex 41.3468 -50 45.1299
    endloop
  endfacet
  facet normal 0 -1 0
    outer loop
      vertex 30.1299 -50 43.6532
      vertex 40.6569 -50 44.3431
      vertex 29.3431 -50 44.3431
    endloop
  endfacet
  facet normal 0 -1 0
    outer loop
      vertex 30.1299 -50 43.6532
      vertex 39.8701 -50 43.6532
      vertex 40.6569 -50 44.3431
    endloop
  endfacet
  facet normal 0 -1 0
    outer loop
      vertex 31 -50 43.0718
      vertex 39.8701 -50 43.6532
      vertex 30.1299 -50 43.6532
    endloop
  endfacet
  facet normal 0 -1 0
    outer loop
      vertex 31 -50 43.0718
      vertex 39 -50 43.0718
      vertex 39.8701 -50 43.6532
    endloop
  endfacet
  facet normal 0 -1 0
    outer loop
      vertex 31.9385 -50 42.609
      vertex 39 -50 43.0718
      vertex 31 -50 43.0718
    endloop
  endfacet
  facet normal 0 -1 0
    outer loop
      vertex 31.9385 -50 42.609
      vertex 38.0615 -50 42.609
      vertex 39 -50 43.0718
    endloop
  endfacet
  facet normal 0 -1 0
    outer loop
      vertex 32.9294 -50 42.2726
      vertex 38.0615 -50 42.609
      vertex 31.9385 -50 42.609
    endloop
  endfacet
  facet normal 0 -1 0
    outer loop
      vertex 32.9294 -50 42.2726
      vertex 37.0706 -50 42.2726
      vertex 38.0615 -50 42.609
    endloop
  endfacet
  facet normal 0 -1 0
    outer loop
      vertex 33.9558 -50 42.0684
      vertex 37.0706 -50 42.2726
      vertex 32.9294 -50 42.2726
    endloop
  endfacet
  facet normal 0 -1 0
    outer loop
      vertex 33.9558 -50 42.0684
      vertex 36.0442 -50 42.0684
      vertex 37.0706 -50 42.2726
    endloop
  endfacet
  facet normal -0 -1 0
    outer loop
      vertex 36.0442 -50 42.0684
      vertex 33.9558 -50 42.0684
      vertex 35 -50 42
    endloop
  endfacet
  facet normal -0.94692 0 0.321469
    outer loop
      vertex 27.2726 -50 52.0706
      vertex 27.609 -42 53.0615
      vertex 27.2726 -42 52.0706
    endloop
  endfacet
  facet normal -0.94692 0 0.321469
    outer loop
      vertex 27.609 -42 53.0615
      vertex 27.2726 -50 52.0706
      vertex 27.609 -50 53.0615
    endloop
  endfacet
  facet normal 0.659515 0.751691 -0
    outer loop
      vertex 127.071 7.07107 0
      vertex 126.088 7.93353 80
      vertex 127.071 7.07107 80
    endloop
  endfacet
  facet normal 0.659515 0.751691 0
    outer loop
      vertex 126.088 7.93353 80
      vertex 127.071 7.07107 0
      vertex 126.088 7.93353 0
    endloop
  endfacet
  facet normal 0.321355 -0.946959 0
    outer loop
      vertex 122.588 -9.65926 0
      vertex 123.827 -9.2388 80
      vertex 122.588 -9.65926 80
    endloop
  endfacet
  facet normal 0.321355 -0.946959 0
    outer loop
      vertex 123.827 -9.2388 80
      vertex 122.588 -9.65926 0
      vertex 123.827 -9.2388 0
    endloop
  endfacet
  facet normal 0.980813 0.19495 0
    outer loop
      vertex 129.914 1.30526 80
      vertex 129.659 2.58819 0
      vertex 129.659 2.58819 80
    endloop
  endfacet
  facet normal 0.980813 0.19495 0
    outer loop
      vertex 129.659 2.58819 0
      vertex 129.914 1.30526 80
      vertex 129.914 1.30526 0
    endloop
  endfacet
  facet normal 0.997836 0.0657447 0
    outer loop
      vertex 130 0 80
      vertex 129.914 1.30526 0
      vertex 129.914 1.30526 80
    endloop
  endfacet
  facet normal 0.997836 0.0657447 0
    outer loop
      vertex 129.914 1.30526 0
      vertex 130 0 80
      vertex 130 0 0
    endloop
  endfacet
  facet normal 0.947038 0.321123 0
    outer loop
      vertex 129.659 2.58819 80
      vertex 129.239 3.82683 0
      vertex 129.239 3.82683 80
    endloop
  endfacet
  facet normal 0.947038 0.321123 0
    outer loop
      vertex 129.239 3.82683 0
      vertex 129.659 2.58819 80
      vertex 129.659 2.58819 0
    endloop
  endfacet
  facet normal 0.442344 -0.896845 0
    outer loop
      vertex 123.827 -9.2388 0
      vertex 125 -8.66025 80
      vertex 123.827 -9.2388 80
    endloop
  endfacet
  facet normal 0.442344 -0.896845 0
    outer loop
      vertex 125 -8.66025 80
      vertex 123.827 -9.2388 0
      vertex 125 -8.66025 0
    endloop
  endfacet
  facet normal 0.321355 0.946959 -0
    outer loop
      vertex 123.827 9.2388 0
      vertex 122.588 9.65926 80
      vertex 123.827 9.2388 80
    endloop
  endfacet
  facet normal 0.321355 0.946959 0
    outer loop
      vertex 122.588 9.65926 80
      vertex 123.827 9.2388 0
      vertex 122.588 9.65926 0
    endloop
  endfacet
  facet normal 0.555434 -0.831561 0
    outer loop
      vertex 125 -8.66025 0
      vertex 126.088 -7.93353 80
      vertex 125 -8.66025 80
    endloop
  endfacet
  facet normal 0.555434 -0.831561 0
    outer loop
      vertex 126.088 -7.93353 80
      vertex 125 -8.66025 0
      vertex 126.088 -7.93353 0
    endloop
  endfacet
  facet normal 0.896734 0.442569 0
    outer loop
      vertex 129.239 3.82683 80
      vertex 128.66 5 0
      vertex 128.66 5 80
    endloop
  endfacet
  facet normal 0.896734 0.442569 0
    outer loop
      vertex 128.66 5 0
      vertex 129.239 3.82683 80
      vertex 129.239 3.82683 0
    endloop
  endfacet
  facet normal -0.947038 0.321123 0
    outer loop
      vertex 110.341 2.58819 26
      vertex 110.761 3.82683 80
      vertex 110.761 3.82683 26
    endloop
  endfacet
  facet normal -0.947038 0.321123 0
    outer loop
      vertex 110.761 3.82683 80
      vertex 110.341 2.58819 26
      vertex 110.341 2.58819 80
    endloop
  endfacet
  facet normal -0.751639 -0.659574 0
    outer loop
      vertex 112.929 -7.07107 26
      vertex 112.066 -6.08761 80
      vertex 112.066 -6.08761 26
    endloop
  endfacet
  facet normal -0.751639 -0.659574 0
    outer loop
      vertex 112.066 -6.08761 80
      vertex 112.929 -7.07107 26
      vertex 112.929 -7.07107 80
    endloop
  endfacet
  facet normal -0.0654151 0.997858 0
    outer loop
      vertex 120 10 26
      vertex 118.695 9.91445 80
      vertex 120 10 80
    endloop
  endfacet
  facet normal -0.0654151 0.997858 0
    outer loop
      vertex 118.695 9.91445 80
      vertex 120 10 26
      vertex 118.695 9.91445 26
    endloop
  endfacet
  facet normal 0.947038 -0.321123 0
    outer loop
      vertex 129.239 -3.82683 80
      vertex 129.659 -2.58819 0
      vertex 129.659 -2.58819 80
    endloop
  endfacet
  facet normal 0.947038 -0.321123 0
    outer loop
      vertex 129.659 -2.58819 0
      vertex 129.239 -3.82683 80
      vertex 129.239 -3.82683 0
    endloop
  endfacet
  facet normal -0.19508 -0.980787 0
    outer loop
      vertex 117.412 -9.65926 26
      vertex 118.695 -9.91445 80
      vertex 117.412 -9.65926 80
    endloop
  endfacet
  facet normal -0.19508 -0.980787 -0
    outer loop
      vertex 118.695 -9.91445 80
      vertex 117.412 -9.65926 26
      vertex 118.695 -9.91445 26
    endloop
  endfacet
  facet normal 0.555434 0.831561 -0
    outer loop
      vertex 126.088 7.93353 0
      vertex 125 8.66025 80
      vertex 126.088 7.93353 80
    endloop
  endfacet
  facet normal 0.555434 0.831561 0
    outer loop
      vertex 125 8.66025 80
      vertex 126.088 7.93353 0
      vertex 125 8.66025 0
    endloop
  endfacet
  facet normal -0.751639 0.659574 0
    outer loop
      vertex 112.066 6.08761 26
      vertex 112.929 7.07107 80
      vertex 112.929 7.07107 26
    endloop
  endfacet
  facet normal -0.751639 0.659574 0
    outer loop
      vertex 112.929 7.07107 80
      vertex 112.066 6.08761 26
      vertex 112.066 6.08761 80
    endloop
  endfacet
  facet normal -0.321355 -0.946959 0
    outer loop
      vertex 116.173 -9.2388 26
      vertex 117.412 -9.65926 80
      vertex 116.173 -9.2388 80
    endloop
  endfacet
  facet normal -0.321355 -0.946959 -0
    outer loop
      vertex 117.412 -9.65926 80
      vertex 116.173 -9.2388 26
      vertex 117.412 -9.65926 26
    endloop
  endfacet
  facet normal 0.751639 -0.659574 0
    outer loop
      vertex 127.071 -7.07107 80
      vertex 127.934 -6.08761 0
      vertex 127.934 -6.08761 80
    endloop
  endfacet
  facet normal 0.751639 -0.659574 0
    outer loop
      vertex 127.934 -6.08761 0
      vertex 127.071 -7.07107 80
      vertex 127.071 -7.07107 0
    endloop
  endfacet
  facet normal 0.896734 -0.442569 0
    outer loop
      vertex 128.66 -5 80
      vertex 129.239 -3.82683 0
      vertex 129.239 -3.82683 80
    endloop
  endfacet
  facet normal 0.896734 -0.442569 0
    outer loop
      vertex 129.239 -3.82683 0
      vertex 128.66 -5 80
      vertex 128.66 -5 0
    endloop
  endfacet
  facet normal -0.321355 0.946959 0
    outer loop
      vertex 117.412 9.65926 26
      vertex 116.173 9.2388 80
      vertex 117.412 9.65926 80
    endloop
  endfacet
  facet normal -0.321355 0.946959 0
    outer loop
      vertex 116.173 9.2388 80
      vertex 117.412 9.65926 26
      vertex 116.173 9.2388 26
    endloop
  endfacet
  facet normal -0.442344 0.896845 0
    outer loop
      vertex 116.173 9.2388 26
      vertex 115 8.66025 80
      vertex 116.173 9.2388 80
    endloop
  endfacet
  facet normal -0.442344 0.896845 0
    outer loop
      vertex 115 8.66025 80
      vertex 116.173 9.2388 26
      vertex 115 8.66025 26
    endloop
  endfacet
  facet normal 0.831723 0.555191 0
    outer loop
      vertex 128.66 5 80
      vertex 127.934 6.08761 0
      vertex 127.934 6.08761 80
    endloop
  endfacet
  facet normal 0.831723 0.555191 0
    outer loop
      vertex 127.934 6.08761 0
      vertex 128.66 5 80
      vertex 128.66 5 0
    endloop
  endfacet
  facet normal 0.19508 -0.980787 0
    outer loop
      vertex 121.305 -9.91445 0
      vertex 122.588 -9.65926 80
      vertex 121.305 -9.91445 80
    endloop
  endfacet
  facet normal 0.19508 -0.980787 0
    outer loop
      vertex 122.588 -9.65926 80
      vertex 121.305 -9.91445 0
      vertex 122.588 -9.65926 0
    endloop
  endfacet
  facet normal 0.980813 -0.19495 0
    outer loop
      vertex 129.659 -2.58819 80
      vertex 129.914 -1.30526 0
      vertex 129.914 -1.30526 80
    endloop
  endfacet
  facet normal 0.980813 -0.19495 0
    outer loop
      vertex 129.914 -1.30526 0
      vertex 129.659 -2.58819 80
      vertex 129.659 -2.58819 0
    endloop
  endfacet
  facet normal 0.0654151 0.997858 0
    outer loop
      vertex 121.305 9.91445 80
      vertex 120 10 26
      vertex 120 10 80
    endloop
  endfacet
  facet normal 0.0654151 0.997858 -0
    outer loop
      vertex 121.305 9.91445 0
      vertex 120 10 26
      vertex 121.305 9.91445 80
    endloop
  endfacet
  facet normal 0.0654151 0.997858 0
    outer loop
      vertex 120 10 26
      vertex 121.305 9.91445 0
      vertex 120 10 0
    endloop
  endfacet
  facet normal 0.659515 -0.751691 0
    outer loop
      vertex 126.088 -7.93353 0
      vertex 127.071 -7.07107 80
      vertex 126.088 -7.93353 80
    endloop
  endfacet
  facet normal 0.659515 -0.751691 0
    outer loop
      vertex 127.071 -7.07107 80
      vertex 126.088 -7.93353 0
      vertex 127.071 -7.07107 0
    endloop
  endfacet
  facet normal -0.555434 -0.831561 0
    outer loop
      vertex 113.912 -7.93353 26
      vertex 115 -8.66025 80
      vertex 113.912 -7.93353 80
    endloop
  endfacet
  facet normal -0.555434 -0.831561 -0
    outer loop
      vertex 115 -8.66025 80
      vertex 113.912 -7.93353 26
      vertex 115 -8.66025 26
    endloop
  endfacet
  facet normal -0.947038 -0.321123 0
    outer loop
      vertex 110.761 -3.82683 26
      vertex 110.341 -2.58819 80
      vertex 110.341 -2.58819 26
    endloop
  endfacet
  facet normal -0.947038 -0.321123 0
    outer loop
      vertex 110.341 -2.58819 80
      vertex 110.761 -3.82683 26
      vertex 110.761 -3.82683 80
    endloop
  endfacet
  facet normal 0.442344 0.896845 -0
    outer loop
      vertex 125 8.66025 0
      vertex 123.827 9.2388 80
      vertex 125 8.66025 80
    endloop
  endfacet
  facet normal 0.442344 0.896845 0
    outer loop
      vertex 123.827 9.2388 80
      vertex 125 8.66025 0
      vertex 123.827 9.2388 0
    endloop
  endfacet
  facet normal 0.997836 -0.0657447 0
    outer loop
      vertex 129.914 -1.30526 80
      vertex 130 0 0
      vertex 130 0 80
    endloop
  endfacet
  facet normal 0.997836 -0.0657447 0
    outer loop
      vertex 130 0 0
      vertex 129.914 -1.30526 80
      vertex 129.914 -1.30526 0
    endloop
  endfacet
  facet normal 0 -0 -1
    outer loop
      vertex 50.5989 9.13683 80
      vertex 110.086 1.30526 80
      vertex 50 0 80
    endloop
  endfacet
  facet normal 0 0 -1
    outer loop
      vertex 110.341 2.58819 80
      vertex 70.5025 49.4975 80
      vertex 77.3867 55.5347 80
    endloop
  endfacet
  facet normal 0 0 -1
    outer loop
      vertex 110.341 2.58819 80
      vertex 64.4653 42.6133 80
      vertex 70.5025 49.4975 80
    endloop
  endfacet
  facet normal 0 0 -1
    outer loop
      vertex 110.341 2.58819 80
      vertex 59.3782 35 80
      vertex 64.4653 42.6133 80
    endloop
  endfacet
  facet normal 0 0 -1
    outer loop
      vertex 55.3284 -26.7878 80
      vertex 72 -28 80
      vertex 55.9262 -28 80
    endloop
  endfacet
  facet normal 0 0 -1
    outer loop
      vertex 72 -28 80
      vertex 55.3284 -26.7878 80
      vertex 52.3852 -18.1173 80
    endloop
  endfacet
  facet normal 0 0 -1
    outer loop
      vertex 110.341 2.58819 80
      vertex 55.3284 26.7878 80
      vertex 59.3782 35 80
    endloop
  endfacet
  facet normal 0 0 -1
    outer loop
      vertex 50.5989 -9.13683 80
      vertex 72 -28 80
      vertex 52.3852 -18.1173 80
    endloop
  endfacet
  facet normal 0 0 -1
    outer loop
      vertex 110.341 2.58819 80
      vertex 52.3852 18.1173 80
      vertex 55.3284 26.7878 80
    endloop
  endfacet
  facet normal 0 0 -1
    outer loop
      vertex 50 0 80
      vertex 72 -28 80
      vertex 50.5989 -9.13683 80
    endloop
  endfacet
  facet normal 0 0 -1
    outer loop
      vertex 110.341 2.58819 80
      vertex 50.5989 9.13683 80
      vertex 52.3852 18.1173 80
    endloop
  endfacet
  facet normal 0 0 -1
    outer loop
      vertex 110.086 1.30526 80
      vertex 50.5989 9.13683 80
      vertex 110.341 2.58819 80
    endloop
  endfacet
  facet normal 0 0 -1
    outer loop
      vertex 130 0 80
      vertex 190 0 80
      vertex 189.401 -9.13683 80
    endloop
  endfacet
  facet normal 0 0 -1
    outer loop
      vertex 129.914 -1.30526 80
      vertex 189.401 -9.13683 80
      vertex 187.615 -18.1173 80
    endloop
  endfacet
  facet normal 0 0 -1
    outer loop
      vertex 190 0 80
      vertex 130 0 80
      vertex 189.401 9.13683 80
    endloop
  endfacet
  facet normal 0 0 -1
    outer loop
      vertex 129.659 -2.58819 80
      vertex 187.615 -18.1173 80
      vertex 184.672 -26.7878 80
    endloop
  endfacet
  facet normal 0 0 -1
    outer loop
      vertex 129.914 1.30526 80
      vertex 189.401 9.13683 80
      vertex 130 0 80
    endloop
  endfacet
  facet normal 0 0 -1
    outer loop
      vertex 129.239 -3.82683 80
      vertex 184.672 -26.7878 80
      vertex 180.622 -35 80
    endloop
  endfacet
  facet normal -0 0 -1
    outer loop
      vertex 189.401 9.13683 80
      vertex 129.914 1.30526 80
      vertex 187.615 18.1173 80
    endloop
  endfacet
  facet normal 0 0 -1
    outer loop
      vertex 128.66 -5 80
      vertex 180.622 -35 80
      vertex 175.535 -42.6133 80
    endloop
  endfacet
  facet normal 0 0 -1
    outer loop
      vertex 129.659 2.58819 80
      vertex 187.615 18.1173 80
      vertex 129.914 1.30526 80
    endloop
  endfacet
  facet normal 0 0 -1
    outer loop
      vertex 127.934 -6.08761 80
      vertex 175.535 -42.6133 80
      vertex 169.497 -49.4975 80
    endloop
  endfacet
  facet normal -0 0 -1
    outer loop
      vertex 187.615 18.1173 80
      vertex 129.659 2.58819 80
      vertex 184.672 26.7878 80
    endloop
  endfacet
  facet normal 0 0 -1
    outer loop
      vertex 127.071 -7.07107 80
      vertex 169.497 -49.4975 80
      vertex 162.613 -55.5347 80
    endloop
  endfacet
  facet normal 0 0 -1
    outer loop
      vertex 129.239 3.82683 80
      vertex 184.672 26.7878 80
      vertex 129.659 2.58819 80
    endloop
  endfacet
  facet normal 0 0 -1
    outer loop
      vertex 126.088 -7.93353 80
      vertex 162.613 -55.5347 80
      vertex 155 -60.6218 80
    endloop
  endfacet
  facet normal -0 0 -1
    outer loop
      vertex 184.672 26.7878 80
      vertex 129.239 3.82683 80
      vertex 180.622 35 80
    endloop
  endfacet
  facet normal 0 0 -1
    outer loop
      vertex 125 -8.66025 80
      vertex 155 -60.6218 80
      vertex 146.788 -64.6716 80
    endloop
  endfacet
  facet normal 0 0 -1
    outer loop
      vertex 128.66 5 80
      vertex 180.622 35 80
      vertex 129.239 3.82683 80
    endloop
  endfacet
  facet normal 0 0 -1
    outer loop
      vertex 123.827 -9.2388 80
      vertex 146.788 -64.6716 80
      vertex 138.117 -67.6148 80
    endloop
  endfacet
  facet normal -0 0 -1
    outer loop
      vertex 180.622 35 80
      vertex 128.66 5 80
      vertex 175.535 42.6133 80
    endloop
  endfacet
  facet normal 0 0 -1
    outer loop
      vertex 127.934 6.08761 80
      vertex 175.535 42.6133 80
      vertex 128.66 5 80
    endloop
  endfacet
  facet normal 0 0 -1
    outer loop
      vertex 189.401 -9.13683 80
      vertex 129.914 -1.30526 80
      vertex 130 0 80
    endloop
  endfacet
  facet normal 0 0 -1
    outer loop
      vertex 187.615 -18.1173 80
      vertex 129.659 -2.58819 80
      vertex 129.914 -1.30526 80
    endloop
  endfacet
  facet normal 0 0 -1
    outer loop
      vertex 184.672 -26.7878 80
      vertex 129.239 -3.82683 80
      vertex 129.659 -2.58819 80
    endloop
  endfacet
  facet normal 0 0 -1
    outer loop
      vertex 122.588 -9.65926 80
      vertex 138.117 -67.6148 80
      vertex 129.137 -69.4011 80
    endloop
  endfacet
  facet normal 0 0 -1
    outer loop
      vertex 180.622 -35 80
      vertex 128.66 -5 80
      vertex 129.239 -3.82683 80
    endloop
  endfacet
  facet normal 0 0 -1
    outer loop
      vertex 175.535 -42.6133 80
      vertex 127.934 -6.08761 80
      vertex 128.66 -5 80
    endloop
  endfacet
  facet normal 0 0 -1
    outer loop
      vertex 169.497 -49.4975 80
      vertex 127.071 -7.07107 80
      vertex 127.934 -6.08761 80
    endloop
  endfacet
  facet normal 0 0 -1
    outer loop
      vertex 162.613 -55.5347 80
      vertex 126.088 -7.93353 80
      vertex 127.071 -7.07107 80
    endloop
  endfacet
  facet normal 0 0 -1
    outer loop
      vertex 155 -60.6218 80
      vertex 125 -8.66025 80
      vertex 126.088 -7.93353 80
    endloop
  endfacet
  facet normal 0 0 -1
    outer loop
      vertex 146.788 -64.6716 80
      vertex 123.827 -9.2388 80
      vertex 125 -8.66025 80
    endloop
  endfacet
  facet normal 0 0 -1
    outer loop
      vertex 138.117 -67.6148 80
      vertex 122.588 -9.65926 80
      vertex 123.827 -9.2388 80
    endloop
  endfacet
  facet normal 0 0 -1
    outer loop
      vertex 129.137 -69.4011 80
      vertex 121.305 -9.91445 80
      vertex 122.588 -9.65926 80
    endloop
  endfacet
  facet normal 0 0 -1
    outer loop
      vertex 120 -70 80
      vertex 121.305 -9.91445 80
      vertex 129.137 -69.4011 80
    endloop
  endfacet
  facet normal 0 0 -1
    outer loop
      vertex 120 -70 80
      vertex 120 -10 80
      vertex 121.305 -9.91445 80
    endloop
  endfacet
  facet normal 0 0 -1
    outer loop
      vertex 120 -70 80
      vertex 118.695 -9.91445 80
      vertex 120 -10 80
    endloop
  endfacet
  facet normal 0 0 -1
    outer loop
      vertex 110.863 -69.4011 80
      vertex 118.695 -9.91445 80
      vertex 120 -70 80
    endloop
  endfacet
  facet normal -0 0 -1
    outer loop
      vertex 118.695 -9.91445 80
      vertex 110.863 -69.4011 80
      vertex 117.412 -9.65926 80
    endloop
  endfacet
  facet normal 0 0 -1
    outer loop
      vertex 101.883 -67.6148 80
      vertex 117.412 -9.65926 80
      vertex 110.863 -69.4011 80
    endloop
  endfacet
  facet normal -0 0 -1
    outer loop
      vertex 117.412 -9.65926 80
      vertex 101.883 -67.6148 80
      vertex 116.173 -9.2388 80
    endloop
  endfacet
  facet normal 0 0 -1
    outer loop
      vertex 93.2122 -64.6716 80
      vertex 116.173 -9.2388 80
      vertex 101.883 -67.6148 80
    endloop
  endfacet
  facet normal -0 0 -1
    outer loop
      vertex 116.173 -9.2388 80
      vertex 93.2122 -64.6716 80
      vertex 115 -8.66025 80
    endloop
  endfacet
  facet normal 0 0 -1
    outer loop
      vertex 85 -60.6218 80
      vertex 115 -8.66025 80
      vertex 93.2122 -64.6716 80
    endloop
  endfacet
  facet normal 0 0 -1
    outer loop
      vertex 72 -30 80
      vertex 115 -8.66025 80
      vertex 85 -60.6218 80
    endloop
  endfacet
  facet normal -0 0 -1
    outer loop
      vertex 115 -8.66025 80
      vertex 72 -30 80
      vertex 113.912 -7.93353 80
    endloop
  endfacet
  facet normal 0 0 -1
    outer loop
      vertex 72 -28 80
      vertex 113.912 -7.93353 80
      vertex 72 -30 80
    endloop
  endfacet
  facet normal -0 0 -1
    outer loop
      vertex 112.929 -7.07107 80
      vertex 72 -28 80
      vertex 112.066 -6.08761 80
    endloop
  endfacet
  facet normal -0 0 -1
    outer loop
      vertex 112.066 -6.08761 80
      vertex 72 -28 80
      vertex 111.34 -5 80
    endloop
  endfacet
  facet normal -0 0 -1
    outer loop
      vertex 111.34 -5 80
      vertex 72 -28 80
      vertex 110.761 -3.82683 80
    endloop
  endfacet
  facet normal -0 0 -1
    outer loop
      vertex 175.535 42.6133 80
      vertex 127.934 6.08761 80
      vertex 169.497 49.4975 80
    endloop
  endfacet
  facet normal 0 0 -1
    outer loop
      vertex 127.071 7.07107 80
      vertex 169.497 49.4975 80
      vertex 127.934 6.08761 80
    endloop
  endfacet
  facet normal -0 0 -1
    outer loop
      vertex 169.497 49.4975 80
      vertex 127.071 7.07107 80
      vertex 162.613 55.5347 80
    endloop
  endfacet
  facet normal 0 0 -1
    outer loop
      vertex 126.088 7.93353 80
      vertex 162.613 55.5347 80
      vertex 127.071 7.07107 80
    endloop
  endfacet
  facet normal -0 0 -1
    outer loop
      vertex 162.613 55.5347 80
      vertex 126.088 7.93353 80
      vertex 155 60.6218 80
    endloop
  endfacet
  facet normal 0 0 -1
    outer loop
      vertex 125 8.66025 80
      vertex 155 60.6218 80
      vertex 126.088 7.93353 80
    endloop
  endfacet
  facet normal -0 0 -1
    outer loop
      vertex 155 60.6218 80
      vertex 125 8.66025 80
      vertex 146.788 64.6716 80
    endloop
  endfacet
  facet normal 0 0 -1
    outer loop
      vertex 123.827 9.2388 80
      vertex 146.788 64.6716 80
      vertex 125 8.66025 80
    endloop
  endfacet
  facet normal -0 0 -1
    outer loop
      vertex 146.788 64.6716 80
      vertex 123.827 9.2388 80
      vertex 138.117 67.6148 80
    endloop
  endfacet
  facet normal 0 0 -1
    outer loop
      vertex 122.588 9.65926 80
      vertex 138.117 67.6148 80
      vertex 123.827 9.2388 80
    endloop
  endfacet
  facet normal -0 0 -1
    outer loop
      vertex 138.117 67.6148 80
      vertex 122.588 9.65926 80
      vertex 129.137 69.4011 80
    endloop
  endfacet
  facet normal 0 0 -1
    outer loop
      vertex 121.305 9.91445 80
      vertex 129.137 69.4011 80
      vertex 122.588 9.65926 80
    endloop
  endfacet
  facet normal 0 0 -1
    outer loop
      vertex 120 10 80
      vertex 129.137 69.4011 80
      vertex 121.305 9.91445 80
    endloop
  endfacet
  facet normal 0 0 -1
    outer loop
      vertex 120 10 80
      vertex 120 70 80
      vertex 129.137 69.4011 80
    endloop
  endfacet
  facet normal 0 0 -1
    outer loop
      vertex 118.695 9.91445 80
      vertex 120 70 80
      vertex 120 10 80
    endloop
  endfacet
  facet normal 0 0 -1
    outer loop
      vertex 110.863 69.4011 80
      vertex 118.695 9.91445 80
      vertex 117.412 9.65926 80
    endloop
  endfacet
  facet normal 0 0 -1
    outer loop
      vertex 101.883 67.6148 80
      vertex 117.412 9.65926 80
      vertex 116.173 9.2388 80
    endloop
  endfacet
  facet normal 0 0 -1
    outer loop
      vertex 93.2122 64.6716 80
      vertex 116.173 9.2388 80
      vertex 115 8.66025 80
    endloop
  endfacet
  facet normal 0 0 -1
    outer loop
      vertex 85 60.6218 80
      vertex 115 8.66025 80
      vertex 113.912 7.93353 80
    endloop
  endfacet
  facet normal 0 0 -1
    outer loop
      vertex 77.3867 55.5347 80
      vertex 113.912 7.93353 80
      vertex 112.929 7.07107 80
    endloop
  endfacet
  facet normal 0 0 -1
    outer loop
      vertex 77.3867 55.5347 80
      vertex 112.929 7.07107 80
      vertex 112.066 6.08761 80
    endloop
  endfacet
  facet normal 0 0 -1
    outer loop
      vertex 77.3867 55.5347 80
      vertex 112.066 6.08761 80
      vertex 111.34 5 80
    endloop
  endfacet
  facet normal 0 0 -1
    outer loop
      vertex 118.695 9.91445 80
      vertex 110.863 69.4011 80
      vertex 120 70 80
    endloop
  endfacet
  facet normal 0 0 -1
    outer loop
      vertex 77.3867 55.5347 80
      vertex 111.34 5 80
      vertex 110.761 3.82683 80
    endloop
  endfacet
  facet normal 0 0 -1
    outer loop
      vertex 77.3867 55.5347 80
      vertex 110.761 3.82683 80
      vertex 110.341 2.58819 80
    endloop
  endfacet
  facet normal 0 0 -1
    outer loop
      vertex 50 0 80
      vertex 110 0 80
      vertex 72 -28 80
    endloop
  endfacet
  facet normal -0 0 -1
    outer loop
      vertex 110.086 -1.30526 80
      vertex 72 -28 80
      vertex 110 0 80
    endloop
  endfacet
  facet normal -0 0 -1
    outer loop
      vertex 110.761 -3.82683 80
      vertex 72 -28 80
      vertex 110.341 -2.58819 80
    endloop
  endfacet
  facet normal 0 0 -1
    outer loop
      vertex 110 0 80
      vertex 50 0 80
      vertex 110.086 1.30526 80
    endloop
  endfacet
  facet normal -0 0 -1
    outer loop
      vertex 110.341 -2.58819 80
      vertex 72 -28 80
      vertex 110.086 -1.30526 80
    endloop
  endfacet
  facet normal 0 0 -1
    outer loop
      vertex 117.412 9.65926 80
      vertex 101.883 67.6148 80
      vertex 110.863 69.4011 80
    endloop
  endfacet
  facet normal -0 0 -1
    outer loop
      vertex 113.912 -7.93353 80
      vertex 72 -28 80
      vertex 112.929 -7.07107 80
    endloop
  endfacet
  facet normal 0 0 -1
    outer loop
      vertex 116.173 9.2388 80
      vertex 93.2122 64.6716 80
      vertex 101.883 67.6148 80
    endloop
  endfacet
  facet normal 0 0 -1
    outer loop
      vertex 72 -30 80
      vertex 85 -60.6218 80
      vertex 77.3867 -55.5347 80
    endloop
  endfacet
  facet normal 0 0 -1
    outer loop
      vertex 115 8.66025 80
      vertex 85 60.6218 80
      vertex 93.2122 64.6716 80
    endloop
  endfacet
  facet normal 0 0 -1
    outer loop
      vertex 113.912 7.93353 80
      vertex 77.3867 55.5347 80
      vertex 85 60.6218 80
    endloop
  endfacet
  facet normal 0 0 -1
    outer loop
      vertex 70.5025 -49.4975 80
      vertex 72 -30 80
      vertex 77.3867 -55.5347 80
    endloop
  endfacet
  facet normal 0 0 -1
    outer loop
      vertex 64.4653 -42.6133 80
      vertex 72 -30 80
      vertex 70.5025 -49.4975 80
    endloop
  endfacet
  facet normal 0 0 -1
    outer loop
      vertex 59.3782 -35 80
      vertex 72 -30 80
      vertex 64.4653 -42.6133 80
    endloop
  endfacet
  facet normal -0 0 -1
    outer loop
      vertex 72 -30 80
      vertex 59.3782 -35 80
      vertex 56.9125 -30 80
    endloop
  endfacet
  facet normal -0.896734 0.442569 0
    outer loop
      vertex 110.761 3.82683 26
      vertex 111.34 5 80
      vertex 111.34 5 26
    endloop
  endfacet
  facet normal -0.896734 0.442569 0
    outer loop
      vertex 111.34 5 80
      vertex 110.761 3.82683 26
      vertex 110.761 3.82683 80
    endloop
  endfacet
  facet normal -0.555434 0.831561 0
    outer loop
      vertex 115 8.66025 26
      vertex 113.912 7.93353 80
      vertex 115 8.66025 80
    endloop
  endfacet
  facet normal -0.555434 0.831561 0
    outer loop
      vertex 113.912 7.93353 80
      vertex 115 8.66025 26
      vertex 113.912 7.93353 26
    endloop
  endfacet
  facet normal -0.980813 0.19495 0
    outer loop
      vertex 110.086 1.30526 26
      vertex 110.341 2.58819 80
      vertex 110.341 2.58819 26
    endloop
  endfacet
  facet normal -0.980813 0.19495 0
    outer loop
      vertex 110.341 2.58819 80
      vertex 110.086 1.30526 26
      vertex 110.086 1.30526 80
    endloop
  endfacet
  facet normal -0.980813 -0.19495 0
    outer loop
      vertex 110.341 -2.58819 26
      vertex 110.086 -1.30526 80
      vertex 110.086 -1.30526 26
    endloop
  endfacet
  facet normal -0.980813 -0.19495 0
    outer loop
      vertex 110.086 -1.30526 80
      vertex 110.341 -2.58819 26
      vertex 110.341 -2.58819 80
    endloop
  endfacet
  facet normal 0.0654151 -0.997858 0
    outer loop
      vertex 120 -10 26
      vertex 121.305 -9.91445 80
      vertex 120 -10 80
    endloop
  endfacet
  facet normal 0.0654151 -0.997858 0
    outer loop
      vertex 121.305 -9.91445 0
      vertex 120 -10 26
      vertex 120 -10 0
    endloop
  endfacet
  facet normal 0.0654151 -0.997858 0
    outer loop
      vertex 120 -10 26
      vertex 121.305 -9.91445 0
      vertex 121.305 -9.91445 80
    endloop
  endfacet
  facet normal -0.659515 0.751691 0
    outer loop
      vertex 113.912 7.93353 26
      vertex 112.929 7.07107 80
      vertex 113.912 7.93353 80
    endloop
  endfacet
  facet normal -0.659515 0.751691 0
    outer loop
      vertex 112.929 7.07107 80
      vertex 113.912 7.93353 26
      vertex 112.929 7.07107 26
    endloop
  endfacet
  facet normal -0.19508 0.980787 0
    outer loop
      vertex 118.695 9.91445 26
      vertex 117.412 9.65926 80
      vertex 118.695 9.91445 80
    endloop
  endfacet
  facet normal -0.19508 0.980787 0
    outer loop
      vertex 117.412 9.65926 80
      vertex 118.695 9.91445 26
      vertex 117.412 9.65926 26
    endloop
  endfacet
  facet normal -0.0654151 -0.997858 0
    outer loop
      vertex 118.695 -9.91445 26
      vertex 120 -10 80
      vertex 118.695 -9.91445 80
    endloop
  endfacet
  facet normal -0.0654151 -0.997858 -0
    outer loop
      vertex 120 -10 80
      vertex 118.695 -9.91445 26
      vertex 120 -10 26
    endloop
  endfacet
  facet normal -0.831723 0.555191 0
    outer loop
      vertex 111.34 5 26
      vertex 112.066 6.08761 80
      vertex 112.066 6.08761 26
    endloop
  endfacet
  facet normal -0.831723 0.555191 0
    outer loop
      vertex 112.066 6.08761 80
      vertex 111.34 5 26
      vertex 111.34 5 80
    endloop
  endfacet
  facet normal 0.751639 0.659574 0
    outer loop
      vertex 127.934 6.08761 80
      vertex 127.071 7.07107 0
      vertex 127.071 7.07107 80
    endloop
  endfacet
  facet normal 0.751639 0.659574 0
    outer loop
      vertex 127.071 7.07107 0
      vertex 127.934 6.08761 80
      vertex 127.934 6.08761 0
    endloop
  endfacet
  facet normal 0.831723 -0.555191 0
    outer loop
      vertex 127.934 -6.08761 80
      vertex 128.66 -5 0
      vertex 128.66 -5 80
    endloop
  endfacet
  facet normal 0.831723 -0.555191 0
    outer loop
      vertex 128.66 -5 0
      vertex 127.934 -6.08761 80
      vertex 127.934 -6.08761 0
    endloop
  endfacet
  facet normal -0.896734 -0.442569 0
    outer loop
      vertex 111.34 -5 26
      vertex 110.761 -3.82683 80
      vertex 110.761 -3.82683 26
    endloop
  endfacet
  facet normal -0.896734 -0.442569 0
    outer loop
      vertex 110.761 -3.82683 80
      vertex 111.34 -5 26
      vertex 111.34 -5 80
    endloop
  endfacet
  facet normal -0.442344 -0.896845 0
    outer loop
      vertex 115 -8.66025 26
      vertex 116.173 -9.2388 80
      vertex 115 -8.66025 80
    endloop
  endfacet
  facet normal -0.442344 -0.896845 -0
    outer loop
      vertex 116.173 -9.2388 80
      vertex 115 -8.66025 26
      vertex 116.173 -9.2388 26
    endloop
  endfacet
  facet normal -0.997836 -0.0657447 0
    outer loop
      vertex 110.086 -1.30526 26
      vertex 110 0 80
      vertex 110 0 26
    endloop
  endfacet
  facet normal -0.997836 -0.0657447 0
    outer loop
      vertex 110 0 80
      vertex 110.086 -1.30526 26
      vertex 110.086 -1.30526 80
    endloop
  endfacet
  facet normal -0.659515 -0.751691 0
    outer loop
      vertex 112.929 -7.07107 26
      vertex 113.912 -7.93353 80
      vertex 112.929 -7.07107 80
    endloop
  endfacet
  facet normal -0.659515 -0.751691 -0
    outer loop
      vertex 113.912 -7.93353 80
      vertex 112.929 -7.07107 26
      vertex 113.912 -7.93353 26
    endloop
  endfacet
  facet normal -0.831723 -0.555191 0
    outer loop
      vertex 112.066 -6.08761 26
      vertex 111.34 -5 80
      vertex 111.34 -5 26
    endloop
  endfacet
  facet normal -0.831723 -0.555191 0
    outer loop
      vertex 111.34 -5 80
      vertex 112.066 -6.08761 26
      vertex 112.066 -6.08761 80
    endloop
  endfacet
  facet normal -0.997836 0.0657447 0
    outer loop
      vertex 110 0 26
      vertex 110.086 1.30526 80
      vertex 110.086 1.30526 26
    endloop
  endfacet
  facet normal -0.997836 0.0657447 0
    outer loop
      vertex 110.086 1.30526 80
      vertex 110 0 26
      vertex 110 0 80
    endloop
  endfacet
  facet normal 0.19508 0.980787 -0
    outer loop
      vertex 122.588 9.65926 0
      vertex 121.305 9.91445 80
      vertex 122.588 9.65926 80
    endloop
  endfacet
  facet normal 0.19508 0.980787 0
    outer loop
      vertex 121.305 9.91445 80
      vertex 122.588 9.65926 0
      vertex 121.305 9.91445 0
    endloop
  endfacet
  facet normal 0.980792 0.195056 0
    outer loop
      vertex 189.401 9.13683 85
      vertex 187.615 18.1173 80
      vertex 187.615 18.1173 85
    endloop
  endfacet
  facet normal 0.980792 0.195056 0
    outer loop
      vertex 187.615 18.1173 80
      vertex 189.401 9.13683 85
      vertex 189.401 9.13683 80
    endloop
  endfacet
  facet normal 0.997858 0.0654184 0
    outer loop
      vertex 190 0 85
      vertex 189.401 9.13683 80
      vertex 189.401 9.13683 85
    endloop
  endfacet
  facet normal 0.997858 0.0654184 0
    outer loop
      vertex 189.401 9.13683 80
      vertex 190 0 85
      vertex 190 0 80
    endloop
  endfacet
  facet normal 0.946938 0.321416 0
    outer loop
      vertex 187.615 18.1173 85
      vertex 184.672 26.7878 80
      vertex 184.672 26.7878 85
    endloop
  endfacet
  facet normal 0.946938 0.321416 0
    outer loop
      vertex 184.672 26.7878 80
      vertex 187.615 18.1173 85
      vertex 187.615 18.1173 80
    endloop
  endfacet
  facet normal -0.896873 0.442288 0
    outer loop
      vertex 55.3284 26.7878 80
      vertex 59.3782 35 85
      vertex 59.3782 35 80
    endloop
  endfacet
  facet normal -0.896873 0.442288 0
    outer loop
      vertex 59.3782 35 85
      vertex 55.3284 26.7878 80
      vertex 55.3284 26.7878 85
    endloop
  endfacet
  facet normal 0.321419 0.946937 -0
    outer loop
      vertex 146.788 64.6716 80
      vertex 138.117 67.6148 85
      vertex 146.788 64.6716 85
    endloop
  endfacet
  facet normal 0.321419 0.946937 0
    outer loop
      vertex 138.117 67.6148 85
      vertex 146.788 64.6716 80
      vertex 138.117 67.6148 80
    endloop
  endfacet
  facet normal 0.980792 -0.195056 0
    outer loop
      vertex 187.615 -18.1173 85
      vertex 189.401 -9.13683 80
      vertex 189.401 -9.13683 85
    endloop
  endfacet
  facet normal 0.980792 -0.195056 0
    outer loop
      vertex 189.401 -9.13683 80
      vertex 187.615 -18.1173 85
      vertex 187.615 -18.1173 80
    endloop
  endfacet
  facet normal 0.55559 -0.831457 0
    outer loop
      vertex 155 -60.6218 80
      vertex 162.613 -55.5347 85
      vertex 155 -60.6218 85
    endloop
  endfacet
  facet normal 0.55559 -0.831457 0
    outer loop
      vertex 162.613 -55.5347 85
      vertex 155 -60.6218 80
      vertex 162.613 -55.5347 80
    endloop
  endfacet
  facet normal 0.831472 -0.555567 0
    outer loop
      vertex 175.535 -42.6133 85
      vertex 180.622 -35 80
      vertex 180.622 -35 85
    endloop
  endfacet
  facet normal 0.831472 -0.555567 0
    outer loop
      vertex 180.622 -35 80
      vertex 175.535 -42.6133 85
      vertex 175.535 -42.6133 80
    endloop
  endfacet
  facet normal -0.946931 -0.321436 0
    outer loop
      vertex 55.3284 -26.7878 80
      vertex 52.3852 -18.1173 85
      vertex 52.3852 -18.1173 80
    endloop
  endfacet
  facet normal -0.946931 -0.321436 0
    outer loop
      vertex 52.3852 -18.1173 85
      vertex 55.3284 -26.7878 80
      vertex 55.3284 -26.7878 85
    endloop
  endfacet
  facet normal 0.321419 -0.946937 0
    outer loop
      vertex 138.117 -67.6148 80
      vertex 146.788 -64.6716 85
      vertex 138.117 -67.6148 85
    endloop
  endfacet
  facet normal 0.321419 -0.946937 0
    outer loop
      vertex 146.788 -64.6716 85
      vertex 138.117 -67.6148 80
      vertex 146.788 -64.6716 80
    endloop
  endfacet
  facet normal 0.896864 0.442305 0
    outer loop
      vertex 184.672 26.7878 85
      vertex 180.622 35 80
      vertex 180.622 35 85
    endloop
  endfacet
  facet normal 0.896864 0.442305 0
    outer loop
      vertex 180.622 35 80
      vertex 184.672 26.7878 85
      vertex 184.672 26.7878 80
    endloop
  endfacet
  facet normal -0.0654063 -0.997859 0
    outer loop
      vertex 110.863 -69.4011 80
      vertex 120 -70 85
      vertex 110.863 -69.4011 85
    endloop
  endfacet
  facet normal -0.0654063 -0.997859 -0
    outer loop
      vertex 120 -70 85
      vertex 110.863 -69.4011 80
      vertex 120 -70 80
    endloop
  endfacet
  facet normal -0.555574 0.831467 0
    outer loop
      vertex 85 60.6218 80
      vertex 77.3867 55.5347 85
      vertex 85 60.6218 85
    endloop
  endfacet
  facet normal -0.555574 0.831467 0
    outer loop
      vertex 77.3867 55.5347 85
      vertex 85 60.6218 80
      vertex 77.3867 55.5347 80
    endloop
  endfacet
  facet normal -0.980786 0.195088 0
    outer loop
      vertex 50.5989 9.13683 80
      vertex 52.3852 18.1173 85
      vertex 52.3852 18.1173 80
    endloop
  endfacet
  facet normal -0.980786 0.195088 0
    outer loop
      vertex 52.3852 18.1173 85
      vertex 50.5989 9.13683 80
      vertex 50.5989 9.13683 85
    endloop
  endfacet
  facet normal -0.831467 -0.555574 0
    outer loop
      vertex 64.4653 -42.6133 80
      vertex 59.3782 -35 85
      vertex 59.3782 -35 80
    endloop
  endfacet
  facet normal -0.831467 -0.555574 0
    outer loop
      vertex 59.3782 -35 85
      vertex 64.4653 -42.6133 80
      vertex 64.4653 -42.6133 85
    endloop
  endfacet
  facet normal 0.946938 -0.321416 0
    outer loop
      vertex 184.672 -26.7878 85
      vertex 187.615 -18.1173 80
      vertex 187.615 -18.1173 85
    endloop
  endfacet
  facet normal 0.946938 -0.321416 0
    outer loop
      vertex 187.615 -18.1173 80
      vertex 184.672 -26.7878 85
      vertex 184.672 -26.7878 80
    endloop
  endfacet
  facet normal -0.751844 -0.659341 0
    outer loop
      vertex 70.5025 -49.4975 80
      vertex 64.4653 -42.6133 85
      vertex 64.4653 -42.6133 80
    endloop
  endfacet
  facet normal -0.751844 -0.659341 0
    outer loop
      vertex 64.4653 -42.6133 85
      vertex 70.5025 -49.4975 80
      vertex 70.5025 -49.4975 85
    endloop
  endfacet
  facet normal 0.896864 -0.442305 0
    outer loop
      vertex 180.622 -35 85
      vertex 184.672 -26.7878 80
      vertex 184.672 -26.7878 85
    endloop
  endfacet
  facet normal 0.896864 -0.442305 0
    outer loop
      vertex 184.672 -26.7878 80
      vertex 180.622 -35 85
      vertex 180.622 -35 80
    endloop
  endfacet
  facet normal -0.997859 -0.0654075 0
    outer loop
      vertex 50.5989 -9.13683 80
      vertex 50 0 85
      vertex 50 0 80
    endloop
  endfacet
  facet normal -0.997859 -0.0654075 0
    outer loop
      vertex 50 0 85
      vertex 50.5989 -9.13683 80
      vertex 50.5989 -9.13683 85
    endloop
  endfacet
  facet normal -0.751844 0.659341 0
    outer loop
      vertex 64.4653 42.6133 80
      vertex 70.5025 49.4975 85
      vertex 70.5025 49.4975 80
    endloop
  endfacet
  facet normal -0.751844 0.659341 0
    outer loop
      vertex 70.5025 49.4975 85
      vertex 64.4653 42.6133 80
      vertex 64.4653 42.6133 85
    endloop
  endfacet
  facet normal -0.321426 -0.946935 0
    outer loop
      vertex 93.2122 -64.6716 80
      vertex 101.883 -67.6148 85
      vertex 93.2122 -64.6716 85
    endloop
  endfacet
  facet normal -0.321426 -0.946935 -0
    outer loop
      vertex 101.883 -67.6148 85
      vertex 93.2122 -64.6716 80
      vertex 101.883 -67.6148 80
    endloop
  endfacet
  facet normal -0.659341 -0.751844 0
    outer loop
      vertex 70.5025 -49.4975 80
      vertex 77.3867 -55.5347 85
      vertex 70.5025 -49.4975 85
    endloop
  endfacet
  facet normal -0.659341 -0.751844 -0
    outer loop
      vertex 77.3867 -55.5347 85
      vertex 70.5025 -49.4975 80
      vertex 77.3867 -55.5347 80
    endloop
  endfacet
  facet normal -0.442288 0.896873 0
    outer loop
      vertex 93.2122 64.6716 80
      vertex 85 60.6218 85
      vertex 93.2122 64.6716 85
    endloop
  endfacet
  facet normal -0.442288 0.896873 0
    outer loop
      vertex 85 60.6218 85
      vertex 93.2122 64.6716 80
      vertex 85 60.6218 80
    endloop
  endfacet
  facet normal 0.55559 0.831457 -0
    outer loop
      vertex 162.613 55.5347 80
      vertex 155 60.6218 85
      vertex 162.613 55.5347 85
    endloop
  endfacet
  facet normal 0.55559 0.831457 0
    outer loop
      vertex 155 60.6218 85
      vertex 162.613 55.5347 80
      vertex 155 60.6218 80
    endloop
  endfacet
  facet normal 0.831472 0.555567 0
    outer loop
      vertex 180.622 35 85
      vertex 175.535 42.6133 80
      vertex 175.535 42.6133 85
    endloop
  endfacet
  facet normal 0.831472 0.555567 0
    outer loop
      vertex 175.535 42.6133 80
      vertex 180.622 35 85
      vertex 180.622 35 80
    endloop
  endfacet
  facet normal -0.946931 0.321436 0
    outer loop
      vertex 52.3852 18.1173 80
      vertex 55.3284 26.7878 85
      vertex 55.3284 26.7878 80
    endloop
  endfacet
  facet normal -0.946931 0.321436 0
    outer loop
      vertex 55.3284 26.7878 85
      vertex 52.3852 18.1173 80
      vertex 52.3852 18.1173 85
    endloop
  endfacet
  facet normal 0.195097 -0.980784 0
    outer loop
      vertex 129.137 -69.4011 80
      vertex 138.117 -67.6148 85
      vertex 129.137 -69.4011 85
    endloop
  endfacet
  facet normal 0.195097 -0.980784 0
    outer loop
      vertex 138.117 -67.6148 85
      vertex 129.137 -69.4011 80
      vertex 138.117 -67.6148 80
    endloop
  endfacet
  facet normal -0.195097 0.980784 0
    outer loop
      vertex 110.863 69.4011 80
      vertex 101.883 67.6148 85
      vertex 110.863 69.4011 85
    endloop
  endfacet
  facet normal -0.195097 0.980784 0
    outer loop
      vertex 101.883 67.6148 85
      vertex 110.863 69.4011 80
      vertex 101.883 67.6148 80
    endloop
  endfacet
  facet normal 0.659352 0.751835 -0
    outer loop
      vertex 169.497 49.4975 80
      vertex 162.613 55.5347 85
      vertex 169.497 49.4975 85
    endloop
  endfacet
  facet normal 0.659352 0.751835 0
    outer loop
      vertex 162.613 55.5347 85
      vertex 169.497 49.4975 80
      vertex 162.613 55.5347 80
    endloop
  endfacet
  facet normal 0.0654063 0.997859 -0
    outer loop
      vertex 129.137 69.4011 80
      vertex 120 70 85
      vertex 129.137 69.4011 85
    endloop
  endfacet
  facet normal 0.0654063 0.997859 0
    outer loop
      vertex 120 70 85
      vertex 129.137 69.4011 80
      vertex 120 70 80
    endloop
  endfacet
  facet normal 0.442297 -0.896869 0
    outer loop
      vertex 146.788 -64.6716 80
      vertex 155 -60.6218 85
      vertex 146.788 -64.6716 85
    endloop
  endfacet
  facet normal 0.442297 -0.896869 0
    outer loop
      vertex 155 -60.6218 85
      vertex 146.788 -64.6716 80
      vertex 155 -60.6218 80
    endloop
  endfacet
  facet normal 0.751801 -0.65939 0
    outer loop
      vertex 169.497 -49.4975 85
      vertex 175.535 -42.6133 80
      vertex 175.535 -42.6133 85
    endloop
  endfacet
  facet normal 0.751801 -0.65939 0
    outer loop
      vertex 175.535 -42.6133 80
      vertex 169.497 -49.4975 85
      vertex 169.497 -49.4975 80
    endloop
  endfacet
  facet normal 0 0 1
    outer loop
      vertex 188 0 85
      vertex 190 0 85
      vertex 189.401 9.13683 85
    endloop
  endfacet
  facet normal 0 0 1
    outer loop
      vertex 190 0 85
      vertex 188 0 85
      vertex 189.401 -9.13683 85
    endloop
  endfacet
  facet normal 0 0 1
    outer loop
      vertex 187.418 8.87578 85
      vertex 189.401 9.13683 85
      vertex 187.615 18.1173 85
    endloop
  endfacet
  facet normal 0 0 1
    outer loop
      vertex 189.401 9.13683 85
      vertex 187.418 8.87578 85
      vertex 188 0 85
    endloop
  endfacet
  facet normal 0 0 1
    outer loop
      vertex 187.615 18.1173 85
      vertex 185.683 17.5997 85
      vertex 187.418 8.87578 85
    endloop
  endfacet
  facet normal 0 0 1
    outer loop
      vertex 184.672 26.7878 85
      vertex 185.683 17.5997 85
      vertex 187.615 18.1173 85
    endloop
  endfacet
  facet normal 0 0 1
    outer loop
      vertex 184.672 26.7878 85
      vertex 182.824 26.0225 85
      vertex 185.683 17.5997 85
    endloop
  endfacet
  facet normal 0 0 1
    outer loop
      vertex 180.622 35 85
      vertex 182.824 26.0225 85
      vertex 184.672 26.7878 85
    endloop
  endfacet
  facet normal 0 0 1
    outer loop
      vertex 180.622 35 85
      vertex 178.89 34 85
      vertex 182.824 26.0225 85
    endloop
  endfacet
  facet normal 0 0 1
    outer loop
      vertex 175.535 42.6133 85
      vertex 178.89 34 85
      vertex 180.622 35 85
    endloop
  endfacet
  facet normal 0 0 1
    outer loop
      vertex 175.535 42.6133 85
      vertex 173.948 41.3958 85
      vertex 178.89 34 85
    endloop
  endfacet
  facet normal 0 0 1
    outer loop
      vertex 169.497 49.4975 85
      vertex 173.948 41.3958 85
      vertex 175.535 42.6133 85
    endloop
  endfacet
  facet normal 0 0 1
    outer loop
      vertex 169.497 49.4975 85
      vertex 168.083 48.0833 85
      vertex 173.948 41.3958 85
    endloop
  endfacet
  facet normal 0 0 1
    outer loop
      vertex 162.613 55.5347 85
      vertex 168.083 48.0833 85
      vertex 169.497 49.4975 85
    endloop
  endfacet
  facet normal 0 0 1
    outer loop
      vertex 162.613 55.5347 85
      vertex 161.396 53.948 85
      vertex 168.083 48.0833 85
    endloop
  endfacet
  facet normal 0 0 1
    outer loop
      vertex 155 60.6218 85
      vertex 161.396 53.948 85
      vertex 162.613 55.5347 85
    endloop
  endfacet
  facet normal 0 0 1
    outer loop
      vertex 155 60.6218 85
      vertex 154 58.8897 85
      vertex 161.396 53.948 85
    endloop
  endfacet
  facet normal 0 0 1
    outer loop
      vertex 146.788 64.6716 85
      vertex 154 58.8897 85
      vertex 155 60.6218 85
    endloop
  endfacet
  facet normal 0 0 1
    outer loop
      vertex 146.788 64.6716 85
      vertex 146.022 62.8238 85
      vertex 154 58.8897 85
    endloop
  endfacet
  facet normal 0 0 1
    outer loop
      vertex 138.117 67.6148 85
      vertex 146.022 62.8238 85
      vertex 146.788 64.6716 85
    endloop
  endfacet
  facet normal 0 0 1
    outer loop
      vertex 138.117 67.6148 85
      vertex 137.6 65.683 85
      vertex 146.022 62.8238 85
    endloop
  endfacet
  facet normal 0 0 1
    outer loop
      vertex 129.137 69.4011 85
      vertex 137.6 65.683 85
      vertex 138.117 67.6148 85
    endloop
  endfacet
  facet normal 0 0 1
    outer loop
      vertex 129.137 69.4011 85
      vertex 128.876 67.4183 85
      vertex 137.6 65.683 85
    endloop
  endfacet
  facet normal 0 0 1
    outer loop
      vertex 120 70 85
      vertex 128.876 67.4183 85
      vertex 129.137 69.4011 85
    endloop
  endfacet
  facet normal 0 0 1
    outer loop
      vertex 120 70 85
      vertex 120 68 85
      vertex 128.876 67.4183 85
    endloop
  endfacet
  facet normal 0 0 1
    outer loop
      vertex 120 70 85
      vertex 111.124 67.4183 85
      vertex 120 68 85
    endloop
  endfacet
  facet normal -0 0 1
    outer loop
      vertex 110.863 69.4011 85
      vertex 111.124 67.4183 85
      vertex 120 70 85
    endloop
  endfacet
  facet normal 0 0 1
    outer loop
      vertex 110.863 69.4011 85
      vertex 102.4 65.683 85
      vertex 111.124 67.4183 85
    endloop
  endfacet
  facet normal -0 0 1
    outer loop
      vertex 101.883 67.6148 85
      vertex 102.4 65.683 85
      vertex 110.863 69.4011 85
    endloop
  endfacet
  facet normal 0 0 1
    outer loop
      vertex 101.883 67.6148 85
      vertex 93.9775 62.8238 85
      vertex 102.4 65.683 85
    endloop
  endfacet
  facet normal -0 0 1
    outer loop
      vertex 93.2122 64.6716 85
      vertex 93.9775 62.8238 85
      vertex 101.883 67.6148 85
    endloop
  endfacet
  facet normal 0 0 1
    outer loop
      vertex 93.2122 64.6716 85
      vertex 86 58.8897 85
      vertex 93.9775 62.8238 85
    endloop
  endfacet
  facet normal -0 0 1
    outer loop
      vertex 85 60.6218 85
      vertex 86 58.8897 85
      vertex 93.2122 64.6716 85
    endloop
  endfacet
  facet normal 0 0 1
    outer loop
      vertex 85 60.6218 85
      vertex 78.6042 53.948 85
      vertex 86 58.8897 85
    endloop
  endfacet
  facet normal -0 0 1
    outer loop
      vertex 77.3867 55.5347 85
      vertex 78.6042 53.948 85
      vertex 85 60.6218 85
    endloop
  endfacet
  facet normal 0 0 1
    outer loop
      vertex 77.3867 55.5347 85
      vertex 71.9167 48.0833 85
      vertex 78.6042 53.948 85
    endloop
  endfacet
  facet normal -0 0 1
    outer loop
      vertex 70.5025 49.4975 85
      vertex 71.9167 48.0833 85
      vertex 77.3867 55.5347 85
    endloop
  endfacet
  facet normal 0 0 1
    outer loop
      vertex 70.5025 49.4975 85
      vertex 66.052 41.3958 85
      vertex 71.9167 48.0833 85
    endloop
  endfacet
  facet normal -0 0 1
    outer loop
      vertex 64.4653 42.6133 85
      vertex 66.052 41.3958 85
      vertex 70.5025 49.4975 85
    endloop
  endfacet
  facet normal 0 0 1
    outer loop
      vertex 64.4653 42.6133 85
      vertex 61.1103 34 85
      vertex 66.052 41.3958 85
    endloop
  endfacet
  facet normal -0 0 1
    outer loop
      vertex 59.3782 35 85
      vertex 61.1103 34 85
      vertex 64.4653 42.6133 85
    endloop
  endfacet
  facet normal 0 0 1
    outer loop
      vertex 59.3782 35 85
      vertex 57.1762 26.0225 85
      vertex 61.1103 34 85
    endloop
  endfacet
  facet normal -0 0 1
    outer loop
      vertex 55.3284 26.7878 85
      vertex 57.1762 26.0225 85
      vertex 59.3782 35 85
    endloop
  endfacet
  facet normal 0 0 1
    outer loop
      vertex 55.3284 26.7878 85
      vertex 54.317 17.5997 85
      vertex 57.1762 26.0225 85
    endloop
  endfacet
  facet normal -0 0 1
    outer loop
      vertex 52.3852 18.1173 85
      vertex 54.317 17.5997 85
      vertex 55.3284 26.7878 85
    endloop
  endfacet
  facet normal 0 0 1
    outer loop
      vertex 54.317 17.5997 85
      vertex 52.3852 18.1173 85
      vertex 52.5817 8.87578 85
    endloop
  endfacet
  facet normal -0 0 1
    outer loop
      vertex 50.5989 9.13683 85
      vertex 52.5817 8.87578 85
      vertex 52.3852 18.1173 85
    endloop
  endfacet
  facet normal 0 0 1
    outer loop
      vertex 52.5817 8.87578 85
      vertex 50.5989 9.13683 85
      vertex 52 0 85
    endloop
  endfacet
  facet normal -0 0 1
    outer loop
      vertex 187.418 -8.87578 85
      vertex 189.401 -9.13683 85
      vertex 188 0 85
    endloop
  endfacet
  facet normal 0 0 1
    outer loop
      vertex 189.401 -9.13683 85
      vertex 187.418 -8.87578 85
      vertex 187.615 -18.1173 85
    endloop
  endfacet
  facet normal -0 0 1
    outer loop
      vertex 185.683 -17.5997 85
      vertex 187.615 -18.1173 85
      vertex 187.418 -8.87578 85
    endloop
  endfacet
  facet normal 0 0 1
    outer loop
      vertex 185.683 -17.5997 85
      vertex 184.672 -26.7878 85
      vertex 187.615 -18.1173 85
    endloop
  endfacet
  facet normal -0 0 1
    outer loop
      vertex 182.824 -26.0225 85
      vertex 184.672 -26.7878 85
      vertex 185.683 -17.5997 85
    endloop
  endfacet
  facet normal 0 0 1
    outer loop
      vertex 182.824 -26.0225 85
      vertex 180.622 -35 85
      vertex 184.672 -26.7878 85
    endloop
  endfacet
  facet normal -0 0 1
    outer loop
      vertex 178.89 -34 85
      vertex 180.622 -35 85
      vertex 182.824 -26.0225 85
    endloop
  endfacet
  facet normal 0 0 1
    outer loop
      vertex 178.89 -34 85
      vertex 175.535 -42.6133 85
      vertex 180.622 -35 85
    endloop
  endfacet
  facet normal -0 0 1
    outer loop
      vertex 173.948 -41.3958 85
      vertex 175.535 -42.6133 85
      vertex 178.89 -34 85
    endloop
  endfacet
  facet normal 0 0 1
    outer loop
      vertex 173.948 -41.3958 85
      vertex 169.497 -49.4975 85
      vertex 175.535 -42.6133 85
    endloop
  endfacet
  facet normal -0 0 1
    outer loop
      vertex 168.083 -48.0833 85
      vertex 169.497 -49.4975 85
      vertex 173.948 -41.3958 85
    endloop
  endfacet
  facet normal 0 0 1
    outer loop
      vertex 168.083 -48.0833 85
      vertex 162.613 -55.5347 85
      vertex 169.497 -49.4975 85
    endloop
  endfacet
  facet normal -0 0 1
    outer loop
      vertex 161.396 -53.948 85
      vertex 162.613 -55.5347 85
      vertex 168.083 -48.0833 85
    endloop
  endfacet
  facet normal 0 0 1
    outer loop
      vertex 161.396 -53.948 85
      vertex 155 -60.6218 85
      vertex 162.613 -55.5347 85
    endloop
  endfacet
  facet normal -0 0 1
    outer loop
      vertex 154 -58.8897 85
      vertex 155 -60.6218 85
      vertex 161.396 -53.948 85
    endloop
  endfacet
  facet normal 0 0 1
    outer loop
      vertex 154 -58.8897 85
      vertex 146.788 -64.6716 85
      vertex 155 -60.6218 85
    endloop
  endfacet
  facet normal -0 0 1
    outer loop
      vertex 146.022 -62.8238 85
      vertex 146.788 -64.6716 85
      vertex 154 -58.8897 85
    endloop
  endfacet
  facet normal 0 0 1
    outer loop
      vertex 146.022 -62.8238 85
      vertex 138.117 -67.6148 85
      vertex 146.788 -64.6716 85
    endloop
  endfacet
  facet normal -0 0 1
    outer loop
      vertex 137.6 -65.683 85
      vertex 138.117 -67.6148 85
      vertex 146.022 -62.8238 85
    endloop
  endfacet
  facet normal 0 0 1
    outer loop
      vertex 137.6 -65.683 85
      vertex 129.137 -69.4011 85
      vertex 138.117 -67.6148 85
    endloop
  endfacet
  facet normal -0 0 1
    outer loop
      vertex 128.876 -67.4183 85
      vertex 129.137 -69.4011 85
      vertex 137.6 -65.683 85
    endloop
  endfacet
  facet normal -0 0 1
    outer loop
      vertex 120 -68 85
      vertex 129.137 -69.4011 85
      vertex 128.876 -67.4183 85
    endloop
  endfacet
  facet normal 0 0 1
    outer loop
      vertex 120 -68 85
      vertex 120 -70 85
      vertex 129.137 -69.4011 85
    endloop
  endfacet
  facet normal 0 0 1
    outer loop
      vertex 111.124 -67.4183 85
      vertex 120 -70 85
      vertex 120 -68 85
    endloop
  endfacet
  facet normal 0 0 1
    outer loop
      vertex 111.124 -67.4183 85
      vertex 110.863 -69.4011 85
      vertex 120 -70 85
    endloop
  endfacet
  facet normal 0 0 1
    outer loop
      vertex 102.4 -65.683 85
      vertex 110.863 -69.4011 85
      vertex 111.124 -67.4183 85
    endloop
  endfacet
  facet normal 0 0 1
    outer loop
      vertex 102.4 -65.683 85
      vertex 101.883 -67.6148 85
      vertex 110.863 -69.4011 85
    endloop
  endfacet
  facet normal 0 0 1
    outer loop
      vertex 93.9775 -62.8238 85
      vertex 101.883 -67.6148 85
      vertex 102.4 -65.683 85
    endloop
  endfacet
  facet normal 0 0 1
    outer loop
      vertex 93.9775 -62.8238 85
      vertex 93.2122 -64.6716 85
      vertex 101.883 -67.6148 85
    endloop
  endfacet
  facet normal 0 0 1
    outer loop
      vertex 86 -58.8897 85
      vertex 93.2122 -64.6716 85
      vertex 93.9775 -62.8238 85
    endloop
  endfacet
  facet normal 0 0 1
    outer loop
      vertex 86 -58.8897 85
      vertex 85 -60.6218 85
      vertex 93.2122 -64.6716 85
    endloop
  endfacet
  facet normal 0 0 1
    outer loop
      vertex 78.6042 -53.948 85
      vertex 85 -60.6218 85
      vertex 86 -58.8897 85
    endloop
  endfacet
  facet normal 0 0 1
    outer loop
      vertex 78.6042 -53.948 85
      vertex 77.3867 -55.5347 85
      vertex 85 -60.6218 85
    endloop
  endfacet
  facet normal 0 0 1
    outer loop
      vertex 71.9167 -48.0833 85
      vertex 77.3867 -55.5347 85
      vertex 78.6042 -53.948 85
    endloop
  endfacet
  facet normal 0 0 1
    outer loop
      vertex 71.9167 -48.0833 85
      vertex 70.5025 -49.4975 85
      vertex 77.3867 -55.5347 85
    endloop
  endfacet
  facet normal 0 0 1
    outer loop
      vertex 66.052 -41.3958 85
      vertex 70.5025 -49.4975 85
      vertex 71.9167 -48.0833 85
    endloop
  endfacet
  facet normal 0 0 1
    outer loop
      vertex 66.052 -41.3958 85
      vertex 64.4653 -42.6133 85
      vertex 70.5025 -49.4975 85
    endloop
  endfacet
  facet normal 0 0 1
    outer loop
      vertex 61.1103 -34 85
      vertex 64.4653 -42.6133 85
      vertex 66.052 -41.3958 85
    endloop
  endfacet
  facet normal 0 0 1
    outer loop
      vertex 61.1103 -34 85
      vertex 59.3782 -35 85
      vertex 64.4653 -42.6133 85
    endloop
  endfacet
  facet normal 0 0 1
    outer loop
      vertex 59.1377 -30 85
      vertex 59.3782 -35 85
      vertex 61.1103 -34 85
    endloop
  endfacet
  facet normal 0 0 1
    outer loop
      vertex 59.3782 -35 85
      vertex 59.1377 -30 85
      vertex 56.9125 -30 85
    endloop
  endfacet
  facet normal 0 0 1
    outer loop
      vertex 57.1762 -26.0225 85
      vertex 55.9262 -28 85
      vertex 58.1514 -28 85
    endloop
  endfacet
  facet normal 0 0 1
    outer loop
      vertex 57.1762 -26.0225 85
      vertex 55.3284 -26.7878 85
      vertex 55.9262 -28 85
    endloop
  endfacet
  facet normal 0 0 1
    outer loop
      vertex 54.317 -17.5997 85
      vertex 55.3284 -26.7878 85
      vertex 57.1762 -26.0225 85
    endloop
  endfacet
  facet normal 0 0 1
    outer loop
      vertex 52.3852 -18.1173 85
      vertex 54.317 -17.5997 85
      vertex 52.5817 -8.87578 85
    endloop
  endfacet
  facet normal 0 0 1
    outer loop
      vertex 54.317 -17.5997 85
      vertex 52.3852 -18.1173 85
      vertex 55.3284 -26.7878 85
    endloop
  endfacet
  facet normal 0 0 1
    outer loop
      vertex 50.5989 -9.13683 85
      vertex 52.5817 -8.87578 85
      vertex 52 0 85
    endloop
  endfacet
  facet normal 0 0 1
    outer loop
      vertex 50 0 85
      vertex 52 0 85
      vertex 50.5989 9.13683 85
    endloop
  endfacet
  facet normal 0 0 1
    outer loop
      vertex 52.5817 -8.87578 85
      vertex 50.5989 -9.13683 85
      vertex 52.3852 -18.1173 85
    endloop
  endfacet
  facet normal 0 0 1
    outer loop
      vertex 52 0 85
      vertex 50 0 85
      vertex 50.5989 -9.13683 85
    endloop
  endfacet
  facet normal 0.997858 -0.0654184 0
    outer loop
      vertex 189.401 -9.13683 85
      vertex 190 0 80
      vertex 190 0 85
    endloop
  endfacet
  facet normal 0.997858 -0.0654184 0
    outer loop
      vertex 190 0 80
      vertex 189.401 -9.13683 85
      vertex 189.401 -9.13683 80
    endloop
  endfacet
  facet normal -0.997859 0.0654075 0
    outer loop
      vertex 50 0 80
      vertex 50.5989 9.13683 85
      vertex 50.5989 9.13683 80
    endloop
  endfacet
  facet normal -0.997859 0.0654075 0
    outer loop
      vertex 50.5989 9.13683 85
      vertex 50 0 80
      vertex 50 0 85
    endloop
  endfacet
  facet normal 0.659352 -0.751835 0
    outer loop
      vertex 162.613 -55.5347 80
      vertex 169.497 -49.4975 85
      vertex 162.613 -55.5347 85
    endloop
  endfacet
  facet normal 0.659352 -0.751835 0
    outer loop
      vertex 169.497 -49.4975 85
      vertex 162.613 -55.5347 80
      vertex 169.497 -49.4975 80
    endloop
  endfacet
  facet normal -0.659341 0.751844 0
    outer loop
      vertex 77.3867 55.5347 80
      vertex 70.5025 49.4975 85
      vertex 77.3867 55.5347 85
    endloop
  endfacet
  facet normal -0.659341 0.751844 0
    outer loop
      vertex 70.5025 49.4975 85
      vertex 77.3867 55.5347 80
      vertex 70.5025 49.4975 80
    endloop
  endfacet
  facet normal -0.195097 -0.980784 0
    outer loop
      vertex 101.883 -67.6148 80
      vertex 110.863 -69.4011 85
      vertex 101.883 -67.6148 85
    endloop
  endfacet
  facet normal -0.195097 -0.980784 -0
    outer loop
      vertex 110.863 -69.4011 85
      vertex 101.883 -67.6148 80
      vertex 110.863 -69.4011 80
    endloop
  endfacet
  facet normal -0.980786 -0.195088 0
    outer loop
      vertex 52.3852 -18.1173 80
      vertex 50.5989 -9.13683 85
      vertex 50.5989 -9.13683 80
    endloop
  endfacet
  facet normal -0.980786 -0.195088 0
    outer loop
      vertex 50.5989 -9.13683 85
      vertex 52.3852 -18.1173 80
      vertex 52.3852 -18.1173 85
    endloop
  endfacet
  facet normal -0.442288 -0.896873 0
    outer loop
      vertex 85 -60.6218 80
      vertex 93.2122 -64.6716 85
      vertex 85 -60.6218 85
    endloop
  endfacet
  facet normal -0.442288 -0.896873 -0
    outer loop
      vertex 93.2122 -64.6716 85
      vertex 85 -60.6218 80
      vertex 93.2122 -64.6716 80
    endloop
  endfacet
  facet normal -0.896875 -0.442285 0
    outer loop
      vertex 59.3782 -35 80
      vertex 56.9125 -30 85
      vertex 56.9125 -30 80
    endloop
  endfacet
  facet normal -0.896875 -0.442285 0
    outer loop
      vertex 56.9125 -30 85
      vertex 59.3782 -35 80
      vertex 59.3782 -35 85
    endloop
  endfacet
  facet normal -0.89687 -0.442294 0
    outer loop
      vertex 55.9262 -28 80
      vertex 55.3284 -26.7878 85
      vertex 55.3284 -26.7878 80
    endloop
  endfacet
  facet normal -0.89687 -0.442294 0
    outer loop
      vertex 55.3284 -26.7878 85
      vertex 55.9262 -28 80
      vertex 55.9262 -28 85
    endloop
  endfacet
  facet normal -0.555574 -0.831467 0
    outer loop
      vertex 77.3867 -55.5347 80
      vertex 85 -60.6218 85
      vertex 77.3867 -55.5347 85
    endloop
  endfacet
  facet normal -0.555574 -0.831467 -0
    outer loop
      vertex 85 -60.6218 85
      vertex 77.3867 -55.5347 80
      vertex 85 -60.6218 80
    endloop
  endfacet
  facet normal 0.442297 0.896869 -0
    outer loop
      vertex 155 60.6218 80
      vertex 146.788 64.6716 85
      vertex 155 60.6218 85
    endloop
  endfacet
  facet normal 0.442297 0.896869 0
    outer loop
      vertex 146.788 64.6716 85
      vertex 155 60.6218 80
      vertex 146.788 64.6716 80
    endloop
  endfacet
  facet normal 0.751801 0.65939 0
    outer loop
      vertex 175.535 42.6133 85
      vertex 169.497 49.4975 80
      vertex 169.497 49.4975 85
    endloop
  endfacet
  facet normal 0.751801 0.65939 0
    outer loop
      vertex 169.497 49.4975 80
      vertex 175.535 42.6133 85
      vertex 175.535 42.6133 80
    endloop
  endfacet
  facet normal 0.195097 0.980784 -0
    outer loop
      vertex 138.117 67.6148 80
      vertex 129.137 69.4011 85
      vertex 138.117 67.6148 85
    endloop
  endfacet
  facet normal 0.195097 0.980784 0
    outer loop
      vertex 129.137 69.4011 85
      vertex 138.117 67.6148 80
      vertex 129.137 69.4011 80
    endloop
  endfacet
  facet normal -0.321426 0.946935 0
    outer loop
      vertex 101.883 67.6148 80
      vertex 93.2122 64.6716 85
      vertex 101.883 67.6148 85
    endloop
  endfacet
  facet normal -0.321426 0.946935 0
    outer loop
      vertex 93.2122 64.6716 85
      vertex 101.883 67.6148 80
      vertex 93.2122 64.6716 80
    endloop
  endfacet
  facet normal 0.0654063 -0.997859 0
    outer loop
      vertex 120 -70 80
      vertex 129.137 -69.4011 85
      vertex 120 -70 85
    endloop
  endfacet
  facet normal 0.0654063 -0.997859 0
    outer loop
      vertex 129.137 -69.4011 85
      vertex 120 -70 80
      vertex 129.137 -69.4011 80
    endloop
  endfacet
  facet normal -0.0654063 0.997859 0
    outer loop
      vertex 120 70 80
      vertex 110.863 69.4011 85
      vertex 120 70 85
    endloop
  endfacet
  facet normal -0.0654063 0.997859 0
    outer loop
      vertex 110.863 69.4011 85
      vertex 120 70 80
      vertex 110.863 69.4011 80
    endloop
  endfacet
  facet normal -0.831467 0.555574 0
    outer loop
      vertex 59.3782 35 80
      vertex 64.4653 42.6133 85
      vertex 64.4653 42.6133 80
    endloop
  endfacet
  facet normal -0.831467 0.555574 0
    outer loop
      vertex 64.4653 42.6133 85
      vertex 59.3782 35 80
      vertex 59.3782 35 85
    endloop
  endfacet
  facet normal 0.321471 -0.946919 0
    outer loop
      vertex 137.6 -65.683 85
      vertex 146.022 -62.8238 88
      vertex 137.6 -65.683 88
    endloop
  endfacet
  facet normal 0.321471 -0.946919 0
    outer loop
      vertex 146.022 -62.8238 88
      vertex 137.6 -65.683 85
      vertex 146.022 -62.8238 85
    endloop
  endfacet
  facet normal 0.980792 0.195058 0
    outer loop
      vertex 187.418 8.87578 88
      vertex 185.683 17.5997 85
      vertex 185.683 17.5997 88
    endloop
  endfacet
  facet normal 0.980792 0.195058 0
    outer loop
      vertex 185.683 17.5997 85
      vertex 187.418 8.87578 88
      vertex 187.418 8.87578 85
    endloop
  endfacet
  facet normal 0.997857 0.0654312 0
    outer loop
      vertex 188 0 88
      vertex 187.418 8.87578 85
      vertex 187.418 8.87578 88
    endloop
  endfacet
  facet normal 0.997857 0.0654312 0
    outer loop
      vertex 187.418 8.87578 85
      vertex 188 0 88
      vertex 188 0 85
    endloop
  endfacet
  facet normal 0.946935 0.321424 0
    outer loop
      vertex 185.683 17.5997 88
      vertex 182.824 26.0225 85
      vertex 182.824 26.0225 88
    endloop
  endfacet
  facet normal 0.946935 0.321424 0
    outer loop
      vertex 182.824 26.0225 85
      vertex 185.683 17.5997 88
      vertex 185.683 17.5997 85
    endloop
  endfacet
  facet normal -0.751844 -0.659341 0
    outer loop
      vertex 71.9167 -48.0833 85
      vertex 66.052 -41.3958 88
      vertex 66.052 -41.3958 85
    endloop
  endfacet
  facet normal -0.751844 -0.659341 0
    outer loop
      vertex 66.052 -41.3958 88
      vertex 71.9167 -48.0833 85
      vertex 71.9167 -48.0833 88
    endloop
  endfacet
  facet normal 0 0 1
    outer loop
      vertex 72 -28 88
      vertex 188 0 88
      vertex 187.418 8.87578 88
    endloop
  endfacet
  facet normal 0 0 1
    outer loop
      vertex 72 -28 88
      vertex 187.418 8.87578 88
      vertex 185.683 17.5997 88
    endloop
  endfacet
  facet normal 0 0 1
    outer loop
      vertex 188 0 88
      vertex 72 -28 88
      vertex 187.418 -8.87578 88
    endloop
  endfacet
  facet normal 0 0 1
    outer loop
      vertex 72 -28 88
      vertex 185.683 17.5997 88
      vertex 182.824 26.0225 88
    endloop
  endfacet
  facet normal 0 0 1
    outer loop
      vertex 187.418 -8.87578 88
      vertex 72 -28 88
      vertex 185.683 -17.5997 88
    endloop
  endfacet
  facet normal 0 0 1
    outer loop
      vertex 72 -28 88
      vertex 182.824 26.0225 88
      vertex 178.89 34 88
    endloop
  endfacet
  facet normal 0 0 1
    outer loop
      vertex 185.683 -17.5997 88
      vertex 72 -28 88
      vertex 182.824 -26.0225 88
    endloop
  endfacet
  facet normal 0 0 1
    outer loop
      vertex 72 -28 88
      vertex 178.89 34 88
      vertex 173.948 41.3958 88
    endloop
  endfacet
  facet normal 0 0 1
    outer loop
      vertex 182.824 -26.0225 88
      vertex 72 -28 88
      vertex 178.89 -34 88
    endloop
  endfacet
  facet normal 0 0 1
    outer loop
      vertex 72 -28 88
      vertex 173.948 41.3958 88
      vertex 168.083 48.0833 88
    endloop
  endfacet
  facet normal 0 0 1
    outer loop
      vertex 178.89 -34 88
      vertex 72 -28 88
      vertex 173.948 -41.3958 88
    endloop
  endfacet
  facet normal 0 0 1
    outer loop
      vertex 72 -28 88
      vertex 168.083 48.0833 88
      vertex 161.396 53.948 88
    endloop
  endfacet
  facet normal 0 0 1
    outer loop
      vertex 173.948 -41.3958 88
      vertex 72 -28 88
      vertex 168.083 -48.0833 88
    endloop
  endfacet
  facet normal 0 0 1
    outer loop
      vertex 72 -28 88
      vertex 161.396 53.948 88
      vertex 154 58.8897 88
    endloop
  endfacet
  facet normal 0 0 1
    outer loop
      vertex 168.083 -48.0833 88
      vertex 72 -28 88
      vertex 161.396 -53.948 88
    endloop
  endfacet
  facet normal 0 0 1
    outer loop
      vertex 72 -28 88
      vertex 154 58.8897 88
      vertex 146.022 62.8238 88
    endloop
  endfacet
  facet normal 0 0 1
    outer loop
      vertex 161.396 -53.948 88
      vertex 72 -28 88
      vertex 154 -58.8897 88
    endloop
  endfacet
  facet normal 0 0 1
    outer loop
      vertex 72 -28 88
      vertex 146.022 62.8238 88
      vertex 137.6 65.683 88
    endloop
  endfacet
  facet normal 0 0 1
    outer loop
      vertex 154 -58.8897 88
      vertex 72 -28 88
      vertex 146.022 -62.8238 88
    endloop
  endfacet
  facet normal 0 0 1
    outer loop
      vertex 72 -28 88
      vertex 137.6 65.683 88
      vertex 128.876 67.4183 88
    endloop
  endfacet
  facet normal 0 0 1
    outer loop
      vertex 146.022 -62.8238 88
      vertex 72 -28 88
      vertex 137.6 -65.683 88
    endloop
  endfacet
  facet normal 0 0 1
    outer loop
      vertex 72 -28 88
      vertex 128.876 67.4183 88
      vertex 120 68 88
    endloop
  endfacet
  facet normal 0 0 1
    outer loop
      vertex 137.6 -65.683 88
      vertex 72 -28 88
      vertex 128.876 -67.4183 88
    endloop
  endfacet
  facet normal 0 0 1
    outer loop
      vertex 72 -28 88
      vertex 120 68 88
      vertex 111.124 67.4183 88
    endloop
  endfacet
  facet normal 0 0 1
    outer loop
      vertex 128.876 -67.4183 88
      vertex 72 -28 88
      vertex 120 -68 88
    endloop
  endfacet
  facet normal 0 0 1
    outer loop
      vertex 72 -28 88
      vertex 111.124 67.4183 88
      vertex 102.4 65.683 88
    endloop
  endfacet
  facet normal 0 0 1
    outer loop
      vertex 120 -68 88
      vertex 72 -28 88
      vertex 111.124 -67.4183 88
    endloop
  endfacet
  facet normal 0 0 1
    outer loop
      vertex 72 -28 88
      vertex 102.4 65.683 88
      vertex 93.9775 62.8238 88
    endloop
  endfacet
  facet normal 0 0 1
    outer loop
      vertex 111.124 -67.4183 88
      vertex 72 -28 88
      vertex 102.4 -65.683 88
    endloop
  endfacet
  facet normal 0 0 1
    outer loop
      vertex 72 -28 88
      vertex 93.9775 62.8238 88
      vertex 86 58.8897 88
    endloop
  endfacet
  facet normal 0 0 1
    outer loop
      vertex 102.4 -65.683 88
      vertex 72 -28 88
      vertex 93.9775 -62.8238 88
    endloop
  endfacet
  facet normal 0 0 1
    outer loop
      vertex 72 -28 88
      vertex 86 58.8897 88
      vertex 78.6042 53.948 88
    endloop
  endfacet
  facet normal -0 0 1
    outer loop
      vertex 72 -30 88
      vertex 93.9775 -62.8238 88
      vertex 72 -28 88
    endloop
  endfacet
  facet normal 0 0 1
    outer loop
      vertex 93.9775 -62.8238 88
      vertex 72 -30 88
      vertex 86 -58.8897 88
    endloop
  endfacet
  facet normal -0 0 1
    outer loop
      vertex 71.9167 48.0833 88
      vertex 72 -28 88
      vertex 78.6042 53.948 88
    endloop
  endfacet
  facet normal -0 0 1
    outer loop
      vertex 66.052 41.3958 88
      vertex 72 -28 88
      vertex 71.9167 48.0833 88
    endloop
  endfacet
  facet normal -0 0 1
    outer loop
      vertex 61.1103 34 88
      vertex 72 -28 88
      vertex 66.052 41.3958 88
    endloop
  endfacet
  facet normal -0 0 1
    outer loop
      vertex 57.1762 26.0225 88
      vertex 72 -28 88
      vertex 61.1103 34 88
    endloop
  endfacet
  facet normal -0 0 1
    outer loop
      vertex 54.317 17.5997 88
      vertex 72 -28 88
      vertex 57.1762 26.0225 88
    endloop
  endfacet
  facet normal -0 0 1
    outer loop
      vertex 52.5817 8.87578 88
      vertex 72 -28 88
      vertex 54.317 17.5997 88
    endloop
  endfacet
  facet normal -0 -0 1
    outer loop
      vertex 57.1762 -26.0225 88
      vertex 72 -28 88
      vertex 54.317 -17.5997 88
    endloop
  endfacet
  facet normal 0 0 1
    outer loop
      vertex 72 -28 88
      vertex 57.1762 -26.0225 88
      vertex 58.1514 -28 88
    endloop
  endfacet
  facet normal -0 0 1
    outer loop
      vertex 52 0 88
      vertex 72 -28 88
      vertex 52.5817 8.87578 88
    endloop
  endfacet
  facet normal 0 0 1
    outer loop
      vertex 72 -28 88
      vertex 52.5817 -8.87578 88
      vertex 54.317 -17.5997 88
    endloop
  endfacet
  facet normal 0 0 1
    outer loop
      vertex 72 -28 88
      vertex 52 0 88
      vertex 52.5817 -8.87578 88
    endloop
  endfacet
  facet normal 0 0 1
    outer loop
      vertex 86 -58.8897 88
      vertex 72 -30 88
      vertex 78.6042 -53.948 88
    endloop
  endfacet
  facet normal 0 0 1
    outer loop
      vertex 72 -30 88
      vertex 71.9167 -48.0833 88
      vertex 78.6042 -53.948 88
    endloop
  endfacet
  facet normal 0 0 1
    outer loop
      vertex 72 -30 88
      vertex 66.052 -41.3958 88
      vertex 71.9167 -48.0833 88
    endloop
  endfacet
  facet normal 0 0 1
    outer loop
      vertex 72 -30 88
      vertex 61.1103 -34 88
      vertex 66.052 -41.3958 88
    endloop
  endfacet
  facet normal 0 -0 1
    outer loop
      vertex 61.1103 -34 88
      vertex 72 -30 88
      vertex 59.1377 -30 88
    endloop
  endfacet
  facet normal 0.321471 0.946919 -0
    outer loop
      vertex 146.022 62.8238 85
      vertex 137.6 65.683 88
      vertex 146.022 62.8238 88
    endloop
  endfacet
  facet normal 0.321471 0.946919 0
    outer loop
      vertex 137.6 65.683 88
      vertex 146.022 62.8238 85
      vertex 137.6 65.683 85
    endloop
  endfacet
  facet normal 0.831455 -0.555592 0
    outer loop
      vertex 173.948 -41.3958 88
      vertex 178.89 -34 85
      vertex 178.89 -34 88
    endloop
  endfacet
  facet normal 0.831455 -0.555592 0
    outer loop
      vertex 178.89 -34 85
      vertex 173.948 -41.3958 88
      vertex 173.948 -41.3958 85
    endloop
  endfacet
  facet normal -0.659341 0.751844 0
    outer loop
      vertex 78.6042 53.948 85
      vertex 71.9167 48.0833 88
      vertex 78.6042 53.948 88
    endloop
  endfacet
  facet normal -0.659341 0.751844 0
    outer loop
      vertex 71.9167 48.0833 88
      vertex 78.6042 53.948 85
      vertex 71.9167 48.0833 85
    endloop
  endfacet
  facet normal 0.831455 0.555592 0
    outer loop
      vertex 178.89 34 88
      vertex 173.948 41.3958 85
      vertex 173.948 41.3958 88
    endloop
  endfacet
  facet normal 0.831455 0.555592 0
    outer loop
      vertex 173.948 41.3958 85
      vertex 178.89 34 88
      vertex 178.89 34 85
    endloop
  endfacet
  facet normal -0.659341 -0.751844 0
    outer loop
      vertex 71.9167 -48.0833 85
      vertex 78.6042 -53.948 88
      vertex 71.9167 -48.0833 88
    endloop
  endfacet
  facet normal -0.659341 -0.751844 -0
    outer loop
      vertex 78.6042 -53.948 88
      vertex 71.9167 -48.0833 85
      vertex 78.6042 -53.948 85
    endloop
  endfacet
  facet normal 0.442269 -0.896882 0
    outer loop
      vertex 146.022 -62.8238 85
      vertex 154 -58.8897 88
      vertex 146.022 -62.8238 88
    endloop
  endfacet
  facet normal 0.442269 -0.896882 0
    outer loop
      vertex 154 -58.8897 88
      vertex 146.022 -62.8238 85
      vertex 154 -58.8897 85
    endloop
  endfacet
  facet normal 0.659369 0.75182 -0
    outer loop
      vertex 168.083 48.0833 85
      vertex 161.396 53.948 88
      vertex 168.083 48.0833 88
    endloop
  endfacet
  facet normal 0.659369 0.75182 0
    outer loop
      vertex 161.396 53.948 88
      vertex 168.083 48.0833 85
      vertex 161.396 53.948 85
    endloop
  endfacet
  facet normal 0.946935 -0.321424 0
    outer loop
      vertex 182.824 -26.0225 88
      vertex 185.683 -17.5997 85
      vertex 185.683 -17.5997 88
    endloop
  endfacet
  facet normal 0.946935 -0.321424 0
    outer loop
      vertex 185.683 -17.5997 85
      vertex 182.824 -26.0225 88
      vertex 182.824 -26.0225 85
    endloop
  endfacet
  facet normal 0.896876 -0.442283 0
    outer loop
      vertex 178.89 -34 88
      vertex 182.824 -26.0225 85
      vertex 182.824 -26.0225 88
    endloop
  endfacet
  facet normal 0.896876 -0.442283 0
    outer loop
      vertex 182.824 -26.0225 85
      vertex 178.89 -34 88
      vertex 178.89 -34 85
    endloop
  endfacet
  facet normal -0.195089 0.980786 0
    outer loop
      vertex 111.124 67.4183 85
      vertex 102.4 65.683 88
      vertex 111.124 67.4183 88
    endloop
  endfacet
  facet normal -0.195089 0.980786 0
    outer loop
      vertex 102.4 65.683 88
      vertex 111.124 67.4183 85
      vertex 102.4 65.683 85
    endloop
  endfacet
  facet normal -0.946929 0.321444 0
    outer loop
      vertex 54.317 17.5997 85
      vertex 57.1762 26.0225 88
      vertex 57.1762 26.0225 85
    endloop
  endfacet
  facet normal -0.946929 0.321444 0
    outer loop
      vertex 57.1762 26.0225 88
      vertex 54.317 17.5997 85
      vertex 54.317 17.5997 88
    endloop
  endfacet
  facet normal -0.442292 0.896871 0
    outer loop
      vertex 93.9775 62.8238 85
      vertex 86 58.8897 88
      vertex 93.9775 62.8238 88
    endloop
  endfacet
  facet normal -0.442292 0.896871 0
    outer loop
      vertex 86 58.8897 88
      vertex 93.9775 62.8238 85
      vertex 86 58.8897 85
    endloop
  endfacet
  facet normal 0.896876 0.442283 0
    outer loop
      vertex 182.824 26.0225 88
      vertex 178.89 34 85
      vertex 178.89 34 88
    endloop
  endfacet
  facet normal 0.896876 0.442283 0
    outer loop
      vertex 178.89 34 85
      vertex 182.824 26.0225 88
      vertex 182.824 26.0225 85
    endloop
  endfacet
  facet normal 0.751828 0.65936 0
    outer loop
      vertex 173.948 41.3958 88
      vertex 168.083 48.0833 85
      vertex 168.083 48.0833 88
    endloop
  endfacet
  facet normal 0.751828 0.65936 0
    outer loop
      vertex 168.083 48.0833 85
      vertex 173.948 41.3958 88
      vertex 173.948 41.3958 85
    endloop
  endfacet
  facet normal -0.321454 0.946925 0
    outer loop
      vertex 102.4 65.683 85
      vertex 93.9775 62.8238 88
      vertex 102.4 65.683 88
    endloop
  endfacet
  facet normal -0.321454 0.946925 0
    outer loop
      vertex 93.9775 62.8238 88
      vertex 102.4 65.683 85
      vertex 93.9775 62.8238 85
    endloop
  endfacet
  facet normal -0.997859 -0.0653976 0
    outer loop
      vertex 52.5817 -8.87578 85
      vertex 52 0 88
      vertex 52 0 85
    endloop
  endfacet
  facet normal -0.997859 -0.0653976 0
    outer loop
      vertex 52 0 88
      vertex 52.5817 -8.87578 85
      vertex 52.5817 -8.87578 88
    endloop
  endfacet
  facet normal 0.195089 -0.980786 0
    outer loop
      vertex 128.876 -67.4183 85
      vertex 137.6 -65.683 88
      vertex 128.876 -67.4183 88
    endloop
  endfacet
  facet normal 0.195089 -0.980786 0
    outer loop
      vertex 137.6 -65.683 88
      vertex 128.876 -67.4183 85
      vertex 137.6 -65.683 85
    endloop
  endfacet
  facet normal -0.065396 -0.997859 0
    outer loop
      vertex 111.124 -67.4183 85
      vertex 120 -68 88
      vertex 111.124 -67.4183 88
    endloop
  endfacet
  facet normal -0.065396 -0.997859 -0
    outer loop
      vertex 120 -68 88
      vertex 111.124 -67.4183 85
      vertex 120 -68 85
    endloop
  endfacet
  facet normal 0.555559 0.831477 -0
    outer loop
      vertex 161.396 53.948 85
      vertex 154 58.8897 88
      vertex 161.396 53.948 88
    endloop
  endfacet
  facet normal 0.555559 0.831477 0
    outer loop
      vertex 154 58.8897 88
      vertex 161.396 53.948 85
      vertex 154 58.8897 85
    endloop
  endfacet
  facet normal 0.065396 0.997859 -0
    outer loop
      vertex 128.876 67.4183 85
      vertex 120 68 88
      vertex 128.876 67.4183 88
    endloop
  endfacet
  facet normal 0.065396 0.997859 0
    outer loop
      vertex 120 68 88
      vertex 128.876 67.4183 85
      vertex 120 68 85
    endloop
  endfacet
  facet normal 0.997857 -0.0654312 0
    outer loop
      vertex 187.418 -8.87578 88
      vertex 188 0 85
      vertex 188 0 88
    endloop
  endfacet
  facet normal 0.997857 -0.0654312 0
    outer loop
      vertex 188 0 85
      vertex 187.418 -8.87578 88
      vertex 187.418 -8.87578 85
    endloop
  endfacet
  facet normal -0.555569 0.83147 0
    outer loop
      vertex 86 58.8897 85
      vertex 78.6042 53.948 88
      vertex 86 58.8897 88
    endloop
  endfacet
  facet normal -0.555569 0.83147 0
    outer loop
      vertex 78.6042 53.948 88
      vertex 86 58.8897 85
      vertex 78.6042 53.948 85
    endloop
  endfacet
  facet normal -0.896871 0.442292 0
    outer loop
      vertex 57.1762 26.0225 85
      vertex 61.1103 34 88
      vertex 61.1103 34 85
    endloop
  endfacet
  facet normal -0.896871 0.442292 0
    outer loop
      vertex 61.1103 34 88
      vertex 57.1762 26.0225 85
      vertex 57.1762 26.0225 88
    endloop
  endfacet
  facet normal 0.751828 -0.65936 0
    outer loop
      vertex 168.083 -48.0833 88
      vertex 173.948 -41.3958 85
      vertex 173.948 -41.3958 88
    endloop
  endfacet
  facet normal 0.751828 -0.65936 0
    outer loop
      vertex 173.948 -41.3958 85
      vertex 168.083 -48.0833 88
      vertex 168.083 -48.0833 85
    endloop
  endfacet
  facet normal 0.555559 -0.831477 0
    outer loop
      vertex 154 -58.8897 85
      vertex 161.396 -53.948 88
      vertex 154 -58.8897 88
    endloop
  endfacet
  facet normal 0.555559 -0.831477 0
    outer loop
      vertex 161.396 -53.948 88
      vertex 154 -58.8897 85
      vertex 161.396 -53.948 85
    endloop
  endfacet
  facet normal 0.195089 0.980786 -0
    outer loop
      vertex 137.6 65.683 85
      vertex 128.876 67.4183 88
      vertex 137.6 65.683 88
    endloop
  endfacet
  facet normal 0.195089 0.980786 0
    outer loop
      vertex 128.876 67.4183 88
      vertex 137.6 65.683 85
      vertex 128.876 67.4183 85
    endloop
  endfacet
  facet normal -0.980785 -0.195091 0
    outer loop
      vertex 54.317 -17.5997 85
      vertex 52.5817 -8.87578 88
      vertex 52.5817 -8.87578 85
    endloop
  endfacet
  facet normal -0.980785 -0.195091 0
    outer loop
      vertex 52.5817 -8.87578 88
      vertex 54.317 -17.5997 85
      vertex 54.317 -17.5997 88
    endloop
  endfacet
  facet normal -0.442292 -0.896871 0
    outer loop
      vertex 86 -58.8897 85
      vertex 93.9775 -62.8238 88
      vertex 86 -58.8897 88
    endloop
  endfacet
  facet normal -0.442292 -0.896871 -0
    outer loop
      vertex 93.9775 -62.8238 88
      vertex 86 -58.8897 85
      vertex 93.9775 -62.8238 85
    endloop
  endfacet
  facet normal -0.946929 -0.321444 0
    outer loop
      vertex 57.1762 -26.0225 85
      vertex 54.317 -17.5997 88
      vertex 54.317 -17.5997 85
    endloop
  endfacet
  facet normal -0.946929 -0.321444 0
    outer loop
      vertex 54.317 -17.5997 88
      vertex 57.1762 -26.0225 85
      vertex 57.1762 -26.0225 88
    endloop
  endfacet
  facet normal 0.980792 -0.195058 0
    outer loop
      vertex 185.683 -17.5997 88
      vertex 187.418 -8.87578 85
      vertex 187.418 -8.87578 88
    endloop
  endfacet
  facet normal 0.980792 -0.195058 0
    outer loop
      vertex 187.418 -8.87578 85
      vertex 185.683 -17.5997 88
      vertex 185.683 -17.5997 85
    endloop
  endfacet
  facet normal 0.065396 -0.997859 0
    outer loop
      vertex 120 -68 85
      vertex 128.876 -67.4183 88
      vertex 120 -68 88
    endloop
  endfacet
  facet normal 0.065396 -0.997859 0
    outer loop
      vertex 128.876 -67.4183 88
      vertex 120 -68 85
      vertex 128.876 -67.4183 85
    endloop
  endfacet
  facet normal -0.896871 -0.442292 0
    outer loop
      vertex 61.1103 -34 85
      vertex 59.1377 -30 88
      vertex 59.1377 -30 85
    endloop
  endfacet
  facet normal -0.896871 -0.442292 0
    outer loop
      vertex 59.1377 -30 88
      vertex 61.1103 -34 85
      vertex 61.1103 -34 88
    endloop
  endfacet
  facet normal -0.896872 -0.44229 0
    outer loop
      vertex 58.1514 -28 85
      vertex 57.1762 -26.0225 88
      vertex 57.1762 -26.0225 85
    endloop
  endfacet
  facet normal -0.896872 -0.44229 0
    outer loop
      vertex 57.1762 -26.0225 88
      vertex 58.1514 -28 85
      vertex 58.1514 -28 88
    endloop
  endfacet
  facet normal -0.83147 -0.555569 0
    outer loop
      vertex 66.052 -41.3958 85
      vertex 61.1103 -34 88
      vertex 61.1103 -34 85
    endloop
  endfacet
  facet normal -0.83147 -0.555569 0
    outer loop
      vertex 61.1103 -34 88
      vertex 66.052 -41.3958 85
      vertex 66.052 -41.3958 88
    endloop
  endfacet
  facet normal -0.751844 0.659341 0
    outer loop
      vertex 66.052 41.3958 85
      vertex 71.9167 48.0833 88
      vertex 71.9167 48.0833 85
    endloop
  endfacet
  facet normal -0.751844 0.659341 0
    outer loop
      vertex 71.9167 48.0833 88
      vertex 66.052 41.3958 85
      vertex 66.052 41.3958 88
    endloop
  endfacet
  facet normal -0.980785 0.195091 0
    outer loop
      vertex 52.5817 8.87578 85
      vertex 54.317 17.5997 88
      vertex 54.317 17.5997 85
    endloop
  endfacet
  facet normal -0.980785 0.195091 0
    outer loop
      vertex 54.317 17.5997 88
      vertex 52.5817 8.87578 85
      vertex 52.5817 8.87578 88
    endloop
  endfacet
  facet normal -0.065396 0.997859 0
    outer loop
      vertex 120 68 85
      vertex 111.124 67.4183 88
      vertex 120 68 88
    endloop
  endfacet
  facet normal -0.065396 0.997859 0
    outer loop
      vertex 111.124 67.4183 88
      vertex 120 68 85
      vertex 111.124 67.4183 85
    endloop
  endfacet
  facet normal 0.442269 0.896882 -0
    outer loop
      vertex 154 58.8897 85
      vertex 146.022 62.8238 88
      vertex 154 58.8897 88
    endloop
  endfacet
  facet normal 0.442269 0.896882 0
    outer loop
      vertex 146.022 62.8238 88
      vertex 154 58.8897 85
      vertex 146.022 62.8238 85
    endloop
  endfacet
  facet normal -0.83147 0.555569 0
    outer loop
      vertex 61.1103 34 85
      vertex 66.052 41.3958 88
      vertex 66.052 41.3958 85
    endloop
  endfacet
  facet normal -0.83147 0.555569 0
    outer loop
      vertex 66.052 41.3958 88
      vertex 61.1103 34 85
      vertex 61.1103 34 88
    endloop
  endfacet
  facet normal 0.659369 -0.75182 0
    outer loop
      vertex 161.396 -53.948 85
      vertex 168.083 -48.0833 88
      vertex 161.396 -53.948 88
    endloop
  endfacet
  facet normal 0.659369 -0.75182 0
    outer loop
      vertex 168.083 -48.0833 88
      vertex 161.396 -53.948 85
      vertex 168.083 -48.0833 85
    endloop
  endfacet
  facet normal -0.997859 0.0653976 0
    outer loop
      vertex 52 0 85
      vertex 52.5817 8.87578 88
      vertex 52.5817 8.87578 85
    endloop
  endfacet
  facet normal -0.997859 0.0653976 0
    outer loop
      vertex 52.5817 8.87578 88
      vertex 52 0 85
      vertex 52 0 88
    endloop
  endfacet
  facet normal -0.555569 -0.83147 0
    outer loop
      vertex 78.6042 -53.948 85
      vertex 86 -58.8897 88
      vertex 78.6042 -53.948 88
    endloop
  endfacet
  facet normal -0.555569 -0.83147 -0
    outer loop
      vertex 86 -58.8897 88
      vertex 78.6042 -53.948 85
      vertex 86 -58.8897 85
    endloop
  endfacet
  facet normal -0.321454 -0.946925 0
    outer loop
      vertex 93.9775 -62.8238 85
      vertex 102.4 -65.683 88
      vertex 93.9775 -62.8238 88
    endloop
  endfacet
  facet normal -0.321454 -0.946925 -0
    outer loop
      vertex 102.4 -65.683 88
      vertex 93.9775 -62.8238 85
      vertex 102.4 -65.683 85
    endloop
  endfacet
  facet normal -0.195089 -0.980786 0
    outer loop
      vertex 102.4 -65.683 85
      vertex 111.124 -67.4183 88
      vertex 102.4 -65.683 88
    endloop
  endfacet
  facet normal -0.195089 -0.980786 -0
    outer loop
      vertex 111.124 -67.4183 88
      vertex 102.4 -65.683 85
      vertex 111.124 -67.4183 85
    endloop
  endfacet
  facet normal 0 0 1
    outer loop
      vertex 120 38 26
      vertex 118.695 9.91445 26
      vertex 120 10 26
    endloop
  endfacet
  facet normal 0 0 1
    outer loop
      vertex 120 38 26
      vertex 117.412 9.65926 26
      vertex 118.695 9.91445 26
    endloop
  endfacet
  facet normal 0 0 1
    outer loop
      vertex 120 38 26
      vertex 116.173 9.2388 26
      vertex 117.412 9.65926 26
    endloop
  endfacet
  facet normal 0 0 1
    outer loop
      vertex 120 38 26
      vertex 115 8.66025 26
      vertex 116.173 9.2388 26
    endloop
  endfacet
  facet normal 0 0 1
    outer loop
      vertex 120 38 26
      vertex 113.912 7.93353 26
      vertex 115 8.66025 26
    endloop
  endfacet
  facet normal 0 0 1
    outer loop
      vertex 120 38 26
      vertex 112.929 7.07107 26
      vertex 113.912 7.93353 26
    endloop
  endfacet
  facet normal -0 0 1
    outer loop
      vertex 55 38 26
      vertex 112.929 7.07107 26
      vertex 120 38 26
    endloop
  endfacet
  facet normal 0 0 1
    outer loop
      vertex 112.929 7.07107 26
      vertex 55 38 26
      vertex 112.066 6.08761 26
    endloop
  endfacet
  facet normal 0 0 1
    outer loop
      vertex 112.066 6.08761 26
      vertex 55 38 26
      vertex 111.34 5 26
    endloop
  endfacet
  facet normal 0 0 1
    outer loop
      vertex 111.34 5 26
      vertex 55 38 26
      vertex 110.761 3.82683 26
    endloop
  endfacet
  facet normal 0 0 1
    outer loop
      vertex 110.086 1.30526 26
      vertex 55 38 26
      vertex 110 0 26
    endloop
  endfacet
  facet normal 0 0 1
    outer loop
      vertex 110.341 2.58819 26
      vertex 55 38 26
      vertex 110.086 1.30526 26
    endloop
  endfacet
  facet normal 0 0 1
    outer loop
      vertex 110.761 3.82683 26
      vertex 55 38 26
      vertex 110.341 2.58819 26
    endloop
  endfacet
  facet normal 0 0 1
    outer loop
      vertex 118.695 -9.91445 26
      vertex 120 -38 26
      vertex 120 -10 26
    endloop
  endfacet
  facet normal 0 0 1
    outer loop
      vertex 117.412 -9.65926 26
      vertex 120 -38 26
      vertex 118.695 -9.91445 26
    endloop
  endfacet
  facet normal 0 0 1
    outer loop
      vertex 116.173 -9.2388 26
      vertex 120 -38 26
      vertex 117.412 -9.65926 26
    endloop
  endfacet
  facet normal 0 0 1
    outer loop
      vertex 115 -8.66025 26
      vertex 120 -38 26
      vertex 116.173 -9.2388 26
    endloop
  endfacet
  facet normal 0 0 1
    outer loop
      vertex 113.912 -7.93353 26
      vertex 120 -38 26
      vertex 115 -8.66025 26
    endloop
  endfacet
  facet normal 0 0 1
    outer loop
      vertex 112.929 -7.07107 26
      vertex 120 -38 26
      vertex 113.912 -7.93353 26
    endloop
  endfacet
  facet normal 0 0 1
    outer loop
      vertex 55 -38 26
      vertex 112.929 -7.07107 26
      vertex 112.066 -6.08761 26
    endloop
  endfacet
  facet normal 0 0 1
    outer loop
      vertex 55 -38 26
      vertex 112.066 -6.08761 26
      vertex 111.34 -5 26
    endloop
  endfacet
  facet normal 0 0 1
    outer loop
      vertex 55 -38 26
      vertex 111.34 -5 26
      vertex 110.761 -3.82683 26
    endloop
  endfacet
  facet normal 0 0 1
    outer loop
      vertex 55 -38 26
      vertex 110.761 -3.82683 26
      vertex 110.341 -2.58819 26
    endloop
  endfacet
  facet normal 0 0 1
    outer loop
      vertex 55 -38 26
      vertex 110 0 26
      vertex 55 38 26
    endloop
  endfacet
  facet normal 0 0 1
    outer loop
      vertex 110 0 26
      vertex 55 -38 26
      vertex 110.086 -1.30526 26
    endloop
  endfacet
  facet normal 0 0 1
    outer loop
      vertex 110.086 -1.30526 26
      vertex 55 -38 26
      vertex 110.341 -2.58819 26
    endloop
  endfacet
  facet normal 0 0 1
    outer loop
      vertex 112.929 -7.07107 26
      vertex 55 -38 26
      vertex 120 -38 26
    endloop
  endfacet
  facet normal -1 0 0
    outer loop
      vertex 55 -38 18
      vertex 55 38 26
      vertex 55 38 18
    endloop
  endfacet
  facet normal -1 -0 0
    outer loop
      vertex 55 38 26
      vertex 55 -38 18
      vertex 55 -38 26
    endloop
  endfacet
  facet normal 0 1 -0
    outer loop
      vertex 120 38 18
      vertex 55 38 26
      vertex 120 38 26
    endloop
  endfacet
  facet normal 0 1 0
    outer loop
      vertex 55 38 26
      vertex 120 38 18
      vertex 55 38 18
    endloop
  endfacet
  facet normal 0 -1 0
    outer loop
      vertex 55 -38 18
      vertex 120 -38 26
      vertex 55 -38 26
    endloop
  endfacet
  facet normal 0 -1 -0
    outer loop
      vertex 120 -38 26
      vertex 55 -38 18
      vertex 120 -38 18
    endloop
  endfacet
  facet normal 0 0.065428 -0.997857
    outer loop
      vertex -82 -15 18
      vertex -80 -13.4337 18.1027
      vertex -80 -15 18
    endloop
  endfacet
  facet normal 0 0.065428 -0.997857
    outer loop
      vertex -80 -13.4337 18.1027
      vertex -82 -15 18
      vertex -82 -13.4337 18.1027
    endloop
  endfacet
  facet normal 0 -0.065428 0.997857
    outer loop
      vertex -82 -15 42
      vertex -80 -16.5663 41.8973
      vertex -80 -15 42
    endloop
  endfacet
  facet normal 0 -0.065428 0.997857
    outer loop
      vertex -80 -16.5663 41.8973
      vertex -82 -15 42
      vertex -82 -16.5663 41.8973
    endloop
  endfacet
  facet normal 0 -0.195075 -0.980788
    outer loop
      vertex -82 -18.1058 18.4089
      vertex -80 -16.5663 18.1027
      vertex -80 -18.1058 18.4089
    endloop
  endfacet
  facet normal -0 -0.195075 -0.980788
    outer loop
      vertex -80 -16.5663 18.1027
      vertex -82 -18.1058 18.4089
      vertex -82 -16.5663 18.1027
    endloop
  endfacet
  facet normal 0 0.896875 0.442283
    outer loop
      vertex -80 -3.91345 34.5922
      vertex -82 -4.60769 36
      vertex -80 -4.60769 36
    endloop
  endfacet
  facet normal 0 0.896875 0.442283
    outer loop
      vertex -82 -4.60769 36
      vertex -80 -3.91345 34.5922
      vertex -82 -3.91345 34.5922
    endloop
  endfacet
  facet normal -0 0.442314 0.89686
    outer loop
      vertex -82 -9 40.3923
      vertex -80 -10.4078 41.0866
      vertex -80 -9 40.3923
    endloop
  endfacet
  facet normal 0 0.442314 0.89686
    outer loop
      vertex -80 -10.4078 41.0866
      vertex -82 -9 40.3923
      vertex -82 -10.4078 41.0866
    endloop
  endfacet
  facet normal 0 -0.980788 0.195075
    outer loop
      vertex -82 -26.8973 31.5663
      vertex -80 -26.5911 33.1058
      vertex -82 -26.5911 33.1058
    endloop
  endfacet
  facet normal 0 -0.980788 0.195075
    outer loop
      vertex -80 -26.5911 33.1058
      vertex -82 -26.8973 31.5663
      vertex -80 -26.8973 31.5663
    endloop
  endfacet
  facet normal 0 -0.997857 0.065428
    outer loop
      vertex -82 -27 30
      vertex -80 -26.8973 31.5663
      vertex -82 -26.8973 31.5663
    endloop
  endfacet
  facet normal 0 -0.997857 0.065428
    outer loop
      vertex -80 -26.8973 31.5663
      vertex -82 -27 30
      vertex -80 -27 30
    endloop
  endfacet
  facet normal 0 -0.321402 0.946943
    outer loop
      vertex -82 -18.1058 41.5911
      vertex -80 -19.5922 41.0866
      vertex -80 -18.1058 41.5911
    endloop
  endfacet
  facet normal 0 -0.321402 0.946943
    outer loop
      vertex -80 -19.5922 41.0866
      vertex -82 -18.1058 41.5911
      vertex -82 -19.5922 41.0866
    endloop
  endfacet
  facet normal -0 0.659326 0.751857
    outer loop
      vertex -82 -6.51472 38.4853
      vertex -80 -7.69486 39.5202
      vertex -80 -6.51472 38.4853
    endloop
  endfacet
  facet normal 0 0.659326 0.751857
    outer loop
      vertex -80 -7.69486 39.5202
      vertex -82 -6.51472 38.4853
      vertex -82 -7.69486 39.5202
    endloop
  endfacet
  facet normal 0 0.997859 -0.0654027
    outer loop
      vertex -80 -3.10266 28.4337
      vertex -82 -3 30
      vertex -80 -3 30
    endloop
  endfacet
  facet normal 0 0.997859 -0.0654027
    outer loop
      vertex -82 -3 30
      vertex -80 -3.10266 28.4337
      vertex -82 -3.10266 28.4337
    endloop
  endfacet
  facet normal -1 0 0
    outer loop
      vertex -82 -3.10266 28.4337
      vertex -82 -3.10266 31.5663
      vertex -82 -3 30
    endloop
  endfacet
  facet normal -1 0 0
    outer loop
      vertex -82 -3.40889 26.8942
      vertex -82 -3.10266 31.5663
      vertex -82 -3.10266 28.4337
    endloop
  endfacet
  facet normal -1 0 0
    outer loop
      vertex -82 -3.40889 26.8942
      vertex -82 -3.40889 33.1058
      vertex -82 -3.10266 31.5663
    endloop
  endfacet
  facet normal -1 0 0
    outer loop
      vertex -82 -3.91345 25.4078
      vertex -82 -3.40889 33.1058
      vertex -82 -3.40889 26.8942
    endloop
  endfacet
  facet normal -1 0 0
    outer loop
      vertex -82 -3.91345 25.4078
      vertex -82 -3.91345 34.5922
      vertex -82 -3.40889 33.1058
    endloop
  endfacet
  facet normal -1 0 0
    outer loop
      vertex -82 -4.60769 24
      vertex -82 -3.91345 34.5922
      vertex -82 -3.91345 25.4078
    endloop
  endfacet
  facet normal -1 0 0
    outer loop
      vertex -82 -4.60769 24
      vertex -82 -4.60769 36
      vertex -82 -3.91345 34.5922
    endloop
  endfacet
  facet normal -1 0 0
    outer loop
      vertex -82 -5.47976 22.6949
      vertex -82 -4.60769 36
      vertex -82 -4.60769 24
    endloop
  endfacet
  facet normal -1 0 0
    outer loop
      vertex -82 -5.47976 22.6949
      vertex -82 -5.47976 37.3051
      vertex -82 -4.60769 36
    endloop
  endfacet
  facet normal -1 0 0
    outer loop
      vertex -82 -6.51472 21.5147
      vertex -82 -5.47976 37.3051
      vertex -82 -5.47976 22.6949
    endloop
  endfacet
  facet normal -1 0 0
    outer loop
      vertex -82 -6.51472 21.5147
      vertex -82 -6.51472 38.4853
      vertex -82 -5.47976 37.3051
    endloop
  endfacet
  facet normal -1 0 0
    outer loop
      vertex -82 -7.69486 20.4798
      vertex -82 -6.51472 38.4853
      vertex -82 -6.51472 21.5147
    endloop
  endfacet
  facet normal -1 0 0
    outer loop
      vertex -82 -7.69486 20.4798
      vertex -82 -7.69486 39.5202
      vertex -82 -6.51472 38.4853
    endloop
  endfacet
  facet normal -1 0 0
    outer loop
      vertex -82 -9 19.6077
      vertex -82 -7.69486 39.5202
      vertex -82 -7.69486 20.4798
    endloop
  endfacet
  facet normal -1 0 0
    outer loop
      vertex -82 -9 19.6077
      vertex -82 -9 40.3923
      vertex -82 -7.69486 39.5202
    endloop
  endfacet
  facet normal -1 0 0
    outer loop
      vertex -82 -10.4078 18.9134
      vertex -82 -9 40.3923
      vertex -82 -9 19.6077
    endloop
  endfacet
  facet normal -1 0 0
    outer loop
      vertex -82 -10.4078 18.9134
      vertex -82 -10.4078 41.0866
      vertex -82 -9 40.3923
    endloop
  endfacet
  facet normal -1 0 0
    outer loop
      vertex -82 -11.8942 18.4089
      vertex -82 -10.4078 41.0866
      vertex -82 -10.4078 18.9134
    endloop
  endfacet
  facet normal -1 0 0
    outer loop
      vertex -82 -11.8942 18.4089
      vertex -82 -11.8942 41.5911
      vertex -82 -10.4078 41.0866
    endloop
  endfacet
  facet normal -1 0 0
    outer loop
      vertex -82 -13.4337 18.1027
      vertex -82 -11.8942 41.5911
      vertex -82 -11.8942 18.4089
    endloop
  endfacet
  facet normal -1 0 0
    outer loop
      vertex -82 -13.4337 18.1027
      vertex -82 -13.4337 41.8973
      vertex -82 -11.8942 41.5911
    endloop
  endfacet
  facet normal -1 0 0
    outer loop
      vertex -82 -15 18
      vertex -82 -13.4337 41.8973
      vertex -82 -13.4337 18.1027
    endloop
  endfacet
  facet normal -1 0 0
    outer loop
      vertex -82 -15 18
      vertex -82 -15 42
      vertex -82 -13.4337 41.8973
    endloop
  endfacet
  facet normal -1 0 0
    outer loop
      vertex -82 -16.5663 18.1027
      vertex -82 -15 42
      vertex -82 -15 18
    endloop
  endfacet
  facet normal -1 0 0
    outer loop
      vertex -82 -16.5663 18.1027
      vertex -82 -16.5663 41.8973
      vertex -82 -15 42
    endloop
  endfacet
  facet normal -1 0 0
    outer loop
      vertex -82 -18.1058 18.4089
      vertex -82 -16.5663 41.8973
      vertex -82 -16.5663 18.1027
    endloop
  endfacet
  facet normal -1 0 0
    outer loop
      vertex -82 -18.1058 18.4089
      vertex -82 -18.1058 41.5911
      vertex -82 -16.5663 41.8973
    endloop
  endfacet
  facet normal -1 0 0
    outer loop
      vertex -82 -19.5922 18.9134
      vertex -82 -18.1058 41.5911
      vertex -82 -18.1058 18.4089
    endloop
  endfacet
  facet normal -1 0 0
    outer loop
      vertex -82 -19.5922 18.9134
      vertex -82 -19.5922 41.0866
      vertex -82 -18.1058 41.5911
    endloop
  endfacet
  facet normal -1 0 0
    outer loop
      vertex -82 -21 19.6077
      vertex -82 -19.5922 41.0866
      vertex -82 -19.5922 18.9134
    endloop
  endfacet
  facet normal -1 0 0
    outer loop
      vertex -82 -21 19.6077
      vertex -82 -21 40.3923
      vertex -82 -19.5922 41.0866
    endloop
  endfacet
  facet normal -1 0 0
    outer loop
      vertex -82 -22.3051 20.4798
      vertex -82 -21 40.3923
      vertex -82 -21 19.6077
    endloop
  endfacet
  facet normal -1 0 0
    outer loop
      vertex -82 -22.3051 20.4798
      vertex -82 -22.3051 39.5202
      vertex -82 -21 40.3923
    endloop
  endfacet
  facet normal -1 0 0
    outer loop
      vertex -82 -23.4853 21.5147
      vertex -82 -22.3051 39.5202
      vertex -82 -22.3051 20.4798
    endloop
  endfacet
  facet normal -1 0 0
    outer loop
      vertex -82 -23.4853 21.5147
      vertex -82 -23.4853 38.4853
      vertex -82 -22.3051 39.5202
    endloop
  endfacet
  facet normal -1 0 0
    outer loop
      vertex -82 -24.5202 22.6949
      vertex -82 -23.4853 38.4853
      vertex -82 -23.4853 21.5147
    endloop
  endfacet
  facet normal -1 0 0
    outer loop
      vertex -82 -24.5202 22.6949
      vertex -82 -24.5202 37.3051
      vertex -82 -23.4853 38.4853
    endloop
  endfacet
  facet normal -1 0 0
    outer loop
      vertex -82 -25.3923 24
      vertex -82 -24.5202 37.3051
      vertex -82 -24.5202 22.6949
    endloop
  endfacet
  facet normal -1 0 0
    outer loop
      vertex -82 -25.3923 24
      vertex -82 -25.3923 36
      vertex -82 -24.5202 37.3051
    endloop
  endfacet
  facet normal -1 0 0
    outer loop
      vertex -82 -26.0866 25.4078
      vertex -82 -25.3923 36
      vertex -82 -25.3923 24
    endloop
  endfacet
  facet normal -1 0 0
    outer loop
      vertex -82 -26.0866 25.4078
      vertex -82 -26.0866 34.5922
      vertex -82 -25.3923 36
    endloop
  endfacet
  facet normal -1 0 0
    outer loop
      vertex -82 -26.5911 26.8942
      vertex -82 -26.0866 34.5922
      vertex -82 -26.0866 25.4078
    endloop
  endfacet
  facet normal -1 0 0
    outer loop
      vertex -82 -26.5911 26.8942
      vertex -82 -26.5911 33.1058
      vertex -82 -26.0866 34.5922
    endloop
  endfacet
  facet normal -1 0 0
    outer loop
      vertex -82 -26.8973 28.4337
      vertex -82 -26.5911 33.1058
      vertex -82 -26.5911 26.8942
    endloop
  endfacet
  facet normal -1 0 0
    outer loop
      vertex -82 -26.8973 28.4337
      vertex -82 -26.8973 31.5663
      vertex -82 -26.5911 33.1058
    endloop
  endfacet
  facet normal -1 0 -0
    outer loop
      vertex -82 -26.8973 31.5663
      vertex -82 -26.8973 28.4337
      vertex -82 -27 30
    endloop
  endfacet
  facet normal 0 -0.555597 -0.831452
    outer loop
      vertex -82 -22.3051 20.4798
      vertex -80 -21 19.6077
      vertex -80 -22.3051 20.4798
    endloop
  endfacet
  facet normal -0 -0.555597 -0.831452
    outer loop
      vertex -80 -21 19.6077
      vertex -82 -22.3051 20.4798
      vertex -82 -21 19.6077
    endloop
  endfacet
  facet normal 0 0.896875 -0.442283
    outer loop
      vertex -80 -4.60769 24
      vertex -82 -3.91345 25.4078
      vertex -80 -3.91345 25.4078
    endloop
  endfacet
  facet normal 0 0.896875 -0.442283
    outer loop
      vertex -82 -3.91345 25.4078
      vertex -80 -4.60769 24
      vertex -82 -4.60769 24
    endloop
  endfacet
  facet normal -0 0.195075 0.980788
    outer loop
      vertex -82 -11.8942 41.5911
      vertex -80 -13.4337 41.8973
      vertex -80 -11.8942 41.5911
    endloop
  endfacet
  facet normal 0 0.195075 0.980788
    outer loop
      vertex -80 -13.4337 41.8973
      vertex -82 -11.8942 41.5911
      vertex -82 -13.4337 41.8973
    endloop
  endfacet
  facet normal -0 0.555585 0.83146
    outer loop
      vertex -82 -7.69486 39.5202
      vertex -80 -9 40.3923
      vertex -80 -7.69486 39.5202
    endloop
  endfacet
  facet normal 0 0.555585 0.83146
    outer loop
      vertex -80 -9 40.3923
      vertex -82 -7.69486 39.5202
      vertex -82 -9 40.3923
    endloop
  endfacet
  facet normal 0 -0.321402 -0.946943
    outer loop
      vertex -82 -19.5922 18.9134
      vertex -80 -18.1058 18.4089
      vertex -80 -19.5922 18.9134
    endloop
  endfacet
  facet normal -0 -0.321402 -0.946943
    outer loop
      vertex -80 -18.1058 18.4089
      vertex -82 -19.5922 18.9134
      vertex -82 -18.1058 18.4089
    endloop
  endfacet
  facet normal 0 0.195075 -0.980788
    outer loop
      vertex -82 -13.4337 18.1027
      vertex -80 -11.8942 18.4089
      vertex -80 -13.4337 18.1027
    endloop
  endfacet
  facet normal 0 0.195075 -0.980788
    outer loop
      vertex -80 -11.8942 18.4089
      vertex -82 -13.4337 18.1027
      vertex -82 -11.8942 18.4089
    endloop
  endfacet
  facet normal 0 0.997859 0.0654027
    outer loop
      vertex -80 -3 30
      vertex -82 -3.10266 31.5663
      vertex -80 -3.10266 31.5663
    endloop
  endfacet
  facet normal 0 0.997859 0.0654027
    outer loop
      vertex -82 -3.10266 31.5663
      vertex -80 -3 30
      vertex -82 -3 30
    endloop
  endfacet
  facet normal 0 -0.89686 0.442314
    outer loop
      vertex -82 -26.0866 34.5922
      vertex -80 -25.3923 36
      vertex -82 -25.3923 36
    endloop
  endfacet
  facet normal 0 -0.89686 0.442314
    outer loop
      vertex -80 -25.3923 36
      vertex -82 -26.0866 34.5922
      vertex -80 -26.0866 34.5922
    endloop
  endfacet
  facet normal 0 0.555585 -0.83146
    outer loop
      vertex -82 -9 19.6077
      vertex -80 -7.69486 20.4798
      vertex -80 -9 19.6077
    endloop
  endfacet
  facet normal 0 0.555585 -0.83146
    outer loop
      vertex -80 -7.69486 20.4798
      vertex -82 -9 19.6077
      vertex -82 -7.69486 20.4798
    endloop
  endfacet
  facet normal 0 -0.831452 -0.555597
    outer loop
      vertex -82 -24.5202 22.6949
      vertex -80 -25.3923 24
      vertex -82 -25.3923 24
    endloop
  endfacet
  facet normal 0 -0.831452 -0.555597
    outer loop
      vertex -80 -25.3923 24
      vertex -82 -24.5202 22.6949
      vertex -80 -24.5202 22.6949
    endloop
  endfacet
  facet normal 0 -0.946943 -0.321402
    outer loop
      vertex -82 -26.0866 25.4078
      vertex -80 -26.5911 26.8942
      vertex -82 -26.5911 26.8942
    endloop
  endfacet
  facet normal 0 -0.946943 -0.321402
    outer loop
      vertex -80 -26.5911 26.8942
      vertex -82 -26.0866 25.4078
      vertex -80 -26.0866 25.4078
    endloop
  endfacet
  facet normal 0 -0.065428 -0.997857
    outer loop
      vertex -82 -16.5663 18.1027
      vertex -80 -15 18
      vertex -80 -16.5663 18.1027
    endloop
  endfacet
  facet normal -0 -0.065428 -0.997857
    outer loop
      vertex -80 -15 18
      vertex -82 -16.5663 18.1027
      vertex -82 -15 18
    endloop
  endfacet
  facet normal 0 0.946931 0.321437
    outer loop
      vertex -80 -3.40889 33.1058
      vertex -82 -3.91345 34.5922
      vertex -80 -3.91345 34.5922
    endloop
  endfacet
  facet normal 0 0.946931 0.321437
    outer loop
      vertex -82 -3.91345 34.5922
      vertex -80 -3.40889 33.1058
      vertex -82 -3.40889 33.1058
    endloop
  endfacet
  facet normal 0 -0.831452 0.555597
    outer loop
      vertex -82 -25.3923 36
      vertex -80 -24.5202 37.3051
      vertex -82 -24.5202 37.3051
    endloop
  endfacet
  facet normal 0 -0.831452 0.555597
    outer loop
      vertex -80 -24.5202 37.3051
      vertex -82 -25.3923 36
      vertex -80 -25.3923 36
    endloop
  endfacet
  facet normal 0 0.831461 -0.555583
    outer loop
      vertex -80 -5.47976 22.6949
      vertex -82 -4.60769 24
      vertex -80 -4.60769 24
    endloop
  endfacet
  facet normal 0 0.831461 -0.555583
    outer loop
      vertex -82 -4.60769 24
      vertex -80 -5.47976 22.6949
      vertex -82 -5.47976 22.6949
    endloop
  endfacet
  facet normal 0 -0.997857 -0.065428
    outer loop
      vertex -82 -26.8973 28.4337
      vertex -80 -27 30
      vertex -82 -27 30
    endloop
  endfacet
  facet normal 0 -0.997857 -0.065428
    outer loop
      vertex -80 -27 30
      vertex -82 -26.8973 28.4337
      vertex -80 -26.8973 28.4337
    endloop
  endfacet
  facet normal 0 0.831461 0.555583
    outer loop
      vertex -80 -4.60769 36
      vertex -82 -5.47976 37.3051
      vertex -80 -5.47976 37.3051
    endloop
  endfacet
  facet normal 0 0.831461 0.555583
    outer loop
      vertex -82 -5.47976 37.3051
      vertex -80 -4.60769 36
      vertex -82 -4.60769 36
    endloop
  endfacet
  facet normal 0 -0.751874 0.659307
    outer loop
      vertex -82 -24.5202 37.3051
      vertex -80 -23.4853 38.4853
      vertex -82 -23.4853 38.4853
    endloop
  endfacet
  facet normal 0 -0.751874 0.659307
    outer loop
      vertex -80 -23.4853 38.4853
      vertex -82 -24.5202 37.3051
      vertex -80 -24.5202 37.3051
    endloop
  endfacet
  facet normal 0 0.946931 -0.321437
    outer loop
      vertex -80 -3.91345 25.4078
      vertex -82 -3.40889 26.8942
      vertex -80 -3.40889 26.8942
    endloop
  endfacet
  facet normal 0 0.946931 -0.321437
    outer loop
      vertex -82 -3.40889 26.8942
      vertex -80 -3.91345 25.4078
      vertex -82 -3.91345 25.4078
    endloop
  endfacet
  facet normal 0 0.442314 -0.89686
    outer loop
      vertex -82 -10.4078 18.9134
      vertex -80 -9 19.6077
      vertex -80 -10.4078 18.9134
    endloop
  endfacet
  facet normal 0 0.442314 -0.89686
    outer loop
      vertex -80 -9 19.6077
      vertex -82 -10.4078 18.9134
      vertex -82 -9 19.6077
    endloop
  endfacet
  facet normal 0 0.659326 -0.751857
    outer loop
      vertex -82 -7.69486 20.4798
      vertex -80 -6.51472 21.5147
      vertex -80 -7.69486 20.4798
    endloop
  endfacet
  facet normal 0 0.659326 -0.751857
    outer loop
      vertex -80 -6.51472 21.5147
      vertex -82 -7.69486 20.4798
      vertex -82 -6.51472 21.5147
    endloop
  endfacet
  facet normal 0 0.751855 -0.659329
    outer loop
      vertex -80 -6.51472 21.5147
      vertex -82 -5.47976 22.6949
      vertex -80 -5.47976 22.6949
    endloop
  endfacet
  facet normal 0 0.751855 -0.659329
    outer loop
      vertex -82 -5.47976 22.6949
      vertex -80 -6.51472 21.5147
      vertex -82 -6.51472 21.5147
    endloop
  endfacet
  facet normal 0 0.980785 0.195093
    outer loop
      vertex -80 -3.10266 31.5663
      vertex -82 -3.40889 33.1058
      vertex -80 -3.40889 33.1058
    endloop
  endfacet
  facet normal 0 0.980785 0.195093
    outer loop
      vertex -82 -3.40889 33.1058
      vertex -80 -3.10266 31.5663
      vertex -82 -3.10266 31.5663
    endloop
  endfacet
  facet normal 0 -0.442314 0.89686
    outer loop
      vertex -82 -19.5922 41.0866
      vertex -80 -21 40.3923
      vertex -80 -19.5922 41.0866
    endloop
  endfacet
  facet normal 0 -0.442314 0.89686
    outer loop
      vertex -80 -21 40.3923
      vertex -82 -19.5922 41.0866
      vertex -82 -21 40.3923
    endloop
  endfacet
  facet normal 0 -0.980788 -0.195075
    outer loop
      vertex -82 -26.5911 26.8942
      vertex -80 -26.8973 28.4337
      vertex -82 -26.8973 28.4337
    endloop
  endfacet
  facet normal 0 -0.980788 -0.195075
    outer loop
      vertex -80 -26.8973 28.4337
      vertex -82 -26.5911 26.8942
      vertex -80 -26.5911 26.8942
    endloop
  endfacet
  facet normal 0 -0.659307 -0.751874
    outer loop
      vertex -82 -23.4853 21.5147
      vertex -80 -22.3051 20.4798
      vertex -80 -23.4853 21.5147
    endloop
  endfacet
  facet normal -0 -0.659307 -0.751874
    outer loop
      vertex -80 -22.3051 20.4798
      vertex -82 -23.4853 21.5147
      vertex -82 -22.3051 20.4798
    endloop
  endfacet
  facet normal 0 -0.442314 -0.89686
    outer loop
      vertex -82 -21 19.6077
      vertex -80 -19.5922 18.9134
      vertex -80 -21 19.6077
    endloop
  endfacet
  facet normal -0 -0.442314 -0.89686
    outer loop
      vertex -80 -19.5922 18.9134
      vertex -82 -21 19.6077
      vertex -82 -19.5922 18.9134
    endloop
  endfacet
  facet normal 0 0.751855 0.659329
    outer loop
      vertex -80 -5.47976 37.3051
      vertex -82 -6.51472 38.4853
      vertex -80 -6.51472 38.4853
    endloop
  endfacet
  facet normal 0 0.751855 0.659329
    outer loop
      vertex -82 -6.51472 38.4853
      vertex -80 -5.47976 37.3051
      vertex -82 -5.47976 37.3051
    endloop
  endfacet
  facet normal 0 0.980785 -0.195093
    outer loop
      vertex -80 -3.40889 26.8942
      vertex -82 -3.10266 28.4337
      vertex -80 -3.10266 28.4337
    endloop
  endfacet
  facet normal 0 0.980785 -0.195093
    outer loop
      vertex -82 -3.10266 28.4337
      vertex -80 -3.40889 26.8942
      vertex -82 -3.40889 26.8942
    endloop
  endfacet
  facet normal -0 0.065428 0.997857
    outer loop
      vertex -82 -13.4337 41.8973
      vertex -80 -15 42
      vertex -80 -13.4337 41.8973
    endloop
  endfacet
  facet normal 0 0.065428 0.997857
    outer loop
      vertex -80 -15 42
      vertex -82 -13.4337 41.8973
      vertex -82 -15 42
    endloop
  endfacet
  facet normal 0 0.321402 -0.946943
    outer loop
      vertex -82 -11.8942 18.4089
      vertex -80 -10.4078 18.9134
      vertex -80 -11.8942 18.4089
    endloop
  endfacet
  facet normal 0 0.321402 -0.946943
    outer loop
      vertex -80 -10.4078 18.9134
      vertex -82 -11.8942 18.4089
      vertex -82 -10.4078 18.9134
    endloop
  endfacet
  facet normal 0 -0.555597 0.831452
    outer loop
      vertex -82 -21 40.3923
      vertex -80 -22.3051 39.5202
      vertex -80 -21 40.3923
    endloop
  endfacet
  facet normal 0 -0.555597 0.831452
    outer loop
      vertex -80 -22.3051 39.5202
      vertex -82 -21 40.3923
      vertex -82 -22.3051 39.5202
    endloop
  endfacet
  facet normal 0 -0.89686 -0.442314
    outer loop
      vertex -82 -25.3923 24
      vertex -80 -26.0866 25.4078
      vertex -82 -26.0866 25.4078
    endloop
  endfacet
  facet normal 0 -0.89686 -0.442314
    outer loop
      vertex -80 -26.0866 25.4078
      vertex -82 -25.3923 24
      vertex -80 -25.3923 24
    endloop
  endfacet
  facet normal 0 -0.195075 0.980788
    outer loop
      vertex -82 -16.5663 41.8973
      vertex -80 -18.1058 41.5911
      vertex -80 -16.5663 41.8973
    endloop
  endfacet
  facet normal 0 -0.195075 0.980788
    outer loop
      vertex -80 -18.1058 41.5911
      vertex -82 -16.5663 41.8973
      vertex -82 -18.1058 41.5911
    endloop
  endfacet
  facet normal 0 -0.946943 0.321402
    outer loop
      vertex -82 -26.5911 33.1058
      vertex -80 -26.0866 34.5922
      vertex -82 -26.0866 34.5922
    endloop
  endfacet
  facet normal 0 -0.946943 0.321402
    outer loop
      vertex -80 -26.0866 34.5922
      vertex -82 -26.5911 33.1058
      vertex -80 -26.5911 33.1058
    endloop
  endfacet
  facet normal 0 -0.659307 0.751874
    outer loop
      vertex -82 -22.3051 39.5202
      vertex -80 -23.4853 38.4853
      vertex -80 -22.3051 39.5202
    endloop
  endfacet
  facet normal 0 -0.659307 0.751874
    outer loop
      vertex -80 -23.4853 38.4853
      vertex -82 -22.3051 39.5202
      vertex -82 -23.4853 38.4853
    endloop
  endfacet
  facet normal 0 -0.751874 -0.659307
    outer loop
      vertex -82 -23.4853 21.5147
      vertex -80 -24.5202 22.6949
      vertex -82 -24.5202 22.6949
    endloop
  endfacet
  facet normal 0 -0.751874 -0.659307
    outer loop
      vertex -80 -24.5202 22.6949
      vertex -82 -23.4853 21.5147
      vertex -80 -23.4853 21.5147
    endloop
  endfacet
  facet normal -0 0.321402 0.946943
    outer loop
      vertex -82 -10.4078 41.0866
      vertex -80 -11.8942 41.5911
      vertex -80 -10.4078 41.0866
    endloop
  endfacet
  facet normal 0 0.321402 0.946943
    outer loop
      vertex -80 -11.8942 41.5911
      vertex -82 -10.4078 41.0866
      vertex -82 -11.8942 41.5911
    endloop
  endfacet
  facet normal 0.980779 0.195124 0
    outer loop
      vertex -32.0684 -42.9558 48
      vertex -32.2726 -41.9294 38
      vertex -32.2726 -41.9294 48
    endloop
  endfacet
  facet normal 0.980779 0.195124 0
    outer loop
      vertex -32.2726 -41.9294 38
      vertex -32.0684 -42.9558 48
      vertex -32.0684 -42.9558 38
    endloop
  endfacet
  facet normal 0.997861 0.0653646 0
    outer loop
      vertex -32 -44 48
      vertex -32.0684 -42.9558 38
      vertex -32.0684 -42.9558 48
    endloop
  endfacet
  facet normal 0.997861 0.0653646 0
    outer loop
      vertex -32.0684 -42.9558 38
      vertex -32 -44 48
      vertex -32 -44 38
    endloop
  endfacet
  facet normal 0.94692 0.321469 0
    outer loop
      vertex -32.2726 -41.9294 48
      vertex -32.609 -40.9385 38
      vertex -32.609 -40.9385 48
    endloop
  endfacet
  facet normal 0.94692 0.321469 0
    outer loop
      vertex -32.609 -40.9385 38
      vertex -32.2726 -41.9294 48
      vertex -32.2726 -41.9294 38
    endloop
  endfacet
  facet normal 0.831462 0.555582 0
    outer loop
      vertex -33.0718 -40 48
      vertex -33.6532 -39.1299 38
      vertex -33.6532 -39.1299 48
    endloop
  endfacet
  facet normal 0.831462 0.555582 0
    outer loop
      vertex -33.6532 -39.1299 38
      vertex -33.0718 -40 48
      vertex -33.0718 -40 38
    endloop
  endfacet
  facet normal 0.980779 -0.195124 0
    outer loop
      vertex -32.2726 -46.0706 48
      vertex -32.0684 -45.0442 38
      vertex -32.0684 -45.0442 48
    endloop
  endfacet
  facet normal 0.980779 -0.195124 0
    outer loop
      vertex -32.0684 -45.0442 38
      vertex -32.2726 -46.0706 48
      vertex -32.2726 -46.0706 38
    endloop
  endfacet
  facet normal 0.195124 -0.980779 0
    outer loop
      vertex -38.9558 -51.9316 38
      vertex -37.9294 -51.7274 48
      vertex -38.9558 -51.9316 48
    endloop
  endfacet
  facet normal 0.195124 -0.980779 0
    outer loop
      vertex -37.9294 -51.7274 48
      vertex -38.9558 -51.9316 38
      vertex -37.9294 -51.7274 38
    endloop
  endfacet
  facet normal 0.442276 -0.896879 0
    outer loop
      vertex -36.9385 -51.391 38
      vertex -36 -50.9282 48
      vertex -36.9385 -51.391 48
    endloop
  endfacet
  facet normal 0.442276 -0.896879 0
    outer loop
      vertex -36 -50.9282 48
      vertex -36.9385 -51.391 38
      vertex -36 -50.9282 38
    endloop
  endfacet
  facet normal 0.94692 -0.321469 0
    outer loop
      vertex -32.609 -47.0615 48
      vertex -32.2726 -46.0706 38
      vertex -32.2726 -46.0706 48
    endloop
  endfacet
  facet normal 0.94692 -0.321469 0
    outer loop
      vertex -32.2726 -46.0706 38
      vertex -32.609 -47.0615 48
      vertex -32.609 -47.0615 38
    endloop
  endfacet
  facet normal 0.321469 -0.94692 0
    outer loop
      vertex -37.9294 -51.7274 38
      vertex -36.9385 -51.391 48
      vertex -37.9294 -51.7274 48
    endloop
  endfacet
  facet normal 0.321469 -0.94692 0
    outer loop
      vertex -36.9385 -51.391 48
      vertex -37.9294 -51.7274 38
      vertex -36.9385 -51.391 38
    endloop
  endfacet
  facet normal 0.896879 0.442276 0
    outer loop
      vertex -32.609 -40.9385 48
      vertex -33.0718 -40 38
      vertex -33.0718 -40 48
    endloop
  endfacet
  facet normal 0.896879 0.442276 0
    outer loop
      vertex -33.0718 -40 38
      vertex -32.609 -40.9385 48
      vertex -32.609 -40.9385 38
    endloop
  endfacet
  facet normal 0.65928 0.751898 -0
    outer loop
      vertex -34.3431 -38.3431 38
      vertex -34.7344 -38 48
      vertex -34.3431 -38.3431 48
    endloop
  endfacet
  facet normal 0.65928 0.751898 0
    outer loop
      vertex -34.7344 -38 48
      vertex -34.3431 -38.3431 38
      vertex -34.7344 -38 38
    endloop
  endfacet
  facet normal -0.94692 -0.321469 0
    outer loop
      vertex -47.391 -47.0615 38
      vertex -47.7274 -46.0706 48
      vertex -47.7274 -46.0706 38
    endloop
  endfacet
  facet normal -0.94692 -0.321469 0
    outer loop
      vertex -47.7274 -46.0706 48
      vertex -47.391 -47.0615 38
      vertex -47.391 -47.0615 48
    endloop
  endfacet
  facet normal -0.75189 0.659289 0
    outer loop
      vertex -46.3468 -39.1299 38
      vertex -45.6569 -38.3431 48
      vertex -45.6569 -38.3431 38
    endloop
  endfacet
  facet normal -0.75189 0.659289 0
    outer loop
      vertex -45.6569 -38.3431 48
      vertex -46.3468 -39.1299 38
      vertex -46.3468 -39.1299 48
    endloop
  endfacet
  facet normal -0.980779 0.195124 0
    outer loop
      vertex -47.9316 -42.9558 38
      vertex -47.7274 -41.9294 48
      vertex -47.7274 -41.9294 38
    endloop
  endfacet
  facet normal -0.980779 0.195124 0
    outer loop
      vertex -47.7274 -41.9294 48
      vertex -47.9316 -42.9558 38
      vertex -47.9316 -42.9558 48
    endloop
  endfacet
  facet normal -0.980779 -0.195124 0
    outer loop
      vertex -47.7274 -46.0706 38
      vertex -47.9316 -45.0442 48
      vertex -47.9316 -45.0442 38
    endloop
  endfacet
  facet normal -0.980779 -0.195124 0
    outer loop
      vertex -47.9316 -45.0442 48
      vertex -47.7274 -46.0706 38
      vertex -47.7274 -46.0706 48
    endloop
  endfacet
  facet normal 0.75189 0.659289 0
    outer loop
      vertex -33.6532 -39.1299 48
      vertex -34.3431 -38.3431 38
      vertex -34.3431 -38.3431 48
    endloop
  endfacet
  facet normal 0.75189 0.659289 0
    outer loop
      vertex -34.3431 -38.3431 38
      vertex -33.6532 -39.1299 48
      vertex -33.6532 -39.1299 38
    endloop
  endfacet
  facet normal 0.896879 -0.442276 0
    outer loop
      vertex -33.0718 -48 48
      vertex -32.609 -47.0615 38
      vertex -32.609 -47.0615 48
    endloop
  endfacet
  facet normal 0.896879 -0.442276 0
    outer loop
      vertex -32.609 -47.0615 38
      vertex -33.0718 -48 48
      vertex -33.0718 -48 38
    endloop
  endfacet
  facet normal -0.321469 -0.94692 0
    outer loop
      vertex -43.0615 -51.391 38
      vertex -42.0706 -51.7274 48
      vertex -43.0615 -51.391 48
    endloop
  endfacet
  facet normal -0.321469 -0.94692 -0
    outer loop
      vertex -42.0706 -51.7274 48
      vertex -43.0615 -51.391 38
      vertex -42.0706 -51.7274 38
    endloop
  endfacet
  facet normal 0.659289 -0.75189 0
    outer loop
      vertex -35.1299 -50.3468 38
      vertex -34.3431 -49.6569 48
      vertex -35.1299 -50.3468 48
    endloop
  endfacet
  facet normal 0.659289 -0.75189 0
    outer loop
      vertex -34.3431 -49.6569 48
      vertex -35.1299 -50.3468 38
      vertex -34.3431 -49.6569 38
    endloop
  endfacet
  facet normal 0 0 -1
    outer loop
      vertex -32.0684 -45.0442 38
      vertex -32.0684 -42.9558 38
      vertex -32 -44 38
    endloop
  endfacet
  facet normal 0 0 -1
    outer loop
      vertex -32.2726 -46.0706 38
      vertex -32.0684 -42.9558 38
      vertex -32.0684 -45.0442 38
    endloop
  endfacet
  facet normal 0 0 -1
    outer loop
      vertex -32.2726 -46.0706 38
      vertex -32.2726 -41.9294 38
      vertex -32.0684 -42.9558 38
    endloop
  endfacet
  facet normal 0 0 -1
    outer loop
      vertex -32.609 -47.0615 38
      vertex -32.2726 -41.9294 38
      vertex -32.2726 -46.0706 38
    endloop
  endfacet
  facet normal 0 0 -1
    outer loop
      vertex -32.609 -47.0615 38
      vertex -32.609 -40.9385 38
      vertex -32.2726 -41.9294 38
    endloop
  endfacet
  facet normal 0 0 -1
    outer loop
      vertex -33.0718 -48 38
      vertex -32.609 -40.9385 38
      vertex -32.609 -47.0615 38
    endloop
  endfacet
  facet normal 0 0 -1
    outer loop
      vertex -33.0718 -48 38
      vertex -33.0718 -40 38
      vertex -32.609 -40.9385 38
    endloop
  endfacet
  facet normal 0 0 -1
    outer loop
      vertex -33.6532 -48.8701 38
      vertex -33.0718 -40 38
      vertex -33.0718 -48 38
    endloop
  endfacet
  facet normal 0 0 -1
    outer loop
      vertex -33.6532 -48.8701 38
      vertex -33.6532 -39.1299 38
      vertex -33.0718 -40 38
    endloop
  endfacet
  facet normal 0 0 -1
    outer loop
      vertex -34.3431 -49.6569 38
      vertex -33.6532 -39.1299 38
      vertex -33.6532 -48.8701 38
    endloop
  endfacet
  facet normal 0 0 -1
    outer loop
      vertex -34.7344 -38 38
      vertex -33.6532 -39.1299 38
      vertex -34.3431 -49.6569 38
    endloop
  endfacet
  facet normal 0 0 -1
    outer loop
      vertex -33.6532 -39.1299 38
      vertex -34.7344 -38 38
      vertex -34.3431 -38.3431 38
    endloop
  endfacet
  facet normal 0 0 -1
    outer loop
      vertex -35.1299 -50.3468 38
      vertex -34.7344 -38 38
      vertex -34.3431 -49.6569 38
    endloop
  endfacet
  facet normal 0 0 -1
    outer loop
      vertex -36 -50.9282 38
      vertex -34.7344 -38 38
      vertex -35.1299 -50.3468 38
    endloop
  endfacet
  facet normal 0 0 -1
    outer loop
      vertex -36.9385 -51.391 38
      vertex -34.7344 -38 38
      vertex -36 -50.9282 38
    endloop
  endfacet
  facet normal 0 0 -1
    outer loop
      vertex -37.9294 -51.7274 38
      vertex -34.7344 -38 38
      vertex -36.9385 -51.391 38
    endloop
  endfacet
  facet normal 0 0 -1
    outer loop
      vertex -38.9558 -51.9316 38
      vertex -34.7344 -38 38
      vertex -37.9294 -51.7274 38
    endloop
  endfacet
  facet normal 0 0 -1
    outer loop
      vertex -40 -52 38
      vertex -34.7344 -38 38
      vertex -38.9558 -51.9316 38
    endloop
  endfacet
  facet normal 0 0 -1
    outer loop
      vertex -41.0442 -51.9316 38
      vertex -34.7344 -38 38
      vertex -40 -52 38
    endloop
  endfacet
  facet normal 0 0 -1
    outer loop
      vertex -42.0706 -51.7274 38
      vertex -34.7344 -38 38
      vertex -41.0442 -51.9316 38
    endloop
  endfacet
  facet normal 0 0 -1
    outer loop
      vertex -43.0615 -51.391 38
      vertex -34.7344 -38 38
      vertex -42.0706 -51.7274 38
    endloop
  endfacet
  facet normal 0 0 -1
    outer loop
      vertex -44 -50.9282 38
      vertex -34.7344 -38 38
      vertex -43.0615 -51.391 38
    endloop
  endfacet
  facet normal 0 0 -1
    outer loop
      vertex -44.8701 -50.3468 38
      vertex -34.7344 -38 38
      vertex -44 -50.9282 38
    endloop
  endfacet
  facet normal 0 0 -1
    outer loop
      vertex -44.8701 -50.3468 38
      vertex -45.2656 -38 38
      vertex -34.7344 -38 38
    endloop
  endfacet
  facet normal 0 0 -1
    outer loop
      vertex -45.6569 -49.6569 38
      vertex -45.2656 -38 38
      vertex -44.8701 -50.3468 38
    endloop
  endfacet
  facet normal 0 0 -1
    outer loop
      vertex -46.3468 -48.8701 38
      vertex -45.2656 -38 38
      vertex -45.6569 -49.6569 38
    endloop
  endfacet
  facet normal 0 0 -1
    outer loop
      vertex -46.3468 -39.1299 38
      vertex -45.2656 -38 38
      vertex -46.3468 -48.8701 38
    endloop
  endfacet
  facet normal 0 0 -1
    outer loop
      vertex -45.2656 -38 38
      vertex -46.3468 -39.1299 38
      vertex -45.6569 -38.3431 38
    endloop
  endfacet
  facet normal 0 0 -1
    outer loop
      vertex -46.9282 -48 38
      vertex -46.3468 -39.1299 38
      vertex -46.3468 -48.8701 38
    endloop
  endfacet
  facet normal 0 0 -1
    outer loop
      vertex -46.9282 -48 38
      vertex -46.9282 -40 38
      vertex -46.3468 -39.1299 38
    endloop
  endfacet
  facet normal 0 0 -1
    outer loop
      vertex -47.391 -47.0615 38
      vertex -46.9282 -40 38
      vertex -46.9282 -48 38
    endloop
  endfacet
  facet normal 0 0 -1
    outer loop
      vertex -47.391 -47.0615 38
      vertex -47.391 -40.9385 38
      vertex -46.9282 -40 38
    endloop
  endfacet
  facet normal 0 0 -1
    outer loop
      vertex -47.7274 -46.0706 38
      vertex -47.391 -40.9385 38
      vertex -47.391 -47.0615 38
    endloop
  endfacet
  facet normal 0 0 -1
    outer loop
      vertex -47.7274 -46.0706 38
      vertex -47.7274 -41.9294 38
      vertex -47.391 -40.9385 38
    endloop
  endfacet
  facet normal 0 0 -1
    outer loop
      vertex -47.9316 -45.0442 38
      vertex -47.7274 -41.9294 38
      vertex -47.7274 -46.0706 38
    endloop
  endfacet
  facet normal 0 0 -1
    outer loop
      vertex -47.9316 -45.0442 38
      vertex -47.9316 -42.9558 38
      vertex -47.7274 -41.9294 38
    endloop
  endfacet
  facet normal 0 -0 -1
    outer loop
      vertex -47.9316 -42.9558 38
      vertex -47.9316 -45.0442 38
      vertex -48 -44 38
    endloop
  endfacet
  facet normal -0.831462 -0.555582 0
    outer loop
      vertex -46.3468 -48.8701 38
      vertex -46.9282 -48 48
      vertex -46.9282 -48 38
    endloop
  endfacet
  facet normal -0.831462 -0.555582 0
    outer loop
      vertex -46.9282 -48 48
      vertex -46.3468 -48.8701 38
      vertex -46.3468 -48.8701 48
    endloop
  endfacet
  facet normal 0.997861 -0.0653646 0
    outer loop
      vertex -32.0684 -45.0442 48
      vertex -32 -44 38
      vertex -32 -44 48
    endloop
  endfacet
  facet normal 0.997861 -0.0653646 0
    outer loop
      vertex -32 -44 38
      vertex -32.0684 -45.0442 48
      vertex -32.0684 -45.0442 38
    endloop
  endfacet
  facet normal -0.442276 -0.896879 0
    outer loop
      vertex -44 -50.9282 38
      vertex -43.0615 -51.391 48
      vertex -44 -50.9282 48
    endloop
  endfacet
  facet normal -0.442276 -0.896879 -0
    outer loop
      vertex -43.0615 -51.391 48
      vertex -44 -50.9282 38
      vertex -43.0615 -51.391 38
    endloop
  endfacet
  facet normal 0.0653646 -0.997861 0
    outer loop
      vertex -40 -52 38
      vertex -38.9558 -51.9316 48
      vertex -40 -52 48
    endloop
  endfacet
  facet normal 0.0653646 -0.997861 0
    outer loop
      vertex -38.9558 -51.9316 48
      vertex -40 -52 38
      vertex -38.9558 -51.9316 38
    endloop
  endfacet
  facet normal -0.94692 0.321469 0
    outer loop
      vertex -47.7274 -41.9294 38
      vertex -47.391 -40.9385 48
      vertex -47.391 -40.9385 38
    endloop
  endfacet
  facet normal -0.94692 0.321469 0
    outer loop
      vertex -47.391 -40.9385 48
      vertex -47.7274 -41.9294 38
      vertex -47.7274 -41.9294 48
    endloop
  endfacet
  facet normal -0.896879 -0.442276 0
    outer loop
      vertex -46.9282 -48 38
      vertex -47.391 -47.0615 48
      vertex -47.391 -47.0615 38
    endloop
  endfacet
  facet normal -0.896879 -0.442276 0
    outer loop
      vertex -47.391 -47.0615 48
      vertex -46.9282 -48 38
      vertex -46.9282 -48 48
    endloop
  endfacet
  facet normal 0 0 1
    outer loop
      vertex -32.0684 -42.9558 48
      vertex -32.0684 -45.0442 48
      vertex -32 -44 48
    endloop
  endfacet
  facet normal 0 0 1
    outer loop
      vertex -32.2726 -41.9294 48
      vertex -32.0684 -45.0442 48
      vertex -32.0684 -42.9558 48
    endloop
  endfacet
  facet normal 0 0 1
    outer loop
      vertex -32.2726 -41.9294 48
      vertex -32.2726 -46.0706 48
      vertex -32.0684 -45.0442 48
    endloop
  endfacet
  facet normal 0 0 1
    outer loop
      vertex -32.609 -40.9385 48
      vertex -32.2726 -46.0706 48
      vertex -32.2726 -41.9294 48
    endloop
  endfacet
  facet normal 0 0 1
    outer loop
      vertex -32.609 -40.9385 48
      vertex -32.609 -47.0615 48
      vertex -32.2726 -46.0706 48
    endloop
  endfacet
  facet normal 0 0 1
    outer loop
      vertex -33.0718 -40 48
      vertex -32.609 -47.0615 48
      vertex -32.609 -40.9385 48
    endloop
  endfacet
  facet normal 0 0 1
    outer loop
      vertex -33.0718 -40 48
      vertex -33.0718 -48 48
      vertex -32.609 -47.0615 48
    endloop
  endfacet
  facet normal 0 0 1
    outer loop
      vertex -33.6532 -39.1299 48
      vertex -33.0718 -48 48
      vertex -33.0718 -40 48
    endloop
  endfacet
  facet normal 0 0 1
    outer loop
      vertex -33.6532 -39.1299 48
      vertex -33.6532 -48.8701 48
      vertex -33.0718 -48 48
    endloop
  endfacet
  facet normal 0 0 1
    outer loop
      vertex -34.7344 -38 48
      vertex -33.6532 -39.1299 48
      vertex -34.3431 -38.3431 48
    endloop
  endfacet
  facet normal 0 0 1
    outer loop
      vertex -33.6532 -39.1299 48
      vertex -34.7344 -38 48
      vertex -33.6532 -48.8701 48
    endloop
  endfacet
  facet normal 0 0 1
    outer loop
      vertex -33.6532 -48.8701 48
      vertex -34.7344 -38 48
      vertex -34.3431 -49.6569 48
    endloop
  endfacet
  facet normal 0 0 1
    outer loop
      vertex -34.7344 -38 48
      vertex -35.1299 -50.3468 48
      vertex -34.3431 -49.6569 48
    endloop
  endfacet
  facet normal 0 0 1
    outer loop
      vertex -34.7344 -38 48
      vertex -36 -50.9282 48
      vertex -35.1299 -50.3468 48
    endloop
  endfacet
  facet normal 0 0 1
    outer loop
      vertex -34.7344 -38 48
      vertex -36.9385 -51.391 48
      vertex -36 -50.9282 48
    endloop
  endfacet
  facet normal 0 0 1
    outer loop
      vertex -34.7344 -38 48
      vertex -37.9294 -51.7274 48
      vertex -36.9385 -51.391 48
    endloop
  endfacet
  facet normal 0 0 1
    outer loop
      vertex -34.7344 -38 48
      vertex -38.9558 -51.9316 48
      vertex -37.9294 -51.7274 48
    endloop
  endfacet
  facet normal 0 0 1
    outer loop
      vertex -34.7344 -38 48
      vertex -40 -52 48
      vertex -38.9558 -51.9316 48
    endloop
  endfacet
  facet normal 0 0 1
    outer loop
      vertex -34.7344 -38 48
      vertex -41.0442 -51.9316 48
      vertex -40 -52 48
    endloop
  endfacet
  facet normal 0 0 1
    outer loop
      vertex -34.7344 -38 48
      vertex -42.0706 -51.7274 48
      vertex -41.0442 -51.9316 48
    endloop
  endfacet
  facet normal 0 0 1
    outer loop
      vertex -34.7344 -38 48
      vertex -43.0615 -51.391 48
      vertex -42.0706 -51.7274 48
    endloop
  endfacet
  facet normal 0 0 1
    outer loop
      vertex -34.7344 -38 48
      vertex -44 -50.9282 48
      vertex -43.0615 -51.391 48
    endloop
  endfacet
  facet normal 0 0 1
    outer loop
      vertex -34.7344 -38 48
      vertex -44.8701 -50.3468 48
      vertex -44 -50.9282 48
    endloop
  endfacet
  facet normal -0 0 1
    outer loop
      vertex -45.2656 -38 48
      vertex -44.8701 -50.3468 48
      vertex -34.7344 -38 48
    endloop
  endfacet
  facet normal 0 0 1
    outer loop
      vertex -46.3468 -39.1299 48
      vertex -45.2656 -38 48
      vertex -45.6569 -38.3431 48
    endloop
  endfacet
  facet normal 0 0 1
    outer loop
      vertex -45.2656 -38 48
      vertex -45.6569 -49.6569 48
      vertex -44.8701 -50.3468 48
    endloop
  endfacet
  facet normal 0 0 1
    outer loop
      vertex -45.2656 -38 48
      vertex -46.3468 -39.1299 48
      vertex -45.6569 -49.6569 48
    endloop
  endfacet
  facet normal 0 0 1
    outer loop
      vertex -46.3468 -39.1299 48
      vertex -46.3468 -48.8701 48
      vertex -45.6569 -49.6569 48
    endloop
  endfacet
  facet normal -0 0 1
    outer loop
      vertex -46.9282 -40 48
      vertex -46.3468 -48.8701 48
      vertex -46.3468 -39.1299 48
    endloop
  endfacet
  facet normal 0 0 1
    outer loop
      vertex -46.9282 -40 48
      vertex -46.9282 -48 48
      vertex -46.3468 -48.8701 48
    endloop
  endfacet
  facet normal -0 0 1
    outer loop
      vertex -47.391 -40.9385 48
      vertex -46.9282 -48 48
      vertex -46.9282 -40 48
    endloop
  endfacet
  facet normal 0 0 1
    outer loop
      vertex -47.391 -40.9385 48
      vertex -47.391 -47.0615 48
      vertex -46.9282 -48 48
    endloop
  endfacet
  facet normal -0 0 1
    outer loop
      vertex -47.7274 -41.9294 48
      vertex -47.391 -47.0615 48
      vertex -47.391 -40.9385 48
    endloop
  endfacet
  facet normal 0 0 1
    outer loop
      vertex -47.7274 -41.9294 48
      vertex -47.7274 -46.0706 48
      vertex -47.391 -47.0615 48
    endloop
  endfacet
  facet normal -0 0 1
    outer loop
      vertex -47.9316 -42.9558 48
      vertex -47.7274 -46.0706 48
      vertex -47.7274 -41.9294 48
    endloop
  endfacet
  facet normal 0 0 1
    outer loop
      vertex -47.9316 -42.9558 48
      vertex -47.9316 -45.0442 48
      vertex -47.7274 -46.0706 48
    endloop
  endfacet
  facet normal 0 -0 1
    outer loop
      vertex -47.9316 -45.0442 48
      vertex -47.9316 -42.9558 48
      vertex -48 -44 48
    endloop
  endfacet
  facet normal 0.831462 -0.555582 0
    outer loop
      vertex -33.6532 -48.8701 48
      vertex -33.0718 -48 38
      vertex -33.0718 -48 48
    endloop
  endfacet
  facet normal 0.831462 -0.555582 0
    outer loop
      vertex -33.0718 -48 38
      vertex -33.6532 -48.8701 48
      vertex -33.6532 -48.8701 38
    endloop
  endfacet
  facet normal 0.555582 -0.831462 0
    outer loop
      vertex -36 -50.9282 38
      vertex -35.1299 -50.3468 48
      vertex -36 -50.9282 48
    endloop
  endfacet
  facet normal 0.555582 -0.831462 0
    outer loop
      vertex -35.1299 -50.3468 48
      vertex -36 -50.9282 38
      vertex -35.1299 -50.3468 38
    endloop
  endfacet
  facet normal -0.659289 -0.75189 0
    outer loop
      vertex -45.6569 -49.6569 38
      vertex -44.8701 -50.3468 48
      vertex -45.6569 -49.6569 48
    endloop
  endfacet
  facet normal -0.659289 -0.75189 -0
    outer loop
      vertex -44.8701 -50.3468 48
      vertex -45.6569 -49.6569 38
      vertex -44.8701 -50.3468 38
    endloop
  endfacet
  facet normal -0.997861 0.0653646 0
    outer loop
      vertex -48 -44 38
      vertex -47.9316 -42.9558 48
      vertex -47.9316 -42.9558 38
    endloop
  endfacet
  facet normal -0.997861 0.0653646 0
    outer loop
      vertex -47.9316 -42.9558 48
      vertex -48 -44 38
      vertex -48 -44 48
    endloop
  endfacet
  facet normal -0.896879 0.442276 0
    outer loop
      vertex -47.391 -40.9385 38
      vertex -46.9282 -40 48
      vertex -46.9282 -40 38
    endloop
  endfacet
  facet normal -0.896879 0.442276 0
    outer loop
      vertex -46.9282 -40 48
      vertex -47.391 -40.9385 38
      vertex -47.391 -40.9385 48
    endloop
  endfacet
  facet normal -0.555582 -0.831462 0
    outer loop
      vertex -44.8701 -50.3468 38
      vertex -44 -50.9282 48
      vertex -44.8701 -50.3468 48
    endloop
  endfacet
  facet normal -0.555582 -0.831462 -0
    outer loop
      vertex -44 -50.9282 48
      vertex -44.8701 -50.3468 38
      vertex -44 -50.9282 38
    endloop
  endfacet
  facet normal -0.65928 0.751898 0
    outer loop
      vertex -45.2656 -38 38
      vertex -45.6569 -38.3431 48
      vertex -45.2656 -38 48
    endloop
  endfacet
  facet normal -0.65928 0.751898 0
    outer loop
      vertex -45.6569 -38.3431 48
      vertex -45.2656 -38 38
      vertex -45.6569 -38.3431 38
    endloop
  endfacet
  facet normal -0.997861 -0.0653646 0
    outer loop
      vertex -47.9316 -45.0442 38
      vertex -48 -44 48
      vertex -48 -44 38
    endloop
  endfacet
  facet normal -0.997861 -0.0653646 0
    outer loop
      vertex -48 -44 48
      vertex -47.9316 -45.0442 38
      vertex -47.9316 -45.0442 48
    endloop
  endfacet
  facet normal -0.75189 -0.659289 0
    outer loop
      vertex -45.6569 -49.6569 38
      vertex -46.3468 -48.8701 48
      vertex -46.3468 -48.8701 38
    endloop
  endfacet
  facet normal -0.75189 -0.659289 0
    outer loop
      vertex -46.3468 -48.8701 48
      vertex -45.6569 -49.6569 38
      vertex -45.6569 -49.6569 48
    endloop
  endfacet
  facet normal -0.0653646 -0.997861 0
    outer loop
      vertex -41.0442 -51.9316 38
      vertex -40 -52 48
      vertex -41.0442 -51.9316 48
    endloop
  endfacet
  facet normal -0.0653646 -0.997861 -0
    outer loop
      vertex -40 -52 48
      vertex -41.0442 -51.9316 38
      vertex -40 -52 38
    endloop
  endfacet
  facet normal 0.75189 -0.659289 0
    outer loop
      vertex -34.3431 -49.6569 48
      vertex -33.6532 -48.8701 38
      vertex -33.6532 -48.8701 48
    endloop
  endfacet
  facet normal 0.75189 -0.659289 0
    outer loop
      vertex -33.6532 -48.8701 38
      vertex -34.3431 -49.6569 48
      vertex -34.3431 -49.6569 38
    endloop
  endfacet
  facet normal -0.195124 -0.980779 0
    outer loop
      vertex -42.0706 -51.7274 38
      vertex -41.0442 -51.9316 48
      vertex -42.0706 -51.7274 48
    endloop
  endfacet
  facet normal -0.195124 -0.980779 -0
    outer loop
      vertex -41.0442 -51.9316 48
      vertex -42.0706 -51.7274 38
      vertex -41.0442 -51.9316 38
    endloop
  endfacet
  facet normal -0.831462 0.555582 0
    outer loop
      vertex -46.9282 -40 38
      vertex -46.3468 -39.1299 48
      vertex -46.3468 -39.1299 38
    endloop
  endfacet
  facet normal -0.831462 0.555582 0
    outer loop
      vertex -46.3468 -39.1299 48
      vertex -46.9282 -40 38
      vertex -46.9282 -40 48
    endloop
  endfacet
  facet normal 0.980779 0.195124 0
    outer loop
      vertex -52.0684 -42.9558 48
      vertex -52.2726 -41.9294 38
      vertex -52.2726 -41.9294 48
    endloop
  endfacet
  facet normal 0.980779 0.195124 0
    outer loop
      vertex -52.2726 -41.9294 38
      vertex -52.0684 -42.9558 48
      vertex -52.0684 -42.9558 38
    endloop
  endfacet
  facet normal 0.997861 0.0653646 0
    outer loop
      vertex -52 -44 48
      vertex -52.0684 -42.9558 38
      vertex -52.0684 -42.9558 48
    endloop
  endfacet
  facet normal 0.997861 0.0653646 0
    outer loop
      vertex -52.0684 -42.9558 38
      vertex -52 -44 48
      vertex -52 -44 38
    endloop
  endfacet
  facet normal 0.94692 0.321469 0
    outer loop
      vertex -52.2726 -41.9294 48
      vertex -52.609 -40.9385 38
      vertex -52.609 -40.9385 48
    endloop
  endfacet
  facet normal 0.94692 0.321469 0
    outer loop
      vertex -52.609 -40.9385 38
      vertex -52.2726 -41.9294 48
      vertex -52.2726 -41.9294 38
    endloop
  endfacet
  facet normal 0.831462 0.555582 0
    outer loop
      vertex -53.0718 -40 48
      vertex -53.6532 -39.1299 38
      vertex -53.6532 -39.1299 48
    endloop
  endfacet
  facet normal 0.831462 0.555582 0
    outer loop
      vertex -53.6532 -39.1299 38
      vertex -53.0718 -40 48
      vertex -53.0718 -40 38
    endloop
  endfacet
  facet normal 0.980779 -0.195124 0
    outer loop
      vertex -52.2726 -46.0706 48
      vertex -52.0684 -45.0442 38
      vertex -52.0684 -45.0442 48
    endloop
  endfacet
  facet normal 0.980779 -0.195124 0
    outer loop
      vertex -52.0684 -45.0442 38
      vertex -52.2726 -46.0706 48
      vertex -52.2726 -46.0706 38
    endloop
  endfacet
  facet normal 0.195124 -0.980779 0
    outer loop
      vertex -58.9558 -51.9316 38
      vertex -57.9294 -51.7274 48
      vertex -58.9558 -51.9316 48
    endloop
  endfacet
  facet normal 0.195124 -0.980779 0
    outer loop
      vertex -57.9294 -51.7274 48
      vertex -58.9558 -51.9316 38
      vertex -57.9294 -51.7274 38
    endloop
  endfacet
  facet normal 0.442276 -0.896879 0
    outer loop
      vertex -56.9385 -51.391 38
      vertex -56 -50.9282 48
      vertex -56.9385 -51.391 48
    endloop
  endfacet
  facet normal 0.442276 -0.896879 0
    outer loop
      vertex -56 -50.9282 48
      vertex -56.9385 -51.391 38
      vertex -56 -50.9282 38
    endloop
  endfacet
  facet normal 0.94692 -0.321469 0
    outer loop
      vertex -52.609 -47.0615 48
      vertex -52.2726 -46.0706 38
      vertex -52.2726 -46.0706 48
    endloop
  endfacet
  facet normal 0.94692 -0.321469 0
    outer loop
      vertex -52.2726 -46.0706 38
      vertex -52.609 -47.0615 48
      vertex -52.609 -47.0615 38
    endloop
  endfacet
  facet normal 0.321469 -0.94692 0
    outer loop
      vertex -57.9294 -51.7274 38
      vertex -56.9385 -51.391 48
      vertex -57.9294 -51.7274 48
    endloop
  endfacet
  facet normal 0.321469 -0.94692 0
    outer loop
      vertex -56.9385 -51.391 48
      vertex -57.9294 -51.7274 38
      vertex -56.9385 -51.391 38
    endloop
  endfacet
  facet normal 0.896879 0.442276 0
    outer loop
      vertex -52.609 -40.9385 48
      vertex -53.0718 -40 38
      vertex -53.0718 -40 48
    endloop
  endfacet
  facet normal 0.896879 0.442276 0
    outer loop
      vertex -53.0718 -40 38
      vertex -52.609 -40.9385 48
      vertex -52.609 -40.9385 38
    endloop
  endfacet
  facet normal 0.65928 0.751898 -0
    outer loop
      vertex -54.3431 -38.3431 38
      vertex -54.7344 -38 48
      vertex -54.3431 -38.3431 48
    endloop
  endfacet
  facet normal 0.65928 0.751898 0
    outer loop
      vertex -54.7344 -38 48
      vertex -54.3431 -38.3431 38
      vertex -54.7344 -38 38
    endloop
  endfacet
  facet normal -0.94692 -0.321469 0
    outer loop
      vertex -67.391 -47.0615 38
      vertex -67.7274 -46.0706 48
      vertex -67.7274 -46.0706 38
    endloop
  endfacet
  facet normal -0.94692 -0.321469 0
    outer loop
      vertex -67.7274 -46.0706 48
      vertex -67.391 -47.0615 38
      vertex -67.391 -47.0615 48
    endloop
  endfacet
  facet normal -0.75189 -0.659289 0
    outer loop
      vertex -65.6569 -49.6569 38
      vertex -66.3468 -48.8701 48
      vertex -66.3468 -48.8701 38
    endloop
  endfacet
  facet normal -0.75189 -0.659289 0
    outer loop
      vertex -66.3468 -48.8701 48
      vertex -65.6569 -49.6569 38
      vertex -65.6569 -49.6569 48
    endloop
  endfacet
  facet normal -0.75189 0.659289 0
    outer loop
      vertex -66.3468 -39.1299 38
      vertex -65.6569 -38.3431 48
      vertex -65.6569 -38.3431 38
    endloop
  endfacet
  facet normal -0.75189 0.659289 0
    outer loop
      vertex -65.6569 -38.3431 48
      vertex -66.3468 -39.1299 38
      vertex -66.3468 -39.1299 48
    endloop
  endfacet
  facet normal -0.980779 0.195124 0
    outer loop
      vertex -67.9316 -42.9558 38
      vertex -67.7274 -41.9294 48
      vertex -67.7274 -41.9294 38
    endloop
  endfacet
  facet normal -0.980779 0.195124 0
    outer loop
      vertex -67.7274 -41.9294 48
      vertex -67.9316 -42.9558 38
      vertex -67.9316 -42.9558 48
    endloop
  endfacet
  facet normal -0.980779 -0.195124 0
    outer loop
      vertex -67.7274 -46.0706 38
      vertex -67.9316 -45.0442 48
      vertex -67.9316 -45.0442 38
    endloop
  endfacet
  facet normal -0.980779 -0.195124 0
    outer loop
      vertex -67.9316 -45.0442 48
      vertex -67.7274 -46.0706 38
      vertex -67.7274 -46.0706 48
    endloop
  endfacet
  facet normal 0.75189 0.659289 0
    outer loop
      vertex -53.6532 -39.1299 48
      vertex -54.3431 -38.3431 38
      vertex -54.3431 -38.3431 48
    endloop
  endfacet
  facet normal 0.75189 0.659289 0
    outer loop
      vertex -54.3431 -38.3431 38
      vertex -53.6532 -39.1299 48
      vertex -53.6532 -39.1299 38
    endloop
  endfacet
  facet normal -0.195124 -0.980779 0
    outer loop
      vertex -62.0706 -51.7274 38
      vertex -61.0442 -51.9316 48
      vertex -62.0706 -51.7274 48
    endloop
  endfacet
  facet normal -0.195124 -0.980779 -0
    outer loop
      vertex -61.0442 -51.9316 48
      vertex -62.0706 -51.7274 38
      vertex -61.0442 -51.9316 38
    endloop
  endfacet
  facet normal 0.896879 -0.442276 0
    outer loop
      vertex -53.0718 -48 48
      vertex -52.609 -47.0615 38
      vertex -52.609 -47.0615 48
    endloop
  endfacet
  facet normal 0.896879 -0.442276 0
    outer loop
      vertex -52.609 -47.0615 38
      vertex -53.0718 -48 48
      vertex -53.0718 -48 38
    endloop
  endfacet
  facet normal -0.321469 -0.94692 0
    outer loop
      vertex -63.0615 -51.391 38
      vertex -62.0706 -51.7274 48
      vertex -63.0615 -51.391 48
    endloop
  endfacet
  facet normal -0.321469 -0.94692 -0
    outer loop
      vertex -62.0706 -51.7274 48
      vertex -63.0615 -51.391 38
      vertex -62.0706 -51.7274 38
    endloop
  endfacet
  facet normal 0.659289 -0.75189 0
    outer loop
      vertex -55.1299 -50.3468 38
      vertex -54.3431 -49.6569 48
      vertex -55.1299 -50.3468 48
    endloop
  endfacet
  facet normal 0.659289 -0.75189 0
    outer loop
      vertex -54.3431 -49.6569 48
      vertex -55.1299 -50.3468 38
      vertex -54.3431 -49.6569 38
    endloop
  endfacet
  facet normal 0 0 -1
    outer loop
      vertex -52.0684 -45.0442 38
      vertex -52.0684 -42.9558 38
      vertex -52 -44 38
    endloop
  endfacet
  facet normal 0 0 -1
    outer loop
      vertex -52.2726 -46.0706 38
      vertex -52.0684 -42.9558 38
      vertex -52.0684 -45.0442 38
    endloop
  endfacet
  facet normal 0 0 -1
    outer loop
      vertex -52.2726 -46.0706 38
      vertex -52.2726 -41.9294 38
      vertex -52.0684 -42.9558 38
    endloop
  endfacet
  facet normal 0 0 -1
    outer loop
      vertex -52.609 -47.0615 38
      vertex -52.2726 -41.9294 38
      vertex -52.2726 -46.0706 38
    endloop
  endfacet
  facet normal 0 0 -1
    outer loop
      vertex -52.609 -47.0615 38
      vertex -52.609 -40.9385 38
      vertex -52.2726 -41.9294 38
    endloop
  endfacet
  facet normal 0 0 -1
    outer loop
      vertex -53.0718 -48 38
      vertex -52.609 -40.9385 38
      vertex -52.609 -47.0615 38
    endloop
  endfacet
  facet normal 0 0 -1
    outer loop
      vertex -53.0718 -48 38
      vertex -53.0718 -40 38
      vertex -52.609 -40.9385 38
    endloop
  endfacet
  facet normal 0 0 -1
    outer loop
      vertex -53.6532 -48.8701 38
      vertex -53.0718 -40 38
      vertex -53.0718 -48 38
    endloop
  endfacet
  facet normal 0 0 -1
    outer loop
      vertex -53.6532 -48.8701 38
      vertex -53.6532 -39.1299 38
      vertex -53.0718 -40 38
    endloop
  endfacet
  facet normal 0 0 -1
    outer loop
      vertex -54.3431 -49.6569 38
      vertex -53.6532 -39.1299 38
      vertex -53.6532 -48.8701 38
    endloop
  endfacet
  facet normal 0 0 -1
    outer loop
      vertex -54.7344 -38 38
      vertex -53.6532 -39.1299 38
      vertex -54.3431 -49.6569 38
    endloop
  endfacet
  facet normal 0 0 -1
    outer loop
      vertex -53.6532 -39.1299 38
      vertex -54.7344 -38 38
      vertex -54.3431 -38.3431 38
    endloop
  endfacet
  facet normal 0 0 -1
    outer loop
      vertex -55.1299 -50.3468 38
      vertex -54.7344 -38 38
      vertex -54.3431 -49.6569 38
    endloop
  endfacet
  facet normal 0 0 -1
    outer loop
      vertex -56 -50.9282 38
      vertex -54.7344 -38 38
      vertex -55.1299 -50.3468 38
    endloop
  endfacet
  facet normal 0 0 -1
    outer loop
      vertex -56.9385 -51.391 38
      vertex -54.7344 -38 38
      vertex -56 -50.9282 38
    endloop
  endfacet
  facet normal 0 0 -1
    outer loop
      vertex -57.9294 -51.7274 38
      vertex -54.7344 -38 38
      vertex -56.9385 -51.391 38
    endloop
  endfacet
  facet normal 0 0 -1
    outer loop
      vertex -58.9558 -51.9316 38
      vertex -54.7344 -38 38
      vertex -57.9294 -51.7274 38
    endloop
  endfacet
  facet normal 0 0 -1
    outer loop
      vertex -60 -52 38
      vertex -54.7344 -38 38
      vertex -58.9558 -51.9316 38
    endloop
  endfacet
  facet normal 0 0 -1
    outer loop
      vertex -61.0442 -51.9316 38
      vertex -54.7344 -38 38
      vertex -60 -52 38
    endloop
  endfacet
  facet normal 0 0 -1
    outer loop
      vertex -62.0706 -51.7274 38
      vertex -54.7344 -38 38
      vertex -61.0442 -51.9316 38
    endloop
  endfacet
  facet normal 0 0 -1
    outer loop
      vertex -63.0615 -51.391 38
      vertex -54.7344 -38 38
      vertex -62.0706 -51.7274 38
    endloop
  endfacet
  facet normal 0 0 -1
    outer loop
      vertex -64 -50.9282 38
      vertex -54.7344 -38 38
      vertex -63.0615 -51.391 38
    endloop
  endfacet
  facet normal 0 0 -1
    outer loop
      vertex -64.8701 -50.3468 38
      vertex -54.7344 -38 38
      vertex -64 -50.9282 38
    endloop
  endfacet
  facet normal 0 0 -1
    outer loop
      vertex -64.8701 -50.3468 38
      vertex -65.2656 -38 38
      vertex -54.7344 -38 38
    endloop
  endfacet
  facet normal 0 0 -1
    outer loop
      vertex -65.6569 -49.6569 38
      vertex -65.2656 -38 38
      vertex -64.8701 -50.3468 38
    endloop
  endfacet
  facet normal 0 0 -1
    outer loop
      vertex -66.3468 -48.8701 38
      vertex -65.2656 -38 38
      vertex -65.6569 -49.6569 38
    endloop
  endfacet
  facet normal 0 0 -1
    outer loop
      vertex -66.3468 -39.1299 38
      vertex -65.2656 -38 38
      vertex -66.3468 -48.8701 38
    endloop
  endfacet
  facet normal 0 0 -1
    outer loop
      vertex -65.2656 -38 38
      vertex -66.3468 -39.1299 38
      vertex -65.6569 -38.3431 38
    endloop
  endfacet
  facet normal 0 0 -1
    outer loop
      vertex -66.9282 -48 38
      vertex -66.3468 -39.1299 38
      vertex -66.3468 -48.8701 38
    endloop
  endfacet
  facet normal 0 0 -1
    outer loop
      vertex -66.9282 -48 38
      vertex -66.9282 -40 38
      vertex -66.3468 -39.1299 38
    endloop
  endfacet
  facet normal 0 0 -1
    outer loop
      vertex -67.391 -47.0615 38
      vertex -66.9282 -40 38
      vertex -66.9282 -48 38
    endloop
  endfacet
  facet normal 0 0 -1
    outer loop
      vertex -67.391 -47.0615 38
      vertex -67.391 -40.9385 38
      vertex -66.9282 -40 38
    endloop
  endfacet
  facet normal 0 0 -1
    outer loop
      vertex -67.7274 -46.0706 38
      vertex -67.391 -40.9385 38
      vertex -67.391 -47.0615 38
    endloop
  endfacet
  facet normal 0 0 -1
    outer loop
      vertex -67.7274 -46.0706 38
      vertex -67.7274 -41.9294 38
      vertex -67.391 -40.9385 38
    endloop
  endfacet
  facet normal 0 0 -1
    outer loop
      vertex -67.9316 -45.0442 38
      vertex -67.7274 -41.9294 38
      vertex -67.7274 -46.0706 38
    endloop
  endfacet
  facet normal 0 0 -1
    outer loop
      vertex -67.9316 -45.0442 38
      vertex -67.9316 -42.9558 38
      vertex -67.7274 -41.9294 38
    endloop
  endfacet
  facet normal 0 -0 -1
    outer loop
      vertex -67.9316 -42.9558 38
      vertex -67.9316 -45.0442 38
      vertex -68 -44 38
    endloop
  endfacet
  facet normal -0.831462 -0.555582 0
    outer loop
      vertex -66.3468 -48.8701 38
      vertex -66.9282 -48 48
      vertex -66.9282 -48 38
    endloop
  endfacet
  facet normal -0.831462 -0.555582 0
    outer loop
      vertex -66.9282 -48 48
      vertex -66.3468 -48.8701 38
      vertex -66.3468 -48.8701 48
    endloop
  endfacet
  facet normal 0.997861 -0.0653646 0
    outer loop
      vertex -52.0684 -45.0442 48
      vertex -52 -44 38
      vertex -52 -44 48
    endloop
  endfacet
  facet normal 0.997861 -0.0653646 0
    outer loop
      vertex -52 -44 38
      vertex -52.0684 -45.0442 48
      vertex -52.0684 -45.0442 38
    endloop
  endfacet
  facet normal -0.442276 -0.896879 0
    outer loop
      vertex -64 -50.9282 38
      vertex -63.0615 -51.391 48
      vertex -64 -50.9282 48
    endloop
  endfacet
  facet normal -0.442276 -0.896879 -0
    outer loop
      vertex -63.0615 -51.391 48
      vertex -64 -50.9282 38
      vertex -63.0615 -51.391 38
    endloop
  endfacet
  facet normal 0.0653646 -0.997861 0
    outer loop
      vertex -60 -52 38
      vertex -58.9558 -51.9316 48
      vertex -60 -52 48
    endloop
  endfacet
  facet normal 0.0653646 -0.997861 0
    outer loop
      vertex -58.9558 -51.9316 48
      vertex -60 -52 38
      vertex -58.9558 -51.9316 38
    endloop
  endfacet
  facet normal -0.94692 0.321469 0
    outer loop
      vertex -67.7274 -41.9294 38
      vertex -67.391 -40.9385 48
      vertex -67.391 -40.9385 38
    endloop
  endfacet
  facet normal -0.94692 0.321469 0
    outer loop
      vertex -67.391 -40.9385 48
      vertex -67.7274 -41.9294 38
      vertex -67.7274 -41.9294 48
    endloop
  endfacet
  facet normal -0.896879 -0.442276 0
    outer loop
      vertex -66.9282 -48 38
      vertex -67.391 -47.0615 48
      vertex -67.391 -47.0615 38
    endloop
  endfacet
  facet normal -0.896879 -0.442276 0
    outer loop
      vertex -67.391 -47.0615 48
      vertex -66.9282 -48 38
      vertex -66.9282 -48 48
    endloop
  endfacet
  facet normal 0 0 1
    outer loop
      vertex -52.0684 -42.9558 48
      vertex -52.0684 -45.0442 48
      vertex -52 -44 48
    endloop
  endfacet
  facet normal 0 0 1
    outer loop
      vertex -52.2726 -41.9294 48
      vertex -52.0684 -45.0442 48
      vertex -52.0684 -42.9558 48
    endloop
  endfacet
  facet normal 0 0 1
    outer loop
      vertex -52.2726 -41.9294 48
      vertex -52.2726 -46.0706 48
      vertex -52.0684 -45.0442 48
    endloop
  endfacet
  facet normal 0 0 1
    outer loop
      vertex -52.609 -40.9385 48
      vertex -52.2726 -46.0706 48
      vertex -52.2726 -41.9294 48
    endloop
  endfacet
  facet normal 0 0 1
    outer loop
      vertex -52.609 -40.9385 48
      vertex -52.609 -47.0615 48
      vertex -52.2726 -46.0706 48
    endloop
  endfacet
  facet normal 0 0 1
    outer loop
      vertex -53.0718 -40 48
      vertex -52.609 -47.0615 48
      vertex -52.609 -40.9385 48
    endloop
  endfacet
  facet normal 0 0 1
    outer loop
      vertex -53.0718 -40 48
      vertex -53.0718 -48 48
      vertex -52.609 -47.0615 48
    endloop
  endfacet
  facet normal 0 0 1
    outer loop
      vertex -53.6532 -39.1299 48
      vertex -53.0718 -48 48
      vertex -53.0718 -40 48
    endloop
  endfacet
  facet normal 0 0 1
    outer loop
      vertex -53.6532 -39.1299 48
      vertex -53.6532 -48.8701 48
      vertex -53.0718 -48 48
    endloop
  endfacet
  facet normal 0 0 1
    outer loop
      vertex -54.7344 -38 48
      vertex -53.6532 -39.1299 48
      vertex -54.3431 -38.3431 48
    endloop
  endfacet
  facet normal 0 0 1
    outer loop
      vertex -53.6532 -39.1299 48
      vertex -54.7344 -38 48
      vertex -53.6532 -48.8701 48
    endloop
  endfacet
  facet normal 0 0 1
    outer loop
      vertex -53.6532 -48.8701 48
      vertex -54.7344 -38 48
      vertex -54.3431 -49.6569 48
    endloop
  endfacet
  facet normal 0 0 1
    outer loop
      vertex -54.7344 -38 48
      vertex -55.1299 -50.3468 48
      vertex -54.3431 -49.6569 48
    endloop
  endfacet
  facet normal 0 0 1
    outer loop
      vertex -54.7344 -38 48
      vertex -56 -50.9282 48
      vertex -55.1299 -50.3468 48
    endloop
  endfacet
  facet normal 0 0 1
    outer loop
      vertex -54.7344 -38 48
      vertex -56.9385 -51.391 48
      vertex -56 -50.9282 48
    endloop
  endfacet
  facet normal 0 0 1
    outer loop
      vertex -54.7344 -38 48
      vertex -57.9294 -51.7274 48
      vertex -56.9385 -51.391 48
    endloop
  endfacet
  facet normal 0 0 1
    outer loop
      vertex -54.7344 -38 48
      vertex -58.9558 -51.9316 48
      vertex -57.9294 -51.7274 48
    endloop
  endfacet
  facet normal 0 0 1
    outer loop
      vertex -54.7344 -38 48
      vertex -60 -52 48
      vertex -58.9558 -51.9316 48
    endloop
  endfacet
  facet normal 0 0 1
    outer loop
      vertex -54.7344 -38 48
      vertex -61.0442 -51.9316 48
      vertex -60 -52 48
    endloop
  endfacet
  facet normal 0 0 1
    outer loop
      vertex -54.7344 -38 48
      vertex -62.0706 -51.7274 48
      vertex -61.0442 -51.9316 48
    endloop
  endfacet
  facet normal 0 0 1
    outer loop
      vertex -54.7344 -38 48
      vertex -63.0615 -51.391 48
      vertex -62.0706 -51.7274 48
    endloop
  endfacet
  facet normal 0 0 1
    outer loop
      vertex -54.7344 -38 48
      vertex -64 -50.9282 48
      vertex -63.0615 -51.391 48
    endloop
  endfacet
  facet normal 0 0 1
    outer loop
      vertex -54.7344 -38 48
      vertex -64.8701 -50.3468 48
      vertex -64 -50.9282 48
    endloop
  endfacet
  facet normal -0 0 1
    outer loop
      vertex -65.2656 -38 48
      vertex -64.8701 -50.3468 48
      vertex -54.7344 -38 48
    endloop
  endfacet
  facet normal 0 0 1
    outer loop
      vertex -66.3468 -39.1299 48
      vertex -65.2656 -38 48
      vertex -65.6569 -38.3431 48
    endloop
  endfacet
  facet normal 0 0 1
    outer loop
      vertex -65.2656 -38 48
      vertex -65.6569 -49.6569 48
      vertex -64.8701 -50.3468 48
    endloop
  endfacet
  facet normal 0 0 1
    outer loop
      vertex -65.2656 -38 48
      vertex -66.3468 -39.1299 48
      vertex -65.6569 -49.6569 48
    endloop
  endfacet
  facet normal 0 0 1
    outer loop
      vertex -66.3468 -39.1299 48
      vertex -66.3468 -48.8701 48
      vertex -65.6569 -49.6569 48
    endloop
  endfacet
  facet normal -0 0 1
    outer loop
      vertex -66.9282 -40 48
      vertex -66.3468 -48.8701 48
      vertex -66.3468 -39.1299 48
    endloop
  endfacet
  facet normal 0 0 1
    outer loop
      vertex -66.9282 -40 48
      vertex -66.9282 -48 48
      vertex -66.3468 -48.8701 48
    endloop
  endfacet
  facet normal -0 0 1
    outer loop
      vertex -67.391 -40.9385 48
      vertex -66.9282 -48 48
      vertex -66.9282 -40 48
    endloop
  endfacet
  facet normal 0 0 1
    outer loop
      vertex -67.391 -40.9385 48
      vertex -67.391 -47.0615 48
      vertex -66.9282 -48 48
    endloop
  endfacet
  facet normal -0 0 1
    outer loop
      vertex -67.7274 -41.9294 48
      vertex -67.391 -47.0615 48
      vertex -67.391 -40.9385 48
    endloop
  endfacet
  facet normal 0 0 1
    outer loop
      vertex -67.7274 -41.9294 48
      vertex -67.7274 -46.0706 48
      vertex -67.391 -47.0615 48
    endloop
  endfacet
  facet normal -0 0 1
    outer loop
      vertex -67.9316 -42.9558 48
      vertex -67.7274 -46.0706 48
      vertex -67.7274 -41.9294 48
    endloop
  endfacet
  facet normal 0 0 1
    outer loop
      vertex -67.9316 -42.9558 48
      vertex -67.9316 -45.0442 48
      vertex -67.7274 -46.0706 48
    endloop
  endfacet
  facet normal 0 -0 1
    outer loop
      vertex -67.9316 -45.0442 48
      vertex -67.9316 -42.9558 48
      vertex -68 -44 48
    endloop
  endfacet
  facet normal 0.831462 -0.555582 0
    outer loop
      vertex -53.6532 -48.8701 48
      vertex -53.0718 -48 38
      vertex -53.0718 -48 48
    endloop
  endfacet
  facet normal 0.831462 -0.555582 0
    outer loop
      vertex -53.0718 -48 38
      vertex -53.6532 -48.8701 48
      vertex -53.6532 -48.8701 38
    endloop
  endfacet
  facet normal -0.659289 -0.75189 0
    outer loop
      vertex -65.6569 -49.6569 38
      vertex -64.8701 -50.3468 48
      vertex -65.6569 -49.6569 48
    endloop
  endfacet
  facet normal -0.659289 -0.75189 -0
    outer loop
      vertex -64.8701 -50.3468 48
      vertex -65.6569 -49.6569 38
      vertex -64.8701 -50.3468 38
    endloop
  endfacet
  facet normal -0.997861 0.0653646 0
    outer loop
      vertex -68 -44 38
      vertex -67.9316 -42.9558 48
      vertex -67.9316 -42.9558 38
    endloop
  endfacet
  facet normal -0.997861 0.0653646 0
    outer loop
      vertex -67.9316 -42.9558 48
      vertex -68 -44 38
      vertex -68 -44 48
    endloop
  endfacet
  facet normal -0.896879 0.442276 0
    outer loop
      vertex -67.391 -40.9385 38
      vertex -66.9282 -40 48
      vertex -66.9282 -40 38
    endloop
  endfacet
  facet normal -0.896879 0.442276 0
    outer loop
      vertex -66.9282 -40 48
      vertex -67.391 -40.9385 38
      vertex -67.391 -40.9385 48
    endloop
  endfacet
  facet normal -0.555582 -0.831462 0
    outer loop
      vertex -64.8701 -50.3468 38
      vertex -64 -50.9282 48
      vertex -64.8701 -50.3468 48
    endloop
  endfacet
  facet normal -0.555582 -0.831462 -0
    outer loop
      vertex -64 -50.9282 48
      vertex -64.8701 -50.3468 38
      vertex -64 -50.9282 38
    endloop
  endfacet
  facet normal -0.65928 0.751898 0
    outer loop
      vertex -65.2656 -38 38
      vertex -65.6569 -38.3431 48
      vertex -65.2656 -38 48
    endloop
  endfacet
  facet normal -0.65928 0.751898 0
    outer loop
      vertex -65.6569 -38.3431 48
      vertex -65.2656 -38 38
      vertex -65.6569 -38.3431 38
    endloop
  endfacet
  facet normal -0.997861 -0.0653646 0
    outer loop
      vertex -67.9316 -45.0442 38
      vertex -68 -44 48
      vertex -68 -44 38
    endloop
  endfacet
  facet normal -0.997861 -0.0653646 0
    outer loop
      vertex -68 -44 48
      vertex -67.9316 -45.0442 38
      vertex -67.9316 -45.0442 48
    endloop
  endfacet
  facet normal 0.555582 -0.831462 0
    outer loop
      vertex -56 -50.9282 38
      vertex -55.1299 -50.3468 48
      vertex -56 -50.9282 48
    endloop
  endfacet
  facet normal 0.555582 -0.831462 0
    outer loop
      vertex -55.1299 -50.3468 48
      vertex -56 -50.9282 38
      vertex -55.1299 -50.3468 38
    endloop
  endfacet
  facet normal -0.0653646 -0.997861 0
    outer loop
      vertex -61.0442 -51.9316 38
      vertex -60 -52 48
      vertex -61.0442 -51.9316 48
    endloop
  endfacet
  facet normal -0.0653646 -0.997861 -0
    outer loop
      vertex -60 -52 48
      vertex -61.0442 -51.9316 38
      vertex -60 -52 38
    endloop
  endfacet
  facet normal 0.75189 -0.659289 0
    outer loop
      vertex -54.3431 -49.6569 48
      vertex -53.6532 -48.8701 38
      vertex -53.6532 -48.8701 48
    endloop
  endfacet
  facet normal 0.75189 -0.659289 0
    outer loop
      vertex -53.6532 -48.8701 38
      vertex -54.3431 -49.6569 48
      vertex -54.3431 -49.6569 38
    endloop
  endfacet
  facet normal -0.831462 0.555582 0
    outer loop
      vertex -66.9282 -40 38
      vertex -66.3468 -39.1299 48
      vertex -66.3468 -39.1299 38
    endloop
  endfacet
  facet normal -0.831462 0.555582 0
    outer loop
      vertex -66.3468 -39.1299 48
      vertex -66.9282 -40 38
      vertex -66.9282 -40 48
    endloop
  endfacet
endsolid OpenSCAD_Model
