solid OpenSCAD_Model
  facet normal 1 -0 0
    outer loop
      vertex -12 -16 125
      vertex -12 -14 96
      vertex -12 -14 125
    endloop
  endfacet
  facet normal 1 0 0
    outer loop
      vertex -12 -16 55
      vertex -12 -14 96
      vertex -12 -16 125
    endloop
  endfacet
  facet normal 1 0 0
    outer loop
      vertex -12 -14 96
      vertex -12 -16 55
      vertex -12 -14.7455 55
    endloop
  endfacet
  facet normal -0 0 1
    outer loop
      vertex -15 -14 125
      vertex -12 -16 125
      vertex -12 -14 125
    endloop
  endfacet
  facet normal 0 0 1
    outer loop
      vertex -12 -16 125
      vertex -15 -14 125
      vertex -15 -16 125
    endloop
  endfacet
  facet normal 0 0 -1
    outer loop
      vertex -15 -16 55
      vertex -12 -14.7455 55
      vertex -12 -16 55
    endloop
  endfacet
  facet normal -0 0 -1
    outer loop
      vertex -12 -14.7455 55
      vertex -15 -16 55
      vertex -15 -14.7455 55
    endloop
  endfacet
  facet normal -1 0 0
    outer loop
      vertex -15 -16 55
      vertex -15 -14 96
      vertex -15 -14.7455 55
    endloop
  endfacet
  facet normal -1 -0 0
    outer loop
      vertex -15 -14 96
      vertex -15 -16 55
      vertex -15 -16 125
    endloop
  endfacet
  facet normal -1 0 0
    outer loop
      vertex -15 -14 96
      vertex -15 -16 125
      vertex -15 -14 125
    endloop
  endfacet
  facet normal 0 1 -0
    outer loop
      vertex -12 -14 96
      vertex -15 -14 125
      vertex -12 -14 125
    endloop
  endfacet
  facet normal 0 1 0
    outer loop
      vertex -15 -14 125
      vertex -12 -14 96
      vertex -15 -14 96
    endloop
  endfacet
  facet normal 0 -1 0
    outer loop
      vertex -15 -16 55
      vertex -12 -16 125
      vertex -15 -16 125
    endloop
  endfacet
  facet normal 0 -1 -0
    outer loop
      vertex -12 -16 125
      vertex -15 -16 55
      vertex -12 -16 55
    endloop
  endfacet
  facet normal 1 -0 0
    outer loop
      vertex 2 -16 125
      vertex 2 -14 96
      vertex 2 -14 125
    endloop
  endfacet
  facet normal 1 0 0
    outer loop
      vertex 2 -16 55
      vertex 2 -14 96
      vertex 2 -16 125
    endloop
  endfacet
  facet normal 1 0 0
    outer loop
      vertex 2 -14 96
      vertex 2 -16 55
      vertex 2 -14.7455 55
    endloop
  endfacet
  facet normal -0 0 1
    outer loop
      vertex -1 -14 125
      vertex 2 -16 125
      vertex 2 -14 125
    endloop
  endfacet
  facet normal 0 0 1
    outer loop
      vertex 2 -16 125
      vertex -1 -14 125
      vertex -1 -16 125
    endloop
  endfacet
  facet normal 0 0 -1
    outer loop
      vertex -1 -16 55
      vertex 2 -14.7455 55
      vertex 2 -16 55
    endloop
  endfacet
  facet normal -0 0 -1
    outer loop
      vertex 2 -14.7455 55
      vertex -1 -16 55
      vertex -1 -14.7455 55
    endloop
  endfacet
  facet normal -1 0 0
    outer loop
      vertex -1 -16 55
      vertex -1 -14 96
      vertex -1 -14.7455 55
    endloop
  endfacet
  facet normal -1 -0 0
    outer loop
      vertex -1 -14 96
      vertex -1 -16 55
      vertex -1 -16 125
    endloop
  endfacet
  facet normal -1 0 0
    outer loop
      vertex -1 -14 96
      vertex -1 -16 125
      vertex -1 -14 125
    endloop
  endfacet
  facet normal 0 1 -0
    outer loop
      vertex 2 -14 96
      vertex -1 -14 125
      vertex 2 -14 125
    endloop
  endfacet
  facet normal 0 1 0
    outer loop
      vertex -1 -14 125
      vertex 2 -14 96
      vertex -1 -14 96
    endloop
  endfacet
  facet normal 0 -1 0
    outer loop
      vertex -1 -16 55
      vertex 2 -16 125
      vertex -1 -16 125
    endloop
  endfacet
  facet normal 0 -1 -0
    outer loop
      vertex 2 -16 125
      vertex -1 -16 55
      vertex 2 -16 55
    endloop
  endfacet
  facet normal 1 -0 0
    outer loop
      vertex 16 -16 125
      vertex 16 -14 96
      vertex 16 -14 125
    endloop
  endfacet
  facet normal 1 0 0
    outer loop
      vertex 16 -16 55
      vertex 16 -14 96
      vertex 16 -16 125
    endloop
  endfacet
  facet normal 1 0 0
    outer loop
      vertex 16 -14 96
      vertex 16 -16 55
      vertex 16 -14.7455 55
    endloop
  endfacet
  facet normal -0 0 1
    outer loop
      vertex 13 -14 125
      vertex 16 -16 125
      vertex 16 -14 125
    endloop
  endfacet
  facet normal 0 0 1
    outer loop
      vertex 16 -16 125
      vertex 13 -14 125
      vertex 13 -16 125
    endloop
  endfacet
  facet normal 0 0 -1
    outer loop
      vertex 13 -16 55
      vertex 16 -14.7455 55
      vertex 16 -16 55
    endloop
  endfacet
  facet normal -0 0 -1
    outer loop
      vertex 16 -14.7455 55
      vertex 13 -16 55
      vertex 13 -14.7455 55
    endloop
  endfacet
  facet normal -1 0 0
    outer loop
      vertex 13 -16 55
      vertex 13 -14 96
      vertex 13 -14.7455 55
    endloop
  endfacet
  facet normal -1 -0 0
    outer loop
      vertex 13 -14 96
      vertex 13 -16 55
      vertex 13 -16 125
    endloop
  endfacet
  facet normal -1 0 0
    outer loop
      vertex 13 -14 96
      vertex 13 -16 125
      vertex 13 -14 125
    endloop
  endfacet
  facet normal 0 1 -0
    outer loop
      vertex 16 -14 96
      vertex 13 -14 125
      vertex 16 -14 125
    endloop
  endfacet
  facet normal 0 1 0
    outer loop
      vertex 13 -14 125
      vertex 16 -14 96
      vertex 13 -14 96
    endloop
  endfacet
  facet normal 0 -1 0
    outer loop
      vertex 13 -16 55
      vertex 16 -16 125
      vertex 13 -16 125
    endloop
  endfacet
  facet normal 0 -1 -0
    outer loop
      vertex 16 -16 125
      vertex 13 -16 55
      vertex 16 -16 55
    endloop
  endfacet
  facet normal 1 -0 0
    outer loop
      vertex 30 -16 125
      vertex 30 -14 96
      vertex 30 -14 125
    endloop
  endfacet
  facet normal 1 0 0
    outer loop
      vertex 30 -16 55
      vertex 30 -14 96
      vertex 30 -16 125
    endloop
  endfacet
  facet normal 1 0 0
    outer loop
      vertex 30 -14 96
      vertex 30 -16 55
      vertex 30 -14.7455 55
    endloop
  endfacet
  facet normal -0 0 1
    outer loop
      vertex 27 -14 125
      vertex 30 -16 125
      vertex 30 -14 125
    endloop
  endfacet
  facet normal 0 0 1
    outer loop
      vertex 30 -16 125
      vertex 27 -14 125
      vertex 27 -16 125
    endloop
  endfacet
  facet normal 0 0 -1
    outer loop
      vertex 27 -16 55
      vertex 30 -14.7455 55
      vertex 30 -16 55
    endloop
  endfacet
  facet normal -0 0 -1
    outer loop
      vertex 30 -14.7455 55
      vertex 27 -16 55
      vertex 27 -14.7455 55
    endloop
  endfacet
  facet normal -1 0 0
    outer loop
      vertex 27 -16 55
      vertex 27 -14 96
      vertex 27 -14.7455 55
    endloop
  endfacet
  facet normal -1 -0 0
    outer loop
      vertex 27 -14 96
      vertex 27 -16 55
      vertex 27 -16 125
    endloop
  endfacet
  facet normal -1 0 0
    outer loop
      vertex 27 -14 96
      vertex 27 -16 125
      vertex 27 -14 125
    endloop
  endfacet
  facet normal 0 1 -0
    outer loop
      vertex 30 -14 96
      vertex 27 -14 125
      vertex 30 -14 125
    endloop
  endfacet
  facet normal 0 1 0
    outer loop
      vertex 27 -14 125
      vertex 30 -14 96
      vertex 27 -14 96
    endloop
  endfacet
  facet normal 0 -1 0
    outer loop
      vertex 27 -16 55
      vertex 30 -16 125
      vertex 27 -16 125
    endloop
  endfacet
  facet normal 0 -1 -0
    outer loop
      vertex 30 -16 125
      vertex 27 -16 55
      vertex 30 -16 55
    endloop
  endfacet
  facet normal 1 -0 0
    outer loop
      vertex 44 -16 125
      vertex 44 -14 96
      vertex 44 -14 125
    endloop
  endfacet
  facet normal 1 0 0
    outer loop
      vertex 44 -16 55
      vertex 44 -14 96
      vertex 44 -16 125
    endloop
  endfacet
  facet normal 1 0 0
    outer loop
      vertex 44 -14 96
      vertex 44 -16 55
      vertex 44 -14.7455 55
    endloop
  endfacet
  facet normal -0 0 1
    outer loop
      vertex 41 -14 125
      vertex 44 -16 125
      vertex 44 -14 125
    endloop
  endfacet
  facet normal 0 0 1
    outer loop
      vertex 44 -16 125
      vertex 41 -14 125
      vertex 41 -16 125
    endloop
  endfacet
  facet normal 0 0 -1
    outer loop
      vertex 41 -16 55
      vertex 44 -14.7455 55
      vertex 44 -16 55
    endloop
  endfacet
  facet normal -0 0 -1
    outer loop
      vertex 44 -14.7455 55
      vertex 41 -16 55
      vertex 41 -14.7455 55
    endloop
  endfacet
  facet normal -1 0 0
    outer loop
      vertex 41 -16 55
      vertex 41 -14 96
      vertex 41 -14.7455 55
    endloop
  endfacet
  facet normal -1 -0 0
    outer loop
      vertex 41 -14 96
      vertex 41 -16 55
      vertex 41 -16 125
    endloop
  endfacet
  facet normal -1 0 0
    outer loop
      vertex 41 -14 96
      vertex 41 -16 125
      vertex 41 -14 125
    endloop
  endfacet
  facet normal 0 1 -0
    outer loop
      vertex 44 -14 96
      vertex 41 -14 125
      vertex 44 -14 125
    endloop
  endfacet
  facet normal 0 1 0
    outer loop
      vertex 41 -14 125
      vertex 44 -14 96
      vertex 41 -14 96
    endloop
  endfacet
  facet normal 0 -1 0
    outer loop
      vertex 41 -16 55
      vertex 44 -16 125
      vertex 41 -16 125
    endloop
  endfacet
  facet normal 0 -1 -0
    outer loop
      vertex 44 -16 125
      vertex 41 -16 55
      vertex 44 -16 55
    endloop
  endfacet
  facet normal 1 -0 0
    outer loop
      vertex 11 -14 12
      vertex 11 -13 10
      vertex 11 -13 12
    endloop
  endfacet
  facet normal 1 0 0
    outer loop
      vertex 11 -13 10
      vertex 11 -14 12
      vertex 11 -14 10
    endloop
  endfacet
  facet normal 0 0 1
    outer loop
      vertex -10.6 -13 12
      vertex -11 -13 12
      vertex -10.6 -13.3 12
    endloop
  endfacet
  facet normal 0 0 1
    outer loop
      vertex 10.6 -13.3 12
      vertex 11 -13 12
      vertex 10.6 -13 12
    endloop
  endfacet
  facet normal 0 0 1
    outer loop
      vertex 11 -13 12
      vertex 10.6 -13.3 12
      vertex 11 -14 12
    endloop
  endfacet
  facet normal -0 0 1
    outer loop
      vertex -10.6 -13.3 12
      vertex 11 -14 12
      vertex 10.6 -13.3 12
    endloop
  endfacet
  facet normal 0 0 1
    outer loop
      vertex -10.6 -13.3 12
      vertex -11 -14 12
      vertex 11 -14 12
    endloop
  endfacet
  facet normal 0 0 1
    outer loop
      vertex -11 -14 12
      vertex -10.6 -13.3 12
      vertex -11 -13 12
    endloop
  endfacet
  facet normal 0 0 -1
    outer loop
      vertex 11 -14 10
      vertex 10.5 -13.25 10
      vertex 11 -13 10
    endloop
  endfacet
  facet normal 0 0 -1
    outer loop
      vertex 11 -14 10
      vertex -10.5 -13.25 10
      vertex 10.5 -13.25 10
    endloop
  endfacet
  facet normal 0 0 -1
    outer loop
      vertex -11 -14 10
      vertex -10.5 -13.25 10
      vertex 11 -14 10
    endloop
  endfacet
  facet normal 0 0 -1
    outer loop
      vertex -11 -13 10
      vertex -10.5 -13.25 10
      vertex -11 -14 10
    endloop
  endfacet
  facet normal 0 0 -1
    outer loop
      vertex -10.5 -13.25 10
      vertex -11 -13 10
      vertex -10.5 -13 10
    endloop
  endfacet
  facet normal -0 0 -1
    outer loop
      vertex 11 -13 10
      vertex 10.5 -13.25 10
      vertex 10.5 -13 10
    endloop
  endfacet
  facet normal -1 0 0
    outer loop
      vertex -11 -14 10
      vertex -11 -13 12
      vertex -11 -13 10
    endloop
  endfacet
  facet normal -1 -0 0
    outer loop
      vertex -11 -13 12
      vertex -11 -14 10
      vertex -11 -14 12
    endloop
  endfacet
  facet normal 0 1 0
    outer loop
      vertex -11 -13 10
      vertex -10.6 -13 12
      vertex -10.5 -13 10
    endloop
  endfacet
  facet normal 0 1 0
    outer loop
      vertex -10.6 -13 12
      vertex -11 -13 10
      vertex -11 -13 12
    endloop
  endfacet
  facet normal 0 1 -0
    outer loop
      vertex 11 -13 10
      vertex 10.6 -13 12
      vertex 11 -13 12
    endloop
  endfacet
  facet normal 0 1 0
    outer loop
      vertex 10.6 -13 12
      vertex 11 -13 10
      vertex 10.5 -13 10
    endloop
  endfacet
  facet normal 0 -1 0
    outer loop
      vertex -11 -14 10
      vertex 11 -14 12
      vertex -11 -14 12
    endloop
  endfacet
  facet normal 0 -1 -0
    outer loop
      vertex 11 -14 12
      vertex -11 -14 10
      vertex 11 -14 10
    endloop
  endfacet
  facet normal 1 0 0
    outer loop
      vertex 11 -14 20
      vertex 11 -13.55 22
      vertex 11 -14 22
    endloop
  endfacet
  facet normal 1 0 0
    outer loop
      vertex 11 -13.55 22
      vertex 11 -14 20
      vertex 11 -13.5 20
    endloop
  endfacet
  facet normal -0 0 1
    outer loop
      vertex -11 -13.55 22
      vertex 11 -14 22
      vertex 11 -13.55 22
    endloop
  endfacet
  facet normal 0 0 1
    outer loop
      vertex 11 -14 22
      vertex -11 -13.55 22
      vertex -11 -14 22
    endloop
  endfacet
  facet normal 0 0 -1
    outer loop
      vertex -11 -14 20
      vertex 11 -13.5 20
      vertex 11 -14 20
    endloop
  endfacet
  facet normal -0 0 -1
    outer loop
      vertex 11 -13.5 20
      vertex -11 -14 20
      vertex -11 -13.5 20
    endloop
  endfacet
  facet normal -1 0 0
    outer loop
      vertex -11 -14 20
      vertex -11 -13.55 22
      vertex -11 -13.5 20
    endloop
  endfacet
  facet normal -1 -0 0
    outer loop
      vertex -11 -13.55 22
      vertex -11 -14 20
      vertex -11 -14 22
    endloop
  endfacet
  facet normal 0 -1 0
    outer loop
      vertex -11 -14 20
      vertex 11 -14 22
      vertex -11 -14 22
    endloop
  endfacet
  facet normal 0 -1 -0
    outer loop
      vertex 11 -14 22
      vertex -11 -14 20
      vertex 11 -14 20
    endloop
  endfacet
  facet normal 1 0 0
    outer loop
      vertex 11 -14 30
      vertex 11 -13.8 32
      vertex 11 -14 32
    endloop
  endfacet
  facet normal 1 0 0
    outer loop
      vertex 11 -13.8 32
      vertex 11 -14 30
      vertex 11 -13.75 30
    endloop
  endfacet
  facet normal -0 0 1
    outer loop
      vertex -11 -13.8 32
      vertex 11 -14 32
      vertex 11 -13.8 32
    endloop
  endfacet
  facet normal 0 0 1
    outer loop
      vertex 11 -14 32
      vertex -11 -13.8 32
      vertex -11 -14 32
    endloop
  endfacet
  facet normal 0 0 -1
    outer loop
      vertex -11 -14 30
      vertex 11 -13.75 30
      vertex 11 -14 30
    endloop
  endfacet
  facet normal -0 0 -1
    outer loop
      vertex 11 -13.75 30
      vertex -11 -14 30
      vertex -11 -13.75 30
    endloop
  endfacet
  facet normal -1 0 0
    outer loop
      vertex -11 -14 30
      vertex -11 -13.8 32
      vertex -11 -13.75 30
    endloop
  endfacet
  facet normal -1 -0 0
    outer loop
      vertex -11 -13.8 32
      vertex -11 -14 30
      vertex -11 -14 32
    endloop
  endfacet
  facet normal 0 -1 0
    outer loop
      vertex -11 -14 30
      vertex 11 -14 32
      vertex -11 -14 32
    endloop
  endfacet
  facet normal 0 -1 -0
    outer loop
      vertex 11 -14 32
      vertex -11 -14 30
      vertex 11 -14 30
    endloop
  endfacet
  facet normal 0.980786 0.195089 0
    outer loop
      vertex 15.8631 2.08842 157
      vertex 15.4548 4.1411 155
      vertex 15.4548 4.1411 157
    endloop
  endfacet
  facet normal 0.980786 0.195089 0
    outer loop
      vertex 15.4548 4.1411 155
      vertex 15.8631 2.08842 157
      vertex 15.8631 2.08842 155
    endloop
  endfacet
  facet normal 0.997858 0.0654116 0
    outer loop
      vertex 16 0 157
      vertex 15.8631 2.08842 155
      vertex 15.8631 2.08842 157
    endloop
  endfacet
  facet normal 0.997858 0.0654116 0
    outer loop
      vertex 15.8631 2.08842 155
      vertex 16 0 157
      vertex 16 0 155
    endloop
  endfacet
  facet normal 0.321422 -0.946936 -6.19145e-06
    outer loop
      vertex 4.1411 -15.4548 157
      vertex 5.48094 -15 155
      vertex 6.12293 -14.7821 157
    endloop
  endfacet
  facet normal 0.32143 -0.946933 0
    outer loop
      vertex 4.1411 -15.4548 145
      vertex 5.48094 -15 155
      vertex 4.1411 -15.4548 157
    endloop
  endfacet
  facet normal 0.32143 -0.946933 0
    outer loop
      vertex 5.48094 -15 155
      vertex 4.1411 -15.4548 145
      vertex 5.48094 -15 145
    endloop
  endfacet
  facet normal 0.321405 -0.946942 0
    outer loop
      vertex 6.12293 -14.7821 157
      vertex 5.48094 -15 155
      vertex 6.12293 -14.7821 155
    endloop
  endfacet
  facet normal 0.831481 0.555553 -1.34019e-05
    outer loop
      vertex 13.8564 8 157
      vertex 13.567 8.43311 155.865
      vertex 13.4948 8.54118 156.286
    endloop
  endfacet
  facet normal 0.831388 0.555692 -0.000109281
    outer loop
      vertex 13.8564 8 155
      vertex 13.6141 8.36259 155.393
      vertex 13.5815 8.41144 155.78
    endloop
  endfacet
  facet normal 0.831471 0.555568 -0.000108695
    outer loop
      vertex 13.8564 8 157
      vertex 13.3558 8.74916 156.769
      vertex 13.2627 8.88854 157
    endloop
  endfacet
  facet normal 0.831457 0.55559 -7.71735e-06
    outer loop
      vertex 13.8564 8 157
      vertex 13.4844 8.5567 156.325
      vertex 13.3558 8.74916 156.769
    endloop
  endfacet
  facet normal 0.831217 0.555947 0.000419388
    outer loop
      vertex 13.8564 8 157
      vertex 13.4948 8.54118 156.286
      vertex 13.4844 8.5567 156.325
    endloop
  endfacet
  facet normal 0.831321 0.555793 0.000119087
    outer loop
      vertex 13.567 8.43311 155.865
      vertex 13.8564 8 157
      vertex 13.5815 8.41144 155.78
    endloop
  endfacet
  facet normal 0.831484 0.555549 -0
    outer loop
      vertex 13.8564 8 155
      vertex 13.5815 8.41144 155.78
      vertex 13.8564 8 157
    endloop
  endfacet
  facet normal 0.831518 0.555497 0.000150444
    outer loop
      vertex 13.6141 8.36259 155.393
      vertex 13.8564 8 155
      vertex 13.6252 8.34601 155.262
    endloop
  endfacet
  facet normal 0.831466 0.555576 0
    outer loop
      vertex 13.6252 8.34601 155.262
      vertex 13.8564 8 155
      vertex 13.6252 8.34601 155
    endloop
  endfacet
  facet normal -0.896867 0.442301 0
    outer loop
      vertex -14.7821 6.12293 155
      vertex -13.8564 8 157
      vertex -13.8564 8 155
    endloop
  endfacet
  facet normal -0.896867 0.442301 0
    outer loop
      vertex -13.8564 8 157
      vertex -14.7821 6.12293 155
      vertex -14.7821 6.12293 157
    endloop
  endfacet
  facet normal -0.555553 0.831481 0
    outer loop
      vertex -8 13.8564 155
      vertex -9.74018 12.6937 157
      vertex -8 13.8564 157
    endloop
  endfacet
  facet normal -0.555553 0.831481 0
    outer loop
      vertex -9.74018 12.6937 157
      vertex -8 13.8564 155
      vertex -9.74018 12.6937 155
    endloop
  endfacet
  facet normal -0.659362 0.751826 0
    outer loop
      vertex -9.74018 12.6937 155
      vertex -11.3137 11.3137 157
      vertex -9.74018 12.6937 157
    endloop
  endfacet
  facet normal -0.659362 0.751826 0
    outer loop
      vertex -11.3137 11.3137 157
      vertex -9.74018 12.6937 155
      vertex -11.3137 11.3137 155
    endloop
  endfacet
  facet normal -0.751826 0.659362 0
    outer loop
      vertex -12.6937 9.74018 155
      vertex -11.3137 11.3137 157
      vertex -11.3137 11.3137 155
    endloop
  endfacet
  facet normal -0.751826 0.659362 0
    outer loop
      vertex -11.3137 11.3137 157
      vertex -12.6937 9.74018 155
      vertex -12.6937 9.74018 157
    endloop
  endfacet
  facet normal 0.946936 -0.321422 0
    outer loop
      vertex 14.7821 -6.12293 157
      vertex 15.4548 -4.1411 155
      vertex 15.4548 -4.1411 157
    endloop
  endfacet
  facet normal 0.946936 -0.321422 0
    outer loop
      vertex 15.4548 -4.1411 155
      vertex 14.7821 -6.12293 157
      vertex 14.7821 -6.12293 155
    endloop
  endfacet
  facet normal -0.997858 0.0654116 0
    outer loop
      vertex -16 0 155
      vertex -15.8631 2.08842 157
      vertex -15.8631 2.08842 155
    endloop
  endfacet
  facet normal -0.997858 0.0654116 0
    outer loop
      vertex -15.8631 2.08842 157
      vertex -16 0 155
      vertex -16 0 157
    endloop
  endfacet
  facet normal 0.555568 0.831471 -0.000108695
    outer loop
      vertex 8.74916 13.3558 156.769
      vertex 8 13.8564 157
      vertex 8.88854 13.2627 157
    endloop
  endfacet
  facet normal 0.55559 0.831457 -7.71735e-06
    outer loop
      vertex 8.5567 13.4844 156.325
      vertex 8 13.8564 157
      vertex 8.74916 13.3558 156.769
    endloop
  endfacet
  facet normal 0.555947 0.831217 0.000419388
    outer loop
      vertex 8.54118 13.4948 156.286
      vertex 8 13.8564 157
      vertex 8.5567 13.4844 156.325
    endloop
  endfacet
  facet normal 0.555553 0.831481 -1.34019e-05
    outer loop
      vertex 8.43311 13.567 155.865
      vertex 8 13.8564 157
      vertex 8.54118 13.4948 156.286
    endloop
  endfacet
  facet normal 0.555793 0.831321 0.000119087
    outer loop
      vertex 8.41144 13.5815 155.78
      vertex 8 13.8564 157
      vertex 8.43311 13.567 155.865
    endloop
  endfacet
  facet normal 0.555692 0.831388 -0.000109281
    outer loop
      vertex 8 13.8564 155
      vertex 8.41144 13.5815 155.78
      vertex 8.36259 13.6141 155.393
    endloop
  endfacet
  facet normal 0.555497 0.831518 0.000150444
    outer loop
      vertex 8 13.8564 155
      vertex 8.36259 13.6141 155.393
      vertex 8.34601 13.6252 155.262
    endloop
  endfacet
  facet normal 0.555576 0.831466 0
    outer loop
      vertex 8 13.8564 155
      vertex 8.34601 13.6252 155.262
      vertex 8.34601 13.6252 155
    endloop
  endfacet
  facet normal 0.555549 0.831484 0
    outer loop
      vertex 8.41144 13.5815 155.78
      vertex 8 13.8564 155
      vertex 8 13.8564 157
    endloop
  endfacet
  facet normal -0.321405 -0.946942 0
    outer loop
      vertex -5.48094 -15 155
      vertex -6.12293 -14.7821 157
      vertex -6.12293 -14.7821 155
    endloop
  endfacet
  facet normal -0.321422 -0.946936 -6.19145e-06
    outer loop
      vertex -6.12293 -14.7821 157
      vertex -5.48094 -15 155
      vertex -4.1411 -15.4548 157
    endloop
  endfacet
  facet normal -0.32143 -0.946933 0
    outer loop
      vertex -4.1411 -15.4548 145
      vertex -5.48094 -15 155
      vertex -5.48094 -15 145
    endloop
  endfacet
  facet normal -0.32143 -0.946933 0
    outer loop
      vertex -5.48094 -15 155
      vertex -4.1411 -15.4548 145
      vertex -4.1411 -15.4548 157
    endloop
  endfacet
  facet normal -0.751826 -0.659362 0
    outer loop
      vertex -11.3137 -11.3137 155
      vertex -12.6937 -9.74018 157
      vertex -12.6937 -9.74018 155
    endloop
  endfacet
  facet normal -0.751826 -0.659362 0
    outer loop
      vertex -12.6937 -9.74018 157
      vertex -11.3137 -11.3137 155
      vertex -11.3137 -11.3137 157
    endloop
  endfacet
  facet normal 0.195089 -0.980786 0
    outer loop
      vertex 2.08842 -15.8631 145
      vertex 4.1411 -15.4548 157
      vertex 2.08842 -15.8631 157
    endloop
  endfacet
  facet normal 0.195089 -0.980786 0
    outer loop
      vertex 4.1411 -15.4548 157
      vertex 2.08842 -15.8631 145
      vertex 4.1411 -15.4548 145
    endloop
  endfacet
  facet normal -0.321422 0.946936 -6.19145e-06
    outer loop
      vertex -4.1411 15.4548 157
      vertex -5.48094 15 155
      vertex -6.12293 14.7821 157
    endloop
  endfacet
  facet normal -0.32143 0.946933 0
    outer loop
      vertex -4.1411 15.4548 145
      vertex -5.48094 15 155
      vertex -4.1411 15.4548 157
    endloop
  endfacet
  facet normal -0.32143 0.946933 0
    outer loop
      vertex -5.48094 15 155
      vertex -4.1411 15.4548 145
      vertex -5.48094 15 145
    endloop
  endfacet
  facet normal -0.321405 0.946942 0
    outer loop
      vertex -6.12293 14.7821 157
      vertex -5.48094 15 155
      vertex -6.12293 14.7821 155
    endloop
  endfacet
  facet normal -0.831481 -0.555553 0
    outer loop
      vertex -12.6937 -9.74018 155
      vertex -13.8564 -8 157
      vertex -13.8564 -8 155
    endloop
  endfacet
  facet normal -0.831481 -0.555553 0
    outer loop
      vertex -13.8564 -8 157
      vertex -12.6937 -9.74018 155
      vertex -12.6937 -9.74018 157
    endloop
  endfacet
  facet normal 0.555553 -0.831481 0
    outer loop
      vertex 8 -13.8564 155
      vertex 9.74018 -12.6937 157
      vertex 8 -13.8564 157
    endloop
  endfacet
  facet normal 0.555553 -0.831481 0
    outer loop
      vertex 9.74018 -12.6937 157
      vertex 8 -13.8564 155
      vertex 9.74018 -12.6937 155
    endloop
  endfacet
  facet normal -0.946936 0.321422 0
    outer loop
      vertex -15.4548 4.1411 155
      vertex -14.7821 6.12293 157
      vertex -14.7821 6.12293 155
    endloop
  endfacet
  facet normal -0.946936 0.321422 0
    outer loop
      vertex -14.7821 6.12293 157
      vertex -15.4548 4.1411 155
      vertex -15.4548 4.1411 157
    endloop
  endfacet
  facet normal 0.321405 0.946942 0
    outer loop
      vertex 5.48094 15 155
      vertex 6.12293 14.7821 157
      vertex 6.12293 14.7821 155
    endloop
  endfacet
  facet normal 0.321422 0.946936 -6.19145e-06
    outer loop
      vertex 6.12293 14.7821 157
      vertex 5.48094 15 155
      vertex 4.1411 15.4548 157
    endloop
  endfacet
  facet normal 0.32143 0.946933 0
    outer loop
      vertex 4.1411 15.4548 145
      vertex 5.48094 15 155
      vertex 5.48094 15 145
    endloop
  endfacet
  facet normal 0.32143 0.946933 0
    outer loop
      vertex 5.48094 15 155
      vertex 4.1411 15.4548 145
      vertex 4.1411 15.4548 157
    endloop
  endfacet
  facet normal 0.0654116 0.997858 -0
    outer loop
      vertex 2.08842 15.8631 145
      vertex 0 16 157
      vertex 2.08842 15.8631 157
    endloop
  endfacet
  facet normal 0.0654116 0.997858 0
    outer loop
      vertex 0 16 157
      vertex 2.08842 15.8631 145
      vertex 0 16 145
    endloop
  endfacet
  facet normal -0.442301 0.896867 0
    outer loop
      vertex -6.12293 14.7821 155
      vertex -8 13.8564 157
      vertex -6.12293 14.7821 157
    endloop
  endfacet
  facet normal -0.442301 0.896867 0
    outer loop
      vertex -8 13.8564 157
      vertex -6.12293 14.7821 155
      vertex -8 13.8564 155
    endloop
  endfacet
  facet normal 0.831481 -0.555553 0
    outer loop
      vertex 12.6937 -9.74018 157
      vertex 13.8564 -8 155
      vertex 13.8564 -8 157
    endloop
  endfacet
  facet normal 0.831481 -0.555553 0
    outer loop
      vertex 13.8564 -8 155
      vertex 12.6937 -9.74018 157
      vertex 12.6937 -9.74018 155
    endloop
  endfacet
  facet normal -0.997858 -0.0654116 0
    outer loop
      vertex -15.8631 -2.08842 155
      vertex -16 0 157
      vertex -16 0 155
    endloop
  endfacet
  facet normal -0.997858 -0.0654116 0
    outer loop
      vertex -16 0 157
      vertex -15.8631 -2.08842 155
      vertex -15.8631 -2.08842 157
    endloop
  endfacet
  facet normal 0.980786 -0.195089 0
    outer loop
      vertex 15.4548 -4.1411 157
      vertex 15.8631 -2.08842 155
      vertex 15.8631 -2.08842 157
    endloop
  endfacet
  facet normal 0.980786 -0.195089 0
    outer loop
      vertex 15.8631 -2.08842 155
      vertex 15.4548 -4.1411 157
      vertex 15.4548 -4.1411 155
    endloop
  endfacet
  facet normal -0.946936 -0.321422 0
    outer loop
      vertex -14.7821 -6.12293 155
      vertex -15.4548 -4.1411 157
      vertex -15.4548 -4.1411 155
    endloop
  endfacet
  facet normal -0.946936 -0.321422 0
    outer loop
      vertex -15.4548 -4.1411 157
      vertex -14.7821 -6.12293 155
      vertex -14.7821 -6.12293 157
    endloop
  endfacet
  facet normal -0.659362 -0.751826 0
    outer loop
      vertex -11.3137 -11.3137 155
      vertex -9.74018 -12.6937 157
      vertex -11.3137 -11.3137 157
    endloop
  endfacet
  facet normal -0.659362 -0.751826 -0
    outer loop
      vertex -9.74018 -12.6937 157
      vertex -11.3137 -11.3137 155
      vertex -9.74018 -12.6937 155
    endloop
  endfacet
  facet normal 0.442301 0.896867 -0
    outer loop
      vertex 8 13.8564 155
      vertex 6.12293 14.7821 157
      vertex 8 13.8564 157
    endloop
  endfacet
  facet normal 0.442301 0.896867 0
    outer loop
      vertex 6.12293 14.7821 157
      vertex 8 13.8564 155
      vertex 6.12293 14.7821 155
    endloop
  endfacet
  facet normal -0.195089 0.980786 0
    outer loop
      vertex -2.08842 15.8631 145
      vertex -4.1411 15.4548 157
      vertex -2.08842 15.8631 157
    endloop
  endfacet
  facet normal -0.195089 0.980786 0
    outer loop
      vertex -4.1411 15.4548 157
      vertex -2.08842 15.8631 145
      vertex -4.1411 15.4548 145
    endloop
  endfacet
  facet normal 0.195089 0.980786 -0
    outer loop
      vertex 4.1411 15.4548 145
      vertex 2.08842 15.8631 157
      vertex 4.1411 15.4548 157
    endloop
  endfacet
  facet normal 0.195089 0.980786 0
    outer loop
      vertex 2.08842 15.8631 157
      vertex 4.1411 15.4548 145
      vertex 2.08842 15.8631 145
    endloop
  endfacet
  facet normal 0.751826 -0.659362 0
    outer loop
      vertex 11.3137 -11.3137 157
      vertex 12.6937 -9.74018 155
      vertex 12.6937 -9.74018 157
    endloop
  endfacet
  facet normal 0.751826 -0.659362 0
    outer loop
      vertex 12.6937 -9.74018 155
      vertex 11.3137 -11.3137 157
      vertex 11.3137 -11.3137 155
    endloop
  endfacet
  facet normal -0.442301 -0.896867 0
    outer loop
      vertex -8 -13.8564 155
      vertex -6.12293 -14.7821 157
      vertex -8 -13.8564 157
    endloop
  endfacet
  facet normal -0.442301 -0.896867 -0
    outer loop
      vertex -6.12293 -14.7821 157
      vertex -8 -13.8564 155
      vertex -6.12293 -14.7821 155
    endloop
  endfacet
  facet normal -0.0654116 0.997858 0
    outer loop
      vertex 0 16 145
      vertex -2.08842 15.8631 157
      vertex 0 16 157
    endloop
  endfacet
  facet normal -0.0654116 0.997858 0
    outer loop
      vertex -2.08842 15.8631 157
      vertex 0 16 145
      vertex -2.08842 15.8631 145
    endloop
  endfacet
  facet normal -0.980786 0.195089 0
    outer loop
      vertex -15.8631 2.08842 155
      vertex -15.4548 4.1411 157
      vertex -15.4548 4.1411 155
    endloop
  endfacet
  facet normal -0.980786 0.195089 0
    outer loop
      vertex -15.4548 4.1411 157
      vertex -15.8631 2.08842 155
      vertex -15.8631 2.08842 157
    endloop
  endfacet
  facet normal 0.0654116 -0.997858 0
    outer loop
      vertex 0 -16 145
      vertex 2.08842 -15.8631 157
      vertex 0 -16 157
    endloop
  endfacet
  facet normal 0.0654116 -0.997858 0
    outer loop
      vertex 2.08842 -15.8631 157
      vertex 0 -16 145
      vertex 2.08842 -15.8631 145
    endloop
  endfacet
  facet normal 0.442301 -0.896867 0
    outer loop
      vertex 6.12293 -14.7821 155
      vertex 8 -13.8564 157
      vertex 6.12293 -14.7821 157
    endloop
  endfacet
  facet normal 0.442301 -0.896867 0
    outer loop
      vertex 8 -13.8564 157
      vertex 6.12293 -14.7821 155
      vertex 8 -13.8564 155
    endloop
  endfacet
  facet normal 0.659362 -0.751826 0
    outer loop
      vertex 9.74018 -12.6937 155
      vertex 11.3137 -11.3137 157
      vertex 9.74018 -12.6937 157
    endloop
  endfacet
  facet normal 0.659362 -0.751826 0
    outer loop
      vertex 11.3137 -11.3137 157
      vertex 9.74018 -12.6937 155
      vertex 11.3137 -11.3137 155
    endloop
  endfacet
  facet normal -0.896867 -0.442301 0
    outer loop
      vertex -13.8564 -8 155
      vertex -14.7821 -6.12293 157
      vertex -14.7821 -6.12293 155
    endloop
  endfacet
  facet normal -0.896867 -0.442301 0
    outer loop
      vertex -14.7821 -6.12293 157
      vertex -13.8564 -8 155
      vertex -13.8564 -8 157
    endloop
  endfacet
  facet normal 0.896867 -0.442301 0
    outer loop
      vertex 13.8564 -8 157
      vertex 14.7821 -6.12293 155
      vertex 14.7821 -6.12293 157
    endloop
  endfacet
  facet normal 0.896867 -0.442301 0
    outer loop
      vertex 14.7821 -6.12293 155
      vertex 13.8564 -8 157
      vertex 13.8564 -8 155
    endloop
  endfacet
  facet normal 0.997858 -0.0654116 0
    outer loop
      vertex 15.8631 -2.08842 157
      vertex 16 0 155
      vertex 16 0 157
    endloop
  endfacet
  facet normal 0.997858 -0.0654116 0
    outer loop
      vertex 16 0 155
      vertex 15.8631 -2.08842 157
      vertex 15.8631 -2.08842 155
    endloop
  endfacet
  facet normal -0.555553 -0.831481 0
    outer loop
      vertex -9.74018 -12.6937 155
      vertex -8 -13.8564 157
      vertex -9.74018 -12.6937 157
    endloop
  endfacet
  facet normal -0.555553 -0.831481 -0
    outer loop
      vertex -8 -13.8564 157
      vertex -9.74018 -12.6937 155
      vertex -8 -13.8564 155
    endloop
  endfacet
  facet normal 0.896867 0.442301 0
    outer loop
      vertex 14.7821 6.12293 157
      vertex 13.8564 8 155
      vertex 13.8564 8 157
    endloop
  endfacet
  facet normal 0.896867 0.442301 0
    outer loop
      vertex 13.8564 8 155
      vertex 14.7821 6.12293 157
      vertex 14.7821 6.12293 155
    endloop
  endfacet
  facet normal 0.946936 0.321422 0
    outer loop
      vertex 15.4548 4.1411 157
      vertex 14.7821 6.12293 155
      vertex 14.7821 6.12293 157
    endloop
  endfacet
  facet normal 0.946936 0.321422 0
    outer loop
      vertex 14.7821 6.12293 155
      vertex 15.4548 4.1411 157
      vertex 15.4548 4.1411 155
    endloop
  endfacet
  facet normal 0 0 -1
    outer loop
      vertex 2.08842 -15.8631 145
      vertex 5.48094 -15 145
      vertex 4.1411 -15.4548 145
    endloop
  endfacet
  facet normal 0 0 -1
    outer loop
      vertex 0 -16 145
      vertex 5.48094 -15 145
      vertex 2.08842 -15.8631 145
    endloop
  endfacet
  facet normal 0 0 -1
    outer loop
      vertex -2.08842 -15.8631 145
      vertex 5.48094 -15 145
      vertex 0 -16 145
    endloop
  endfacet
  facet normal 0 0 -1
    outer loop
      vertex -5.48094 -15 145
      vertex -2.08842 -15.8631 145
      vertex -4.1411 -15.4548 145
    endloop
  endfacet
  facet normal 0 0 -1
    outer loop
      vertex -2.08842 -15.8631 145
      vertex -5.48094 -15 145
      vertex 5.48094 -15 145
    endloop
  endfacet
  facet normal 0 0 -1
    outer loop
      vertex 5.48094 15 145
      vertex 2.08842 15.8631 145
      vertex 4.1411 15.4548 145
    endloop
  endfacet
  facet normal 0 0 -1
    outer loop
      vertex 5.48094 15 145
      vertex 0 16 145
      vertex 2.08842 15.8631 145
    endloop
  endfacet
  facet normal 0 0 -1
    outer loop
      vertex 5.48094 15 145
      vertex -2.08842 15.8631 145
      vertex 0 16 145
    endloop
  endfacet
  facet normal 0 0 -1
    outer loop
      vertex -5.48094 15 145
      vertex -2.08842 15.8631 145
      vertex 5.48094 15 145
    endloop
  endfacet
  facet normal 0 0 -1
    outer loop
      vertex -2.08842 15.8631 145
      vertex -5.48094 15 145
      vertex -4.1411 15.4548 145
    endloop
  endfacet
  facet normal -0.980786 -0.195089 0
    outer loop
      vertex -15.4548 -4.1411 155
      vertex -15.8631 -2.08842 157
      vertex -15.8631 -2.08842 155
    endloop
  endfacet
  facet normal -0.980786 -0.195089 0
    outer loop
      vertex -15.8631 -2.08842 157
      vertex -15.4548 -4.1411 155
      vertex -15.4548 -4.1411 157
    endloop
  endfacet
  facet normal 0 0 1
    outer loop
      vertex 8 13.8564 157
      vertex 8.67813 13.1913 157
      vertex 8.88854 13.2627 157
    endloop
  endfacet
  facet normal 0 0 1
    outer loop
      vertex 8 13.8564 157
      vertex 8.47167 13.0895 157
      vertex 8.67813 13.1913 157
    endloop
  endfacet
  facet normal 0 0 1
    outer loop
      vertex 8 13.8564 157
      vertex 8.27289 12.9914 157
      vertex 8.47167 13.0895 157
    endloop
  endfacet
  facet normal 0 0 1
    outer loop
      vertex 8 13.8564 157
      vertex 8.08861 12.8683 157
      vertex 8.27289 12.9914 157
    endloop
  endfacet
  facet normal 0 0 1
    outer loop
      vertex 8 13.8564 157
      vertex 7.89721 12.7404 157
      vertex 8.08861 12.8683 157
    endloop
  endfacet
  facet normal 0 0 1
    outer loop
      vertex 8 13.8564 157
      vertex 7.72414 12.5886 157
      vertex 7.89721 12.7404 157
    endloop
  endfacet
  facet normal 0 0 1
    outer loop
      vertex 8 13.8564 157
      vertex 7.5575 12.4425 157
      vertex 7.72414 12.5886 157
    endloop
  endfacet
  facet normal 0 0 1
    outer loop
      vertex 6.12293 14.7821 157
      vertex 7.5575 12.4425 157
      vertex 8 13.8564 157
    endloop
  endfacet
  facet normal 0 0 1
    outer loop
      vertex 7.5575 12.4425 157
      vertex 6.12293 14.7821 157
      vertex 7.41137 12.2759 157
    endloop
  endfacet
  facet normal 0 0 1
    outer loop
      vertex 7.41137 12.2759 157
      vertex 6.12293 14.7821 157
      vertex 7.25959 12.1028 157
    endloop
  endfacet
  facet normal 0 0 1
    outer loop
      vertex 4.97488 12.0104 157
      vertex 7.25959 12.1028 157
      vertex 6.12293 14.7821 157
    endloop
  endfacet
  facet normal 0 0 1
    outer loop
      vertex 7.25959 12.1028 157
      vertex 4.97488 12.0104 157
      vertex 7.1317 11.9114 157
    endloop
  endfacet
  facet normal 0 0 1
    outer loop
      vertex 7.1317 11.9114 157
      vertex 4.97488 12.0104 157
      vertex 7.00856 11.7271 157
    endloop
  endfacet
  facet normal 0 0 1
    outer loop
      vertex 6.73473 11.1039 157
      vertex 6.5 11.2583 157
      vertex 6.73406 11.1019 157
    endloop
  endfacet
  facet normal 0 0 1
    outer loop
      vertex 6.80872 11.3219 157
      vertex 6.5 11.2583 157
      vertex 6.73473 11.1039 157
    endloop
  endfacet
  facet normal 0 -0 1
    outer loop
      vertex 6.5 11.2583 157
      vertex 7.00856 11.7271 157
      vertex 4.97488 12.0104 157
    endloop
  endfacet
  facet normal 0 0 1
    outer loop
      vertex 7.00856 11.7271 157
      vertex 6.5 11.2583 157
      vertex 6.91054 11.5283 157
    endloop
  endfacet
  facet normal 0 0 1
    outer loop
      vertex 6.91054 11.5283 157
      vertex 6.5 11.2583 157
      vertex 6.80872 11.3219 157
    endloop
  endfacet
  facet normal 0 0 1
    outer loop
      vertex 4.1411 15.4548 157
      vertex 4.97488 12.0104 157
      vertex 6.12293 14.7821 157
    endloop
  endfacet
  facet normal 0 0 1
    outer loop
      vertex 4.1411 15.4548 157
      vertex 3.36465 12.557 157
      vertex 4.97488 12.0104 157
    endloop
  endfacet
  facet normal 0 0 1
    outer loop
      vertex 2.08842 15.8631 157
      vertex 3.36465 12.557 157
      vertex 4.1411 15.4548 157
    endloop
  endfacet
  facet normal 0 0 1
    outer loop
      vertex 2.08842 15.8631 157
      vertex 1.69684 12.8888 157
      vertex 3.36465 12.557 157
    endloop
  endfacet
  facet normal 0 0 1
    outer loop
      vertex 0 16 157
      vertex 1.69684 12.8888 157
      vertex 2.08842 15.8631 157
    endloop
  endfacet
  facet normal 0 0 1
    outer loop
      vertex 0 16 157
      vertex 0 13 157
      vertex 1.69684 12.8888 157
    endloop
  endfacet
  facet normal 0 0 1
    outer loop
      vertex 0 16 157
      vertex -1.69684 12.8888 157
      vertex 0 13 157
    endloop
  endfacet
  facet normal -0 0 1
    outer loop
      vertex -2.08842 15.8631 157
      vertex -1.69684 12.8888 157
      vertex 0 16 157
    endloop
  endfacet
  facet normal 0 0 1
    outer loop
      vertex -2.08842 15.8631 157
      vertex -3.36465 12.557 157
      vertex -1.69684 12.8888 157
    endloop
  endfacet
  facet normal -0 0 1
    outer loop
      vertex -4.1411 15.4548 157
      vertex -3.36465 12.557 157
      vertex -2.08842 15.8631 157
    endloop
  endfacet
  facet normal 0 0 1
    outer loop
      vertex -4.1411 15.4548 157
      vertex -4.97488 12.0104 157
      vertex -3.36465 12.557 157
    endloop
  endfacet
  facet normal -0 0 1
    outer loop
      vertex -6.12293 14.7821 157
      vertex -4.97488 12.0104 157
      vertex -4.1411 15.4548 157
    endloop
  endfacet
  facet normal 0 0 1
    outer loop
      vertex -6.12293 14.7821 157
      vertex -6.5 11.2583 157
      vertex -4.97488 12.0104 157
    endloop
  endfacet
  facet normal -0 0 1
    outer loop
      vertex -8 13.8564 157
      vertex -6.5 11.2583 157
      vertex -6.12293 14.7821 157
    endloop
  endfacet
  facet normal 0 0 1
    outer loop
      vertex -6.5 11.2583 157
      vertex -8 13.8564 157
      vertex -7.9139 10.3136 157
    endloop
  endfacet
  facet normal -0 0 1
    outer loop
      vertex -9.74018 12.6937 157
      vertex -7.9139 10.3136 157
      vertex -8 13.8564 157
    endloop
  endfacet
  facet normal 0 0 1
    outer loop
      vertex -7.9139 10.3136 157
      vertex -9.74018 12.6937 157
      vertex -9.19239 9.19239 157
    endloop
  endfacet
  facet normal -0 0 1
    outer loop
      vertex -11.3137 11.3137 157
      vertex -9.19239 9.19239 157
      vertex -9.74018 12.6937 157
    endloop
  endfacet
  facet normal 0 0 1
    outer loop
      vertex -9.19239 9.19239 157
      vertex -11.3137 11.3137 157
      vertex -10.3136 7.9139 157
    endloop
  endfacet
  facet normal -0 0 1
    outer loop
      vertex -12.6937 9.74018 157
      vertex -10.3136 7.9139 157
      vertex -11.3137 11.3137 157
    endloop
  endfacet
  facet normal 0 0 1
    outer loop
      vertex -10.3136 7.9139 157
      vertex -12.6937 9.74018 157
      vertex -11.2583 6.5 157
    endloop
  endfacet
  facet normal -0 0 1
    outer loop
      vertex -13.8564 8 157
      vertex -11.2583 6.5 157
      vertex -12.6937 9.74018 157
    endloop
  endfacet
  facet normal 0 0 1
    outer loop
      vertex -11.2583 6.5 157
      vertex -13.8564 8 157
      vertex -12.0104 4.97488 157
    endloop
  endfacet
  facet normal -0 0 1
    outer loop
      vertex -14.7821 6.12293 157
      vertex -12.0104 4.97488 157
      vertex -13.8564 8 157
    endloop
  endfacet
  facet normal 0 0 1
    outer loop
      vertex -12.0104 4.97488 157
      vertex -14.7821 6.12293 157
      vertex -12.557 3.36465 157
    endloop
  endfacet
  facet normal -0 0 1
    outer loop
      vertex -15.4548 4.1411 157
      vertex -12.557 3.36465 157
      vertex -14.7821 6.12293 157
    endloop
  endfacet
  facet normal 0 0 1
    outer loop
      vertex 12.7404 7.89721 157
      vertex 13.8564 8 157
      vertex 12.8683 8.08861 157
    endloop
  endfacet
  facet normal 0 0 1
    outer loop
      vertex 14.7821 6.12293 157
      vertex 12.8888 1.69684 157
      vertex 13 0 157
    endloop
  endfacet
  facet normal 0 0 1
    outer loop
      vertex 12.5886 7.72414 157
      vertex 13.8564 8 157
      vertex 12.7404 7.89721 157
    endloop
  endfacet
  facet normal 0 0 1
    outer loop
      vertex 12.4425 7.5575 157
      vertex 13.8564 8 157
      vertex 12.5886 7.72414 157
    endloop
  endfacet
  facet normal 0 0 1
    outer loop
      vertex 13.8564 8 157
      vertex 12.4425 7.5575 157
      vertex 14.7821 6.12293 157
    endloop
  endfacet
  facet normal 0 0 1
    outer loop
      vertex 14.7821 6.12293 157
      vertex 12.557 3.36465 157
      vertex 12.8888 1.69684 157
    endloop
  endfacet
  facet normal -0 0 1
    outer loop
      vertex 12.2759 7.41137 157
      vertex 14.7821 6.12293 157
      vertex 12.4425 7.5575 157
    endloop
  endfacet
  facet normal -0 0 1
    outer loop
      vertex 12.1028 7.25959 157
      vertex 14.7821 6.12293 157
      vertex 12.2759 7.41137 157
    endloop
  endfacet
  facet normal 0 0 1
    outer loop
      vertex 14.7821 6.12293 157
      vertex 12.1028 7.25959 157
      vertex 12.0104 4.97488 157
    endloop
  endfacet
  facet normal 0 0 1
    outer loop
      vertex 14.7821 6.12293 157
      vertex 12.0104 4.97488 157
      vertex 12.557 3.36465 157
    endloop
  endfacet
  facet normal -0 0 1
    outer loop
      vertex 11.9114 7.1317 157
      vertex 12.0104 4.97488 157
      vertex 12.1028 7.25959 157
    endloop
  endfacet
  facet normal -0 0 1
    outer loop
      vertex 11.7271 7.00856 157
      vertex 12.0104 4.97488 157
      vertex 11.9114 7.1317 157
    endloop
  endfacet
  facet normal 0 0 1
    outer loop
      vertex 11.2583 6.5 157
      vertex 11.7271 7.00856 157
      vertex 11.5283 6.91054 157
    endloop
  endfacet
  facet normal 0 0 1
    outer loop
      vertex 11.2583 6.5 157
      vertex 11.5283 6.91054 157
      vertex 11.3219 6.80872 157
    endloop
  endfacet
  facet normal 0 0 1
    outer loop
      vertex 11.7271 7.00856 157
      vertex 11.2583 6.5 157
      vertex 12.0104 4.97488 157
    endloop
  endfacet
  facet normal -0 0 1
    outer loop
      vertex 11.1039 6.73473 157
      vertex 11.2583 6.5 157
      vertex 11.3219 6.80872 157
    endloop
  endfacet
  facet normal 0 0 1
    outer loop
      vertex 11.2583 6.5 157
      vertex 11.1039 6.73473 157
      vertex 11.1019 6.73406 157
    endloop
  endfacet
  facet normal 0 0 1
    outer loop
      vertex 13 0 157
      vertex 16 0 157
      vertex 15.8631 2.08842 157
    endloop
  endfacet
  facet normal 0 0 1
    outer loop
      vertex 13 0 157
      vertex 15.8631 2.08842 157
      vertex 15.4548 4.1411 157
    endloop
  endfacet
  facet normal 0 0 1
    outer loop
      vertex 16 0 157
      vertex 13 0 157
      vertex 15.8631 -2.08842 157
    endloop
  endfacet
  facet normal 0 0 1
    outer loop
      vertex 13 0 157
      vertex 15.4548 4.1411 157
      vertex 14.7821 6.12293 157
    endloop
  endfacet
  facet normal -0 0 1
    outer loop
      vertex 12.8888 -1.69684 157
      vertex 15.8631 -2.08842 157
      vertex 13 0 157
    endloop
  endfacet
  facet normal -0 0 1
    outer loop
      vertex 12.9914 8.27289 157
      vertex 13.8564 8 157
      vertex 13.0895 8.47167 157
    endloop
  endfacet
  facet normal 0 0 1
    outer loop
      vertex 15.8631 -2.08842 157
      vertex 12.8888 -1.69684 157
      vertex 15.4548 -4.1411 157
    endloop
  endfacet
  facet normal -0 0 1
    outer loop
      vertex 13.1913 8.67813 157
      vertex 13.8564 8 157
      vertex 13.2627 8.88854 157
    endloop
  endfacet
  facet normal -0 0 1
    outer loop
      vertex 13.0895 8.47167 157
      vertex 13.8564 8 157
      vertex 13.1913 8.67813 157
    endloop
  endfacet
  facet normal -0 0 1
    outer loop
      vertex 12.8683 8.08861 157
      vertex 13.8564 8 157
      vertex 12.9914 8.27289 157
    endloop
  endfacet
  facet normal -0 0 1
    outer loop
      vertex 12.557 -3.36465 157
      vertex 15.4548 -4.1411 157
      vertex 12.8888 -1.69684 157
    endloop
  endfacet
  facet normal 0 0 1
    outer loop
      vertex 15.4548 -4.1411 157
      vertex 12.557 -3.36465 157
      vertex 14.7821 -6.12293 157
    endloop
  endfacet
  facet normal -0 0 1
    outer loop
      vertex 12.0104 -4.97488 157
      vertex 14.7821 -6.12293 157
      vertex 12.557 -3.36465 157
    endloop
  endfacet
  facet normal 0 0 1
    outer loop
      vertex 14.7821 -6.12293 157
      vertex 12.0104 -4.97488 157
      vertex 13.8564 -8 157
    endloop
  endfacet
  facet normal -0 0 1
    outer loop
      vertex 11.2583 -6.5 157
      vertex 13.8564 -8 157
      vertex 12.0104 -4.97488 157
    endloop
  endfacet
  facet normal 0 0 1
    outer loop
      vertex 13.8564 -8 157
      vertex 11.2583 -6.5 157
      vertex 12.6937 -9.74018 157
    endloop
  endfacet
  facet normal -0 0 1
    outer loop
      vertex 10.3136 -7.9139 157
      vertex 12.6937 -9.74018 157
      vertex 11.2583 -6.5 157
    endloop
  endfacet
  facet normal 0 0 1
    outer loop
      vertex 12.6937 -9.74018 157
      vertex 10.3136 -7.9139 157
      vertex 11.3137 -11.3137 157
    endloop
  endfacet
  facet normal -0 0 1
    outer loop
      vertex 9.19239 -9.19239 157
      vertex 11.3137 -11.3137 157
      vertex 10.3136 -7.9139 157
    endloop
  endfacet
  facet normal 0 0 1
    outer loop
      vertex 11.3137 -11.3137 157
      vertex 9.19239 -9.19239 157
      vertex 9.74018 -12.6937 157
    endloop
  endfacet
  facet normal -0 0 1
    outer loop
      vertex 7.9139 -10.3136 157
      vertex 9.74018 -12.6937 157
      vertex 9.19239 -9.19239 157
    endloop
  endfacet
  facet normal 0 0 1
    outer loop
      vertex 9.74018 -12.6937 157
      vertex 7.9139 -10.3136 157
      vertex 8 -13.8564 157
    endloop
  endfacet
  facet normal -0 0 1
    outer loop
      vertex 6.5 -11.2583 157
      vertex 8 -13.8564 157
      vertex 7.9139 -10.3136 157
    endloop
  endfacet
  facet normal 0 0 1
    outer loop
      vertex 6.5 -11.2583 157
      vertex 6.12293 -14.7821 157
      vertex 8 -13.8564 157
    endloop
  endfacet
  facet normal -0 0 1
    outer loop
      vertex 4.97488 -12.0104 157
      vertex 6.12293 -14.7821 157
      vertex 6.5 -11.2583 157
    endloop
  endfacet
  facet normal 0 0 1
    outer loop
      vertex 4.97488 -12.0104 157
      vertex 4.1411 -15.4548 157
      vertex 6.12293 -14.7821 157
    endloop
  endfacet
  facet normal -0 0 1
    outer loop
      vertex 3.36465 -12.557 157
      vertex 4.1411 -15.4548 157
      vertex 4.97488 -12.0104 157
    endloop
  endfacet
  facet normal 0 0 1
    outer loop
      vertex 3.36465 -12.557 157
      vertex 2.08842 -15.8631 157
      vertex 4.1411 -15.4548 157
    endloop
  endfacet
  facet normal -0 0 1
    outer loop
      vertex 1.69684 -12.8888 157
      vertex 2.08842 -15.8631 157
      vertex 3.36465 -12.557 157
    endloop
  endfacet
  facet normal -0 0 1
    outer loop
      vertex 0 -13 157
      vertex 2.08842 -15.8631 157
      vertex 1.69684 -12.8888 157
    endloop
  endfacet
  facet normal 0 0 1
    outer loop
      vertex 0 -13 157
      vertex 0 -16 157
      vertex 2.08842 -15.8631 157
    endloop
  endfacet
  facet normal 0 0 1
    outer loop
      vertex -1.69684 -12.8888 157
      vertex 0 -16 157
      vertex 0 -13 157
    endloop
  endfacet
  facet normal 0 0 1
    outer loop
      vertex -1.69684 -12.8888 157
      vertex -2.08842 -15.8631 157
      vertex 0 -16 157
    endloop
  endfacet
  facet normal 0 0 1
    outer loop
      vertex -3.36465 -12.557 157
      vertex -2.08842 -15.8631 157
      vertex -1.69684 -12.8888 157
    endloop
  endfacet
  facet normal 0 0 1
    outer loop
      vertex -3.36465 -12.557 157
      vertex -4.1411 -15.4548 157
      vertex -2.08842 -15.8631 157
    endloop
  endfacet
  facet normal 0 0 1
    outer loop
      vertex -4.97488 -12.0104 157
      vertex -4.1411 -15.4548 157
      vertex -3.36465 -12.557 157
    endloop
  endfacet
  facet normal 0 0 1
    outer loop
      vertex -4.97488 -12.0104 157
      vertex -6.12293 -14.7821 157
      vertex -4.1411 -15.4548 157
    endloop
  endfacet
  facet normal 0 0 1
    outer loop
      vertex -6.5 -11.2583 157
      vertex -6.12293 -14.7821 157
      vertex -4.97488 -12.0104 157
    endloop
  endfacet
  facet normal 0 0 1
    outer loop
      vertex -8 -13.8564 157
      vertex -6.5 -11.2583 157
      vertex -7.9139 -10.3136 157
    endloop
  endfacet
  facet normal 0 0 1
    outer loop
      vertex -6.5 -11.2583 157
      vertex -8 -13.8564 157
      vertex -6.12293 -14.7821 157
    endloop
  endfacet
  facet normal 0 0 1
    outer loop
      vertex -9.74018 -12.6937 157
      vertex -7.9139 -10.3136 157
      vertex -9.19239 -9.19239 157
    endloop
  endfacet
  facet normal 0 0 1
    outer loop
      vertex -7.9139 -10.3136 157
      vertex -9.74018 -12.6937 157
      vertex -8 -13.8564 157
    endloop
  endfacet
  facet normal 0 0 1
    outer loop
      vertex -11.3137 -11.3137 157
      vertex -9.19239 -9.19239 157
      vertex -10.3136 -7.9139 157
    endloop
  endfacet
  facet normal 0 0 1
    outer loop
      vertex -12.6937 -9.74018 157
      vertex -10.3136 -7.9139 157
      vertex -11.2583 -6.5 157
    endloop
  endfacet
  facet normal 0 0 1
    outer loop
      vertex -9.19239 -9.19239 157
      vertex -11.3137 -11.3137 157
      vertex -9.74018 -12.6937 157
    endloop
  endfacet
  facet normal 0 0 1
    outer loop
      vertex -13.8564 -8 157
      vertex -11.2583 -6.5 157
      vertex -12.0104 -4.97488 157
    endloop
  endfacet
  facet normal 0 0 1
    outer loop
      vertex -14.7821 -6.12293 157
      vertex -12.0104 -4.97488 157
      vertex -12.557 -3.36465 157
    endloop
  endfacet
  facet normal 0 0 1
    outer loop
      vertex -10.3136 -7.9139 157
      vertex -12.6937 -9.74018 157
      vertex -11.3137 -11.3137 157
    endloop
  endfacet
  facet normal 0 0 1
    outer loop
      vertex -15.4548 -4.1411 157
      vertex -12.557 -3.36465 157
      vertex -12.8888 -1.69684 157
    endloop
  endfacet
  facet normal 0 0 1
    outer loop
      vertex -15.8631 -2.08842 157
      vertex -12.8888 -1.69684 157
      vertex -13 0 157
    endloop
  endfacet
  facet normal 0 0 1
    outer loop
      vertex -12.557 3.36465 157
      vertex -15.4548 4.1411 157
      vertex -12.8888 1.69684 157
    endloop
  endfacet
  facet normal 0 0 1
    outer loop
      vertex -11.2583 -6.5 157
      vertex -13.8564 -8 157
      vertex -12.6937 -9.74018 157
    endloop
  endfacet
  facet normal -0 0 1
    outer loop
      vertex -15.8631 2.08842 157
      vertex -12.8888 1.69684 157
      vertex -15.4548 4.1411 157
    endloop
  endfacet
  facet normal 0 0 1
    outer loop
      vertex -12.0104 -4.97488 157
      vertex -14.7821 -6.12293 157
      vertex -13.8564 -8 157
    endloop
  endfacet
  facet normal 0 0 1
    outer loop
      vertex -12.8888 1.69684 157
      vertex -15.8631 2.08842 157
      vertex -13 0 157
    endloop
  endfacet
  facet normal 0 0 1
    outer loop
      vertex -12.557 -3.36465 157
      vertex -15.4548 -4.1411 157
      vertex -14.7821 -6.12293 157
    endloop
  endfacet
  facet normal 0 0 1
    outer loop
      vertex -16 0 157
      vertex -13 0 157
      vertex -15.8631 2.08842 157
    endloop
  endfacet
  facet normal 0 0 1
    outer loop
      vertex -12.8888 -1.69684 157
      vertex -15.8631 -2.08842 157
      vertex -15.4548 -4.1411 157
    endloop
  endfacet
  facet normal 0 0 1
    outer loop
      vertex -13 0 157
      vertex -16 0 157
      vertex -15.8631 -2.08842 157
    endloop
  endfacet
  facet normal -0.195089 -0.980786 0
    outer loop
      vertex -4.1411 -15.4548 145
      vertex -2.08842 -15.8631 157
      vertex -4.1411 -15.4548 157
    endloop
  endfacet
  facet normal -0.195089 -0.980786 -0
    outer loop
      vertex -2.08842 -15.8631 157
      vertex -4.1411 -15.4548 145
      vertex -2.08842 -15.8631 145
    endloop
  endfacet
  facet normal -0.831481 0.555553 0
    outer loop
      vertex -13.8564 8 155
      vertex -12.6937 9.74018 157
      vertex -12.6937 9.74018 155
    endloop
  endfacet
  facet normal -0.831481 0.555553 0
    outer loop
      vertex -12.6937 9.74018 157
      vertex -13.8564 8 155
      vertex -13.8564 8 157
    endloop
  endfacet
  facet normal -0.0654116 -0.997858 0
    outer loop
      vertex -2.08842 -15.8631 145
      vertex 0 -16 157
      vertex -2.08842 -15.8631 157
    endloop
  endfacet
  facet normal -0.0654116 -0.997858 -0
    outer loop
      vertex 0 -16 157
      vertex -2.08842 -15.8631 145
      vertex 0 -16 145
    endloop
  endfacet
  facet normal 0.0654002 -0.997859 0
    outer loop
      vertex 2.8 -1 219.643
      vertex 2.93053 -0.991445 241
      vertex 2.8 -1 241
    endloop
  endfacet
  facet normal 0.0654002 -0.997859 0
    outer loop
      vertex 2.93053 -0.991445 241
      vertex 2.8 -1 219.643
      vertex 2.93053 -0.991445 212.982
    endloop
  endfacet
  facet normal 0.980799 0.195024 0
    outer loop
      vertex 3.79144 0.130526 241
      vertex 3.76593 0.258819 191
      vertex 3.76593 0.258819 241
    endloop
  endfacet
  facet normal 0.980799 0.195024 0
    outer loop
      vertex 3.76593 0.258819 191
      vertex 3.79144 0.130526 241
      vertex 3.79144 0.130526 191
    endloop
  endfacet
  facet normal 0.997856 0.0654402 0
    outer loop
      vertex 3.8 0 241
      vertex 3.79144 0.130526 191
      vertex 3.79144 0.130526 241
    endloop
  endfacet
  facet normal 0.997856 0.0654402 0
    outer loop
      vertex 3.79144 0.130526 191
      vertex 3.8 0 241
      vertex 3.8 0 191
    endloop
  endfacet
  facet normal 0.831441 0.555614 0
    outer loop
      vertex 3.66603 0.5 241
      vertex 3.59335 0.608761 191
      vertex 3.59335 0.608761 241
    endloop
  endfacet
  facet normal 0.831441 0.555614 0
    outer loop
      vertex 3.59335 0.608761 191
      vertex 3.66603 0.5 241
      vertex 3.66603 0.5 191
    endloop
  endfacet
  facet normal 0.896886 0.442262 0
    outer loop
      vertex 3.72388 0.382683 241
      vertex 3.66603 0.5 191
      vertex 3.66603 0.5 241
    endloop
  endfacet
  facet normal 0.896886 0.442262 0
    outer loop
      vertex 3.66603 0.5 191
      vertex 3.72388 0.382683 241
      vertex 3.72388 0.382683 191
    endloop
  endfacet
  facet normal -0.321448 0.946927 0
    outer loop
      vertex 2.54118 0.965925 241
      vertex 2.41732 0.923879 240.965
      vertex 2.41732 0.923879 241
    endloop
  endfacet
  facet normal -0.321448 0.946927 1.82013e-07
    outer loop
      vertex 2.54118 0.965925 241
      vertex 2.48896 0.948199 236.795
      vertex 2.41732 0.923879 240.965
    endloop
  endfacet
  facet normal -0.321435 0.946932 0
    outer loop
      vertex 2.48896 0.948199 236.795
      vertex 2.54118 0.965925 241
      vertex 2.54118 0.965925 233.755
    endloop
  endfacet
  facet normal 0.751867 0.659315 0
    outer loop
      vertex 3.59335 0.608761 241
      vertex 3.50711 0.707107 191
      vertex 3.50711 0.707107 241
    endloop
  endfacet
  facet normal 0.751867 0.659315 0
    outer loop
      vertex 3.50711 0.707107 191
      vertex 3.59335 0.608761 241
      vertex 3.59335 0.608761 191
    endloop
  endfacet
  facet normal 0.442277 -0.896878 0
    outer loop
      vertex 3.18268 -0.923879 201.018
      vertex 3.3 -0.866025 241
      vertex 3.18268 -0.923879 241
    endloop
  endfacet
  facet normal 0.442302 -0.896866 -8.82244e-08
    outer loop
      vertex 3.202 -0.914351 200.178
      vertex 3.3 -0.866025 241
      vertex 3.18268 -0.923879 201.018
    endloop
  endfacet
  facet normal 0.442259 -0.896887 3.97703e-08
    outer loop
      vertex 3.27608 -0.877822 196.96
      vertex 3.3 -0.866025 241
      vertex 3.202 -0.914351 200.178
    endloop
  endfacet
  facet normal 0.442318 -0.896858 0
    outer loop
      vertex 3.3 -0.866025 241
      vertex 3.27608 -0.877822 196.96
      vertex 3.3 -0.866025 195.793
    endloop
  endfacet
  facet normal -0 0 1
    outer loop
      vertex 3.79144 0.130526 191
      vertex 10 0 191
      vertex 9.91445 1.30526 191
    endloop
  endfacet
  facet normal 0 0 1
    outer loop
      vertex 3.76593 0.258819 191
      vertex 9.91445 1.30526 191
      vertex 9.65926 2.58819 191
    endloop
  endfacet
  facet normal 0 0 1
    outer loop
      vertex 10 0 191
      vertex 3.79144 0.130526 191
      vertex 3.8 0 191
    endloop
  endfacet
  facet normal 0 0 1
    outer loop
      vertex 3.66603 0.5 191
      vertex 9.65926 2.58819 191
      vertex 9.2388 3.82683 191
    endloop
  endfacet
  facet normal 0 0 1
    outer loop
      vertex 3.79144 -0.130526 191
      vertex 10 0 191
      vertex 3.8 0 191
    endloop
  endfacet
  facet normal 0 0 1
    outer loop
      vertex 3.23358 1.33939 191
      vertex 9.2388 3.82683 191
      vertex 8.66025 5 191
    endloop
  endfacet
  facet normal 0 0 1
    outer loop
      vertex 10 0 191
      vertex 3.79144 -0.130526 191
      vertex 9.91445 -1.30526 191
    endloop
  endfacet
  facet normal 0 0 1
    outer loop
      vertex 3.03109 1.75 191
      vertex 8.66025 5 191
      vertex 7.93353 6.08761 191
    endloop
  endfacet
  facet normal -0 0 1
    outer loop
      vertex 3.76593 -0.258819 191
      vertex 9.91445 -1.30526 191
      vertex 3.79144 -0.130526 191
    endloop
  endfacet
  facet normal 0 0 1
    outer loop
      vertex 2.77674 2.13066 191
      vertex 7.93353 6.08761 191
      vertex 7.07107 7.07107 191
    endloop
  endfacet
  facet normal 0 0 1
    outer loop
      vertex 9.91445 -1.30526 191
      vertex 3.76593 -0.258819 191
      vertex 9.65926 -2.58819 191
    endloop
  endfacet
  facet normal 0 0 1
    outer loop
      vertex 2.47487 2.47487 191
      vertex 7.07107 7.07107 191
      vertex 6.08761 7.93353 191
    endloop
  endfacet
  facet normal -0 0 1
    outer loop
      vertex 3.72388 -0.382683 191
      vertex 9.65926 -2.58819 191
      vertex 3.76593 -0.258819 191
    endloop
  endfacet
  facet normal 0 0 1
    outer loop
      vertex 2.13066 2.77674 191
      vertex 6.08761 7.93353 191
      vertex 5 8.66025 191
    endloop
  endfacet
  facet normal 0 0 1
    outer loop
      vertex 9.65926 -2.58819 191
      vertex 3.66603 -0.5 191
      vertex 9.2388 -3.82683 191
    endloop
  endfacet
  facet normal 0 0 1
    outer loop
      vertex 1.75 3.03109 191
      vertex 5 8.66025 191
      vertex 3.82683 9.2388 191
    endloop
  endfacet
  facet normal -0 0 1
    outer loop
      vertex 3.59335 -0.608761 191
      vertex 9.2388 -3.82683 191
      vertex 3.66603 -0.5 191
    endloop
  endfacet
  facet normal 0 0 1
    outer loop
      vertex 9.2388 -3.82683 191
      vertex 3.23358 -1.33939 191
      vertex 8.66025 -5 191
    endloop
  endfacet
  facet normal -0 0 1
    outer loop
      vertex 3.66603 -0.5 191
      vertex 9.65926 -2.58819 191
      vertex 3.72388 -0.382683 191
    endloop
  endfacet
  facet normal 0 0 1
    outer loop
      vertex 9.91445 1.30526 191
      vertex 3.76593 0.258819 191
      vertex 3.79144 0.130526 191
    endloop
  endfacet
  facet normal 0 0 1
    outer loop
      vertex 9.65926 2.58819 191
      vertex 3.72388 0.382683 191
      vertex 3.76593 0.258819 191
    endloop
  endfacet
  facet normal 0 0 1
    outer loop
      vertex 9.65926 2.58819 191
      vertex 3.66603 0.5 191
      vertex 3.72388 0.382683 191
    endloop
  endfacet
  facet normal 0 -0 1
    outer loop
      vertex 3.59335 0.608761 191
      vertex 9.2388 3.82683 191
      vertex 3.23358 1.33939 191
    endloop
  endfacet
  facet normal 0 0 1
    outer loop
      vertex 9.2388 3.82683 191
      vertex 3.59335 0.608761 191
      vertex 3.66603 0.5 191
    endloop
  endfacet
  facet normal -0 -0 1
    outer loop
      vertex 3.38074 0.905867 191
      vertex 3.59335 0.608761 191
      vertex 3.23358 1.33939 191
    endloop
  endfacet
  facet normal 0 0 1
    outer loop
      vertex 3.50711 0.707107 191
      vertex 3.38074 0.905867 191
      vertex 3.40876 0.793353 191
    endloop
  endfacet
  facet normal 0 0 1
    outer loop
      vertex 3.40876 0.793353 191
      vertex 3.38074 0.905867 191
      vertex 3.40226 0.7977 191
    endloop
  endfacet
  facet normal 0 0 1
    outer loop
      vertex 3.59335 0.608761 191
      vertex 3.38074 0.905867 191
      vertex 3.50711 0.707107 191
    endloop
  endfacet
  facet normal 0 0 1
    outer loop
      vertex 8.66025 5 191
      vertex 3.03109 1.75 191
      vertex 3.23358 1.33939 191
    endloop
  endfacet
  facet normal 0 0 1
    outer loop
      vertex 7.93353 6.08761 191
      vertex 2.77674 2.13066 191
      vertex 3.03109 1.75 191
    endloop
  endfacet
  facet normal 0 0 1
    outer loop
      vertex 1.33939 3.23358 191
      vertex 3.82683 9.2388 191
      vertex 2.58819 9.65926 191
    endloop
  endfacet
  facet normal 0 0 1
    outer loop
      vertex 7.07107 7.07107 191
      vertex 2.47487 2.47487 191
      vertex 2.77674 2.13066 191
    endloop
  endfacet
  facet normal 0 0 1
    outer loop
      vertex 6.08761 7.93353 191
      vertex 2.13066 2.77674 191
      vertex 2.47487 2.47487 191
    endloop
  endfacet
  facet normal 0 0 1
    outer loop
      vertex 5 8.66025 191
      vertex 1.75 3.03109 191
      vertex 2.13066 2.77674 191
    endloop
  endfacet
  facet normal 0 0 1
    outer loop
      vertex 3.82683 9.2388 191
      vertex 1.33939 3.23358 191
      vertex 1.75 3.03109 191
    endloop
  endfacet
  facet normal 0 0 1
    outer loop
      vertex 0.905867 3.38074 191
      vertex 2.58819 9.65926 191
      vertex 1.30526 9.91445 191
    endloop
  endfacet
  facet normal 0 0 1
    outer loop
      vertex 2.58819 9.65926 191
      vertex 0.905867 3.38074 191
      vertex 1.33939 3.23358 191
    endloop
  endfacet
  facet normal 0 0 1
    outer loop
      vertex 1.30526 9.91445 191
      vertex 0.456841 3.47006 191
      vertex 0.905867 3.38074 191
    endloop
  endfacet
  facet normal 0 0 1
    outer loop
      vertex 0 10 191
      vertex 0.456841 3.47006 191
      vertex 1.30526 9.91445 191
    endloop
  endfacet
  facet normal 0 0 1
    outer loop
      vertex 0 10 191
      vertex 0 3.5 191
      vertex 0.456841 3.47006 191
    endloop
  endfacet
  facet normal 0 0 1
    outer loop
      vertex 0 10 191
      vertex -0.456841 3.47006 191
      vertex 0 3.5 191
    endloop
  endfacet
  facet normal -0 0 1
    outer loop
      vertex -1.30526 9.91445 191
      vertex -0.456841 3.47006 191
      vertex 0 10 191
    endloop
  endfacet
  facet normal 0 0 1
    outer loop
      vertex -0.456841 3.47006 191
      vertex -1.30526 9.91445 191
      vertex -0.905867 3.38074 191
    endloop
  endfacet
  facet normal -0 0 1
    outer loop
      vertex -2.58819 9.65926 191
      vertex -0.905867 3.38074 191
      vertex -1.30526 9.91445 191
    endloop
  endfacet
  facet normal 0 0 1
    outer loop
      vertex -0.905867 3.38074 191
      vertex -2.58819 9.65926 191
      vertex -1.33939 3.23358 191
    endloop
  endfacet
  facet normal -0 0 1
    outer loop
      vertex -3.82683 9.2388 191
      vertex -1.33939 3.23358 191
      vertex -2.58819 9.65926 191
    endloop
  endfacet
  facet normal 0 0 1
    outer loop
      vertex -1.33939 3.23358 191
      vertex -3.82683 9.2388 191
      vertex -1.75 3.03109 191
    endloop
  endfacet
  facet normal -0 0 1
    outer loop
      vertex -5 8.66025 191
      vertex -1.75 3.03109 191
      vertex -3.82683 9.2388 191
    endloop
  endfacet
  facet normal 0 0 1
    outer loop
      vertex -1.75 3.03109 191
      vertex -5 8.66025 191
      vertex -2.13066 2.77674 191
    endloop
  endfacet
  facet normal -0 0 1
    outer loop
      vertex -6.08761 7.93353 191
      vertex -2.13066 2.77674 191
      vertex -5 8.66025 191
    endloop
  endfacet
  facet normal 0 0 1
    outer loop
      vertex -2.13066 2.77674 191
      vertex -6.08761 7.93353 191
      vertex -2.47487 2.47487 191
    endloop
  endfacet
  facet normal -0 0 1
    outer loop
      vertex -7.07107 7.07107 191
      vertex -2.47487 2.47487 191
      vertex -6.08761 7.93353 191
    endloop
  endfacet
  facet normal 0 0 1
    outer loop
      vertex -2.47487 2.47487 191
      vertex -7.07107 7.07107 191
      vertex -2.77674 2.13066 191
    endloop
  endfacet
  facet normal -0 0 1
    outer loop
      vertex -7.93353 6.08761 191
      vertex -2.77674 2.13066 191
      vertex -7.07107 7.07107 191
    endloop
  endfacet
  facet normal 0 0 1
    outer loop
      vertex -2.77674 2.13066 191
      vertex -7.93353 6.08761 191
      vertex -3.03109 1.75 191
    endloop
  endfacet
  facet normal -0 0 1
    outer loop
      vertex -8.66025 5 191
      vertex -3.03109 1.75 191
      vertex -7.93353 6.08761 191
    endloop
  endfacet
  facet normal 0 0 1
    outer loop
      vertex -3.03109 1.75 191
      vertex -8.66025 5 191
      vertex -3.23358 1.33939 191
    endloop
  endfacet
  facet normal -0 0 1
    outer loop
      vertex -9.2388 3.82683 191
      vertex -3.23358 1.33939 191
      vertex -8.66025 5 191
    endloop
  endfacet
  facet normal 0 0 1
    outer loop
      vertex -3.38074 0.905867 191
      vertex -3.40876 0.793353 191
      vertex -3.40226 0.7977 191
    endloop
  endfacet
  facet normal 0 -0 1
    outer loop
      vertex -3.59335 0.608761 191
      vertex -3.23358 1.33939 191
      vertex -9.2388 3.82683 191
    endloop
  endfacet
  facet normal 0 0 1
    outer loop
      vertex -3.23358 1.33939 191
      vertex -3.59335 0.608761 191
      vertex -3.38074 0.905867 191
    endloop
  endfacet
  facet normal 0 0 1
    outer loop
      vertex -3.38074 0.905867 191
      vertex -3.50711 0.707107 191
      vertex -3.40876 0.793353 191
    endloop
  endfacet
  facet normal -0 0 1
    outer loop
      vertex 3.03109 -1.75 191
      vertex 8.66025 -5 191
      vertex 3.23358 -1.33939 191
    endloop
  endfacet
  facet normal 0 0 1
    outer loop
      vertex 8.66025 -5 191
      vertex 3.03109 -1.75 191
      vertex 7.93353 -6.08761 191
    endloop
  endfacet
  facet normal -0 0 1
    outer loop
      vertex 2.77674 -2.13066 191
      vertex 7.93353 -6.08761 191
      vertex 3.03109 -1.75 191
    endloop
  endfacet
  facet normal 0 0 1
    outer loop
      vertex 7.93353 -6.08761 191
      vertex 2.77674 -2.13066 191
      vertex 7.07107 -7.07107 191
    endloop
  endfacet
  facet normal 0 0 1
    outer loop
      vertex 9.2388 -3.82683 191
      vertex 3.59335 -0.608761 191
      vertex 3.23358 -1.33939 191
    endloop
  endfacet
  facet normal 0 0 1
    outer loop
      vertex 3.38074 -0.905867 191
      vertex 3.59335 -0.608761 191
      vertex 3.50711 -0.707107 191
    endloop
  endfacet
  facet normal 0 0 1
    outer loop
      vertex 3.38074 -0.905867 191
      vertex 3.50711 -0.707107 191
      vertex 3.40876 -0.793353 191
    endloop
  endfacet
  facet normal 0 0 1
    outer loop
      vertex 3.38074 -0.905867 191
      vertex 3.40876 -0.793353 191
      vertex 3.40226 -0.7977 191
    endloop
  endfacet
  facet normal 0 0 1
    outer loop
      vertex 3.59335 -0.608761 191
      vertex 3.38074 -0.905867 191
      vertex 3.23358 -1.33939 191
    endloop
  endfacet
  facet normal -0 0 1
    outer loop
      vertex 2.47487 -2.47487 191
      vertex 7.07107 -7.07107 191
      vertex 2.77674 -2.13066 191
    endloop
  endfacet
  facet normal 0 0 1
    outer loop
      vertex 7.07107 -7.07107 191
      vertex 2.47487 -2.47487 191
      vertex 6.08761 -7.93353 191
    endloop
  endfacet
  facet normal -0 0 1
    outer loop
      vertex 2.13066 -2.77674 191
      vertex 6.08761 -7.93353 191
      vertex 2.47487 -2.47487 191
    endloop
  endfacet
  facet normal 0 0 1
    outer loop
      vertex 6.08761 -7.93353 191
      vertex 2.13066 -2.77674 191
      vertex 5 -8.66025 191
    endloop
  endfacet
  facet normal -0 0 1
    outer loop
      vertex 1.75 -3.03109 191
      vertex 5 -8.66025 191
      vertex 2.13066 -2.77674 191
    endloop
  endfacet
  facet normal 0 0 1
    outer loop
      vertex 5 -8.66025 191
      vertex 1.75 -3.03109 191
      vertex 3.82683 -9.2388 191
    endloop
  endfacet
  facet normal -0 0 1
    outer loop
      vertex 1.33939 -3.23358 191
      vertex 3.82683 -9.2388 191
      vertex 1.75 -3.03109 191
    endloop
  endfacet
  facet normal 0 0 1
    outer loop
      vertex 3.82683 -9.2388 191
      vertex 1.33939 -3.23358 191
      vertex 2.58819 -9.65926 191
    endloop
  endfacet
  facet normal -0 0 1
    outer loop
      vertex 0.905867 -3.38074 191
      vertex 2.58819 -9.65926 191
      vertex 1.33939 -3.23358 191
    endloop
  endfacet
  facet normal 0 0 1
    outer loop
      vertex 2.58819 -9.65926 191
      vertex 0.905867 -3.38074 191
      vertex 1.30526 -9.91445 191
    endloop
  endfacet
  facet normal -0 0 1
    outer loop
      vertex 0.456841 -3.47006 191
      vertex 1.30526 -9.91445 191
      vertex 0.905867 -3.38074 191
    endloop
  endfacet
  facet normal -0 0 1
    outer loop
      vertex 0 -3.5 191
      vertex 1.30526 -9.91445 191
      vertex 0.456841 -3.47006 191
    endloop
  endfacet
  facet normal 0 0 1
    outer loop
      vertex 0 -3.5 191
      vertex 0 -10 191
      vertex 1.30526 -9.91445 191
    endloop
  endfacet
  facet normal 0 0 1
    outer loop
      vertex -0.456841 -3.47006 191
      vertex 0 -10 191
      vertex 0 -3.5 191
    endloop
  endfacet
  facet normal 0 0 1
    outer loop
      vertex -1.30526 -9.91445 191
      vertex -0.456841 -3.47006 191
      vertex -0.905867 -3.38074 191
    endloop
  endfacet
  facet normal 0 0 1
    outer loop
      vertex -0.456841 -3.47006 191
      vertex -1.30526 -9.91445 191
      vertex 0 -10 191
    endloop
  endfacet
  facet normal 0 0 1
    outer loop
      vertex -2.58819 -9.65926 191
      vertex -0.905867 -3.38074 191
      vertex -1.33939 -3.23358 191
    endloop
  endfacet
  facet normal 0 0 1
    outer loop
      vertex -3.82683 -9.2388 191
      vertex -1.33939 -3.23358 191
      vertex -1.75 -3.03109 191
    endloop
  endfacet
  facet normal 0 0 1
    outer loop
      vertex -5 -8.66025 191
      vertex -1.75 -3.03109 191
      vertex -2.13066 -2.77674 191
    endloop
  endfacet
  facet normal 0 0 1
    outer loop
      vertex -6.08761 -7.93353 191
      vertex -2.13066 -2.77674 191
      vertex -2.47487 -2.47487 191
    endloop
  endfacet
  facet normal 0 0 1
    outer loop
      vertex -0.905867 -3.38074 191
      vertex -2.58819 -9.65926 191
      vertex -1.30526 -9.91445 191
    endloop
  endfacet
  facet normal 0 0 1
    outer loop
      vertex -7.07107 -7.07107 191
      vertex -2.47487 -2.47487 191
      vertex -2.77674 -2.13066 191
    endloop
  endfacet
  facet normal 0 0 1
    outer loop
      vertex -7.93353 -6.08761 191
      vertex -2.77674 -2.13066 191
      vertex -3.03109 -1.75 191
    endloop
  endfacet
  facet normal 0 0 1
    outer loop
      vertex -8.66025 -5 191
      vertex -3.03109 -1.75 191
      vertex -3.23358 -1.33939 191
    endloop
  endfacet
  facet normal 0 0 1
    outer loop
      vertex -3.59335 -0.608761 191
      vertex -3.23358 -1.33939 191
      vertex -3.38074 -0.905867 191
    endloop
  endfacet
  facet normal 0 0 1
    outer loop
      vertex -3.40876 -0.793353 191
      vertex -3.38074 -0.905867 191
      vertex -3.40226 -0.7977 191
    endloop
  endfacet
  facet normal 0 0 1
    outer loop
      vertex -3.50711 -0.707107 191
      vertex -3.38074 -0.905867 191
      vertex -3.40876 -0.793353 191
    endloop
  endfacet
  facet normal 0 0 1
    outer loop
      vertex -3.59335 -0.608761 191
      vertex -3.38074 -0.905867 191
      vertex -3.50711 -0.707107 191
    endloop
  endfacet
  facet normal 0 0 1
    outer loop
      vertex -3.23358 -1.33939 191
      vertex -3.59335 -0.608761 191
      vertex -9.2388 -3.82683 191
    endloop
  endfacet
  facet normal 0 0 1
    outer loop
      vertex -9.2388 -3.82683 191
      vertex -3.59335 -0.608761 191
      vertex -3.66603 -0.5 191
    endloop
  endfacet
  facet normal 0 0 1
    outer loop
      vertex -9.65926 -2.58819 191
      vertex -3.66603 -0.5 191
      vertex -3.72388 -0.382683 191
    endloop
  endfacet
  facet normal 0 0 1
    outer loop
      vertex -9.65926 -2.58819 191
      vertex -3.72388 -0.382683 191
      vertex -3.76593 -0.258819 191
    endloop
  endfacet
  facet normal 0 0 1
    outer loop
      vertex -9.91445 -1.30526 191
      vertex -3.76593 -0.258819 191
      vertex -3.79144 -0.130526 191
    endloop
  endfacet
  facet normal 0 0 1
    outer loop
      vertex -1.33939 -3.23358 191
      vertex -3.82683 -9.2388 191
      vertex -2.58819 -9.65926 191
    endloop
  endfacet
  facet normal -0 0 1
    outer loop
      vertex -10 0 191
      vertex -3.79144 -0.130526 191
      vertex -3.8 0 191
    endloop
  endfacet
  facet normal 0 0 1
    outer loop
      vertex -3.38074 0.905867 191
      vertex -3.59335 0.608761 191
      vertex -3.50711 0.707107 191
    endloop
  endfacet
  facet normal 0 0 1
    outer loop
      vertex -3.59335 0.608761 191
      vertex -9.2388 3.82683 191
      vertex -3.66603 0.5 191
    endloop
  endfacet
  facet normal 0 0 1
    outer loop
      vertex -1.75 -3.03109 191
      vertex -5 -8.66025 191
      vertex -3.82683 -9.2388 191
    endloop
  endfacet
  facet normal -0 0 1
    outer loop
      vertex -9.65926 2.58819 191
      vertex -3.66603 0.5 191
      vertex -9.2388 3.82683 191
    endloop
  endfacet
  facet normal 0 0 1
    outer loop
      vertex -2.13066 -2.77674 191
      vertex -6.08761 -7.93353 191
      vertex -5 -8.66025 191
    endloop
  endfacet
  facet normal 0 0 1
    outer loop
      vertex -3.66603 0.5 191
      vertex -9.65926 2.58819 191
      vertex -3.72388 0.382683 191
    endloop
  endfacet
  facet normal 0 0 1
    outer loop
      vertex -2.47487 -2.47487 191
      vertex -7.07107 -7.07107 191
      vertex -6.08761 -7.93353 191
    endloop
  endfacet
  facet normal 0 0 1
    outer loop
      vertex -3.72388 0.382683 191
      vertex -9.65926 2.58819 191
      vertex -3.76593 0.258819 191
    endloop
  endfacet
  facet normal 0 0 1
    outer loop
      vertex -2.77674 -2.13066 191
      vertex -7.93353 -6.08761 191
      vertex -7.07107 -7.07107 191
    endloop
  endfacet
  facet normal -0 0 1
    outer loop
      vertex -9.91445 1.30526 191
      vertex -3.76593 0.258819 191
      vertex -9.65926 2.58819 191
    endloop
  endfacet
  facet normal 0 0 1
    outer loop
      vertex -3.03109 -1.75 191
      vertex -8.66025 -5 191
      vertex -7.93353 -6.08761 191
    endloop
  endfacet
  facet normal 0 0 1
    outer loop
      vertex -3.76593 0.258819 191
      vertex -9.91445 1.30526 191
      vertex -3.79144 0.130526 191
    endloop
  endfacet
  facet normal 0 0 1
    outer loop
      vertex -3.23358 -1.33939 191
      vertex -9.2388 -3.82683 191
      vertex -8.66025 -5 191
    endloop
  endfacet
  facet normal 0 0 1
    outer loop
      vertex -10 0 191
      vertex -3.79144 0.130526 191
      vertex -9.91445 1.30526 191
    endloop
  endfacet
  facet normal 0 0 1
    outer loop
      vertex -3.66603 -0.5 191
      vertex -9.65926 -2.58819 191
      vertex -9.2388 -3.82683 191
    endloop
  endfacet
  facet normal 0 0 1
    outer loop
      vertex -3.79144 0.130526 191
      vertex -10 0 191
      vertex -3.8 0 191
    endloop
  endfacet
  facet normal 0 0 1
    outer loop
      vertex -3.76593 -0.258819 191
      vertex -9.91445 -1.30526 191
      vertex -9.65926 -2.58819 191
    endloop
  endfacet
  facet normal 0 0 1
    outer loop
      vertex -3.79144 -0.130526 191
      vertex -10 0 191
      vertex -9.91445 -1.30526 191
    endloop
  endfacet
  facet normal -0.195102 0.980783 0
    outer loop
      vertex 2.66947 0.991445 241
      vertex 2.54118 0.965925 233.755
      vertex 2.54118 0.965925 241
    endloop
  endfacet
  facet normal -0.195102 0.980783 0
    outer loop
      vertex 2.54118 0.965925 233.755
      vertex 2.66947 0.991445 241
      vertex 2.66947 0.991445 226.607
    endloop
  endfacet
  facet normal 0.980799 -0.195024 0
    outer loop
      vertex 3.76593 -0.258819 241
      vertex 3.79144 -0.130526 191
      vertex 3.79144 -0.130526 241
    endloop
  endfacet
  facet normal 0.980799 -0.195024 0
    outer loop
      vertex 3.79144 -0.130526 191
      vertex 3.76593 -0.258819 241
      vertex 3.76593 -0.258819 191
    endloop
  endfacet
  facet normal 0.751867 -0.659315 0
    outer loop
      vertex 3.50711 -0.707107 241
      vertex 3.59335 -0.608761 191
      vertex 3.59335 -0.608761 241
    endloop
  endfacet
  facet normal 0.751867 -0.659315 0
    outer loop
      vertex 3.59335 -0.608761 191
      vertex 3.50711 -0.707107 241
      vertex 3.50711 -0.707107 191
    endloop
  endfacet
  facet normal 0.195102 0.980783 0
    outer loop
      vertex 3.05882 0.965925 241
      vertex 2.93053 0.991445 212.982
      vertex 2.93053 0.991445 241
    endloop
  endfacet
  facet normal 0.195102 0.980783 0
    outer loop
      vertex 2.93053 0.991445 212.982
      vertex 3.05882 0.965925 241
      vertex 3.05882 0.965925 206.738
    endloop
  endfacet
  facet normal 0.831441 -0.555614 0
    outer loop
      vertex 3.59335 -0.608761 241
      vertex 3.66603 -0.5 191
      vertex 3.66603 -0.5 241
    endloop
  endfacet
  facet normal 0.831441 -0.555614 0
    outer loop
      vertex 3.66603 -0.5 191
      vertex 3.59335 -0.608761 241
      vertex 3.59335 -0.608761 191
    endloop
  endfacet
  facet normal 0.659326 -0.751857 0
    outer loop
      vertex 3.40876 -0.793353 191
      vertex 3.50711 -0.707107 241
      vertex 3.40876 -0.793353 241
    endloop
  endfacet
  facet normal 0.659326 -0.751857 0
    outer loop
      vertex 3.50711 -0.707107 241
      vertex 3.40876 -0.793353 191
      vertex 3.50711 -0.707107 191
    endloop
  endfacet
  facet normal 0.997856 -0.0654402 0
    outer loop
      vertex 3.79144 -0.130526 241
      vertex 3.8 0 191
      vertex 3.8 0 241
    endloop
  endfacet
  facet normal 0.997856 -0.0654402 0
    outer loop
      vertex 3.8 0 191
      vertex 3.79144 -0.130526 241
      vertex 3.79144 -0.130526 191
    endloop
  endfacet
  facet normal 0.321448 -0.946927 0
    outer loop
      vertex 3.05882 -0.965925 206.738
      vertex 3.18268 -0.923879 241
      vertex 3.05882 -0.965925 241
    endloop
  endfacet
  facet normal 0.321448 -0.946927 0
    outer loop
      vertex 3.18268 -0.923879 241
      vertex 3.05882 -0.965925 206.738
      vertex 3.18268 -0.923879 201.018
    endloop
  endfacet
  facet normal 0.321448 0.946927 0
    outer loop
      vertex 3.18268 0.923879 241
      vertex 3.05882 0.965925 206.738
      vertex 3.05882 0.965925 241
    endloop
  endfacet
  facet normal 0.321448 0.946927 0
    outer loop
      vertex 3.05882 0.965925 206.738
      vertex 3.18268 0.923879 241
      vertex 3.18268 0.923879 201.018
    endloop
  endfacet
  facet normal -0.442258 0.896888 0
    outer loop
      vertex 2.41732 0.923879 240.965
      vertex 2.41674 0.923593 241
      vertex 2.41732 0.923879 241
    endloop
  endfacet
  facet normal 0.442277 0.896878 0
    outer loop
      vertex 3.3 0.866025 241
      vertex 3.18268 0.923879 201.018
      vertex 3.18268 0.923879 241
    endloop
  endfacet
  facet normal 0.442302 0.896866 -8.82244e-08
    outer loop
      vertex 3.3 0.866025 241
      vertex 3.202 0.914351 200.178
      vertex 3.18268 0.923879 201.018
    endloop
  endfacet
  facet normal 0.442259 0.896887 3.97703e-08
    outer loop
      vertex 3.3 0.866025 241
      vertex 3.27608 0.877822 196.96
      vertex 3.202 0.914351 200.178
    endloop
  endfacet
  facet normal 0.442318 0.896858 0
    outer loop
      vertex 3.27608 0.877822 196.96
      vertex 3.3 0.866025 241
      vertex 3.3 0.866025 195.793
    endloop
  endfacet
  facet normal -0.195102 -0.980783 0
    outer loop
      vertex 2.54118 -0.965925 233.755
      vertex 2.66947 -0.991445 241
      vertex 2.54118 -0.965925 241
    endloop
  endfacet
  facet normal -0.195102 -0.980783 -0
    outer loop
      vertex 2.66947 -0.991445 241
      vertex 2.54118 -0.965925 233.755
      vertex 2.66947 -0.991445 226.607
    endloop
  endfacet
  facet normal 0.659326 0.751857 -0
    outer loop
      vertex 3.50711 0.707107 191
      vertex 3.40876 0.793353 241
      vertex 3.50711 0.707107 241
    endloop
  endfacet
  facet normal 0.659326 0.751857 0
    outer loop
      vertex 3.40876 0.793353 241
      vertex 3.50711 0.707107 191
      vertex 3.40876 0.793353 191
    endloop
  endfacet
  facet normal 0.555575 -0.831466 0
    outer loop
      vertex 3.3 -0.866025 195.793
      vertex 3.40876 -0.793353 241
      vertex 3.3 -0.866025 241
    endloop
  endfacet
  facet normal 0.555465 -0.83154 3.82917e-07
    outer loop
      vertex 3.30918 -0.859893 195.363
      vertex 3.40876 -0.793353 241
      vertex 3.3 -0.866025 195.793
    endloop
  endfacet
  facet normal 0.55591 -0.831243 1.06768e-05
    outer loop
      vertex 3.40876 -0.793353 191
      vertex 3.30918 -0.859893 195.363
      vertex 3.40226 -0.7977 191
    endloop
  endfacet
  facet normal 0.555586 -0.831459 0
    outer loop
      vertex 3.30918 -0.859893 195.363
      vertex 3.40876 -0.793353 191
      vertex 3.40876 -0.793353 241
    endloop
  endfacet
  facet normal 0.896886 -0.442262 0
    outer loop
      vertex 3.66603 -0.5 241
      vertex 3.72388 -0.382683 191
      vertex 3.72388 -0.382683 241
    endloop
  endfacet
  facet normal 0.896886 -0.442262 0
    outer loop
      vertex 3.72388 -0.382683 191
      vertex 3.66603 -0.5 241
      vertex 3.66603 -0.5 191
    endloop
  endfacet
  facet normal 0.946921 0.321466 0
    outer loop
      vertex 3.76593 0.258819 241
      vertex 3.72388 0.382683 191
      vertex 3.72388 0.382683 241
    endloop
  endfacet
  facet normal 0.946921 0.321466 0
    outer loop
      vertex 3.72388 0.382683 191
      vertex 3.76593 0.258819 241
      vertex 3.76593 0.258819 191
    endloop
  endfacet
  facet normal 0.0654002 0.997859 0
    outer loop
      vertex 2.93053 0.991445 241
      vertex 2.8 1 219.643
      vertex 2.8 1 241
    endloop
  endfacet
  facet normal 0.0654002 0.997859 0
    outer loop
      vertex 2.8 1 219.643
      vertex 2.93053 0.991445 241
      vertex 2.93053 0.991445 212.982
    endloop
  endfacet
  facet normal 0.195102 -0.980783 0
    outer loop
      vertex 2.93053 -0.991445 212.982
      vertex 3.05882 -0.965925 241
      vertex 2.93053 -0.991445 241
    endloop
  endfacet
  facet normal 0.195102 -0.980783 0
    outer loop
      vertex 3.05882 -0.965925 241
      vertex 2.93053 -0.991445 212.982
      vertex 3.05882 -0.965925 206.738
    endloop
  endfacet
  facet normal -0.321448 -0.946927 0
    outer loop
      vertex 2.41732 -0.923879 240.965
      vertex 2.54118 -0.965925 241
      vertex 2.41732 -0.923879 241
    endloop
  endfacet
  facet normal -0.321448 -0.946927 1.82013e-07
    outer loop
      vertex 2.48896 -0.948199 236.795
      vertex 2.54118 -0.965925 241
      vertex 2.41732 -0.923879 240.965
    endloop
  endfacet
  facet normal -0.321435 -0.946932 -0
    outer loop
      vertex 2.54118 -0.965925 241
      vertex 2.48896 -0.948199 236.795
      vertex 2.54118 -0.965925 233.755
    endloop
  endfacet
  facet normal 0.555575 0.831466 0
    outer loop
      vertex 3.40876 0.793353 241
      vertex 3.3 0.866025 195.793
      vertex 3.3 0.866025 241
    endloop
  endfacet
  facet normal 0.555465 0.83154 3.82917e-07
    outer loop
      vertex 3.40876 0.793353 241
      vertex 3.30918 0.859893 195.363
      vertex 3.3 0.866025 195.793
    endloop
  endfacet
  facet normal 0.555586 0.831459 -0
    outer loop
      vertex 3.40876 0.793353 191
      vertex 3.30918 0.859893 195.363
      vertex 3.40876 0.793353 241
    endloop
  endfacet
  facet normal 0.55591 0.831243 1.06768e-05
    outer loop
      vertex 3.30918 0.859893 195.363
      vertex 3.40876 0.793353 191
      vertex 3.40226 0.7977 191
    endloop
  endfacet
  facet normal -0.0654002 0.997859 0
    outer loop
      vertex 2.8 1 241
      vertex 2.66947 0.991445 226.607
      vertex 2.66947 0.991445 241
    endloop
  endfacet
  facet normal -0.0654002 0.997859 0
    outer loop
      vertex 2.66947 0.991445 226.607
      vertex 2.8 1 241
      vertex 2.8 1 219.643
    endloop
  endfacet
  facet normal 0 0 1
    outer loop
      vertex 2.59091 0 241
      vertex 3.8 0 241
      vertex 3.79144 0.130526 241
    endloop
  endfacet
  facet normal 0 0 1
    outer loop
      vertex 2.59091 0 241
      vertex 3.79144 0.130526 241
      vertex 3.76593 0.258819 241
    endloop
  endfacet
  facet normal 0 0 1
    outer loop
      vertex 3.8 0 241
      vertex 2.59091 0 241
      vertex 3.79144 -0.130526 241
    endloop
  endfacet
  facet normal 0 0 1
    outer loop
      vertex 2.59091 0 241
      vertex 3.76593 0.258819 241
      vertex 3.72388 0.382683 241
    endloop
  endfacet
  facet normal 0 0 1
    outer loop
      vertex 3.79144 -0.130526 241
      vertex 2.59091 0 241
      vertex 3.76593 -0.258819 241
    endloop
  endfacet
  facet normal 0 0 1
    outer loop
      vertex 2.59091 0 241
      vertex 3.72388 0.382683 241
      vertex 3.66603 0.5 241
    endloop
  endfacet
  facet normal 0 0 1
    outer loop
      vertex 3.76593 -0.258819 241
      vertex 2.59091 0 241
      vertex 3.72388 -0.382683 241
    endloop
  endfacet
  facet normal 0 0 1
    outer loop
      vertex 2.57147 0.29665 241
      vertex 3.66603 0.5 241
      vertex 3.59335 0.608761 241
    endloop
  endfacet
  facet normal 0 0 1
    outer loop
      vertex 3.72388 -0.382683 241
      vertex 2.59091 0 241
      vertex 3.66603 -0.5 241
    endloop
  endfacet
  facet normal 0 0 1
    outer loop
      vertex 2.57147 0.29665 241
      vertex 3.59335 0.608761 241
      vertex 3.50711 0.707107 241
    endloop
  endfacet
  facet normal -0 0 1
    outer loop
      vertex 2.57147 -0.29665 241
      vertex 3.66603 -0.5 241
      vertex 2.59091 0 241
    endloop
  endfacet
  facet normal 0 0 1
    outer loop
      vertex 2.57147 0.29665 241
      vertex 3.50711 0.707107 241
      vertex 3.40876 0.793353 241
    endloop
  endfacet
  facet normal 0 0 1
    outer loop
      vertex 3.66603 -0.5 241
      vertex 2.57147 -0.29665 241
      vertex 3.59335 -0.608761 241
    endloop
  endfacet
  facet normal 0 0 1
    outer loop
      vertex 2.56874 0.338181 241
      vertex 3.40876 0.793353 241
      vertex 3.3 0.866025 241
    endloop
  endfacet
  facet normal 0 0 1
    outer loop
      vertex 3.59335 -0.608761 241
      vertex 2.57147 -0.29665 241
      vertex 3.50711 -0.707107 241
    endloop
  endfacet
  facet normal 0 0 1
    outer loop
      vertex 2.56062 0.379001 241
      vertex 3.3 0.866025 241
      vertex 3.18268 0.923879 241
    endloop
  endfacet
  facet normal 0 0 1
    outer loop
      vertex 3.50711 -0.707107 241
      vertex 2.57147 -0.29665 241
      vertex 3.40876 -0.793353 241
    endloop
  endfacet
  facet normal 0 0 1
    outer loop
      vertex 2.56062 0.379001 241
      vertex 3.18268 0.923879 241
      vertex 3.05882 0.965925 241
    endloop
  endfacet
  facet normal -0 0 1
    outer loop
      vertex 2.56874 -0.338181 241
      vertex 3.40876 -0.793353 241
      vertex 2.57147 -0.29665 241
    endloop
  endfacet
  facet normal 0 0 1
    outer loop
      vertex 2.56062 0.379001 241
      vertex 3.05882 0.965925 241
      vertex 2.93053 0.991445 241
    endloop
  endfacet
  facet normal 0 0 1
    outer loop
      vertex 3.40876 -0.793353 241
      vertex 2.56874 -0.338181 241
      vertex 3.3 -0.866025 241
    endloop
  endfacet
  facet normal 0 0 1
    outer loop
      vertex 2.50263 0.670576 241
      vertex 2.93053 0.991445 241
      vertex 2.8 1 241
    endloop
  endfacet
  facet normal -0 0 1
    outer loop
      vertex 2.56062 -0.379001 241
      vertex 3.3 -0.866025 241
      vertex 2.56874 -0.338181 241
    endloop
  endfacet
  facet normal 0 0 1
    outer loop
      vertex 2.50263 0.670576 241
      vertex 2.8 1 241
      vertex 2.66947 0.991445 241
    endloop
  endfacet
  facet normal 0 0 1
    outer loop
      vertex 3.3 -0.866025 241
      vertex 2.56062 -0.379001 241
      vertex 3.18268 -0.923879 241
    endloop
  endfacet
  facet normal 0 0 1
    outer loop
      vertex 3.18268 -0.923879 241
      vertex 2.56062 -0.379001 241
      vertex 3.05882 -0.965925 241
    endloop
  endfacet
  facet normal 0 0 1
    outer loop
      vertex 3.66603 0.5 241
      vertex 2.57147 0.29665 241
      vertex 2.59091 0 241
    endloop
  endfacet
  facet normal 0 0 1
    outer loop
      vertex 3.40876 0.793353 241
      vertex 2.56874 0.338181 241
      vertex 2.57147 0.29665 241
    endloop
  endfacet
  facet normal 0 0 1
    outer loop
      vertex 3.3 0.866025 241
      vertex 2.56062 0.379001 241
      vertex 2.56874 0.338181 241
    endloop
  endfacet
  facet normal 0 0 1
    outer loop
      vertex 2.50263 0.670576 241
      vertex 2.66947 0.991445 241
      vertex 2.54118 0.965925 241
    endloop
  endfacet
  facet normal 0 0 1
    outer loop
      vertex 2.93053 0.991445 241
      vertex 2.50263 0.670576 241
      vertex 2.56062 0.379001 241
    endloop
  endfacet
  facet normal -0 0 1
    outer loop
      vertex 2.41732 0.923879 241
      vertex 2.50263 0.670576 241
      vertex 2.54118 0.965925 241
    endloop
  endfacet
  facet normal 0 0 1
    outer loop
      vertex 2.50263 0.670576 241
      vertex 2.41732 0.923879 241
      vertex 2.41674 0.923593 241
    endloop
  endfacet
  facet normal 0 0 1
    outer loop
      vertex 3.05882 -0.965925 241
      vertex 2.56062 -0.379001 241
      vertex 2.93053 -0.991445 241
    endloop
  endfacet
  facet normal -0 0 1
    outer loop
      vertex 2.50263 -0.670576 241
      vertex 2.93053 -0.991445 241
      vertex 2.56062 -0.379001 241
    endloop
  endfacet
  facet normal 0 0 1
    outer loop
      vertex 2.93053 -0.991445 241
      vertex 2.50263 -0.670576 241
      vertex 2.8 -1 241
    endloop
  endfacet
  facet normal 0 0 1
    outer loop
      vertex 2.8 -1 241
      vertex 2.50263 -0.670576 241
      vertex 2.66947 -0.991445 241
    endloop
  endfacet
  facet normal 0 0 1
    outer loop
      vertex 2.66947 -0.991445 241
      vertex 2.50263 -0.670576 241
      vertex 2.54118 -0.965925 241
    endloop
  endfacet
  facet normal 0 0 1
    outer loop
      vertex 2.50263 -0.670576 241
      vertex 2.41732 -0.923879 241
      vertex 2.54118 -0.965925 241
    endloop
  endfacet
  facet normal 0 -0 1
    outer loop
      vertex 2.41732 -0.923879 241
      vertex 2.50263 -0.670576 241
      vertex 2.41674 -0.923593 241
    endloop
  endfacet
  facet normal 0.946921 -0.321466 0
    outer loop
      vertex 3.72388 -0.382683 241
      vertex 3.76593 -0.258819 191
      vertex 3.76593 -0.258819 241
    endloop
  endfacet
  facet normal 0.946921 -0.321466 0
    outer loop
      vertex 3.76593 -0.258819 191
      vertex 3.72388 -0.382683 241
      vertex 3.72388 -0.382683 191
    endloop
  endfacet
  facet normal -0.0654002 -0.997859 0
    outer loop
      vertex 2.66947 -0.991445 226.607
      vertex 2.8 -1 241
      vertex 2.66947 -0.991445 241
    endloop
  endfacet
  facet normal -0.0654002 -0.997859 -0
    outer loop
      vertex 2.8 -1 241
      vertex 2.66947 -0.991445 226.607
      vertex 2.8 -1 219.643
    endloop
  endfacet
  facet normal -0.442258 -0.896888 -0
    outer loop
      vertex 2.41732 -0.923879 241
      vertex 2.41674 -0.923593 241
      vertex 2.41732 -0.923879 240.965
    endloop
  endfacet
  facet normal -0.980799 0.195024 0
    outer loop
      vertex -3.79144 0.130526 191
      vertex -3.76593 0.258819 241
      vertex -3.76593 0.258819 191
    endloop
  endfacet
  facet normal -0.980799 0.195024 0
    outer loop
      vertex -3.76593 0.258819 241
      vertex -3.79144 0.130526 191
      vertex -3.79144 0.130526 241
    endloop
  endfacet
  facet normal -0.0654002 0.997859 0
    outer loop
      vertex -2.8 1 219.643
      vertex -2.93053 0.991445 241
      vertex -2.8 1 241
    endloop
  endfacet
  facet normal -0.0654002 0.997859 0
    outer loop
      vertex -2.93053 0.991445 241
      vertex -2.8 1 219.643
      vertex -2.93053 0.991445 212.982
    endloop
  endfacet
  facet normal -0.980799 -0.195024 0
    outer loop
      vertex -3.76593 -0.258819 191
      vertex -3.79144 -0.130526 241
      vertex -3.79144 -0.130526 191
    endloop
  endfacet
  facet normal -0.980799 -0.195024 0
    outer loop
      vertex -3.79144 -0.130526 241
      vertex -3.76593 -0.258819 191
      vertex -3.76593 -0.258819 241
    endloop
  endfacet
  facet normal -0.896886 0.442262 0
    outer loop
      vertex -3.72388 0.382683 191
      vertex -3.66603 0.5 241
      vertex -3.66603 0.5 191
    endloop
  endfacet
  facet normal -0.896886 0.442262 0
    outer loop
      vertex -3.66603 0.5 241
      vertex -3.72388 0.382683 191
      vertex -3.72388 0.382683 241
    endloop
  endfacet
  facet normal -0.997856 -0.0654402 0
    outer loop
      vertex -3.79144 -0.130526 191
      vertex -3.8 0 241
      vertex -3.8 0 191
    endloop
  endfacet
  facet normal -0.997856 -0.0654402 0
    outer loop
      vertex -3.8 0 241
      vertex -3.79144 -0.130526 191
      vertex -3.79144 -0.130526 241
    endloop
  endfacet
  facet normal 0.0654002 -0.997859 0
    outer loop
      vertex -2.8 -1 241
      vertex -2.66947 -0.991445 226.607
      vertex -2.66947 -0.991445 241
    endloop
  endfacet
  facet normal 0.0654002 -0.997859 0
    outer loop
      vertex -2.66947 -0.991445 226.607
      vertex -2.8 -1 241
      vertex -2.8 -1 219.643
    endloop
  endfacet
  facet normal -0.0654002 -0.997859 0
    outer loop
      vertex -2.93053 -0.991445 241
      vertex -2.8 -1 219.643
      vertex -2.8 -1 241
    endloop
  endfacet
  facet normal -0.0654002 -0.997859 0
    outer loop
      vertex -2.8 -1 219.643
      vertex -2.93053 -0.991445 241
      vertex -2.93053 -0.991445 212.982
    endloop
  endfacet
  facet normal -0.751867 -0.659315 0
    outer loop
      vertex -3.50711 -0.707107 191
      vertex -3.59335 -0.608761 241
      vertex -3.59335 -0.608761 191
    endloop
  endfacet
  facet normal -0.751867 -0.659315 0
    outer loop
      vertex -3.59335 -0.608761 241
      vertex -3.50711 -0.707107 191
      vertex -3.50711 -0.707107 241
    endloop
  endfacet
  facet normal -0.997856 0.0654402 0
    outer loop
      vertex -3.8 0 191
      vertex -3.79144 0.130526 241
      vertex -3.79144 0.130526 191
    endloop
  endfacet
  facet normal -0.997856 0.0654402 0
    outer loop
      vertex -3.79144 0.130526 241
      vertex -3.8 0 191
      vertex -3.8 0 241
    endloop
  endfacet
  facet normal -0.555575 0.831466 0
    outer loop
      vertex -3.3 0.866025 195.793
      vertex -3.40876 0.793353 241
      vertex -3.3 0.866025 241
    endloop
  endfacet
  facet normal -0.555465 0.83154 3.82917e-07
    outer loop
      vertex -3.30918 0.859893 195.363
      vertex -3.40876 0.793353 241
      vertex -3.3 0.866025 195.793
    endloop
  endfacet
  facet normal -0.55591 0.831243 1.06768e-05
    outer loop
      vertex -3.40876 0.793353 191
      vertex -3.30918 0.859893 195.363
      vertex -3.40226 0.7977 191
    endloop
  endfacet
  facet normal -0.555586 0.831459 0
    outer loop
      vertex -3.30918 0.859893 195.363
      vertex -3.40876 0.793353 191
      vertex -3.40876 0.793353 241
    endloop
  endfacet
  facet normal -0.659326 -0.751857 0
    outer loop
      vertex -3.50711 -0.707107 191
      vertex -3.40876 -0.793353 241
      vertex -3.50711 -0.707107 241
    endloop
  endfacet
  facet normal -0.659326 -0.751857 -0
    outer loop
      vertex -3.40876 -0.793353 241
      vertex -3.50711 -0.707107 191
      vertex -3.40876 -0.793353 191
    endloop
  endfacet
  facet normal 0.321448 0.946927 -0
    outer loop
      vertex -2.41732 0.923879 240.965
      vertex -2.54118 0.965925 241
      vertex -2.41732 0.923879 241
    endloop
  endfacet
  facet normal 0.321448 0.946927 1.82013e-07
    outer loop
      vertex -2.48896 0.948199 236.795
      vertex -2.54118 0.965925 241
      vertex -2.41732 0.923879 240.965
    endloop
  endfacet
  facet normal 0.321435 0.946932 0
    outer loop
      vertex -2.54118 0.965925 241
      vertex -2.48896 0.948199 236.795
      vertex -2.54118 0.965925 233.755
    endloop
  endfacet
  facet normal -0.321448 0.946927 0
    outer loop
      vertex -3.05882 0.965925 206.738
      vertex -3.18268 0.923879 241
      vertex -3.05882 0.965925 241
    endloop
  endfacet
  facet normal -0.321448 0.946927 0
    outer loop
      vertex -3.18268 0.923879 241
      vertex -3.05882 0.965925 206.738
      vertex -3.18268 0.923879 201.018
    endloop
  endfacet
  facet normal -0.831441 0.555614 0
    outer loop
      vertex -3.66603 0.5 191
      vertex -3.59335 0.608761 241
      vertex -3.59335 0.608761 191
    endloop
  endfacet
  facet normal -0.831441 0.555614 0
    outer loop
      vertex -3.59335 0.608761 241
      vertex -3.66603 0.5 191
      vertex -3.66603 0.5 241
    endloop
  endfacet
  facet normal 0.321448 -0.946927 0
    outer loop
      vertex -2.54118 -0.965925 241
      vertex -2.41732 -0.923879 240.965
      vertex -2.41732 -0.923879 241
    endloop
  endfacet
  facet normal 0.321448 -0.946927 1.82013e-07
    outer loop
      vertex -2.54118 -0.965925 241
      vertex -2.48896 -0.948199 236.795
      vertex -2.41732 -0.923879 240.965
    endloop
  endfacet
  facet normal 0.321435 -0.946932 0
    outer loop
      vertex -2.48896 -0.948199 236.795
      vertex -2.54118 -0.965925 241
      vertex -2.54118 -0.965925 233.755
    endloop
  endfacet
  facet normal -0.946921 0.321466 0
    outer loop
      vertex -3.76593 0.258819 191
      vertex -3.72388 0.382683 241
      vertex -3.72388 0.382683 191
    endloop
  endfacet
  facet normal -0.946921 0.321466 0
    outer loop
      vertex -3.72388 0.382683 241
      vertex -3.76593 0.258819 191
      vertex -3.76593 0.258819 241
    endloop
  endfacet
  facet normal -0.896886 -0.442262 0
    outer loop
      vertex -3.66603 -0.5 191
      vertex -3.72388 -0.382683 241
      vertex -3.72388 -0.382683 191
    endloop
  endfacet
  facet normal -0.896886 -0.442262 0
    outer loop
      vertex -3.72388 -0.382683 241
      vertex -3.66603 -0.5 191
      vertex -3.66603 -0.5 241
    endloop
  endfacet
  facet normal -0.442277 -0.896878 0
    outer loop
      vertex -3.3 -0.866025 241
      vertex -3.18268 -0.923879 201.018
      vertex -3.18268 -0.923879 241
    endloop
  endfacet
  facet normal -0.442302 -0.896866 -8.82244e-08
    outer loop
      vertex -3.3 -0.866025 241
      vertex -3.202 -0.914351 200.178
      vertex -3.18268 -0.923879 201.018
    endloop
  endfacet
  facet normal -0.442259 -0.896887 3.97703e-08
    outer loop
      vertex -3.3 -0.866025 241
      vertex -3.27608 -0.877822 196.96
      vertex -3.202 -0.914351 200.178
    endloop
  endfacet
  facet normal -0.442318 -0.896858 0
    outer loop
      vertex -3.27608 -0.877822 196.96
      vertex -3.3 -0.866025 241
      vertex -3.3 -0.866025 195.793
    endloop
  endfacet
  facet normal -0.946921 -0.321466 0
    outer loop
      vertex -3.72388 -0.382683 191
      vertex -3.76593 -0.258819 241
      vertex -3.76593 -0.258819 191
    endloop
  endfacet
  facet normal -0.946921 -0.321466 0
    outer loop
      vertex -3.76593 -0.258819 241
      vertex -3.72388 -0.382683 191
      vertex -3.72388 -0.382683 241
    endloop
  endfacet
  facet normal -0.195102 0.980783 0
    outer loop
      vertex -2.93053 0.991445 212.982
      vertex -3.05882 0.965925 241
      vertex -2.93053 0.991445 241
    endloop
  endfacet
  facet normal -0.195102 0.980783 0
    outer loop
      vertex -3.05882 0.965925 241
      vertex -2.93053 0.991445 212.982
      vertex -3.05882 0.965925 206.738
    endloop
  endfacet
  facet normal 0.442258 0.896888 0
    outer loop
      vertex -2.41674 0.923593 241
      vertex -2.41732 0.923879 240.965
      vertex -2.41732 0.923879 241
    endloop
  endfacet
  facet normal -0.831441 -0.555614 0
    outer loop
      vertex -3.59335 -0.608761 191
      vertex -3.66603 -0.5 241
      vertex -3.66603 -0.5 191
    endloop
  endfacet
  facet normal -0.831441 -0.555614 0
    outer loop
      vertex -3.66603 -0.5 241
      vertex -3.59335 -0.608761 191
      vertex -3.59335 -0.608761 241
    endloop
  endfacet
  facet normal 0.0654002 0.997859 -0
    outer loop
      vertex -2.66947 0.991445 226.607
      vertex -2.8 1 241
      vertex -2.66947 0.991445 241
    endloop
  endfacet
  facet normal 0.0654002 0.997859 0
    outer loop
      vertex -2.8 1 241
      vertex -2.66947 0.991445 226.607
      vertex -2.8 1 219.643
    endloop
  endfacet
  facet normal -0.442277 0.896878 0
    outer loop
      vertex -3.18268 0.923879 201.018
      vertex -3.3 0.866025 241
      vertex -3.18268 0.923879 241
    endloop
  endfacet
  facet normal -0.442302 0.896866 -8.82244e-08
    outer loop
      vertex -3.202 0.914351 200.178
      vertex -3.3 0.866025 241
      vertex -3.18268 0.923879 201.018
    endloop
  endfacet
  facet normal -0.442259 0.896887 3.97703e-08
    outer loop
      vertex -3.27608 0.877822 196.96
      vertex -3.3 0.866025 241
      vertex -3.202 0.914351 200.178
    endloop
  endfacet
  facet normal -0.442318 0.896858 0
    outer loop
      vertex -3.3 0.866025 241
      vertex -3.27608 0.877822 196.96
      vertex -3.3 0.866025 195.793
    endloop
  endfacet
  facet normal -0.751867 0.659315 0
    outer loop
      vertex -3.59335 0.608761 191
      vertex -3.50711 0.707107 241
      vertex -3.50711 0.707107 191
    endloop
  endfacet
  facet normal -0.751867 0.659315 0
    outer loop
      vertex -3.50711 0.707107 241
      vertex -3.59335 0.608761 191
      vertex -3.59335 0.608761 241
    endloop
  endfacet
  facet normal -0.321448 -0.946927 0
    outer loop
      vertex -3.18268 -0.923879 241
      vertex -3.05882 -0.965925 206.738
      vertex -3.05882 -0.965925 241
    endloop
  endfacet
  facet normal -0.321448 -0.946927 0
    outer loop
      vertex -3.05882 -0.965925 206.738
      vertex -3.18268 -0.923879 241
      vertex -3.18268 -0.923879 201.018
    endloop
  endfacet
  facet normal -0.195102 -0.980783 0
    outer loop
      vertex -3.05882 -0.965925 241
      vertex -2.93053 -0.991445 212.982
      vertex -2.93053 -0.991445 241
    endloop
  endfacet
  facet normal -0.195102 -0.980783 0
    outer loop
      vertex -2.93053 -0.991445 212.982
      vertex -3.05882 -0.965925 241
      vertex -3.05882 -0.965925 206.738
    endloop
  endfacet
  facet normal 0.195102 -0.980783 0
    outer loop
      vertex -2.66947 -0.991445 241
      vertex -2.54118 -0.965925 233.755
      vertex -2.54118 -0.965925 241
    endloop
  endfacet
  facet normal 0.195102 -0.980783 0
    outer loop
      vertex -2.54118 -0.965925 233.755
      vertex -2.66947 -0.991445 241
      vertex -2.66947 -0.991445 226.607
    endloop
  endfacet
  facet normal 0.442258 -0.896888 0
    outer loop
      vertex -2.41732 -0.923879 241
      vertex -2.41732 -0.923879 240.965
      vertex -2.41674 -0.923593 241
    endloop
  endfacet
  facet normal -0.555575 -0.831466 0
    outer loop
      vertex -3.40876 -0.793353 241
      vertex -3.3 -0.866025 195.793
      vertex -3.3 -0.866025 241
    endloop
  endfacet
  facet normal -0.555465 -0.83154 3.82917e-07
    outer loop
      vertex -3.40876 -0.793353 241
      vertex -3.30918 -0.859893 195.363
      vertex -3.3 -0.866025 195.793
    endloop
  endfacet
  facet normal -0.555586 -0.831459 0
    outer loop
      vertex -3.40876 -0.793353 191
      vertex -3.30918 -0.859893 195.363
      vertex -3.40876 -0.793353 241
    endloop
  endfacet
  facet normal -0.55591 -0.831243 1.06768e-05
    outer loop
      vertex -3.30918 -0.859893 195.363
      vertex -3.40876 -0.793353 191
      vertex -3.40226 -0.7977 191
    endloop
  endfacet
  facet normal -0.659326 0.751857 0
    outer loop
      vertex -3.40876 0.793353 191
      vertex -3.50711 0.707107 241
      vertex -3.40876 0.793353 241
    endloop
  endfacet
  facet normal -0.659326 0.751857 0
    outer loop
      vertex -3.50711 0.707107 241
      vertex -3.40876 0.793353 191
      vertex -3.50711 0.707107 191
    endloop
  endfacet
  facet normal 0 0 1
    outer loop
      vertex -2.41732 0.923879 241
      vertex -2.50263 0.670576 241
      vertex -2.41674 0.923593 241
    endloop
  endfacet
  facet normal 0 0 1
    outer loop
      vertex -2.54118 0.965925 241
      vertex -2.50263 0.670576 241
      vertex -2.41732 0.923879 241
    endloop
  endfacet
  facet normal 0 0 1
    outer loop
      vertex -2.66947 0.991445 241
      vertex -2.50263 0.670576 241
      vertex -2.54118 0.965925 241
    endloop
  endfacet
  facet normal 0 0 1
    outer loop
      vertex -2.8 1 241
      vertex -2.50263 0.670576 241
      vertex -2.66947 0.991445 241
    endloop
  endfacet
  facet normal -0 0 1
    outer loop
      vertex -2.93053 0.991445 241
      vertex -2.50263 0.670576 241
      vertex -2.8 1 241
    endloop
  endfacet
  facet normal 0 0 1
    outer loop
      vertex -2.50263 0.670576 241
      vertex -2.93053 0.991445 241
      vertex -2.56062 0.379001 241
    endloop
  endfacet
  facet normal -0 0 1
    outer loop
      vertex -3.05882 0.965925 241
      vertex -2.56062 0.379001 241
      vertex -2.93053 0.991445 241
    endloop
  endfacet
  facet normal 0 0 1
    outer loop
      vertex -2.50263 -0.670576 241
      vertex -2.41732 -0.923879 241
      vertex -2.41674 -0.923593 241
    endloop
  endfacet
  facet normal 0 0 1
    outer loop
      vertex -2.50263 -0.670576 241
      vertex -2.54118 -0.965925 241
      vertex -2.41732 -0.923879 241
    endloop
  endfacet
  facet normal 0 0 1
    outer loop
      vertex -2.93053 -0.991445 241
      vertex -2.50263 -0.670576 241
      vertex -2.56062 -0.379001 241
    endloop
  endfacet
  facet normal 0 0 1
    outer loop
      vertex -3.3 -0.866025 241
      vertex -2.56062 -0.379001 241
      vertex -2.56874 -0.338181 241
    endloop
  endfacet
  facet normal 0 0 1
    outer loop
      vertex -3.40876 -0.793353 241
      vertex -2.56874 -0.338181 241
      vertex -2.57147 -0.29665 241
    endloop
  endfacet
  facet normal 0 0 1
    outer loop
      vertex -3.66603 -0.5 241
      vertex -2.57147 -0.29665 241
      vertex -2.59091 0 241
    endloop
  endfacet
  facet normal -0 0 1
    outer loop
      vertex -3.18268 0.923879 241
      vertex -2.56062 0.379001 241
      vertex -3.05882 0.965925 241
    endloop
  endfacet
  facet normal 0 0 1
    outer loop
      vertex -2.50263 -0.670576 241
      vertex -2.66947 -0.991445 241
      vertex -2.54118 -0.965925 241
    endloop
  endfacet
  facet normal -0 0 1
    outer loop
      vertex -3.3 0.866025 241
      vertex -2.56062 0.379001 241
      vertex -3.18268 0.923879 241
    endloop
  endfacet
  facet normal 0 0 1
    outer loop
      vertex -2.50263 -0.670576 241
      vertex -2.8 -1 241
      vertex -2.66947 -0.991445 241
    endloop
  endfacet
  facet normal 0 0 1
    outer loop
      vertex -2.56062 0.379001 241
      vertex -3.3 0.866025 241
      vertex -2.56874 0.338181 241
    endloop
  endfacet
  facet normal 0 0 1
    outer loop
      vertex -2.50263 -0.670576 241
      vertex -2.93053 -0.991445 241
      vertex -2.8 -1 241
    endloop
  endfacet
  facet normal -0 0 1
    outer loop
      vertex -3.40876 0.793353 241
      vertex -2.56874 0.338181 241
      vertex -3.3 0.866025 241
    endloop
  endfacet
  facet normal 0 0 1
    outer loop
      vertex -2.56062 -0.379001 241
      vertex -3.05882 -0.965925 241
      vertex -2.93053 -0.991445 241
    endloop
  endfacet
  facet normal 0 0 1
    outer loop
      vertex -2.56874 0.338181 241
      vertex -3.40876 0.793353 241
      vertex -2.57147 0.29665 241
    endloop
  endfacet
  facet normal 0 0 1
    outer loop
      vertex -2.56062 -0.379001 241
      vertex -3.18268 -0.923879 241
      vertex -3.05882 -0.965925 241
    endloop
  endfacet
  facet normal -0 0 1
    outer loop
      vertex -3.50711 0.707107 241
      vertex -2.57147 0.29665 241
      vertex -3.40876 0.793353 241
    endloop
  endfacet
  facet normal 0 0 1
    outer loop
      vertex -2.56062 -0.379001 241
      vertex -3.3 -0.866025 241
      vertex -3.18268 -0.923879 241
    endloop
  endfacet
  facet normal -0 0 1
    outer loop
      vertex -3.59335 0.608761 241
      vertex -2.57147 0.29665 241
      vertex -3.50711 0.707107 241
    endloop
  endfacet
  facet normal 0 0 1
    outer loop
      vertex -2.56874 -0.338181 241
      vertex -3.40876 -0.793353 241
      vertex -3.3 -0.866025 241
    endloop
  endfacet
  facet normal -0 0 1
    outer loop
      vertex -3.66603 0.5 241
      vertex -2.57147 0.29665 241
      vertex -3.59335 0.608761 241
    endloop
  endfacet
  facet normal 0 0 1
    outer loop
      vertex -2.57147 -0.29665 241
      vertex -3.50711 -0.707107 241
      vertex -3.40876 -0.793353 241
    endloop
  endfacet
  facet normal 0 0 1
    outer loop
      vertex -2.57147 0.29665 241
      vertex -3.66603 0.5 241
      vertex -2.59091 0 241
    endloop
  endfacet
  facet normal 0 0 1
    outer loop
      vertex -2.57147 -0.29665 241
      vertex -3.59335 -0.608761 241
      vertex -3.50711 -0.707107 241
    endloop
  endfacet
  facet normal -0 0 1
    outer loop
      vertex -3.72388 0.382683 241
      vertex -2.59091 0 241
      vertex -3.66603 0.5 241
    endloop
  endfacet
  facet normal 0 0 1
    outer loop
      vertex -2.57147 -0.29665 241
      vertex -3.66603 -0.5 241
      vertex -3.59335 -0.608761 241
    endloop
  endfacet
  facet normal -0 0 1
    outer loop
      vertex -3.76593 0.258819 241
      vertex -2.59091 0 241
      vertex -3.72388 0.382683 241
    endloop
  endfacet
  facet normal 0 0 1
    outer loop
      vertex -2.59091 0 241
      vertex -3.72388 -0.382683 241
      vertex -3.66603 -0.5 241
    endloop
  endfacet
  facet normal -0 0 1
    outer loop
      vertex -3.79144 0.130526 241
      vertex -2.59091 0 241
      vertex -3.76593 0.258819 241
    endloop
  endfacet
  facet normal 0 0 1
    outer loop
      vertex -2.59091 0 241
      vertex -3.76593 -0.258819 241
      vertex -3.72388 -0.382683 241
    endloop
  endfacet
  facet normal 0 0 1
    outer loop
      vertex -3.8 0 241
      vertex -2.59091 0 241
      vertex -3.79144 0.130526 241
    endloop
  endfacet
  facet normal 0 0 1
    outer loop
      vertex -2.59091 0 241
      vertex -3.79144 -0.130526 241
      vertex -3.76593 -0.258819 241
    endloop
  endfacet
  facet normal 0 0 1
    outer loop
      vertex -2.59091 0 241
      vertex -3.8 0 241
      vertex -3.79144 -0.130526 241
    endloop
  endfacet
  facet normal 0.195102 0.980783 -0
    outer loop
      vertex -2.54118 0.965925 233.755
      vertex -2.66947 0.991445 241
      vertex -2.54118 0.965925 241
    endloop
  endfacet
  facet normal 0.195102 0.980783 0
    outer loop
      vertex -2.66947 0.991445 241
      vertex -2.54118 0.965925 233.755
      vertex -2.66947 0.991445 226.607
    endloop
  endfacet
  facet normal 1 -0 0
    outer loop
      vertex 50 -15 41
      vertex 50 15 40
      vertex 50 15 41
    endloop
  endfacet
  facet normal 1 0 0
    outer loop
      vertex 50 15 40
      vertex 50 -15 41
      vertex 50 -15 40
    endloop
  endfacet
  facet normal -1 0 0
    outer loop
      vertex -30 -15 40
      vertex -30 15 41
      vertex -30 15 40
    endloop
  endfacet
  facet normal -1 -0 0
    outer loop
      vertex -30 15 41
      vertex -30 -15 40
      vertex -30 -15 41
    endloop
  endfacet
  facet normal -0.999835 0 0.0181788
    outer loop
      vertex -30 15 41
      vertex -28.2 -13.2 140
      vertex -28.2 13.2 140
    endloop
  endfacet
  facet normal -0.999835 0 0.0181788
    outer loop
      vertex -28.2 -13.2 140
      vertex -30 15 41
      vertex -30 -15 41
    endloop
  endfacet
  facet normal 0 0 -1
    outer loop
      vertex 12 -2 40
      vertex 50 -15 40
      vertex 12 -14 40
    endloop
  endfacet
  facet normal 0 0 -1
    outer loop
      vertex -30 -15 40
      vertex 12 -14 40
      vertex 50 -15 40
    endloop
  endfacet
  facet normal 0 0 -1
    outer loop
      vertex -30 -15 40
      vertex -12 -2 40
      vertex -12 -14 40
    endloop
  endfacet
  facet normal -0 0 -1
    outer loop
      vertex -12 -2 40
      vertex -30 -15 40
      vertex -12 2 40
    endloop
  endfacet
  facet normal 0 0 -1
    outer loop
      vertex -30 15 40
      vertex -12 2 40
      vertex -30 -15 40
    endloop
  endfacet
  facet normal -0 0 -1
    outer loop
      vertex 12 -14 40
      vertex -30 -15 40
      vertex -12 -14 40
    endloop
  endfacet
  facet normal 0 0 -1
    outer loop
      vertex 50 -15 40
      vertex 12 -2 40
      vertex 50 15 40
    endloop
  endfacet
  facet normal 0 0 -1
    outer loop
      vertex 12 2 40
      vertex 50 15 40
      vertex 12 -2 40
    endloop
  endfacet
  facet normal 0 0 -1
    outer loop
      vertex 12 14 40
      vertex 50 15 40
      vertex 12 2 40
    endloop
  endfacet
  facet normal 0 0 -1
    outer loop
      vertex -30 15 40
      vertex 12 14 40
      vertex -12 14 40
    endloop
  endfacet
  facet normal 0 0 -1
    outer loop
      vertex 12 14 40
      vertex -30 15 40
      vertex 50 15 40
    endloop
  endfacet
  facet normal 0 0 -1
    outer loop
      vertex -12 2 40
      vertex -30 15 40
      vertex -12 14 40
    endloop
  endfacet
  facet normal 0 1 -0
    outer loop
      vertex 50 15 40
      vertex -30 15 41
      vertex 50 15 41
    endloop
  endfacet
  facet normal 0 1 0
    outer loop
      vertex -30 15 41
      vertex 50 15 40
      vertex -30 15 40
    endloop
  endfacet
  facet normal 0 -0.999835 0.0181799
    outer loop
      vertex 30 -14.7455 55
      vertex 41 -14 96
      vertex 30 -14 96
    endloop
  endfacet
  facet normal 0 -0.999835 0.0181799
    outer loop
      vertex 41 -14 96
      vertex 30 -14.7455 55
      vertex 41 -14.7455 55
    endloop
  endfacet
  facet normal 0 -0.999835 0.0181799
    outer loop
      vertex 16 -14.7455 55
      vertex 27 -14 96
      vertex 16 -14 96
    endloop
  endfacet
  facet normal 0 -0.999835 0.0181799
    outer loop
      vertex 27 -14 96
      vertex 16 -14.7455 55
      vertex 27 -14.7455 55
    endloop
  endfacet
  facet normal 0 -0.999835 0.0181799
    outer loop
      vertex 2 -14.7455 55
      vertex 13 -14 96
      vertex 2 -14 96
    endloop
  endfacet
  facet normal 0 -0.999835 0.0181799
    outer loop
      vertex 13 -14 96
      vertex 2 -14.7455 55
      vertex 13 -14.7455 55
    endloop
  endfacet
  facet normal 0 -0.999835 0.0181799
    outer loop
      vertex -12 -14.7455 55
      vertex -1 -14 96
      vertex -12 -14 96
    endloop
  endfacet
  facet normal 0 -0.999835 0.0181799
    outer loop
      vertex -1 -14 96
      vertex -12 -14.7455 55
      vertex -1 -14.7455 55
    endloop
  endfacet
  facet normal 0 -0.999835 0.0181788
    outer loop
      vertex -12 -14 96
      vertex -28.2 -13.2 140
      vertex -15 -14 96
    endloop
  endfacet
  facet normal -3.07543e-17 -0.999835 0.0181788
    outer loop
      vertex -30 -15 41
      vertex -15 -14 96
      vertex -28.2 -13.2 140
    endloop
  endfacet
  facet normal 0 -0.999835 0.0181756
    outer loop
      vertex -30 -15 41
      vertex -12 -14.7455 55
      vertex -15 -14.7455 55
    endloop
  endfacet
  facet normal 0 -0.999835 0.0181756
    outer loop
      vertex -12 -14.7455 55
      vertex -30 -15 41
      vertex -1 -14.7455 55
    endloop
  endfacet
  facet normal 0 -0.999835 0.0181756
    outer loop
      vertex -1 -14.7455 55
      vertex -30 -15 41
      vertex 2 -14.7455 55
    endloop
  endfacet
  facet normal 0 -0.999835 0.0181756
    outer loop
      vertex 2 -14.7455 55
      vertex -30 -15 41
      vertex 13 -14.7455 55
    endloop
  endfacet
  facet normal 0 -0.999835 0.0181756
    outer loop
      vertex 50 -15 41
      vertex 13 -14.7455 55
      vertex -30 -15 41
    endloop
  endfacet
  facet normal 0 -0.999835 0.0181756
    outer loop
      vertex 13 -14.7455 55
      vertex 50 -15 41
      vertex 16 -14.7455 55
    endloop
  endfacet
  facet normal 0 -0.999835 0.0181756
    outer loop
      vertex 16 -14.7455 55
      vertex 50 -15 41
      vertex 27 -14.7455 55
    endloop
  endfacet
  facet normal 0 -0.999835 0.0181756
    outer loop
      vertex 30 -14.7455 55
      vertex 50 -15 41
      vertex 41 -14.7455 55
    endloop
  endfacet
  facet normal 0 -0.999835 0.0181756
    outer loop
      vertex 27 -14.7455 55
      vertex 50 -15 41
      vertex 30 -14.7455 55
    endloop
  endfacet
  facet normal -4.06437e-06 -0.999835 0.0181799
    outer loop
      vertex -15 -14 96
      vertex -30 -15 41
      vertex -15 -14.7455 55
    endloop
  endfacet
  facet normal 0 -0.999835 0.0181788
    outer loop
      vertex -1 -14 96
      vertex -28.2 -13.2 140
      vertex -12 -14 96
    endloop
  endfacet
  facet normal 0 -0.999835 0.0181788
    outer loop
      vertex 2 -14 96
      vertex -28.2 -13.2 140
      vertex -1 -14 96
    endloop
  endfacet
  facet normal 0 -0.999835 0.0181788
    outer loop
      vertex 13 -14 96
      vertex -28.2 -13.2 140
      vertex 2 -14 96
    endloop
  endfacet
  facet normal 0 -0.999835 0.0181788
    outer loop
      vertex -28.2 -13.2 140
      vertex 13 -14 96
      vertex 48.2 -13.2 140
    endloop
  endfacet
  facet normal 0 -0.999835 0.0181788
    outer loop
      vertex 16 -14 96
      vertex 48.2 -13.2 140
      vertex 13 -14 96
    endloop
  endfacet
  facet normal 0 -0.999835 0.0181788
    outer loop
      vertex 27 -14 96
      vertex 48.2 -13.2 140
      vertex 16 -14 96
    endloop
  endfacet
  facet normal 0 -0.999835 0.0181788
    outer loop
      vertex 30 -14 96
      vertex 48.2 -13.2 140
      vertex 27 -14 96
    endloop
  endfacet
  facet normal 0 -0.999835 0.0181788
    outer loop
      vertex 41 -14 96
      vertex 48.2 -13.2 140
      vertex 30 -14 96
    endloop
  endfacet
  facet normal 0 -0.999835 0.0181788
    outer loop
      vertex 44 -14 96
      vertex 48.2 -13.2 140
      vertex 41 -14 96
    endloop
  endfacet
  facet normal 1.01609e-05 -0.999835 0.0181799
    outer loop
      vertex 50 -15 41
      vertex 44 -14 96
      vertex 44 -14.7455 55
    endloop
  endfacet
  facet normal 8.61122e-17 -0.999835 0.0181788
    outer loop
      vertex 44 -14 96
      vertex 50 -15 41
      vertex 48.2 -13.2 140
    endloop
  endfacet
  facet normal 0 -0.999835 0.0181756
    outer loop
      vertex 41 -14.7455 55
      vertex 50 -15 41
      vertex 44 -14.7455 55
    endloop
  endfacet
  facet normal 0 -1 0
    outer loop
      vertex -30 -15 40
      vertex 50 -15 41
      vertex -30 -15 41
    endloop
  endfacet
  facet normal 0 -1 -0
    outer loop
      vertex 50 -15 41
      vertex -30 -15 40
      vertex 50 -15 40
    endloop
  endfacet
  facet normal 0 0.999835 0.0181788
    outer loop
      vertex 50 15 41
      vertex -28.2 13.2 140
      vertex 48.2 13.2 140
    endloop
  endfacet
  facet normal 0 0.999835 0.0181788
    outer loop
      vertex -28.2 13.2 140
      vertex 50 15 41
      vertex -30 15 41
    endloop
  endfacet
  facet normal 0.999835 -0 0.0181788
    outer loop
      vertex 48.2 -13.2 140
      vertex 50 15 41
      vertex 48.2 13.2 140
    endloop
  endfacet
  facet normal 0.999835 0 0.0181788
    outer loop
      vertex 50 15 41
      vertex 48.2 -13.2 140
      vertex 50 -15 41
    endloop
  endfacet
  facet normal 1 -0 0
    outer loop
      vertex 50 -15 155
      vertex 50 15 140
      vertex 50 15 155
    endloop
  endfacet
  facet normal 1 0 0
    outer loop
      vertex 50 15 140
      vertex 50 -15 155
      vertex 50 -15 140
    endloop
  endfacet
  facet normal 0 0 1
    outer loop
      vertex -15.8631 2.08842 155
      vertex -30 15 155
      vertex -16 0 155
    endloop
  endfacet
  facet normal 0 0 1
    outer loop
      vertex -15.4548 4.1411 155
      vertex -30 15 155
      vertex -15.8631 2.08842 155
    endloop
  endfacet
  facet normal 0 0 1
    outer loop
      vertex -14.7821 6.12293 155
      vertex -30 15 155
      vertex -15.4548 4.1411 155
    endloop
  endfacet
  facet normal 0 0 1
    outer loop
      vertex -13.8564 8 155
      vertex -30 15 155
      vertex -14.7821 6.12293 155
    endloop
  endfacet
  facet normal 0 0 1
    outer loop
      vertex -12.6937 9.74018 155
      vertex -30 15 155
      vertex -13.8564 8 155
    endloop
  endfacet
  facet normal 0 0 1
    outer loop
      vertex -11.3137 11.3137 155
      vertex -30 15 155
      vertex -12.6937 9.74018 155
    endloop
  endfacet
  facet normal 0 0 1
    outer loop
      vertex -9.74018 12.6937 155
      vertex -30 15 155
      vertex -11.3137 11.3137 155
    endloop
  endfacet
  facet normal 0 0 1
    outer loop
      vertex -8 13.8564 155
      vertex -30 15 155
      vertex -9.74018 12.6937 155
    endloop
  endfacet
  facet normal 0 0 1
    outer loop
      vertex -6.12293 14.7821 155
      vertex -30 15 155
      vertex -8 13.8564 155
    endloop
  endfacet
  facet normal -0 0 1
    outer loop
      vertex -30 15 155
      vertex -6.12293 14.7821 155
      vertex -5.48094 15 155
    endloop
  endfacet
  facet normal 0 0 1
    outer loop
      vertex -30 -15 155
      vertex -16 0 155
      vertex -30 15 155
    endloop
  endfacet
  facet normal 0 0 1
    outer loop
      vertex -16 0 155
      vertex -30 -15 155
      vertex -15.8631 -2.08842 155
    endloop
  endfacet
  facet normal 0 0 1
    outer loop
      vertex -15.8631 -2.08842 155
      vertex -30 -15 155
      vertex -15.4548 -4.1411 155
    endloop
  endfacet
  facet normal 0 0 1
    outer loop
      vertex -15.4548 -4.1411 155
      vertex -30 -15 155
      vertex -14.7821 -6.12293 155
    endloop
  endfacet
  facet normal 0 0 1
    outer loop
      vertex -14.7821 -6.12293 155
      vertex -30 -15 155
      vertex -13.8564 -8 155
    endloop
  endfacet
  facet normal 0 0 1
    outer loop
      vertex -6.12293 -14.7821 155
      vertex -30 -15 155
      vertex -5.48094 -15 155
    endloop
  endfacet
  facet normal 0 0 1
    outer loop
      vertex -8 -13.8564 155
      vertex -30 -15 155
      vertex -6.12293 -14.7821 155
    endloop
  endfacet
  facet normal 0 0 1
    outer loop
      vertex -9.74018 -12.6937 155
      vertex -30 -15 155
      vertex -8 -13.8564 155
    endloop
  endfacet
  facet normal 0 0 1
    outer loop
      vertex -11.3137 -11.3137 155
      vertex -30 -15 155
      vertex -9.74018 -12.6937 155
    endloop
  endfacet
  facet normal 0 0 1
    outer loop
      vertex -12.6937 -9.74018 155
      vertex -30 -15 155
      vertex -11.3137 -11.3137 155
    endloop
  endfacet
  facet normal 0 0 1
    outer loop
      vertex -13.8564 -8 155
      vertex -30 -15 155
      vertex -12.6937 -9.74018 155
    endloop
  endfacet
  facet normal 0 0 1
    outer loop
      vertex 50 15 155
      vertex 16 0 155
      vertex 50 -15 155
    endloop
  endfacet
  facet normal 0 0 1
    outer loop
      vertex 50 15 155
      vertex 15.8631 2.08842 155
      vertex 16 0 155
    endloop
  endfacet
  facet normal 0 0 1
    outer loop
      vertex 50 15 155
      vertex 15.4548 4.1411 155
      vertex 15.8631 2.08842 155
    endloop
  endfacet
  facet normal 0 0 1
    outer loop
      vertex 50 15 155
      vertex 14.7821 6.12293 155
      vertex 15.4548 4.1411 155
    endloop
  endfacet
  facet normal -0 0 1
    outer loop
      vertex 13.9573 10.521 155
      vertex 14.7821 6.12293 155
      vertex 50 15 155
    endloop
  endfacet
  facet normal 0 0 1
    outer loop
      vertex 14.7821 6.12293 155
      vertex 13.9573 10.521 155
      vertex 13.9914 10 155
    endloop
  endfacet
  facet normal 0 0 1
    outer loop
      vertex 50 15 155
      vertex 13.8554 11.0331 155
      vertex 13.9573 10.521 155
    endloop
  endfacet
  facet normal 0 0 1
    outer loop
      vertex 50 15 155
      vertex 13.6876 11.5275 155
      vertex 13.8554 11.0331 155
    endloop
  endfacet
  facet normal 0 0 1
    outer loop
      vertex 50 15 155
      vertex 13.4567 11.9957 155
      vertex 13.6876 11.5275 155
    endloop
  endfacet
  facet normal 0 0 1
    outer loop
      vertex 50 15 155
      vertex 13.1666 12.4298 155
      vertex 13.4567 11.9957 155
    endloop
  endfacet
  facet normal 0 0 1
    outer loop
      vertex 50 15 155
      vertex 12.8224 12.8224 155
      vertex 13.1666 12.4298 155
    endloop
  endfacet
  facet normal 0 0 1
    outer loop
      vertex 50 15 155
      vertex 12.4298 13.1666 155
      vertex 12.8224 12.8224 155
    endloop
  endfacet
  facet normal 0 0 1
    outer loop
      vertex 50 15 155
      vertex 11.9957 13.4567 155
      vertex 12.4298 13.1666 155
    endloop
  endfacet
  facet normal 0 0 1
    outer loop
      vertex 50 15 155
      vertex 11.5275 13.6876 155
      vertex 11.9957 13.4567 155
    endloop
  endfacet
  facet normal 0 0 1
    outer loop
      vertex 50 15 155
      vertex 11.0331 13.8554 155
      vertex 11.5275 13.6876 155
    endloop
  endfacet
  facet normal 0 0 1
    outer loop
      vertex 50 15 155
      vertex 10.521 13.9573 155
      vertex 11.0331 13.8554 155
    endloop
  endfacet
  facet normal -0 0 1
    outer loop
      vertex 5.48094 15 155
      vertex 10.521 13.9573 155
      vertex 50 15 155
    endloop
  endfacet
  facet normal 0 0 1
    outer loop
      vertex 8.47254 13.6876 155
      vertex 8 13.8564 155
      vertex 8.34601 13.6252 155
    endloop
  endfacet
  facet normal 0 0 1
    outer loop
      vertex 8.96694 13.8554 155
      vertex 8 13.8564 155
      vertex 8.47254 13.6876 155
    endloop
  endfacet
  facet normal 0 0 1
    outer loop
      vertex 6.12293 14.7821 155
      vertex 8.96694 13.8554 155
      vertex 9.47901 13.9573 155
    endloop
  endfacet
  facet normal 0 0 1
    outer loop
      vertex 8.96694 13.8554 155
      vertex 6.12293 14.7821 155
      vertex 8 13.8564 155
    endloop
  endfacet
  facet normal 0 0 1
    outer loop
      vertex 10 13.9914 155
      vertex 6.12293 14.7821 155
      vertex 9.47901 13.9573 155
    endloop
  endfacet
  facet normal -0 -0 1
    outer loop
      vertex 6.12293 14.7821 155
      vertex 10.521 13.9573 155
      vertex 5.48094 15 155
    endloop
  endfacet
  facet normal 0 0 1
    outer loop
      vertex 10.521 13.9573 155
      vertex 6.12293 14.7821 155
      vertex 10 13.9914 155
    endloop
  endfacet
  facet normal -0 0 1
    outer loop
      vertex 15.8631 -2.08842 155
      vertex 50 -15 155
      vertex 16 0 155
    endloop
  endfacet
  facet normal -0 0 1
    outer loop
      vertex 15.4548 -4.1411 155
      vertex 50 -15 155
      vertex 15.8631 -2.08842 155
    endloop
  endfacet
  facet normal -0 0 1
    outer loop
      vertex 14.7821 -6.12293 155
      vertex 50 -15 155
      vertex 15.4548 -4.1411 155
    endloop
  endfacet
  facet normal -0 0 1
    outer loop
      vertex 13.8564 -8 155
      vertex 50 -15 155
      vertex 14.7821 -6.12293 155
    endloop
  endfacet
  facet normal -0 0 1
    outer loop
      vertex 12.6937 -9.74018 155
      vertex 50 -15 155
      vertex 13.8564 -8 155
    endloop
  endfacet
  facet normal -0 0 1
    outer loop
      vertex 11.3137 -11.3137 155
      vertex 50 -15 155
      vertex 12.6937 -9.74018 155
    endloop
  endfacet
  facet normal -0 0 1
    outer loop
      vertex 9.74018 -12.6937 155
      vertex 50 -15 155
      vertex 11.3137 -11.3137 155
    endloop
  endfacet
  facet normal -0 0 1
    outer loop
      vertex 8 -13.8564 155
      vertex 50 -15 155
      vertex 9.74018 -12.6937 155
    endloop
  endfacet
  facet normal -0 0 1
    outer loop
      vertex 6.12293 -14.7821 155
      vertex 50 -15 155
      vertex 8 -13.8564 155
    endloop
  endfacet
  facet normal 0 0 1
    outer loop
      vertex 50 -15 155
      vertex 6.12293 -14.7821 155
      vertex 5.48094 -15 155
    endloop
  endfacet
  facet normal -0 0 1
    outer loop
      vertex 13.9573 9.47901 155
      vertex 14.7821 6.12293 155
      vertex 13.9914 10 155
    endloop
  endfacet
  facet normal -0 0 1
    outer loop
      vertex 13.8554 8.96694 155
      vertex 14.7821 6.12293 155
      vertex 13.9573 9.47901 155
    endloop
  endfacet
  facet normal 0 0 1
    outer loop
      vertex 14.7821 6.12293 155
      vertex 13.8554 8.96694 155
      vertex 13.8564 8 155
    endloop
  endfacet
  facet normal -0 0 1
    outer loop
      vertex 13.6876 8.47254 155
      vertex 13.8564 8 155
      vertex 13.8554 8.96694 155
    endloop
  endfacet
  facet normal 0 0 1
    outer loop
      vertex 13.8564 8 155
      vertex 13.6876 8.47254 155
      vertex 13.6252 8.34601 155
    endloop
  endfacet
  facet normal 0 0 -1
    outer loop
      vertex 50 -15 140
      vertex 48.2 -13.2 140
      vertex 50 15 140
    endloop
  endfacet
  facet normal 0 0 -1
    outer loop
      vertex 50 -15 140
      vertex -28.2 -13.2 140
      vertex 48.2 -13.2 140
    endloop
  endfacet
  facet normal -0 0 -1
    outer loop
      vertex -28.2 -13.2 140
      vertex -30 -15 140
      vertex -28.2 13.2 140
    endloop
  endfacet
  facet normal 0 0 -1
    outer loop
      vertex -30 -15 140
      vertex -28.2 -13.2 140
      vertex 50 -15 140
    endloop
  endfacet
  facet normal 0 0 -1
    outer loop
      vertex 48.2 13.2 140
      vertex 50 15 140
      vertex 48.2 -13.2 140
    endloop
  endfacet
  facet normal 0 0 -1
    outer loop
      vertex -28.2 13.2 140
      vertex 50 15 140
      vertex 48.2 13.2 140
    endloop
  endfacet
  facet normal 0 0 -1
    outer loop
      vertex -28.2 13.2 140
      vertex -30 15 140
      vertex 50 15 140
    endloop
  endfacet
  facet normal 0 0 -1
    outer loop
      vertex -30 15 140
      vertex -28.2 13.2 140
      vertex -30 -15 140
    endloop
  endfacet
  facet normal -1 0 0
    outer loop
      vertex -30 -15 140
      vertex -30 15 155
      vertex -30 15 140
    endloop
  endfacet
  facet normal -1 -0 0
    outer loop
      vertex -30 15 155
      vertex -30 -15 140
      vertex -30 -15 155
    endloop
  endfacet
  facet normal 0 1 0
    outer loop
      vertex 50 15 155
      vertex 5.48094 15 145
      vertex 5.48094 15 155
    endloop
  endfacet
  facet normal 0 1 0
    outer loop
      vertex -30 15 140
      vertex 5.48094 15 145
      vertex 50 15 140
    endloop
  endfacet
  facet normal 0 1 -0
    outer loop
      vertex 50 15 140
      vertex 5.48094 15 145
      vertex 50 15 155
    endloop
  endfacet
  facet normal 0 1 -0
    outer loop
      vertex -5.48094 15 145
      vertex -30 15 155
      vertex -5.48094 15 155
    endloop
  endfacet
  facet normal 0 1 0
    outer loop
      vertex -5.48094 15 145
      vertex -30 15 140
      vertex -30 15 155
    endloop
  endfacet
  facet normal 0 1 0
    outer loop
      vertex 5.48094 15 145
      vertex -30 15 140
      vertex -5.48094 15 145
    endloop
  endfacet
  facet normal 0 -1 0
    outer loop
      vertex -30 -15 155
      vertex -5.48094 -15 145
      vertex -5.48094 -15 155
    endloop
  endfacet
  facet normal 0 -1 -0
    outer loop
      vertex -5.48094 -15 145
      vertex -30 -15 140
      vertex 5.48094 -15 145
    endloop
  endfacet
  facet normal 0 -1 0
    outer loop
      vertex -30 -15 140
      vertex -5.48094 -15 145
      vertex -30 -15 155
    endloop
  endfacet
  facet normal 0 -1 0
    outer loop
      vertex 5.48094 -15 145
      vertex 50 -15 155
      vertex 5.48094 -15 155
    endloop
  endfacet
  facet normal 0 -1 0
    outer loop
      vertex 5.48094 -15 145
      vertex 50 -15 140
      vertex 50 -15 155
    endloop
  endfacet
  facet normal 0 -1 0
    outer loop
      vertex 50 -15 140
      vertex 5.48094 -15 145
      vertex -30 -15 140
    endloop
  endfacet
  facet normal 1 -0 0
    outer loop
      vertex 48 15 106
      vertex 48 17 90
      vertex 48 17 106
    endloop
  endfacet
  facet normal 1 0 0
    outer loop
      vertex 48 17 90
      vertex 48 15 106
      vertex 48 15 90
    endloop
  endfacet
  facet normal -0 0 1
    outer loop
      vertex -28 17 106
      vertex 48 15 106
      vertex 48 17 106
    endloop
  endfacet
  facet normal 0 0 1
    outer loop
      vertex 48 15 106
      vertex -28 17 106
      vertex -28 15 106
    endloop
  endfacet
  facet normal 0 0 -1
    outer loop
      vertex -28 15 90
      vertex 48 17 90
      vertex 48 15 90
    endloop
  endfacet
  facet normal -0 0 -1
    outer loop
      vertex 48 17 90
      vertex -28 15 90
      vertex -28 17 90
    endloop
  endfacet
  facet normal -1 0 0
    outer loop
      vertex -28 15 90
      vertex -28 17 106
      vertex -28 17 90
    endloop
  endfacet
  facet normal -1 -0 0
    outer loop
      vertex -28 17 106
      vertex -28 15 90
      vertex -28 15 106
    endloop
  endfacet
  facet normal 0 1 -0
    outer loop
      vertex 48 17 90
      vertex -28 17 106
      vertex 48 17 106
    endloop
  endfacet
  facet normal 0 1 0
    outer loop
      vertex -28 17 106
      vertex 48 17 90
      vertex -28 17 90
    endloop
  endfacet
  facet normal 0 -1 0
    outer loop
      vertex -28 15 90
      vertex 48 15 106
      vertex -28 15 106
    endloop
  endfacet
  facet normal 0 -1 -0
    outer loop
      vertex 48 15 106
      vertex -28 15 90
      vertex 48 15 90
    endloop
  endfacet
  facet normal 0 0.999688 -0.0249922
    outer loop
      vertex 12 14 40
      vertex 5 13.825 33
      vertex -12 14 40
    endloop
  endfacet
  facet normal -1.40937e-16 0.999688 -0.0249922
    outer loop
      vertex 12 14 40
      vertex 5 13.375 15
      vertex 5 13.825 33
    endloop
  endfacet
  facet normal 0 0.999688 -0.0249922
    outer loop
      vertex 5 13.375 15
      vertex 10.1 13.05 2
      vertex -5 13.375 15
    endloop
  endfacet
  facet normal -8.12724e-17 0.999688 -0.0249922
    outer loop
      vertex 10.1 13.05 2
      vertex 5 13.375 15
      vertex 12 14 40
    endloop
  endfacet
  facet normal 0 0.999688 -0.0249922
    outer loop
      vertex -5 13.825 33
      vertex -12 14 40
      vertex 5 13.825 33
    endloop
  endfacet
  facet normal 1.40937e-16 0.999688 -0.0249922
    outer loop
      vertex -5 13.375 15
      vertex -12 14 40
      vertex -5 13.825 33
    endloop
  endfacet
  facet normal 8.12724e-17 0.999688 -0.0249922
    outer loop
      vertex -5 13.375 15
      vertex -10.1 13.05 2
      vertex -12 14 40
    endloop
  endfacet
  facet normal 0 0.999688 -0.0249922
    outer loop
      vertex -10.1 13.05 2
      vertex -5 13.375 15
      vertex 10.1 13.05 2
    endloop
  endfacet
  facet normal -0.998752 7.85887e-18 -0.0499376
    outer loop
      vertex -11 -13.5 20
      vertex -11.75 2 35
      vertex -10.1 13.05 2
    endloop
  endfacet
  facet normal -0.998752 -1.74448e-17 -0.0499376
    outer loop
      vertex -11 -13.5 20
      vertex -10.1 13.05 2
      vertex -10.6 -13 12
    endloop
  endfacet
  facet normal -0.998752 6.81052e-17 -0.0499376
    outer loop
      vertex -10.6 -13 12
      vertex -10.1 13.05 2
      vertex -10.5 -13 10
    endloop
  endfacet
  facet normal -0.998752 0 -0.0499376
    outer loop
      vertex -10.1 -13.05 2
      vertex -10.5 -13 10
      vertex -10.1 13.05 2
    endloop
  endfacet
  facet normal -0.998752 -0 -0.0499376
    outer loop
      vertex -10.5 -13 10
      vertex -10.1 -13.05 2
      vertex -10.5 -13.25 10
    endloop
  endfacet
  facet normal -0.998752 3.93161e-18 -0.0499376
    outer loop
      vertex -11.75 2 35
      vertex -12 14 40
      vertex -10.1 13.05 2
    endloop
  endfacet
  facet normal -0.998752 -0 -0.0499376
    outer loop
      vertex -12 14 40
      vertex -11.75 2 35
      vertex -12 2 40
    endloop
  endfacet
  facet normal -0.998752 -0 -0.0499376
    outer loop
      vertex -11.75 2 35
      vertex -11 -13.5 20
      vertex -11.75 -2 35
    endloop
  endfacet
  facet normal -0.998752 0 -0.0499376
    outer loop
      vertex -11 -13.5 20
      vertex -10.6 -13 12
      vertex -10.6 -13.3 12
    endloop
  endfacet
  facet normal -0.998752 0 -0.0499376
    outer loop
      vertex -12 -14 40
      vertex -11.75 -2 35
      vertex -11 -13.5 20
    endloop
  endfacet
  facet normal -0.998752 0 -0.0499376
    outer loop
      vertex -11.75 -2 35
      vertex -12 -14 40
      vertex -12 -2 40
    endloop
  endfacet
  facet normal 0.998752 0 -0.0499376
    outer loop
      vertex 12 -14 40
      vertex 11.75 -2 35
      vertex 12 -2 40
    endloop
  endfacet
  facet normal 0.998752 7.13222e-17 -0.0499376
    outer loop
      vertex 11.75 -2 35
      vertex 11 -13.5 20
      vertex 10.6 -13 12
    endloop
  endfacet
  facet normal 0.998752 0 -0.0499376
    outer loop
      vertex 10.6 -13 12
      vertex 11 -13.5 20
      vertex 10.6 -13.3 12
    endloop
  endfacet
  facet normal 0.998752 0 -0.0499376
    outer loop
      vertex 11.75 -2 35
      vertex 12 -14 40
      vertex 11 -13.5 20
    endloop
  endfacet
  facet normal 0.998752 0 -0.0499376
    outer loop
      vertex 11.75 2 35
      vertex 12 14 40
      vertex 12 2 40
    endloop
  endfacet
  facet normal 0.998752 3.93161e-18 -0.0499376
    outer loop
      vertex 12 14 40
      vertex 11.75 2 35
      vertex 10.1 13.05 2
    endloop
  endfacet
  facet normal 0.998752 0 -0.0499376
    outer loop
      vertex 10.6 -13 12
      vertex 11.75 2 35
      vertex 11.75 -2 35
    endloop
  endfacet
  facet normal 0.998752 0 -0.0499376
    outer loop
      vertex 11.75 2 35
      vertex 10.6 -13 12
      vertex 10.1 13.05 2
    endloop
  endfacet
  facet normal 0.998752 6.81052e-17 -0.0499376
    outer loop
      vertex 10.5 -13 10
      vertex 10.1 13.05 2
      vertex 10.6 -13 12
    endloop
  endfacet
  facet normal 0.998752 0 -0.0499376
    outer loop
      vertex 10.5 -13 10
      vertex 10.1 -13.05 2
      vertex 10.1 13.05 2
    endloop
  endfacet
  facet normal 0.998752 0 -0.0499376
    outer loop
      vertex 10.1 -13.05 2
      vertex 10.5 -13 10
      vertex 10.5 -13.25 10
    endloop
  endfacet
  facet normal 0 -0.999688 -0.0249922
    outer loop
      vertex -12 -14 40
      vertex -11 -13.8 32
      vertex 12 -14 40
    endloop
  endfacet
  facet normal -3.5516e-15 -0.999688 -0.0249922
    outer loop
      vertex -12 -14 40
      vertex -11 -13.75 30
      vertex -11 -13.8 32
    endloop
  endfacet
  facet normal 0 -0.999688 -0.0249922
    outer loop
      vertex -11 -13.75 30
      vertex -11 -13.55 22
      vertex 11 -13.75 30
    endloop
  endfacet
  facet normal 8.87901e-16 -0.999688 -0.0249922
    outer loop
      vertex -12 -14 40
      vertex -11 -13.55 22
      vertex -11 -13.75 30
    endloop
  endfacet
  facet normal -7.10321e-15 -0.999688 -0.0249922
    outer loop
      vertex -11 -13.55 22
      vertex -12 -14 40
      vertex -11 -13.5 20
    endloop
  endfacet
  facet normal -0 -0.999688 -0.0249922
    outer loop
      vertex 11 -13.8 32
      vertex 12 -14 40
      vertex -11 -13.8 32
    endloop
  endfacet
  facet normal 3.5516e-15 -0.999688 -0.0249922
    outer loop
      vertex 11 -13.75 30
      vertex 12 -14 40
      vertex 11 -13.8 32
    endloop
  endfacet
  facet normal -0 -0.999688 -0.0249922
    outer loop
      vertex 11 -13.55 22
      vertex 11 -13.75 30
      vertex -11 -13.55 22
    endloop
  endfacet
  facet normal -8.87901e-16 -0.999688 -0.0249922
    outer loop
      vertex 11 -13.55 22
      vertex 12 -14 40
      vertex 11 -13.75 30
    endloop
  endfacet
  facet normal 7.10321e-15 -0.999688 -0.0249922
    outer loop
      vertex 12 -14 40
      vertex 11 -13.55 22
      vertex 11 -13.5 20
    endloop
  endfacet
  facet normal 0 -0.999688 -0.0249922
    outer loop
      vertex -10.1 -13.05 2
      vertex 10.5 -13.25 10
      vertex -10.5 -13.25 10
    endloop
  endfacet
  facet normal 0 -0.999688 -0.0249922
    outer loop
      vertex 10.5 -13.25 10
      vertex -10.1 -13.05 2
      vertex 10.1 -13.05 2
    endloop
  endfacet
  facet normal 0 -0.999688 -0.0249922
    outer loop
      vertex -10.6 -13.3 12
      vertex 11 -13.5 20
      vertex -11 -13.5 20
    endloop
  endfacet
  facet normal 0 -0.999688 -0.0249922
    outer loop
      vertex 11 -13.5 20
      vertex -10.6 -13.3 12
      vertex 10.6 -13.3 12
    endloop
  endfacet
  facet normal 1 -0 0
    outer loop
      vertex 5 13.825 33
      vertex 5 19 15
      vertex 5 19 33
    endloop
  endfacet
  facet normal 1 0 0
    outer loop
      vertex 5 19 15
      vertex 5 13.825 33
      vertex 5 13.375 15
    endloop
  endfacet
  facet normal -0 0 1
    outer loop
      vertex -5 19 33
      vertex 5 13.825 33
      vertex 5 19 33
    endloop
  endfacet
  facet normal 0 0 1
    outer loop
      vertex 5 13.825 33
      vertex -5 19 33
      vertex -5 13.825 33
    endloop
  endfacet
  facet normal 0 0 -1
    outer loop
      vertex -5 13.375 15
      vertex 5 19 15
      vertex 5 13.375 15
    endloop
  endfacet
  facet normal -0 0 -1
    outer loop
      vertex 5 19 15
      vertex -5 13.375 15
      vertex -5 19 15
    endloop
  endfacet
  facet normal -1 0 0
    outer loop
      vertex -5 19 15
      vertex -5 13.825 33
      vertex -5 19 33
    endloop
  endfacet
  facet normal -1 0 -0
    outer loop
      vertex -5 13.825 33
      vertex -5 19 15
      vertex -5 13.375 15
    endloop
  endfacet
  facet normal 0 1 -0
    outer loop
      vertex 5 19 15
      vertex -5 19 33
      vertex 5 19 33
    endloop
  endfacet
  facet normal 0 1 0
    outer loop
      vertex -5 19 33
      vertex 5 19 15
      vertex -5 19 15
    endloop
  endfacet
  facet normal 1 -0 0
    outer loop
      vertex 12 -2 40
      vertex 12 2 35
      vertex 12 2 40
    endloop
  endfacet
  facet normal 1 0 0
    outer loop
      vertex 12 2 35
      vertex 12 -2 40
      vertex 12 -2 35
    endloop
  endfacet
  facet normal 0 0 -1
    outer loop
      vertex 11.75 -2 35
      vertex 12 2 35
      vertex 12 -2 35
    endloop
  endfacet
  facet normal -0 0 -1
    outer loop
      vertex 12 2 35
      vertex 11.75 -2 35
      vertex 11.75 2 35
    endloop
  endfacet
  facet normal 0 0 -1
    outer loop
      vertex -12 -2 35
      vertex -11.75 2 35
      vertex -11.75 -2 35
    endloop
  endfacet
  facet normal -0 0 -1
    outer loop
      vertex -11.75 2 35
      vertex -12 -2 35
      vertex -12 2 35
    endloop
  endfacet
  facet normal -1 0 0
    outer loop
      vertex -12 -2 35
      vertex -12 2 40
      vertex -12 2 35
    endloop
  endfacet
  facet normal -1 -0 0
    outer loop
      vertex -12 2 40
      vertex -12 -2 35
      vertex -12 -2 40
    endloop
  endfacet
  facet normal 0 1 0
    outer loop
      vertex -11.75 2 35
      vertex -12 2 35
      vertex -12 2 40
    endloop
  endfacet
  facet normal 0 1 -0
    outer loop
      vertex 12 2 35
      vertex 11.75 2 35
      vertex 12 2 40
    endloop
  endfacet
  facet normal 0 -1 0
    outer loop
      vertex -12 -2 40
      vertex -12 -2 35
      vertex -11.75 -2 35
    endloop
  endfacet
  facet normal 0 -1 -0
    outer loop
      vertex 12 -2 40
      vertex 11.75 -2 35
      vertex 12 -2 35
    endloop
  endfacet
  facet normal 1 -0 0
    outer loop
      vertex 18 -15 2
      vertex 18 15 -40
      vertex 18 15 2
    endloop
  endfacet
  facet normal 1 0 0
    outer loop
      vertex 18 15 -40
      vertex 18 -15 2
      vertex 18 -15 -40
    endloop
  endfacet
  facet normal 0 0 1
    outer loop
      vertex 18 15 2
      vertex 10.1 13.05 2
      vertex 18 -15 2
    endloop
  endfacet
  facet normal 0 0 1
    outer loop
      vertex 18 15 2
      vertex -10.1 13.05 2
      vertex 10.1 13.05 2
    endloop
  endfacet
  facet normal 0 0 1
    outer loop
      vertex -10.1 13.05 2
      vertex -18 15 2
      vertex -10.1 -13.05 2
    endloop
  endfacet
  facet normal -0 0 1
    outer loop
      vertex -18 15 2
      vertex -10.1 13.05 2
      vertex 18 15 2
    endloop
  endfacet
  facet normal -0 0 1
    outer loop
      vertex 10.1 -13.05 2
      vertex 18 -15 2
      vertex 10.1 13.05 2
    endloop
  endfacet
  facet normal -0 0 1
    outer loop
      vertex -10.1 -13.05 2
      vertex 18 -15 2
      vertex 10.1 -13.05 2
    endloop
  endfacet
  facet normal 0 0 1
    outer loop
      vertex -10.1 -13.05 2
      vertex -18 -15 2
      vertex 18 -15 2
    endloop
  endfacet
  facet normal 0 0 1
    outer loop
      vertex -18 -15 2
      vertex -10.1 -13.05 2
      vertex -18 15 2
    endloop
  endfacet
  facet normal 0 0 -1
    outer loop
      vertex 18 -15 -40
      vertex 16 -13 -40
      vertex 18 15 -40
    endloop
  endfacet
  facet normal 0 0 -1
    outer loop
      vertex 18 -15 -40
      vertex -16 -13 -40
      vertex 16 -13 -40
    endloop
  endfacet
  facet normal -0 0 -1
    outer loop
      vertex -16 -13 -40
      vertex -18 -15 -40
      vertex -16 13 -40
    endloop
  endfacet
  facet normal 0 0 -1
    outer loop
      vertex -18 -15 -40
      vertex -16 -13 -40
      vertex 18 -15 -40
    endloop
  endfacet
  facet normal 0 0 -1
    outer loop
      vertex 16 13 -40
      vertex 18 15 -40
      vertex 16 -13 -40
    endloop
  endfacet
  facet normal 0 0 -1
    outer loop
      vertex -16 13 -40
      vertex 18 15 -40
      vertex 16 13 -40
    endloop
  endfacet
  facet normal 0 0 -1
    outer loop
      vertex -16 13 -40
      vertex -18 15 -40
      vertex 18 15 -40
    endloop
  endfacet
  facet normal 0 0 -1
    outer loop
      vertex -18 15 -40
      vertex -16 13 -40
      vertex -18 -15 -40
    endloop
  endfacet
  facet normal -1 0 0
    outer loop
      vertex -18 -15 -40
      vertex -18 15 2
      vertex -18 15 -40
    endloop
  endfacet
  facet normal -1 -0 0
    outer loop
      vertex -18 15 2
      vertex -18 -15 -40
      vertex -18 -15 2
    endloop
  endfacet
  facet normal 0 1 -0
    outer loop
      vertex 18 15 -40
      vertex -18 15 2
      vertex 18 15 2
    endloop
  endfacet
  facet normal 0 1 0
    outer loop
      vertex -18 15 2
      vertex 18 15 -40
      vertex -18 15 -40
    endloop
  endfacet
  facet normal 0 -1 0
    outer loop
      vertex -18 -15 -40
      vertex 18 -15 2
      vertex -18 -15 2
    endloop
  endfacet
  facet normal 0 -1 -0
    outer loop
      vertex 18 -15 2
      vertex -18 -15 -40
      vertex 18 -15 -40
    endloop
  endfacet
  facet normal 1 -0 0
    outer loop
      vertex 16 -13 -40
      vertex 16 13 -42
      vertex 16 13 -40
    endloop
  endfacet
  facet normal 1 0 0
    outer loop
      vertex 16 13 -42
      vertex 16 -13 -40
      vertex 16 -13 -42
    endloop
  endfacet
  facet normal 0 0 -1
    outer loop
      vertex -16 -13 -42
      vertex 16 13 -42
      vertex 16 -13 -42
    endloop
  endfacet
  facet normal -0 0 -1
    outer loop
      vertex 16 13 -42
      vertex -16 -13 -42
      vertex -16 13 -42
    endloop
  endfacet
  facet normal -1 0 0
    outer loop
      vertex -16 -13 -42
      vertex -16 13 -40
      vertex -16 13 -42
    endloop
  endfacet
  facet normal -1 -0 0
    outer loop
      vertex -16 13 -40
      vertex -16 -13 -42
      vertex -16 -13 -40
    endloop
  endfacet
  facet normal 0 1 -0
    outer loop
      vertex 16 13 -42
      vertex -16 13 -40
      vertex 16 13 -40
    endloop
  endfacet
  facet normal 0 1 0
    outer loop
      vertex -16 13 -40
      vertex 16 13 -42
      vertex -16 13 -42
    endloop
  endfacet
  facet normal 0 -1 0
    outer loop
      vertex -16 -13 -42
      vertex 16 -13 -40
      vertex -16 -13 -40
    endloop
  endfacet
  facet normal 0 -1 -0
    outer loop
      vertex 16 -13 -40
      vertex -16 -13 -42
      vertex 16 -13 -42
    endloop
  endfacet
  facet normal 0.980779 0.19512 0
    outer loop
      vertex 12.8888 1.69684 183
      vertex 12.557 3.36465 157
      vertex 12.557 3.36465 183
    endloop
  endfacet
  facet normal 0.980779 0.19512 0
    outer loop
      vertex 12.557 3.36465 157
      vertex 12.8888 1.69684 183
      vertex 12.8888 1.69684 157
    endloop
  endfacet
  facet normal 0.99786 0.0653933 0
    outer loop
      vertex 13 0 183
      vertex 12.8888 1.69684 157
      vertex 12.8888 1.69684 183
    endloop
  endfacet
  facet normal 0.99786 0.0653933 0
    outer loop
      vertex 12.8888 1.69684 157
      vertex 13 0 183
      vertex 13 0 157
    endloop
  endfacet
  facet normal 0.32144 0.94693 -0
    outer loop
      vertex 4.97488 12.0104 157
      vertex 3.36465 12.557 183
      vertex 4.97488 12.0104 183
    endloop
  endfacet
  facet normal 0.32144 0.94693 0
    outer loop
      vertex 3.36465 12.557 183
      vertex 4.97488 12.0104 157
      vertex 3.36465 12.557 157
    endloop
  endfacet
  facet normal 0.555555 -0.83148 0
    outer loop
      vertex 6.5 -11.2583 157
      vertex 7.9139 -10.3136 183
      vertex 6.5 -11.2583 183
    endloop
  endfacet
  facet normal 0.555555 -0.83148 0
    outer loop
      vertex 7.9139 -10.3136 183
      vertex 6.5 -11.2583 157
      vertex 7.9139 -10.3136 157
    endloop
  endfacet
  facet normal 0.659347 0.751839 -0
    outer loop
      vertex 9.19239 9.19239 158.826
      vertex 7.9139 10.3136 183
      vertex 9.19239 9.19239 183
    endloop
  endfacet
  facet normal 0.659231 0.75194 -1.0869e-05
    outer loop
      vertex 9.17114 9.21102 158.825
      vertex 7.9139 10.3136 183
      vertex 9.19239 9.19239 158.826
    endloop
  endfacet
  facet normal 0.659368 0.75182 1.7325e-06
    outer loop
      vertex 9.07811 9.29261 158.821
      vertex 7.9139 10.3136 183
      vertex 9.17114 9.21102 158.825
    endloop
  endfacet
  facet normal 0.659319 0.751863 -2.45033e-06
    outer loop
      vertex 8.9716 9.38601 158.811
      vertex 7.9139 10.3136 183
      vertex 9.07811 9.29261 158.821
    endloop
  endfacet
  facet normal 0.659422 0.751773 5.48458e-06
    outer loop
      vertex 8.95768 9.39822 158.81
      vertex 7.9139 10.3136 183
      vertex 8.9716 9.38601 158.811
    endloop
  endfacet
  facet normal 0.659206 0.751963 -1.0981e-05
    outer loop
      vertex 8.94552 9.40888 158.808
      vertex 7.9139 10.3136 183
      vertex 8.95768 9.39822 158.81
    endloop
  endfacet
  facet normal 0.659364 0.751824 9.1594e-07
    outer loop
      vertex 8.82599 9.51371 158.792
      vertex 7.9139 10.3136 183
      vertex 8.94552 9.40888 158.808
    endloop
  endfacet
  facet normal 0.659436 0.75176 5.77223e-06
    outer loop
      vertex 8.82371 9.51571 158.791
      vertex 7.9139 10.3136 183
      vertex 8.82599 9.51371 158.792
    endloop
  endfacet
  facet normal 0.659188 0.751978 -1.07121e-05
    outer loop
      vertex 8.80345 9.53347 158.788
      vertex 7.9139 10.3136 183
      vertex 8.82371 9.51571 158.791
    endloop
  endfacet
  facet normal 0.659373 0.751816 1.26311e-06
    outer loop
      vertex 8.67601 9.64524 158.753
      vertex 7.9139 10.3136 183
      vertex 8.80345 9.53347 158.788
    endloop
  endfacet
  facet normal 0.659364 0.751824 7.59765e-07
    outer loop
      vertex 8.57632 9.73267 158.719
      vertex 7.9139 10.3136 183
      vertex 8.67601 9.64524 158.753
    endloop
  endfacet
  facet normal 0.659324 0.751859 -1.14524e-06
    outer loop
      vertex 8.4971 9.80214 158.692
      vertex 7.9139 10.3136 183
      vertex 8.57632 9.73267 158.719
    endloop
  endfacet
  facet normal 0.659343 0.751842 -3.53556e-07
    outer loop
      vertex 8.29715 9.97749 158.614
      vertex 7.9139 10.3136 183
      vertex 8.4971 9.80214 158.692
    endloop
  endfacet
  facet normal 0.659313 0.751868 -1.17731e-06
    outer loop
      vertex 8.27148 10 158.604
      vertex 7.9139 10.3136 183
      vertex 8.29715 9.97749 158.614
    endloop
  endfacet
  facet normal 0.657669 0.753307 -4.37799e-05
    outer loop
      vertex 8.26014 10.0099 158.599
      vertex 7.9139 10.3136 183
      vertex 8.27148 10 158.604
    endloop
  endfacet
  facet normal 0.660011 0.751256 1.49974e-05
    outer loop
      vertex 8.23305 10.0337 158.587
      vertex 7.9139 10.3136 183
      vertex 8.26014 10.0099 158.599
    endloop
  endfacet
  facet normal 0.659415 0.751779 1.20243e-06
    outer loop
      vertex 7.96616 10.2678 158.425
      vertex 7.9139 10.3136 183
      vertex 8.23305 10.0337 158.587
    endloop
  endfacet
  facet normal 0.659095 0.752059 0
    outer loop
      vertex 7.9139 10.3136 183
      vertex 7.96616 10.2678 158.425
      vertex 7.9139 10.3136 158.39
    endloop
  endfacet
  facet normal -0.19512 -0.980779 0
    outer loop
      vertex -3.36465 -12.557 157
      vertex -1.69684 -12.8888 183
      vertex -3.36465 -12.557 183
    endloop
  endfacet
  facet normal -0.19512 -0.980779 -0
    outer loop
      vertex -1.69684 -12.8888 183
      vertex -3.36465 -12.557 157
      vertex -1.69684 -12.8888 157
    endloop
  endfacet
  facet normal 0.751839 -0.659347 0
    outer loop
      vertex 9.19239 -9.19239 183
      vertex 10.3136 -7.9139 157
      vertex 10.3136 -7.9139 183
    endloop
  endfacet
  facet normal 0.751839 -0.659347 0
    outer loop
      vertex 10.3136 -7.9139 157
      vertex 9.19239 -9.19239 183
      vertex 9.19239 -9.19239 157
    endloop
  endfacet
  facet normal -0.94693 0.32144 0
    outer loop
      vertex -12.557 3.36465 157
      vertex -12.0104 4.97488 183
      vertex -12.0104 4.97488 157
    endloop
  endfacet
  facet normal -0.94693 0.32144 0
    outer loop
      vertex -12.0104 4.97488 183
      vertex -12.557 3.36465 157
      vertex -12.557 3.36465 183
    endloop
  endfacet
  facet normal 0.0653933 0.99786 -0
    outer loop
      vertex 1.69684 12.8888 157
      vertex 0 13 183
      vertex 1.69684 12.8888 183
    endloop
  endfacet
  facet normal 0.0653933 0.99786 0
    outer loop
      vertex 0 13 183
      vertex 1.69684 12.8888 157
      vertex 0 13 157
    endloop
  endfacet
  facet normal -0.32144 0.94693 0
    outer loop
      vertex -3.36465 12.557 157
      vertex -4.97488 12.0104 183
      vertex -3.36465 12.557 183
    endloop
  endfacet
  facet normal -0.32144 0.94693 0
    outer loop
      vertex -4.97488 12.0104 183
      vertex -3.36465 12.557 157
      vertex -4.97488 12.0104 157
    endloop
  endfacet
  facet normal -0.99786 -0.0653933 0
    outer loop
      vertex -12.8888 -1.69684 157
      vertex -13 0 183
      vertex -13 0 157
    endloop
  endfacet
  facet normal -0.99786 -0.0653933 0
    outer loop
      vertex -13 0 183
      vertex -12.8888 -1.69684 157
      vertex -12.8888 -1.69684 183
    endloop
  endfacet
  facet normal -0.0653933 -0.99786 0
    outer loop
      vertex -1.69684 -12.8888 157
      vertex 0 -13 183
      vertex -1.69684 -12.8888 183
    endloop
  endfacet
  facet normal -0.0653933 -0.99786 -0
    outer loop
      vertex 0 -13 183
      vertex -1.69684 -12.8888 157
      vertex 0 -13 157
    endloop
  endfacet
  facet normal 0.99786 -0.0653933 0
    outer loop
      vertex 12.8888 -1.69684 183
      vertex 13 0 157
      vertex 13 0 183
    endloop
  endfacet
  facet normal 0.99786 -0.0653933 0
    outer loop
      vertex 13 0 157
      vertex 12.8888 -1.69684 183
      vertex 12.8888 -1.69684 157
    endloop
  endfacet
  facet normal 0.751941 0.659231 0
    outer loop
      vertex 9.19239 9.19239 183
      vertex 9.21102 9.17114 158.825
      vertex 9.19239 9.19239 158.826
    endloop
  endfacet
  facet normal 0.75182 0.659368 -2.13486e-07
    outer loop
      vertex 9.19239 9.19239 183
      vertex 9.29261 9.07811 158.821
      vertex 9.21102 9.17114 158.825
    endloop
  endfacet
  facet normal 0.751839 0.659347 -3.91818e-08
    outer loop
      vertex 10.3136 7.9139 183
      vertex 9.29261 9.07811 158.821
      vertex 9.19239 9.19239 183
    endloop
  endfacet
  facet normal 0.751863 0.659319 -2.45033e-06
    outer loop
      vertex 9.29261 9.07811 158.821
      vertex 10.3136 7.9139 183
      vertex 9.38601 8.9716 158.811
    endloop
  endfacet
  facet normal 0.751773 0.659422 5.48458e-06
    outer loop
      vertex 9.38601 8.9716 158.811
      vertex 10.3136 7.9139 183
      vertex 9.39822 8.95768 158.81
    endloop
  endfacet
  facet normal 0.751963 0.659206 -1.0981e-05
    outer loop
      vertex 9.39822 8.95768 158.81
      vertex 10.3136 7.9139 183
      vertex 9.40888 8.94552 158.808
    endloop
  endfacet
  facet normal 0.751824 0.659364 9.1594e-07
    outer loop
      vertex 9.40888 8.94552 158.808
      vertex 10.3136 7.9139 183
      vertex 9.51371 8.82599 158.792
    endloop
  endfacet
  facet normal 0.75176 0.659436 5.77223e-06
    outer loop
      vertex 9.51371 8.82599 158.792
      vertex 10.3136 7.9139 183
      vertex 9.51571 8.82371 158.791
    endloop
  endfacet
  facet normal 0.751978 0.659188 -1.07121e-05
    outer loop
      vertex 9.51571 8.82371 158.791
      vertex 10.3136 7.9139 183
      vertex 9.53347 8.80345 158.788
    endloop
  endfacet
  facet normal 0.751816 0.659373 1.26311e-06
    outer loop
      vertex 9.53347 8.80345 158.788
      vertex 10.3136 7.9139 183
      vertex 9.64524 8.67601 158.753
    endloop
  endfacet
  facet normal 0.751824 0.659364 7.59765e-07
    outer loop
      vertex 9.64524 8.67601 158.753
      vertex 10.3136 7.9139 183
      vertex 9.73267 8.57632 158.719
    endloop
  endfacet
  facet normal 0.751859 0.659324 -1.14524e-06
    outer loop
      vertex 9.73267 8.57632 158.719
      vertex 10.3136 7.9139 183
      vertex 9.80214 8.4971 158.692
    endloop
  endfacet
  facet normal 0.751842 0.659343 -3.53556e-07
    outer loop
      vertex 9.80214 8.4971 158.692
      vertex 10.3136 7.9139 183
      vertex 9.97749 8.29715 158.614
    endloop
  endfacet
  facet normal 0.751868 0.659313 -1.17731e-06
    outer loop
      vertex 9.97749 8.29715 158.614
      vertex 10.3136 7.9139 183
      vertex 10 8.27148 158.604
    endloop
  endfacet
  facet normal 0.753307 0.657669 -4.37799e-05
    outer loop
      vertex 10 8.27148 158.604
      vertex 10.3136 7.9139 183
      vertex 10.0099 8.26014 158.599
    endloop
  endfacet
  facet normal 0.751256 0.660011 1.49974e-05
    outer loop
      vertex 10.0099 8.26014 158.599
      vertex 10.3136 7.9139 183
      vertex 10.0337 8.23305 158.587
    endloop
  endfacet
  facet normal 0.751779 0.659415 1.20243e-06
    outer loop
      vertex 10.0337 8.23305 158.587
      vertex 10.3136 7.9139 183
      vertex 10.2678 7.96616 158.425
    endloop
  endfacet
  facet normal 0.752059 0.659095 0
    outer loop
      vertex 10.2678 7.96616 158.425
      vertex 10.3136 7.9139 183
      vertex 10.3136 7.9139 158.39
    endloop
  endfacet
  facet normal -0.94693 -0.32144 0
    outer loop
      vertex -12.0104 -4.97488 157
      vertex -12.557 -3.36465 183
      vertex -12.557 -3.36465 157
    endloop
  endfacet
  facet normal -0.94693 -0.32144 0
    outer loop
      vertex -12.557 -3.36465 183
      vertex -12.0104 -4.97488 157
      vertex -12.0104 -4.97488 183
    endloop
  endfacet
  facet normal -0.980779 -0.19512 0
    outer loop
      vertex -12.557 -3.36465 157
      vertex -12.8888 -1.69684 183
      vertex -12.8888 -1.69684 157
    endloop
  endfacet
  facet normal -0.980779 -0.19512 0
    outer loop
      vertex -12.8888 -1.69684 183
      vertex -12.557 -3.36465 157
      vertex -12.557 -3.36465 183
    endloop
  endfacet
  facet normal 0.19512 0.980779 -0
    outer loop
      vertex 3.36465 12.557 157
      vertex 1.69684 12.8888 183
      vertex 3.36465 12.557 183
    endloop
  endfacet
  facet normal 0.19512 0.980779 0
    outer loop
      vertex 1.69684 12.8888 183
      vertex 3.36465 12.557 157
      vertex 1.69684 12.8888 157
    endloop
  endfacet
  facet normal -0.751839 -0.659347 0
    outer loop
      vertex -9.19239 -9.19239 157
      vertex -10.3136 -7.9139 183
      vertex -10.3136 -7.9139 157
    endloop
  endfacet
  facet normal -0.751839 -0.659347 0
    outer loop
      vertex -10.3136 -7.9139 183
      vertex -9.19239 -9.19239 157
      vertex -9.19239 -9.19239 183
    endloop
  endfacet
  facet normal -0.659347 0.751839 0
    outer loop
      vertex -7.9139 10.3136 157
      vertex -9.19239 9.19239 183
      vertex -7.9139 10.3136 183
    endloop
  endfacet
  facet normal -0.659347 0.751839 0
    outer loop
      vertex -9.19239 9.19239 183
      vertex -7.9139 10.3136 157
      vertex -9.19239 9.19239 157
    endloop
  endfacet
  facet normal -0.896874 0.442286 0
    outer loop
      vertex -12.0104 4.97488 157
      vertex -11.2583 6.5 183
      vertex -11.2583 6.5 157
    endloop
  endfacet
  facet normal -0.896874 0.442286 0
    outer loop
      vertex -11.2583 6.5 183
      vertex -12.0104 4.97488 157
      vertex -12.0104 4.97488 183
    endloop
  endfacet
  facet normal 0.83148 -0.555555 0
    outer loop
      vertex 10.3136 -7.9139 183
      vertex 11.2583 -6.5 157
      vertex 11.2583 -6.5 183
    endloop
  endfacet
  facet normal 0.83148 -0.555555 0
    outer loop
      vertex 11.2583 -6.5 157
      vertex 10.3136 -7.9139 183
      vertex 10.3136 -7.9139 157
    endloop
  endfacet
  facet normal 0.83148 0.555555 0
    outer loop
      vertex 11.2583 6.5 183
      vertex 10.3136 7.9139 158.39
      vertex 10.3136 7.9139 183
    endloop
  endfacet
  facet normal 0.830806 0.556562 8.37444e-05
    outer loop
      vertex 10.3136 7.9139 158.39
      vertex 11.2583 6.5 183
      vertex 10.3244 7.89778 158.379
    endloop
  endfacet
  facet normal 0.831793 0.555086 -3.75058e-05
    outer loop
      vertex 10.3244 7.89778 158.379
      vertex 11.2583 6.5 183
      vertex 10.3799 7.81461 158.326
    endloop
  endfacet
  facet normal 0.831385 0.555696 9.53253e-06
    outer loop
      vertex 10.3799 7.81461 158.326
      vertex 11.2583 6.5 183
      vertex 10.536 7.58107 158.126
    endloop
  endfacet
  facet normal 0.831587 0.555395 -9.43661e-06
    outer loop
      vertex 10.536 7.58107 158.126
      vertex 11.2583 6.5 183
      vertex 10.629 7.44182 158.007
    endloop
  endfacet
  facet normal 0.830683 0.556746 6.42271e-05
    outer loop
      vertex 10.629 7.44182 158.007
      vertex 11.2583 6.5 183
      vertex 10.6523 7.40706 157.969
    endloop
  endfacet
  facet normal 0.831797 0.555079 -2.3127e-05
    outer loop
      vertex 10.6523 7.40706 157.969
      vertex 11.2583 6.5 183
      vertex 10.7232 7.30081 157.85
    endloop
  endfacet
  facet normal 0.831462 0.555582 -0
    outer loop
      vertex 11.2583 6.5 157
      vertex 10.7232 7.30081 157.85
      vertex 11.2583 6.5 183
    endloop
  endfacet
  facet normal 0.83304 0.553204 0.00323328
    outer loop
      vertex 10.7232 7.30081 157.85
      vertex 11.2583 6.5 157
      vertex 10.8455 7.11789 157.637
    endloop
  endfacet
  facet normal 0.830619 0.556838 -0.00186003
    outer loop
      vertex 10.8455 7.11789 157.637
      vertex 11.2583 6.5 157
      vertex 10.8848 7.05897 157.548
    endloop
  endfacet
  facet normal 0.831656 0.555291 0.000424294
    outer loop
      vertex 10.8848 7.05897 157.548
      vertex 11.2583 6.5 157
      vertex 11.0283 6.8443 157.222
    endloop
  endfacet
  facet normal 0.83146 0.555585 -0.000235542
    outer loop
      vertex 11.0283 6.8443 157.222
      vertex 11.2583 6.5 157
      vertex 11.1019 6.73406 157
    endloop
  endfacet
  facet normal -0.751839 0.659347 0
    outer loop
      vertex -10.3136 7.9139 157
      vertex -9.19239 9.19239 183
      vertex -9.19239 9.19239 157
    endloop
  endfacet
  facet normal -0.751839 0.659347 0
    outer loop
      vertex -9.19239 9.19239 183
      vertex -10.3136 7.9139 157
      vertex -10.3136 7.9139 183
    endloop
  endfacet
  facet normal 0.659347 -0.751839 0
    outer loop
      vertex 7.9139 -10.3136 157
      vertex 9.19239 -9.19239 183
      vertex 7.9139 -10.3136 183
    endloop
  endfacet
  facet normal 0.659347 -0.751839 0
    outer loop
      vertex 9.19239 -9.19239 183
      vertex 7.9139 -10.3136 157
      vertex 9.19239 -9.19239 157
    endloop
  endfacet
  facet normal -0.83148 -0.555555 0
    outer loop
      vertex -10.3136 -7.9139 157
      vertex -11.2583 -6.5 183
      vertex -11.2583 -6.5 157
    endloop
  endfacet
  facet normal -0.83148 -0.555555 0
    outer loop
      vertex -11.2583 -6.5 183
      vertex -10.3136 -7.9139 157
      vertex -10.3136 -7.9139 183
    endloop
  endfacet
  facet normal -0.19512 0.980779 0
    outer loop
      vertex -1.69684 12.8888 157
      vertex -3.36465 12.557 183
      vertex -1.69684 12.8888 183
    endloop
  endfacet
  facet normal -0.19512 0.980779 0
    outer loop
      vertex -3.36465 12.557 183
      vertex -1.69684 12.8888 157
      vertex -3.36465 12.557 157
    endloop
  endfacet
  facet normal 0.94693 -0.32144 0
    outer loop
      vertex 12.0104 -4.97488 183
      vertex 12.557 -3.36465 157
      vertex 12.557 -3.36465 183
    endloop
  endfacet
  facet normal 0.94693 -0.32144 0
    outer loop
      vertex 12.557 -3.36465 157
      vertex 12.0104 -4.97488 183
      vertex 12.0104 -4.97488 157
    endloop
  endfacet
  facet normal 0.442286 0.896874 -0
    outer loop
      vertex 6.5 11.2583 157
      vertex 4.97488 12.0104 183
      vertex 6.5 11.2583 183
    endloop
  endfacet
  facet normal 0.442286 0.896874 0
    outer loop
      vertex 4.97488 12.0104 183
      vertex 6.5 11.2583 157
      vertex 4.97488 12.0104 157
    endloop
  endfacet
  facet normal -0.0653933 0.99786 0
    outer loop
      vertex 0 13 157
      vertex -1.69684 12.8888 183
      vertex 0 13 183
    endloop
  endfacet
  facet normal -0.0653933 0.99786 0
    outer loop
      vertex -1.69684 12.8888 183
      vertex 0 13 157
      vertex -1.69684 12.8888 157
    endloop
  endfacet
  facet normal 0.0653933 -0.99786 0
    outer loop
      vertex 0 -13 157
      vertex 1.69684 -12.8888 183
      vertex 0 -13 183
    endloop
  endfacet
  facet normal 0.0653933 -0.99786 0
    outer loop
      vertex 1.69684 -12.8888 183
      vertex 0 -13 157
      vertex 1.69684 -12.8888 157
    endloop
  endfacet
  facet normal 0.555555 0.83148 -0
    outer loop
      vertex 7.9139 10.3136 158.39
      vertex 6.5 11.2583 183
      vertex 7.9139 10.3136 183
    endloop
  endfacet
  facet normal 0.556562 0.830806 8.37444e-05
    outer loop
      vertex 7.89778 10.3244 158.379
      vertex 6.5 11.2583 183
      vertex 7.9139 10.3136 158.39
    endloop
  endfacet
  facet normal 0.555086 0.831793 -3.75058e-05
    outer loop
      vertex 7.81461 10.3799 158.326
      vertex 6.5 11.2583 183
      vertex 7.89778 10.3244 158.379
    endloop
  endfacet
  facet normal 0.555696 0.831385 9.53253e-06
    outer loop
      vertex 7.58107 10.536 158.126
      vertex 6.5 11.2583 183
      vertex 7.81461 10.3799 158.326
    endloop
  endfacet
  facet normal 0.555395 0.831587 -9.43661e-06
    outer loop
      vertex 7.44182 10.629 158.007
      vertex 6.5 11.2583 183
      vertex 7.58107 10.536 158.126
    endloop
  endfacet
  facet normal 0.556746 0.830683 6.42271e-05
    outer loop
      vertex 7.40706 10.6523 157.969
      vertex 6.5 11.2583 183
      vertex 7.44182 10.629 158.007
    endloop
  endfacet
  facet normal 0.555079 0.831797 -2.3127e-05
    outer loop
      vertex 7.30081 10.7232 157.85
      vertex 6.5 11.2583 183
      vertex 7.40706 10.6523 157.969
    endloop
  endfacet
  facet normal 0.553204 0.83304 0.00323328
    outer loop
      vertex 6.5 11.2583 157
      vertex 7.30081 10.7232 157.85
      vertex 7.11789 10.8455 157.637
    endloop
  endfacet
  facet normal 0.556838 0.830619 -0.00186003
    outer loop
      vertex 6.5 11.2583 157
      vertex 7.11789 10.8455 157.637
      vertex 7.05897 10.8848 157.548
    endloop
  endfacet
  facet normal 0.555291 0.831656 0.000424294
    outer loop
      vertex 6.5 11.2583 157
      vertex 7.05897 10.8848 157.548
      vertex 6.8443 11.0283 157.222
    endloop
  endfacet
  facet normal 0.555585 0.83146 -0.000235542
    outer loop
      vertex 6.5 11.2583 157
      vertex 6.8443 11.0283 157.222
      vertex 6.73406 11.1019 157
    endloop
  endfacet
  facet normal 0.555582 0.831462 0
    outer loop
      vertex 7.30081 10.7232 157.85
      vertex 6.5 11.2583 157
      vertex 6.5 11.2583 183
    endloop
  endfacet
  facet normal -0.896874 -0.442286 0
    outer loop
      vertex -11.2583 -6.5 157
      vertex -12.0104 -4.97488 183
      vertex -12.0104 -4.97488 157
    endloop
  endfacet
  facet normal -0.896874 -0.442286 0
    outer loop
      vertex -12.0104 -4.97488 183
      vertex -11.2583 -6.5 157
      vertex -11.2583 -6.5 183
    endloop
  endfacet
  facet normal -0.659347 -0.751839 0
    outer loop
      vertex -9.19239 -9.19239 157
      vertex -7.9139 -10.3136 183
      vertex -9.19239 -9.19239 183
    endloop
  endfacet
  facet normal -0.659347 -0.751839 -0
    outer loop
      vertex -7.9139 -10.3136 183
      vertex -9.19239 -9.19239 157
      vertex -7.9139 -10.3136 157
    endloop
  endfacet
  facet normal -0.980779 0.19512 0
    outer loop
      vertex -12.8888 1.69684 157
      vertex -12.557 3.36465 183
      vertex -12.557 3.36465 157
    endloop
  endfacet
  facet normal -0.980779 0.19512 0
    outer loop
      vertex -12.557 3.36465 183
      vertex -12.8888 1.69684 157
      vertex -12.8888 1.69684 183
    endloop
  endfacet
  facet normal 0.896874 0.442286 0
    outer loop
      vertex 12.0104 4.97488 183
      vertex 11.2583 6.5 157
      vertex 11.2583 6.5 183
    endloop
  endfacet
  facet normal 0.896874 0.442286 0
    outer loop
      vertex 11.2583 6.5 157
      vertex 12.0104 4.97488 183
      vertex 12.0104 4.97488 157
    endloop
  endfacet
  facet normal 0.19512 -0.980779 0
    outer loop
      vertex 1.69684 -12.8888 157
      vertex 3.36465 -12.557 183
      vertex 1.69684 -12.8888 183
    endloop
  endfacet
  facet normal 0.19512 -0.980779 0
    outer loop
      vertex 3.36465 -12.557 183
      vertex 1.69684 -12.8888 157
      vertex 3.36465 -12.557 157
    endloop
  endfacet
  facet normal 0.896874 -0.442286 0
    outer loop
      vertex 11.2583 -6.5 183
      vertex 12.0104 -4.97488 157
      vertex 12.0104 -4.97488 183
    endloop
  endfacet
  facet normal 0.896874 -0.442286 0
    outer loop
      vertex 12.0104 -4.97488 157
      vertex 11.2583 -6.5 183
      vertex 11.2583 -6.5 157
    endloop
  endfacet
  facet normal 0.980779 -0.19512 0
    outer loop
      vertex 12.557 -3.36465 183
      vertex 12.8888 -1.69684 157
      vertex 12.8888 -1.69684 183
    endloop
  endfacet
  facet normal 0.980779 -0.19512 0
    outer loop
      vertex 12.8888 -1.69684 157
      vertex 12.557 -3.36465 183
      vertex 12.557 -3.36465 157
    endloop
  endfacet
  facet normal -0.555555 0.83148 0
    outer loop
      vertex -6.5 11.2583 157
      vertex -7.9139 10.3136 183
      vertex -6.5 11.2583 183
    endloop
  endfacet
  facet normal -0.555555 0.83148 0
    outer loop
      vertex -7.9139 10.3136 183
      vertex -6.5 11.2583 157
      vertex -7.9139 10.3136 157
    endloop
  endfacet
  facet normal 0.94693 0.32144 0
    outer loop
      vertex 12.557 3.36465 183
      vertex 12.0104 4.97488 157
      vertex 12.0104 4.97488 183
    endloop
  endfacet
  facet normal 0.94693 0.32144 0
    outer loop
      vertex 12.0104 4.97488 157
      vertex 12.557 3.36465 183
      vertex 12.557 3.36465 157
    endloop
  endfacet
  facet normal 0.32144 -0.94693 0
    outer loop
      vertex 3.36465 -12.557 157
      vertex 4.97488 -12.0104 183
      vertex 3.36465 -12.557 183
    endloop
  endfacet
  facet normal 0.32144 -0.94693 0
    outer loop
      vertex 4.97488 -12.0104 183
      vertex 3.36465 -12.557 157
      vertex 4.97488 -12.0104 157
    endloop
  endfacet
  facet normal 0.442286 -0.896874 0
    outer loop
      vertex 4.97488 -12.0104 157
      vertex 6.5 -11.2583 183
      vertex 4.97488 -12.0104 183
    endloop
  endfacet
  facet normal 0.442286 -0.896874 0
    outer loop
      vertex 6.5 -11.2583 183
      vertex 4.97488 -12.0104 157
      vertex 6.5 -11.2583 157
    endloop
  endfacet
  facet normal -0.99786 0.0653933 0
    outer loop
      vertex -13 0 157
      vertex -12.8888 1.69684 183
      vertex -12.8888 1.69684 157
    endloop
  endfacet
  facet normal -0.99786 0.0653933 0
    outer loop
      vertex -12.8888 1.69684 183
      vertex -13 0 157
      vertex -13 0 183
    endloop
  endfacet
  facet normal -0.32144 -0.94693 0
    outer loop
      vertex -4.97488 -12.0104 157
      vertex -3.36465 -12.557 183
      vertex -4.97488 -12.0104 183
    endloop
  endfacet
  facet normal -0.32144 -0.94693 -0
    outer loop
      vertex -3.36465 -12.557 183
      vertex -4.97488 -12.0104 157
      vertex -3.36465 -12.557 157
    endloop
  endfacet
  facet normal -0.442286 0.896874 0
    outer loop
      vertex -4.97488 12.0104 157
      vertex -6.5 11.2583 183
      vertex -4.97488 12.0104 183
    endloop
  endfacet
  facet normal -0.442286 0.896874 0
    outer loop
      vertex -6.5 11.2583 183
      vertex -4.97488 12.0104 157
      vertex -6.5 11.2583 157
    endloop
  endfacet
  facet normal -0.83148 0.555555 0
    outer loop
      vertex -11.2583 6.5 157
      vertex -10.3136 7.9139 183
      vertex -10.3136 7.9139 157
    endloop
  endfacet
  facet normal -0.83148 0.555555 0
    outer loop
      vertex -10.3136 7.9139 183
      vertex -11.2583 6.5 157
      vertex -11.2583 6.5 183
    endloop
  endfacet
  facet normal -0.442286 -0.896874 0
    outer loop
      vertex -6.5 -11.2583 157
      vertex -4.97488 -12.0104 183
      vertex -6.5 -11.2583 183
    endloop
  endfacet
  facet normal -0.442286 -0.896874 -0
    outer loop
      vertex -4.97488 -12.0104 183
      vertex -6.5 -11.2583 157
      vertex -4.97488 -12.0104 157
    endloop
  endfacet
  facet normal -0.555555 -0.83148 0
    outer loop
      vertex -7.9139 -10.3136 157
      vertex -6.5 -11.2583 183
      vertex -7.9139 -10.3136 183
    endloop
  endfacet
  facet normal -0.555555 -0.83148 -0
    outer loop
      vertex -6.5 -11.2583 183
      vertex -7.9139 -10.3136 157
      vertex -6.5 -11.2583 157
    endloop
  endfacet
  facet normal 0 0 1
    outer loop
      vertex 10 0 183
      vertex 13 0 183
      vertex 12.8888 1.69684 183
    endloop
  endfacet
  facet normal 0 0 1
    outer loop
      vertex 9.91445 1.30526 183
      vertex 12.8888 1.69684 183
      vertex 12.557 3.36465 183
    endloop
  endfacet
  facet normal 0 0 1
    outer loop
      vertex 13 0 183
      vertex 10 0 183
      vertex 12.8888 -1.69684 183
    endloop
  endfacet
  facet normal 0 0 1
    outer loop
      vertex 9.65926 2.58819 183
      vertex 12.557 3.36465 183
      vertex 12.0104 4.97488 183
    endloop
  endfacet
  facet normal -0 0 1
    outer loop
      vertex 9.91445 -1.30526 183
      vertex 12.8888 -1.69684 183
      vertex 10 0 183
    endloop
  endfacet
  facet normal 0 0 1
    outer loop
      vertex 9.2388 3.82683 183
      vertex 12.0104 4.97488 183
      vertex 11.2583 6.5 183
    endloop
  endfacet
  facet normal 0 0 1
    outer loop
      vertex 12.8888 -1.69684 183
      vertex 9.91445 -1.30526 183
      vertex 12.557 -3.36465 183
    endloop
  endfacet
  facet normal 0 0 1
    outer loop
      vertex 8.66025 5 183
      vertex 11.2583 6.5 183
      vertex 10.3136 7.9139 183
    endloop
  endfacet
  facet normal -0 0 1
    outer loop
      vertex 9.65926 -2.58819 183
      vertex 12.557 -3.36465 183
      vertex 9.91445 -1.30526 183
    endloop
  endfacet
  facet normal 0 0 1
    outer loop
      vertex 12.557 -3.36465 183
      vertex 9.65926 -2.58819 183
      vertex 12.0104 -4.97488 183
    endloop
  endfacet
  facet normal 0 0 1
    outer loop
      vertex 12.8888 1.69684 183
      vertex 9.91445 1.30526 183
      vertex 10 0 183
    endloop
  endfacet
  facet normal 0 0 1
    outer loop
      vertex 12.557 3.36465 183
      vertex 9.65926 2.58819 183
      vertex 9.91445 1.30526 183
    endloop
  endfacet
  facet normal 0 0 1
    outer loop
      vertex 12.0104 4.97488 183
      vertex 9.2388 3.82683 183
      vertex 9.65926 2.58819 183
    endloop
  endfacet
  facet normal 0 0 1
    outer loop
      vertex 7.93353 6.08761 183
      vertex 10.3136 7.9139 183
      vertex 9.19239 9.19239 183
    endloop
  endfacet
  facet normal 0 0 1
    outer loop
      vertex 11.2583 6.5 183
      vertex 8.66025 5 183
      vertex 9.2388 3.82683 183
    endloop
  endfacet
  facet normal 0 0 1
    outer loop
      vertex 10.3136 7.9139 183
      vertex 7.93353 6.08761 183
      vertex 8.66025 5 183
    endloop
  endfacet
  facet normal 0 0 1
    outer loop
      vertex 7.07107 7.07107 183
      vertex 9.19239 9.19239 183
      vertex 7.9139 10.3136 183
    endloop
  endfacet
  facet normal 0 0 1
    outer loop
      vertex 9.19239 9.19239 183
      vertex 7.07107 7.07107 183
      vertex 7.93353 6.08761 183
    endloop
  endfacet
  facet normal 0 0 1
    outer loop
      vertex 6.08761 7.93353 183
      vertex 7.9139 10.3136 183
      vertex 6.5 11.2583 183
    endloop
  endfacet
  facet normal 0 0 1
    outer loop
      vertex 7.9139 10.3136 183
      vertex 6.08761 7.93353 183
      vertex 7.07107 7.07107 183
    endloop
  endfacet
  facet normal 0 0 1
    outer loop
      vertex 6.5 11.2583 183
      vertex 5 8.66025 183
      vertex 6.08761 7.93353 183
    endloop
  endfacet
  facet normal 0 0 1
    outer loop
      vertex 4.97488 12.0104 183
      vertex 5 8.66025 183
      vertex 6.5 11.2583 183
    endloop
  endfacet
  facet normal 0 0 1
    outer loop
      vertex 4.97488 12.0104 183
      vertex 3.82683 9.2388 183
      vertex 5 8.66025 183
    endloop
  endfacet
  facet normal 0 0 1
    outer loop
      vertex 3.36465 12.557 183
      vertex 3.82683 9.2388 183
      vertex 4.97488 12.0104 183
    endloop
  endfacet
  facet normal 0 0 1
    outer loop
      vertex 3.36465 12.557 183
      vertex 2.58819 9.65926 183
      vertex 3.82683 9.2388 183
    endloop
  endfacet
  facet normal 0 0 1
    outer loop
      vertex 1.69684 12.8888 183
      vertex 2.58819 9.65926 183
      vertex 3.36465 12.557 183
    endloop
  endfacet
  facet normal 0 0 1
    outer loop
      vertex 1.69684 12.8888 183
      vertex 1.30526 9.91445 183
      vertex 2.58819 9.65926 183
    endloop
  endfacet
  facet normal 0 0 1
    outer loop
      vertex 0 13 183
      vertex 1.30526 9.91445 183
      vertex 1.69684 12.8888 183
    endloop
  endfacet
  facet normal 0 0 1
    outer loop
      vertex 0 13 183
      vertex 0 10 183
      vertex 1.30526 9.91445 183
    endloop
  endfacet
  facet normal 0 0 1
    outer loop
      vertex 0 13 183
      vertex -1.30526 9.91445 183
      vertex 0 10 183
    endloop
  endfacet
  facet normal -0 0 1
    outer loop
      vertex -1.69684 12.8888 183
      vertex -1.30526 9.91445 183
      vertex 0 13 183
    endloop
  endfacet
  facet normal 0 0 1
    outer loop
      vertex -1.69684 12.8888 183
      vertex -2.58819 9.65926 183
      vertex -1.30526 9.91445 183
    endloop
  endfacet
  facet normal -0 0 1
    outer loop
      vertex -3.36465 12.557 183
      vertex -2.58819 9.65926 183
      vertex -1.69684 12.8888 183
    endloop
  endfacet
  facet normal 0 0 1
    outer loop
      vertex -3.36465 12.557 183
      vertex -3.82683 9.2388 183
      vertex -2.58819 9.65926 183
    endloop
  endfacet
  facet normal -0 0 1
    outer loop
      vertex -4.97488 12.0104 183
      vertex -3.82683 9.2388 183
      vertex -3.36465 12.557 183
    endloop
  endfacet
  facet normal 0 0 1
    outer loop
      vertex -4.97488 12.0104 183
      vertex -5 8.66025 183
      vertex -3.82683 9.2388 183
    endloop
  endfacet
  facet normal -0 0 1
    outer loop
      vertex -6.5 11.2583 183
      vertex -5 8.66025 183
      vertex -4.97488 12.0104 183
    endloop
  endfacet
  facet normal 0 0 1
    outer loop
      vertex -5 8.66025 183
      vertex -6.5 11.2583 183
      vertex -6.08761 7.93353 183
    endloop
  endfacet
  facet normal -0 0 1
    outer loop
      vertex -7.9139 10.3136 183
      vertex -6.08761 7.93353 183
      vertex -6.5 11.2583 183
    endloop
  endfacet
  facet normal 0 0 1
    outer loop
      vertex -6.08761 7.93353 183
      vertex -7.9139 10.3136 183
      vertex -7.07107 7.07107 183
    endloop
  endfacet
  facet normal -0 0 1
    outer loop
      vertex -9.19239 9.19239 183
      vertex -7.07107 7.07107 183
      vertex -7.9139 10.3136 183
    endloop
  endfacet
  facet normal 0 0 1
    outer loop
      vertex -7.07107 7.07107 183
      vertex -9.19239 9.19239 183
      vertex -7.93353 6.08761 183
    endloop
  endfacet
  facet normal -0 0 1
    outer loop
      vertex -10.3136 7.9139 183
      vertex -7.93353 6.08761 183
      vertex -9.19239 9.19239 183
    endloop
  endfacet
  facet normal 0 0 1
    outer loop
      vertex -7.93353 6.08761 183
      vertex -10.3136 7.9139 183
      vertex -8.66025 5 183
    endloop
  endfacet
  facet normal -0 0 1
    outer loop
      vertex -11.2583 6.5 183
      vertex -8.66025 5 183
      vertex -10.3136 7.9139 183
    endloop
  endfacet
  facet normal 0 0 1
    outer loop
      vertex -8.66025 5 183
      vertex -11.2583 6.5 183
      vertex -9.2388 3.82683 183
    endloop
  endfacet
  facet normal 0 0 1
    outer loop
      vertex -9.2388 3.82683 183
      vertex -12.0104 4.97488 183
      vertex -9.65926 2.58819 183
    endloop
  endfacet
  facet normal -0 0 1
    outer loop
      vertex -12.0104 4.97488 183
      vertex -9.2388 3.82683 183
      vertex -11.2583 6.5 183
    endloop
  endfacet
  facet normal -0 0 1
    outer loop
      vertex 9.2388 -3.82683 183
      vertex 12.0104 -4.97488 183
      vertex 9.65926 -2.58819 183
    endloop
  endfacet
  facet normal 0 0 1
    outer loop
      vertex 12.0104 -4.97488 183
      vertex 9.2388 -3.82683 183
      vertex 11.2583 -6.5 183
    endloop
  endfacet
  facet normal -0 0 1
    outer loop
      vertex 8.66025 -5 183
      vertex 11.2583 -6.5 183
      vertex 9.2388 -3.82683 183
    endloop
  endfacet
  facet normal 0 0 1
    outer loop
      vertex 11.2583 -6.5 183
      vertex 8.66025 -5 183
      vertex 10.3136 -7.9139 183
    endloop
  endfacet
  facet normal -0 0 1
    outer loop
      vertex 7.93353 -6.08761 183
      vertex 10.3136 -7.9139 183
      vertex 8.66025 -5 183
    endloop
  endfacet
  facet normal 0 0 1
    outer loop
      vertex 10.3136 -7.9139 183
      vertex 7.93353 -6.08761 183
      vertex 9.19239 -9.19239 183
    endloop
  endfacet
  facet normal -0 0 1
    outer loop
      vertex 7.07107 -7.07107 183
      vertex 9.19239 -9.19239 183
      vertex 7.93353 -6.08761 183
    endloop
  endfacet
  facet normal 0 0 1
    outer loop
      vertex 9.19239 -9.19239 183
      vertex 7.07107 -7.07107 183
      vertex 7.9139 -10.3136 183
    endloop
  endfacet
  facet normal -0 0 1
    outer loop
      vertex 6.08761 -7.93353 183
      vertex 7.9139 -10.3136 183
      vertex 7.07107 -7.07107 183
    endloop
  endfacet
  facet normal 0 0 1
    outer loop
      vertex 7.9139 -10.3136 183
      vertex 6.08761 -7.93353 183
      vertex 6.5 -11.2583 183
    endloop
  endfacet
  facet normal -0 0 1
    outer loop
      vertex 5 -8.66025 183
      vertex 6.5 -11.2583 183
      vertex 6.08761 -7.93353 183
    endloop
  endfacet
  facet normal 0 0 1
    outer loop
      vertex 5 -8.66025 183
      vertex 4.97488 -12.0104 183
      vertex 6.5 -11.2583 183
    endloop
  endfacet
  facet normal -0 0 1
    outer loop
      vertex 3.82683 -9.2388 183
      vertex 4.97488 -12.0104 183
      vertex 5 -8.66025 183
    endloop
  endfacet
  facet normal 0 0 1
    outer loop
      vertex 3.82683 -9.2388 183
      vertex 3.36465 -12.557 183
      vertex 4.97488 -12.0104 183
    endloop
  endfacet
  facet normal -0 0 1
    outer loop
      vertex 2.58819 -9.65926 183
      vertex 3.36465 -12.557 183
      vertex 3.82683 -9.2388 183
    endloop
  endfacet
  facet normal 0 0 1
    outer loop
      vertex 2.58819 -9.65926 183
      vertex 1.69684 -12.8888 183
      vertex 3.36465 -12.557 183
    endloop
  endfacet
  facet normal -0 0 1
    outer loop
      vertex 1.30526 -9.91445 183
      vertex 1.69684 -12.8888 183
      vertex 2.58819 -9.65926 183
    endloop
  endfacet
  facet normal -0 0 1
    outer loop
      vertex 0 -10 183
      vertex 1.69684 -12.8888 183
      vertex 1.30526 -9.91445 183
    endloop
  endfacet
  facet normal 0 0 1
    outer loop
      vertex 0 -10 183
      vertex 0 -13 183
      vertex 1.69684 -12.8888 183
    endloop
  endfacet
  facet normal 0 0 1
    outer loop
      vertex -1.30526 -9.91445 183
      vertex 0 -13 183
      vertex 0 -10 183
    endloop
  endfacet
  facet normal 0 0 1
    outer loop
      vertex -1.30526 -9.91445 183
      vertex -1.69684 -12.8888 183
      vertex 0 -13 183
    endloop
  endfacet
  facet normal 0 0 1
    outer loop
      vertex -2.58819 -9.65926 183
      vertex -1.69684 -12.8888 183
      vertex -1.30526 -9.91445 183
    endloop
  endfacet
  facet normal 0 0 1
    outer loop
      vertex -2.58819 -9.65926 183
      vertex -3.36465 -12.557 183
      vertex -1.69684 -12.8888 183
    endloop
  endfacet
  facet normal 0 0 1
    outer loop
      vertex -3.82683 -9.2388 183
      vertex -3.36465 -12.557 183
      vertex -2.58819 -9.65926 183
    endloop
  endfacet
  facet normal 0 0 1
    outer loop
      vertex -3.82683 -9.2388 183
      vertex -4.97488 -12.0104 183
      vertex -3.36465 -12.557 183
    endloop
  endfacet
  facet normal 0 0 1
    outer loop
      vertex -5 -8.66025 183
      vertex -4.97488 -12.0104 183
      vertex -3.82683 -9.2388 183
    endloop
  endfacet
  facet normal 0 0 1
    outer loop
      vertex -6.5 -11.2583 183
      vertex -5 -8.66025 183
      vertex -6.08761 -7.93353 183
    endloop
  endfacet
  facet normal 0 0 1
    outer loop
      vertex -5 -8.66025 183
      vertex -6.5 -11.2583 183
      vertex -4.97488 -12.0104 183
    endloop
  endfacet
  facet normal 0 0 1
    outer loop
      vertex -7.9139 -10.3136 183
      vertex -6.08761 -7.93353 183
      vertex -7.07107 -7.07107 183
    endloop
  endfacet
  facet normal 0 0 1
    outer loop
      vertex -6.08761 -7.93353 183
      vertex -7.9139 -10.3136 183
      vertex -6.5 -11.2583 183
    endloop
  endfacet
  facet normal 0 0 1
    outer loop
      vertex -9.19239 -9.19239 183
      vertex -7.07107 -7.07107 183
      vertex -7.93353 -6.08761 183
    endloop
  endfacet
  facet normal 0 0 1
    outer loop
      vertex -10.3136 -7.9139 183
      vertex -7.93353 -6.08761 183
      vertex -8.66025 -5 183
    endloop
  endfacet
  facet normal 0 0 1
    outer loop
      vertex -7.07107 -7.07107 183
      vertex -9.19239 -9.19239 183
      vertex -7.9139 -10.3136 183
    endloop
  endfacet
  facet normal 0 0 1
    outer loop
      vertex -11.2583 -6.5 183
      vertex -8.66025 -5 183
      vertex -9.2388 -3.82683 183
    endloop
  endfacet
  facet normal 0 0 1
    outer loop
      vertex -12.0104 -4.97488 183
      vertex -9.2388 -3.82683 183
      vertex -9.65926 -2.58819 183
    endloop
  endfacet
  facet normal 0 0 1
    outer loop
      vertex -12.557 -3.36465 183
      vertex -9.65926 -2.58819 183
      vertex -9.91445 -1.30526 183
    endloop
  endfacet
  facet normal 0 0 1
    outer loop
      vertex -7.93353 -6.08761 183
      vertex -10.3136 -7.9139 183
      vertex -9.19239 -9.19239 183
    endloop
  endfacet
  facet normal 0 0 1
    outer loop
      vertex -12.8888 -1.69684 183
      vertex -9.91445 -1.30526 183
      vertex -10 0 183
    endloop
  endfacet
  facet normal -0 0 1
    outer loop
      vertex -12.557 3.36465 183
      vertex -9.65926 2.58819 183
      vertex -12.0104 4.97488 183
    endloop
  endfacet
  facet normal 0 0 1
    outer loop
      vertex -9.65926 2.58819 183
      vertex -12.557 3.36465 183
      vertex -9.91445 1.30526 183
    endloop
  endfacet
  facet normal 0 0 1
    outer loop
      vertex -8.66025 -5 183
      vertex -11.2583 -6.5 183
      vertex -10.3136 -7.9139 183
    endloop
  endfacet
  facet normal -0 0 1
    outer loop
      vertex -12.8888 1.69684 183
      vertex -9.91445 1.30526 183
      vertex -12.557 3.36465 183
    endloop
  endfacet
  facet normal 0 0 1
    outer loop
      vertex -9.2388 -3.82683 183
      vertex -12.0104 -4.97488 183
      vertex -11.2583 -6.5 183
    endloop
  endfacet
  facet normal 0 0 1
    outer loop
      vertex -9.91445 1.30526 183
      vertex -12.8888 1.69684 183
      vertex -10 0 183
    endloop
  endfacet
  facet normal 0 0 1
    outer loop
      vertex -9.65926 -2.58819 183
      vertex -12.557 -3.36465 183
      vertex -12.0104 -4.97488 183
    endloop
  endfacet
  facet normal 0 0 1
    outer loop
      vertex -13 0 183
      vertex -10 0 183
      vertex -12.8888 1.69684 183
    endloop
  endfacet
  facet normal 0 0 1
    outer loop
      vertex -9.91445 -1.30526 183
      vertex -12.8888 -1.69684 183
      vertex -12.557 -3.36465 183
    endloop
  endfacet
  facet normal 0 0 1
    outer loop
      vertex -10 0 183
      vertex -13 0 183
      vertex -12.8888 -1.69684 183
    endloop
  endfacet
  facet normal 0.980785 0.19509 0
    outer loop
      vertex 9.91445 1.30526 191
      vertex 9.65926 2.58819 183
      vertex 9.65926 2.58819 191
    endloop
  endfacet
  facet normal 0.980785 0.19509 0
    outer loop
      vertex 9.65926 2.58819 183
      vertex 9.91445 1.30526 191
      vertex 9.91445 1.30526 183
    endloop
  endfacet
  facet normal 0.997859 0.0654022 0
    outer loop
      vertex 10 0 191
      vertex 9.91445 1.30526 183
      vertex 9.91445 1.30526 191
    endloop
  endfacet
  facet normal 0.997859 0.0654022 0
    outer loop
      vertex 9.91445 1.30526 183
      vertex 10 0 191
      vertex 10 0 183
    endloop
  endfacet
  facet normal 0.946931 0.321438 0
    outer loop
      vertex 9.65926 2.58819 191
      vertex 9.2388 3.82683 183
      vertex 9.2388 3.82683 191
    endloop
  endfacet
  facet normal 0.946931 0.321438 0
    outer loop
      vertex 9.2388 3.82683 183
      vertex 9.65926 2.58819 191
      vertex 9.65926 2.58819 183
    endloop
  endfacet
  facet normal 0.321438 0.946931 -0
    outer loop
      vertex 3.82683 9.2388 183
      vertex 2.58819 9.65926 191
      vertex 3.82683 9.2388 191
    endloop
  endfacet
  facet normal 0.321438 0.946931 0
    outer loop
      vertex 2.58819 9.65926 191
      vertex 3.82683 9.2388 183
      vertex 2.58819 9.65926 183
    endloop
  endfacet
  facet normal 0.19509 0.980785 -0
    outer loop
      vertex 2.58819 9.65926 183
      vertex 1.30526 9.91445 191
      vertex 2.58819 9.65926 191
    endloop
  endfacet
  facet normal 0.19509 0.980785 0
    outer loop
      vertex 1.30526 9.91445 191
      vertex 2.58819 9.65926 183
      vertex 1.30526 9.91445 183
    endloop
  endfacet
  facet normal 0.896871 0.442293 0
    outer loop
      vertex 9.2388 3.82683 191
      vertex 8.66025 5 183
      vertex 8.66025 5 191
    endloop
  endfacet
  facet normal 0.896871 0.442293 0
    outer loop
      vertex 8.66025 5 183
      vertex 9.2388 3.82683 191
      vertex 9.2388 3.82683 183
    endloop
  endfacet
  facet normal 0.19509 -0.980785 0
    outer loop
      vertex 1.30526 -9.91445 183
      vertex 2.58819 -9.65926 191
      vertex 1.30526 -9.91445 191
    endloop
  endfacet
  facet normal 0.19509 -0.980785 0
    outer loop
      vertex 2.58819 -9.65926 191
      vertex 1.30526 -9.91445 183
      vertex 2.58819 -9.65926 183
    endloop
  endfacet
  facet normal 0.0654022 -0.997859 0
    outer loop
      vertex 0 -10 183
      vertex 1.30526 -9.91445 191
      vertex 0 -10 191
    endloop
  endfacet
  facet normal 0.0654022 -0.997859 0
    outer loop
      vertex 1.30526 -9.91445 191
      vertex 0 -10 183
      vertex 1.30526 -9.91445 183
    endloop
  endfacet
  facet normal 0.659341 0.751844 -0
    outer loop
      vertex 7.07107 7.07107 183
      vertex 6.08761 7.93353 191
      vertex 7.07107 7.07107 191
    endloop
  endfacet
  facet normal 0.659341 0.751844 0
    outer loop
      vertex 6.08761 7.93353 191
      vertex 7.07107 7.07107 183
      vertex 6.08761 7.93353 183
    endloop
  endfacet
  facet normal 0.896871 -0.442293 0
    outer loop
      vertex 8.66025 -5 191
      vertex 9.2388 -3.82683 183
      vertex 9.2388 -3.82683 191
    endloop
  endfacet
  facet normal 0.896871 -0.442293 0
    outer loop
      vertex 9.2388 -3.82683 183
      vertex 8.66025 -5 191
      vertex 8.66025 -5 183
    endloop
  endfacet
  facet normal -0.896871 0.442293 0
    outer loop
      vertex -9.2388 3.82683 183
      vertex -8.66025 5 191
      vertex -8.66025 5 183
    endloop
  endfacet
  facet normal -0.896871 0.442293 0
    outer loop
      vertex -8.66025 5 191
      vertex -9.2388 3.82683 183
      vertex -9.2388 3.82683 191
    endloop
  endfacet
  facet normal 0.659341 -0.751844 0
    outer loop
      vertex 6.08761 -7.93353 183
      vertex 7.07107 -7.07107 191
      vertex 6.08761 -7.93353 191
    endloop
  endfacet
  facet normal 0.659341 -0.751844 0
    outer loop
      vertex 7.07107 -7.07107 191
      vertex 6.08761 -7.93353 183
      vertex 7.07107 -7.07107 183
    endloop
  endfacet
  facet normal 0.751844 -0.659341 0
    outer loop
      vertex 7.07107 -7.07107 191
      vertex 7.93353 -6.08761 183
      vertex 7.93353 -6.08761 191
    endloop
  endfacet
  facet normal 0.751844 -0.659341 0
    outer loop
      vertex 7.93353 -6.08761 183
      vertex 7.07107 -7.07107 191
      vertex 7.07107 -7.07107 183
    endloop
  endfacet
  facet normal 0.321438 -0.946931 0
    outer loop
      vertex 2.58819 -9.65926 183
      vertex 3.82683 -9.2388 191
      vertex 2.58819 -9.65926 191
    endloop
  endfacet
  facet normal 0.321438 -0.946931 0
    outer loop
      vertex 3.82683 -9.2388 191
      vertex 2.58819 -9.65926 183
      vertex 3.82683 -9.2388 183
    endloop
  endfacet
  facet normal -0.997859 -0.0654022 0
    outer loop
      vertex -9.91445 -1.30526 183
      vertex -10 0 191
      vertex -10 0 183
    endloop
  endfacet
  facet normal -0.997859 -0.0654022 0
    outer loop
      vertex -10 0 191
      vertex -9.91445 -1.30526 183
      vertex -9.91445 -1.30526 191
    endloop
  endfacet
  facet normal -0.659341 0.751844 0
    outer loop
      vertex -6.08761 7.93353 183
      vertex -7.07107 7.07107 191
      vertex -6.08761 7.93353 191
    endloop
  endfacet
  facet normal -0.659341 0.751844 0
    outer loop
      vertex -7.07107 7.07107 191
      vertex -6.08761 7.93353 183
      vertex -7.07107 7.07107 183
    endloop
  endfacet
  facet normal -0.321438 0.946931 0
    outer loop
      vertex -2.58819 9.65926 183
      vertex -3.82683 9.2388 191
      vertex -2.58819 9.65926 191
    endloop
  endfacet
  facet normal -0.321438 0.946931 0
    outer loop
      vertex -3.82683 9.2388 191
      vertex -2.58819 9.65926 183
      vertex -3.82683 9.2388 183
    endloop
  endfacet
  facet normal -0.831469 -0.555571 0
    outer loop
      vertex -7.93353 -6.08761 183
      vertex -8.66025 -5 191
      vertex -8.66025 -5 183
    endloop
  endfacet
  facet normal -0.831469 -0.555571 0
    outer loop
      vertex -8.66025 -5 191
      vertex -7.93353 -6.08761 183
      vertex -7.93353 -6.08761 191
    endloop
  endfacet
  facet normal 0.751844 0.659341 0
    outer loop
      vertex 7.93353 6.08761 191
      vertex 7.07107 7.07107 183
      vertex 7.07107 7.07107 191
    endloop
  endfacet
  facet normal 0.751844 0.659341 0
    outer loop
      vertex 7.07107 7.07107 183
      vertex 7.93353 6.08761 191
      vertex 7.93353 6.08761 183
    endloop
  endfacet
  facet normal -0.321438 -0.946931 0
    outer loop
      vertex -3.82683 -9.2388 183
      vertex -2.58819 -9.65926 191
      vertex -3.82683 -9.2388 191
    endloop
  endfacet
  facet normal -0.321438 -0.946931 -0
    outer loop
      vertex -2.58819 -9.65926 191
      vertex -3.82683 -9.2388 183
      vertex -2.58819 -9.65926 183
    endloop
  endfacet
  facet normal 0.442293 -0.896871 0
    outer loop
      vertex 3.82683 -9.2388 183
      vertex 5 -8.66025 191
      vertex 3.82683 -9.2388 191
    endloop
  endfacet
  facet normal 0.442293 -0.896871 0
    outer loop
      vertex 5 -8.66025 191
      vertex 3.82683 -9.2388 183
      vertex 5 -8.66025 183
    endloop
  endfacet
  facet normal -0.442293 0.896871 0
    outer loop
      vertex -3.82683 9.2388 183
      vertex -5 8.66025 191
      vertex -3.82683 9.2388 191
    endloop
  endfacet
  facet normal -0.442293 0.896871 0
    outer loop
      vertex -5 8.66025 191
      vertex -3.82683 9.2388 183
      vertex -5 8.66025 183
    endloop
  endfacet
  facet normal 0.980785 -0.19509 0
    outer loop
      vertex 9.65926 -2.58819 191
      vertex 9.91445 -1.30526 183
      vertex 9.91445 -1.30526 191
    endloop
  endfacet
  facet normal 0.980785 -0.19509 0
    outer loop
      vertex 9.91445 -1.30526 183
      vertex 9.65926 -2.58819 191
      vertex 9.65926 -2.58819 183
    endloop
  endfacet
  facet normal -0.946931 -0.321438 0
    outer loop
      vertex -9.2388 -3.82683 183
      vertex -9.65926 -2.58819 191
      vertex -9.65926 -2.58819 183
    endloop
  endfacet
  facet normal -0.946931 -0.321438 0
    outer loop
      vertex -9.65926 -2.58819 191
      vertex -9.2388 -3.82683 183
      vertex -9.2388 -3.82683 191
    endloop
  endfacet
  facet normal 0.946931 -0.321438 0
    outer loop
      vertex 9.2388 -3.82683 191
      vertex 9.65926 -2.58819 183
      vertex 9.65926 -2.58819 191
    endloop
  endfacet
  facet normal 0.946931 -0.321438 0
    outer loop
      vertex 9.65926 -2.58819 183
      vertex 9.2388 -3.82683 191
      vertex 9.2388 -3.82683 183
    endloop
  endfacet
  facet normal -0.751844 -0.659341 0
    outer loop
      vertex -7.07107 -7.07107 183
      vertex -7.93353 -6.08761 191
      vertex -7.93353 -6.08761 183
    endloop
  endfacet
  facet normal -0.751844 -0.659341 0
    outer loop
      vertex -7.93353 -6.08761 191
      vertex -7.07107 -7.07107 183
      vertex -7.07107 -7.07107 191
    endloop
  endfacet
  facet normal 0.555571 0.831469 -0
    outer loop
      vertex 6.08761 7.93353 183
      vertex 5 8.66025 191
      vertex 6.08761 7.93353 191
    endloop
  endfacet
  facet normal 0.555571 0.831469 0
    outer loop
      vertex 5 8.66025 191
      vertex 6.08761 7.93353 183
      vertex 5 8.66025 183
    endloop
  endfacet
  facet normal 0.442293 0.896871 -0
    outer loop
      vertex 5 8.66025 183
      vertex 3.82683 9.2388 191
      vertex 5 8.66025 191
    endloop
  endfacet
  facet normal 0.442293 0.896871 0
    outer loop
      vertex 3.82683 9.2388 191
      vertex 5 8.66025 183
      vertex 3.82683 9.2388 183
    endloop
  endfacet
  facet normal -0.19509 0.980785 0
    outer loop
      vertex -1.30526 9.91445 183
      vertex -2.58819 9.65926 191
      vertex -1.30526 9.91445 191
    endloop
  endfacet
  facet normal -0.19509 0.980785 0
    outer loop
      vertex -2.58819 9.65926 191
      vertex -1.30526 9.91445 183
      vertex -2.58819 9.65926 183
    endloop
  endfacet
  facet normal -0.442293 -0.896871 0
    outer loop
      vertex -5 -8.66025 183
      vertex -3.82683 -9.2388 191
      vertex -5 -8.66025 191
    endloop
  endfacet
  facet normal -0.442293 -0.896871 -0
    outer loop
      vertex -3.82683 -9.2388 191
      vertex -5 -8.66025 183
      vertex -3.82683 -9.2388 183
    endloop
  endfacet
  facet normal -0.0654022 0.997859 0
    outer loop
      vertex 0 10 183
      vertex -1.30526 9.91445 191
      vertex 0 10 191
    endloop
  endfacet
  facet normal -0.0654022 0.997859 0
    outer loop
      vertex -1.30526 9.91445 191
      vertex 0 10 183
      vertex -1.30526 9.91445 183
    endloop
  endfacet
  facet normal -0.751844 0.659341 0
    outer loop
      vertex -7.93353 6.08761 183
      vertex -7.07107 7.07107 191
      vertex -7.07107 7.07107 183
    endloop
  endfacet
  facet normal -0.751844 0.659341 0
    outer loop
      vertex -7.07107 7.07107 191
      vertex -7.93353 6.08761 183
      vertex -7.93353 6.08761 191
    endloop
  endfacet
  facet normal 0.997859 -0.0654022 0
    outer loop
      vertex 9.91445 -1.30526 191
      vertex 10 0 183
      vertex 10 0 191
    endloop
  endfacet
  facet normal 0.997859 -0.0654022 0
    outer loop
      vertex 10 0 183
      vertex 9.91445 -1.30526 191
      vertex 9.91445 -1.30526 183
    endloop
  endfacet
  facet normal -0.946931 0.321438 0
    outer loop
      vertex -9.65926 2.58819 183
      vertex -9.2388 3.82683 191
      vertex -9.2388 3.82683 183
    endloop
  endfacet
  facet normal -0.946931 0.321438 0
    outer loop
      vertex -9.2388 3.82683 191
      vertex -9.65926 2.58819 183
      vertex -9.65926 2.58819 191
    endloop
  endfacet
  facet normal -0.659341 -0.751844 0
    outer loop
      vertex -7.07107 -7.07107 183
      vertex -6.08761 -7.93353 191
      vertex -7.07107 -7.07107 191
    endloop
  endfacet
  facet normal -0.659341 -0.751844 -0
    outer loop
      vertex -6.08761 -7.93353 191
      vertex -7.07107 -7.07107 183
      vertex -6.08761 -7.93353 183
    endloop
  endfacet
  facet normal 0.0654022 0.997859 -0
    outer loop
      vertex 1.30526 9.91445 183
      vertex 0 10 191
      vertex 1.30526 9.91445 191
    endloop
  endfacet
  facet normal 0.0654022 0.997859 0
    outer loop
      vertex 0 10 191
      vertex 1.30526 9.91445 183
      vertex 0 10 183
    endloop
  endfacet
  facet normal 0.831469 0.555571 0
    outer loop
      vertex 8.66025 5 191
      vertex 7.93353 6.08761 183
      vertex 7.93353 6.08761 191
    endloop
  endfacet
  facet normal 0.831469 0.555571 0
    outer loop
      vertex 7.93353 6.08761 183
      vertex 8.66025 5 191
      vertex 8.66025 5 183
    endloop
  endfacet
  facet normal -0.896871 -0.442293 0
    outer loop
      vertex -8.66025 -5 183
      vertex -9.2388 -3.82683 191
      vertex -9.2388 -3.82683 183
    endloop
  endfacet
  facet normal -0.896871 -0.442293 0
    outer loop
      vertex -9.2388 -3.82683 191
      vertex -8.66025 -5 183
      vertex -8.66025 -5 191
    endloop
  endfacet
  facet normal 0.831469 -0.555571 0
    outer loop
      vertex 7.93353 -6.08761 191
      vertex 8.66025 -5 183
      vertex 8.66025 -5 191
    endloop
  endfacet
  facet normal 0.831469 -0.555571 0
    outer loop
      vertex 8.66025 -5 183
      vertex 7.93353 -6.08761 191
      vertex 7.93353 -6.08761 183
    endloop
  endfacet
  facet normal -0.0654022 -0.997859 0
    outer loop
      vertex -1.30526 -9.91445 183
      vertex 0 -10 191
      vertex -1.30526 -9.91445 191
    endloop
  endfacet
  facet normal -0.0654022 -0.997859 -0
    outer loop
      vertex 0 -10 191
      vertex -1.30526 -9.91445 183
      vertex 0 -10 183
    endloop
  endfacet
  facet normal -0.980785 0.19509 0
    outer loop
      vertex -9.91445 1.30526 183
      vertex -9.65926 2.58819 191
      vertex -9.65926 2.58819 183
    endloop
  endfacet
  facet normal -0.980785 0.19509 0
    outer loop
      vertex -9.65926 2.58819 191
      vertex -9.91445 1.30526 183
      vertex -9.91445 1.30526 191
    endloop
  endfacet
  facet normal -0.555571 -0.831469 0
    outer loop
      vertex -6.08761 -7.93353 183
      vertex -5 -8.66025 191
      vertex -6.08761 -7.93353 191
    endloop
  endfacet
  facet normal -0.555571 -0.831469 -0
    outer loop
      vertex -5 -8.66025 191
      vertex -6.08761 -7.93353 183
      vertex -5 -8.66025 183
    endloop
  endfacet
  facet normal -0.555571 0.831469 0
    outer loop
      vertex -5 8.66025 183
      vertex -6.08761 7.93353 191
      vertex -5 8.66025 191
    endloop
  endfacet
  facet normal -0.555571 0.831469 0
    outer loop
      vertex -6.08761 7.93353 191
      vertex -5 8.66025 183
      vertex -6.08761 7.93353 183
    endloop
  endfacet
  facet normal -0.19509 -0.980785 0
    outer loop
      vertex -2.58819 -9.65926 183
      vertex -1.30526 -9.91445 191
      vertex -2.58819 -9.65926 191
    endloop
  endfacet
  facet normal -0.19509 -0.980785 -0
    outer loop
      vertex -1.30526 -9.91445 191
      vertex -2.58819 -9.65926 183
      vertex -1.30526 -9.91445 183
    endloop
  endfacet
  facet normal -0.980785 -0.19509 0
    outer loop
      vertex -9.65926 -2.58819 183
      vertex -9.91445 -1.30526 191
      vertex -9.91445 -1.30526 183
    endloop
  endfacet
  facet normal -0.980785 -0.19509 0
    outer loop
      vertex -9.91445 -1.30526 191
      vertex -9.65926 -2.58819 183
      vertex -9.65926 -2.58819 191
    endloop
  endfacet
  facet normal 0.555571 -0.831469 0
    outer loop
      vertex 5 -8.66025 183
      vertex 6.08761 -7.93353 191
      vertex 5 -8.66025 191
    endloop
  endfacet
  facet normal 0.555571 -0.831469 0
    outer loop
      vertex 6.08761 -7.93353 191
      vertex 5 -8.66025 183
      vertex 6.08761 -7.93353 183
    endloop
  endfacet
  facet normal -0.997859 0.0654022 0
    outer loop
      vertex -10 0 183
      vertex -9.91445 1.30526 191
      vertex -9.91445 1.30526 183
    endloop
  endfacet
  facet normal -0.997859 0.0654022 0
    outer loop
      vertex -9.91445 1.30526 191
      vertex -10 0 183
      vertex -10 0 191
    endloop
  endfacet
  facet normal -0.831469 0.555571 0
    outer loop
      vertex -8.66025 5 183
      vertex -7.93353 6.08761 191
      vertex -7.93353 6.08761 183
    endloop
  endfacet
  facet normal -0.831469 0.555571 0
    outer loop
      vertex -7.93353 6.08761 191
      vertex -8.66025 5 183
      vertex -8.66025 5 191
    endloop
  endfacet
  facet normal 0.065399 -0.997694 0.0181399
    outer loop
      vertex 0 -2.5 246
      vertex 0 -3.5 191
      vertex 0.326315 -2.47861 246
    endloop
  endfacet
  facet normal 0.831332 0.555481 0.01814
    outer loop
      vertex 2.77674 2.13066 191
      vertex 1.98338 1.5219 246
      vertex 3.03109 1.75 191
    endloop
  endfacet
  facet normal 0.997694 0.065399 0.0181412
    outer loop
      vertex 2.5 0 246
      vertex 2.57147 0.29665 241
      vertex 2.47861 0.326315 246
    endloop
  endfacet
  facet normal 0.997695 0.0653808 0.0181401
    outer loop
      vertex 2.57147 0.29665 241
      vertex 2.5 0 246
      vertex 2.59091 0 241
    endloop
  endfacet
  facet normal 0.997682 0.0655817 0.0181399
    outer loop
      vertex 2.56874 0.338181 241
      vertex 2.47861 0.326315 246
      vertex 2.57147 0.29665 241
    endloop
  endfacet
  facet normal -0.831332 -0.555481 0.01814
    outer loop
      vertex -1.98338 -1.5219 246
      vertex -3.03109 -1.75 191
      vertex -2.77674 -2.13066 191
    endloop
  endfacet
  facet normal -0.997682 0.0655817 0.0181399
    outer loop
      vertex -2.56874 0.338181 241
      vertex -2.57147 0.29665 241
      vertex -2.47861 0.326315 246
    endloop
  endfacet
  facet normal 0.321384 -0.946775 0.0181399
    outer loop
      vertex 0.956708 -2.3097 246
      vertex 0.905867 -3.38074 191
      vertex 1.33939 -3.23358 191
    endloop
  endfacet
  facet normal 0.89672 -0.442227 0.01814
    outer loop
      vertex 2.3097 -0.956708 246
      vertex 2.16506 -1.25 246
      vertex 3.03109 -1.75 191
    endloop
  endfacet
  facet normal -0.065399 0.997694 0.0181399
    outer loop
      vertex 0 3.5 191
      vertex -0.326315 2.47861 246
      vertex 0 2.5 246
    endloop
  endfacet
  facet normal -0.997695 0.0653808 0.0181413
    outer loop
      vertex -2.59091 0 241
      vertex -2.47861 0.326315 246
      vertex -2.57147 0.29665 241
    endloop
  endfacet
  facet normal -0.997694 0.065399 0.0181401
    outer loop
      vertex -2.47861 0.326315 246
      vertex -2.59091 0 241
      vertex -2.5 0 246
    endloop
  endfacet
  facet normal -0.751735 -0.659216 0.01814
    outer loop
      vertex -1.98338 -1.5219 246
      vertex -2.77674 -2.13066 191
      vertex -1.76777 -1.76777 246
    endloop
  endfacet
  facet normal -0.831332 0.555481 0.01814
    outer loop
      vertex -2.77674 2.13066 191
      vertex -3.03109 1.75 191
      vertex -1.98338 1.5219 246
    endloop
  endfacet
  facet normal -0.195065 -0.980623 0.01814
    outer loop
      vertex -0.326315 -2.47861 246
      vertex -0.905867 -3.38074 191
      vertex -0.456841 -3.47006 191
    endloop
  endfacet
  facet normal 0.321384 0.946775 0.0181399
    outer loop
      vertex 1.33939 3.23358 191
      vertex 0.905867 3.38074 191
      vertex 0.956708 2.3097 246
    endloop
  endfacet
  facet normal -0.321384 -0.946775 0.0181399
    outer loop
      vertex -0.956708 -2.3097 246
      vertex -1.33939 -3.23358 191
      vertex -0.905867 -3.38074 191
    endloop
  endfacet
  facet normal 0.89672 0.442227 0.01814
    outer loop
      vertex 3.03109 1.75 191
      vertex 2.16506 1.25 246
      vertex 2.3097 0.956708 246
    endloop
  endfacet
  facet normal -0.442215 -0.896726 0.0181399
    outer loop
      vertex -0.956708 -2.3097 246
      vertex -1.75 -3.03109 191
      vertex -1.33939 -3.23358 191
    endloop
  endfacet
  facet normal -0.997695 -0.0653808 0.0181401
    outer loop
      vertex -2.57147 -0.29665 241
      vertex -2.5 0 246
      vertex -2.59091 0 241
    endloop
  endfacet
  facet normal -0.997694 -0.065399 0.0181412
    outer loop
      vertex -2.5 0 246
      vertex -2.57147 -0.29665 241
      vertex -2.47861 -0.326315 246
    endloop
  endfacet
  facet normal -0.321371 -0.94678 0.01814
    outer loop
      vertex -0.647047 -2.41481 246
      vertex -0.956708 -2.3097 246
      vertex -0.905867 -3.38074 191
    endloop
  endfacet
  facet normal -0.659245 0.75171 0.0181397
    outer loop
      vertex -2.13066 2.77674 191
      vertex -2.47487 2.47487 191
      vertex -1.76777 1.76777 246
    endloop
  endfacet
  facet normal -0.442227 0.89672 0.01814
    outer loop
      vertex -0.956708 2.3097 246
      vertex -1.75 3.03109 191
      vertex -1.25 2.16506 246
    endloop
  endfacet
  facet normal -0.89672 0.442227 0.01814
    outer loop
      vertex -2.16506 1.25 246
      vertex -3.03109 1.75 191
      vertex -2.3097 0.956708 246
    endloop
  endfacet
  facet normal 0.555481 0.831332 0.01814
    outer loop
      vertex 1.75 3.03109 191
      vertex 1.5219 1.98338 246
      vertex 2.13066 2.77674 191
    endloop
  endfacet
  facet normal 0.980629 0.195033 0.0181416
    outer loop
      vertex 2.41481 0.647047 246
      vertex 2.56062 0.379001 241
      vertex 2.50263 0.670576 241
    endloop
  endfacet
  facet normal 0.980622 0.195065 0.0181396
    outer loop
      vertex 2.56062 0.379001 241
      vertex 2.41481 0.647047 246
      vertex 2.47861 0.326315 246
    endloop
  endfacet
  facet normal 0.980752 0.194411 0.0181372
    outer loop
      vertex 3.3 0.866025 195.793
      vertex 3.38074 0.905867 191
      vertex 3.27608 0.877822 196.96
    endloop
  endfacet
  facet normal 0.980512 0.195618 0.0181432
    outer loop
      vertex 3.38074 0.905867 191
      vertex 3.3 0.866025 195.793
      vertex 3.30918 0.859893 195.363
    endloop
  endfacet
  facet normal 0.980622 0.195067 0.0181396
    outer loop
      vertex 2.56062 0.379001 241
      vertex 2.47861 0.326315 246
      vertex 2.56874 0.338181 241
    endloop
  endfacet
  facet normal 0.980617 0.195095 0.0181394
    outer loop
      vertex 3.38074 0.905867 191
      vertex 3.30918 0.859893 195.363
      vertex 3.40226 0.7977 191
    endloop
  endfacet
  facet normal -0.75171 0.659245 0.0181397
    outer loop
      vertex -2.47487 2.47487 191
      vertex -2.77674 2.13066 191
      vertex -1.76777 1.76777 246
    endloop
  endfacet
  facet normal 0.896726 -0.442215 0.0181399
    outer loop
      vertex 3.23358 -1.33939 191
      vertex 2.3097 -0.956708 246
      vertex 3.03109 -1.75 191
    endloop
  endfacet
  facet normal -0.896726 -0.442215 0.0181399
    outer loop
      vertex -2.3097 -0.956708 246
      vertex -3.23358 -1.33939 191
      vertex -3.03109 -1.75 191
    endloop
  endfacet
  facet normal -0.555484 -0.83133 0.01814
    outer loop
      vertex -1.5219 -1.98338 246
      vertex -1.75 -3.03109 191
      vertex -1.25 -2.16506 246
    endloop
  endfacet
  facet normal 0.659245 -0.75171 0.0181397
    outer loop
      vertex 2.47487 -2.47487 191
      vertex 1.76777 -1.76777 246
      vertex 2.13066 -2.77674 191
    endloop
  endfacet
  facet normal -0.946761 0.321427 0.0181401
    outer loop
      vertex -3.23358 1.33939 191
      vertex -2.93053 0.991445 212.982
      vertex -2.8 1 219.643
    endloop
  endfacet
  facet normal -0.946784 0.321359 0.0181393
    outer loop
      vertex -3.23358 1.33939 191
      vertex -3.05882 0.965925 206.738
      vertex -2.93053 0.991445 212.982
    endloop
  endfacet
  facet normal -0.946784 0.321359 0.0181393
    outer loop
      vertex -3.23358 1.33939 191
      vertex -3.18268 0.923879 201.018
      vertex -3.05882 0.965925 206.738
    endloop
  endfacet
  facet normal -0.946832 0.321216 0.0181336
    outer loop
      vertex -3.23358 1.33939 191
      vertex -3.202 0.914351 200.178
      vertex -3.18268 0.923879 201.018
    endloop
  endfacet
  facet normal -0.946775 0.321384 0.0181412
    outer loop
      vertex -3.202 0.914351 200.178
      vertex -3.23358 1.33939 191
      vertex -3.38074 0.905867 191
    endloop
  endfacet
  facet normal -0.946748 0.321465 0.0181403
    outer loop
      vertex -2.66947 0.991445 226.607
      vertex -3.23358 1.33939 191
      vertex -2.8 1 219.643
    endloop
  endfacet
  facet normal -0.946781 0.321366 0.0181399
    outer loop
      vertex -2.54118 0.965925 233.755
      vertex -3.23358 1.33939 191
      vertex -2.66947 0.991445 226.607
    endloop
  endfacet
  facet normal -0.946781 0.321368 0.0181399
    outer loop
      vertex -2.54118 0.965925 233.755
      vertex -2.3097 0.956708 246
      vertex -3.23358 1.33939 191
    endloop
  endfacet
  facet normal -0.946627 0.32182 0.0181373
    outer loop
      vertex -2.3097 0.956708 246
      vertex -2.54118 0.965925 233.755
      vertex -2.48896 0.948199 236.795
    endloop
  endfacet
  facet normal 0.065399 0.997694 0.0181399
    outer loop
      vertex 0 3.5 191
      vertex 0 2.5 246
      vertex 0.326315 2.47861 246
    endloop
  endfacet
  facet normal -0.555484 0.83133 0.01814
    outer loop
      vertex -1.25 2.16506 246
      vertex -1.75 3.03109 191
      vertex -1.5219 1.98338 246
    endloop
  endfacet
  facet normal 0.980622 -0.195067 0.0181396
    outer loop
      vertex 2.56874 -0.338181 241
      vertex 2.47861 -0.326315 246
      vertex 2.56062 -0.379001 241
    endloop
  endfacet
  facet normal 0.980617 -0.195095 0.0181394
    outer loop
      vertex 3.40226 -0.7977 191
      vertex 3.30918 -0.859893 195.363
      vertex 3.38074 -0.905867 191
    endloop
  endfacet
  facet normal -0.659245 -0.75171 0.0181397
    outer loop
      vertex -1.76777 -1.76777 246
      vertex -2.47487 -2.47487 191
      vertex -2.13066 -2.77674 191
    endloop
  endfacet
  facet normal -0.751735 0.659216 0.01814
    outer loop
      vertex -1.76777 1.76777 246
      vertex -2.77674 2.13066 191
      vertex -1.98338 1.5219 246
    endloop
  endfacet
  facet normal 0.896726 0.442215 0.0181399
    outer loop
      vertex 3.03109 1.75 191
      vertex 2.3097 0.956708 246
      vertex 3.23358 1.33939 191
    endloop
  endfacet
  facet normal -0.555481 0.831332 0.01814
    outer loop
      vertex -1.75 3.03109 191
      vertex -2.13066 2.77674 191
      vertex -1.5219 1.98338 246
    endloop
  endfacet
  facet normal 0.195065 -0.980622 0.01814
    outer loop
      vertex 0.647047 -2.41481 246
      vertex 0.326315 -2.47861 246
      vertex 0.905867 -3.38074 191
    endloop
  endfacet
  facet normal -0.195065 -0.980622 0.01814
    outer loop
      vertex -0.647047 -2.41481 246
      vertex -0.905867 -3.38074 191
      vertex -0.326315 -2.47861 246
    endloop
  endfacet
  facet normal 0.75171 -0.659245 0.0181397
    outer loop
      vertex 2.77674 -2.13066 191
      vertex 1.76777 -1.76777 246
      vertex 2.47487 -2.47487 191
    endloop
  endfacet
  facet normal -0.997682 -0.0655817 0.0181399
    outer loop
      vertex -2.47861 -0.326315 246
      vertex -2.57147 -0.29665 241
      vertex -2.56874 -0.338181 241
    endloop
  endfacet
  facet normal 0.946627 -0.32182 0.0181373
    outer loop
      vertex 2.3097 -0.956708 246
      vertex 2.54118 -0.965925 233.755
      vertex 2.48896 -0.948199 236.795
    endloop
  endfacet
  facet normal 0.94678 -0.321371 0.0181399
    outer loop
      vertex 2.3097 -0.956708 246
      vertex 2.66947 -0.991445 226.607
      vertex 2.54118 -0.965925 233.755
    endloop
  endfacet
  facet normal 0.946748 -0.321465 0.0181403
    outer loop
      vertex 2.66947 -0.991445 226.607
      vertex 3.23358 -1.33939 191
      vertex 2.8 -1 219.643
    endloop
  endfacet
  facet normal 0.946781 -0.321367 0.0181399
    outer loop
      vertex 3.23358 -1.33939 191
      vertex 2.66947 -0.991445 226.607
      vertex 2.3097 -0.956708 246
    endloop
  endfacet
  facet normal 0.946832 -0.321216 0.0181336
    outer loop
      vertex 3.23358 -1.33939 191
      vertex 3.202 -0.914351 200.178
      vertex 3.18268 -0.923879 201.018
    endloop
  endfacet
  facet normal 0.946784 -0.321359 0.0181393
    outer loop
      vertex 3.23358 -1.33939 191
      vertex 3.18268 -0.923879 201.018
      vertex 3.05882 -0.965925 206.738
    endloop
  endfacet
  facet normal 0.946784 -0.321359 0.0181393
    outer loop
      vertex 3.23358 -1.33939 191
      vertex 3.05882 -0.965925 206.738
      vertex 2.93053 -0.991445 212.982
    endloop
  endfacet
  facet normal 0.946775 -0.321384 0.0181412
    outer loop
      vertex 3.202 -0.914351 200.178
      vertex 3.23358 -1.33939 191
      vertex 3.38074 -0.905867 191
    endloop
  endfacet
  facet normal 0.946761 -0.321427 0.0181401
    outer loop
      vertex 3.23358 -1.33939 191
      vertex 2.93053 -0.991445 212.982
      vertex 2.8 -1 219.643
    endloop
  endfacet
  facet normal -0.659216 -0.751735 0.01814
    outer loop
      vertex -1.76777 -1.76777 246
      vertex -2.13066 -2.77674 191
      vertex -1.5219 -1.98338 246
    endloop
  endfacet
  facet normal 0.94674 0.321489 0.0181398
    outer loop
      vertex 2.3097 0.956708 246
      vertex 2.41732 0.923879 240.965
      vertex 2.48896 0.948199 236.795
    endloop
  endfacet
  facet normal 0.950338 0.310683 0.0182872
    outer loop
      vertex 2.3097 0.956708 246
      vertex 2.41674 0.923593 241
      vertex 2.41732 0.923879 240.965
    endloop
  endfacet
  facet normal 0.946772 0.321394 0.0181399
    outer loop
      vertex 2.3097 0.956708 246
      vertex 2.50263 0.670576 241
      vertex 2.41674 0.923593 241
    endloop
  endfacet
  facet normal 0.94678 0.321371 0.0181415
    outer loop
      vertex 2.50263 0.670576 241
      vertex 2.3097 0.956708 246
      vertex 2.41481 0.647047 246
    endloop
  endfacet
  facet normal 0.946604 0.321888 0.0181374
    outer loop
      vertex 3.38074 0.905867 191
      vertex 3.202 0.914351 200.178
      vertex 3.27608 0.877822 196.96
    endloop
  endfacet
  facet normal -0.980622 -0.195065 0.0181396
    outer loop
      vertex -2.56062 -0.379001 241
      vertex -2.41481 -0.647047 246
      vertex -2.47861 -0.326315 246
    endloop
  endfacet
  facet normal -0.980629 -0.195033 0.0181416
    outer loop
      vertex -2.41481 -0.647047 246
      vertex -2.56062 -0.379001 241
      vertex -2.50263 -0.670576 241
    endloop
  endfacet
  facet normal -0.980752 -0.194411 0.0181372
    outer loop
      vertex -3.3 -0.866025 195.793
      vertex -3.38074 -0.905867 191
      vertex -3.27608 -0.877822 196.96
    endloop
  endfacet
  facet normal -0.980512 -0.195618 0.0181432
    outer loop
      vertex -3.38074 -0.905867 191
      vertex -3.3 -0.866025 195.793
      vertex -3.30918 -0.859893 195.363
    endloop
  endfacet
  facet normal -0.659216 0.751735 0.01814
    outer loop
      vertex -1.5219 1.98338 246
      vertex -2.13066 2.77674 191
      vertex -1.76777 1.76777 246
    endloop
  endfacet
  facet normal -0.75171 -0.659245 0.0181397
    outer loop
      vertex -1.76777 -1.76777 246
      vertex -2.77674 -2.13066 191
      vertex -2.47487 -2.47487 191
    endloop
  endfacet
  facet normal -0.980622 -0.195067 0.0181396
    outer loop
      vertex -2.47861 -0.326315 246
      vertex -2.56874 -0.338181 241
      vertex -2.56062 -0.379001 241
    endloop
  endfacet
  facet normal -0.980617 -0.195095 0.0181394
    outer loop
      vertex -3.30918 -0.859893 195.363
      vertex -3.40226 -0.7977 191
      vertex -3.38074 -0.905867 191
    endloop
  endfacet
  facet normal 0.946772 -0.321394 0.0181415
    outer loop
      vertex 2.41481 -0.647047 246
      vertex 2.41674 -0.923593 241
      vertex 2.50263 -0.670576 241
    endloop
  endfacet
  facet normal 0.94674 -0.321489 0.0181398
    outer loop
      vertex 2.41732 -0.923879 240.965
      vertex 2.3097 -0.956708 246
      vertex 2.48896 -0.948199 236.795
    endloop
  endfacet
  facet normal 0.950338 -0.310683 0.0182872
    outer loop
      vertex 2.41674 -0.923593 241
      vertex 2.3097 -0.956708 246
      vertex 2.41732 -0.923879 240.965
    endloop
  endfacet
  facet normal 0.94678 -0.321371 0.0181402
    outer loop
      vertex 2.3097 -0.956708 246
      vertex 2.41674 -0.923593 241
      vertex 2.41481 -0.647047 246
    endloop
  endfacet
  facet normal 0.946604 -0.321888 0.0181374
    outer loop
      vertex 3.27608 -0.877822 196.96
      vertex 3.202 -0.914351 200.178
      vertex 3.38074 -0.905867 191
    endloop
  endfacet
  facet normal 0.195065 0.980623 0.01814
    outer loop
      vertex 0.456841 3.47006 191
      vertex 0.326315 2.47861 246
      vertex 0.905867 3.38074 191
    endloop
  endfacet
  facet normal -0.065386 0.997695 0.01814
    outer loop
      vertex 0 3.5 191
      vertex -0.456841 3.47006 191
      vertex -0.326315 2.47861 246
    endloop
  endfacet
  facet normal -0.442227 -0.89672 0.01814
    outer loop
      vertex -1.25 -2.16506 246
      vertex -1.75 -3.03109 191
      vertex -0.956708 -2.3097 246
    endloop
  endfacet
  facet normal 0.946748 0.321465 0.0181403
    outer loop
      vertex 3.23358 1.33939 191
      vertex 2.66947 0.991445 226.607
      vertex 2.8 1 219.643
    endloop
  endfacet
  facet normal 0.946781 0.321366 0.0181399
    outer loop
      vertex 3.23358 1.33939 191
      vertex 2.54118 0.965925 233.755
      vertex 2.66947 0.991445 226.607
    endloop
  endfacet
  facet normal 0.946781 0.321368 0.0181399
    outer loop
      vertex 2.3097 0.956708 246
      vertex 2.54118 0.965925 233.755
      vertex 3.23358 1.33939 191
    endloop
  endfacet
  facet normal 0.946627 0.32182 0.0181373
    outer loop
      vertex 2.54118 0.965925 233.755
      vertex 2.3097 0.956708 246
      vertex 2.48896 0.948199 236.795
    endloop
  endfacet
  facet normal 0.946761 0.321427 0.0181401
    outer loop
      vertex 2.93053 0.991445 212.982
      vertex 3.23358 1.33939 191
      vertex 2.8 1 219.643
    endloop
  endfacet
  facet normal 0.946784 0.321359 0.0181393
    outer loop
      vertex 3.05882 0.965925 206.738
      vertex 3.23358 1.33939 191
      vertex 2.93053 0.991445 212.982
    endloop
  endfacet
  facet normal 0.946784 0.321359 0.0181393
    outer loop
      vertex 3.18268 0.923879 201.018
      vertex 3.23358 1.33939 191
      vertex 3.05882 0.965925 206.738
    endloop
  endfacet
  facet normal 0.946832 0.321216 0.0181336
    outer loop
      vertex 3.202 0.914351 200.178
      vertex 3.23358 1.33939 191
      vertex 3.18268 0.923879 201.018
    endloop
  endfacet
  facet normal 0.946775 0.321384 0.0181412
    outer loop
      vertex 3.23358 1.33939 191
      vertex 3.202 0.914351 200.178
      vertex 3.38074 0.905867 191
    endloop
  endfacet
  facet normal 0.83133 0.555484 0.01814
    outer loop
      vertex 3.03109 1.75 191
      vertex 1.98338 1.5219 246
      vertex 2.16506 1.25 246
    endloop
  endfacet
  facet normal -0.94674 0.321489 0.0181398
    outer loop
      vertex -2.41732 0.923879 240.965
      vertex -2.3097 0.956708 246
      vertex -2.48896 0.948199 236.795
    endloop
  endfacet
  facet normal -0.950338 0.310683 0.0182872
    outer loop
      vertex -2.41674 0.923593 241
      vertex -2.3097 0.956708 246
      vertex -2.41732 0.923879 240.965
    endloop
  endfacet
  facet normal -0.946772 0.321394 0.0181399
    outer loop
      vertex -2.50263 0.670576 241
      vertex -2.3097 0.956708 246
      vertex -2.41674 0.923593 241
    endloop
  endfacet
  facet normal -0.94678 0.321371 0.0181415
    outer loop
      vertex -2.3097 0.956708 246
      vertex -2.50263 0.670576 241
      vertex -2.41481 0.647047 246
    endloop
  endfacet
  facet normal -0.946604 0.321888 0.0181374
    outer loop
      vertex -3.202 0.914351 200.178
      vertex -3.38074 0.905867 191
      vertex -3.27608 0.877822 196.96
    endloop
  endfacet
  facet normal -0.555481 -0.831332 0.01814
    outer loop
      vertex -1.5219 -1.98338 246
      vertex -2.13066 -2.77674 191
      vertex -1.75 -3.03109 191
    endloop
  endfacet
  facet normal 0.065386 -0.997695 0.01814
    outer loop
      vertex 0.326315 -2.47861 246
      vertex 0 -3.5 191
      vertex 0.456841 -3.47006 191
    endloop
  endfacet
  facet normal 0.659245 0.75171 0.0181397
    outer loop
      vertex 2.13066 2.77674 191
      vertex 1.76777 1.76777 246
      vertex 2.47487 2.47487 191
    endloop
  endfacet
  facet normal 0.442215 0.896726 0.0181399
    outer loop
      vertex 1.33939 3.23358 191
      vertex 0.956708 2.3097 246
      vertex 1.75 3.03109 191
    endloop
  endfacet
  facet normal 0.659216 0.751735 0.01814
    outer loop
      vertex 2.13066 2.77674 191
      vertex 1.5219 1.98338 246
      vertex 1.76777 1.76777 246
    endloop
  endfacet
  facet normal 0.555484 0.83133 0.01814
    outer loop
      vertex 1.75 3.03109 191
      vertex 1.25 2.16506 246
      vertex 1.5219 1.98338 246
    endloop
  endfacet
  facet normal 0.555484 -0.83133 0.01814
    outer loop
      vertex 1.5219 -1.98338 246
      vertex 1.25 -2.16506 246
      vertex 1.75 -3.03109 191
    endloop
  endfacet
  facet normal -0.195065 0.980623 0.01814
    outer loop
      vertex -0.456841 3.47006 191
      vertex -0.905867 3.38074 191
      vertex -0.326315 2.47861 246
    endloop
  endfacet
  facet normal -0.442215 0.896726 0.0181399
    outer loop
      vertex -1.33939 3.23358 191
      vertex -1.75 3.03109 191
      vertex -0.956708 2.3097 246
    endloop
  endfacet
  facet normal 0.997682 -0.0655817 0.0181399
    outer loop
      vertex 2.57147 -0.29665 241
      vertex 2.47861 -0.326315 246
      vertex 2.56874 -0.338181 241
    endloop
  endfacet
  facet normal 0.997695 -0.0653808 0.0181401
    outer loop
      vertex 2.5 0 246
      vertex 2.57147 -0.29665 241
      vertex 2.59091 0 241
    endloop
  endfacet
  facet normal 0.997694 -0.065399 0.0181412
    outer loop
      vertex 2.57147 -0.29665 241
      vertex 2.5 0 246
      vertex 2.47861 -0.326315 246
    endloop
  endfacet
  facet normal -0.195065 0.980622 0.01814
    outer loop
      vertex -0.326315 2.47861 246
      vertex -0.905867 3.38074 191
      vertex -0.647047 2.41481 246
    endloop
  endfacet
  facet normal -0.321384 0.946775 0.0181399
    outer loop
      vertex -0.905867 3.38074 191
      vertex -1.33939 3.23358 191
      vertex -0.956708 2.3097 246
    endloop
  endfacet
  facet normal 0.75171 0.659245 0.0181397
    outer loop
      vertex 2.47487 2.47487 191
      vertex 1.76777 1.76777 246
      vertex 2.77674 2.13066 191
    endloop
  endfacet
  facet normal -0.980622 0.195067 0.0181396
    outer loop
      vertex -2.56062 0.379001 241
      vertex -2.56874 0.338181 241
      vertex -2.47861 0.326315 246
    endloop
  endfacet
  facet normal -0.980617 0.195095 0.0181394
    outer loop
      vertex -3.38074 0.905867 191
      vertex -3.40226 0.7977 191
      vertex -3.30918 0.859893 195.363
    endloop
  endfacet
  facet normal -0.946775 -0.321384 0.0181412
    outer loop
      vertex -3.23358 -1.33939 191
      vertex -3.202 -0.914351 200.178
      vertex -3.38074 -0.905867 191
    endloop
  endfacet
  facet normal -0.946832 -0.321216 0.0181336
    outer loop
      vertex -3.202 -0.914351 200.178
      vertex -3.23358 -1.33939 191
      vertex -3.18268 -0.923879 201.018
    endloop
  endfacet
  facet normal -0.946784 -0.321359 0.0181393
    outer loop
      vertex -3.18268 -0.923879 201.018
      vertex -3.23358 -1.33939 191
      vertex -3.05882 -0.965925 206.738
    endloop
  endfacet
  facet normal -0.946761 -0.321427 0.0181401
    outer loop
      vertex -2.93053 -0.991445 212.982
      vertex -3.23358 -1.33939 191
      vertex -2.8 -1 219.643
    endloop
  endfacet
  facet normal -0.946784 -0.321359 0.0181393
    outer loop
      vertex -3.05882 -0.965925 206.738
      vertex -3.23358 -1.33939 191
      vertex -2.93053 -0.991445 212.982
    endloop
  endfacet
  facet normal -0.946627 -0.32182 0.0181373
    outer loop
      vertex -2.54118 -0.965925 233.755
      vertex -2.3097 -0.956708 246
      vertex -2.48896 -0.948199 236.795
    endloop
  endfacet
  facet normal -0.94678 -0.321371 0.0181399
    outer loop
      vertex -2.66947 -0.991445 226.607
      vertex -2.3097 -0.956708 246
      vertex -2.54118 -0.965925 233.755
    endloop
  endfacet
  facet normal -0.946781 -0.321367 0.0181399
    outer loop
      vertex -2.66947 -0.991445 226.607
      vertex -3.23358 -1.33939 191
      vertex -2.3097 -0.956708 246
    endloop
  endfacet
  facet normal -0.946748 -0.321465 0.0181403
    outer loop
      vertex -3.23358 -1.33939 191
      vertex -2.66947 -0.991445 226.607
      vertex -2.8 -1 219.643
    endloop
  endfacet
  facet normal -0.89672 -0.442227 0.01814
    outer loop
      vertex -2.3097 -0.956708 246
      vertex -3.03109 -1.75 191
      vertex -2.16506 -1.25 246
    endloop
  endfacet
  facet normal 0.195065 0.980622 0.01814
    outer loop
      vertex 0.905867 3.38074 191
      vertex 0.326315 2.47861 246
      vertex 0.647047 2.41481 246
    endloop
  endfacet
  facet normal 0.442227 -0.89672 0.01814
    outer loop
      vertex 1.25 -2.16506 246
      vertex 0.956708 -2.3097 246
      vertex 1.75 -3.03109 191
    endloop
  endfacet
  facet normal 0.065386 0.997695 0.01814
    outer loop
      vertex 0.456841 3.47006 191
      vertex 0 3.5 191
      vertex 0.326315 2.47861 246
    endloop
  endfacet
  facet normal -0.946772 -0.321394 0.0181415
    outer loop
      vertex -2.41674 -0.923593 241
      vertex -2.41481 -0.647047 246
      vertex -2.50263 -0.670576 241
    endloop
  endfacet
  facet normal -0.94678 -0.321371 0.0181402
    outer loop
      vertex -2.41674 -0.923593 241
      vertex -2.3097 -0.956708 246
      vertex -2.41481 -0.647047 246
    endloop
  endfacet
  facet normal -0.950338 -0.310683 0.0182872
    outer loop
      vertex -2.41732 -0.923879 240.965
      vertex -2.3097 -0.956708 246
      vertex -2.41674 -0.923593 241
    endloop
  endfacet
  facet normal -0.94674 -0.321489 0.0181398
    outer loop
      vertex -2.3097 -0.956708 246
      vertex -2.41732 -0.923879 240.965
      vertex -2.48896 -0.948199 236.795
    endloop
  endfacet
  facet normal -0.946604 -0.321888 0.0181374
    outer loop
      vertex -3.27608 -0.877822 196.96
      vertex -3.38074 -0.905867 191
      vertex -3.202 -0.914351 200.178
    endloop
  endfacet
  facet normal 0.321371 0.94678 0.01814
    outer loop
      vertex 0.905867 3.38074 191
      vertex 0.647047 2.41481 246
      vertex 0.956708 2.3097 246
    endloop
  endfacet
  facet normal -0.065399 -0.997694 0.0181399
    outer loop
      vertex 0 -2.5 246
      vertex -0.326315 -2.47861 246
      vertex 0 -3.5 191
    endloop
  endfacet
  facet normal 0.751735 0.659216 0.01814
    outer loop
      vertex 2.77674 2.13066 191
      vertex 1.76777 1.76777 246
      vertex 1.98338 1.5219 246
    endloop
  endfacet
  facet normal 0.195065 -0.980623 0.01814
    outer loop
      vertex 0.905867 -3.38074 191
      vertex 0.326315 -2.47861 246
      vertex 0.456841 -3.47006 191
    endloop
  endfacet
  facet normal -0.065386 -0.997695 0.01814
    outer loop
      vertex -0.326315 -2.47861 246
      vertex -0.456841 -3.47006 191
      vertex 0 -3.5 191
    endloop
  endfacet
  facet normal -0.896726 0.442215 0.0181399
    outer loop
      vertex -3.03109 1.75 191
      vertex -3.23358 1.33939 191
      vertex -2.3097 0.956708 246
    endloop
  endfacet
  facet normal 0.442215 -0.896726 0.0181399
    outer loop
      vertex 1.75 -3.03109 191
      vertex 0.956708 -2.3097 246
      vertex 1.33939 -3.23358 191
    endloop
  endfacet
  facet normal 0.321371 -0.94678 0.01814
    outer loop
      vertex 0.956708 -2.3097 246
      vertex 0.647047 -2.41481 246
      vertex 0.905867 -3.38074 191
    endloop
  endfacet
  facet normal 0.555481 -0.831332 0.01814
    outer loop
      vertex 2.13066 -2.77674 191
      vertex 1.5219 -1.98338 246
      vertex 1.75 -3.03109 191
    endloop
  endfacet
  facet normal -0.321371 0.94678 0.01814
    outer loop
      vertex -0.905867 3.38074 191
      vertex -0.956708 2.3097 246
      vertex -0.647047 2.41481 246
    endloop
  endfacet
  facet normal 0.980622 -0.195065 0.0181396
    outer loop
      vertex 2.41481 -0.647047 246
      vertex 2.56062 -0.379001 241
      vertex 2.47861 -0.326315 246
    endloop
  endfacet
  facet normal 0.980629 -0.195033 0.0181416
    outer loop
      vertex 2.56062 -0.379001 241
      vertex 2.41481 -0.647047 246
      vertex 2.50263 -0.670576 241
    endloop
  endfacet
  facet normal 0.980512 -0.195618 0.0181432
    outer loop
      vertex 3.3 -0.866025 195.793
      vertex 3.38074 -0.905867 191
      vertex 3.30918 -0.859893 195.363
    endloop
  endfacet
  facet normal 0.980752 -0.194411 0.0181372
    outer loop
      vertex 3.38074 -0.905867 191
      vertex 3.3 -0.866025 195.793
      vertex 3.27608 -0.877822 196.96
    endloop
  endfacet
  facet normal 0.659216 -0.751735 0.01814
    outer loop
      vertex 1.76777 -1.76777 246
      vertex 1.5219 -1.98338 246
      vertex 2.13066 -2.77674 191
    endloop
  endfacet
  facet normal 0.442227 0.89672 0.01814
    outer loop
      vertex 1.75 3.03109 191
      vertex 0.956708 2.3097 246
      vertex 1.25 2.16506 246
    endloop
  endfacet
  facet normal 0.83133 -0.555484 0.01814
    outer loop
      vertex 2.16506 -1.25 246
      vertex 1.98338 -1.5219 246
      vertex 3.03109 -1.75 191
    endloop
  endfacet
  facet normal 0.831332 -0.555481 0.01814
    outer loop
      vertex 3.03109 -1.75 191
      vertex 1.98338 -1.5219 246
      vertex 2.77674 -2.13066 191
    endloop
  endfacet
  facet normal -0.83133 -0.555484 0.01814
    outer loop
      vertex -2.16506 -1.25 246
      vertex -3.03109 -1.75 191
      vertex -1.98338 -1.5219 246
    endloop
  endfacet
  facet normal -0.980629 0.195033 0.0181416
    outer loop
      vertex -2.56062 0.379001 241
      vertex -2.41481 0.647047 246
      vertex -2.50263 0.670576 241
    endloop
  endfacet
  facet normal -0.980622 0.195065 0.0181396
    outer loop
      vertex -2.41481 0.647047 246
      vertex -2.56062 0.379001 241
      vertex -2.47861 0.326315 246
    endloop
  endfacet
  facet normal -0.980752 0.194411 0.0181372
    outer loop
      vertex -3.38074 0.905867 191
      vertex -3.3 0.866025 195.793
      vertex -3.27608 0.877822 196.96
    endloop
  endfacet
  facet normal -0.980512 0.195618 0.0181432
    outer loop
      vertex -3.3 0.866025 195.793
      vertex -3.38074 0.905867 191
      vertex -3.30918 0.859893 195.363
    endloop
  endfacet
  facet normal -0.83133 0.555484 0.01814
    outer loop
      vertex -1.98338 1.5219 246
      vertex -3.03109 1.75 191
      vertex -2.16506 1.25 246
    endloop
  endfacet
  facet normal 0.751735 -0.659216 0.01814
    outer loop
      vertex 1.98338 -1.5219 246
      vertex 1.76777 -1.76777 246
      vertex 2.77674 -2.13066 191
    endloop
  endfacet
  facet normal 0.968187 0.0634648 0.242047
    outer loop
      vertex 2.47861 0.326315 246
      vertex 0 0 256
      vertex 2.5 0 246
    endloop
  endfacet
  facet normal -0.539055 0.806743 0.242046
    outer loop
      vertex -1.25 2.16506 246
      vertex -1.5219 1.98338 246
      vertex 0 0 256
    endloop
  endfacet
  facet normal -0.918778 -0.311866 0.242047
    outer loop
      vertex 0 0 256
      vertex -2.41481 -0.647047 246
      vertex -2.3097 -0.956708 246
    endloop
  endfacet
  facet normal -0.870199 0.429148 0.242047
    outer loop
      vertex -2.16506 1.25 246
      vertex -2.3097 0.956708 246
      vertex 0 0 256
    endloop
  endfacet
  facet normal -0.729501 0.639719 0.242047
    outer loop
      vertex -1.76777 1.76777 246
      vertex -1.98338 1.5219 246
      vertex 0 0 256
    endloop
  endfacet
  facet normal -0.429148 -0.870199 0.242047
    outer loop
      vertex 0 0 256
      vertex -1.25 -2.16506 246
      vertex -0.956708 -2.3097 246
    endloop
  endfacet
  facet normal -0.0634648 -0.968187 0.242047
    outer loop
      vertex 0 0 256
      vertex -0.326315 -2.47861 246
      vertex 0 -2.5 246
    endloop
  endfacet
  facet normal 0.429148 -0.870199 0.242047
    outer loop
      vertex 1.25 -2.16506 246
      vertex 0 0 256
      vertex 0.956708 -2.3097 246
    endloop
  endfacet
  facet normal -0.968187 0.0634648 0.242047
    outer loop
      vertex -2.47861 0.326315 246
      vertex -2.5 0 246
      vertex 0 0 256
    endloop
  endfacet
  facet normal 0.870199 0.429148 0.242047
    outer loop
      vertex 2.16506 1.25 246
      vertex 0 0 256
      vertex 2.3097 0.956708 246
    endloop
  endfacet
  facet normal 0.539055 0.806743 0.242046
    outer loop
      vertex 1.25 2.16506 246
      vertex 0 0 256
      vertex 1.5219 1.98338 246
    endloop
  endfacet
  facet normal 0.639719 0.729501 0.242047
    outer loop
      vertex 1.5219 1.98338 246
      vertex 0 0 256
      vertex 1.76777 1.76777 246
    endloop
  endfacet
  facet normal -0.870199 -0.429148 0.242047
    outer loop
      vertex 0 0 256
      vertex -2.3097 -0.956708 246
      vertex -2.16506 -1.25 246
    endloop
  endfacet
  facet normal -0.189296 0.95162 0.242046
    outer loop
      vertex -0.326315 2.47861 246
      vertex -0.647047 2.41481 246
      vertex 0 0 256
    endloop
  endfacet
  facet normal 0.189296 -0.95162 0.242046
    outer loop
      vertex 0.647047 -2.41481 246
      vertex 0 0 256
      vertex 0.326315 -2.47861 246
    endloop
  endfacet
  facet normal -0.0634648 0.968187 0.242047
    outer loop
      vertex 0 2.5 246
      vertex -0.326315 2.47861 246
      vertex 0 0 256
    endloop
  endfacet
  facet normal -0.806743 0.539055 0.242046
    outer loop
      vertex -1.98338 1.5219 246
      vertex -2.16506 1.25 246
      vertex 0 0 256
    endloop
  endfacet
  facet normal 0.729501 0.639719 0.242047
    outer loop
      vertex 1.76777 1.76777 246
      vertex 0 0 256
      vertex 1.98338 1.5219 246
    endloop
  endfacet
  facet normal 0.429148 0.870199 0.242047
    outer loop
      vertex 0.956708 2.3097 246
      vertex 0 0 256
      vertex 1.25 2.16506 246
    endloop
  endfacet
  facet normal -0.806743 -0.539055 0.242046
    outer loop
      vertex 0 0 256
      vertex -2.16506 -1.25 246
      vertex -1.98338 -1.5219 246
    endloop
  endfacet
  facet normal -0.429148 0.870199 0.242047
    outer loop
      vertex -0.956708 2.3097 246
      vertex -1.25 2.16506 246
      vertex 0 0 256
    endloop
  endfacet
  facet normal 0.0634648 0.968187 0.242047
    outer loop
      vertex 0 2.5 246
      vertex 0 0 256
      vertex 0.326315 2.47861 246
    endloop
  endfacet
  facet normal -0.639719 -0.729501 0.242047
    outer loop
      vertex 0 0 256
      vertex -1.76777 -1.76777 246
      vertex -1.5219 -1.98338 246
    endloop
  endfacet
  facet normal 0.0634648 -0.968187 0.242047
    outer loop
      vertex 0 0 256
      vertex 0 -2.5 246
      vertex 0.326315 -2.47861 246
    endloop
  endfacet
  facet normal -0.639719 0.729501 0.242047
    outer loop
      vertex -1.5219 1.98338 246
      vertex -1.76777 1.76777 246
      vertex 0 0 256
    endloop
  endfacet
  facet normal 0.539055 -0.806743 0.242046
    outer loop
      vertex 1.5219 -1.98338 246
      vertex 0 0 256
      vertex 1.25 -2.16506 246
    endloop
  endfacet
  facet normal 0.870199 -0.429148 0.242047
    outer loop
      vertex 2.3097 -0.956708 246
      vertex 0 0 256
      vertex 2.16506 -1.25 246
    endloop
  endfacet
  facet normal 0.806743 0.539055 0.242046
    outer loop
      vertex 1.98338 1.5219 246
      vertex 0 0 256
      vertex 2.16506 1.25 246
    endloop
  endfacet
  facet normal 0.968187 -0.0634648 0.242047
    outer loop
      vertex 2.5 0 246
      vertex 0 0 256
      vertex 2.47861 -0.326315 246
    endloop
  endfacet
  facet normal 0.95162 0.189296 0.242046
    outer loop
      vertex 2.41481 0.647047 246
      vertex 0 0 256
      vertex 2.47861 0.326315 246
    endloop
  endfacet
  facet normal 0.95162 -0.189296 0.242046
    outer loop
      vertex 2.47861 -0.326315 246
      vertex 0 0 256
      vertex 2.41481 -0.647047 246
    endloop
  endfacet
  facet normal -0.95162 0.189296 0.242046
    outer loop
      vertex -2.41481 0.647047 246
      vertex -2.47861 0.326315 246
      vertex 0 0 256
    endloop
  endfacet
  facet normal -0.918778 0.311866 0.242047
    outer loop
      vertex -2.3097 0.956708 246
      vertex -2.41481 0.647047 246
      vertex 0 0 256
    endloop
  endfacet
  facet normal -0.95162 -0.189296 0.242046
    outer loop
      vertex 0 0 256
      vertex -2.47861 -0.326315 246
      vertex -2.41481 -0.647047 246
    endloop
  endfacet
  facet normal 0.639719 -0.729501 0.242047
    outer loop
      vertex 1.76777 -1.76777 246
      vertex 0 0 256
      vertex 1.5219 -1.98338 246
    endloop
  endfacet
  facet normal 0.311866 -0.918778 0.242047
    outer loop
      vertex 0.956708 -2.3097 246
      vertex 0 0 256
      vertex 0.647047 -2.41481 246
    endloop
  endfacet
  facet normal -0.311866 0.918778 0.242047
    outer loop
      vertex -0.647047 2.41481 246
      vertex -0.956708 2.3097 246
      vertex 0 0 256
    endloop
  endfacet
  facet normal -0.968187 -0.0634648 0.242047
    outer loop
      vertex 0 0 256
      vertex -2.5 0 246
      vertex -2.47861 -0.326315 246
    endloop
  endfacet
  facet normal 0.189296 0.95162 0.242046
    outer loop
      vertex 0.326315 2.47861 246
      vertex 0 0 256
      vertex 0.647047 2.41481 246
    endloop
  endfacet
  facet normal 0.311866 0.918778 0.242047
    outer loop
      vertex 0.647047 2.41481 246
      vertex 0 0 256
      vertex 0.956708 2.3097 246
    endloop
  endfacet
  facet normal 0.806743 -0.539055 0.242046
    outer loop
      vertex 2.16506 -1.25 246
      vertex 0 0 256
      vertex 1.98338 -1.5219 246
    endloop
  endfacet
  facet normal 0.729501 -0.639719 0.242047
    outer loop
      vertex 1.98338 -1.5219 246
      vertex 0 0 256
      vertex 1.76777 -1.76777 246
    endloop
  endfacet
  facet normal -0.729501 -0.639719 0.242047
    outer loop
      vertex 0 0 256
      vertex -1.98338 -1.5219 246
      vertex -1.76777 -1.76777 246
    endloop
  endfacet
  facet normal 0.918778 -0.311866 0.242047
    outer loop
      vertex 2.41481 -0.647047 246
      vertex 0 0 256
      vertex 2.3097 -0.956708 246
    endloop
  endfacet
  facet normal -0.189296 -0.95162 0.242046
    outer loop
      vertex 0 0 256
      vertex -0.647047 -2.41481 246
      vertex -0.326315 -2.47861 246
    endloop
  endfacet
  facet normal 0.918778 0.311866 0.242047
    outer loop
      vertex 2.3097 0.956708 246
      vertex 0 0 256
      vertex 2.41481 0.647047 246
    endloop
  endfacet
  facet normal -0.311866 -0.918778 0.242047
    outer loop
      vertex 0 0 256
      vertex -0.956708 -2.3097 246
      vertex -0.647047 -2.41481 246
    endloop
  endfacet
  facet normal -0.539055 -0.806743 0.242046
    outer loop
      vertex 0 0 256
      vertex -1.5219 -1.98338 246
      vertex -1.25 -2.16506 246
    endloop
  endfacet
  facet normal 0.150075 -0.691388 0.706725
    outer loop
      vertex 10.6826 7.45248 158.007
      vertex 10.6523 7.40706 157.969
      vertex 10.7232 7.30081 157.85
    endloop
  endfacet
  facet normal -0.129967 -0.00851049 0.991482
    outer loop
      vertex 9.74063 9.96585 158.991
      vertex 9.21964 10 158.923
      vertex 9.22631 9.89814 158.923
    endloop
  endfacet
  facet normal 0.906329 0.180184 0.382231
    outer loop
      vertex 13.6587 10.9803 156.286
      vertex 13.4653 10.9285 156.769
      vertex 13.7553 10.4944 156.286
    endloop
  endfacet
  facet normal 0.712008 -0.35115 0.608061
    outer loop
      vertex 12.7784 8.84913 157.637
      vertex 12.6044 8.49632 157.637
      vertex 13.0727 8.72724 157.222
    endloop
  endfacet
  facet normal 0.849765 0.168956 0.499354
    outer loop
      vertex 13.4653 10.9285 156.769
      vertex 13.2974 10.4341 157.222
      vertex 13.5568 10.4683 156.769
    endloop
  endfacet
  facet normal 0.989343 0.0647535 0.130415
    outer loop
      vertex 13.9573 10.521 155.262
      vertex 13.8896 10.5121 155.78
      vertex 13.9914 10 155.262
    endloop
  endfacet
  facet normal -0.258035 -0.0168967 0.965988
    outer loop
      vertex 9.21964 10 158.923
      vertex 8.72524 9.83217 158.788
      vertex 9.22631 9.89814 158.923
    endloop
  endfacet
  facet normal 0.660141 0.441007 0.608051
    outer loop
      vertex 12.6386 12.0247 157.222
      vertex 12.6044 11.5037 157.637
      vertex 12.8803 11.6629 157.222
    endloop
  endfacet
  facet normal 0.213674 0.319824 0.923069
    outer loop
      vertex 11.077 11.4036 158.587
      vertex 10.6429 11.1135 158.788
      vertex 10.7827 11.0201 158.788
    endloop
  endfacet
  facet normal 0.914848 -0.310624 0.258003
    outer loop
      vertex 13.6587 9.01967 156.286
      vertex 13.4994 8.5505 156.286
      vertex 13.7895 8.98462 155.78
    endloop
  endfacet
  facet normal -0.16889 0.84981 0.499299
    outer loop
      vertex 9.56589 13.2974 157.222
      vertex 9.07149 13.4653 156.769
      vertex 9.1392 13.2126 157.222
    endloop
  endfacet
  facet normal 0.466729 -0.532244 0.706315
    outer loop
      vertex 11.8649 8.13509 158.007
      vertex 11.6055 7.90762 158.007
      vertex 12.1265 7.87348 157.637
    endloop
  endfacet
  facet normal 0.532185 -0.466793 0.706317
    outer loop
      vertex 12.0924 8.39446 158.007
      vertex 11.8649 8.13509 158.007
      vertex 12.1265 7.87348 157.637
    endloop
  endfacet
  facet normal -0.25803 -0.016912 0.965989
    outer loop
      vertex 9.21964 10 158.923
      vertex 8.71424 10 158.788
      vertex 8.72524 9.83217 158.788
    endloop
  endfacet
  facet normal 0.123323 0.0418737 0.991483
    outer loop
      vertex 10.721 10.2986 158.923
      vertex 10.2527 10.0677 158.991
      vertex 10.7538 10.202 158.923
    endloop
  endfacet
  facet normal 0.473401 0.160753 0.866054
    outer loop
      vertex 12.0531 10.8504 158.326
      vertex 11.6345 10.677 158.587
      vertex 11.7089 10.4579 158.587
    endloop
  endfacet
  facet normal 0.596818 0.523553 0.608031
    outer loop
      vertex 12.6386 12.0247 157.222
      vertex 12.1265 12.1265 157.637
      vertex 12.3859 11.8308 157.637
    endloop
  endfacet
  facet normal 0.660154 -0.441004 0.608039
    outer loop
      vertex 12.6044 8.49632 157.637
      vertex 12.3859 8.16924 157.637
      vertex 12.6386 7.97533 157.222
    endloop
  endfacet
  facet normal -0.119039 0.598483 0.792242
    outer loop
      vertex 9.65575 12.6148 158.007
      vertex 9.31739 12.5475 158.007
      vertex 9.70993 12.2033 158.326
    endloop
  endfacet
  facet normal -0.129968 -0.00852497 0.991482
    outer loop
      vertex 9.73839 10 158.991
      vertex 9.21964 10 158.923
      vertex 9.74063 9.96585 158.991
    endloop
  endfacet
  facet normal 0.26989 0.547209 0.792289
    outer loop
      vertex 11.0093 12.4366 158.007
      vertex 10.8504 12.0531 158.326
      vertex 11.3187 12.284 158.007
    endloop
  endfacet
  facet normal 0.114422 0.231881 0.965991
    outer loop
      vertex 10.6429 11.1135 158.788
      vertex 10.2986 10.721 158.923
      vertex 10.3902 10.6758 158.923
    endloop
  endfacet
  facet normal -0.265515 0.819258 0.50825
    outer loop
      vertex 9.07149 13.4653 156.769
      vertex 8.88854 13.2627 157
      vertex 8.72724 13.0727 157.222
    endloop
  endfacet
  facet normal -0.278765 0.820589 0.498923
    outer loop
      vertex 8.88854 13.2627 157
      vertex 9.07149 13.4653 156.769
      vertex 8.74916 13.3558 156.769
    endloop
  endfacet
  facet normal -0.278333 0.820224 0.499763
    outer loop
      vertex 8.72724 13.0727 157.222
      vertex 8.88854 13.2627 157
      vertex 8.67813 13.1913 157
    endloop
  endfacet
  facet normal 0.339015 -0.507302 0.792284
    outer loop
      vertex 11.3528 8.23695 158.326
      vertex 11.3187 7.71596 158.007
      vertex 11.6055 7.90762 158.007
    endloop
  endfacet
  facet normal -0.253616 -0.0504647 0.965988
    outer loop
      vertex 9.22631 9.89814 158.923
      vertex 8.72524 9.83217 158.788
      vertex 9.24623 9.79803 158.923
    endloop
  endfacet
  facet normal 0.972427 -0.1934 0.130313
    outer loop
      vertex 13.8896 9.48793 155.78
      vertex 13.7895 8.98462 155.78
      vertex 13.8554 8.96694 155.262
    endloop
  endfacet
  facet normal 0.93885 0.318647 0.130483
    outer loop
      vertex 13.6876 11.5275 155.262
      vertex 13.6245 11.5013 155.78
      vertex 13.8554 11.0331 155.262
    endloop
  endfacet
  facet normal 0.938854 -0.318648 0.130446
    outer loop
      vertex 13.8554 8.96694 155.262
      vertex 13.6245 8.49868 155.78
      vertex 13.6876 8.47254 155.262
    endloop
  endfacet
  facet normal 0.383184 -0.776883 0.499623
    outer loop
      vertex 11.5283 6.91054 157
      vertex 11.6629 7.1197 157.222
      vertex 11.2728 6.92729 157.222
    endloop
  endfacet
  facet normal 0.383053 -0.776891 0.49971
    outer loop
      vertex 11.6629 7.1197 157.222
      vertex 11.5283 6.91054 157
      vertex 11.7271 7.00856 157
    endloop
  endfacet
  facet normal 0.596864 -0.523487 0.608041
    outer loop
      vertex 12.3859 8.16924 157.637
      vertex 12.1265 7.87348 157.637
      vertex 12.6386 7.97533 157.222
    endloop
  endfacet
  facet normal 0.490312 -0.097512 0.866075
    outer loop
      vertex 12.2033 9.70993 158.326
      vertex 11.7089 9.54211 158.587
      vertex 12.1466 9.42483 158.326
    endloop
  endfacet
  facet normal 0.498797 -0.0328326 0.866097
    outer loop
      vertex 11.7692 10 158.587
      vertex 11.754 9.76908 158.587
      vertex 12.2033 9.70993 158.326
    endloop
  endfacet
  facet normal 0.377152 -0.0752246 0.923091
    outer loop
      vertex 11.2748 9.83217 158.788
      vertex 11.2419 9.66722 158.788
      vertex 11.7089 9.54211 158.587
    endloop
  endfacet
  facet normal 0.329628 0.375883 0.866059
    outer loop
      vertex 11.3528 11.7631 158.326
      vertex 11.077 11.4036 158.587
      vertex 11.5714 11.5714 158.326
    endloop
  endfacet
  facet normal 0.712 0.351157 0.608067
    outer loop
      vertex 13.0727 11.2728 157.222
      vertex 12.6044 11.5037 157.637
      vertex 12.7784 11.1509 157.637
    endloop
  endfacet
  facet normal 0.195158 0.980772 -0
    outer loop
      vertex 11.0331 13.8554 155
      vertex 10.521 13.9573 155.262
      vertex 11.0331 13.8554 155.262
    endloop
  endfacet
  facet normal 0.195158 0.980772 0
    outer loop
      vertex 10.521 13.9573 155.262
      vertex 11.0331 13.8554 155
      vertex 10.521 13.9573 155
    endloop
  endfacet
  facet normal 0.651462 0.571321 0.499189
    outer loop
      vertex 12.8461 12.1839 156.769
      vertex 12.5367 12.5367 156.769
      vertex 12.6386 12.0247 157.222
    endloop
  endfacet
  facet normal 0.906331 -0.180183 0.382229
    outer loop
      vertex 13.5568 9.53174 156.769
      vertex 13.4653 9.07149 156.769
      vertex 13.7553 9.5056 156.286
    endloop
  endfacet
  facet normal 0.0647535 0.989343 0.130415
    outer loop
      vertex 10.521 13.9573 155.262
      vertex 10 13.9914 155.262
      vertex 10.5121 13.8896 155.78
    endloop
  endfacet
  facet normal -0.0752246 0.377152 0.923091
    outer loop
      vertex 9.83217 11.2748 158.788
      vertex 9.54211 11.7089 158.587
      vertex 9.66722 11.2419 158.788
    endloop
  endfacet
  facet normal 0.694729 0.609267 0.38229
    outer loop
      vertex 12.6783 12.6783 156.286
      vertex 12.5367 12.5367 156.769
      vertex 12.8461 12.1839 156.769
    endloop
  endfacet
  facet normal 0.275233 -0.821592 0.499232
    outer loop
      vertex 11.1039 6.73473 157
      vertex 11.0283 6.8443 157.222
      vertex 11.1019 6.73406 157
    endloop
  endfacet
  facet normal 0.278418 -0.820259 0.499659
    outer loop
      vertex 11.0283 6.8443 157.222
      vertex 11.1039 6.73473 157
      vertex 11.2728 6.92729 157.222
    endloop
  endfacet
  facet normal 0.458772 0.402317 0.792256
    outer loop
      vertex 11.8649 11.8649 158.007
      vertex 11.5714 11.5714 158.326
      vertex 11.7631 11.3528 158.326
    endloop
  endfacet
  facet normal -0.0631802 0.964083 0.257978
    outer loop
      vertex 10 13.9231 155.78
      vertex 9.5056 13.7553 156.286
      vertex 10 13.7877 156.286
    endloop
  endfacet
  facet normal 0.0631802 0.964083 0.257978
    outer loop
      vertex 10 13.9231 155.78
      vertex 10 13.7877 156.286
      vertex 10.4944 13.7553 156.286
    endloop
  endfacet
  facet normal 0.706368 0.0464313 0.70632
    outer loop
      vertex 12.9816 10.3925 157.637
      vertex 12.6148 10.3442 158.007
      vertex 13.0074 10 157.637
    endloop
  endfacet
  facet normal 0.889322 -0.438341 0.130245
    outer loop
      vertex 13.6141 8.36259 155.393
      vertex 13.6245 8.49868 155.78
      vertex 13.5815 8.41144 155.78
    endloop
  endfacet
  facet normal 0.889025 -0.438883 0.130444
    outer loop
      vertex 13.6245 8.49868 155.78
      vertex 13.6141 8.36259 155.393
      vertex 13.6876 8.47254 155.262
    endloop
  endfacet
  facet normal 0.819258 -0.265515 0.50825
    outer loop
      vertex 13.0727 8.72724 157.222
      vertex 13.2627 8.88854 157
      vertex 13.4653 9.07149 156.769
    endloop
  endfacet
  facet normal 0.820224 -0.278333 0.499763
    outer loop
      vertex 13.2627 8.88854 157
      vertex 13.0727 8.72724 157.222
      vertex 13.1913 8.67813 157
    endloop
  endfacet
  facet normal 0.820589 -0.278765 0.498923
    outer loop
      vertex 13.4653 9.07149 156.769
      vertex 13.2627 8.88854 157
      vertex 13.3558 8.74916 156.769
    endloop
  endfacet
  facet normal 0.507365 0.339013 0.792244
    outer loop
      vertex 12.284 11.3187 158.007
      vertex 11.7631 11.3528 158.326
      vertex 11.9246 11.1111 158.326
    endloop
  endfacet
  facet normal 0.170539 -0.194359 0.965992
    outer loop
      vertex 10.5518 9.4482 158.923
      vertex 10.4751 9.3809 158.923
      vertex 10.9092 9.09083 158.788
    endloop
  endfacet
  facet normal 0.849776 -0.16894 0.49934
    outer loop
      vertex 13.5568 9.53174 156.769
      vertex 13.2974 9.56589 157.222
      vertex 13.4653 9.07149 156.769
    endloop
  endfacet
  facet normal 0.776841 -0.383065 0.499779
    outer loop
      vertex 12.8803 8.33706 157.222
      vertex 13.0895 8.47167 157
      vertex 13.0727 8.72724 157.222
    endloop
  endfacet
  facet normal 0.776822 -0.38337 0.499575
    outer loop
      vertex 13.0895 8.47167 157
      vertex 12.8803 8.33706 157.222
      vertex 12.9914 8.27289 157
    endloop
  endfacet
  facet normal 0.25803 -0.016912 0.965989
    outer loop
      vertex 11.2858 10 158.788
      vertex 10.7804 10 158.923
      vertex 11.2748 9.83217 158.788
    endloop
  endfacet
  facet normal 0.27764 0.415703 0.866087
    outer loop
      vertex 11.1111 11.9246 158.326
      vertex 10.8846 11.5321 158.587
      vertex 11.077 11.4036 158.587
    endloop
  endfacet
  facet normal 0.253614 0.0504188 0.965991
    outer loop
      vertex 11.2748 10.1678 158.788
      vertex 10.7538 10.202 158.923
      vertex 10.7737 10.1019 158.923
    endloop
  endfacet
  facet normal 0.634873 0.313118 0.706324
    outer loop
      vertex 12.6044 11.5037 157.637
      vertex 12.284 11.3187 158.007
      vertex 12.7784 11.1509 157.637
    endloop
  endfacet
  facet normal 0.637046 0.726353 0.258037
    outer loop
      vertex 12.3883 13.1124 155.78
      vertex 12.3058 13.005 156.286
      vertex 12.6783 12.6783 156.286
    endloop
  endfacet
  facet normal 0.313118 0.634873 0.706324
    outer loop
      vertex 11.5037 12.6044 157.637
      vertex 11.1509 12.7784 157.637
      vertex 11.3187 12.284 158.007
    endloop
  endfacet
  facet normal -0.253619 0.0504319 0.965989
    outer loop
      vertex 8.75805 10.3328 158.788
      vertex 8.72524 10.1678 158.788
      vertex 9.24623 10.202 158.923
    endloop
  endfacet
  facet normal 0.215016 0.143651 0.965988
    outer loop
      vertex 11.0201 10.7827 158.788
      vertex 10.6191 10.4751 158.923
      vertex 11.1135 10.6429 158.788
    endloop
  endfacet
  facet normal -0.289198 0.253613 0.923063
    outer loop
      vertex 8.74902 11.251 158.587
      vertex 8.59643 11.077 158.587
      vertex 9.09083 10.9092 158.788
    endloop
  endfacet
  facet normal -0.170193 0.344957 0.923059
    outer loop
      vertex 9.32297 11.6345 158.587
      vertex 9.11542 11.5321 158.587
      vertex 9.35712 11.1135 158.788
    endloop
  endfacet
  facet normal -0.383773 0.0255325 0.923075
    outer loop
      vertex 8.24598 10.2309 158.587
      vertex 8.26014 10.0099 158.599
      vertex 8.72524 10.1678 158.788
    endloop
  endfacet
  facet normal -0.386199 0.0253223 0.922068
    outer loop
      vertex 8.26014 10.0099 158.599
      vertex 8.24598 10.2309 158.587
      vertex 8.23305 10.0337 158.587
    endloop
  endfacet
  facet normal -0.258038 0.0168902 0.965987
    outer loop
      vertex 9.22631 10.1019 158.923
      vertex 8.72524 10.1678 158.788
      vertex 9.21964 10 158.923
    endloop
  endfacet
  facet normal -0.129966 0.00850708 0.991482
    outer loop
      vertex 9.22631 10.1019 158.923
      vertex 9.21964 10 158.923
      vertex 9.74063 10.0341 158.991
    endloop
  endfacet
  facet normal 0.473411 -0.160727 0.866054
    outer loop
      vertex 11.7089 9.54211 158.587
      vertex 11.6345 9.32297 158.587
      vertex 12.0531 9.14957 158.326
    endloop
  endfacet
  facet normal -0.123336 -0.0418648 0.991482
    outer loop
      vertex 9.7473 9.93229 158.991
      vertex 9.24623 9.79803 158.923
      vertex 9.27904 9.70137 158.923
    endloop
  endfacet
  facet normal 0.651233 -0.571198 0.499628
    outer loop
      vertex 12.6386 7.97533 157.222
      vertex 12.5886 7.72414 157
      vertex 12.7404 7.89721 157
    endloop
  endfacet
  facet normal 0.972426 0.193403 0.130321
    outer loop
      vertex 13.8554 11.0331 155.262
      vertex 13.7895 11.0154 155.78
      vertex 13.8896 10.5121 155.78
    endloop
  endfacet
  facet normal 0.550812 0.824382 0.130386
    outer loop
      vertex 12.4298 13.1666 155.262
      vertex 11.9616 13.3975 155.78
      vertex 12.3883 13.1124 155.78
    endloop
  endfacet
  facet normal 0.653603 0.74551 0.130458
    outer loop
      vertex 12.8224 12.8224 155.262
      vertex 12.4298 13.1666 155.262
      vertex 12.7741 12.7741 155.78
    endloop
  endfacet
  facet normal 0.964063 -0.0630697 0.258079
    outer loop
      vertex 13.9231 10 155.78
      vertex 13.7553 9.5056 156.286
      vertex 13.8896 9.48793 155.78
    endloop
  endfacet
  facet normal -0.278609 0.820413 0.4993
    outer loop
      vertex 9.07149 13.4653 156.769
      vertex 8.72724 13.0727 157.222
      vertex 9.1392 13.2126 157.222
    endloop
  endfacet
  facet normal -0.344992 0.170073 0.923069
    outer loop
      vertex 8.8865 10.6429 158.788
      vertex 8.36551 10.677 158.587
      vertex 8.81211 10.492 158.788
    endloop
  endfacet
  facet normal -0.195169 0.98077 0
    outer loop
      vertex 9.47901 13.9573 155
      vertex 8.96694 13.8554 155.262
      vertex 9.47901 13.9573 155.262
    endloop
  endfacet
  facet normal -0.195169 0.98077 0
    outer loop
      vertex 8.96694 13.8554 155.262
      vertex 9.47901 13.9573 155
      vertex 8.96694 13.8554 155
    endloop
  endfacet
  facet normal 0.947602 -0.188378 0.258002
    outer loop
      vertex 13.7553 9.5056 156.286
      vertex 13.6587 9.01967 156.286
      vertex 13.7895 8.98462 155.78
    endloop
  endfacet
  facet normal 0.964083 -0.0631802 0.257978
    outer loop
      vertex 13.7877 10 156.286
      vertex 13.7553 9.5056 156.286
      vertex 13.9231 10 155.78
    endloop
  endfacet
  facet normal 0.9221 0.0604289 0.382204
    outer loop
      vertex 13.7553 10.4944 156.286
      vertex 13.5875 10 156.769
      vertex 13.7877 10 156.286
    endloop
  endfacet
  facet normal 0.864583 0.0566789 0.499283
    outer loop
      vertex 13.5568 10.4683 156.769
      vertex 13.3259 10 157.222
      vertex 13.5875 10 156.769
    endloop
  endfacet
  facet normal 0.466774 -0.532134 0.706368
    outer loop
      vertex 12.1265 7.87348 157.637
      vertex 11.6055 7.90762 158.007
      vertex 11.8308 7.6141 157.637
    endloop
  endfacet
  facet normal 0.481212 -0.720216 0.499724
    outer loop
      vertex 11.9114 7.1317 157
      vertex 11.6629 7.1197 157.222
      vertex 11.7271 7.00856 157
    endloop
  endfacet
  facet normal 0.481176 -0.720271 0.49968
    outer loop
      vertex 11.6629 7.1197 157.222
      vertex 11.9114 7.1317 157
      vertex 12.0247 7.3614 157.222
    endloop
  endfacet
  facet normal 0.383847 -0.0252662 0.923051
    outer loop
      vertex 11.7692 10 158.587
      vertex 11.2748 9.83217 158.788
      vertex 11.754 9.76908 158.587
    endloop
  endfacet
  facet normal 0.820423 0.278585 0.499296
    outer loop
      vertex 13.4653 10.9285 156.769
      vertex 13.0727 11.2728 157.222
      vertex 13.2126 10.8608 157.222
    endloop
  endfacet
  facet normal 0.473355 -0.160789 0.866073
    outer loop
      vertex 12.1466 9.42483 158.326
      vertex 11.7089 9.54211 158.587
      vertex 12.0531 9.14957 158.326
    endloop
  endfacet
  facet normal 0.63488 -0.313112 0.70632
    outer loop
      vertex 12.7784 8.84913 157.637
      vertex 12.284 8.68131 158.007
      vertex 12.6044 8.49632 157.637
    endloop
  endfacet
  facet normal 0.393247 -0.588565 0.706363
    outer loop
      vertex 11.6055 7.90762 158.007
      vertex 11.5037 7.39555 157.637
      vertex 11.8308 7.6141 157.637
    endloop
  endfacet
  facet normal 0.82816 -0.408749 0.383504
    outer loop
      vertex 13.4994 8.5505 156.286
      vertex 13.4844 8.5567 156.325
      vertex 13.4948 8.54118 156.286
    endloop
  endfacet
  facet normal 0.84981 -0.16889 0.499299
    outer loop
      vertex 13.2974 9.56589 157.222
      vertex 13.2126 9.1392 157.222
      vertex 13.4653 9.07149 156.769
    endloop
  endfacet
  facet normal 0.498876 -0.0326771 0.866057
    outer loop
      vertex 12.2223 10 158.326
      vertex 11.7692 10 158.587
      vertex 12.2033 9.70993 158.326
    endloop
  endfacet
  facet normal 0.377302 0.0749618 0.923051
    outer loop
      vertex 11.7089 10.4579 158.587
      vertex 11.2748 10.1678 158.788
      vertex 11.754 10.2309 158.587
    endloop
  endfacet
  facet normal 0.12774 0.0253948 0.991483
    outer loop
      vertex 10.7538 10.202 158.923
      vertex 10.2527 10.0677 158.991
      vertex 10.7737 10.1019 158.923
    endloop
  endfacet
  facet normal 0.253617 -0.050585 0.965981
    outer loop
      vertex 11.2748 9.83217 158.788
      vertex 10.7538 9.79803 158.923
      vertex 11.2419 9.66722 158.788
    endloop
  endfacet
  facet normal 0.227546 0.670326 0.706319
    outer loop
      vertex 11.1509 12.7784 157.637
      vertex 10.6826 12.5475 158.007
      vertex 11.0093 12.4366 158.007
    endloop
  endfacet
  facet normal 0.170091 0.344984 0.923068
    outer loop
      vertex 10.677 11.6345 158.587
      vertex 10.492 11.1879 158.788
      vertex 10.6429 11.1135 158.788
    endloop
  endfacet
  facet normal 0.351157 0.712 0.608067
    outer loop
      vertex 11.2728 13.0727 157.222
      vertex 11.1509 12.7784 157.637
      vertex 11.5037 12.6044 157.637
    endloop
  endfacet
  facet normal 0.481494 0.720394 0.499196
    outer loop
      vertex 12.1839 12.8461 156.769
      vertex 11.7937 13.1069 156.769
      vertex 12.0247 12.6386 157.222
    endloop
  endfacet
  facet normal 0.318647 0.93885 0.130483
    outer loop
      vertex 11.5275 13.6876 155.262
      vertex 11.0331 13.8554 155.262
      vertex 11.5013 13.6245 155.78
    endloop
  endfacet
  facet normal -0.0604539 0.922089 0.382226
    outer loop
      vertex 10 13.5875 156.769
      vertex 9.5056 13.7553 156.286
      vertex 9.53174 13.5568 156.769
    endloop
  endfacet
  facet normal 0.906332 0.180203 0.382216
    outer loop
      vertex 13.7553 10.4944 156.286
      vertex 13.4653 10.9285 156.769
      vertex 13.5568 10.4683 156.769
    endloop
  endfacet
  facet normal 0.874988 0.29711 0.382259
    outer loop
      vertex 13.4994 11.4495 156.286
      vertex 13.3144 11.3729 156.769
      vertex 13.4653 10.9285 156.769
    endloop
  endfacet
  facet normal 0.726397 0.636962 0.258122
    outer loop
      vertex 12.7741 12.7741 155.78
      vertex 12.6783 12.6783 156.286
      vertex 13.1124 12.3883 155.78
    endloop
  endfacet
  facet normal 0.720394 0.481494 0.499196
    outer loop
      vertex 12.8461 12.1839 156.769
      vertex 12.6386 12.0247 157.222
      vertex 13.1069 11.7937 156.769
    endloop
  endfacet
  facet normal 0.402317 0.458772 0.792256
    outer loop
      vertex 11.8649 11.8649 158.007
      vertex 11.3528 11.7631 158.326
      vertex 11.5714 11.5714 158.326
    endloop
  endfacet
  facet normal 0.339013 0.507365 0.792244
    outer loop
      vertex 11.3187 12.284 158.007
      vertex 11.1111 11.9246 158.326
      vertex 11.3528 11.7631 158.326
    endloop
  endfacet
  facet normal -0.253621 0.0504709 0.965986
    outer loop
      vertex 9.24623 10.202 158.923
      vertex 8.72524 10.1678 158.788
      vertex 9.22631 10.1019 158.923
    endloop
  endfacet
  facet normal -0.71203 0.351151 0.608035
    outer loop
      vertex 7.39555 11.5037 157.637
      vertex 6.92729 11.2728 157.222
      vertex 7.22156 11.1509 157.637
    endloop
  endfacet
  facet normal -0.196264 0.577792 0.792236
    outer loop
      vertex 9.31739 12.5475 158.007
      vertex 9.14957 12.0531 158.326
      vertex 9.42483 12.1466 158.326
    endloop
  endfacet
  facet normal -0.651325 0.571104 0.499616
    outer loop
      vertex 7.41137 12.2759 157
      vertex 7.25959 12.1028 157
      vertex 7.3614 12.0247 157.222
    endloop
  endfacet
  facet normal -0.634873 0.313099 0.706332
    outer loop
      vertex 7.39555 11.5037 157.637
      vertex 7.22156 11.1509 157.637
      vertex 7.71596 11.3187 158.007
    endloop
  endfacet
  facet normal -0.532244 0.466729 0.706315
    outer loop
      vertex 8.13509 11.8649 158.007
      vertex 7.87348 12.1265 157.637
      vertex 7.90762 11.6055 158.007
    endloop
  endfacet
  facet normal -0.143949 -0.215429 0.965851
    outer loop
      vertex 9.38601 8.9716 158.811
      vertex 9.60982 9.32419 158.923
      vertex 9.52495 9.3809 158.923
    endloop
  endfacet
  facet normal -0.156997 -0.207081 0.965645
    outer loop
      vertex 9.60982 9.32419 158.923
      vertex 9.38601 8.9716 158.811
      vertex 9.39822 8.95768 158.81
    endloop
  endfacet
  facet normal 0.10837 0.0722469 0.991482
    outer loop
      vertex 10.6758 10.3902 158.923
      vertex 10.2076 10.1593 158.991
      vertex 10.2266 10.1308 158.991
    endloop
  endfacet
  facet normal 0.213732 -0.319774 0.923073
    outer loop
      vertex 10.7827 8.97994 158.788
      vertex 10.6429 8.8865 158.788
      vertex 11.077 8.59643 158.587
    endloop
  endfacet
  facet normal 0.244884 -0.0830973 0.965985
    outer loop
      vertex 10.7538 9.79803 158.923
      vertex 10.721 9.70137 158.923
      vertex 11.1879 9.50796 158.788
    endloop
  endfacet
  facet normal 0.130478 -0.497708 0.857474
    outer loop
      vertex 10.4579 8.29113 158.587
      vertex 10.3136 7.9139 158.39
      vertex 10.3244 7.89778 158.379
    endloop
  endfacet
  facet normal 0.101394 -0.49072 0.865397
    outer loop
      vertex 10.4579 8.29113 158.587
      vertex 10.2678 7.96616 158.425
      vertex 10.3136 7.9139 158.39
    endloop
  endfacet
  facet normal 0.0972655 -0.489021 0.866832
    outer loop
      vertex 10.2678 7.96616 158.425
      vertex 10.4579 8.29113 158.587
      vertex 10.2309 8.24598 158.587
    endloop
  endfacet
  facet normal 0.114337 -0.231932 0.965989
    outer loop
      vertex 10.6429 8.8865 158.788
      vertex 10.2986 9.27904 158.923
      vertex 10.492 8.81211 158.788
    endloop
  endfacet
  facet normal -0.0831229 -0.244884 0.965983
    outer loop
      vertex 9.51371 8.82599 158.792
      vertex 9.79803 9.24623 158.923
      vertex 9.70137 9.27904 158.923
    endloop
  endfacet
  facet normal 0.0764308 -0.343498 0.936038
    outer loop
      vertex 9.79803 9.24623 158.923
      vertex 9.51371 8.82599 158.792
      vertex 9.51571 8.82371 158.791
    endloop
  endfacet
  facet normal -0.384559 -0.0280816 0.922673
    outer loop
      vertex 8.72524 9.83217 158.788
      vertex 8.29715 9.97749 158.614
      vertex 8.4971 9.80214 158.692
    endloop
  endfacet
  facet normal -0.0723625 -0.108296 0.991482
    outer loop
      vertex 9.84074 9.79245 158.991
      vertex 9.60982 9.32419 158.923
      vertex 9.86919 9.77344 158.991
    endloop
  endfacet
  facet normal -0.0979343 -0.0858686 0.991481
    outer loop
      vertex 9.79245 9.84074 158.991
      vertex 9.4482 9.4482 158.923
      vertex 9.81501 9.81501 158.991
    endloop
  endfacet
  facet normal 0.980772 0.195158 0
    outer loop
      vertex 13.9573 10.521 155.262
      vertex 13.8554 11.0331 155
      vertex 13.8554 11.0331 155.262
    endloop
  endfacet
  facet normal 0.980772 0.195158 0
    outer loop
      vertex 13.8554 11.0331 155
      vertex 13.9573 10.521 155.262
      vertex 13.9573 10.521 155
    endloop
  endfacet
  facet normal 0.609284 0.694699 0.382318
    outer loop
      vertex 12.3058 13.005 156.286
      vertex 12.1839 12.8461 156.769
      vertex 12.6783 12.6783 156.286
    endloop
  endfacet
  facet normal 0.866556 0.427233 0.257978
    outer loop
      vertex 13.6245 11.5013 155.78
      vertex 13.2803 11.8939 156.286
      vertex 13.4994 11.4495 156.286
    endloop
  endfacet
  facet normal 0.946945 -0.321394 0
    outer loop
      vertex 13.6876 8.47254 155.262
      vertex 13.8554 8.96694 155
      vertex 13.8554 8.96694 155.262
    endloop
  endfacet
  facet normal 0.946945 -0.321394 0
    outer loop
      vertex 13.8554 8.96694 155
      vertex 13.6876 8.47254 155.262
      vertex 13.6876 8.47254 155
    endloop
  endfacet
  facet normal -0.441004 0.660154 0.608039
    outer loop
      vertex 8.49632 12.6044 157.637
      vertex 7.97533 12.6386 157.222
      vertex 8.16924 12.3859 157.637
    endloop
  endfacet
  facet normal 0.0567598 0.864542 0.499345
    outer loop
      vertex 10.4683 13.5568 156.769
      vertex 10 13.3259 157.222
      vertex 10.4341 13.2974 157.222
    endloop
  endfacet
  facet normal -0.338916 0.507402 0.792262
    outer loop
      vertex 8.68131 12.284 158.007
      vertex 8.39446 12.0924 158.007
      vertex 8.64716 11.7631 158.326
    endloop
  endfacet
  facet normal 0.875012 0.297079 0.382228
    outer loop
      vertex 13.4994 11.4495 156.286
      vertex 13.4653 10.9285 156.769
      vertex 13.6587 10.9803 156.286
    endloop
  endfacet
  facet normal 0.914847 0.310603 0.258032
    outer loop
      vertex 13.7895 11.0154 155.78
      vertex 13.4994 11.4495 156.286
      vertex 13.6587 10.9803 156.286
    endloop
  endfacet
  facet normal 0.98077 -0.195169 0
    outer loop
      vertex 13.8554 8.96694 155.262
      vertex 13.9573 9.47901 155
      vertex 13.9573 9.47901 155.262
    endloop
  endfacet
  facet normal 0.98077 -0.195169 0
    outer loop
      vertex 13.9573 9.47901 155
      vertex 13.8554 8.96694 155.262
      vertex 13.8554 8.96694 155
    endloop
  endfacet
  facet normal 0.964062 0.063066 0.258083
    outer loop
      vertex 13.8896 10.5121 155.78
      vertex 13.7553 10.4944 156.286
      vertex 13.9231 10 155.78
    endloop
  endfacet
  facet normal 0.706346 0.0463783 0.706346
    outer loop
      vertex 13.0074 10 157.637
      vertex 12.6148 10.3442 158.007
      vertex 12.6374 10 158.007
    endloop
  endfacet
  facet normal 0.670322 -0.227565 0.706316
    outer loop
      vertex 12.5475 9.31739 158.007
      vertex 12.4366 8.99072 158.007
      vertex 12.7784 8.84913 157.637
    endloop
  endfacet
  facet normal 0.571104 -0.651325 0.499616
    outer loop
      vertex 12.2759 7.41137 157
      vertex 12.0247 7.3614 157.222
      vertex 12.1028 7.25959 157
    endloop
  endfacet
  facet normal 0.481261 -0.720255 0.49962
    outer loop
      vertex 12.0247 7.3614 157.222
      vertex 11.9114 7.1317 157
      vertex 12.1028 7.25959 157
    endloop
  endfacet
  facet normal 0.712008 -0.351095 0.608093
    outer loop
      vertex 13.0727 8.72724 157.222
      vertex 12.6044 8.49632 157.637
      vertex 12.8803 8.33706 157.222
    endloop
  endfacet
  facet normal 0.383224 -0.776836 0.499665
    outer loop
      vertex 11.5283 6.91054 157
      vertex 11.2728 6.92729 157.222
      vertex 11.3219 6.80872 157
    endloop
  endfacet
  facet normal 0.777034 0.383239 0.499346
    outer loop
      vertex 13.1069 11.7937 156.769
      vertex 12.8803 11.6629 157.222
      vertex 13.0727 11.2728 157.222
    endloop
  endfacet
  facet normal 0.231938 0.114355 0.965985
    outer loop
      vertex 11.1135 10.6429 158.788
      vertex 10.721 10.2986 158.923
      vertex 11.1879 10.492 158.788
    endloop
  endfacet
  facet normal 0.0520101 0.792196 0.608046
    outer loop
      vertex 10.4341 13.2974 157.222
      vertex 10 13.3259 157.222
      vertex 10.3925 12.9816 157.637
    endloop
  endfacet
  facet normal 0.393195 0.588622 0.706344
    outer loop
      vertex 11.8308 12.3859 157.637
      vertex 11.5037 12.6044 157.637
      vertex 11.6055 12.0924 158.007
    endloop
  endfacet
  facet normal 0.608857 0.0398769 0.792277
    outer loop
      vertex 12.6374 10 158.007
      vertex 12.2033 10.2901 158.326
      vertex 12.2223 10 158.326
    endloop
  endfacet
  facet normal 0.608857 -0.039881 0.792277
    outer loop
      vertex 12.2223 10 158.326
      vertex 12.2033 9.70993 158.326
      vertex 12.6374 10 158.007
    endloop
  endfacet
  facet normal 0.751724 -0.255276 0.608067
    outer loop
      vertex 12.9049 9.22164 157.637
      vertex 12.7784 8.84913 157.637
      vertex 13.0727 8.72724 157.222
    endloop
  endfacet
  facet normal 0.598492 -0.119027 0.792237
    outer loop
      vertex 12.2033 9.70993 158.326
      vertex 12.1466 9.42483 158.326
      vertex 12.5475 9.31739 158.007
    endloop
  endfacet
  facet normal 0.588646 -0.393234 0.706302
    outer loop
      vertex 12.6044 8.49632 157.637
      vertex 12.0924 8.39446 158.007
      vertex 12.3859 8.16924 157.637
    endloop
  endfacet
  facet normal 0.598483 -0.119039 0.792242
    outer loop
      vertex 12.6148 9.65575 158.007
      vertex 12.2033 9.70993 158.326
      vertex 12.5475 9.31739 158.007
    endloop
  endfacet
  facet normal 0.458722 -0.402356 0.792265
    outer loop
      vertex 12.0924 8.39446 158.007
      vertex 11.7631 8.64716 158.326
      vertex 11.8649 8.13509 158.007
    endloop
  endfacet
  facet normal 0.866289 -0.427567 0.258321
    outer loop
      vertex 13.567 8.43311 155.865
      vertex 13.4994 8.5505 156.286
      vertex 13.4948 8.54118 156.286
    endloop
  endfacet
  facet normal 0.867167 -0.425968 0.258016
    outer loop
      vertex 13.4994 8.5505 156.286
      vertex 13.567 8.43311 155.865
      vertex 13.6245 8.49868 155.78
    endloop
  endfacet
  facet normal 0.947565 -0.188455 0.258079
    outer loop
      vertex 13.8896 9.48793 155.78
      vertex 13.7553 9.5056 156.286
      vertex 13.7895 8.98462 155.78
    endloop
  endfacet
  facet normal 0.875002 -0.297095 0.382238
    outer loop
      vertex 13.6587 9.01967 156.286
      vertex 13.4653 9.07149 156.769
      vertex 13.4994 8.5505 156.286
    endloop
  endfacet
  facet normal 0.874946 -0.297231 0.38226
    outer loop
      vertex 13.4844 8.5567 156.325
      vertex 13.4653 9.07149 156.769
      vertex 13.3558 8.74916 156.769
    endloop
  endfacet
  facet normal 0.873968 -0.298407 0.38358
    outer loop
      vertex 13.4653 9.07149 156.769
      vertex 13.4844 8.5567 156.325
      vertex 13.4994 8.5505 156.286
    endloop
  endfacet
  facet normal 0.670254 0.227617 0.706364
    outer loop
      vertex 12.7784 11.1509 157.637
      vertex 12.5475 10.6826 158.007
      vertex 12.9049 10.7784 157.637
    endloop
  endfacet
  facet normal 0.498793 0.0328353 0.866099
    outer loop
      vertex 12.2033 10.2901 158.326
      vertex 11.754 10.2309 158.587
      vertex 11.7692 10 158.587
    endloop
  endfacet
  facet normal 0.377302 -0.0749717 0.923051
    outer loop
      vertex 11.754 9.76908 158.587
      vertex 11.2748 9.83217 158.788
      vertex 11.7089 9.54211 158.587
    endloop
  endfacet
  facet normal 0.490292 -0.0974234 0.866096
    outer loop
      vertex 11.754 9.76908 158.587
      vertex 11.7089 9.54211 158.587
      vertex 12.2033 9.70993 158.326
    endloop
  endfacet
  facet normal -0.244844 0.0831609 0.965989
    outer loop
      vertex 9.27904 10.2986 158.923
      vertex 8.81211 10.492 158.788
      vertex 9.24623 10.202 158.923
    endloop
  endfacet
  facet normal 0.0505706 0.253622 0.965981
    outer loop
      vertex 10.3328 11.2419 158.788
      vertex 10.1678 11.2748 158.788
      vertex 10.202 10.7538 158.923
    endloop
  endfacet
  facet normal -0.313121 0.63488 0.706316
    outer loop
      vertex 8.84913 12.7784 157.637
      vertex 8.68131 12.284 158.007
      vertex 8.99072 12.4366 158.007
    endloop
  endfacet
  facet normal -0.108308 0.0723455 0.991482
    outer loop
      vertex 9.3809 10.4751 158.923
      vertex 9.32419 10.3902 158.923
      vertex 9.79245 10.1593 158.991
    endloop
  endfacet
  facet normal 0.180203 0.906332 0.382216
    outer loop
      vertex 10.4944 13.7553 156.286
      vertex 10.4683 13.5568 156.769
      vertex 10.9285 13.4653 156.769
    endloop
  endfacet
  facet normal -0.180173 0.906329 0.382237
    outer loop
      vertex 9.5056 13.7553 156.286
      vertex 9.01967 13.6587 156.286
      vertex 9.07149 13.4653 156.769
    endloop
  endfacet
  facet normal 0.609267 0.694729 0.38229
    outer loop
      vertex 12.6783 12.6783 156.286
      vertex 12.1839 12.8461 156.769
      vertex 12.5367 12.5367 156.769
    endloop
  endfacet
  facet normal 0.571321 0.651462 0.499189
    outer loop
      vertex 12.1839 12.8461 156.769
      vertex 12.0247 12.6386 157.222
      vertex 12.5367 12.5367 156.769
    endloop
  endfacet
  facet normal 0.427337 0.866533 0.257882
    outer loop
      vertex 11.9616 13.3975 155.78
      vertex 11.5013 13.6245 155.78
      vertex 11.8939 13.2803 156.286
    endloop
  endfacet
  facet normal 0.29711 0.874988 0.382259
    outer loop
      vertex 11.4495 13.4994 156.286
      vertex 10.9285 13.4653 156.769
      vertex 11.3729 13.3144 156.769
    endloop
  endfacet
  facet normal 0.180184 0.906329 0.382231
    outer loop
      vertex 10.9803 13.6587 156.286
      vertex 10.4944 13.7553 156.286
      vertex 10.9285 13.4653 156.769
    endloop
  endfacet
  facet normal 0.513468 0.768233 0.382321
    outer loop
      vertex 11.8939 13.2803 156.286
      vertex 11.7937 13.1069 156.769
      vertex 12.1839 12.8461 156.769
    endloop
  endfacet
  facet normal 0.720433 0.481284 0.499342
    outer loop
      vertex 13.1069 11.7937 156.769
      vertex 12.6386 12.0247 157.222
      vertex 12.8803 11.6629 157.222
    endloop
  endfacet
  facet normal 0.712 0.351163 0.608063
    outer loop
      vertex 12.8803 11.6629 157.222
      vertex 12.6044 11.5037 157.637
      vertex 13.0727 11.2728 157.222
    endloop
  endfacet
  facet normal -0.364223 0.12368 0.923063
    outer loop
      vertex 8.81211 10.492 158.788
      vertex 8.29113 10.4579 158.587
      vertex 8.75805 10.3328 158.788
    endloop
  endfacet
  facet normal 0.108323 0.0723427 0.99148
    outer loop
      vertex 10.6191 10.4751 158.923
      vertex 10.2076 10.1593 158.991
      vertex 10.6758 10.3902 158.923
    endloop
  endfacet
  facet normal -0.0978822 0.0859231 0.991482
    outer loop
      vertex 9.81501 10.185 158.991
      vertex 9.4482 10.5518 158.923
      vertex 9.79245 10.1593 158.991
    endloop
  endfacet
  facet normal -0.194464 0.170467 0.965984
    outer loop
      vertex 9.09083 10.9092 158.788
      vertex 8.97994 10.7827 158.788
      vertex 9.3809 10.4751 158.923
    endloop
  endfacet
  facet normal -0.776836 0.383224 0.499665
    outer loop
      vertex 6.91054 11.5283 157
      vertex 6.80872 11.3219 157
      vertex 6.92729 11.2728 157.222
    endloop
  endfacet
  facet normal -0.481284 0.720233 0.499629
    outer loop
      vertex 8.08861 12.8683 157
      vertex 7.89721 12.7404 157
      vertex 7.97533 12.6386 157.222
    endloop
  endfacet
  facet normal -0.289228 0.253537 0.923074
    outer loop
      vertex 9.09083 10.9092 158.788
      vertex 8.59643 11.077 158.587
      vertex 8.97994 10.7827 158.788
    endloop
  endfacet
  facet normal 0.108321 -0.0723407 0.99148
    outer loop
      vertex 10.2266 9.86919 158.991
      vertex 10.2076 9.84074 158.991
      vertex 10.6758 9.60982 158.923
    endloop
  endfacet
  facet normal -0.116814 -0.0576081 0.991482
    outer loop
      vertex 9.7583 9.89989 158.991
      vertex 9.27904 9.70137 158.923
      vertex 9.77344 9.86919 158.991
    endloop
  endfacet
  facet normal -0.129968 0.00853747 0.991481
    outer loop
      vertex 9.74063 10.0341 158.991
      vertex 9.21964 10 158.923
      vertex 9.73839 10 158.991
    endloop
  endfacet
  facet normal -0.0418721 -0.123332 0.991482
    outer loop
      vertex 9.89989 9.7583 158.991
      vertex 9.70137 9.27904 158.923
      vertex 9.93229 9.7473 158.991
    endloop
  endfacet
  facet normal 0.364221 -0.123656 0.923067
    outer loop
      vertex 11.7089 9.54211 158.587
      vertex 11.1879 9.50796 158.788
      vertex 11.6345 9.32297 158.587
    endloop
  endfacet
  facet normal -0.374369 -0.0744653 0.924285
    outer loop
      vertex 8.72524 9.83217 158.788
      vertex 8.67601 9.64524 158.753
      vertex 8.75805 9.66722 158.788
    endloop
  endfacet
  facet normal -0.378705 -0.0730139 0.922633
    outer loop
      vertex 8.67601 9.64524 158.753
      vertex 8.72524 9.83217 158.788
      vertex 8.57632 9.73267 158.719
    endloop
  endfacet
  facet normal -0.00851049 -0.129967 0.991482
    outer loop
      vertex 9.96585 9.74063 158.991
      vertex 9.89814 9.22631 158.923
      vertex 10 9.21964 158.923
    endloop
  endfacet
  facet normal 0.196127 -0.577769 0.792286
    outer loop
      vertex 10.8504 7.94688 158.326
      vertex 10.6826 7.45248 158.007
      vertex 11.0093 7.56338 158.007
    endloop
  endfacet
  facet normal -0.378619 -0.0731601 0.922657
    outer loop
      vertex 8.72524 9.83217 158.788
      vertex 8.4971 9.80214 158.692
      vertex 8.57632 9.73267 158.719
    endloop
  endfacet
  facet normal -0.466782 0.532211 0.706304
    outer loop
      vertex 8.16924 12.3859 157.637
      vertex 7.87348 12.1265 157.637
      vertex 8.39446 12.0924 158.007
    endloop
  endfacet
  facet normal -0.25803 0.016915 0.965989
    outer loop
      vertex 8.72524 10.1678 158.788
      vertex 8.71424 10 158.788
      vertex 9.21964 10 158.923
    endloop
  endfacet
  facet normal 0.0978548 -0.0859509 0.991482
    outer loop
      vertex 10.2076 9.84074 158.991
      vertex 10.185 9.81501 158.991
      vertex 10.5518 9.4482 158.923
    endloop
  endfacet
  facet normal 0.0169646 0.258014 0.965992
    outer loop
      vertex 10.1678 11.2748 158.788
      vertex 10 10.7804 158.923
      vertex 10.1019 10.7737 158.923
    endloop
  endfacet
  facet normal 0.364219 -0.123495 0.923089
    outer loop
      vertex 11.2419 9.66722 158.788
      vertex 11.1879 9.50796 158.788
      vertex 11.7089 9.54211 158.587
    endloop
  endfacet
  facet normal 0.127734 0.0254708 0.991481
    outer loop
      vertex 10.7737 10.1019 158.923
      vertex 10.2527 10.0677 158.991
      vertex 10.2594 10.0341 158.991
    endloop
  endfacet
  facet normal 0.258014 0.0169646 0.965992
    outer loop
      vertex 11.2748 10.1678 158.788
      vertex 10.7737 10.1019 158.923
      vertex 10.7804 10 158.923
    endloop
  endfacet
  facet normal 0.74551 0.653603 0.130458
    outer loop
      vertex 12.8224 12.8224 155.262
      vertex 12.7741 12.7741 155.78
      vertex 13.1666 12.4298 155.262
    endloop
  endfacet
  facet normal 0.768233 0.513468 0.382321
    outer loop
      vertex 13.2803 11.8939 156.286
      vertex 12.8461 12.1839 156.769
      vertex 13.1069 11.7937 156.769
    endloop
  endfacet
  facet normal 0.972396 0.193492 0.130412
    outer loop
      vertex 13.9573 10.521 155.262
      vertex 13.8554 11.0331 155.262
      vertex 13.8896 10.5121 155.78
    endloop
  endfacet
  facet normal 0.442303 0.896866 -0
    outer loop
      vertex 11.9957 13.4567 155
      vertex 11.5275 13.6876 155.262
      vertex 11.9957 13.4567 155.262
    endloop
  endfacet
  facet normal 0.442303 0.896866 0
    outer loop
      vertex 11.5275 13.6876 155.262
      vertex 11.9957 13.4567 155
      vertex 11.5275 13.6876 155
    endloop
  endfacet
  facet normal 0.659237 0.751936 -0
    outer loop
      vertex 12.8224 12.8224 155
      vertex 12.4298 13.1666 155.262
      vertex 12.8224 12.8224 155.262
    endloop
  endfacet
  facet normal 0.659237 0.751936 0
    outer loop
      vertex 12.4298 13.1666 155.262
      vertex 12.8224 12.8224 155
      vertex 12.4298 13.1666 155
    endloop
  endfacet
  facet normal 0.824382 0.550812 0.130386
    outer loop
      vertex 13.1666 12.4298 155.262
      vertex 13.1124 12.3883 155.78
      vertex 13.3975 11.9616 155.78
    endloop
  endfacet
  facet normal 0.86688 -0.427279 0.256811
    outer loop
      vertex 13.6245 8.49868 155.78
      vertex 13.567 8.43311 155.865
      vertex 13.5815 8.41144 155.78
    endloop
  endfacet
  facet normal 0.997865 -0.0653126 0
    outer loop
      vertex 13.9573 9.47901 155.262
      vertex 13.9914 10 155
      vertex 13.9914 10 155.262
    endloop
  endfacet
  facet normal 0.997865 -0.0653126 0
    outer loop
      vertex 13.9914 10 155
      vertex 13.9573 9.47901 155.262
      vertex 13.9573 9.47901 155
    endloop
  endfacet
  facet normal -0.0647547 0.989342 0.130417
    outer loop
      vertex 10 13.9914 155.262
      vertex 9.47901 13.9573 155.262
      vertex 9.48793 13.8896 155.78
    endloop
  endfacet
  facet normal 0.193403 0.972426 0.130321
    outer loop
      vertex 11.0331 13.8554 155.262
      vertex 10.5121 13.8896 155.78
      vertex 11.0154 13.7895 155.78
    endloop
  endfacet
  facet normal 0.193492 0.972396 0.130412
    outer loop
      vertex 10.521 13.9573 155.262
      vertex 10.5121 13.8896 155.78
      vertex 11.0331 13.8554 155.262
    endloop
  endfacet
  facet normal -0.438341 0.889322 0.130245
    outer loop
      vertex 8.49868 13.6245 155.78
      vertex 8.36259 13.6141 155.393
      vertex 8.41144 13.5815 155.78
    endloop
  endfacet
  facet normal -0.438883 0.889025 0.130444
    outer loop
      vertex 8.36259 13.6141 155.393
      vertex 8.49868 13.6245 155.78
      vertex 8.47254 13.6876 155.262
    endloop
  endfacet
  facet normal 0.188458 0.947562 0.258089
    outer loop
      vertex 10.5121 13.8896 155.78
      vertex 10.4944 13.7553 156.286
      vertex 11.0154 13.7895 155.78
    endloop
  endfacet
  facet normal -0.297231 0.874946 0.38226
    outer loop
      vertex 9.07149 13.4653 156.769
      vertex 8.5567 13.4844 156.325
      vertex 8.74916 13.3558 156.769
    endloop
  endfacet
  facet normal -0.298407 0.873968 0.38358
    outer loop
      vertex 8.5567 13.4844 156.325
      vertex 9.07149 13.4653 156.769
      vertex 8.5505 13.4994 156.286
    endloop
  endfacet
  facet normal -0.297095 0.875002 0.382238
    outer loop
      vertex 9.01967 13.6587 156.286
      vertex 8.5505 13.4994 156.286
      vertex 9.07149 13.4653 156.769
    endloop
  endfacet
  facet normal -0.598733 0.119042 0.792053
    outer loop
      vertex 7.85344 10.5752 158.326
      vertex 7.58107 10.536 158.126
      vertex 7.81461 10.3799 158.326
    endloop
  endfacet
  facet normal -0.598709 0.117928 0.792238
    outer loop
      vertex 7.58107 10.536 158.126
      vertex 7.85344 10.5752 158.326
      vertex 7.45248 10.6826 158.007
    endloop
  endfacet
  facet normal 0.154763 0.778658 0.608062
    outer loop
      vertex 10.8608 13.2126 157.222
      vertex 10.3925 12.9816 157.637
      vertex 10.7784 12.9049 157.637
    endloop
  endfacet
  facet normal -0.039881 0.608857 0.792277
    outer loop
      vertex 10 12.6374 158.007
      vertex 9.70993 12.2033 158.326
      vertex 10 12.2223 158.326
    endloop
  endfacet
  facet normal 0.828754 0.408666 0.382307
    outer loop
      vertex 13.2803 11.8939 156.286
      vertex 13.1069 11.7937 156.769
      vertex 13.3144 11.3729 156.769
    endloop
  endfacet
  facet normal 0.751718 0.255282 0.608071
    outer loop
      vertex 13.0727 11.2728 157.222
      vertex 12.7784 11.1509 157.637
      vertex 12.9049 10.7784 157.637
    endloop
  endfacet
  facet normal 0.997865 0.0653113 0
    outer loop
      vertex 13.9914 10 155.262
      vertex 13.9573 10.521 155
      vertex 13.9573 10.521 155.262
    endloop
  endfacet
  facet normal 0.997865 0.0653113 0
    outer loop
      vertex 13.9573 10.521 155
      vertex 13.9914 10 155.262
      vertex 13.9914 10 155
    endloop
  endfacet
  facet normal 0.906329 -0.180173 0.382237
    outer loop
      vertex 13.7553 9.5056 156.286
      vertex 13.4653 9.07149 156.769
      vertex 13.6587 9.01967 156.286
    endloop
  endfacet
  facet normal 0.964083 0.0631802 0.257978
    outer loop
      vertex 13.9231 10 155.78
      vertex 13.7553 10.4944 156.286
      vertex 13.7877 10 156.286
    endloop
  endfacet
  facet normal 0.914847 -0.310635 0.257993
    outer loop
      vertex 13.7895 8.98462 155.78
      vertex 13.4994 8.5505 156.286
      vertex 13.6245 8.49868 155.78
    endloop
  endfacet
  facet normal 0.938828 -0.318777 0.130318
    outer loop
      vertex 13.7895 8.98462 155.78
      vertex 13.6245 8.49868 155.78
      vertex 13.8554 8.96694 155.262
    endloop
  endfacet
  facet normal 0.922092 0.0604489 0.382221
    outer loop
      vertex 13.7553 10.4944 156.286
      vertex 13.5568 10.4683 156.769
      vertex 13.5875 10 156.769
    endloop
  endfacet
  facet normal 0.864545 -0.0567587 0.49934
    outer loop
      vertex 13.3259 10 157.222
      vertex 13.2974 9.56589 157.222
      vertex 13.5568 9.53174 156.769
    endloop
  endfacet
  facet normal 0.523529 -0.596837 0.608032
    outer loop
      vertex 12.1265 7.87348 157.637
      vertex 11.8308 7.6141 157.637
      vertex 12.0247 7.3614 157.222
    endloop
  endfacet
  facet normal 0.375827 -0.329655 0.866073
    outer loop
      vertex 11.7631 8.64716 158.326
      vertex 11.4036 8.92301 158.587
      vertex 11.5714 8.42861 158.326
    endloop
  endfacet
  facet normal 0.77686 -0.383049 0.499762
    outer loop
      vertex 13.1913 8.67813 157
      vertex 13.0727 8.72724 157.222
      vertex 13.0895 8.47167 157
    endloop
  endfacet
  facet normal 0.498876 0.0326737 0.866057
    outer loop
      vertex 12.2033 10.2901 158.326
      vertex 11.7692 10 158.587
      vertex 12.2223 10 158.326
    endloop
  endfacet
  facet normal 0.473341 0.160819 0.866075
    outer loop
      vertex 12.0531 10.8504 158.326
      vertex 11.7089 10.4579 158.587
      vertex 12.1466 10.5752 158.326
    endloop
  endfacet
  facet normal 0.651552 0.571278 0.49912
    outer loop
      vertex 12.5367 12.5367 156.769
      vertex 12.3518 12.3518 157.222
      vertex 12.6386 12.0247 157.222
    endloop
  endfacet
  facet normal 0.588617 0.393232 0.706327
    outer loop
      vertex 12.6044 11.5037 157.637
      vertex 12.0924 11.6055 158.007
      vertex 12.284 11.3187 158.007
    endloop
  endfacet
  facet normal 0.329637 0.375864 0.866063
    outer loop
      vertex 11.5714 11.5714 158.326
      vertex 11.077 11.4036 158.587
      vertex 11.251 11.251 158.587
    endloop
  endfacet
  facet normal 0.253554 0.289221 0.923072
    outer loop
      vertex 11.077 11.4036 158.587
      vertex 10.7827 11.0201 158.788
      vertex 10.9092 10.9092 158.788
    endloop
  endfacet
  facet normal 0.670326 0.227546 0.706319
    outer loop
      vertex 12.7784 11.1509 157.637
      vertex 12.4366 11.0093 158.007
      vertex 12.5475 10.6826 158.007
    endloop
  endfacet
  facet normal 0.634873 0.313127 0.70632
    outer loop
      vertex 12.7784 11.1509 157.637
      vertex 12.284 11.3187 158.007
      vertex 12.4366 11.0093 158.007
    endloop
  endfacet
  facet normal 0.577792 -0.196264 0.792236
    outer loop
      vertex 12.1466 9.42483 158.326
      vertex 12.0531 9.14957 158.326
      vertex 12.5475 9.31739 158.007
    endloop
  endfacet
  facet normal 0.864583 -0.0566837 0.499282
    outer loop
      vertex 13.5875 10 156.769
      vertex 13.3259 10 157.222
      vertex 13.5568 9.53174 156.769
    endloop
  endfacet
  facet normal 0.820413 -0.278609 0.4993
    outer loop
      vertex 13.2126 9.1392 157.222
      vertex 13.0727 8.72724 157.222
      vertex 13.4653 9.07149 156.769
    endloop
  endfacet
  facet normal 0.547364 -0.269788 0.792217
    outer loop
      vertex 12.0531 9.14957 158.326
      vertex 11.9246 8.88886 158.326
      vertex 12.284 8.68131 158.007
    endloop
  endfacet
  facet normal 0.532211 -0.466782 0.706304
    outer loop
      vertex 12.3859 8.16924 157.637
      vertex 12.0924 8.39446 158.007
      vertex 12.1265 7.87348 157.637
    endloop
  endfacet
  facet normal 0.720333 -0.481186 0.49958
    outer loop
      vertex 12.8803 8.33706 157.222
      vertex 12.8683 8.08861 157
      vertex 12.9914 8.27289 157
    endloop
  endfacet
  facet normal 0.72024 -0.481248 0.499654
    outer loop
      vertex 12.8683 8.08861 157
      vertex 12.8803 8.33706 157.222
      vertex 12.6386 7.97533 157.222
    endloop
  endfacet
  facet normal 0.720233 -0.481284 0.499629
    outer loop
      vertex 12.8683 8.08861 157
      vertex 12.6386 7.97533 157.222
      vertex 12.7404 7.89721 157
    endloop
  endfacet
  facet normal 0.660078 -0.441049 0.608089
    outer loop
      vertex 12.8803 8.33706 157.222
      vertex 12.6044 8.49632 157.637
      vertex 12.6386 7.97533 157.222
    endloop
  endfacet
  facet normal 0.329596 -0.375924 0.866053
    outer loop
      vertex 11.5714 8.42861 158.326
      vertex 11.077 8.59643 158.587
      vertex 11.3528 8.23695 158.326
    endloop
  endfacet
  facet normal 0.507386 -0.339027 0.792225
    outer loop
      vertex 11.9246 8.88886 158.326
      vertex 11.7631 8.64716 158.326
      vertex 12.284 8.68131 158.007
    endloop
  endfacet
  facet normal 0.383846 0.0252683 0.923051
    outer loop
      vertex 11.754 10.2309 158.587
      vertex 11.2748 10.1678 158.788
      vertex 11.7692 10 158.587
    endloop
  endfacet
  facet normal 0.490286 0.0974093 0.866101
    outer loop
      vertex 12.2033 10.2901 158.326
      vertex 11.7089 10.4579 158.587
      vertex 11.754 10.2309 158.587
    endloop
  endfacet
  facet normal 0.608898 0.03998 0.79224
    outer loop
      vertex 12.6148 10.3442 158.007
      vertex 12.2033 10.2901 158.326
      vertex 12.6374 10 158.007
    endloop
  endfacet
  facet normal 0.694273 0.137991 0.706359
    outer loop
      vertex 12.9049 10.7784 157.637
      vertex 12.5475 10.6826 158.007
      vertex 12.9816 10.3925 157.637
    endloop
  endfacet
  facet normal 0.319874 0.213637 0.92306
    outer loop
      vertex 11.4036 11.077 158.587
      vertex 11.1135 10.6429 158.788
      vertex 11.5321 10.8846 158.587
    endloop
  endfacet
  facet normal -0.0979301 -0.0858723 0.991482
    outer loop
      vertex 9.79245 9.84074 158.991
      vertex 9.3809 9.52495 158.923
      vertex 9.4482 9.4482 158.923
    endloop
  endfacet
  facet normal 0.289221 0.253554 0.923072
    outer loop
      vertex 11.4036 11.077 158.587
      vertex 10.9092 10.9092 158.788
      vertex 11.0201 10.7827 158.788
    endloop
  endfacet
  facet normal 0.269787 0.547341 0.792233
    outer loop
      vertex 11.3187 12.284 158.007
      vertex 10.8504 12.0531 158.326
      vertex 11.1111 11.9246 158.326
    endloop
  endfacet
  facet normal 0.170532 0.194351 0.965995
    outer loop
      vertex 10.9092 10.9092 158.788
      vertex 10.4751 10.6191 158.923
      vertex 10.5518 10.5518 158.923
    endloop
  endfacet
  facet normal 0.215031 0.143607 0.965991
    outer loop
      vertex 11.1135 10.6429 158.788
      vertex 10.6191 10.4751 158.923
      vertex 10.6758 10.3902 158.923
    endloop
  endfacet
  facet normal 0.0749618 0.377302 0.923051
    outer loop
      vertex 10.2309 11.754 158.587
      vertex 10.1678 11.2748 158.788
      vertex 10.4579 11.7089 158.587
    endloop
  endfacet
  facet normal 0.0974093 0.490286 0.866101
    outer loop
      vertex 10.2901 12.2033 158.326
      vertex 10.2309 11.754 158.587
      vertex 10.4579 11.7089 158.587
    endloop
  endfacet
  facet normal 0.255282 0.751718 0.608071
    outer loop
      vertex 11.2728 13.0727 157.222
      vertex 10.7784 12.9049 157.637
      vertex 11.1509 12.7784 157.637
    endloop
  endfacet
  facet normal 0.402329 0.458744 0.792266
    outer loop
      vertex 11.6055 12.0924 158.007
      vertex 11.3528 11.7631 158.326
      vertex 11.8649 11.8649 158.007
    endloop
  endfacet
  facet normal -0.255276 0.751724 0.608067
    outer loop
      vertex 9.22164 12.9049 157.637
      vertex 8.72724 13.0727 157.222
      vertex 8.84913 12.7784 157.637
    endloop
  endfacet
  facet normal -0.196148 0.577777 0.792275
    outer loop
      vertex 9.31739 12.5475 158.007
      vertex 8.99072 12.4366 158.007
      vertex 9.14957 12.0531 158.326
    endloop
  endfacet
  facet normal 0.0326737 0.498876 0.866057
    outer loop
      vertex 10 12.2223 158.326
      vertex 10 11.7692 158.587
      vertex 10.2901 12.2033 158.326
    endloop
  endfacet
  facet normal 0.137991 0.694273 0.706359
    outer loop
      vertex 10.7784 12.9049 157.637
      vertex 10.3925 12.9816 157.637
      vertex 10.6826 12.5475 158.007
    endloop
  endfacet
  facet normal 0.513462 0.768234 0.382326
    outer loop
      vertex 12.3058 13.005 156.286
      vertex 11.8939 13.2803 156.286
      vertex 12.1839 12.8461 156.769
    endloop
  endfacet
  facet normal 0.438515 0.889199 0.130497
    outer loop
      vertex 11.5275 13.6876 155.262
      vertex 11.5013 13.6245 155.78
      vertex 11.9616 13.3975 155.78
    endloop
  endfacet
  facet normal 0.321394 0.946945 -0
    outer loop
      vertex 11.5275 13.6876 155
      vertex 11.0331 13.8554 155.262
      vertex 11.5275 13.6876 155.262
    endloop
  endfacet
  facet normal 0.321394 0.946945 0
    outer loop
      vertex 11.0331 13.8554 155.262
      vertex 11.5275 13.6876 155
      vertex 11.0331 13.8554 155
    endloop
  endfacet
  facet normal -0.108296 -0.0723625 0.991482
    outer loop
      vertex 9.77344 9.86919 158.991
      vertex 9.32419 9.60982 158.923
      vertex 9.79245 9.84074 158.991
    endloop
  endfacet
  facet normal -0.0418648 -0.123336 0.991482
    outer loop
      vertex 9.93229 9.7473 158.991
      vertex 9.70137 9.27904 158.923
      vertex 9.79803 9.24623 158.923
    endloop
  endfacet
  facet normal -0.660173 0.441028 0.608001
    outer loop
      vertex 7.3614 12.0247 157.222
      vertex 7.1197 11.6629 157.222
      vertex 7.39555 11.5037 157.637
    endloop
  endfacet
  facet normal -0.588557 0.393315 0.706332
    outer loop
      vertex 7.90762 11.6055 158.007
      vertex 7.39555 11.5037 157.637
      vertex 7.71596 11.3187 158.007
    endloop
  endfacet
  facet normal -0.820257 0.278398 0.499672
    outer loop
      vertex 6.80872 11.3219 157
      vertex 6.73473 11.1039 157
      vertex 6.92729 11.2728 157.222
    endloop
  endfacet
  facet normal -0.0328326 0.498797 0.866097
    outer loop
      vertex 10 11.7692 158.587
      vertex 9.70993 12.2033 158.326
      vertex 9.76908 11.754 158.587
    endloop
  endfacet
  facet normal -0.213629 0.319878 0.92306
    outer loop
      vertex 9.11542 11.5321 158.587
      vertex 8.92301 11.4036 158.587
      vertex 9.35712 11.1135 158.788
    endloop
  endfacet
  facet normal 0.123324 -0.0418691 0.991483
    outer loop
      vertex 10.2527 9.93229 158.991
      vertex 10.2417 9.89989 158.991
      vertex 10.721 9.70137 158.923
    endloop
  endfacet
  facet normal 0.227547 -0.670328 0.706316
    outer loop
      vertex 11.1509 7.22156 157.637
      vertex 10.7232 7.30081 157.85
      vertex 10.8455 7.11789 157.637
    endloop
  endfacet
  facet normal 0.227582 -0.670266 0.706364
    outer loop
      vertex 10.7232 7.30081 157.85
      vertex 11.1509 7.22156 157.637
      vertex 10.6826 7.45248 158.007
    endloop
  endfacet
  facet normal 0.221083 -0.448386 0.866067
    outer loop
      vertex 10.8846 8.46787 158.587
      vertex 10.677 8.36551 158.587
      vertex 10.8504 7.94688 158.326
    endloop
  endfacet
  facet normal 0.12368 -0.364223 0.923063
    outer loop
      vertex 10.492 8.81211 158.788
      vertex 10.3328 8.75805 158.788
      vertex 10.4579 8.29113 158.587
    endloop
  endfacet
  facet normal -0.116173 -0.231185 0.965949
    outer loop
      vertex 9.70137 9.27904 158.923
      vertex 9.40888 8.94552 158.808
      vertex 9.51371 8.82599 158.792
    endloop
  endfacet
  facet normal 0.0750348 -0.377252 0.923066
    outer loop
      vertex 10.4579 8.29113 158.587
      vertex 10.1678 8.72524 158.788
      vertex 10.2309 8.24598 158.587
    endloop
  endfacet
  facet normal -0.0830439 0.244918 0.965981
    outer loop
      vertex 9.66722 11.2419 158.788
      vertex 9.50796 11.1879 158.788
      vertex 9.79803 10.7538 158.923
    endloop
  endfacet
  facet normal -0.466793 0.532185 0.706317
    outer loop
      vertex 8.39446 12.0924 158.007
      vertex 7.87348 12.1265 157.637
      vertex 8.13509 11.8649 158.007
    endloop
  endfacet
  facet normal -0.490626 0.0962739 0.866035
    outer loop
      vertex 7.85344 10.5752 158.326
      vertex 7.89778 10.3244 158.379
      vertex 8.29113 10.4579 158.587
    endloop
  endfacet
  facet normal -0.488017 0.0970287 0.867424
    outer loop
      vertex 7.89778 10.3244 158.379
      vertex 7.85344 10.5752 158.326
      vertex 7.81461 10.3799 158.326
    endloop
  endfacet
  facet normal -0.383635 0.0251489 0.923142
    outer loop
      vertex 8.72524 10.1678 158.788
      vertex 8.27148 10 158.604
      vertex 8.71424 10 158.788
    endloop
  endfacet
  facet normal -0.383989 0.0263016 0.922963
    outer loop
      vertex 8.27148 10 158.604
      vertex 8.72524 10.1678 158.788
      vertex 8.26014 10.0099 158.599
    endloop
  endfacet
  facet normal -0.383738 -0.0251511 0.9231
    outer loop
      vertex 8.71424 10 158.788
      vertex 8.29715 9.97749 158.614
      vertex 8.72524 9.83217 158.788
    endloop
  endfacet
  facet normal -0.383612 -0.0273855 0.923088
    outer loop
      vertex 8.29715 9.97749 158.614
      vertex 8.71424 10 158.788
      vertex 8.27148 10 158.604
    endloop
  endfacet
  facet normal 0.108311 -0.0723604 0.99148
    outer loop
      vertex 10.6758 9.60982 158.923
      vertex 10.2076 9.84074 158.991
      vertex 10.6191 9.52495 158.923
    endloop
  endfacet
  facet normal 0.194398 -0.170492 0.965993
    outer loop
      vertex 11.0201 9.21728 158.788
      vertex 10.6191 9.52495 158.923
      vertex 10.9092 9.09083 158.788
    endloop
  endfacet
  facet normal -0.00854877 0.129967 0.991481
    outer loop
      vertex 10 10.7804 158.923
      vertex 9.89814 10.7737 158.923
      vertex 9.96585 10.2594 158.991
    endloop
  endfacet
  facet normal 0.213699 -0.319817 0.923065
    outer loop
      vertex 11.077 8.59643 158.587
      vertex 10.6429 8.8865 158.788
      vertex 10.8846 8.46787 158.587
    endloop
  endfacet
  facet normal 0.215021 -0.143614 0.965992
    outer loop
      vertex 11.1135 9.35712 158.788
      vertex 10.6191 9.52495 158.923
      vertex 11.0201 9.21728 158.788
    endloop
  endfacet
  facet normal -0.123332 -0.0418721 0.991482
    outer loop
      vertex 9.7473 9.93229 158.991
      vertex 9.27904 9.70137 158.923
      vertex 9.7583 9.89989 158.991
    endloop
  endfacet
  facet normal 0.244918 -0.0830439 0.965981
    outer loop
      vertex 11.2419 9.66722 158.788
      vertex 10.7538 9.79803 158.923
      vertex 11.1879 9.50796 158.788
    endloop
  endfacet
  facet normal 0.946945 0.321394 0
    outer loop
      vertex 13.8554 11.0331 155.262
      vertex 13.6876 11.5275 155
      vertex 13.6876 11.5275 155.262
    endloop
  endfacet
  facet normal 0.946945 0.321394 0
    outer loop
      vertex 13.6876 11.5275 155
      vertex 13.8554 11.0331 155.262
      vertex 13.8554 11.0331 155
    endloop
  endfacet
  facet normal 0.550878 0.824324 0.130473
    outer loop
      vertex 11.9957 13.4567 155.262
      vertex 11.9616 13.3975 155.78
      vertex 12.4298 13.1666 155.262
    endloop
  endfacet
  facet normal 0.438521 0.889197 0.13049
    outer loop
      vertex 11.9957 13.4567 155.262
      vertex 11.5275 13.6876 155.262
      vertex 11.9616 13.3975 155.78
    endloop
  endfacet
  facet normal 0.751936 0.659237 0
    outer loop
      vertex 13.1666 12.4298 155.262
      vertex 12.8224 12.8224 155
      vertex 12.8224 12.8224 155.262
    endloop
  endfacet
  facet normal 0.751936 0.659237 0
    outer loop
      vertex 12.8224 12.8224 155
      vertex 13.1666 12.4298 155.262
      vertex 13.1666 12.4298 155
    endloop
  endfacet
  facet normal 0.555628 0.831431 -0
    outer loop
      vertex 12.4298 13.1666 155
      vertex 11.9957 13.4567 155.262
      vertex 12.4298 13.1666 155.262
    endloop
  endfacet
  facet normal 0.555628 0.831431 0
    outer loop
      vertex 11.9957 13.4567 155.262
      vertex 12.4298 13.1666 155
      vertex 11.9957 13.4567 155
    endloop
  endfacet
  facet normal 0.803245 0.536862 0.258023
    outer loop
      vertex 13.1124 12.3883 155.78
      vertex 13.005 12.3058 156.286
      vertex 13.2803 11.8939 156.286
    endloop
  endfacet
  facet normal 0.828802 0.408619 0.382254
    outer loop
      vertex 13.4994 11.4495 156.286
      vertex 13.2803 11.8939 156.286
      vertex 13.3144 11.3729 156.769
    endloop
  endfacet
  facet normal 0.889156 -0.4385 0.130839
    outer loop
      vertex 13.6876 8.47254 155.262
      vertex 13.6141 8.36259 155.393
      vertex 13.6252 8.34601 155.262
    endloop
  endfacet
  facet normal -0.193502 0.972393 0.130419
    outer loop
      vertex 9.47901 13.9573 155.262
      vertex 8.96694 13.8554 155.262
      vertex 9.48793 13.8896 155.78
    endloop
  endfacet
  facet normal 0.168956 0.849765 0.499354
    outer loop
      vertex 10.4683 13.5568 156.769
      vertex 10.4341 13.2974 157.222
      vertex 10.9285 13.4653 156.769
    endloop
  endfacet
  facet normal 0.278585 0.820423 0.499296
    outer loop
      vertex 10.9285 13.4653 156.769
      vertex 10.8608 13.2126 157.222
      vertex 11.2728 13.0727 157.222
    endloop
  endfacet
  facet normal -0.0653126 0.997865 0
    outer loop
      vertex 10 13.9914 155
      vertex 9.47901 13.9573 155.262
      vertex 10 13.9914 155.262
    endloop
  endfacet
  facet normal -0.0653126 0.997865 0
    outer loop
      vertex 9.47901 13.9573 155.262
      vertex 10 13.9914 155
      vertex 9.47901 13.9573 155
    endloop
  endfacet
  facet normal -0.0630697 0.964063 0.258079
    outer loop
      vertex 10 13.9231 155.78
      vertex 9.48793 13.8896 155.78
      vertex 9.5056 13.7553 156.286
    endloop
  endfacet
  facet normal -0.1934 0.972427 0.130313
    outer loop
      vertex 9.48793 13.8896 155.78
      vertex 8.96694 13.8554 155.262
      vertex 8.98462 13.7895 155.78
    endloop
  endfacet
  facet normal -0.4385 0.889156 0.130839
    outer loop
      vertex 8.47254 13.6876 155.262
      vertex 8.34601 13.6252 155.262
      vertex 8.36259 13.6141 155.393
    endloop
  endfacet
  facet normal -0.408749 0.82816 0.383504
    outer loop
      vertex 8.5505 13.4994 156.286
      vertex 8.54118 13.4948 156.286
      vertex 8.5567 13.4844 156.325
    endloop
  endfacet
  facet normal -0.481186 0.720333 0.49958
    outer loop
      vertex 8.08861 12.8683 157
      vertex 8.33706 12.8803 157.222
      vertex 8.27289 12.9914 157
    endloop
  endfacet
  facet normal -0.481248 0.72024 0.499654
    outer loop
      vertex 8.33706 12.8803 157.222
      vertex 8.08861 12.8683 157
      vertex 7.97533 12.6386 157.222
    endloop
  endfacet
  facet normal -0.383065 0.776841 0.499779
    outer loop
      vertex 8.47167 13.0895 157
      vertex 8.33706 12.8803 157.222
      vertex 8.72724 13.0727 157.222
    endloop
  endfacet
  facet normal -0.38337 0.776822 0.499575
    outer loop
      vertex 8.33706 12.8803 157.222
      vertex 8.47167 13.0895 157
      vertex 8.27289 12.9914 157
    endloop
  endfacet
  facet normal -0.383049 0.77686 0.499762
    outer loop
      vertex 8.67813 13.1913 157
      vertex 8.47167 13.0895 157
      vertex 8.72724 13.0727 157.222
    endloop
  endfacet
  facet normal 0.751737 0.255262 0.608056
    outer loop
      vertex 13.0727 11.2728 157.222
      vertex 12.9049 10.7784 157.637
      vertex 13.2126 10.8608 157.222
    endloop
  endfacet
  facet normal 0.778658 0.154763 0.608062
    outer loop
      vertex 13.2126 10.8608 157.222
      vertex 12.9049 10.7784 157.637
      vertex 12.9816 10.3925 157.637
    endloop
  endfacet
  facet normal 0.777091 0.38319 0.499294
    outer loop
      vertex 13.1069 11.7937 156.769
      vertex 13.0727 11.2728 157.222
      vertex 13.3144 11.3729 156.769
    endloop
  endfacet
  facet normal 0.820423 0.278582 0.499298
    outer loop
      vertex 13.3144 11.3729 156.769
      vertex 13.0727 11.2728 157.222
      vertex 13.4653 10.9285 156.769
    endloop
  endfacet
  facet normal 0.98934 -0.0647234 0.130448
    outer loop
      vertex 13.9231 10 155.78
      vertex 13.8896 9.48793 155.78
      vertex 13.9914 10 155.262
    endloop
  endfacet
  facet normal 0.989341 0.0647196 0.130448
    outer loop
      vertex 13.9914 10 155.262
      vertex 13.8896 10.5121 155.78
      vertex 13.9231 10 155.78
    endloop
  endfacet
  facet normal 0.989342 -0.0647547 0.130417
    outer loop
      vertex 13.9914 10 155.262
      vertex 13.8896 9.48793 155.78
      vertex 13.9573 9.47901 155.262
    endloop
  endfacet
  facet normal 0.972393 -0.193502 0.130419
    outer loop
      vertex 13.8896 9.48793 155.78
      vertex 13.8554 8.96694 155.262
      vertex 13.9573 9.47901 155.262
    endloop
  endfacet
  facet normal 0.9221 -0.0604289 0.382204
    outer loop
      vertex 13.7877 10 156.286
      vertex 13.5875 10 156.769
      vertex 13.7553 9.5056 156.286
    endloop
  endfacet
  facet normal 0.922089 -0.0604539 0.382226
    outer loop
      vertex 13.5875 10 156.769
      vertex 13.5568 9.53174 156.769
      vertex 13.7553 9.5056 156.286
    endloop
  endfacet
  facet normal 0.792196 0.0520101 0.608046
    outer loop
      vertex 13.2974 10.4341 157.222
      vertex 12.9816 10.3925 157.637
      vertex 13.3259 10 157.222
    endloop
  endfacet
  facet normal 0.864542 0.0567598 0.499345
    outer loop
      vertex 13.5568 10.4683 156.769
      vertex 13.2974 10.4341 157.222
      vertex 13.3259 10 157.222
    endloop
  endfacet
  facet normal 0.160727 -0.473375 0.866073
    outer loop
      vertex 10.8504 7.94688 158.326
      vertex 10.4579 8.29113 158.587
      vertex 10.5752 7.85344 158.326
    endloop
  endfacet
  facet normal 0.117928 -0.598709 0.792238
    outer loop
      vertex 10.5752 7.85344 158.326
      vertex 10.536 7.58107 158.126
      vertex 10.6826 7.45248 158.007
    endloop
  endfacet
  facet normal 0.119042 -0.598733 0.792053
    outer loop
      vertex 10.536 7.58107 158.126
      vertex 10.5752 7.85344 158.326
      vertex 10.3799 7.81461 158.326
    endloop
  endfacet
  facet normal 0.351196 -0.71203 0.608009
    outer loop
      vertex 11.5037 7.39555 157.637
      vertex 11.2728 6.92729 157.222
      vertex 11.6629 7.1197 157.222
    endloop
  endfacet
  facet normal 0.660172 0.440989 0.608032
    outer loop
      vertex 12.6386 12.0247 157.222
      vertex 12.3859 11.8308 157.637
      vertex 12.6044 11.5037 157.637
    endloop
  endfacet
  facet normal 0.588622 0.393195 0.706344
    outer loop
      vertex 12.3859 11.8308 157.637
      vertex 12.0924 11.6055 158.007
      vertex 12.6044 11.5037 157.637
    endloop
  endfacet
  facet normal 0.466767 0.532217 0.706309
    outer loop
      vertex 12.1265 12.1265 157.637
      vertex 11.6055 12.0924 158.007
      vertex 11.8649 11.8649 158.007
    endloop
  endfacet
  facet normal 0.571278 0.651552 0.49912
    outer loop
      vertex 12.5367 12.5367 156.769
      vertex 12.0247 12.6386 157.222
      vertex 12.3518 12.3518 157.222
    endloop
  endfacet
  facet normal 0.507373 0.338956 0.792264
    outer loop
      vertex 12.0924 11.6055 158.007
      vertex 11.7631 11.3528 158.326
      vertex 12.284 11.3187 158.007
    endloop
  endfacet
  facet normal 0.458744 0.402329 0.792266
    outer loop
      vertex 11.8649 11.8649 158.007
      vertex 11.7631 11.3528 158.326
      vertex 12.0924 11.6055 158.007
    endloop
  endfacet
  facet normal 0.415682 0.277752 0.866061
    outer loop
      vertex 11.7631 11.3528 158.326
      vertex 11.4036 11.077 158.587
      vertex 11.9246 11.1111 158.326
    endloop
  endfacet
  facet normal 0.253625 0.289193 0.923061
    outer loop
      vertex 11.077 11.4036 158.587
      vertex 10.9092 10.9092 158.788
      vertex 11.251 11.251 158.587
    endloop
  endfacet
  facet normal 0.694276 -0.13802 0.706351
    outer loop
      vertex 12.9816 9.60746 157.637
      vertex 12.5475 9.31739 158.007
      vertex 12.9049 9.22164 157.637
    endloop
  endfacet
  facet normal 0.792222 0.0520747 0.608007
    outer loop
      vertex 13.3259 10 157.222
      vertex 12.9816 10.3925 157.637
      vertex 13.0074 10 157.637
    endloop
  endfacet
  facet normal 0.792222 -0.0520694 0.608007
    outer loop
      vertex 13.0074 10 157.637
      vertex 12.9816 9.60746 157.637
      vertex 13.3259 10 157.222
    endloop
  endfacet
  facet normal 0.694297 -0.138096 0.706315
    outer loop
      vertex 12.6148 9.65575 158.007
      vertex 12.5475 9.31739 158.007
      vertex 12.9816 9.60746 157.637
    endloop
  endfacet
  facet normal 0.706369 -0.0464267 0.706319
    outer loop
      vertex 13.0074 10 157.637
      vertex 12.6148 9.65575 158.007
      vertex 12.9816 9.60746 157.637
    endloop
  endfacet
  facet normal 0.751719 -0.255281 0.608071
    outer loop
      vertex 13.2126 9.1392 157.222
      vertex 12.9049 9.22164 157.637
      vertex 13.0727 8.72724 157.222
    endloop
  endfacet
  facet normal 0.651355 -0.57114 0.499536
    outer loop
      vertex 12.3518 7.64825 157.222
      vertex 12.5886 7.72414 157
      vertex 12.6386 7.97533 157.222
    endloop
  endfacet
  facet normal 0.651373 -0.571085 0.499574
    outer loop
      vertex 12.5886 7.72414 157
      vertex 12.3518 7.64825 157.222
      vertex 12.4425 7.5575 157
    endloop
  endfacet
  facet normal 0.596893 -0.523385 0.608101
    outer loop
      vertex 12.6386 7.97533 157.222
      vertex 12.1265 7.87348 157.637
      vertex 12.3518 7.64825 157.222
    endloop
  endfacet
  facet normal 0.577777 -0.196148 0.792275
    outer loop
      vertex 12.5475 9.31739 158.007
      vertex 12.0531 9.14957 158.326
      vertex 12.4366 8.99072 158.007
    endloop
  endfacet
  facet normal 0.415686 -0.277614 0.866104
    outer loop
      vertex 11.5321 9.11542 158.587
      vertex 11.4036 8.92301 158.587
      vertex 11.9246 8.88886 158.326
    endloop
  endfacet
  facet normal 0.244866 0.0831431 0.965985
    outer loop
      vertex 11.1879 10.492 158.788
      vertex 10.721 10.2986 158.923
      vertex 10.7538 10.202 158.923
    endloop
  endfacet
  facet normal 0.36421 0.123538 0.923087
    outer loop
      vertex 11.7089 10.4579 158.587
      vertex 11.1879 10.492 158.788
      vertex 11.2419 10.3328 158.788
    endloop
  endfacet
  facet normal 0.383816 -0.0251562 0.923067
    outer loop
      vertex 11.2858 10 158.788
      vertex 11.2748 9.83217 158.788
      vertex 11.7692 10 158.587
    endloop
  endfacet
  facet normal 0.383816 0.0251607 0.923067
    outer loop
      vertex 11.7692 10 158.587
      vertex 11.2748 10.1678 158.788
      vertex 11.2858 10 158.788
    endloop
  endfacet
  facet normal 0.598499 0.119028 0.792232
    outer loop
      vertex 12.5475 10.6826 158.007
      vertex 12.2033 10.2901 158.326
      vertex 12.6148 10.3442 158.007
    endloop
  endfacet
  facet normal 0.694298 0.13808 0.706318
    outer loop
      vertex 12.9816 10.3925 157.637
      vertex 12.5475 10.6826 158.007
      vertex 12.6148 10.3442 158.007
    endloop
  endfacet
  facet normal 0.231881 0.114422 0.965991
    outer loop
      vertex 11.1135 10.6429 158.788
      vertex 10.6758 10.3902 158.923
      vertex 10.721 10.2986 158.923
    endloop
  endfacet
  facet normal 0.170467 -0.194464 0.965984
    outer loop
      vertex 10.9092 9.09083 158.788
      vertex 10.4751 9.3809 158.923
      vertex 10.7827 8.97994 158.788
    endloop
  endfacet
  facet normal -0.00852497 -0.129968 0.991482
    outer loop
      vertex 10 9.73839 158.991
      vertex 9.96585 9.74063 158.991
      vertex 10 9.21964 158.923
    endloop
  endfacet
  facet normal 0.170467 0.194446 0.965988
    outer loop
      vertex 10.7827 11.0201 158.788
      vertex 10.4751 10.6191 158.923
      vertex 10.9092 10.9092 158.788
    endloop
  endfacet
  facet normal 0.194351 0.170532 0.965995
    outer loop
      vertex 10.9092 10.9092 158.788
      vertex 10.5518 10.5518 158.923
      vertex 10.6191 10.4751 158.923
    endloop
  endfacet
  facet normal 0.123676 0.364211 0.923068
    outer loop
      vertex 10.677 11.6345 158.587
      vertex 10.4579 11.7089 158.587
      vertex 10.492 11.1879 158.788
    endloop
  endfacet
  facet normal 0.083073 0.244912 0.96598
    outer loop
      vertex 10.3328 11.2419 158.788
      vertex 10.202 10.7538 158.923
      vertex 10.492 11.1879 158.788
    endloop
  endfacet
  facet normal 0.0254708 0.127734 0.991481
    outer loop
      vertex 10.1019 10.7737 158.923
      vertex 10.0341 10.2594 158.991
      vertex 10.0677 10.2527 158.991
    endloop
  endfacet
  facet normal 0.160819 0.473341 0.866075
    outer loop
      vertex 10.5752 12.1466 158.326
      vertex 10.4579 11.7089 158.587
      vertex 10.8504 12.0531 158.326
    endloop
  endfacet
  facet normal 0.119028 0.598499 0.792232
    outer loop
      vertex 10.6826 12.5475 158.007
      vertex 10.2901 12.2033 158.326
      vertex 10.5752 12.1466 158.326
    endloop
  endfacet
  facet normal -0.0830973 0.244884 0.965985
    outer loop
      vertex 9.79803 10.7538 158.923
      vertex 9.50796 11.1879 158.788
      vertex 9.70137 10.721 158.923
    endloop
  endfacet
  facet normal 0.0251607 0.383816 0.923067
    outer loop
      vertex 10 11.7692 158.587
      vertex 10 11.2858 158.788
      vertex 10.1678 11.2748 158.788
    endloop
  endfacet
  facet normal 0.440989 0.660172 0.608032
    outer loop
      vertex 12.0247 12.6386 157.222
      vertex 11.5037 12.6044 157.637
      vertex 11.8308 12.3859 157.637
    endloop
  endfacet
  facet normal 0.313127 0.634873 0.70632
    outer loop
      vertex 11.1509 12.7784 157.637
      vertex 11.0093 12.4366 158.007
      vertex 11.3187 12.284 158.007
    endloop
  endfacet
  facet normal -0.160789 0.473355 0.866073
    outer loop
      vertex 9.42483 12.1466 158.326
      vertex 9.14957 12.0531 158.326
      vertex 9.54211 11.7089 158.587
    endloop
  endfacet
  facet normal -0.269892 0.54723 0.792273
    outer loop
      vertex 8.99072 12.4366 158.007
      vertex 8.68131 12.284 158.007
      vertex 9.14957 12.0531 158.326
    endloop
  endfacet
  facet normal -0.0567587 0.864545 0.49934
    outer loop
      vertex 10 13.3259 157.222
      vertex 9.53174 13.5568 156.769
      vertex 9.56589 13.2974 157.222
    endloop
  endfacet
  facet normal -0.255281 0.751719 0.608071
    outer loop
      vertex 9.1392 13.2126 157.222
      vertex 8.72724 13.0727 157.222
      vertex 9.22164 12.9049 157.637
    endloop
  endfacet
  facet normal 0.255262 0.751737 0.608056
    outer loop
      vertex 10.8608 13.2126 157.222
      vertex 10.7784 12.9049 157.637
      vertex 11.2728 13.0727 157.222
    endloop
  endfacet
  facet normal 0.227617 0.670254 0.706364
    outer loop
      vertex 10.7784 12.9049 157.637
      vertex 10.6826 12.5475 158.007
      vertex 11.1509 12.7784 157.637
    endloop
  endfacet
  facet normal 0.0653113 0.997865 -0
    outer loop
      vertex 10.521 13.9573 155
      vertex 10 13.9914 155.262
      vertex 10.521 13.9573 155.262
    endloop
  endfacet
  facet normal 0.0653113 0.997865 0
    outer loop
      vertex 10 13.9914 155.262
      vertex 10.521 13.9573 155
      vertex 10 13.9914 155
    endloop
  endfacet
  facet normal -0.116816 0.057609 0.991481
    outer loop
      vertex 9.77344 10.1308 158.991
      vertex 9.27904 10.2986 158.923
      vertex 9.7583 10.1001 158.991
    endloop
  endfacet
  facet normal -0.244854 0.0831458 0.965988
    outer loop
      vertex 8.81211 10.492 158.788
      vertex 8.75805 10.3328 158.788
      vertex 9.24623 10.202 158.923
    endloop
  endfacet
  facet normal -0.720216 0.481212 0.499724
    outer loop
      vertex 7.1197 11.6629 157.222
      vertex 7.1317 11.9114 157
      vertex 7.00856 11.7271 157
    endloop
  endfacet
  facet normal -0.720271 0.481176 0.49968
    outer loop
      vertex 7.1317 11.9114 157
      vertex 7.1197 11.6629 157.222
      vertex 7.3614 12.0247 157.222
    endloop
  endfacet
  facet normal -0.523487 0.596864 0.608041
    outer loop
      vertex 7.97533 12.6386 157.222
      vertex 7.87348 12.1265 157.637
      vertex 8.16924 12.3859 157.637
    endloop
  endfacet
  facet normal -0.523385 0.596893 0.608101
    outer loop
      vertex 7.97533 12.6386 157.222
      vertex 7.64825 12.3518 157.222
      vertex 7.87348 12.1265 157.637
    endloop
  endfacet
  facet normal -0.596867 0.523422 0.608095
    outer loop
      vertex 7.64825 12.3518 157.222
      vertex 7.3614 12.0247 157.222
      vertex 7.87348 12.1265 157.637
    endloop
  endfacet
  facet normal -0.776891 0.383053 0.49971
    outer loop
      vertex 6.91054 11.5283 157
      vertex 7.1197 11.6629 157.222
      vertex 7.00856 11.7271 157
    endloop
  endfacet
  facet normal -0.776883 0.383184 0.499623
    outer loop
      vertex 7.1197 11.6629 157.222
      vertex 6.91054 11.5283 157
      vertex 6.92729 11.2728 157.222
    endloop
  endfacet
  facet normal -0.114392 0.23192 0.965985
    outer loop
      vertex 9.50796 11.1879 158.788
      vertex 9.35712 11.1135 158.788
      vertex 9.70137 10.721 158.923
    endloop
  endfacet
  facet normal -0.11447 0.231853 0.965992
    outer loop
      vertex 9.70137 10.721 158.923
      vertex 9.35712 11.1135 158.788
      vertex 9.60982 10.6758 158.923
    endloop
  endfacet
  facet normal 0.0750179 -0.377262 0.923063
    outer loop
      vertex 10.3328 8.75805 158.788
      vertex 10.1678 8.72524 158.788
      vertex 10.4579 8.29113 158.587
    endloop
  endfacet
  facet normal -0.016912 -0.25803 0.965989
    outer loop
      vertex 10 9.21964 158.923
      vertex 9.83217 8.72524 158.788
      vertex 10 8.71424 158.788
    endloop
  endfacet
  facet normal 0.116859 -0.0574778 0.991484
    outer loop
      vertex 10.2417 9.89989 158.991
      vertex 10.2266 9.86919 158.991
      vertex 10.721 9.70137 158.923
    endloop
  endfacet
  facet normal -0.0253891 -0.127745 0.991482
    outer loop
      vertex 9.93229 9.7473 158.991
      vertex 9.89814 9.22631 158.923
      vertex 9.96585 9.74063 158.991
    endloop
  endfacet
  facet normal -0.12774 0.0254204 0.991482
    outer loop
      vertex 9.24623 10.202 158.923
      vertex 9.22631 10.1019 158.923
      vertex 9.7473 10.0677 158.991
    endloop
  endfacet
  facet normal -0.127744 0.0253588 0.991483
    outer loop
      vertex 9.7473 10.0677 158.991
      vertex 9.22631 10.1019 158.923
      vertex 9.74063 10.0341 158.991
    endloop
  endfacet
  facet normal -0.0576094 -0.116814 0.991482
    outer loop
      vertex 9.86919 9.77344 158.991
      vertex 9.60982 9.32419 158.923
      vertex 9.70137 9.27904 158.923
    endloop
  endfacet
  facet normal 0.0859108 0.0979102 0.99148
    outer loop
      vertex 10.4751 10.6191 158.923
      vertex 10.1593 10.2076 158.991
      vertex 10.5518 10.5518 158.923
    endloop
  endfacet
  facet normal 0.0860055 0.0978027 0.991483
    outer loop
      vertex 10.5518 10.5518 158.923
      vertex 10.1593 10.2076 158.991
      vertex 10.185 10.185 158.991
    endloop
  endfacet
  facet normal -0.231185 -0.116173 0.965949
    outer loop
      vertex 9.27904 9.70137 158.923
      vertex 8.82599 9.51371 158.792
      vertex 8.94552 9.40888 158.808
    endloop
  endfacet
  facet normal -0.231828 -0.114331 0.966015
    outer loop
      vertex 9.27904 9.70137 158.923
      vertex 8.95768 9.39822 158.81
      vertex 9.32419 9.60982 158.923
    endloop
  endfacet
  facet normal -0.245534 -0.0991637 0.964303
    outer loop
      vertex 8.95768 9.39822 158.81
      vertex 9.27904 9.70137 158.923
      vertex 8.94552 9.40888 158.808
    endloop
  endfacet
  facet normal 0.016915 -0.25803 0.965989
    outer loop
      vertex 10 9.21964 158.923
      vertex 10 8.71424 158.788
      vertex 10.1678 8.72524 158.788
    endloop
  endfacet
  facet normal 0.0326228 -0.497542 0.866826
    outer loop
      vertex 10.2309 8.24598 158.587
      vertex 10.0337 8.23305 158.587
      vertex 10.2678 7.96616 158.425
    endloop
  endfacet
  facet normal 0.269861 -0.547222 0.79229
    outer loop
      vertex 11.3187 7.71596 158.007
      vertex 10.8504 7.94688 158.326
      vertex 11.0093 7.56338 158.007
    endloop
  endfacet
  facet normal -0.71203 0.351196 0.608009
    outer loop
      vertex 7.1197 11.6629 157.222
      vertex 6.92729 11.2728 157.222
      vertex 7.39555 11.5037 157.637
    endloop
  endfacet
  facet normal -0.821592 0.275233 0.499232
    outer loop
      vertex 6.8443 11.0283 157.222
      vertex 6.73473 11.1039 157
      vertex 6.73406 11.1019 157
    endloop
  endfacet
  facet normal -0.820259 0.278418 0.499659
    outer loop
      vertex 6.73473 11.1039 157
      vertex 6.8443 11.0283 157.222
      vertex 6.92729 11.2728 157.222
    endloop
  endfacet
  facet normal -0.339027 0.507386 0.792225
    outer loop
      vertex 8.68131 12.284 158.007
      vertex 8.64716 11.7631 158.326
      vertex 8.88886 11.9246 158.326
    endloop
  endfacet
  facet normal -0.532134 0.466774 0.706368
    outer loop
      vertex 7.87348 12.1265 157.637
      vertex 7.6141 11.8308 157.637
      vertex 7.90762 11.6055 158.007
    endloop
  endfacet
  facet normal 0.0251489 -0.383635 0.923142
    outer loop
      vertex 10 8.27148 158.604
      vertex 10.1678 8.72524 158.788
      vertex 10 8.71424 158.788
    endloop
  endfacet
  facet normal 0.0263016 -0.383989 0.922963
    outer loop
      vertex 10.1678 8.72524 158.788
      vertex 10 8.27148 158.604
      vertex 10.0099 8.26014 158.599
    endloop
  endfacet
  facet normal 0.0831609 -0.244844 0.965989
    outer loop
      vertex 10.2986 9.27904 158.923
      vertex 10.202 9.24623 158.923
      vertex 10.492 8.81211 158.788
    endloop
  endfacet
  facet normal 0.0859231 -0.0978822 0.991482
    outer loop
      vertex 10.185 9.81501 158.991
      vertex 10.1593 9.79245 158.991
      vertex 10.5518 9.4482 158.923
    endloop
  endfacet
  facet normal 0.00854534 0.129966 0.991482
    outer loop
      vertex 10.1019 10.7737 158.923
      vertex 10 10.7804 158.923
      vertex 10.0341 10.2594 158.991
    endloop
  endfacet
  facet normal 0.344963 -0.170149 0.923066
    outer loop
      vertex 11.1879 9.50796 158.788
      vertex 11.1135 9.35712 158.788
      vertex 11.6345 9.32297 158.587
    endloop
  endfacet
  facet normal 0.23192 -0.114392 0.965985
    outer loop
      vertex 11.1879 9.50796 158.788
      vertex 10.721 9.70137 158.923
      vertex 11.1135 9.35712 158.788
    endloop
  endfacet
  facet normal 0.253613 -0.289198 0.923063
    outer loop
      vertex 11.251 8.74902 158.587
      vertex 10.9092 9.09083 158.788
      vertex 11.077 8.59643 158.587
    endloop
  endfacet
  facet normal 0.289182 -0.25363 0.923063
    outer loop
      vertex 11.4036 8.92301 158.587
      vertex 10.9092 9.09083 158.788
      vertex 11.251 8.74902 158.587
    endloop
  endfacet
  facet normal 0.194417 -0.170479 0.965991
    outer loop
      vertex 10.6191 9.52495 158.923
      vertex 10.5518 9.4482 158.923
      vertex 10.9092 9.09083 158.788
    endloop
  endfacet
  facet normal 0.127742 -0.0253927 0.991482
    outer loop
      vertex 10.7737 9.89814 158.923
      vertex 10.2527 9.93229 158.991
      vertex 10.7538 9.79803 158.923
    endloop
  endfacet
  facet normal 0.253609 -0.0504126 0.965992
    outer loop
      vertex 10.7737 9.89814 158.923
      vertex 10.7538 9.79803 158.923
      vertex 11.2748 9.83217 158.788
    endloop
  endfacet
  facet normal 0.914842 0.310659 0.257982
    outer loop
      vertex 13.6245 11.5013 155.78
      vertex 13.4994 11.4495 156.286
      vertex 13.7895 11.0154 155.78
    endloop
  endfacet
  facet normal 0.938819 0.3188 0.13033
    outer loop
      vertex 13.8554 11.0331 155.262
      vertex 13.6245 11.5013 155.78
      vertex 13.7895 11.0154 155.78
    endloop
  endfacet
  facet normal 0.896866 0.442303 0
    outer loop
      vertex 13.6876 11.5275 155.262
      vertex 13.4567 11.9957 155
      vertex 13.4567 11.9957 155.262
    endloop
  endfacet
  facet normal 0.896866 0.442303 0
    outer loop
      vertex 13.4567 11.9957 155
      vertex 13.6876 11.5275 155.262
      vertex 13.6876 11.5275 155
    endloop
  endfacet
  facet normal 0.831431 0.555628 0
    outer loop
      vertex 13.4567 11.9957 155.262
      vertex 13.1666 12.4298 155
      vertex 13.1666 12.4298 155.262
    endloop
  endfacet
  facet normal 0.831431 0.555628 0
    outer loop
      vertex 13.1666 12.4298 155
      vertex 13.4567 11.9957 155.262
      vertex 13.4567 11.9957 155
    endloop
  endfacet
  facet normal 0.536762 0.803355 0.257889
    outer loop
      vertex 11.9616 13.3975 155.78
      vertex 11.8939 13.2803 156.286
      vertex 12.3883 13.1124 155.78
    endloop
  endfacet
  facet normal 0.536862 0.803245 0.258023
    outer loop
      vertex 12.3883 13.1124 155.78
      vertex 11.8939 13.2803 156.286
      vertex 12.3058 13.005 156.286
    endloop
  endfacet
  facet normal 0.803355 0.536762 0.257889
    outer loop
      vertex 13.3975 11.9616 155.78
      vertex 13.1124 12.3883 155.78
      vertex 13.2803 11.8939 156.286
    endloop
  endfacet
  facet normal 0.768234 0.513462 0.382326
    outer loop
      vertex 13.005 12.3058 156.286
      vertex 12.8461 12.1839 156.769
      vertex 13.2803 11.8939 156.286
    endloop
  endfacet
  facet normal 0.896866 -0.442302 0
    outer loop
      vertex 13.6252 8.34601 155.262
      vertex 13.6876 8.47254 155
      vertex 13.6876 8.47254 155.262
    endloop
  endfacet
  facet normal 0.896866 -0.442302 0
    outer loop
      vertex 13.6876 8.47254 155
      vertex 13.6252 8.34601 155.262
      vertex 13.6252 8.34601 155
    endloop
  endfacet
  facet normal -0.310635 0.914847 0.257993
    outer loop
      vertex 8.98462 13.7895 155.78
      vertex 8.49868 13.6245 155.78
      vertex 8.5505 13.4994 156.286
    endloop
  endfacet
  facet normal -0.442302 0.896866 0
    outer loop
      vertex 8.47254 13.6876 155
      vertex 8.34601 13.6252 155.262
      vertex 8.47254 13.6876 155.262
    endloop
  endfacet
  facet normal -0.442302 0.896866 0
    outer loop
      vertex 8.34601 13.6252 155.262
      vertex 8.47254 13.6876 155
      vertex 8.34601 13.6252 155
    endloop
  endfacet
  facet normal 0.3188 0.938819 0.13033
    outer loop
      vertex 11.0331 13.8554 155.262
      vertex 11.0154 13.7895 155.78
      vertex 11.5013 13.6245 155.78
    endloop
  endfacet
  facet normal 0.427233 0.866556 0.257978
    outer loop
      vertex 11.5013 13.6245 155.78
      vertex 11.4495 13.4994 156.286
      vertex 11.8939 13.2803 156.286
    endloop
  endfacet
  facet normal -0.0647234 0.98934 0.130448
    outer loop
      vertex 10 13.9914 155.262
      vertex 9.48793 13.8896 155.78
      vertex 10 13.9231 155.78
    endloop
  endfacet
  facet normal -0.16894 0.849776 0.49934
    outer loop
      vertex 9.53174 13.5568 156.769
      vertex 9.07149 13.4653 156.769
      vertex 9.56589 13.2974 157.222
    endloop
  endfacet
  facet normal -0.0566837 0.864583 0.499282
    outer loop
      vertex 10 13.5875 156.769
      vertex 9.53174 13.5568 156.769
      vertex 10 13.3259 157.222
    endloop
  endfacet
  facet normal -0.180183 0.906331 0.382229
    outer loop
      vertex 9.5056 13.7553 156.286
      vertex 9.07149 13.4653 156.769
      vertex 9.53174 13.5568 156.769
    endloop
  endfacet
  facet normal -0.310624 0.914848 0.258003
    outer loop
      vertex 8.98462 13.7895 155.78
      vertex 8.5505 13.4994 156.286
      vertex 9.01967 13.6587 156.286
    endloop
  endfacet
  facet normal -0.427567 0.866289 0.258321
    outer loop
      vertex 8.5505 13.4994 156.286
      vertex 8.43311 13.567 155.865
      vertex 8.54118 13.4948 156.286
    endloop
  endfacet
  facet normal -0.425968 0.867167 0.258016
    outer loop
      vertex 8.43311 13.567 155.865
      vertex 8.5505 13.4994 156.286
      vertex 8.49868 13.6245 155.78
    endloop
  endfacet
  facet normal -0.427279 0.86688 0.256811
    outer loop
      vertex 8.49868 13.6245 155.78
      vertex 8.41144 13.5815 155.78
      vertex 8.43311 13.567 155.865
    endloop
  endfacet
  facet normal -0.651239 0.571222 0.499593
    outer loop
      vertex 7.41137 12.2759 157
      vertex 7.64825 12.3518 157.222
      vertex 7.5575 12.4425 157
    endloop
  endfacet
  facet normal -0.65127 0.57113 0.499658
    outer loop
      vertex 7.64825 12.3518 157.222
      vertex 7.41137 12.2759 157
      vertex 7.3614 12.0247 157.222
    endloop
  endfacet
  facet normal -0.751545 0.255831 0.608055
    outer loop
      vertex 7.05897 10.8848 157.548
      vertex 7.22156 11.1509 157.637
      vertex 6.92729 11.2728 157.222
    endloop
  endfacet
  facet normal -0.750705 0.254832 0.60951
    outer loop
      vertex 7.22156 11.1509 157.637
      vertex 7.05897 10.8848 157.548
      vertex 7.11789 10.8455 157.637
    endloop
  endfacet
  facet normal 0.849812 0.168887 0.499296
    outer loop
      vertex 13.4653 10.9285 156.769
      vertex 13.2126 10.8608 157.222
      vertex 13.2974 10.4341 157.222
    endloop
  endfacet
  facet normal 0.77867 0.154748 0.608052
    outer loop
      vertex 13.2126 10.8608 157.222
      vertex 12.9816 10.3925 157.637
      vertex 13.2974 10.4341 157.222
    endloop
  endfacet
  facet normal 0.143628 -0.215024 0.96599
    outer loop
      vertex 10.4751 9.3809 158.923
      vertex 10.3902 9.32419 158.923
      vertex 10.6429 8.8865 158.788
    endloop
  endfacet
  facet normal 0.313099 -0.634873 0.706332
    outer loop
      vertex 11.3187 7.71596 158.007
      vertex 11.1509 7.22156 157.637
      vertex 11.5037 7.39555 157.637
    endloop
  endfacet
  facet normal 0.254832 -0.750705 0.60951
    outer loop
      vertex 10.8848 7.05897 157.548
      vertex 11.1509 7.22156 157.637
      vertex 10.8455 7.11789 157.637
    endloop
  endfacet
  facet normal 0.255831 -0.751545 0.608055
    outer loop
      vertex 11.1509 7.22156 157.637
      vertex 10.8848 7.05897 157.548
      vertex 11.2728 6.92729 157.222
    endloop
  endfacet
  facet normal 0.338974 -0.507307 0.792298
    outer loop
      vertex 11.3528 8.23695 158.326
      vertex 11.1111 8.07545 158.326
      vertex 11.3187 7.71596 158.007
    endloop
  endfacet
  facet normal 0.351151 -0.71203 0.608035
    outer loop
      vertex 11.5037 7.39555 157.637
      vertex 11.1509 7.22156 157.637
      vertex 11.2728 6.92729 157.222
    endloop
  endfacet
  facet normal 0.393315 -0.588557 0.706332
    outer loop
      vertex 11.6055 7.90762 158.007
      vertex 11.3187 7.71596 158.007
      vertex 11.5037 7.39555 157.637
    endloop
  endfacet
  facet normal 0.278398 -0.820257 0.499672
    outer loop
      vertex 11.2728 6.92729 157.222
      vertex 11.1039 6.73473 157
      vertex 11.3219 6.80872 157
    endloop
  endfacet
  facet normal 0.523339 0.596877 0.608156
    outer loop
      vertex 12.3518 12.3518 157.222
      vertex 12.0247 12.6386 157.222
      vertex 12.1265 12.1265 157.637
    endloop
  endfacet
  facet normal 0.596877 0.523339 0.608156
    outer loop
      vertex 12.3518 12.3518 157.222
      vertex 12.1265 12.1265 157.637
      vertex 12.6386 12.0247 157.222
    endloop
  endfacet
  facet normal 0.481284 0.720433 0.499342
    outer loop
      vertex 11.7937 13.1069 156.769
      vertex 11.6629 12.8803 157.222
      vertex 12.0247 12.6386 157.222
    endloop
  endfacet
  facet normal 0.383239 0.777034 0.499346
    outer loop
      vertex 11.7937 13.1069 156.769
      vertex 11.2728 13.0727 157.222
      vertex 11.6629 12.8803 157.222
    endloop
  endfacet
  facet normal 0.490308 0.0975114 0.866077
    outer loop
      vertex 12.1466 10.5752 158.326
      vertex 11.7089 10.4579 158.587
      vertex 12.2033 10.2901 158.326
    endloop
  endfacet
  facet normal 0.598499 0.119028 0.792232
    outer loop
      vertex 12.5475 10.6826 158.007
      vertex 12.1466 10.5752 158.326
      vertex 12.2033 10.2901 158.326
    endloop
  endfacet
  facet normal 0.577791 0.196306 0.792225
    outer loop
      vertex 12.5475 10.6826 158.007
      vertex 12.0531 10.8504 158.326
      vertex 12.1466 10.5752 158.326
    endloop
  endfacet
  facet normal 0.344984 0.170091 0.923068
    outer loop
      vertex 11.6345 10.677 158.587
      vertex 11.1135 10.6429 158.788
      vertex 11.1879 10.492 158.788
    endloop
  endfacet
  facet normal 0.507402 -0.338916 0.792262
    outer loop
      vertex 12.284 8.68131 158.007
      vertex 11.7631 8.64716 158.326
      vertex 12.0924 8.39446 158.007
    endloop
  endfacet
  facet normal 0.588652 -0.393187 0.706324
    outer loop
      vertex 12.284 8.68131 158.007
      vertex 12.0924 8.39446 158.007
      vertex 12.6044 8.49632 157.637
    endloop
  endfacet
  facet normal 0.706346 -0.0463716 0.706346
    outer loop
      vertex 12.6374 10 158.007
      vertex 12.6148 9.65575 158.007
      vertex 13.0074 10 157.637
    endloop
  endfacet
  facet normal 0.608894 -0.0399739 0.792244
    outer loop
      vertex 12.6374 10 158.007
      vertex 12.2033 9.70993 158.326
      vertex 12.6148 9.65575 158.007
    endloop
  endfacet
  facet normal 0.778645 -0.154792 0.608072
    outer loop
      vertex 12.9816 9.60746 157.637
      vertex 12.9049 9.22164 157.637
      vertex 13.2126 9.1392 157.222
    endloop
  endfacet
  facet normal 0.670271 -0.227616 0.706349
    outer loop
      vertex 12.9049 9.22164 157.637
      vertex 12.5475 9.31739 158.007
      vertex 12.7784 8.84913 157.637
    endloop
  endfacet
  facet normal 0.523422 -0.596867 0.608095
    outer loop
      vertex 12.1265 7.87348 157.637
      vertex 12.0247 7.3614 157.222
      vertex 12.3518 7.64825 157.222
    endloop
  endfacet
  facet normal 0.57113 -0.65127 0.499658
    outer loop
      vertex 12.2759 7.41137 157
      vertex 12.3518 7.64825 157.222
      vertex 12.0247 7.3614 157.222
    endloop
  endfacet
  facet normal 0.571222 -0.651239 0.499593
    outer loop
      vertex 12.3518 7.64825 157.222
      vertex 12.2759 7.41137 157
      vertex 12.4425 7.5575 157
    endloop
  endfacet
  facet normal 0.364211 0.123676 0.923068
    outer loop
      vertex 11.6345 10.677 158.587
      vertex 11.1879 10.492 158.788
      vertex 11.7089 10.4579 158.587
    endloop
  endfacet
  facet normal 0.377159 0.0752032 0.92309
    outer loop
      vertex 11.7089 10.4579 158.587
      vertex 11.2419 10.3328 158.788
      vertex 11.2748 10.1678 158.788
    endloop
  endfacet
  facet normal 0.0504709 -0.253621 0.965986
    outer loop
      vertex 10.202 9.24623 158.923
      vertex 10.1019 9.22631 158.923
      vertex 10.1678 8.72524 158.788
    endloop
  endfacet
  facet normal -0.108346 0.0722686 0.991483
    outer loop
      vertex 9.79245 10.1593 158.991
      vertex 9.32419 10.3902 158.923
      vertex 9.77344 10.1308 158.991
    endloop
  endfacet
  facet normal -0.116814 -0.0576094 0.991482
    outer loop
      vertex 9.77344 9.86919 158.991
      vertex 9.27904 9.70137 158.923
      vertex 9.32419 9.60982 158.923
    endloop
  endfacet
  facet normal -0.0255013 0.127735 0.99148
    outer loop
      vertex 9.96585 10.2594 158.991
      vertex 9.89814 10.7737 158.923
      vertex 9.93229 10.2527 158.991
    endloop
  endfacet
  facet normal 0.319824 0.213674 0.923069
    outer loop
      vertex 11.4036 11.077 158.587
      vertex 11.0201 10.7827 158.788
      vertex 11.1135 10.6429 158.788
    endloop
  endfacet
  facet normal 0.194446 0.170467 0.965988
    outer loop
      vertex 10.9092 10.9092 158.788
      vertex 10.6191 10.4751 158.923
      vertex 11.0201 10.7827 158.788
    endloop
  endfacet
  facet normal 0.0723455 -0.108308 0.991482
    outer loop
      vertex 10.4751 9.3809 158.923
      vertex 10.1593 9.79245 158.991
      vertex 10.3902 9.32419 158.923
    endloop
  endfacet
  facet normal 0.123538 0.36421 0.923087
    outer loop
      vertex 10.4579 11.7089 158.587
      vertex 10.3328 11.2419 158.788
      vertex 10.492 11.1879 158.788
    endloop
  endfacet
  facet normal 0.0752032 0.377159 0.92309
    outer loop
      vertex 10.4579 11.7089 158.587
      vertex 10.1678 11.2748 158.788
      vertex 10.3328 11.2419 158.788
    endloop
  endfacet
  facet normal 0.143651 0.215016 0.965988
    outer loop
      vertex 10.6429 11.1135 158.788
      vertex 10.4751 10.6191 158.923
      vertex 10.7827 11.0201 158.788
    endloop
  endfacet
  facet normal 0.221164 0.448375 0.866052
    outer loop
      vertex 10.8504 12.0531 158.326
      vertex 10.677 11.6345 158.587
      vertex 10.8846 11.5321 158.587
    endloop
  endfacet
  facet normal 0.160753 0.473401 0.866054
    outer loop
      vertex 10.8504 12.0531 158.326
      vertex 10.4579 11.7089 158.587
      vertex 10.677 11.6345 158.587
    endloop
  endfacet
  facet normal -0.050585 0.253617 0.965981
    outer loop
      vertex 9.83217 11.2748 158.788
      vertex 9.66722 11.2419 158.788
      vertex 9.79803 10.7538 158.923
    endloop
  endfacet
  facet normal -0.0504126 0.253609 0.965992
    outer loop
      vertex 9.83217 11.2748 158.788
      vertex 9.79803 10.7538 158.923
      vertex 9.89814 10.7737 158.923
    endloop
  endfacet
  facet normal 0.22101 0.448383 0.866088
    outer loop
      vertex 11.1111 11.9246 158.326
      vertex 10.8504 12.0531 158.326
      vertex 10.8846 11.5321 158.587
    endloop
  endfacet
  facet normal 0.277752 0.415682 0.866061
    outer loop
      vertex 11.1111 11.9246 158.326
      vertex 11.077 11.4036 158.587
      vertex 11.3528 11.7631 158.326
    endloop
  endfacet
  facet normal 0.03998 0.608898 0.79224
    outer loop
      vertex 10.3442 12.6148 158.007
      vertex 10 12.6374 158.007
      vertex 10.2901 12.2033 158.326
    endloop
  endfacet
  facet normal 0.0975114 0.490308 0.866077
    outer loop
      vertex 10.5752 12.1466 158.326
      vertex 10.2901 12.2033 158.326
      vertex 10.4579 11.7089 158.587
    endloop
  endfacet
  facet normal 0.0328353 0.498793 0.866099
    outer loop
      vertex 10.2901 12.2033 158.326
      vertex 10 11.7692 158.587
      vertex 10.2309 11.754 158.587
    endloop
  endfacet
  facet normal 0.0252683 0.383846 0.923051
    outer loop
      vertex 10.2309 11.754 158.587
      vertex 10 11.7692 158.587
      vertex 10.1678 11.2748 158.788
    endloop
  endfacet
  facet normal -0.0169711 0.258011 0.965993
    outer loop
      vertex 10 10.7804 158.923
      vertex 9.83217 11.2748 158.788
      vertex 9.89814 10.7737 158.923
    endloop
  endfacet
  facet normal -0.0251562 0.383816 0.923067
    outer loop
      vertex 10 11.7692 158.587
      vertex 9.83217 11.2748 158.788
      vertex 10 11.2858 158.788
    endloop
  endfacet
  facet normal 0.393232 0.588617 0.706327
    outer loop
      vertex 11.5037 12.6044 157.637
      vertex 11.3187 12.284 158.007
      vertex 11.6055 12.0924 158.007
    endloop
  endfacet
  facet normal 0.338956 0.507373 0.792264
    outer loop
      vertex 11.6055 12.0924 158.007
      vertex 11.3187 12.284 158.007
      vertex 11.3528 11.7631 158.326
    endloop
  endfacet
  facet normal -0.0974234 0.490292 0.866096
    outer loop
      vertex 9.70993 12.2033 158.326
      vertex 9.54211 11.7089 158.587
      vertex 9.76908 11.754 158.587
    endloop
  endfacet
  facet normal -0.123656 0.364221 0.923067
    outer loop
      vertex 9.54211 11.7089 158.587
      vertex 9.32297 11.6345 158.587
      vertex 9.50796 11.1879 158.788
    endloop
  endfacet
  facet normal -0.0464267 0.706369 0.706319
    outer loop
      vertex 10 13.0074 157.637
      vertex 9.60746 12.9816 157.637
      vertex 9.65575 12.6148 158.007
    endloop
  endfacet
  facet normal -0.0463716 0.706346 0.706346
    outer loop
      vertex 10 13.0074 157.637
      vertex 9.65575 12.6148 158.007
      vertex 10 12.6374 158.007
    endloop
  endfacet
  facet normal -0.227565 0.670322 0.706316
    outer loop
      vertex 9.31739 12.5475 158.007
      vertex 8.84913 12.7784 157.637
      vertex 8.99072 12.4366 158.007
    endloop
  endfacet
  facet normal -0.227616 0.670271 0.706349
    outer loop
      vertex 9.22164 12.9049 157.637
      vertex 8.84913 12.7784 157.637
      vertex 9.31739 12.5475 158.007
    endloop
  endfacet
  facet normal -0.35115 0.712008 0.608061
    outer loop
      vertex 8.72724 13.0727 157.222
      vertex 8.49632 12.6044 157.637
      vertex 8.84913 12.7784 157.637
    endloop
  endfacet
  facet normal -0.313112 0.63488 0.70632
    outer loop
      vertex 8.84913 12.7784 157.637
      vertex 8.49632 12.6044 157.637
      vertex 8.68131 12.284 158.007
    endloop
  endfacet
  facet normal -0.154792 0.778645 0.608072
    outer loop
      vertex 9.60746 12.9816 157.637
      vertex 9.1392 13.2126 157.222
      vertex 9.22164 12.9049 157.637
    endloop
  endfacet
  facet normal -0.13802 0.694276 0.706351
    outer loop
      vertex 9.60746 12.9816 157.637
      vertex 9.22164 12.9049 157.637
      vertex 9.31739 12.5475 158.007
    endloop
  endfacet
  facet normal 0.196306 0.577791 0.792225
    outer loop
      vertex 10.6826 12.5475 158.007
      vertex 10.5752 12.1466 158.326
      vertex 10.8504 12.0531 158.326
    endloop
  endfacet
  facet normal 0.196127 0.577769 0.792286
    outer loop
      vertex 11.0093 12.4366 158.007
      vertex 10.6826 12.5475 158.007
      vertex 10.8504 12.0531 158.326
    endloop
  endfacet
  facet normal 0.168887 0.849812 0.499296
    outer loop
      vertex 10.9285 13.4653 156.769
      vertex 10.4341 13.2974 157.222
      vertex 10.8608 13.2126 157.222
    endloop
  endfacet
  facet normal 0.154748 0.77867 0.608052
    outer loop
      vertex 10.4341 13.2974 157.222
      vertex 10.3925 12.9816 157.637
      vertex 10.8608 13.2126 157.222
    endloop
  endfacet
  facet normal -0.172622 -0.192925 0.96591
    outer loop
      vertex 9.52495 9.3809 158.923
      vertex 9.21102 9.17114 158.825
      vertex 9.29261 9.07811 158.821
    endloop
  endfacet
  facet normal -0.0723632 -0.108296 0.991482
    outer loop
      vertex 9.84074 9.79245 158.991
      vertex 9.52495 9.3809 158.923
      vertex 9.60982 9.32419 158.923
    endloop
  endfacet
  facet normal -0.116825 0.0575835 0.991482
    outer loop
      vertex 9.32419 10.3902 158.923
      vertex 9.27904 10.2986 158.923
      vertex 9.77344 10.1308 158.991
    endloop
  endfacet
  facet normal -0.231942 0.114325 0.965988
    outer loop
      vertex 9.32419 10.3902 158.923
      vertex 8.8865 10.6429 158.788
      vertex 9.27904 10.2986 158.923
    endloop
  endfacet
  facet normal -0.670309 0.22754 0.706337
    outer loop
      vertex 7.56338 11.0093 158.007
      vertex 7.22156 11.1509 157.637
      vertex 7.45248 10.6826 158.007
    endloop
  endfacet
  facet normal -0.402356 0.458722 0.792265
    outer loop
      vertex 8.39446 12.0924 158.007
      vertex 8.13509 11.8649 158.007
      vertex 8.64716 11.7631 158.326
    endloop
  endfacet
  facet normal -0.720255 0.481261 0.49962
    outer loop
      vertex 7.25959 12.1028 157
      vertex 7.1317 11.9114 157
      vertex 7.3614 12.0247 157.222
    endloop
  endfacet
  facet normal -0.123495 0.364219 0.923089
    outer loop
      vertex 9.54211 11.7089 158.587
      vertex 9.50796 11.1879 158.788
      vertex 9.66722 11.2419 158.788
    endloop
  endfacet
  facet normal -0.170149 0.344963 0.923066
    outer loop
      vertex 9.50796 11.1879 158.788
      vertex 9.32297 11.6345 158.587
      vertex 9.35712 11.1135 158.788
    endloop
  endfacet
  facet normal -0.213639 0.319864 0.923063
    outer loop
      vertex 9.35712 11.1135 158.788
      vertex 8.92301 11.4036 158.587
      vertex 9.21728 11.0201 158.788
    endloop
  endfacet
  facet normal -0.253623 0.289185 0.923064
    outer loop
      vertex 9.21728 11.0201 158.788
      vertex 8.92301 11.4036 158.587
      vertex 9.09083 10.9092 158.788
    endloop
  endfacet
  facet normal 0.123325 0.0418696 0.991483
    outer loop
      vertex 10.721 10.2986 158.923
      vertex 10.2417 10.1001 158.991
      vertex 10.2527 10.0677 158.991
    endloop
  endfacet
  facet normal -0.0744653 -0.374369 0.924285
    outer loop
      vertex 9.64524 8.67601 158.753
      vertex 9.83217 8.72524 158.788
      vertex 9.66722 8.75805 158.788
    endloop
  endfacet
  facet normal -0.0730139 -0.378705 0.922633
    outer loop
      vertex 9.83217 8.72524 158.788
      vertex 9.64524 8.67601 158.753
      vertex 9.73267 8.57632 158.719
    endloop
  endfacet
  facet normal -0.0731601 -0.378619 0.922657
    outer loop
      vertex 9.83217 8.72524 158.788
      vertex 9.73267 8.57632 158.719
      vertex 9.80214 8.4971 158.692
    endloop
  endfacet
  facet normal -0.12269 -0.361449 0.924285
    outer loop
      vertex 9.66722 8.75805 158.788
      vertex 9.53347 8.80345 158.788
      vertex 9.64524 8.67601 158.753
    endloop
  endfacet
  facet normal -0.0254184 -0.127743 0.991482
    outer loop
      vertex 9.93229 9.7473 158.991
      vertex 9.79803 9.24623 158.923
      vertex 9.89814 9.22631 158.923
    endloop
  endfacet
  facet normal 0.0418696 0.123325 0.991483
    outer loop
      vertex 10.2986 10.721 158.923
      vertex 10.0677 10.2527 158.991
      vertex 10.1001 10.2417 158.991
    endloop
  endfacet
  facet normal -0.114331 -0.231828 0.966015
    outer loop
      vertex 9.39822 8.95768 158.81
      vertex 9.70137 9.27904 158.923
      vertex 9.60982 9.32419 158.923
    endloop
  endfacet
  facet normal -0.0991637 -0.245534 0.964303
    outer loop
      vertex 9.70137 9.27904 158.923
      vertex 9.39822 8.95768 158.81
      vertex 9.40888 8.94552 158.808
    endloop
  endfacet
  facet normal 0.0418726 -0.123334 0.991481
    outer loop
      vertex 10.1001 9.7583 158.991
      vertex 10.0677 9.7473 158.991
      vertex 10.2986 9.27904 158.923
    endloop
  endfacet
  facet normal -0.127743 -0.0254184 0.991482
    outer loop
      vertex 9.7473 9.93229 158.991
      vertex 9.22631 9.89814 158.923
      vertex 9.24623 9.79803 158.923
    endloop
  endfacet
  facet normal 0.143607 0.215031 0.965991
    outer loop
      vertex 10.6429 11.1135 158.788
      vertex 10.3902 10.6758 158.923
      vertex 10.4751 10.6191 158.923
    endloop
  endfacet
  facet normal -0.127745 -0.0253891 0.991482
    outer loop
      vertex 9.74063 9.96585 158.991
      vertex 9.22631 9.89814 158.923
      vertex 9.7473 9.93229 158.991
    endloop
  endfacet
  facet normal 0.116806 0.057638 0.991481
    outer loop
      vertex 10.6758 10.3902 158.923
      vertex 10.2266 10.1308 158.991
      vertex 10.721 10.2986 158.923
    endloop
  endfacet
  facet normal -0.244884 -0.0831229 0.965983
    outer loop
      vertex 9.24623 9.79803 158.923
      vertex 8.82599 9.51371 158.792
      vertex 9.27904 9.70137 158.923
    endloop
  endfacet
  facet normal -0.343498 0.0764308 0.936038
    outer loop
      vertex 8.82599 9.51371 158.792
      vertex 9.24623 9.79803 158.923
      vertex 8.82371 9.51571 158.791
    endloop
  endfacet
  facet normal -0.361449 -0.12269 0.924285
    outer loop
      vertex 8.75805 9.66722 158.788
      vertex 8.67601 9.64524 158.753
      vertex 8.80345 9.53347 158.788
    endloop
  endfacet
  facet normal -0.108296 -0.0723632 0.991482
    outer loop
      vertex 9.79245 9.84074 158.991
      vertex 9.32419 9.60982 158.923
      vertex 9.3809 9.52495 158.923
    endloop
  endfacet
  facet normal 0.0831458 -0.244854 0.965988
    outer loop
      vertex 10.492 8.81211 158.788
      vertex 10.202 9.24623 158.923
      vertex 10.3328 8.75805 158.788
    endloop
  endfacet
  facet normal 0.0255325 -0.383773 0.923075
    outer loop
      vertex 10.0099 8.26014 158.599
      vertex 10.2309 8.24598 158.587
      vertex 10.1678 8.72524 158.788
    endloop
  endfacet
  facet normal 0.0253223 -0.386199 0.922068
    outer loop
      vertex 10.2309 8.24598 158.587
      vertex 10.0099 8.26014 158.599
      vertex 10.0337 8.23305 158.587
    endloop
  endfacet
  facet normal -0.0273855 -0.383612 0.923088
    outer loop
      vertex 10 8.71424 158.788
      vertex 9.97749 8.29715 158.614
      vertex 10 8.27148 158.604
    endloop
  endfacet
  facet normal -0.0251511 -0.383738 0.9231
    outer loop
      vertex 9.97749 8.29715 158.614
      vertex 10 8.71424 158.788
      vertex 9.83217 8.72524 158.788
    endloop
  endfacet
  facet normal -0.0280816 -0.384559 0.922673
    outer loop
      vertex 9.83217 8.72524 158.788
      vertex 9.80214 8.4971 158.692
      vertex 9.97749 8.29715 158.614
    endloop
  endfacet
  facet normal -0.448386 0.221083 0.866067
    outer loop
      vertex 8.46787 10.8846 158.587
      vertex 7.94688 10.8504 158.326
      vertex 8.36551 10.677 158.587
    endloop
  endfacet
  facet normal -0.687734 0.136777 0.712961
    outer loop
      vertex 7.45248 10.6826 158.007
      vertex 7.40706 10.6523 157.969
      vertex 7.44182 10.629 158.007
    endloop
  endfacet
  facet normal -0.597961 0.118923 0.792654
    outer loop
      vertex 7.45248 10.6826 158.007
      vertex 7.44182 10.629 158.007
      vertex 7.58107 10.536 158.126
    endloop
  endfacet
  facet normal -0.344988 0.170101 0.923065
    outer loop
      vertex 8.46787 10.8846 158.587
      vertex 8.36551 10.677 158.587
      vertex 8.8865 10.6429 158.788
    endloop
  endfacet
  facet normal -0.660123 0.441058 0.608034
    outer loop
      vertex 7.6141 11.8308 157.637
      vertex 7.3614 12.0247 157.222
      vertex 7.39555 11.5037 157.637
    endloop
  endfacet
  facet normal -0.634873 0.313086 0.706338
    outer loop
      vertex 7.71596 11.3187 158.007
      vertex 7.22156 11.1509 157.637
      vertex 7.56338 11.0093 158.007
    endloop
  endfacet
  facet normal -0.277739 0.415663 0.866074
    outer loop
      vertex 8.88886 11.9246 158.326
      vertex 8.64716 11.7631 158.326
      vertex 8.92301 11.4036 158.587
    endloop
  endfacet
  facet normal -0.277614 0.415686 0.866104
    outer loop
      vertex 9.11542 11.5321 158.587
      vertex 8.88886 11.9246 158.326
      vertex 8.92301 11.4036 158.587
    endloop
  endfacet
  facet normal 0.0859046 -0.0979032 0.991481
    outer loop
      vertex 10.5518 9.4482 158.923
      vertex 10.1593 9.79245 158.991
      vertex 10.4751 9.3809 158.923
    endloop
  endfacet
  facet normal 0.344957 -0.170193 0.923059
    outer loop
      vertex 11.6345 9.32297 158.587
      vertex 11.1135 9.35712 158.788
      vertex 11.5321 9.11542 158.587
    endloop
  endfacet
  facet normal 0.319864 -0.213639 0.923063
    outer loop
      vertex 11.1135 9.35712 158.788
      vertex 11.0201 9.21728 158.788
      vertex 11.4036 8.92301 158.587
    endloop
  endfacet
  facet normal 0.253537 -0.289228 0.923074
    outer loop
      vertex 10.9092 9.09083 158.788
      vertex 10.7827 8.97994 158.788
      vertex 11.077 8.59643 158.587
    endloop
  endfacet
  facet normal 0.289185 -0.253623 0.923064
    outer loop
      vertex 11.0201 9.21728 158.788
      vertex 10.9092 9.09083 158.788
      vertex 11.4036 8.92301 158.587
    endloop
  endfacet
  facet normal 0.160707 -0.473394 0.866067
    outer loop
      vertex 10.677 8.36551 158.587
      vertex 10.4579 8.29113 158.587
      vertex 10.8504 7.94688 158.326
    endloop
  endfacet
  facet normal 0.37585 -0.329644 0.866067
    outer loop
      vertex 11.4036 8.92301 158.587
      vertex 11.251 8.74902 158.587
      vertex 11.5714 8.42861 158.326
    endloop
  endfacet
  facet normal 0.00853747 -0.129968 0.991481
    outer loop
      vertex 10 9.73839 158.991
      vertex 10 9.21964 158.923
      vertex 10.0341 9.74063 158.991
    endloop
  endfacet
  facet normal 0.116861 0.0574787 0.991484
    outer loop
      vertex 10.721 10.2986 158.923
      vertex 10.2266 10.1308 158.991
      vertex 10.2417 10.1001 158.991
    endloop
  endfacet
  facet normal 0.123332 -0.0418509 0.991483
    outer loop
      vertex 10.7538 9.79803 158.923
      vertex 10.2527 9.93229 158.991
      vertex 10.721 9.70137 158.923
    endloop
  endfacet
  facet normal 0.25803 0.016915 0.965989
    outer loop
      vertex 11.2748 10.1678 158.788
      vertex 10.7804 10 158.923
      vertex 11.2858 10 158.788
    endloop
  endfacet
  facet normal 0.129966 0.00854534 0.991482
    outer loop
      vertex 10.7737 10.1019 158.923
      vertex 10.2594 10.0341 158.991
      vertex 10.7804 10 158.923
    endloop
  endfacet
  facet normal 0.129956 0.00838423 0.991484
    outer loop
      vertex 10.7804 10 158.923
      vertex 10.2594 10.0341 158.991
      vertex 10.2616 10 158.991
    endloop
  endfacet
  facet normal 0.947595 0.188388 0.258019
    outer loop
      vertex 13.7895 11.0154 155.78
      vertex 13.6587 10.9803 156.286
      vertex 13.7553 10.4944 156.286
    endloop
  endfacet
  facet normal 0.947562 0.188458 0.258089
    outer loop
      vertex 13.7895 11.0154 155.78
      vertex 13.7553 10.4944 156.286
      vertex 13.8896 10.5121 155.78
    endloop
  endfacet
  facet normal 0.889199 0.438515 0.130497
    outer loop
      vertex 13.6876 11.5275 155.262
      vertex 13.3975 11.9616 155.78
      vertex 13.6245 11.5013 155.78
    endloop
  endfacet
  facet normal 0.278582 0.820423 0.499298
    outer loop
      vertex 11.3729 13.3144 156.769
      vertex 10.9285 13.4653 156.769
      vertex 11.2728 13.0727 157.222
    endloop
  endfacet
  facet normal 0.408619 0.828802 0.382254
    outer loop
      vertex 11.4495 13.4994 156.286
      vertex 11.3729 13.3144 156.769
      vertex 11.8939 13.2803 156.286
    endloop
  endfacet
  facet normal 0.636962 0.726397 0.258122
    outer loop
      vertex 12.7741 12.7741 155.78
      vertex 12.3883 13.1124 155.78
      vertex 12.6783 12.6783 156.286
    endloop
  endfacet
  facet normal 0.653678 0.745459 0.13037
    outer loop
      vertex 12.4298 13.1666 155.262
      vertex 12.3883 13.1124 155.78
      vertex 12.7741 12.7741 155.78
    endloop
  endfacet
  facet normal 0.866533 0.427337 0.257882
    outer loop
      vertex 13.3975 11.9616 155.78
      vertex 13.2803 11.8939 156.286
      vertex 13.6245 11.5013 155.78
    endloop
  endfacet
  facet normal 0.745459 0.653678 0.13037
    outer loop
      vertex 13.1666 12.4298 155.262
      vertex 12.7741 12.7741 155.78
      vertex 13.1124 12.3883 155.78
    endloop
  endfacet
  facet normal -0.321394 0.946945 0
    outer loop
      vertex 8.96694 13.8554 155
      vertex 8.47254 13.6876 155.262
      vertex 8.96694 13.8554 155.262
    endloop
  endfacet
  facet normal -0.321394 0.946945 0
    outer loop
      vertex 8.47254 13.6876 155.262
      vertex 8.96694 13.8554 155
      vertex 8.47254 13.6876 155
    endloop
  endfacet
  facet normal 0.38319 0.777091 0.499294
    outer loop
      vertex 11.3729 13.3144 156.769
      vertex 11.2728 13.0727 157.222
      vertex 11.7937 13.1069 156.769
    endloop
  endfacet
  facet normal 0.408666 0.828754 0.382307
    outer loop
      vertex 11.8939 13.2803 156.286
      vertex 11.3729 13.3144 156.769
      vertex 11.7937 13.1069 156.769
    endloop
  endfacet
  facet normal 0.0647196 0.989341 0.130448
    outer loop
      vertex 10 13.9914 155.262
      vertex 10 13.9231 155.78
      vertex 10.5121 13.8896 155.78
    endloop
  endfacet
  facet normal 0.063066 0.964062 0.258083
    outer loop
      vertex 10.5121 13.8896 155.78
      vertex 10 13.9231 155.78
      vertex 10.4944 13.7553 156.286
    endloop
  endfacet
  facet normal 0.0604289 0.9221 0.382204
    outer loop
      vertex 10 13.7877 156.286
      vertex 10 13.5875 156.769
      vertex 10.4944 13.7553 156.286
    endloop
  endfacet
  facet normal -0.0604289 0.9221 0.382204
    outer loop
      vertex 10 13.7877 156.286
      vertex 9.5056 13.7553 156.286
      vertex 10 13.5875 156.769
    endloop
  endfacet
  facet normal -0.318777 0.938828 0.130318
    outer loop
      vertex 8.96694 13.8554 155.262
      vertex 8.49868 13.6245 155.78
      vertex 8.98462 13.7895 155.78
    endloop
  endfacet
  facet normal -0.318648 0.938854 0.130446
    outer loop
      vertex 8.96694 13.8554 155.262
      vertex 8.47254 13.6876 155.262
      vertex 8.49868 13.6245 155.78
    endloop
  endfacet
  facet normal -0.441049 0.660078 0.608089
    outer loop
      vertex 8.33706 12.8803 157.222
      vertex 7.97533 12.6386 157.222
      vertex 8.49632 12.6044 157.637
    endloop
  endfacet
  facet normal -0.351095 0.712008 0.608093
    outer loop
      vertex 8.72724 13.0727 157.222
      vertex 8.33706 12.8803 157.222
      vertex 8.49632 12.6044 157.637
    endloop
  endfacet
  facet normal 0.402284 -0.458753 0.792283
    outer loop
      vertex 11.8649 8.13509 158.007
      vertex 11.3528 8.23695 158.326
      vertex 11.6055 7.90762 158.007
    endloop
  endfacet
  facet normal 0.329621 -0.375871 0.866066
    outer loop
      vertex 11.251 8.74902 158.587
      vertex 11.077 8.59643 158.587
      vertex 11.5714 8.42861 158.326
    endloop
  endfacet
  facet normal 0.0962739 -0.490626 0.866035
    outer loop
      vertex 10.3244 7.89778 158.379
      vertex 10.5752 7.85344 158.326
      vertex 10.4579 8.29113 158.587
    endloop
  endfacet
  facet normal 0.0970287 -0.488017 0.867424
    outer loop
      vertex 10.5752 7.85344 158.326
      vertex 10.3244 7.89778 158.379
      vertex 10.3799 7.81461 158.326
    endloop
  endfacet
  facet normal 0.196175 -0.577775 0.79227
    outer loop
      vertex 10.8504 7.94688 158.326
      vertex 10.5752 7.85344 158.326
      vertex 10.6826 7.45248 158.007
    endloop
  endfacet
  facet normal 0.118923 -0.597961 0.792654
    outer loop
      vertex 10.6826 7.45248 158.007
      vertex 10.536 7.58107 158.126
      vertex 10.629 7.44182 158.007
    endloop
  endfacet
  facet normal 0.136777 -0.687734 0.712961
    outer loop
      vertex 10.6826 7.45248 158.007
      vertex 10.629 7.44182 158.007
      vertex 10.6523 7.40706 157.969
    endloop
  endfacet
  facet normal 0.441028 -0.660173 0.608001
    outer loop
      vertex 12.0247 7.3614 157.222
      vertex 11.5037 7.39555 157.637
      vertex 11.6629 7.1197 157.222
    endloop
  endfacet
  facet normal 0.441058 -0.660123 0.608034
    outer loop
      vertex 11.8308 7.6141 157.637
      vertex 11.5037 7.39555 157.637
      vertex 12.0247 7.3614 157.222
    endloop
  endfacet
  facet normal 0.532217 0.466767 0.706309
    outer loop
      vertex 12.1265 12.1265 157.637
      vertex 11.8649 11.8649 158.007
      vertex 12.0924 11.6055 158.007
    endloop
  endfacet
  facet normal 0.532128 0.466804 0.706353
    outer loop
      vertex 12.1265 12.1265 157.637
      vertex 12.0924 11.6055 158.007
      vertex 12.3859 11.8308 157.637
    endloop
  endfacet
  facet normal 0.441007 0.660141 0.608051
    outer loop
      vertex 11.6629 12.8803 157.222
      vertex 11.5037 12.6044 157.637
      vertex 12.0247 12.6386 157.222
    endloop
  endfacet
  facet normal 0.351163 0.712 0.608063
    outer loop
      vertex 11.6629 12.8803 157.222
      vertex 11.2728 13.0727 157.222
      vertex 11.5037 12.6044 157.637
    endloop
  endfacet
  facet normal 0.415703 0.27764 0.866087
    outer loop
      vertex 11.9246 11.1111 158.326
      vertex 11.4036 11.077 158.587
      vertex 11.5321 10.8846 158.587
    endloop
  endfacet
  facet normal 0.375883 0.329628 0.866059
    outer loop
      vertex 11.5714 11.5714 158.326
      vertex 11.4036 11.077 158.587
      vertex 11.7631 11.3528 158.326
    endloop
  endfacet
  facet normal 0.577769 0.196127 0.792286
    outer loop
      vertex 12.4366 11.0093 158.007
      vertex 12.0531 10.8504 158.326
      vertex 12.5475 10.6826 158.007
    endloop
  endfacet
  facet normal 0.547209 0.26989 0.792289
    outer loop
      vertex 12.284 11.3187 158.007
      vertex 12.0531 10.8504 158.326
      vertex 12.4366 11.0093 158.007
    endloop
  endfacet
  facet normal 0.54723 -0.269892 0.792273
    outer loop
      vertex 12.4366 8.99072 158.007
      vertex 12.0531 9.14957 158.326
      vertex 12.284 8.68131 158.007
    endloop
  endfacet
  facet normal 0.63488 -0.313121 0.706316
    outer loop
      vertex 12.4366 8.99072 158.007
      vertex 12.284 8.68131 158.007
      vertex 12.7784 8.84913 157.637
    endloop
  endfacet
  facet normal 0.778674 -0.154753 0.608044
    outer loop
      vertex 13.2974 9.56589 157.222
      vertex 12.9816 9.60746 157.637
      vertex 13.2126 9.1392 157.222
    endloop
  endfacet
  facet normal 0.792198 -0.052009 0.608044
    outer loop
      vertex 13.3259 10 157.222
      vertex 12.9816 9.60746 157.637
      vertex 13.2974 9.56589 157.222
    endloop
  endfacet
  facet normal 0.244912 0.083073 0.96598
    outer loop
      vertex 11.1879 10.492 158.788
      vertex 10.7538 10.202 158.923
      vertex 11.2419 10.3328 158.788
    endloop
  endfacet
  facet normal 0.253622 0.0505706 0.965981
    outer loop
      vertex 11.2419 10.3328 158.788
      vertex 10.7538 10.202 158.923
      vertex 11.2748 10.1678 158.788
    endloop
  endfacet
  facet normal 0.0418876 -0.123327 0.991482
    outer loop
      vertex 10.2986 9.27904 158.923
      vertex 10.0677 9.7473 158.991
      vertex 10.202 9.24623 158.923
    endloop
  endfacet
  facet normal 0.0418737 0.123323 0.991483
    outer loop
      vertex 10.202 10.7538 158.923
      vertex 10.0677 10.2527 158.991
      vertex 10.2986 10.721 158.923
    endloop
  endfacet
  facet normal -0.231932 0.114337 0.965989
    outer loop
      vertex 8.8865 10.6429 158.788
      vertex 8.81211 10.492 158.788
      vertex 9.27904 10.2986 158.923
    endloop
  endfacet
  facet normal -0.0418691 0.123324 0.991483
    outer loop
      vertex 9.93229 10.2527 158.991
      vertex 9.70137 10.721 158.923
      vertex 9.89989 10.2417 158.991
    endloop
  endfacet
  facet normal 0.114355 0.231938 0.965985
    outer loop
      vertex 10.492 11.1879 158.788
      vertex 10.2986 10.721 158.923
      vertex 10.6429 11.1135 158.788
    endloop
  endfacet
  facet normal 0.0831431 0.244866 0.965985
    outer loop
      vertex 10.492 11.1879 158.788
      vertex 10.202 10.7538 158.923
      vertex 10.2986 10.721 158.923
    endloop
  endfacet
  facet normal 0.0979371 -0.0858784 0.99148
    outer loop
      vertex 10.6191 9.52495 158.923
      vertex 10.2076 9.84074 158.991
      vertex 10.5518 9.4482 158.923
    endloop
  endfacet
  facet normal 0.170161 0.344976 0.923058
    outer loop
      vertex 10.677 11.6345 158.587
      vertex 10.6429 11.1135 158.788
      vertex 10.8846 11.5321 158.587
    endloop
  endfacet
  facet normal 0.213637 0.319874 0.92306
    outer loop
      vertex 10.8846 11.5321 158.587
      vertex 10.6429 11.1135 158.788
      vertex 11.077 11.4036 158.587
    endloop
  endfacet
  facet normal -0.016912 0.25803 0.965989
    outer loop
      vertex 10 11.2858 158.788
      vertex 9.83217 11.2748 158.788
      vertex 10 10.7804 158.923
    endloop
  endfacet
  facet normal 0.016915 0.25803 0.965989
    outer loop
      vertex 10 11.2858 158.788
      vertex 10 10.7804 158.923
      vertex 10.1678 11.2748 158.788
    endloop
  endfacet
  facet normal -0.0749717 0.377302 0.923051
    outer loop
      vertex 9.76908 11.754 158.587
      vertex 9.54211 11.7089 158.587
      vertex 9.83217 11.2748 158.788
    endloop
  endfacet
  facet normal -0.0252662 0.383847 0.923051
    outer loop
      vertex 10 11.7692 158.587
      vertex 9.76908 11.754 158.587
      vertex 9.83217 11.2748 158.788
    endloop
  endfacet
  facet normal -0.0326771 0.498876 0.866057
    outer loop
      vertex 10 12.2223 158.326
      vertex 9.70993 12.2033 158.326
      vertex 10 11.7692 158.587
    endloop
  endfacet
  facet normal 0.0398769 0.608857 0.792277
    outer loop
      vertex 10 12.6374 158.007
      vertex 10 12.2223 158.326
      vertex 10.2901 12.2033 158.326
    endloop
  endfacet
  facet normal 0.0520747 0.792222 0.608007
    outer loop
      vertex 10 13.3259 157.222
      vertex 10 13.0074 157.637
      vertex 10.3925 12.9816 157.637
    endloop
  endfacet
  facet normal -0.0399739 0.608894 0.792244
    outer loop
      vertex 10 12.6374 158.007
      vertex 9.65575 12.6148 158.007
      vertex 9.70993 12.2033 158.326
    endloop
  endfacet
  facet normal -0.154753 0.778674 0.608044
    outer loop
      vertex 9.56589 13.2974 157.222
      vertex 9.1392 13.2126 157.222
      vertex 9.60746 12.9816 157.637
    endloop
  endfacet
  facet normal -0.052009 0.792198 0.608044
    outer loop
      vertex 10 13.3259 157.222
      vertex 9.56589 13.2974 157.222
      vertex 9.60746 12.9816 157.637
    endloop
  endfacet
  facet normal -0.57114 0.651355 0.499536
    outer loop
      vertex 7.72414 12.5886 157
      vertex 7.64825 12.3518 157.222
      vertex 7.97533 12.6386 157.222
    endloop
  endfacet
  facet normal -0.571085 0.651373 0.499574
    outer loop
      vertex 7.64825 12.3518 157.222
      vertex 7.72414 12.5886 157
      vertex 7.5575 12.4425 157
    endloop
  endfacet
  facet normal -0.571198 0.651233 0.499628
    outer loop
      vertex 7.89721 12.7404 157
      vertex 7.72414 12.5886 157
      vertex 7.97533 12.6386 157.222
    endloop
  endfacet
  facet normal -0.143614 0.215021 0.965992
    outer loop
      vertex 9.35712 11.1135 158.788
      vertex 9.21728 11.0201 158.788
      vertex 9.52495 10.6191 158.923
    endloop
  endfacet
  facet normal -0.170492 0.194398 0.965993
    outer loop
      vertex 9.21728 11.0201 158.788
      vertex 9.09083 10.9092 158.788
      vertex 9.52495 10.6191 158.923
    endloop
  endfacet
  facet normal -0.214998 0.143701 0.965984
    outer loop
      vertex 8.97994 10.7827 158.788
      vertex 8.8865 10.6429 158.788
      vertex 9.3809 10.4751 158.923
    endloop
  endfacet
  facet normal -0.215024 0.143628 0.96599
    outer loop
      vertex 9.3809 10.4751 158.923
      vertex 8.8865 10.6429 158.788
      vertex 9.32419 10.3902 158.923
    endloop
  endfacet
  facet normal -0.123327 0.0418876 0.991482
    outer loop
      vertex 9.27904 10.2986 158.923
      vertex 9.24623 10.202 158.923
      vertex 9.7473 10.0677 158.991
    endloop
  endfacet
  facet normal -0.123334 0.0418726 0.991481
    outer loop
      vertex 9.7583 10.1001 158.991
      vertex 9.27904 10.2986 158.923
      vertex 9.7473 10.0677 158.991
    endloop
  endfacet
  facet normal -0.160727 0.473411 0.866054
    outer loop
      vertex 9.54211 11.7089 158.587
      vertex 9.14957 12.0531 158.326
      vertex 9.32297 11.6345 158.587
    endloop
  endfacet
  facet normal -0.221208 0.448356 0.866051
    outer loop
      vertex 9.14957 12.0531 158.326
      vertex 9.11542 11.5321 158.587
      vertex 9.32297 11.6345 158.587
    endloop
  endfacet
  facet normal 0.127735 -0.0255013 0.99148
    outer loop
      vertex 10.2594 9.96585 158.991
      vertex 10.2527 9.93229 158.991
      vertex 10.7737 9.89814 158.923
    endloop
  endfacet
  facet normal 0.116795 -0.057664 0.991481
    outer loop
      vertex 10.721 9.70137 158.923
      vertex 10.2266 9.86919 158.991
      vertex 10.6758 9.60982 158.923
    endloop
  endfacet
  facet normal -0.0504647 -0.253616 0.965988
    outer loop
      vertex 9.89814 9.22631 158.923
      vertex 9.79803 9.24623 158.923
      vertex 9.83217 8.72524 158.788
    endloop
  endfacet
  facet normal -0.0168967 -0.258035 0.965988
    outer loop
      vertex 9.89814 9.22631 158.923
      vertex 9.83217 8.72524 158.788
      vertex 10 9.21964 158.923
    endloop
  endfacet
  facet normal -0.0504462 -0.253615 0.965989
    outer loop
      vertex 9.79803 9.24623 158.923
      vertex 9.66722 8.75805 158.788
      vertex 9.83217 8.72524 158.788
    endloop
  endfacet
  facet normal -0.0865796 -0.243915 0.965924
    outer loop
      vertex 9.51571 8.82371 158.791
      vertex 9.66722 8.75805 158.788
      vertex 9.79803 9.24623 158.923
    endloop
  endfacet
  facet normal -0.0698438 -0.205762 0.976106
    outer loop
      vertex 9.66722 8.75805 158.788
      vertex 9.51571 8.82371 158.791
      vertex 9.53347 8.80345 158.788
    endloop
  endfacet
  facet normal 0.0168902 -0.258038 0.965987
    outer loop
      vertex 10.1019 9.22631 158.923
      vertex 10 9.21964 158.923
      vertex 10.1678 8.72524 158.788
    endloop
  endfacet
  facet normal -0.057664 0.116795 0.991481
    outer loop
      vertex 9.70137 10.721 158.923
      vertex 9.60982 10.6758 158.923
      vertex 9.86919 10.2266 158.991
    endloop
  endfacet
  facet normal 0.0978027 0.0860055 0.991483
    outer loop
      vertex 10.5518 10.5518 158.923
      vertex 10.185 10.185 158.991
      vertex 10.2076 10.1593 158.991
    endloop
  endfacet
  facet normal -0.243915 -0.0865796 0.965924
    outer loop
      vertex 8.75805 9.66722 158.788
      vertex 8.82371 9.51571 158.791
      vertex 9.24623 9.79803 158.923
    endloop
  endfacet
  facet normal -0.205762 -0.0698438 0.976106
    outer loop
      vertex 8.82371 9.51571 158.791
      vertex 8.75805 9.66722 158.788
      vertex 8.80345 9.53347 158.788
    endloop
  endfacet
  facet normal -0.253615 -0.0504462 0.965989
    outer loop
      vertex 9.24623 9.79803 158.923
      vertex 8.72524 9.83217 158.788
      vertex 8.75805 9.66722 158.788
    endloop
  endfacet
  facet normal -0.215861 -0.142742 0.965934
    outer loop
      vertex 9.3809 9.52495 158.923
      vertex 8.9716 9.38601 158.811
      vertex 9.07811 9.29261 158.821
    endloop
  endfacet
  facet normal -0.215429 -0.143949 0.965851
    outer loop
      vertex 9.32419 9.60982 158.923
      vertex 8.9716 9.38601 158.811
      vertex 9.3809 9.52495 158.923
    endloop
  endfacet
  facet normal -0.207081 -0.156997 0.965645
    outer loop
      vertex 8.9716 9.38601 158.811
      vertex 9.32419 9.60982 158.923
      vertex 8.95768 9.39822 158.81
    endloop
  endfacet
  facet normal -0.0858723 -0.0979301 0.991482
    outer loop
      vertex 9.84074 9.79245 158.991
      vertex 9.4482 9.4482 158.923
      vertex 9.52495 9.3809 158.923
    endloop
  endfacet
  facet normal 0.0574787 0.116861 0.991484
    outer loop
      vertex 10.2986 10.721 158.923
      vertex 10.1001 10.2417 158.991
      vertex 10.1308 10.2266 158.991
    endloop
  endfacet
  facet normal 0.0504319 -0.253619 0.965989
    outer loop
      vertex 10.202 9.24623 158.923
      vertex 10.1678 8.72524 158.788
      vertex 10.3328 8.75805 158.788
    endloop
  endfacet
  facet normal 0.00850708 -0.129966 0.991482
    outer loop
      vertex 10.0341 9.74063 158.991
      vertex 10 9.21964 158.923
      vertex 10.1019 9.22631 158.923
    endloop
  endfacet
  facet normal 0.123646 -0.364223 0.923067
    outer loop
      vertex 10.492 8.81211 158.788
      vertex 10.4579 8.29113 158.587
      vertex 10.677 8.36551 158.587
    endloop
  endfacet
  facet normal 0.143701 -0.214998 0.965984
    outer loop
      vertex 10.7827 8.97994 158.788
      vertex 10.4751 9.3809 158.923
      vertex 10.6429 8.8865 158.788
    endloop
  endfacet
  facet normal -0.377252 0.0750348 0.923066
    outer loop
      vertex 8.29113 10.4579 158.587
      vertex 8.24598 10.2309 158.587
      vertex 8.72524 10.1678 158.788
    endloop
  endfacet
  facet normal -0.377262 0.0750179 0.923063
    outer loop
      vertex 8.75805 10.3328 158.788
      vertex 8.29113 10.4579 158.587
      vertex 8.72524 10.1678 158.788
    endloop
  endfacet
  facet normal -0.577775 0.196175 0.79227
    outer loop
      vertex 7.94688 10.8504 158.326
      vertex 7.45248 10.6826 158.007
      vertex 7.85344 10.5752 158.326
    endloop
  endfacet
  facet normal -0.588565 0.393247 0.706363
    outer loop
      vertex 7.6141 11.8308 157.637
      vertex 7.39555 11.5037 157.637
      vertex 7.90762 11.6055 158.007
    endloop
  endfacet
  facet normal -0.319774 0.213732 0.923073
    outer loop
      vertex 8.97994 10.7827 158.788
      vertex 8.59643 11.077 158.587
      vertex 8.8865 10.6429 158.788
    endloop
  endfacet
  facet normal -0.596837 0.523529 0.608032
    outer loop
      vertex 7.87348 12.1265 157.637
      vertex 7.3614 12.0247 157.222
      vertex 7.6141 11.8308 157.637
    endloop
  endfacet
  facet normal -0.393187 0.588652 0.706324
    outer loop
      vertex 8.49632 12.6044 157.637
      vertex 8.39446 12.0924 158.007
      vertex 8.68131 12.284 158.007
    endloop
  endfacet
  facet normal -0.393234 0.588646 0.706302
    outer loop
      vertex 8.49632 12.6044 157.637
      vertex 8.16924 12.3859 157.637
      vertex 8.39446 12.0924 158.007
    endloop
  endfacet
  facet normal -0.25363 0.289182 0.923063
    outer loop
      vertex 8.92301 11.4036 158.587
      vertex 8.74902 11.251 158.587
      vertex 9.09083 10.9092 158.788
    endloop
  endfacet
  facet normal -0.329644 0.37585 0.866067
    outer loop
      vertex 8.92301 11.4036 158.587
      vertex 8.42861 11.5714 158.326
      vertex 8.74902 11.251 158.587
    endloop
  endfacet
  facet normal -0.220993 0.448367 0.8661
    outer loop
      vertex 9.14957 12.0531 158.326
      vertex 8.88886 11.9246 158.326
      vertex 9.11542 11.5321 158.587
    endloop
  endfacet
  facet normal -0.269788 0.547364 0.792217
    outer loop
      vertex 9.14957 12.0531 158.326
      vertex 8.68131 12.284 158.007
      vertex 8.88886 11.9246 158.326
    endloop
  endfacet
  facet normal 0.415663 -0.277739 0.866074
    outer loop
      vertex 11.9246 8.88886 158.326
      vertex 11.4036 8.92301 158.587
      vertex 11.7631 8.64716 158.326
    endloop
  endfacet
  facet normal 0.319878 -0.213629 0.92306
    outer loop
      vertex 11.5321 9.11542 158.587
      vertex 11.1135 9.35712 158.788
      vertex 11.4036 8.92301 158.587
    endloop
  endfacet
  facet normal 0.057609 -0.116816 0.991481
    outer loop
      vertex 10.1308 9.77344 158.991
      vertex 10.1001 9.7583 158.991
      vertex 10.2986 9.27904 158.923
    endloop
  endfacet
  facet normal 0.0979102 0.0859108 0.99148
    outer loop
      vertex 10.5518 10.5518 158.923
      vertex 10.2076 10.1593 158.991
      vertex 10.6191 10.4751 158.923
    endloop
  endfacet
  facet normal 0.21501 -0.143644 0.96599
    outer loop
      vertex 10.6758 9.60982 158.923
      vertex 10.6191 9.52495 158.923
      vertex 11.1135 9.35712 158.788
    endloop
  endfacet
  facet normal 0.231853 -0.11447 0.965992
    outer loop
      vertex 10.721 9.70137 158.923
      vertex 10.6758 9.60982 158.923
      vertex 11.1135 9.35712 158.788
    endloop
  endfacet
  facet normal 0.258011 -0.0169711 0.965993
    outer loop
      vertex 10.7804 10 158.923
      vertex 10.7737 9.89814 158.923
      vertex 11.2748 9.83217 158.788
    endloop
  endfacet
  facet normal 0.726353 0.637046 0.258037
    outer loop
      vertex 13.1124 12.3883 155.78
      vertex 12.6783 12.6783 156.286
      vertex 13.005 12.3058 156.286
    endloop
  endfacet
  facet normal 0.694699 0.609284 0.382318
    outer loop
      vertex 13.005 12.3058 156.286
      vertex 12.6783 12.6783 156.286
      vertex 12.8461 12.1839 156.769
    endloop
  endfacet
  facet normal 0.889197 0.438521 0.13049
    outer loop
      vertex 13.4567 11.9957 155.262
      vertex 13.3975 11.9616 155.78
      vertex 13.6876 11.5275 155.262
    endloop
  endfacet
  facet normal 0.824324 0.550878 0.130473
    outer loop
      vertex 13.4567 11.9957 155.262
      vertex 13.1666 12.4298 155.262
      vertex 13.3975 11.9616 155.78
    endloop
  endfacet
  facet normal 0.310659 0.914842 0.257982
    outer loop
      vertex 11.5013 13.6245 155.78
      vertex 11.0154 13.7895 155.78
      vertex 11.4495 13.4994 156.286
    endloop
  endfacet
  facet normal 0.297079 0.875012 0.382228
    outer loop
      vertex 10.9803 13.6587 156.286
      vertex 10.9285 13.4653 156.769
      vertex 11.4495 13.4994 156.286
    endloop
  endfacet
  facet normal -0.188455 0.947565 0.258079
    outer loop
      vertex 9.48793 13.8896 155.78
      vertex 8.98462 13.7895 155.78
      vertex 9.5056 13.7553 156.286
    endloop
  endfacet
  facet normal -0.188378 0.947602 0.258002
    outer loop
      vertex 9.5056 13.7553 156.286
      vertex 8.98462 13.7895 155.78
      vertex 9.01967 13.6587 156.286
    endloop
  endfacet
  facet normal 0.0566789 0.864583 0.499283
    outer loop
      vertex 10 13.5875 156.769
      vertex 10 13.3259 157.222
      vertex 10.4683 13.5568 156.769
    endloop
  endfacet
  facet normal 0.0604489 0.922092 0.382221
    outer loop
      vertex 10.4944 13.7553 156.286
      vertex 10 13.5875 156.769
      vertex 10.4683 13.5568 156.769
    endloop
  endfacet
  facet normal 0.402262 -0.458805 0.792265
    outer loop
      vertex 11.5714 8.42861 158.326
      vertex 11.3528 8.23695 158.326
      vertex 11.8649 8.13509 158.007
    endloop
  endfacet
  facet normal 0.458715 -0.402359 0.792267
    outer loop
      vertex 11.7631 8.64716 158.326
      vertex 11.5714 8.42861 158.326
      vertex 11.8649 8.13509 158.007
    endloop
  endfacet
  facet normal 0.27776 -0.415694 0.866053
    outer loop
      vertex 11.3528 8.23695 158.326
      vertex 11.077 8.59643 158.587
      vertex 11.1111 8.07545 158.326
    endloop
  endfacet
  facet normal 0.277763 -0.415693 0.866052
    outer loop
      vertex 11.077 8.59643 158.587
      vertex 10.8846 8.46787 158.587
      vertex 11.1111 8.07545 158.326
    endloop
  endfacet
  facet normal 0.255279 -0.752087 0.607617
    outer loop
      vertex 11.2728 6.92729 157.222
      vertex 10.8848 7.05897 157.548
      vertex 11.0283 6.8443 157.222
    endloop
  endfacet
  facet normal 0.22754 -0.670309 0.706337
    outer loop
      vertex 11.0093 7.56338 158.007
      vertex 10.6826 7.45248 158.007
      vertex 11.1509 7.22156 157.637
    endloop
  endfacet
  facet normal 0.313086 -0.634873 0.706338
    outer loop
      vertex 11.3187 7.71596 158.007
      vertex 11.0093 7.56338 158.007
      vertex 11.1509 7.22156 157.637
    endloop
  endfacet
  facet normal 0.466804 0.532128 0.706353
    outer loop
      vertex 11.8308 12.3859 157.637
      vertex 11.6055 12.0924 158.007
      vertex 12.1265 12.1265 157.637
    endloop
  endfacet
  facet normal 0.523553 0.596818 0.608031
    outer loop
      vertex 12.0247 12.6386 157.222
      vertex 11.8308 12.3859 157.637
      vertex 12.1265 12.1265 157.637
    endloop
  endfacet
  facet normal 0.289193 0.253625 0.923061
    outer loop
      vertex 11.251 11.251 158.587
      vertex 10.9092 10.9092 158.788
      vertex 11.4036 11.077 158.587
    endloop
  endfacet
  facet normal 0.375864 0.329637 0.866063
    outer loop
      vertex 11.5714 11.5714 158.326
      vertex 11.251 11.251 158.587
      vertex 11.4036 11.077 158.587
    endloop
  endfacet
  facet normal 0.448383 0.22101 0.866088
    outer loop
      vertex 11.9246 11.1111 158.326
      vertex 11.5321 10.8846 158.587
      vertex 12.0531 10.8504 158.326
    endloop
  endfacet
  facet normal 0.547341 0.269787 0.792233
    outer loop
      vertex 12.284 11.3187 158.007
      vertex 11.9246 11.1111 158.326
      vertex 12.0531 10.8504 158.326
    endloop
  endfacet
  facet normal 0.448375 0.221164 0.866052
    outer loop
      vertex 12.0531 10.8504 158.326
      vertex 11.5321 10.8846 158.587
      vertex 11.6345 10.677 158.587
    endloop
  endfacet
  facet normal 0.344976 0.170161 0.923058
    outer loop
      vertex 11.5321 10.8846 158.587
      vertex 11.1135 10.6429 158.788
      vertex 11.6345 10.677 158.587
    endloop
  endfacet
  facet normal -0.143644 0.21501 0.96599
    outer loop
      vertex 9.60982 10.6758 158.923
      vertex 9.35712 11.1135 158.788
      vertex 9.52495 10.6191 158.923
    endloop
  endfacet
  facet normal 0.0722686 -0.108346 0.991483
    outer loop
      vertex 10.1593 9.79245 158.991
      vertex 10.1308 9.77344 158.991
      vertex 10.3902 9.32419 158.923
    endloop
  endfacet
  facet normal -0.0723604 0.108311 0.99148
    outer loop
      vertex 9.60982 10.6758 158.923
      vertex 9.52495 10.6191 158.923
      vertex 9.84074 10.2076 158.991
    endloop
  endfacet
  facet normal -0.0858784 0.0979371 0.99148
    outer loop
      vertex 9.52495 10.6191 158.923
      vertex 9.4482 10.5518 158.923
      vertex 9.84074 10.2076 158.991
    endloop
  endfacet
  facet normal 0.0723427 0.108323 0.99148
    outer loop
      vertex 10.3902 10.6758 158.923
      vertex 10.1593 10.2076 158.991
      vertex 10.4751 10.6191 158.923
    endloop
  endfacet
  facet normal 0.00838423 0.129956 0.991484
    outer loop
      vertex 10 10.7804 158.923
      vertex 10 10.2616 158.991
      vertex 10.0341 10.2594 158.991
    endloop
  endfacet
  facet normal 0.0253948 0.12774 0.991483
    outer loop
      vertex 10.1019 10.7737 158.923
      vertex 10.0677 10.2527 158.991
      vertex 10.202 10.7538 158.923
    endloop
  endfacet
  facet normal 0.0504188 0.253614 0.965991
    outer loop
      vertex 10.1678 11.2748 158.788
      vertex 10.1019 10.7737 158.923
      vertex 10.202 10.7538 158.923
    endloop
  endfacet
  facet normal 0.0722469 0.10837 0.991482
    outer loop
      vertex 10.3902 10.6758 158.923
      vertex 10.1308 10.2266 158.991
      vertex 10.1593 10.2076 158.991
    endloop
  endfacet
  facet normal -0.097512 0.490312 0.866075
    outer loop
      vertex 9.70993 12.2033 158.326
      vertex 9.42483 12.1466 158.326
      vertex 9.54211 11.7089 158.587
    endloop
  endfacet
  facet normal -0.119027 0.598492 0.792237
    outer loop
      vertex 9.70993 12.2033 158.326
      vertex 9.31739 12.5475 158.007
      vertex 9.42483 12.1466 158.326
    endloop
  endfacet
  facet normal -0.0520694 0.792222 0.608007
    outer loop
      vertex 10 13.3259 157.222
      vertex 9.60746 12.9816 157.637
      vertex 10 13.0074 157.637
    endloop
  endfacet
  facet normal -0.138096 0.694297 0.706315
    outer loop
      vertex 9.60746 12.9816 157.637
      vertex 9.31739 12.5475 158.007
      vertex 9.65575 12.6148 158.007
    endloop
  endfacet
  facet normal 0.119028 0.598499 0.792232
    outer loop
      vertex 10.3442 12.6148 158.007
      vertex 10.2901 12.2033 158.326
      vertex 10.6826 12.5475 158.007
    endloop
  endfacet
  facet normal 0.13808 0.694298 0.706318
    outer loop
      vertex 10.3925 12.9816 157.637
      vertex 10.3442 12.6148 158.007
      vertex 10.6826 12.5475 158.007
    endloop
  endfacet
  facet normal 0.0463783 0.706346 0.706346
    outer loop
      vertex 10 13.0074 157.637
      vertex 10 12.6374 158.007
      vertex 10.3442 12.6148 158.007
    endloop
  endfacet
  facet normal 0.0464313 0.706368 0.70632
    outer loop
      vertex 10.3925 12.9816 157.637
      vertex 10 13.0074 157.637
      vertex 10.3442 12.6148 158.007
    endloop
  endfacet
  facet normal -0.0979032 0.0859046 0.991481
    outer loop
      vertex 9.4482 10.5518 158.923
      vertex 9.3809 10.4751 158.923
      vertex 9.79245 10.1593 158.991
    endloop
  endfacet
  facet normal -0.0576081 -0.116814 0.991482
    outer loop
      vertex 9.86919 9.77344 158.991
      vertex 9.70137 9.27904 158.923
      vertex 9.89989 9.7583 158.991
    endloop
  endfacet
  facet normal -0.0858686 -0.0979343 0.991481
    outer loop
      vertex 9.81501 9.81501 158.991
      vertex 9.4482 9.4482 158.923
      vertex 9.84074 9.79245 158.991
    endloop
  endfacet
  facet normal -0.0253927 0.127742 0.991482
    outer loop
      vertex 9.89814 10.7737 158.923
      vertex 9.79803 10.7538 158.923
      vertex 9.93229 10.2527 158.991
    endloop
  endfacet
  facet normal -0.0418509 0.123332 0.991483
    outer loop
      vertex 9.79803 10.7538 158.923
      vertex 9.70137 10.721 158.923
      vertex 9.93229 10.2527 158.991
    endloop
  endfacet
  facet normal -0.0723407 0.108321 0.99148
    outer loop
      vertex 9.86919 10.2266 158.991
      vertex 9.60982 10.6758 158.923
      vertex 9.84074 10.2076 158.991
    endloop
  endfacet
  facet normal -0.00837195 0.129956 0.991484
    outer loop
      vertex 10 10.7804 158.923
      vertex 9.96585 10.2594 158.991
      vertex 10 10.2616 158.991
    endloop
  endfacet
  facet normal 0.0254204 -0.12774 0.991482
    outer loop
      vertex 10.202 9.24623 158.923
      vertex 10.0677 9.7473 158.991
      vertex 10.1019 9.22631 158.923
    endloop
  endfacet
  facet normal 0.0253588 -0.127744 0.991483
    outer loop
      vertex 10.0677 9.7473 158.991
      vertex 10.0341 9.74063 158.991
      vertex 10.1019 9.22631 158.923
    endloop
  endfacet
  facet normal 0.170073 -0.344992 0.923069
    outer loop
      vertex 10.6429 8.8865 158.788
      vertex 10.492 8.81211 158.788
      vertex 10.677 8.36551 158.587
    endloop
  endfacet
  facet normal 0.170101 -0.344988 0.923065
    outer loop
      vertex 10.8846 8.46787 158.587
      vertex 10.6429 8.8865 158.788
      vertex 10.677 8.36551 158.587
    endloop
  endfacet
  facet normal -0.547222 0.269861 0.79229
    outer loop
      vertex 7.71596 11.3187 158.007
      vertex 7.56338 11.0093 158.007
      vertex 7.94688 10.8504 158.326
    endloop
  endfacet
  facet normal -0.364223 0.123646 0.923067
    outer loop
      vertex 8.36551 10.677 158.587
      vertex 8.29113 10.4579 158.587
      vertex 8.81211 10.492 158.788
    endloop
  endfacet
  facet normal -0.489021 0.0972655 0.866832
    outer loop
      vertex 8.29113 10.4579 158.587
      vertex 7.96616 10.2678 158.425
      vertex 8.24598 10.2309 158.587
    endloop
  endfacet
  facet normal -0.49072 0.101394 0.865397
    outer loop
      vertex 8.29113 10.4579 158.587
      vertex 7.9139 10.3136 158.39
      vertex 7.96616 10.2678 158.425
    endloop
  endfacet
  facet normal -0.497708 0.130478 0.857474
    outer loop
      vertex 7.9139 10.3136 158.39
      vertex 8.29113 10.4579 158.587
      vertex 7.89778 10.3244 158.379
    endloop
  endfacet
  facet normal -0.497542 0.0326228 0.866826
    outer loop
      vertex 8.24598 10.2309 158.587
      vertex 7.96616 10.2678 158.425
      vertex 8.23305 10.0337 158.587
    endloop
  endfacet
  facet normal -0.752087 0.255279 0.607617
    outer loop
      vertex 6.92729 11.2728 157.222
      vertex 6.8443 11.0283 157.222
      vertex 7.05897 10.8848 157.548
    endloop
  endfacet
  facet normal -0.577769 0.196127 0.792286
    outer loop
      vertex 7.56338 11.0093 158.007
      vertex 7.45248 10.6826 158.007
      vertex 7.94688 10.8504 158.326
    endloop
  endfacet
  facet normal -0.329655 0.375827 0.866073
    outer loop
      vertex 8.64716 11.7631 158.326
      vertex 8.42861 11.5714 158.326
      vertex 8.92301 11.4036 158.587
    endloop
  endfacet
  facet normal 0.448367 -0.220993 0.8661
    outer loop
      vertex 12.0531 9.14957 158.326
      vertex 11.5321 9.11542 158.587
      vertex 11.9246 8.88886 158.326
    endloop
  endfacet
  facet normal 0.448356 -0.221208 0.866051
    outer loop
      vertex 11.6345 9.32297 158.587
      vertex 11.5321 9.11542 158.587
      vertex 12.0531 9.14957 158.326
    endloop
  endfacet
  facet normal 0.057638 0.116806 0.991481
    outer loop
      vertex 10.2986 10.721 158.923
      vertex 10.1308 10.2266 158.991
      vertex 10.3902 10.6758 158.923
    endloop
  endfacet
  facet normal -0.0859509 0.0978548 0.991482
    outer loop
      vertex 9.84074 10.2076 158.991
      vertex 9.4482 10.5518 158.923
      vertex 9.81501 10.185 158.991
    endloop
  endfacet
  facet normal 0.129967 -0.00854877 0.991481
    outer loop
      vertex 10.7804 10 158.923
      vertex 10.2594 9.96585 158.991
      vertex 10.7737 9.89814 158.923
    endloop
  endfacet
  facet normal 0.129956 -0.00837195 0.991484
    outer loop
      vertex 10.2616 10 158.991
      vertex 10.2594 9.96585 158.991
      vertex 10.7804 10 158.923
    endloop
  endfacet
  facet normal 0.310603 0.914847 0.258032
    outer loop
      vertex 11.0154 13.7895 155.78
      vertex 10.9803 13.6587 156.286
      vertex 11.4495 13.4994 156.286
    endloop
  endfacet
  facet normal 0.188388 0.947595 0.258019
    outer loop
      vertex 11.0154 13.7895 155.78
      vertex 10.4944 13.7553 156.286
      vertex 10.9803 13.6587 156.286
    endloop
  endfacet
  facet normal 0.269869 -0.547211 0.792294
    outer loop
      vertex 11.1111 8.07545 158.326
      vertex 10.8504 7.94688 158.326
      vertex 11.3187 7.71596 158.007
    endloop
  endfacet
  facet normal 0.22113 -0.448384 0.866056
    outer loop
      vertex 10.8846 8.46787 158.587
      vertex 10.8504 7.94688 158.326
      vertex 11.1111 8.07545 158.326
    endloop
  endfacet
  facet normal 0 0 1
    outer loop
      vertex 10.2594 10.0341 158.991
      vertex 10.2594 9.96585 158.991
      vertex 10.2616 10 158.991
    endloop
  endfacet
  facet normal 0 0 1
    outer loop
      vertex 10.2527 10.0677 158.991
      vertex 10.2594 9.96585 158.991
      vertex 10.2594 10.0341 158.991
    endloop
  endfacet
  facet normal 0 0 1
    outer loop
      vertex 10.2527 10.0677 158.991
      vertex 10.2527 9.93229 158.991
      vertex 10.2594 9.96585 158.991
    endloop
  endfacet
  facet normal 0 0 1
    outer loop
      vertex 10.2417 10.1001 158.991
      vertex 10.2527 9.93229 158.991
      vertex 10.2527 10.0677 158.991
    endloop
  endfacet
  facet normal 0 0 1
    outer loop
      vertex 10.2417 10.1001 158.991
      vertex 10.2417 9.89989 158.991
      vertex 10.2527 9.93229 158.991
    endloop
  endfacet
  facet normal 0 0 1
    outer loop
      vertex 10.2266 10.1308 158.991
      vertex 10.2417 9.89989 158.991
      vertex 10.2417 10.1001 158.991
    endloop
  endfacet
  facet normal 0 0 1
    outer loop
      vertex 10.2266 10.1308 158.991
      vertex 10.2266 9.86919 158.991
      vertex 10.2417 9.89989 158.991
    endloop
  endfacet
  facet normal 0 0 1
    outer loop
      vertex 10.2076 10.1593 158.991
      vertex 10.2266 9.86919 158.991
      vertex 10.2266 10.1308 158.991
    endloop
  endfacet
  facet normal 0 0 1
    outer loop
      vertex 10.2076 10.1593 158.991
      vertex 10.2076 9.84074 158.991
      vertex 10.2266 9.86919 158.991
    endloop
  endfacet
  facet normal 0 0 1
    outer loop
      vertex 10.185 10.185 158.991
      vertex 10.2076 9.84074 158.991
      vertex 10.2076 10.1593 158.991
    endloop
  endfacet
  facet normal 0 0 1
    outer loop
      vertex 10.185 10.185 158.991
      vertex 10.185 9.81501 158.991
      vertex 10.2076 9.84074 158.991
    endloop
  endfacet
  facet normal 0 0 1
    outer loop
      vertex 10.1593 10.2076 158.991
      vertex 10.185 9.81501 158.991
      vertex 10.185 10.185 158.991
    endloop
  endfacet
  facet normal 0 0 1
    outer loop
      vertex 10.1593 10.2076 158.991
      vertex 10.1593 9.79245 158.991
      vertex 10.185 9.81501 158.991
    endloop
  endfacet
  facet normal 0 0 1
    outer loop
      vertex 10.1308 10.2266 158.991
      vertex 10.1593 9.79245 158.991
      vertex 10.1593 10.2076 158.991
    endloop
  endfacet
  facet normal 0 0 1
    outer loop
      vertex 10.1308 10.2266 158.991
      vertex 10.1308 9.77344 158.991
      vertex 10.1593 9.79245 158.991
    endloop
  endfacet
  facet normal 0 0 1
    outer loop
      vertex 10.1001 10.2417 158.991
      vertex 10.1308 9.77344 158.991
      vertex 10.1308 10.2266 158.991
    endloop
  endfacet
  facet normal 0 0 1
    outer loop
      vertex 10.1001 10.2417 158.991
      vertex 10.1001 9.7583 158.991
      vertex 10.1308 9.77344 158.991
    endloop
  endfacet
  facet normal 0 0 1
    outer loop
      vertex 10.0677 10.2527 158.991
      vertex 10.1001 9.7583 158.991
      vertex 10.1001 10.2417 158.991
    endloop
  endfacet
  facet normal 0 0 1
    outer loop
      vertex 10.0677 10.2527 158.991
      vertex 10.0677 9.7473 158.991
      vertex 10.1001 9.7583 158.991
    endloop
  endfacet
  facet normal 0 0 1
    outer loop
      vertex 10.0341 10.2594 158.991
      vertex 10.0677 9.7473 158.991
      vertex 10.0677 10.2527 158.991
    endloop
  endfacet
  facet normal 0 0 1
    outer loop
      vertex 10.0341 10.2594 158.991
      vertex 10.0341 9.74063 158.991
      vertex 10.0677 9.7473 158.991
    endloop
  endfacet
  facet normal 0 0 1
    outer loop
      vertex 10 10.2616 158.991
      vertex 10.0341 9.74063 158.991
      vertex 10.0341 10.2594 158.991
    endloop
  endfacet
  facet normal 0 0 1
    outer loop
      vertex 10 10.2616 158.991
      vertex 10 9.73839 158.991
      vertex 10.0341 9.74063 158.991
    endloop
  endfacet
  facet normal -0 0 1
    outer loop
      vertex 9.96585 10.2594 158.991
      vertex 10 9.73839 158.991
      vertex 10 10.2616 158.991
    endloop
  endfacet
  facet normal 0 0 1
    outer loop
      vertex 9.96585 10.2594 158.991
      vertex 9.96585 9.74063 158.991
      vertex 10 9.73839 158.991
    endloop
  endfacet
  facet normal -0 0 1
    outer loop
      vertex 9.93229 10.2527 158.991
      vertex 9.96585 9.74063 158.991
      vertex 9.96585 10.2594 158.991
    endloop
  endfacet
  facet normal 0 0 1
    outer loop
      vertex 9.93229 10.2527 158.991
      vertex 9.93229 9.7473 158.991
      vertex 9.96585 9.74063 158.991
    endloop
  endfacet
  facet normal -0 0 1
    outer loop
      vertex 9.89989 10.2417 158.991
      vertex 9.93229 9.7473 158.991
      vertex 9.93229 10.2527 158.991
    endloop
  endfacet
  facet normal 0 0 1
    outer loop
      vertex 9.89989 10.2417 158.991
      vertex 9.89989 9.7583 158.991
      vertex 9.93229 9.7473 158.991
    endloop
  endfacet
  facet normal -0 0 1
    outer loop
      vertex 9.86919 10.2266 158.991
      vertex 9.89989 9.7583 158.991
      vertex 9.89989 10.2417 158.991
    endloop
  endfacet
  facet normal 0 0 1
    outer loop
      vertex 9.86919 10.2266 158.991
      vertex 9.86919 9.77344 158.991
      vertex 9.89989 9.7583 158.991
    endloop
  endfacet
  facet normal -0 0 1
    outer loop
      vertex 9.84074 10.2076 158.991
      vertex 9.86919 9.77344 158.991
      vertex 9.86919 10.2266 158.991
    endloop
  endfacet
  facet normal 0 0 1
    outer loop
      vertex 9.84074 10.2076 158.991
      vertex 9.84074 9.79245 158.991
      vertex 9.86919 9.77344 158.991
    endloop
  endfacet
  facet normal -0 0 1
    outer loop
      vertex 9.81501 10.185 158.991
      vertex 9.84074 9.79245 158.991
      vertex 9.84074 10.2076 158.991
    endloop
  endfacet
  facet normal 0 0 1
    outer loop
      vertex 9.81501 10.185 158.991
      vertex 9.81501 9.81501 158.991
      vertex 9.84074 9.79245 158.991
    endloop
  endfacet
  facet normal -0 0 1
    outer loop
      vertex 9.79245 10.1593 158.991
      vertex 9.81501 9.81501 158.991
      vertex 9.81501 10.185 158.991
    endloop
  endfacet
  facet normal 0 0 1
    outer loop
      vertex 9.79245 10.1593 158.991
      vertex 9.79245 9.84074 158.991
      vertex 9.81501 9.81501 158.991
    endloop
  endfacet
  facet normal -0 0 1
    outer loop
      vertex 9.77344 10.1308 158.991
      vertex 9.79245 9.84074 158.991
      vertex 9.79245 10.1593 158.991
    endloop
  endfacet
  facet normal 0 0 1
    outer loop
      vertex 9.77344 10.1308 158.991
      vertex 9.77344 9.86919 158.991
      vertex 9.79245 9.84074 158.991
    endloop
  endfacet
  facet normal -0 0 1
    outer loop
      vertex 9.7583 10.1001 158.991
      vertex 9.77344 9.86919 158.991
      vertex 9.77344 10.1308 158.991
    endloop
  endfacet
  facet normal 0 0 1
    outer loop
      vertex 9.7583 10.1001 158.991
      vertex 9.7583 9.89989 158.991
      vertex 9.77344 9.86919 158.991
    endloop
  endfacet
  facet normal -0 0 1
    outer loop
      vertex 9.7473 10.0677 158.991
      vertex 9.7583 9.89989 158.991
      vertex 9.7583 10.1001 158.991
    endloop
  endfacet
  facet normal 0 0 1
    outer loop
      vertex 9.7473 10.0677 158.991
      vertex 9.7473 9.93229 158.991
      vertex 9.7583 9.89989 158.991
    endloop
  endfacet
  facet normal -0 0 1
    outer loop
      vertex 9.74063 10.0341 158.991
      vertex 9.7473 9.93229 158.991
      vertex 9.7473 10.0677 158.991
    endloop
  endfacet
  facet normal 0 0 1
    outer loop
      vertex 9.74063 10.0341 158.991
      vertex 9.74063 9.96585 158.991
      vertex 9.7473 9.93229 158.991
    endloop
  endfacet
  facet normal 0 -0 1
    outer loop
      vertex 9.74063 9.96585 158.991
      vertex 9.74063 10.0341 158.991
      vertex 9.73839 10 158.991
    endloop
  endfacet
  facet normal -0.170479 0.194417 0.965991
    outer loop
      vertex 9.52495 10.6191 158.923
      vertex 9.09083 10.9092 158.788
      vertex 9.4482 10.5518 158.923
    endloop
  endfacet
  facet normal -0.194359 0.170539 0.965992
    outer loop
      vertex 9.4482 10.5518 158.923
      vertex 9.09083 10.9092 158.788
      vertex 9.3809 10.4751 158.923
    endloop
  endfacet
  facet normal -0.142742 -0.215861 0.965934
    outer loop
      vertex 9.52495 9.3809 158.923
      vertex 9.29261 9.07811 158.821
      vertex 9.38601 8.9716 158.811
    endloop
  endfacet
  facet normal 0.0575835 -0.116825 0.991482
    outer loop
      vertex 10.3902 9.32419 158.923
      vertex 10.1308 9.77344 158.991
      vertex 10.2986 9.27904 158.923
    endloop
  endfacet
  facet normal 0.114325 -0.231942 0.965988
    outer loop
      vertex 10.3902 9.32419 158.923
      vertex 10.2986 9.27904 158.923
      vertex 10.6429 8.8865 158.788
    endloop
  endfacet
  facet normal -0.415693 0.277763 0.866052
    outer loop
      vertex 8.59643 11.077 158.587
      vertex 8.07545 11.1111 158.326
      vertex 8.46787 10.8846 158.587
    endloop
  endfacet
  facet normal -0.319817 0.213699 0.923065
    outer loop
      vertex 8.59643 11.077 158.587
      vertex 8.46787 10.8846 158.587
      vertex 8.8865 10.6429 158.788
    endloop
  endfacet
  facet normal -0.691388 0.150075 0.706725
    outer loop
      vertex 7.45248 10.6826 158.007
      vertex 7.30081 10.7232 157.85
      vertex 7.40706 10.6523 157.969
    endloop
  endfacet
  facet normal -0.670266 0.227582 0.706364
    outer loop
      vertex 7.22156 11.1509 157.637
      vertex 7.30081 10.7232 157.85
      vertex 7.45248 10.6826 158.007
    endloop
  endfacet
  facet normal -0.670328 0.227547 0.706316
    outer loop
      vertex 7.30081 10.7232 157.85
      vertex 7.22156 11.1509 157.637
      vertex 7.11789 10.8455 157.637
    endloop
  endfacet
  facet normal -0.0574778 0.116859 0.991484
    outer loop
      vertex 9.89989 10.2417 158.991
      vertex 9.70137 10.721 158.923
      vertex 9.86919 10.2266 158.991
    endloop
  endfacet
  facet normal -0.195124 -0.171099 0.965739
    outer loop
      vertex 9.17114 9.21102 158.825
      vertex 9.4482 9.4482 158.923
      vertex 9.3809 9.52495 158.923
    endloop
  endfacet
  facet normal -0.195285 -0.170911 0.96574
    outer loop
      vertex 9.4482 9.4482 158.923
      vertex 9.17114 9.21102 158.825
      vertex 9.19239 9.19239 158.826
    endloop
  endfacet
  facet normal -0.171099 -0.195124 0.965739
    outer loop
      vertex 9.4482 9.4482 158.923
      vertex 9.21102 9.17114 158.825
      vertex 9.52495 9.3809 158.923
    endloop
  endfacet
  facet normal -0.170911 -0.195285 0.96574
    outer loop
      vertex 9.21102 9.17114 158.825
      vertex 9.4482 9.4482 158.923
      vertex 9.19239 9.19239 158.826
    endloop
  endfacet
  facet normal -0.458753 0.402284 0.792283
    outer loop
      vertex 8.13509 11.8649 158.007
      vertex 7.90762 11.6055 158.007
      vertex 8.23695 11.3528 158.326
    endloop
  endfacet
  facet normal -0.507302 0.339015 0.792284
    outer loop
      vertex 7.90762 11.6055 158.007
      vertex 7.71596 11.3187 158.007
      vertex 8.23695 11.3528 158.326
    endloop
  endfacet
  facet normal -0.375871 0.329621 0.866066
    outer loop
      vertex 8.74902 11.251 158.587
      vertex 8.42861 11.5714 158.326
      vertex 8.59643 11.077 158.587
    endloop
  endfacet
  facet normal -0.402359 0.458715 0.792267
    outer loop
      vertex 8.64716 11.7631 158.326
      vertex 8.13509 11.8649 158.007
      vertex 8.42861 11.5714 158.326
    endloop
  endfacet
  facet normal -0.448384 0.22113 0.866056
    outer loop
      vertex 8.07545 11.1111 158.326
      vertex 7.94688 10.8504 158.326
      vertex 8.46787 10.8846 158.587
    endloop
  endfacet
  facet normal -0.547211 0.269869 0.792294
    outer loop
      vertex 8.07545 11.1111 158.326
      vertex 7.71596 11.3187 158.007
      vertex 7.94688 10.8504 158.326
    endloop
  endfacet
  facet normal -0.192925 -0.172622 0.96591
    outer loop
      vertex 9.3809 9.52495 158.923
      vertex 9.07811 9.29261 158.821
      vertex 9.17114 9.21102 158.825
    endloop
  endfacet
  facet normal -0.458805 0.402262 0.792265
    outer loop
      vertex 8.42861 11.5714 158.326
      vertex 8.13509 11.8649 158.007
      vertex 8.23695 11.3528 158.326
    endloop
  endfacet
  facet normal -0.375924 0.329596 0.866053
    outer loop
      vertex 8.42861 11.5714 158.326
      vertex 8.23695 11.3528 158.326
      vertex 8.59643 11.077 158.587
    endloop
  endfacet
  facet normal -0.473375 0.160727 0.866073
    outer loop
      vertex 7.94688 10.8504 158.326
      vertex 7.85344 10.5752 158.326
      vertex 8.29113 10.4579 158.587
    endloop
  endfacet
  facet normal -0.473394 0.160707 0.866067
    outer loop
      vertex 8.36551 10.677 158.587
      vertex 7.94688 10.8504 158.326
      vertex 8.29113 10.4579 158.587
    endloop
  endfacet
  facet normal -0.415694 0.27776 0.866053
    outer loop
      vertex 8.23695 11.3528 158.326
      vertex 8.07545 11.1111 158.326
      vertex 8.59643 11.077 158.587
    endloop
  endfacet
  facet normal -0.507307 0.338974 0.792298
    outer loop
      vertex 8.23695 11.3528 158.326
      vertex 7.71596 11.3187 158.007
      vertex 8.07545 11.1111 158.326
    endloop
  endfacet
endsolid OpenSCAD_Model
