solid OpenSCAD_Model
  facet normal 0.0654183 0 -0.997858
    outer loop
      vertex 0 -8 -14
      vertex 1.82737 8 -13.8802
      vertex 1.82737 -8 -13.8802
    endloop
  endfacet
  facet normal 0.0654183 0 -0.997858
    outer loop
      vertex 1.82737 8 -13.8802
      vertex 0 -8 -14
      vertex 0 8 -14
    endloop
  endfacet
  facet normal 0.980792 -0 0.195055
    outer loop
      vertex 13.523 -8 3.62347
      vertex 13.8802 8 1.82737
      vertex 13.523 8 3.62347
    endloop
  endfacet
  facet normal 0.980792 0 0.195055
    outer loop
      vertex 13.8802 8 1.82737
      vertex 13.523 -8 3.62347
      vertex 13.8802 -8 1.82737
    endloop
  endfacet
  facet normal 0.997858 -0 0.0654183
    outer loop
      vertex 13.8802 -8 1.82737
      vertex 14 8 0
      vertex 13.8802 8 1.82737
    endloop
  endfacet
  facet normal 0.997858 0 0.0654183
    outer loop
      vertex 14 8 0
      vertex 13.8802 -8 1.82737
      vertex 14 -8 0
    endloop
  endfacet
  facet normal 0.946921 -0 0.321465
    outer loop
      vertex 12.9343 -8 5.35757
      vertex 13.523 8 3.62347
      vertex 12.9343 8 5.35757
    endloop
  endfacet
  facet normal 0.946921 0 0.321465
    outer loop
      vertex 13.523 8 3.62347
      vertex 12.9343 -8 5.35757
      vertex 13.523 -8 3.62347
    endloop
  endfacet
  facet normal 0.751853 -0 0.65933
    outer loop
      vertex 10 -8 9.78489
      vertex 11.1069 8 8.52266
      vertex 10 8 9.78489
    endloop
  endfacet
  facet normal 0.751853 0 0.65933
    outer loop
      vertex 11.1069 8 8.52266
      vertex 10 -8 9.78489
      vertex 11.1069 -8 8.52266
    endloop
  endfacet
  facet normal 0.896885 0 -0.442264
    outer loop
      vertex 12.9343 -8 -5.35757
      vertex 12.1244 8 -7
      vertex 12.9343 8 -5.35757
    endloop
  endfacet
  facet normal 0.896885 0 -0.442264
    outer loop
      vertex 12.1244 8 -7
      vertex 12.9343 -8 -5.35757
      vertex 12.1244 -8 -7
    endloop
  endfacet
  facet normal -0.321465 0 -0.946921
    outer loop
      vertex -5.35757 -8 -12.9343
      vertex -3.62347 8 -13.523
      vertex -3.62347 -8 -13.523
    endloop
  endfacet
  facet normal -0.321465 0 -0.946921
    outer loop
      vertex -3.62347 8 -13.523
      vertex -5.35757 -8 -12.9343
      vertex -5.35757 8 -12.9343
    endloop
  endfacet
  facet normal -0.997858 0 0.0654183
    outer loop
      vertex -14 -8 0
      vertex -13.8802 8 1.82737
      vertex -14 8 0
    endloop
  endfacet
  facet normal -0.997858 0 0.0654183
    outer loop
      vertex -13.8802 8 1.82737
      vertex -14 -8 0
      vertex -13.8802 -8 1.82737
    endloop
  endfacet
  facet normal 0 -1 -0
    outer loop
      vertex -1.30526 -8 80.0856
      vertex -6 -8 68
      vertex 0 -8 80
    endloop
  endfacet
  facet normal 0 -1 -0
    outer loop
      vertex -2.58819 -8 80.3407
      vertex -6 -8 68
      vertex -1.30526 -8 80.0856
    endloop
  endfacet
  facet normal 0 -1 -0
    outer loop
      vertex -3.82683 -8 80.7612
      vertex -6 -8 68
      vertex -2.58819 -8 80.3407
    endloop
  endfacet
  facet normal 0 -1 -0
    outer loop
      vertex -5 -8 81.3397
      vertex -6 -8 68
      vertex -3.82683 -8 80.7612
    endloop
  endfacet
  facet normal 0 -1 0
    outer loop
      vertex -6.08761 -8 82.0665
      vertex -6 -8 68
      vertex -5 -8 81.3397
    endloop
  endfacet
  facet normal 0 -1 0
    outer loop
      vertex -7.07107 -8 82.9289
      vertex -6 -8 68
      vertex -6.08761 -8 82.0665
    endloop
  endfacet
  facet normal 0 -1 0
    outer loop
      vertex -7.93353 -8 83.9124
      vertex -6 -8 68
      vertex -7.07107 -8 82.9289
    endloop
  endfacet
  facet normal 0 -1 0
    outer loop
      vertex -8.66025 -8 85
      vertex -6 -8 68
      vertex -7.93353 -8 83.9124
    endloop
  endfacet
  facet normal 0 -1 0
    outer loop
      vertex -9.2388 -8 86.1732
      vertex -6 -8 68
      vertex -8.66025 -8 85
    endloop
  endfacet
  facet normal 0 -1 0
    outer loop
      vertex -9.65926 -8 87.4118
      vertex -6 -8 68
      vertex -9.2388 -8 86.1732
    endloop
  endfacet
  facet normal 0 -1 0
    outer loop
      vertex -10 -8 9.78489
      vertex -9.65926 -8 87.4118
      vertex -9.91445 -8 88.6947
    endloop
  endfacet
  facet normal 0 -1 0
    outer loop
      vertex -9.65926 -8 87.4118
      vertex -6 -8 60
      vertex -6 -8 68
    endloop
  endfacet
  facet normal 0 -1 -0
    outer loop
      vertex -6 -8 60
      vertex -10 -8 9.78489
      vertex 6 -8 60
    endloop
  endfacet
  facet normal 0 -1 -0
    outer loop
      vertex -9.65926 -8 87.4118
      vertex -10 -8 9.78489
      vertex -6 -8 60
    endloop
  endfacet
  facet normal 0 -1 0
    outer loop
      vertex -10 -8 9.78489
      vertex -9.91445 -8 88.6947
      vertex -10 -8 90
    endloop
  endfacet
  facet normal 0 -1 0
    outer loop
      vertex 6 -8 68
      vertex 0 -8 80
      vertex -6 -8 68
    endloop
  endfacet
  facet normal 0 -1 0
    outer loop
      vertex 0 -8 80
      vertex 6 -8 68
      vertex 1.30526 -8 80.0856
    endloop
  endfacet
  facet normal 0 -1 0
    outer loop
      vertex 1.30526 -8 80.0856
      vertex 6 -8 68
      vertex 2.58819 -8 80.3407
    endloop
  endfacet
  facet normal 0 -1 0
    outer loop
      vertex 2.58819 -8 80.3407
      vertex 6 -8 68
      vertex 3.82683 -8 80.7612
    endloop
  endfacet
  facet normal 0 -1 0
    outer loop
      vertex 3.82683 -8 80.7612
      vertex 6 -8 68
      vertex 5 -8 81.3397
    endloop
  endfacet
  facet normal 0 -1 0
    outer loop
      vertex 5 -8 81.3397
      vertex 6 -8 68
      vertex 6.08761 -8 82.0665
    endloop
  endfacet
  facet normal 0 -1 -0
    outer loop
      vertex 6.08761 -8 82.0665
      vertex 6 -8 68
      vertex 7.07107 -8 82.9289
    endloop
  endfacet
  facet normal 0 -1 -0
    outer loop
      vertex 7.07107 -8 82.9289
      vertex 6 -8 68
      vertex 7.93353 -8 83.9124
    endloop
  endfacet
  facet normal 0 -1 0
    outer loop
      vertex 6 -8 68
      vertex 8.66025 -8 85
      vertex 7.93353 -8 83.9124
    endloop
  endfacet
  facet normal 0 -1 0
    outer loop
      vertex 6 -8 68
      vertex 9.2388 -8 86.1732
      vertex 8.66025 -8 85
    endloop
  endfacet
  facet normal 0 -1 0
    outer loop
      vertex 6 -8 68
      vertex 9.65926 -8 87.4118
      vertex 9.2388 -8 86.1732
    endloop
  endfacet
  facet normal 0 -1 0
    outer loop
      vertex 6 -8 60
      vertex 9.65926 -8 87.4118
      vertex 6 -8 68
    endloop
  endfacet
  facet normal 0 -1 0
    outer loop
      vertex 10 -8 9.78489
      vertex 9.65926 -8 87.4118
      vertex 6 -8 60
    endloop
  endfacet
  facet normal 0 -1 0
    outer loop
      vertex 9.91445 -8 88.6947
      vertex 10 -8 9.78489
      vertex 10 -8 90
    endloop
  endfacet
  facet normal 0 -1 0
    outer loop
      vertex 9.65926 -8 87.4118
      vertex 10 -8 9.78489
      vertex 9.91445 -8 88.6947
    endloop
  endfacet
  facet normal 0 -1 0
    outer loop
      vertex -10 -8 9.78489
      vertex 10 -8 9.78489
      vertex 6 -8 60
    endloop
  endfacet
  facet normal 0 -1 0
    outer loop
      vertex -3.96677 -8 3.04381
      vertex -10 -8 9.78489
      vertex -11.1069 -8 8.52266
    endloop
  endfacet
  facet normal 0 -1 0
    outer loop
      vertex -10 -8 9.78489
      vertex 0 -8 5
      vertex 10 -8 9.78489
    endloop
  endfacet
  facet normal 0 -1 0
    outer loop
      vertex -3.96677 -8 3.04381
      vertex -11.1069 -8 8.52266
      vertex -12.1244 -8 7
    endloop
  endfacet
  facet normal 0 -1 0
    outer loop
      vertex 0.652631 -8 4.95722
      vertex 10 -8 9.78489
      vertex 0 -8 5
    endloop
  endfacet
  facet normal 0 -1 0
    outer loop
      vertex -4.33013 -8 2.5
      vertex -12.1244 -8 7
      vertex -12.9343 -8 5.35757
    endloop
  endfacet
  facet normal 0 -1 0
    outer loop
      vertex 1.2941 -8 4.82963
      vertex 10 -8 9.78489
      vertex 0.652631 -8 4.95722
    endloop
  endfacet
  facet normal 0 -1 0
    outer loop
      vertex 1.91342 -8 4.6194
      vertex 10 -8 9.78489
      vertex 1.2941 -8 4.82963
    endloop
  endfacet
  facet normal 0 -1 0
    outer loop
      vertex -10 -8 9.78489
      vertex -0.652631 -8 4.95722
      vertex 0 -8 5
    endloop
  endfacet
  facet normal 0 -1 0
    outer loop
      vertex -10 -8 9.78489
      vertex -1.2941 -8 4.82963
      vertex -0.652631 -8 4.95722
    endloop
  endfacet
  facet normal 0 -1 0
    outer loop
      vertex -10 -8 9.78489
      vertex -1.91342 -8 4.6194
      vertex -1.2941 -8 4.82963
    endloop
  endfacet
  facet normal 0 -1 0
    outer loop
      vertex -10 -8 9.78489
      vertex -2.5 -8 4.33013
      vertex -1.91342 -8 4.6194
    endloop
  endfacet
  facet normal 0 -1 0
    outer loop
      vertex -10 -8 9.78489
      vertex -3.04381 -8 3.96677
      vertex -2.5 -8 4.33013
    endloop
  endfacet
  facet normal 0 -1 0
    outer loop
      vertex -4.6194 -8 1.91342
      vertex -12.9343 -8 5.35757
      vertex -13.523 -8 3.62347
    endloop
  endfacet
  facet normal 0 -1 0
    outer loop
      vertex -10 -8 9.78489
      vertex -3.53553 -8 3.53553
      vertex -3.04381 -8 3.96677
    endloop
  endfacet
  facet normal 0 -1 0
    outer loop
      vertex -10 -8 9.78489
      vertex -3.96677 -8 3.04381
      vertex -3.53553 -8 3.53553
    endloop
  endfacet
  facet normal 0 -1 0
    outer loop
      vertex -12.1244 -8 7
      vertex -4.33013 -8 2.5
      vertex -3.96677 -8 3.04381
    endloop
  endfacet
  facet normal 0 -1 0
    outer loop
      vertex -12.9343 -8 5.35757
      vertex -4.6194 -8 1.91342
      vertex -4.33013 -8 2.5
    endloop
  endfacet
  facet normal 0 -1 0
    outer loop
      vertex -4.82963 -8 1.2941
      vertex -13.523 -8 3.62347
      vertex -13.8802 -8 1.82737
    endloop
  endfacet
  facet normal 0 -1 0
    outer loop
      vertex -13.523 -8 3.62347
      vertex -4.82963 -8 1.2941
      vertex -4.6194 -8 1.91342
    endloop
  endfacet
  facet normal 0 -1 0
    outer loop
      vertex -13.8802 -8 1.82737
      vertex -4.95722 -8 0.652631
      vertex -4.82963 -8 1.2941
    endloop
  endfacet
  facet normal 0 -1 0
    outer loop
      vertex -14 -8 0
      vertex -4.95722 -8 0.652631
      vertex -13.8802 -8 1.82737
    endloop
  endfacet
  facet normal 0 -1 0
    outer loop
      vertex -14 -8 0
      vertex -5 -8 0
      vertex -4.95722 -8 0.652631
    endloop
  endfacet
  facet normal 0 -1 0
    outer loop
      vertex -14 -8 0
      vertex -4.95722 -8 -0.652631
      vertex -5 -8 0
    endloop
  endfacet
  facet normal 0 -1 0
    outer loop
      vertex -13.8802 -8 -1.82737
      vertex -4.95722 -8 -0.652631
      vertex -14 -8 0
    endloop
  endfacet
  facet normal 0 -1 -0
    outer loop
      vertex -4.95722 -8 -0.652631
      vertex -13.8802 -8 -1.82737
      vertex -4.82963 -8 -1.2941
    endloop
  endfacet
  facet normal 0 -1 0
    outer loop
      vertex -13.523 -8 -3.62347
      vertex -4.82963 -8 -1.2941
      vertex -13.8802 -8 -1.82737
    endloop
  endfacet
  facet normal 0 -1 -0
    outer loop
      vertex -4.82963 -8 -1.2941
      vertex -13.523 -8 -3.62347
      vertex -4.6194 -8 -1.91342
    endloop
  endfacet
  facet normal 0 -1 0
    outer loop
      vertex -12.9343 -8 -5.35757
      vertex -4.6194 -8 -1.91342
      vertex -13.523 -8 -3.62347
    endloop
  endfacet
  facet normal 0 -1 -0
    outer loop
      vertex -4.6194 -8 -1.91342
      vertex -12.9343 -8 -5.35757
      vertex -4.33013 -8 -2.5
    endloop
  endfacet
  facet normal 0 -1 0
    outer loop
      vertex -12.1244 -8 -7
      vertex -4.33013 -8 -2.5
      vertex -12.9343 -8 -5.35757
    endloop
  endfacet
  facet normal 0 -1 -0
    outer loop
      vertex -4.33013 -8 -2.5
      vertex -12.1244 -8 -7
      vertex -3.96677 -8 -3.04381
    endloop
  endfacet
  facet normal 0 -1 0
    outer loop
      vertex -11.1069 -8 -8.52266
      vertex -3.96677 -8 -3.04381
      vertex -12.1244 -8 -7
    endloop
  endfacet
  facet normal 0 -1 -0
    outer loop
      vertex -3.96677 -8 -3.04381
      vertex -11.1069 -8 -8.52266
      vertex -3.53553 -8 -3.53553
    endloop
  endfacet
  facet normal 0 -1 0
    outer loop
      vertex -9.89949 -8 -9.89949
      vertex -3.53553 -8 -3.53553
      vertex -11.1069 -8 -8.52266
    endloop
  endfacet
  facet normal 0 -1 -0
    outer loop
      vertex -3.53553 -8 -3.53553
      vertex -9.89949 -8 -9.89949
      vertex -3.04381 -8 -3.96677
    endloop
  endfacet
  facet normal 0 -1 -0
    outer loop
      vertex -3.04381 -8 -3.96677
      vertex -8.52266 -8 -11.1069
      vertex -2.5 -8 -4.33013
    endloop
  endfacet
  facet normal 0 -1 0
    outer loop
      vertex -8.52266 -8 -11.1069
      vertex -3.04381 -8 -3.96677
      vertex -9.89949 -8 -9.89949
    endloop
  endfacet
  facet normal 0 -1 0
    outer loop
      vertex 2.5 -8 4.33013
      vertex 10 -8 9.78489
      vertex 1.91342 -8 4.6194
    endloop
  endfacet
  facet normal 0 -1 0
    outer loop
      vertex 3.04381 -8 3.96677
      vertex 10 -8 9.78489
      vertex 2.5 -8 4.33013
    endloop
  endfacet
  facet normal 0 -1 0
    outer loop
      vertex 3.53553 -8 3.53553
      vertex 10 -8 9.78489
      vertex 3.04381 -8 3.96677
    endloop
  endfacet
  facet normal 0 -1 0
    outer loop
      vertex 3.96677 -8 3.04381
      vertex 10 -8 9.78489
      vertex 3.53553 -8 3.53553
    endloop
  endfacet
  facet normal 0 -1 -0
    outer loop
      vertex 10 -8 9.78489
      vertex 3.96677 -8 3.04381
      vertex 11.1069 -8 8.52266
    endloop
  endfacet
  facet normal 0 -1 -0
    outer loop
      vertex 11.1069 -8 8.52266
      vertex 3.96677 -8 3.04381
      vertex 12.1244 -8 7
    endloop
  endfacet
  facet normal 0 -1 0
    outer loop
      vertex 4.33013 -8 2.5
      vertex 12.1244 -8 7
      vertex 3.96677 -8 3.04381
    endloop
  endfacet
  facet normal 0 -1 -0
    outer loop
      vertex 12.1244 -8 7
      vertex 4.33013 -8 2.5
      vertex 12.9343 -8 5.35757
    endloop
  endfacet
  facet normal 0 -1 0
    outer loop
      vertex 4.6194 -8 1.91342
      vertex 12.9343 -8 5.35757
      vertex 4.33013 -8 2.5
    endloop
  endfacet
  facet normal 0 -1 -0
    outer loop
      vertex 12.9343 -8 5.35757
      vertex 4.6194 -8 1.91342
      vertex 13.523 -8 3.62347
    endloop
  endfacet
  facet normal 0 -1 0
    outer loop
      vertex 4.82963 -8 1.2941
      vertex 13.523 -8 3.62347
      vertex 4.6194 -8 1.91342
    endloop
  endfacet
  facet normal 0 -1 -0
    outer loop
      vertex 13.523 -8 3.62347
      vertex 4.82963 -8 1.2941
      vertex 13.8802 -8 1.82737
    endloop
  endfacet
  facet normal 0 -1 0
    outer loop
      vertex 4.95722 -8 0.652631
      vertex 13.8802 -8 1.82737
      vertex 4.82963 -8 1.2941
    endloop
  endfacet
  facet normal 0 -1 0
    outer loop
      vertex 5 -8 0
      vertex 13.8802 -8 1.82737
      vertex 4.95722 -8 0.652631
    endloop
  endfacet
  facet normal 0 -1 0
    outer loop
      vertex 5 -8 0
      vertex 14 -8 0
      vertex 13.8802 -8 1.82737
    endloop
  endfacet
  facet normal 0 -1 0
    outer loop
      vertex 4.95722 -8 -0.652631
      vertex 14 -8 0
      vertex 5 -8 0
    endloop
  endfacet
  facet normal 0 -1 0
    outer loop
      vertex 13.8802 -8 -1.82737
      vertex 4.95722 -8 -0.652631
      vertex 4.82963 -8 -1.2941
    endloop
  endfacet
  facet normal 0 -1 0
    outer loop
      vertex 4.95722 -8 -0.652631
      vertex 13.8802 -8 -1.82737
      vertex 14 -8 0
    endloop
  endfacet
  facet normal 0 -1 0
    outer loop
      vertex 13.523 -8 -3.62347
      vertex 4.82963 -8 -1.2941
      vertex 4.6194 -8 -1.91342
    endloop
  endfacet
  facet normal 0 -1 0
    outer loop
      vertex 12.9343 -8 -5.35757
      vertex 4.6194 -8 -1.91342
      vertex 4.33013 -8 -2.5
    endloop
  endfacet
  facet normal 0 -1 0
    outer loop
      vertex 12.1244 -8 -7
      vertex 4.33013 -8 -2.5
      vertex 3.96677 -8 -3.04381
    endloop
  endfacet
  facet normal 0 -1 0
    outer loop
      vertex 11.1069 -8 -8.52266
      vertex 3.96677 -8 -3.04381
      vertex 3.53553 -8 -3.53553
    endloop
  endfacet
  facet normal 0 -1 0
    outer loop
      vertex 4.82963 -8 -1.2941
      vertex 13.523 -8 -3.62347
      vertex 13.8802 -8 -1.82737
    endloop
  endfacet
  facet normal 0 -1 0
    outer loop
      vertex 9.89949 -8 -9.89949
      vertex 3.53553 -8 -3.53553
      vertex 3.04381 -8 -3.96677
    endloop
  endfacet
  facet normal 0 -1 0
    outer loop
      vertex 8.52266 -8 -11.1069
      vertex 3.04381 -8 -3.96677
      vertex 2.5 -8 -4.33013
    endloop
  endfacet
  facet normal 0 -1 0
    outer loop
      vertex 7 -8 -12.1244
      vertex 2.5 -8 -4.33013
      vertex 1.91342 -8 -4.6194
    endloop
  endfacet
  facet normal 0 -1 0
    outer loop
      vertex 5.35757 -8 -12.9343
      vertex 1.91342 -8 -4.6194
      vertex 1.2941 -8 -4.82963
    endloop
  endfacet
  facet normal 0 -1 0
    outer loop
      vertex 3.62347 -8 -13.523
      vertex 1.2941 -8 -4.82963
      vertex 0.652631 -8 -4.95722
    endloop
  endfacet
  facet normal 0 -1 0
    outer loop
      vertex 4.6194 -8 -1.91342
      vertex 12.9343 -8 -5.35757
      vertex 13.523 -8 -3.62347
    endloop
  endfacet
  facet normal 0 -1 0
    outer loop
      vertex 1.82737 -8 -13.8802
      vertex 0.652631 -8 -4.95722
      vertex 0 -8 -5
    endloop
  endfacet
  facet normal 0 -1 0
    outer loop
      vertex -7 -8 -12.1244
      vertex -2.5 -8 -4.33013
      vertex -8.52266 -8 -11.1069
    endloop
  endfacet
  facet normal 0 -1 -0
    outer loop
      vertex -2.5 -8 -4.33013
      vertex -7 -8 -12.1244
      vertex -1.91342 -8 -4.6194
    endloop
  endfacet
  facet normal 0 -1 0
    outer loop
      vertex 4.33013 -8 -2.5
      vertex 12.1244 -8 -7
      vertex 12.9343 -8 -5.35757
    endloop
  endfacet
  facet normal 0 -1 0
    outer loop
      vertex -5.35757 -8 -12.9343
      vertex -1.91342 -8 -4.6194
      vertex -7 -8 -12.1244
    endloop
  endfacet
  facet normal 0 -1 0
    outer loop
      vertex 3.96677 -8 -3.04381
      vertex 11.1069 -8 -8.52266
      vertex 12.1244 -8 -7
    endloop
  endfacet
  facet normal 0 -1 -0
    outer loop
      vertex -1.91342 -8 -4.6194
      vertex -5.35757 -8 -12.9343
      vertex -1.2941 -8 -4.82963
    endloop
  endfacet
  facet normal 0 -1 0
    outer loop
      vertex 3.53553 -8 -3.53553
      vertex 9.89949 -8 -9.89949
      vertex 11.1069 -8 -8.52266
    endloop
  endfacet
  facet normal 0 -1 0
    outer loop
      vertex -3.62347 -8 -13.523
      vertex -1.2941 -8 -4.82963
      vertex -5.35757 -8 -12.9343
    endloop
  endfacet
  facet normal 0 -1 0
    outer loop
      vertex 3.04381 -8 -3.96677
      vertex 8.52266 -8 -11.1069
      vertex 9.89949 -8 -9.89949
    endloop
  endfacet
  facet normal 0 -1 -0
    outer loop
      vertex -1.2941 -8 -4.82963
      vertex -3.62347 -8 -13.523
      vertex -0.652631 -8 -4.95722
    endloop
  endfacet
  facet normal 0 -1 0
    outer loop
      vertex 2.5 -8 -4.33013
      vertex 7 -8 -12.1244
      vertex 8.52266 -8 -11.1069
    endloop
  endfacet
  facet normal 0 -1 0
    outer loop
      vertex -1.82737 -8 -13.8802
      vertex -0.652631 -8 -4.95722
      vertex -3.62347 -8 -13.523
    endloop
  endfacet
  facet normal 0 -1 0
    outer loop
      vertex 1.91342 -8 -4.6194
      vertex 5.35757 -8 -12.9343
      vertex 7 -8 -12.1244
    endloop
  endfacet
  facet normal 0 -1 -0
    outer loop
      vertex -0.652631 -8 -4.95722
      vertex -1.82737 -8 -13.8802
      vertex 0 -8 -5
    endloop
  endfacet
  facet normal 0 -1 0
    outer loop
      vertex 1.2941 -8 -4.82963
      vertex 3.62347 -8 -13.523
      vertex 5.35757 -8 -12.9343
    endloop
  endfacet
  facet normal 0 -1 0
    outer loop
      vertex 0 -8 -14
      vertex 0 -8 -5
      vertex -1.82737 -8 -13.8802
    endloop
  endfacet
  facet normal 0 -1 0
    outer loop
      vertex 0.652631 -8 -4.95722
      vertex 1.82737 -8 -13.8802
      vertex 3.62347 -8 -13.523
    endloop
  endfacet
  facet normal 0 -1 0
    outer loop
      vertex 0 -8 -5
      vertex 0 -8 -14
      vertex 1.82737 -8 -13.8802
    endloop
  endfacet
  facet normal -0.980792 0 0.195055
    outer loop
      vertex -13.8802 -8 1.82737
      vertex -13.523 8 3.62347
      vertex -13.8802 8 1.82737
    endloop
  endfacet
  facet normal -0.980792 0 0.195055
    outer loop
      vertex -13.523 8 3.62347
      vertex -13.8802 -8 1.82737
      vertex -13.523 -8 3.62347
    endloop
  endfacet
  facet normal 0.195055 0 -0.980792
    outer loop
      vertex 1.82737 -8 -13.8802
      vertex 3.62347 8 -13.523
      vertex 3.62347 -8 -13.523
    endloop
  endfacet
  facet normal 0.195055 0 -0.980792
    outer loop
      vertex 3.62347 8 -13.523
      vertex 1.82737 -8 -13.8802
      vertex 1.82737 8 -13.8802
    endloop
  endfacet
  facet normal 0.896885 -0 0.442264
    outer loop
      vertex 12.1244 -8 7
      vertex 12.9343 8 5.35757
      vertex 12.1244 8 7
    endloop
  endfacet
  facet normal 0.896885 0 0.442264
    outer loop
      vertex 12.9343 8 5.35757
      vertex 12.1244 -8 7
      vertex 12.9343 -8 5.35757
    endloop
  endfacet
  facet normal -0.980792 0 -0.195055
    outer loop
      vertex -13.523 -8 -3.62347
      vertex -13.8802 8 -1.82737
      vertex -13.523 8 -3.62347
    endloop
  endfacet
  facet normal -0.980792 -0 -0.195055
    outer loop
      vertex -13.8802 8 -1.82737
      vertex -13.523 -8 -3.62347
      vertex -13.8802 -8 -1.82737
    endloop
  endfacet
  facet normal -0.195055 0 -0.980792
    outer loop
      vertex -3.62347 -8 -13.523
      vertex -1.82737 8 -13.8802
      vertex -1.82737 -8 -13.8802
    endloop
  endfacet
  facet normal -0.195055 0 -0.980792
    outer loop
      vertex -1.82737 8 -13.8802
      vertex -3.62347 -8 -13.523
      vertex -3.62347 8 -13.523
    endloop
  endfacet
  facet normal 0.831447 -0 0.555605
    outer loop
      vertex 11.1069 -8 8.52266
      vertex 12.1244 8 7
      vertex 11.1069 8 8.52266
    endloop
  endfacet
  facet normal 0.831447 0 0.555605
    outer loop
      vertex 12.1244 8 7
      vertex 11.1069 -8 8.52266
      vertex 12.1244 -8 7
    endloop
  endfacet
  facet normal 0.442264 0 -0.896885
    outer loop
      vertex 5.35757 -8 -12.9343
      vertex 7 8 -12.1244
      vertex 7 -8 -12.1244
    endloop
  endfacet
  facet normal 0.442264 0 -0.896885
    outer loop
      vertex 7 8 -12.1244
      vertex 5.35757 -8 -12.9343
      vertex 5.35757 8 -12.9343
    endloop
  endfacet
  facet normal -0.997858 0 -0.0654183
    outer loop
      vertex -13.8802 -8 -1.82737
      vertex -14 8 0
      vertex -13.8802 8 -1.82737
    endloop
  endfacet
  facet normal -0.997858 -0 -0.0654183
    outer loop
      vertex -14 8 0
      vertex -13.8802 -8 -1.82737
      vertex -14 -8 0
    endloop
  endfacet
  facet normal -0.946921 0 -0.321465
    outer loop
      vertex -12.9343 -8 -5.35757
      vertex -13.523 8 -3.62347
      vertex -12.9343 8 -5.35757
    endloop
  endfacet
  facet normal -0.946921 -0 -0.321465
    outer loop
      vertex -13.523 8 -3.62347
      vertex -12.9343 -8 -5.35757
      vertex -13.523 -8 -3.62347
    endloop
  endfacet
  facet normal -0.442264 0 -0.896885
    outer loop
      vertex -7 -8 -12.1244
      vertex -5.35757 8 -12.9343
      vertex -5.35757 -8 -12.9343
    endloop
  endfacet
  facet normal -0.442264 0 -0.896885
    outer loop
      vertex -5.35757 8 -12.9343
      vertex -7 -8 -12.1244
      vertex -7 8 -12.1244
    endloop
  endfacet
  facet normal -0.831447 0 -0.555605
    outer loop
      vertex -11.1069 -8 -8.52266
      vertex -12.1244 8 -7
      vertex -11.1069 8 -8.52266
    endloop
  endfacet
  facet normal -0.831447 -0 -0.555605
    outer loop
      vertex -12.1244 8 -7
      vertex -11.1069 -8 -8.52266
      vertex -12.1244 -8 -7
    endloop
  endfacet
  facet normal -0.659334 0 -0.75185
    outer loop
      vertex -9.89949 -8 -9.89949
      vertex -8.52266 8 -11.1069
      vertex -8.52266 -8 -11.1069
    endloop
  endfacet
  facet normal -0.659334 0 -0.75185
    outer loop
      vertex -8.52266 8 -11.1069
      vertex -9.89949 -8 -9.89949
      vertex -9.89949 8 -9.89949
    endloop
  endfacet
  facet normal -0.0654183 0 -0.997858
    outer loop
      vertex -1.82737 -8 -13.8802
      vertex 0 8 -14
      vertex 0 -8 -14
    endloop
  endfacet
  facet normal -0.0654183 0 -0.997858
    outer loop
      vertex 0 8 -14
      vertex -1.82737 -8 -13.8802
      vertex -1.82737 8 -13.8802
    endloop
  endfacet
  facet normal 0.831447 0 -0.555605
    outer loop
      vertex 12.1244 -8 -7
      vertex 11.1069 8 -8.52266
      vertex 12.1244 8 -7
    endloop
  endfacet
  facet normal 0.831447 0 -0.555605
    outer loop
      vertex 11.1069 8 -8.52266
      vertex 12.1244 -8 -7
      vertex 11.1069 -8 -8.52266
    endloop
  endfacet
  facet normal 0.555605 0 -0.831447
    outer loop
      vertex 7 -8 -12.1244
      vertex 8.52266 8 -11.1069
      vertex 8.52266 -8 -11.1069
    endloop
  endfacet
  facet normal 0.555605 0 -0.831447
    outer loop
      vertex 8.52266 8 -11.1069
      vertex 7 -8 -12.1244
      vertex 7 8 -12.1244
    endloop
  endfacet
  facet normal 0.75185 0 -0.659334
    outer loop
      vertex 11.1069 -8 -8.52266
      vertex 9.89949 8 -9.89949
      vertex 11.1069 8 -8.52266
    endloop
  endfacet
  facet normal 0.75185 0 -0.659334
    outer loop
      vertex 9.89949 8 -9.89949
      vertex 11.1069 -8 -8.52266
      vertex 9.89949 -8 -9.89949
    endloop
  endfacet
  facet normal 0.980792 0 -0.195055
    outer loop
      vertex 13.8802 -8 -1.82737
      vertex 13.523 8 -3.62347
      vertex 13.8802 8 -1.82737
    endloop
  endfacet
  facet normal 0.980792 0 -0.195055
    outer loop
      vertex 13.523 8 -3.62347
      vertex 13.8802 -8 -1.82737
      vertex 13.523 -8 -3.62347
    endloop
  endfacet
  facet normal 0.946921 0 -0.321465
    outer loop
      vertex 13.523 -8 -3.62347
      vertex 12.9343 8 -5.35757
      vertex 13.523 8 -3.62347
    endloop
  endfacet
  facet normal 0.946921 0 -0.321465
    outer loop
      vertex 12.9343 8 -5.35757
      vertex 13.523 -8 -3.62347
      vertex 12.9343 -8 -5.35757
    endloop
  endfacet
  facet normal -0.896885 0 -0.442264
    outer loop
      vertex -12.1244 -8 -7
      vertex -12.9343 8 -5.35757
      vertex -12.1244 8 -7
    endloop
  endfacet
  facet normal -0.896885 -0 -0.442264
    outer loop
      vertex -12.9343 8 -5.35757
      vertex -12.1244 -8 -7
      vertex -12.9343 -8 -5.35757
    endloop
  endfacet
  facet normal -0.896885 0 0.442264
    outer loop
      vertex -12.9343 -8 5.35757
      vertex -12.1244 8 7
      vertex -12.9343 8 5.35757
    endloop
  endfacet
  facet normal -0.896885 0 0.442264
    outer loop
      vertex -12.1244 8 7
      vertex -12.9343 -8 5.35757
      vertex -12.1244 -8 7
    endloop
  endfacet
  facet normal 0 1 0
    outer loop
      vertex 1.30526 8 80.0856
      vertex 6 8 68
      vertex 0 8 80
    endloop
  endfacet
  facet normal 0 1 0
    outer loop
      vertex 2.58819 8 80.3407
      vertex 6 8 68
      vertex 1.30526 8 80.0856
    endloop
  endfacet
  facet normal 0 1 0
    outer loop
      vertex 3.82683 8 80.7612
      vertex 6 8 68
      vertex 2.58819 8 80.3407
    endloop
  endfacet
  facet normal 0 1 0
    outer loop
      vertex 5 8 81.3397
      vertex 6 8 68
      vertex 3.82683 8 80.7612
    endloop
  endfacet
  facet normal 0 1 0
    outer loop
      vertex 6.08761 8 82.0665
      vertex 6 8 68
      vertex 5 8 81.3397
    endloop
  endfacet
  facet normal 0 1 0
    outer loop
      vertex 7.07107 8 82.9289
      vertex 6 8 68
      vertex 6.08761 8 82.0665
    endloop
  endfacet
  facet normal 0 1 0
    outer loop
      vertex 7.93353 8 83.9124
      vertex 6 8 68
      vertex 7.07107 8 82.9289
    endloop
  endfacet
  facet normal 0 1 0
    outer loop
      vertex 8.66025 8 85
      vertex 6 8 68
      vertex 7.93353 8 83.9124
    endloop
  endfacet
  facet normal 0 1 0
    outer loop
      vertex 9.2388 8 86.1732
      vertex 6 8 68
      vertex 8.66025 8 85
    endloop
  endfacet
  facet normal 0 1 0
    outer loop
      vertex 9.65926 8 87.4118
      vertex 6 8 68
      vertex 9.2388 8 86.1732
    endloop
  endfacet
  facet normal 0 1 0
    outer loop
      vertex 10 8 9.78489
      vertex 9.65926 8 87.4118
      vertex 9.91445 8 88.6947
    endloop
  endfacet
  facet normal 0 1 0
    outer loop
      vertex 9.65926 8 87.4118
      vertex 6 8 60
      vertex 6 8 68
    endloop
  endfacet
  facet normal 0 1 0
    outer loop
      vertex 6 8 60
      vertex 10 8 9.78489
      vertex -6 8 60
    endloop
  endfacet
  facet normal 0 1 0
    outer loop
      vertex 9.65926 8 87.4118
      vertex 10 8 9.78489
      vertex 6 8 60
    endloop
  endfacet
  facet normal 0 1 -0
    outer loop
      vertex 10 8 9.78489
      vertex 9.91445 8 88.6947
      vertex 10 8 90
    endloop
  endfacet
  facet normal 0 1 0
    outer loop
      vertex -6 8 68
      vertex 0 8 80
      vertex 6 8 68
    endloop
  endfacet
  facet normal 0 1 0
    outer loop
      vertex 0 8 80
      vertex -6 8 68
      vertex -1.30526 8 80.0856
    endloop
  endfacet
  facet normal 0 1 0
    outer loop
      vertex -1.30526 8 80.0856
      vertex -6 8 68
      vertex -2.58819 8 80.3407
    endloop
  endfacet
  facet normal 0 1 0
    outer loop
      vertex -2.58819 8 80.3407
      vertex -6 8 68
      vertex -3.82683 8 80.7612
    endloop
  endfacet
  facet normal 0 1 0
    outer loop
      vertex -3.82683 8 80.7612
      vertex -6 8 68
      vertex -5 8 81.3397
    endloop
  endfacet
  facet normal 0 1 0
    outer loop
      vertex -5 8 81.3397
      vertex -6 8 68
      vertex -6.08761 8 82.0665
    endloop
  endfacet
  facet normal 0 1 0
    outer loop
      vertex -6.08761 8 82.0665
      vertex -6 8 68
      vertex -7.07107 8 82.9289
    endloop
  endfacet
  facet normal 0 1 0
    outer loop
      vertex -7.07107 8 82.9289
      vertex -6 8 68
      vertex -7.93353 8 83.9124
    endloop
  endfacet
  facet normal 0 1 0
    outer loop
      vertex -6 8 68
      vertex -8.66025 8 85
      vertex -7.93353 8 83.9124
    endloop
  endfacet
  facet normal 0 1 0
    outer loop
      vertex -6 8 68
      vertex -9.2388 8 86.1732
      vertex -8.66025 8 85
    endloop
  endfacet
  facet normal 0 1 0
    outer loop
      vertex -6 8 68
      vertex -9.65926 8 87.4118
      vertex -9.2388 8 86.1732
    endloop
  endfacet
  facet normal 0 1 -0
    outer loop
      vertex -6 8 60
      vertex -9.65926 8 87.4118
      vertex -6 8 68
    endloop
  endfacet
  facet normal 0 1 0
    outer loop
      vertex -10 8 9.78489
      vertex -9.65926 8 87.4118
      vertex -6 8 60
    endloop
  endfacet
  facet normal 0 1 0
    outer loop
      vertex -9.91445 8 88.6947
      vertex -10 8 9.78489
      vertex -10 8 90
    endloop
  endfacet
  facet normal 0 1 0
    outer loop
      vertex -9.65926 8 87.4118
      vertex -10 8 9.78489
      vertex -9.91445 8 88.6947
    endloop
  endfacet
  facet normal 0 1 0
    outer loop
      vertex 10 8 9.78489
      vertex -10 8 9.78489
      vertex -6 8 60
    endloop
  endfacet
  facet normal 0 1 0
    outer loop
      vertex 3.96677 8 3.04381
      vertex 10 8 9.78489
      vertex 11.1069 8 8.52266
    endloop
  endfacet
  facet normal 0 1 0
    outer loop
      vertex 10 8 9.78489
      vertex 0 8 5
      vertex -10 8 9.78489
    endloop
  endfacet
  facet normal 0 1 0
    outer loop
      vertex 3.96677 8 3.04381
      vertex 11.1069 8 8.52266
      vertex 12.1244 8 7
    endloop
  endfacet
  facet normal 0 1 -0
    outer loop
      vertex -0.652631 8 4.95722
      vertex -10 8 9.78489
      vertex 0 8 5
    endloop
  endfacet
  facet normal 0 1 0
    outer loop
      vertex 4.33013 8 2.5
      vertex 12.1244 8 7
      vertex 12.9343 8 5.35757
    endloop
  endfacet
  facet normal 0 1 -0
    outer loop
      vertex -1.2941 8 4.82963
      vertex -10 8 9.78489
      vertex -0.652631 8 4.95722
    endloop
  endfacet
  facet normal 0 1 -0
    outer loop
      vertex -1.91342 8 4.6194
      vertex -10 8 9.78489
      vertex -1.2941 8 4.82963
    endloop
  endfacet
  facet normal 0 1 0
    outer loop
      vertex 10 8 9.78489
      vertex 0.652631 8 4.95722
      vertex 0 8 5
    endloop
  endfacet
  facet normal 0 1 0
    outer loop
      vertex 10 8 9.78489
      vertex 1.2941 8 4.82963
      vertex 0.652631 8 4.95722
    endloop
  endfacet
  facet normal 0 1 0
    outer loop
      vertex 10 8 9.78489
      vertex 1.91342 8 4.6194
      vertex 1.2941 8 4.82963
    endloop
  endfacet
  facet normal 0 1 0
    outer loop
      vertex 10 8 9.78489
      vertex 2.5 8 4.33013
      vertex 1.91342 8 4.6194
    endloop
  endfacet
  facet normal 0 1 0
    outer loop
      vertex 10 8 9.78489
      vertex 3.04381 8 3.96677
      vertex 2.5 8 4.33013
    endloop
  endfacet
  facet normal 0 1 0
    outer loop
      vertex 4.6194 8 1.91342
      vertex 12.9343 8 5.35757
      vertex 13.523 8 3.62347
    endloop
  endfacet
  facet normal 0 1 0
    outer loop
      vertex 10 8 9.78489
      vertex 3.53553 8 3.53553
      vertex 3.04381 8 3.96677
    endloop
  endfacet
  facet normal 0 1 0
    outer loop
      vertex 10 8 9.78489
      vertex 3.96677 8 3.04381
      vertex 3.53553 8 3.53553
    endloop
  endfacet
  facet normal 0 1 0
    outer loop
      vertex 12.1244 8 7
      vertex 4.33013 8 2.5
      vertex 3.96677 8 3.04381
    endloop
  endfacet
  facet normal 0 1 0
    outer loop
      vertex 12.9343 8 5.35757
      vertex 4.6194 8 1.91342
      vertex 4.33013 8 2.5
    endloop
  endfacet
  facet normal 0 1 0
    outer loop
      vertex 4.82963 8 1.2941
      vertex 13.523 8 3.62347
      vertex 13.8802 8 1.82737
    endloop
  endfacet
  facet normal 0 1 0
    outer loop
      vertex 13.523 8 3.62347
      vertex 4.82963 8 1.2941
      vertex 4.6194 8 1.91342
    endloop
  endfacet
  facet normal 0 1 0
    outer loop
      vertex 13.8802 8 1.82737
      vertex 4.95722 8 0.652631
      vertex 4.82963 8 1.2941
    endloop
  endfacet
  facet normal 0 1 0
    outer loop
      vertex 14 8 0
      vertex 4.95722 8 0.652631
      vertex 13.8802 8 1.82737
    endloop
  endfacet
  facet normal 0 1 0
    outer loop
      vertex 14 8 0
      vertex 5 8 0
      vertex 4.95722 8 0.652631
    endloop
  endfacet
  facet normal 0 1 0
    outer loop
      vertex 14 8 0
      vertex 4.95722 8 -0.652631
      vertex 5 8 0
    endloop
  endfacet
  facet normal 0 1 -0
    outer loop
      vertex 13.8802 8 -1.82737
      vertex 4.95722 8 -0.652631
      vertex 14 8 0
    endloop
  endfacet
  facet normal 0 1 0
    outer loop
      vertex 4.95722 8 -0.652631
      vertex 13.8802 8 -1.82737
      vertex 4.82963 8 -1.2941
    endloop
  endfacet
  facet normal 0 1 -0
    outer loop
      vertex 13.523 8 -3.62347
      vertex 4.82963 8 -1.2941
      vertex 13.8802 8 -1.82737
    endloop
  endfacet
  facet normal 0 1 0
    outer loop
      vertex 4.82963 8 -1.2941
      vertex 13.523 8 -3.62347
      vertex 4.6194 8 -1.91342
    endloop
  endfacet
  facet normal 0 1 -0
    outer loop
      vertex 12.9343 8 -5.35757
      vertex 4.6194 8 -1.91342
      vertex 13.523 8 -3.62347
    endloop
  endfacet
  facet normal 0 1 0
    outer loop
      vertex 4.6194 8 -1.91342
      vertex 12.9343 8 -5.35757
      vertex 4.33013 8 -2.5
    endloop
  endfacet
  facet normal 0 1 -0
    outer loop
      vertex 12.1244 8 -7
      vertex 4.33013 8 -2.5
      vertex 12.9343 8 -5.35757
    endloop
  endfacet
  facet normal 0 1 0
    outer loop
      vertex 4.33013 8 -2.5
      vertex 12.1244 8 -7
      vertex 3.96677 8 -3.04381
    endloop
  endfacet
  facet normal 0 1 -0
    outer loop
      vertex 11.1069 8 -8.52266
      vertex 3.96677 8 -3.04381
      vertex 12.1244 8 -7
    endloop
  endfacet
  facet normal 0 1 0
    outer loop
      vertex 3.96677 8 -3.04381
      vertex 11.1069 8 -8.52266
      vertex 3.53553 8 -3.53553
    endloop
  endfacet
  facet normal 0 1 -0
    outer loop
      vertex 9.89949 8 -9.89949
      vertex 3.53553 8 -3.53553
      vertex 11.1069 8 -8.52266
    endloop
  endfacet
  facet normal 0 1 0
    outer loop
      vertex 3.53553 8 -3.53553
      vertex 9.89949 8 -9.89949
      vertex 3.04381 8 -3.96677
    endloop
  endfacet
  facet normal 0 1 0
    outer loop
      vertex 3.04381 8 -3.96677
      vertex 8.52266 8 -11.1069
      vertex 2.5 8 -4.33013
    endloop
  endfacet
  facet normal 0 1 -0
    outer loop
      vertex 8.52266 8 -11.1069
      vertex 3.04381 8 -3.96677
      vertex 9.89949 8 -9.89949
    endloop
  endfacet
  facet normal 0 1 -0
    outer loop
      vertex -2.5 8 4.33013
      vertex -10 8 9.78489
      vertex -1.91342 8 4.6194
    endloop
  endfacet
  facet normal 0 1 -0
    outer loop
      vertex -3.04381 8 3.96677
      vertex -10 8 9.78489
      vertex -2.5 8 4.33013
    endloop
  endfacet
  facet normal 0 1 -0
    outer loop
      vertex -3.53553 8 3.53553
      vertex -10 8 9.78489
      vertex -3.04381 8 3.96677
    endloop
  endfacet
  facet normal 0 1 -0
    outer loop
      vertex -3.96677 8 3.04381
      vertex -10 8 9.78489
      vertex -3.53553 8 3.53553
    endloop
  endfacet
  facet normal 0 1 0
    outer loop
      vertex -10 8 9.78489
      vertex -3.96677 8 3.04381
      vertex -11.1069 8 8.52266
    endloop
  endfacet
  facet normal 0 1 0
    outer loop
      vertex -11.1069 8 8.52266
      vertex -3.96677 8 3.04381
      vertex -12.1244 8 7
    endloop
  endfacet
  facet normal 0 1 -0
    outer loop
      vertex -4.33013 8 2.5
      vertex -12.1244 8 7
      vertex -3.96677 8 3.04381
    endloop
  endfacet
  facet normal 0 1 0
    outer loop
      vertex -12.1244 8 7
      vertex -4.33013 8 2.5
      vertex -12.9343 8 5.35757
    endloop
  endfacet
  facet normal 0 1 -0
    outer loop
      vertex -4.6194 8 1.91342
      vertex -12.9343 8 5.35757
      vertex -4.33013 8 2.5
    endloop
  endfacet
  facet normal 0 1 0
    outer loop
      vertex -12.9343 8 5.35757
      vertex -4.6194 8 1.91342
      vertex -13.523 8 3.62347
    endloop
  endfacet
  facet normal 0 1 -0
    outer loop
      vertex -4.82963 8 1.2941
      vertex -13.523 8 3.62347
      vertex -4.6194 8 1.91342
    endloop
  endfacet
  facet normal 0 1 0
    outer loop
      vertex -13.523 8 3.62347
      vertex -4.82963 8 1.2941
      vertex -13.8802 8 1.82737
    endloop
  endfacet
  facet normal 0 1 -0
    outer loop
      vertex -4.95722 8 0.652631
      vertex -13.8802 8 1.82737
      vertex -4.82963 8 1.2941
    endloop
  endfacet
  facet normal 0 1 -0
    outer loop
      vertex -5 8 0
      vertex -13.8802 8 1.82737
      vertex -4.95722 8 0.652631
    endloop
  endfacet
  facet normal 0 1 0
    outer loop
      vertex -5 8 0
      vertex -14 8 0
      vertex -13.8802 8 1.82737
    endloop
  endfacet
  facet normal 0 1 0
    outer loop
      vertex -4.95722 8 -0.652631
      vertex -14 8 0
      vertex -5 8 0
    endloop
  endfacet
  facet normal 0 1 0
    outer loop
      vertex -13.8802 8 -1.82737
      vertex -4.95722 8 -0.652631
      vertex -4.82963 8 -1.2941
    endloop
  endfacet
  facet normal 0 1 0
    outer loop
      vertex -4.95722 8 -0.652631
      vertex -13.8802 8 -1.82737
      vertex -14 8 0
    endloop
  endfacet
  facet normal 0 1 0
    outer loop
      vertex -13.523 8 -3.62347
      vertex -4.82963 8 -1.2941
      vertex -4.6194 8 -1.91342
    endloop
  endfacet
  facet normal 0 1 0
    outer loop
      vertex -12.9343 8 -5.35757
      vertex -4.6194 8 -1.91342
      vertex -4.33013 8 -2.5
    endloop
  endfacet
  facet normal 0 1 0
    outer loop
      vertex -12.1244 8 -7
      vertex -4.33013 8 -2.5
      vertex -3.96677 8 -3.04381
    endloop
  endfacet
  facet normal 0 1 0
    outer loop
      vertex -11.1069 8 -8.52266
      vertex -3.96677 8 -3.04381
      vertex -3.53553 8 -3.53553
    endloop
  endfacet
  facet normal 0 1 0
    outer loop
      vertex -4.82963 8 -1.2941
      vertex -13.523 8 -3.62347
      vertex -13.8802 8 -1.82737
    endloop
  endfacet
  facet normal 0 1 0
    outer loop
      vertex -9.89949 8 -9.89949
      vertex -3.53553 8 -3.53553
      vertex -3.04381 8 -3.96677
    endloop
  endfacet
  facet normal 0 1 0
    outer loop
      vertex -8.52266 8 -11.1069
      vertex -3.04381 8 -3.96677
      vertex -2.5 8 -4.33013
    endloop
  endfacet
  facet normal 0 1 0
    outer loop
      vertex -7 8 -12.1244
      vertex -2.5 8 -4.33013
      vertex -1.91342 8 -4.6194
    endloop
  endfacet
  facet normal 0 1 0
    outer loop
      vertex -5.35757 8 -12.9343
      vertex -1.91342 8 -4.6194
      vertex -1.2941 8 -4.82963
    endloop
  endfacet
  facet normal 0 1 0
    outer loop
      vertex -3.62347 8 -13.523
      vertex -1.2941 8 -4.82963
      vertex -0.652631 8 -4.95722
    endloop
  endfacet
  facet normal 0 1 0
    outer loop
      vertex -4.6194 8 -1.91342
      vertex -12.9343 8 -5.35757
      vertex -13.523 8 -3.62347
    endloop
  endfacet
  facet normal 0 1 0
    outer loop
      vertex -1.82737 8 -13.8802
      vertex -0.652631 8 -4.95722
      vertex 0 8 -5
    endloop
  endfacet
  facet normal 0 1 -0
    outer loop
      vertex 7 8 -12.1244
      vertex 2.5 8 -4.33013
      vertex 8.52266 8 -11.1069
    endloop
  endfacet
  facet normal 0 1 0
    outer loop
      vertex 2.5 8 -4.33013
      vertex 7 8 -12.1244
      vertex 1.91342 8 -4.6194
    endloop
  endfacet
  facet normal 0 1 0
    outer loop
      vertex -4.33013 8 -2.5
      vertex -12.1244 8 -7
      vertex -12.9343 8 -5.35757
    endloop
  endfacet
  facet normal 0 1 -0
    outer loop
      vertex 5.35757 8 -12.9343
      vertex 1.91342 8 -4.6194
      vertex 7 8 -12.1244
    endloop
  endfacet
  facet normal 0 1 0
    outer loop
      vertex -3.96677 8 -3.04381
      vertex -11.1069 8 -8.52266
      vertex -12.1244 8 -7
    endloop
  endfacet
  facet normal 0 1 0
    outer loop
      vertex 1.91342 8 -4.6194
      vertex 5.35757 8 -12.9343
      vertex 1.2941 8 -4.82963
    endloop
  endfacet
  facet normal 0 1 0
    outer loop
      vertex -3.53553 8 -3.53553
      vertex -9.89949 8 -9.89949
      vertex -11.1069 8 -8.52266
    endloop
  endfacet
  facet normal 0 1 -0
    outer loop
      vertex 3.62347 8 -13.523
      vertex 1.2941 8 -4.82963
      vertex 5.35757 8 -12.9343
    endloop
  endfacet
  facet normal 0 1 0
    outer loop
      vertex -3.04381 8 -3.96677
      vertex -8.52266 8 -11.1069
      vertex -9.89949 8 -9.89949
    endloop
  endfacet
  facet normal 0 1 0
    outer loop
      vertex 1.2941 8 -4.82963
      vertex 3.62347 8 -13.523
      vertex 0.652631 8 -4.95722
    endloop
  endfacet
  facet normal 0 1 0
    outer loop
      vertex -2.5 8 -4.33013
      vertex -7 8 -12.1244
      vertex -8.52266 8 -11.1069
    endloop
  endfacet
  facet normal 0 1 -0
    outer loop
      vertex 1.82737 8 -13.8802
      vertex 0.652631 8 -4.95722
      vertex 3.62347 8 -13.523
    endloop
  endfacet
  facet normal 0 1 0
    outer loop
      vertex -1.91342 8 -4.6194
      vertex -5.35757 8 -12.9343
      vertex -7 8 -12.1244
    endloop
  endfacet
  facet normal 0 1 0
    outer loop
      vertex 0.652631 8 -4.95722
      vertex 1.82737 8 -13.8802
      vertex 0 8 -5
    endloop
  endfacet
  facet normal 0 1 0
    outer loop
      vertex -1.2941 8 -4.82963
      vertex -3.62347 8 -13.523
      vertex -5.35757 8 -12.9343
    endloop
  endfacet
  facet normal 0 1 0
    outer loop
      vertex 0 8 -14
      vertex 0 8 -5
      vertex 1.82737 8 -13.8802
    endloop
  endfacet
  facet normal 0 1 0
    outer loop
      vertex -0.652631 8 -4.95722
      vertex -1.82737 8 -13.8802
      vertex -3.62347 8 -13.523
    endloop
  endfacet
  facet normal 0 1 0
    outer loop
      vertex 0 8 -5
      vertex 0 8 -14
      vertex -1.82737 8 -13.8802
    endloop
  endfacet
  facet normal 0.321465 0 -0.946921
    outer loop
      vertex 3.62347 -8 -13.523
      vertex 5.35757 8 -12.9343
      vertex 5.35757 -8 -12.9343
    endloop
  endfacet
  facet normal 0.321465 0 -0.946921
    outer loop
      vertex 5.35757 8 -12.9343
      vertex 3.62347 -8 -13.523
      vertex 3.62347 8 -13.523
    endloop
  endfacet
  facet normal 0.997858 0 -0.0654183
    outer loop
      vertex 14 -8 0
      vertex 13.8802 8 -1.82737
      vertex 14 8 0
    endloop
  endfacet
  facet normal 0.997858 0 -0.0654183
    outer loop
      vertex 13.8802 8 -1.82737
      vertex 14 -8 0
      vertex 13.8802 -8 -1.82737
    endloop
  endfacet
  facet normal -0.946921 0 0.321465
    outer loop
      vertex -13.523 -8 3.62347
      vertex -12.9343 8 5.35757
      vertex -13.523 8 3.62347
    endloop
  endfacet
  facet normal -0.946921 0 0.321465
    outer loop
      vertex -12.9343 8 5.35757
      vertex -13.523 -8 3.62347
      vertex -12.9343 -8 5.35757
    endloop
  endfacet
  facet normal -0.75185 0 -0.659334
    outer loop
      vertex -9.89949 -8 -9.89949
      vertex -11.1069 8 -8.52266
      vertex -9.89949 8 -9.89949
    endloop
  endfacet
  facet normal -0.75185 -0 -0.659334
    outer loop
      vertex -11.1069 8 -8.52266
      vertex -9.89949 -8 -9.89949
      vertex -11.1069 -8 -8.52266
    endloop
  endfacet
  facet normal 0.659334 0 -0.75185
    outer loop
      vertex 8.52266 -8 -11.1069
      vertex 9.89949 8 -9.89949
      vertex 9.89949 -8 -9.89949
    endloop
  endfacet
  facet normal 0.659334 0 -0.75185
    outer loop
      vertex 9.89949 8 -9.89949
      vertex 8.52266 -8 -11.1069
      vertex 8.52266 8 -11.1069
    endloop
  endfacet
  facet normal -0.555605 0 -0.831447
    outer loop
      vertex -8.52266 -8 -11.1069
      vertex -7 8 -12.1244
      vertex -7 -8 -12.1244
    endloop
  endfacet
  facet normal -0.555605 0 -0.831447
    outer loop
      vertex -7 8 -12.1244
      vertex -8.52266 -8 -11.1069
      vertex -8.52266 8 -11.1069
    endloop
  endfacet
  facet normal -0.751853 0 0.65933
    outer loop
      vertex -11.1069 -8 8.52266
      vertex -10 8 9.78489
      vertex -11.1069 8 8.52266
    endloop
  endfacet
  facet normal -0.751853 0 0.65933
    outer loop
      vertex -10 8 9.78489
      vertex -11.1069 -8 8.52266
      vertex -10 -8 9.78489
    endloop
  endfacet
  facet normal -0.831447 0 0.555605
    outer loop
      vertex -12.1244 -8 7
      vertex -11.1069 8 8.52266
      vertex -12.1244 8 7
    endloop
  endfacet
  facet normal -0.831447 0 0.555605
    outer loop
      vertex -11.1069 8 8.52266
      vertex -12.1244 -8 7
      vertex -11.1069 -8 8.52266
    endloop
  endfacet
  facet normal 0.44229 0 -0.896872
    outer loop
      vertex 1.91342 8 -4.6194
      vertex 2.5 9 -4.33013
      vertex 2.5 8 -4.33013
    endloop
  endfacet
  facet normal 0.44229 0 -0.896872
    outer loop
      vertex 2.5 9 -4.33013
      vertex 1.91342 8 -4.6194
      vertex 1.91342 9 -4.6194
    endloop
  endfacet
  facet normal 0.44229 0 -0.896872
    outer loop
      vertex 1.91342 -9 -4.6194
      vertex 2.5 -8 -4.33013
      vertex 2.5 -9 -4.33013
    endloop
  endfacet
  facet normal 0.44229 0 -0.896872
    outer loop
      vertex 2.5 -8 -4.33013
      vertex 1.91342 -9 -4.6194
      vertex 1.91342 -8 -4.6194
    endloop
  endfacet
  facet normal 0.980787 -0 0.195081
    outer loop
      vertex 4.82963 8 1.2941
      vertex 4.95722 9 0.652631
      vertex 4.82963 9 1.2941
    endloop
  endfacet
  facet normal 0.980787 0 0.195081
    outer loop
      vertex 4.95722 9 0.652631
      vertex 4.82963 8 1.2941
      vertex 4.95722 8 0.652631
    endloop
  endfacet
  facet normal 0.980787 -0 0.195081
    outer loop
      vertex 4.82963 -9 1.2941
      vertex 4.95722 -8 0.652631
      vertex 4.82963 -8 1.2941
    endloop
  endfacet
  facet normal 0.980787 0 0.195081
    outer loop
      vertex 4.95722 -8 0.652631
      vertex 4.82963 -9 1.2941
      vertex 4.95722 -9 0.652631
    endloop
  endfacet
  facet normal 0.997858 -0 0.0654097
    outer loop
      vertex 4.95722 8 0.652631
      vertex 5 9 0
      vertex 4.95722 9 0.652631
    endloop
  endfacet
  facet normal 0.997858 0 0.0654097
    outer loop
      vertex 5 9 0
      vertex 4.95722 8 0.652631
      vertex 5 8 0
    endloop
  endfacet
  facet normal 0.997858 -0 0.0654097
    outer loop
      vertex 4.95722 -9 0.652631
      vertex 5 -8 0
      vertex 4.95722 -8 0.652631
    endloop
  endfacet
  facet normal 0.997858 0 0.0654097
    outer loop
      vertex 5 -8 0
      vertex 4.95722 -9 0.652631
      vertex 5 -9 0
    endloop
  endfacet
  facet normal -0.321438 0 -0.946931
    outer loop
      vertex -1.91342 8 -4.6194
      vertex -1.2941 9 -4.82963
      vertex -1.2941 8 -4.82963
    endloop
  endfacet
  facet normal -0.321438 0 -0.946931
    outer loop
      vertex -1.2941 9 -4.82963
      vertex -1.91342 8 -4.6194
      vertex -1.91342 9 -4.6194
    endloop
  endfacet
  facet normal -0.321438 0 -0.946931
    outer loop
      vertex -1.91342 -9 -4.6194
      vertex -1.2941 -8 -4.82963
      vertex -1.2941 -9 -4.82963
    endloop
  endfacet
  facet normal -0.321438 0 -0.946931
    outer loop
      vertex -1.2941 -8 -4.82963
      vertex -1.91342 -9 -4.6194
      vertex -1.91342 -8 -4.6194
    endloop
  endfacet
  facet normal -0.980787 0 -0.195081
    outer loop
      vertex -4.82963 -9 -1.2941
      vertex -4.95722 -8 -0.652631
      vertex -4.82963 -8 -1.2941
    endloop
  endfacet
  facet normal -0.980787 -0 -0.195081
    outer loop
      vertex -4.95722 -8 -0.652631
      vertex -4.82963 -9 -1.2941
      vertex -4.95722 -9 -0.652631
    endloop
  endfacet
  facet normal -0.980787 0 -0.195081
    outer loop
      vertex -4.82963 8 -1.2941
      vertex -4.95722 9 -0.652631
      vertex -4.82963 9 -1.2941
    endloop
  endfacet
  facet normal -0.980787 -0 -0.195081
    outer loop
      vertex -4.95722 9 -0.652631
      vertex -4.82963 8 -1.2941
      vertex -4.95722 8 -0.652631
    endloop
  endfacet
  facet normal -0.896872 0 0.44229
    outer loop
      vertex -4.6194 8 1.91342
      vertex -4.33013 9 2.5
      vertex -4.6194 9 1.91342
    endloop
  endfacet
  facet normal -0.896872 0 0.44229
    outer loop
      vertex -4.33013 9 2.5
      vertex -4.6194 8 1.91342
      vertex -4.33013 8 2.5
    endloop
  endfacet
  facet normal -0.896872 0 0.44229
    outer loop
      vertex -4.6194 -9 1.91342
      vertex -4.33013 -8 2.5
      vertex -4.6194 -8 1.91342
    endloop
  endfacet
  facet normal -0.896872 0 0.44229
    outer loop
      vertex -4.33013 -8 2.5
      vertex -4.6194 -9 1.91342
      vertex -4.33013 -9 2.5
    endloop
  endfacet
  facet normal 0.75183 -0 0.659357
    outer loop
      vertex 3.53553 -9 3.53553
      vertex 3.96677 -8 3.04381
      vertex 3.53553 -8 3.53553
    endloop
  endfacet
  facet normal 0.75183 0 0.659357
    outer loop
      vertex 3.96677 -8 3.04381
      vertex 3.53553 -9 3.53553
      vertex 3.96677 -9 3.04381
    endloop
  endfacet
  facet normal 0.75183 -0 0.659357
    outer loop
      vertex 3.53553 8 3.53553
      vertex 3.96677 9 3.04381
      vertex 3.53553 9 3.53553
    endloop
  endfacet
  facet normal 0.75183 0 0.659357
    outer loop
      vertex 3.96677 9 3.04381
      vertex 3.53553 8 3.53553
      vertex 3.96677 8 3.04381
    endloop
  endfacet
  facet normal 0.75183 0 -0.659357
    outer loop
      vertex 3.96677 -9 -3.04381
      vertex 3.53553 -8 -3.53553
      vertex 3.96677 -8 -3.04381
    endloop
  endfacet
  facet normal 0.75183 0 -0.659357
    outer loop
      vertex 3.53553 -8 -3.53553
      vertex 3.96677 -9 -3.04381
      vertex 3.53553 -9 -3.53553
    endloop
  endfacet
  facet normal 0.75183 0 -0.659357
    outer loop
      vertex 3.96677 8 -3.04381
      vertex 3.53553 9 -3.53553
      vertex 3.96677 9 -3.04381
    endloop
  endfacet
  facet normal 0.75183 0 -0.659357
    outer loop
      vertex 3.53553 9 -3.53553
      vertex 3.96677 8 -3.04381
      vertex 3.53553 8 -3.53553
    endloop
  endfacet
  facet normal 0.195081 0 -0.980787
    outer loop
      vertex 0.652631 -9 -4.95722
      vertex 1.2941 -8 -4.82963
      vertex 1.2941 -9 -4.82963
    endloop
  endfacet
  facet normal 0.195081 0 -0.980787
    outer loop
      vertex 1.2941 -8 -4.82963
      vertex 0.652631 -9 -4.95722
      vertex 0.652631 -8 -4.95722
    endloop
  endfacet
  facet normal 0.195081 0 -0.980787
    outer loop
      vertex 0.652631 8 -4.95722
      vertex 1.2941 9 -4.82963
      vertex 1.2941 8 -4.82963
    endloop
  endfacet
  facet normal 0.195081 0 -0.980787
    outer loop
      vertex 1.2941 9 -4.82963
      vertex 0.652631 8 -4.95722
      vertex 0.652631 9 -4.95722
    endloop
  endfacet
  facet normal -0.321438 0 0.946931
    outer loop
      vertex -1.91342 9 4.6194
      vertex -1.2941 8 4.82963
      vertex -1.2941 9 4.82963
    endloop
  endfacet
  facet normal -0.321438 0 0.946931
    outer loop
      vertex -1.2941 8 4.82963
      vertex -1.91342 9 4.6194
      vertex -1.91342 8 4.6194
    endloop
  endfacet
  facet normal -0.321438 0 0.946931
    outer loop
      vertex -1.91342 -8 4.6194
      vertex -1.2941 -9 4.82963
      vertex -1.2941 -8 4.82963
    endloop
  endfacet
  facet normal -0.321438 0 0.946931
    outer loop
      vertex -1.2941 -9 4.82963
      vertex -1.91342 -8 4.6194
      vertex -1.91342 -9 4.6194
    endloop
  endfacet
  facet normal -0.659357 0 0.75183
    outer loop
      vertex -3.53553 -8 3.53553
      vertex -3.04381 -9 3.96677
      vertex -3.04381 -8 3.96677
    endloop
  endfacet
  facet normal -0.659357 0 0.75183
    outer loop
      vertex -3.04381 -9 3.96677
      vertex -3.53553 -8 3.53553
      vertex -3.53553 -9 3.53553
    endloop
  endfacet
  facet normal -0.659357 0 0.75183
    outer loop
      vertex -3.53553 9 3.53553
      vertex -3.04381 8 3.96677
      vertex -3.04381 9 3.96677
    endloop
  endfacet
  facet normal -0.659357 0 0.75183
    outer loop
      vertex -3.04381 8 3.96677
      vertex -3.53553 9 3.53553
      vertex -3.53553 8 3.53553
    endloop
  endfacet
  facet normal -0.44229 0 0.896872
    outer loop
      vertex -2.5 9 4.33013
      vertex -1.91342 8 4.6194
      vertex -1.91342 9 4.6194
    endloop
  endfacet
  facet normal -0.44229 0 0.896872
    outer loop
      vertex -1.91342 8 4.6194
      vertex -2.5 9 4.33013
      vertex -2.5 8 4.33013
    endloop
  endfacet
  facet normal -0.44229 0 0.896872
    outer loop
      vertex -2.5 -8 4.33013
      vertex -1.91342 -9 4.6194
      vertex -1.91342 -8 4.6194
    endloop
  endfacet
  facet normal -0.44229 0 0.896872
    outer loop
      vertex -1.91342 -9 4.6194
      vertex -2.5 -8 4.33013
      vertex -2.5 -9 4.33013
    endloop
  endfacet
  facet normal 0.0654097 0 -0.997858
    outer loop
      vertex 0 -9 -5
      vertex 0.652631 -8 -4.95722
      vertex 0.652631 -9 -4.95722
    endloop
  endfacet
  facet normal 0.0654097 0 -0.997858
    outer loop
      vertex 0.652631 -8 -4.95722
      vertex 0 -9 -5
      vertex 0 -8 -5
    endloop
  endfacet
  facet normal 0.0654097 0 -0.997858
    outer loop
      vertex 0 8 -5
      vertex 0.652631 9 -4.95722
      vertex 0.652631 8 -4.95722
    endloop
  endfacet
  facet normal 0.0654097 0 -0.997858
    outer loop
      vertex 0.652631 9 -4.95722
      vertex 0 8 -5
      vertex 0 9 -5
    endloop
  endfacet
  facet normal 0.0654097 0 0.997858
    outer loop
      vertex 0 -8 5
      vertex 0.652631 -9 4.95722
      vertex 0.652631 -8 4.95722
    endloop
  endfacet
  facet normal 0.0654097 0 0.997858
    outer loop
      vertex 0.652631 -9 4.95722
      vertex 0 -8 5
      vertex 0 -9 5
    endloop
  endfacet
  facet normal 0.0654097 0 0.997858
    outer loop
      vertex 0 9 5
      vertex 0.652631 8 4.95722
      vertex 0.652631 9 4.95722
    endloop
  endfacet
  facet normal 0.0654097 0 0.997858
    outer loop
      vertex 0.652631 8 4.95722
      vertex 0 9 5
      vertex 0 8 5
    endloop
  endfacet
  facet normal 0.980787 0 -0.195081
    outer loop
      vertex 4.95722 -9 -0.652631
      vertex 4.82963 -8 -1.2941
      vertex 4.95722 -8 -0.652631
    endloop
  endfacet
  facet normal 0.980787 0 -0.195081
    outer loop
      vertex 4.82963 -8 -1.2941
      vertex 4.95722 -9 -0.652631
      vertex 4.82963 -9 -1.2941
    endloop
  endfacet
  facet normal 0.980787 0 -0.195081
    outer loop
      vertex 4.95722 8 -0.652631
      vertex 4.82963 9 -1.2941
      vertex 4.95722 9 -0.652631
    endloop
  endfacet
  facet normal 0.980787 0 -0.195081
    outer loop
      vertex 4.82963 9 -1.2941
      vertex 4.95722 8 -0.652631
      vertex 4.82963 8 -1.2941
    endloop
  endfacet
  facet normal 0.831471 -0 0.555568
    outer loop
      vertex 3.96677 -9 3.04381
      vertex 4.33013 -8 2.5
      vertex 3.96677 -8 3.04381
    endloop
  endfacet
  facet normal 0.831471 0 0.555568
    outer loop
      vertex 4.33013 -8 2.5
      vertex 3.96677 -9 3.04381
      vertex 4.33013 -9 2.5
    endloop
  endfacet
  facet normal 0.831471 -0 0.555568
    outer loop
      vertex 3.96677 8 3.04381
      vertex 4.33013 9 2.5
      vertex 3.96677 9 3.04381
    endloop
  endfacet
  facet normal 0.831471 0 0.555568
    outer loop
      vertex 4.33013 9 2.5
      vertex 3.96677 8 3.04381
      vertex 4.33013 8 2.5
    endloop
  endfacet
  facet normal -0.946931 0 -0.321438
    outer loop
      vertex -4.6194 8 -1.91342
      vertex -4.82963 9 -1.2941
      vertex -4.6194 9 -1.91342
    endloop
  endfacet
  facet normal -0.946931 -0 -0.321438
    outer loop
      vertex -4.82963 9 -1.2941
      vertex -4.6194 8 -1.91342
      vertex -4.82963 8 -1.2941
    endloop
  endfacet
  facet normal -0.946931 0 -0.321438
    outer loop
      vertex -4.6194 -9 -1.91342
      vertex -4.82963 -8 -1.2941
      vertex -4.6194 -8 -1.91342
    endloop
  endfacet
  facet normal -0.946931 -0 -0.321438
    outer loop
      vertex -4.82963 -8 -1.2941
      vertex -4.6194 -9 -1.91342
      vertex -4.82963 -9 -1.2941
    endloop
  endfacet
  facet normal 0.555568 0 0.831471
    outer loop
      vertex 2.5 -8 4.33013
      vertex 3.04381 -9 3.96677
      vertex 3.04381 -8 3.96677
    endloop
  endfacet
  facet normal 0.555568 0 0.831471
    outer loop
      vertex 3.04381 -9 3.96677
      vertex 2.5 -8 4.33013
      vertex 2.5 -9 4.33013
    endloop
  endfacet
  facet normal 0.555568 0 0.831471
    outer loop
      vertex 2.5 9 4.33013
      vertex 3.04381 8 3.96677
      vertex 3.04381 9 3.96677
    endloop
  endfacet
  facet normal 0.555568 0 0.831471
    outer loop
      vertex 3.04381 8 3.96677
      vertex 2.5 9 4.33013
      vertex 2.5 8 4.33013
    endloop
  endfacet
  facet normal 0.321438 0 -0.946931
    outer loop
      vertex 1.2941 8 -4.82963
      vertex 1.91342 9 -4.6194
      vertex 1.91342 8 -4.6194
    endloop
  endfacet
  facet normal 0.321438 0 -0.946931
    outer loop
      vertex 1.91342 9 -4.6194
      vertex 1.2941 8 -4.82963
      vertex 1.2941 9 -4.82963
    endloop
  endfacet
  facet normal 0.321438 0 -0.946931
    outer loop
      vertex 1.2941 -9 -4.82963
      vertex 1.91342 -8 -4.6194
      vertex 1.91342 -9 -4.6194
    endloop
  endfacet
  facet normal 0.321438 0 -0.946931
    outer loop
      vertex 1.91342 -8 -4.6194
      vertex 1.2941 -9 -4.82963
      vertex 1.2941 -8 -4.82963
    endloop
  endfacet
  facet normal 0.44229 0 0.896872
    outer loop
      vertex 1.91342 -8 4.6194
      vertex 2.5 -9 4.33013
      vertex 2.5 -8 4.33013
    endloop
  endfacet
  facet normal 0.44229 0 0.896872
    outer loop
      vertex 2.5 -9 4.33013
      vertex 1.91342 -8 4.6194
      vertex 1.91342 -9 4.6194
    endloop
  endfacet
  facet normal 0.44229 0 0.896872
    outer loop
      vertex 1.91342 9 4.6194
      vertex 2.5 8 4.33013
      vertex 2.5 9 4.33013
    endloop
  endfacet
  facet normal 0.44229 0 0.896872
    outer loop
      vertex 2.5 8 4.33013
      vertex 1.91342 9 4.6194
      vertex 1.91342 8 4.6194
    endloop
  endfacet
  facet normal 0.946931 0 -0.321438
    outer loop
      vertex 4.82963 -9 -1.2941
      vertex 4.6194 -8 -1.91342
      vertex 4.82963 -8 -1.2941
    endloop
  endfacet
  facet normal 0.946931 0 -0.321438
    outer loop
      vertex 4.6194 -8 -1.91342
      vertex 4.82963 -9 -1.2941
      vertex 4.6194 -9 -1.91342
    endloop
  endfacet
  facet normal 0.946931 0 -0.321438
    outer loop
      vertex 4.82963 8 -1.2941
      vertex 4.6194 9 -1.91342
      vertex 4.82963 9 -1.2941
    endloop
  endfacet
  facet normal 0.946931 0 -0.321438
    outer loop
      vertex 4.6194 9 -1.91342
      vertex 4.82963 8 -1.2941
      vertex 4.6194 8 -1.91342
    endloop
  endfacet
  facet normal -0.997858 0 -0.0654097
    outer loop
      vertex -4.95722 -9 -0.652631
      vertex -5 -8 0
      vertex -4.95722 -8 -0.652631
    endloop
  endfacet
  facet normal -0.997858 -0 -0.0654097
    outer loop
      vertex -5 -8 0
      vertex -4.95722 -9 -0.652631
      vertex -5 -9 0
    endloop
  endfacet
  facet normal -0.997858 0 -0.0654097
    outer loop
      vertex -4.95722 8 -0.652631
      vertex -5 9 0
      vertex -4.95722 9 -0.652631
    endloop
  endfacet
  facet normal -0.997858 -0 -0.0654097
    outer loop
      vertex -5 9 0
      vertex -4.95722 8 -0.652631
      vertex -5 8 0
    endloop
  endfacet
  facet normal 0.997858 0 -0.0654097
    outer loop
      vertex 5 -9 0
      vertex 4.95722 -8 -0.652631
      vertex 5 -8 0
    endloop
  endfacet
  facet normal 0.997858 0 -0.0654097
    outer loop
      vertex 4.95722 -8 -0.652631
      vertex 5 -9 0
      vertex 4.95722 -9 -0.652631
    endloop
  endfacet
  facet normal 0.997858 0 -0.0654097
    outer loop
      vertex 5 8 0
      vertex 4.95722 9 -0.652631
      vertex 5 9 0
    endloop
  endfacet
  facet normal 0.997858 0 -0.0654097
    outer loop
      vertex 4.95722 9 -0.652631
      vertex 5 8 0
      vertex 4.95722 8 -0.652631
    endloop
  endfacet
  facet normal 0.831471 0 -0.555568
    outer loop
      vertex 4.33013 8 -2.5
      vertex 3.96677 9 -3.04381
      vertex 4.33013 9 -2.5
    endloop
  endfacet
  facet normal 0.831471 0 -0.555568
    outer loop
      vertex 3.96677 9 -3.04381
      vertex 4.33013 8 -2.5
      vertex 3.96677 8 -3.04381
    endloop
  endfacet
  facet normal 0.831471 0 -0.555568
    outer loop
      vertex 4.33013 -9 -2.5
      vertex 3.96677 -8 -3.04381
      vertex 4.33013 -8 -2.5
    endloop
  endfacet
  facet normal 0.831471 0 -0.555568
    outer loop
      vertex 3.96677 -8 -3.04381
      vertex 4.33013 -9 -2.5
      vertex 3.96677 -9 -3.04381
    endloop
  endfacet
  facet normal -0.659357 0 -0.75183
    outer loop
      vertex -3.53553 -9 -3.53553
      vertex -3.04381 -8 -3.96677
      vertex -3.04381 -9 -3.96677
    endloop
  endfacet
  facet normal -0.659357 0 -0.75183
    outer loop
      vertex -3.04381 -8 -3.96677
      vertex -3.53553 -9 -3.53553
      vertex -3.53553 -8 -3.53553
    endloop
  endfacet
  facet normal -0.659357 0 -0.75183
    outer loop
      vertex -3.53553 8 -3.53553
      vertex -3.04381 9 -3.96677
      vertex -3.04381 8 -3.96677
    endloop
  endfacet
  facet normal -0.659357 0 -0.75183
    outer loop
      vertex -3.04381 9 -3.96677
      vertex -3.53553 8 -3.53553
      vertex -3.53553 9 -3.53553
    endloop
  endfacet
  facet normal 0.896872 0 -0.44229
    outer loop
      vertex 4.6194 8 -1.91342
      vertex 4.33013 9 -2.5
      vertex 4.6194 9 -1.91342
    endloop
  endfacet
  facet normal 0.896872 0 -0.44229
    outer loop
      vertex 4.33013 9 -2.5
      vertex 4.6194 8 -1.91342
      vertex 4.33013 8 -2.5
    endloop
  endfacet
  facet normal 0.896872 0 -0.44229
    outer loop
      vertex 4.6194 -9 -1.91342
      vertex 4.33013 -8 -2.5
      vertex 4.6194 -8 -1.91342
    endloop
  endfacet
  facet normal 0.896872 0 -0.44229
    outer loop
      vertex 4.33013 -8 -2.5
      vertex 4.6194 -9 -1.91342
      vertex 4.33013 -9 -2.5
    endloop
  endfacet
  facet normal -0.0654097 0 0.997858
    outer loop
      vertex -0.652631 9 4.95722
      vertex 0 8 5
      vertex 0 9 5
    endloop
  endfacet
  facet normal -0.0654097 0 0.997858
    outer loop
      vertex 0 8 5
      vertex -0.652631 9 4.95722
      vertex -0.652631 8 4.95722
    endloop
  endfacet
  facet normal -0.0654097 0 0.997858
    outer loop
      vertex -0.652631 -8 4.95722
      vertex 0 -9 5
      vertex 0 -8 5
    endloop
  endfacet
  facet normal -0.0654097 0 0.997858
    outer loop
      vertex 0 -9 5
      vertex -0.652631 -8 4.95722
      vertex -0.652631 -9 4.95722
    endloop
  endfacet
  facet normal 0 1 0
    outer loop
      vertex 0.652631 9 4.95722
      vertex -0.652631 9 4.95722
      vertex 0 9 5
    endloop
  endfacet
  facet normal 0 1 0
    outer loop
      vertex 1.2941 9 4.82963
      vertex -0.652631 9 4.95722
      vertex 0.652631 9 4.95722
    endloop
  endfacet
  facet normal 0 1 0
    outer loop
      vertex 1.2941 9 4.82963
      vertex -1.2941 9 4.82963
      vertex -0.652631 9 4.95722
    endloop
  endfacet
  facet normal 0 1 0
    outer loop
      vertex 1.91342 9 4.6194
      vertex -1.2941 9 4.82963
      vertex 1.2941 9 4.82963
    endloop
  endfacet
  facet normal 0 1 0
    outer loop
      vertex 1.91342 9 4.6194
      vertex -1.91342 9 4.6194
      vertex -1.2941 9 4.82963
    endloop
  endfacet
  facet normal 0 1 0
    outer loop
      vertex 2.5 9 4.33013
      vertex -1.91342 9 4.6194
      vertex 1.91342 9 4.6194
    endloop
  endfacet
  facet normal 0 1 0
    outer loop
      vertex 2.5 9 4.33013
      vertex -2.5 9 4.33013
      vertex -1.91342 9 4.6194
    endloop
  endfacet
  facet normal 0 1 0
    outer loop
      vertex 3.04381 9 3.96677
      vertex -2.5 9 4.33013
      vertex 2.5 9 4.33013
    endloop
  endfacet
  facet normal 0 1 0
    outer loop
      vertex 3.04381 9 3.96677
      vertex -3.04381 9 3.96677
      vertex -2.5 9 4.33013
    endloop
  endfacet
  facet normal 0 1 0
    outer loop
      vertex 3.53553 9 3.53553
      vertex -3.04381 9 3.96677
      vertex 3.04381 9 3.96677
    endloop
  endfacet
  facet normal 0 1 0
    outer loop
      vertex 3.53553 9 3.53553
      vertex -3.53553 9 3.53553
      vertex -3.04381 9 3.96677
    endloop
  endfacet
  facet normal 0 1 0
    outer loop
      vertex 3.96677 9 3.04381
      vertex -3.53553 9 3.53553
      vertex 3.53553 9 3.53553
    endloop
  endfacet
  facet normal 0 1 0
    outer loop
      vertex 3.96677 9 3.04381
      vertex -3.96677 9 3.04381
      vertex -3.53553 9 3.53553
    endloop
  endfacet
  facet normal 0 1 0
    outer loop
      vertex 4.33013 9 2.5
      vertex -3.96677 9 3.04381
      vertex 3.96677 9 3.04381
    endloop
  endfacet
  facet normal 0 1 0
    outer loop
      vertex 4.33013 9 2.5
      vertex -4.33013 9 2.5
      vertex -3.96677 9 3.04381
    endloop
  endfacet
  facet normal 0 1 0
    outer loop
      vertex 4.6194 9 1.91342
      vertex -4.33013 9 2.5
      vertex 4.33013 9 2.5
    endloop
  endfacet
  facet normal 0 1 0
    outer loop
      vertex 4.6194 9 1.91342
      vertex -4.6194 9 1.91342
      vertex -4.33013 9 2.5
    endloop
  endfacet
  facet normal 0 1 0
    outer loop
      vertex 4.82963 9 1.2941
      vertex -4.6194 9 1.91342
      vertex 4.6194 9 1.91342
    endloop
  endfacet
  facet normal 0 1 0
    outer loop
      vertex 4.82963 9 1.2941
      vertex -4.82963 9 1.2941
      vertex -4.6194 9 1.91342
    endloop
  endfacet
  facet normal 0 1 0
    outer loop
      vertex 4.95722 9 0.652631
      vertex -4.82963 9 1.2941
      vertex 4.82963 9 1.2941
    endloop
  endfacet
  facet normal 0 1 0
    outer loop
      vertex 4.95722 9 0.652631
      vertex -4.95722 9 0.652631
      vertex -4.82963 9 1.2941
    endloop
  endfacet
  facet normal 0 1 0
    outer loop
      vertex 5 9 0
      vertex -4.95722 9 0.652631
      vertex 4.95722 9 0.652631
    endloop
  endfacet
  facet normal 0 1 0
    outer loop
      vertex 5 9 0
      vertex -5 9 0
      vertex -4.95722 9 0.652631
    endloop
  endfacet
  facet normal 0 1 -0
    outer loop
      vertex 4.95722 9 -0.652631
      vertex -5 9 0
      vertex 5 9 0
    endloop
  endfacet
  facet normal 0 1 0
    outer loop
      vertex 4.95722 9 -0.652631
      vertex -4.95722 9 -0.652631
      vertex -5 9 0
    endloop
  endfacet
  facet normal 0 1 -0
    outer loop
      vertex 4.82963 9 -1.2941
      vertex -4.95722 9 -0.652631
      vertex 4.95722 9 -0.652631
    endloop
  endfacet
  facet normal 0 1 0
    outer loop
      vertex 4.82963 9 -1.2941
      vertex -4.82963 9 -1.2941
      vertex -4.95722 9 -0.652631
    endloop
  endfacet
  facet normal 0 1 -0
    outer loop
      vertex 4.6194 9 -1.91342
      vertex -4.82963 9 -1.2941
      vertex 4.82963 9 -1.2941
    endloop
  endfacet
  facet normal 0 1 0
    outer loop
      vertex 4.6194 9 -1.91342
      vertex -4.6194 9 -1.91342
      vertex -4.82963 9 -1.2941
    endloop
  endfacet
  facet normal 0 1 -0
    outer loop
      vertex 4.33013 9 -2.5
      vertex -4.6194 9 -1.91342
      vertex 4.6194 9 -1.91342
    endloop
  endfacet
  facet normal 0 1 0
    outer loop
      vertex 4.33013 9 -2.5
      vertex -4.33013 9 -2.5
      vertex -4.6194 9 -1.91342
    endloop
  endfacet
  facet normal 0 1 -0
    outer loop
      vertex 3.96677 9 -3.04381
      vertex -4.33013 9 -2.5
      vertex 4.33013 9 -2.5
    endloop
  endfacet
  facet normal 0 1 0
    outer loop
      vertex 3.96677 9 -3.04381
      vertex -3.96677 9 -3.04381
      vertex -4.33013 9 -2.5
    endloop
  endfacet
  facet normal 0 1 -0
    outer loop
      vertex 3.53553 9 -3.53553
      vertex -3.96677 9 -3.04381
      vertex 3.96677 9 -3.04381
    endloop
  endfacet
  facet normal 0 1 0
    outer loop
      vertex 3.53553 9 -3.53553
      vertex -3.53553 9 -3.53553
      vertex -3.96677 9 -3.04381
    endloop
  endfacet
  facet normal 0 1 -0
    outer loop
      vertex 3.04381 9 -3.96677
      vertex -3.53553 9 -3.53553
      vertex 3.53553 9 -3.53553
    endloop
  endfacet
  facet normal 0 1 0
    outer loop
      vertex 3.04381 9 -3.96677
      vertex -3.04381 9 -3.96677
      vertex -3.53553 9 -3.53553
    endloop
  endfacet
  facet normal 0 1 -0
    outer loop
      vertex 2.5 9 -4.33013
      vertex -3.04381 9 -3.96677
      vertex 3.04381 9 -3.96677
    endloop
  endfacet
  facet normal 0 1 0
    outer loop
      vertex 2.5 9 -4.33013
      vertex -2.5 9 -4.33013
      vertex -3.04381 9 -3.96677
    endloop
  endfacet
  facet normal 0 1 -0
    outer loop
      vertex 1.91342 9 -4.6194
      vertex -2.5 9 -4.33013
      vertex 2.5 9 -4.33013
    endloop
  endfacet
  facet normal 0 1 0
    outer loop
      vertex 1.91342 9 -4.6194
      vertex -1.91342 9 -4.6194
      vertex -2.5 9 -4.33013
    endloop
  endfacet
  facet normal 0 1 -0
    outer loop
      vertex 1.2941 9 -4.82963
      vertex -1.91342 9 -4.6194
      vertex 1.91342 9 -4.6194
    endloop
  endfacet
  facet normal 0 1 0
    outer loop
      vertex 1.2941 9 -4.82963
      vertex -1.2941 9 -4.82963
      vertex -1.91342 9 -4.6194
    endloop
  endfacet
  facet normal 0 1 -0
    outer loop
      vertex 0.652631 9 -4.95722
      vertex -1.2941 9 -4.82963
      vertex 1.2941 9 -4.82963
    endloop
  endfacet
  facet normal 0 1 0
    outer loop
      vertex 0.652631 9 -4.95722
      vertex -0.652631 9 -4.95722
      vertex -1.2941 9 -4.82963
    endloop
  endfacet
  facet normal -0 1 0
    outer loop
      vertex -0.652631 9 -4.95722
      vertex 0.652631 9 -4.95722
      vertex 0 9 -5
    endloop
  endfacet
  facet normal -0.44229 0 -0.896872
    outer loop
      vertex -2.5 8 -4.33013
      vertex -1.91342 9 -4.6194
      vertex -1.91342 8 -4.6194
    endloop
  endfacet
  facet normal -0.44229 0 -0.896872
    outer loop
      vertex -1.91342 9 -4.6194
      vertex -2.5 8 -4.33013
      vertex -2.5 9 -4.33013
    endloop
  endfacet
  facet normal -0.44229 0 -0.896872
    outer loop
      vertex -2.5 -9 -4.33013
      vertex -1.91342 -8 -4.6194
      vertex -1.91342 -9 -4.6194
    endloop
  endfacet
  facet normal -0.44229 0 -0.896872
    outer loop
      vertex -1.91342 -8 -4.6194
      vertex -2.5 -9 -4.33013
      vertex -2.5 -8 -4.33013
    endloop
  endfacet
  facet normal -0.896872 0 -0.44229
    outer loop
      vertex -4.33013 8 -2.5
      vertex -4.6194 9 -1.91342
      vertex -4.33013 9 -2.5
    endloop
  endfacet
  facet normal -0.896872 -0 -0.44229
    outer loop
      vertex -4.6194 9 -1.91342
      vertex -4.33013 8 -2.5
      vertex -4.6194 8 -1.91342
    endloop
  endfacet
  facet normal -0.896872 0 -0.44229
    outer loop
      vertex -4.33013 -9 -2.5
      vertex -4.6194 -8 -1.91342
      vertex -4.33013 -8 -2.5
    endloop
  endfacet
  facet normal -0.896872 -0 -0.44229
    outer loop
      vertex -4.6194 -8 -1.91342
      vertex -4.33013 -9 -2.5
      vertex -4.6194 -9 -1.91342
    endloop
  endfacet
  facet normal 0.659357 0 0.75183
    outer loop
      vertex 3.04381 -8 3.96677
      vertex 3.53553 -9 3.53553
      vertex 3.53553 -8 3.53553
    endloop
  endfacet
  facet normal 0.659357 0 0.75183
    outer loop
      vertex 3.53553 -9 3.53553
      vertex 3.04381 -8 3.96677
      vertex 3.04381 -9 3.96677
    endloop
  endfacet
  facet normal 0.659357 0 0.75183
    outer loop
      vertex 3.04381 9 3.96677
      vertex 3.53553 8 3.53553
      vertex 3.53553 9 3.53553
    endloop
  endfacet
  facet normal 0.659357 0 0.75183
    outer loop
      vertex 3.53553 8 3.53553
      vertex 3.04381 9 3.96677
      vertex 3.04381 8 3.96677
    endloop
  endfacet
  facet normal -0.195081 0 -0.980787
    outer loop
      vertex -1.2941 8 -4.82963
      vertex -0.652631 9 -4.95722
      vertex -0.652631 8 -4.95722
    endloop
  endfacet
  facet normal -0.195081 0 -0.980787
    outer loop
      vertex -0.652631 9 -4.95722
      vertex -1.2941 8 -4.82963
      vertex -1.2941 9 -4.82963
    endloop
  endfacet
  facet normal -0.195081 0 -0.980787
    outer loop
      vertex -1.2941 -9 -4.82963
      vertex -0.652631 -8 -4.95722
      vertex -0.652631 -9 -4.95722
    endloop
  endfacet
  facet normal -0.195081 0 -0.980787
    outer loop
      vertex -0.652631 -8 -4.95722
      vertex -1.2941 -9 -4.82963
      vertex -1.2941 -8 -4.82963
    endloop
  endfacet
  facet normal -0.980787 0 0.195081
    outer loop
      vertex -4.95722 8 0.652631
      vertex -4.82963 9 1.2941
      vertex -4.95722 9 0.652631
    endloop
  endfacet
  facet normal -0.980787 0 0.195081
    outer loop
      vertex -4.82963 9 1.2941
      vertex -4.95722 8 0.652631
      vertex -4.82963 8 1.2941
    endloop
  endfacet
  facet normal -0.980787 0 0.195081
    outer loop
      vertex -4.95722 -9 0.652631
      vertex -4.82963 -8 1.2941
      vertex -4.95722 -8 0.652631
    endloop
  endfacet
  facet normal -0.980787 0 0.195081
    outer loop
      vertex -4.82963 -8 1.2941
      vertex -4.95722 -9 0.652631
      vertex -4.82963 -9 1.2941
    endloop
  endfacet
  facet normal 0.946931 -0 0.321438
    outer loop
      vertex 4.6194 -9 1.91342
      vertex 4.82963 -8 1.2941
      vertex 4.6194 -8 1.91342
    endloop
  endfacet
  facet normal 0.946931 0 0.321438
    outer loop
      vertex 4.82963 -8 1.2941
      vertex 4.6194 -9 1.91342
      vertex 4.82963 -9 1.2941
    endloop
  endfacet
  facet normal 0.946931 -0 0.321438
    outer loop
      vertex 4.6194 8 1.91342
      vertex 4.82963 9 1.2941
      vertex 4.6194 9 1.91342
    endloop
  endfacet
  facet normal 0.946931 0 0.321438
    outer loop
      vertex 4.82963 9 1.2941
      vertex 4.6194 8 1.91342
      vertex 4.82963 8 1.2941
    endloop
  endfacet
  facet normal 0.321438 0 0.946931
    outer loop
      vertex 1.2941 -8 4.82963
      vertex 1.91342 -9 4.6194
      vertex 1.91342 -8 4.6194
    endloop
  endfacet
  facet normal 0.321438 0 0.946931
    outer loop
      vertex 1.91342 -9 4.6194
      vertex 1.2941 -8 4.82963
      vertex 1.2941 -9 4.82963
    endloop
  endfacet
  facet normal 0.321438 0 0.946931
    outer loop
      vertex 1.2941 9 4.82963
      vertex 1.91342 8 4.6194
      vertex 1.91342 9 4.6194
    endloop
  endfacet
  facet normal 0.321438 0 0.946931
    outer loop
      vertex 1.91342 8 4.6194
      vertex 1.2941 9 4.82963
      vertex 1.2941 8 4.82963
    endloop
  endfacet
  facet normal 0.896872 -0 0.44229
    outer loop
      vertex 4.33013 -9 2.5
      vertex 4.6194 -8 1.91342
      vertex 4.33013 -8 2.5
    endloop
  endfacet
  facet normal 0.896872 0 0.44229
    outer loop
      vertex 4.6194 -8 1.91342
      vertex 4.33013 -9 2.5
      vertex 4.6194 -9 1.91342
    endloop
  endfacet
  facet normal 0.896872 -0 0.44229
    outer loop
      vertex 4.33013 8 2.5
      vertex 4.6194 9 1.91342
      vertex 4.33013 9 2.5
    endloop
  endfacet
  facet normal 0.896872 0 0.44229
    outer loop
      vertex 4.6194 9 1.91342
      vertex 4.33013 8 2.5
      vertex 4.6194 8 1.91342
    endloop
  endfacet
  facet normal -0.555568 0 0.831471
    outer loop
      vertex -3.04381 9 3.96677
      vertex -2.5 8 4.33013
      vertex -2.5 9 4.33013
    endloop
  endfacet
  facet normal -0.555568 0 0.831471
    outer loop
      vertex -2.5 8 4.33013
      vertex -3.04381 9 3.96677
      vertex -3.04381 8 3.96677
    endloop
  endfacet
  facet normal -0.555568 0 0.831471
    outer loop
      vertex -3.04381 -8 3.96677
      vertex -2.5 -9 4.33013
      vertex -2.5 -8 4.33013
    endloop
  endfacet
  facet normal -0.555568 0 0.831471
    outer loop
      vertex -2.5 -9 4.33013
      vertex -3.04381 -8 3.96677
      vertex -3.04381 -9 3.96677
    endloop
  endfacet
  facet normal -0.831471 0 0.555568
    outer loop
      vertex -4.33013 8 2.5
      vertex -3.96677 9 3.04381
      vertex -4.33013 9 2.5
    endloop
  endfacet
  facet normal -0.831471 0 0.555568
    outer loop
      vertex -3.96677 9 3.04381
      vertex -4.33013 8 2.5
      vertex -3.96677 8 3.04381
    endloop
  endfacet
  facet normal -0.831471 0 0.555568
    outer loop
      vertex -4.33013 -9 2.5
      vertex -3.96677 -8 3.04381
      vertex -4.33013 -8 2.5
    endloop
  endfacet
  facet normal -0.831471 0 0.555568
    outer loop
      vertex -3.96677 -8 3.04381
      vertex -4.33013 -9 2.5
      vertex -3.96677 -9 3.04381
    endloop
  endfacet
  facet normal -0.946931 0 0.321438
    outer loop
      vertex -4.82963 -9 1.2941
      vertex -4.6194 -8 1.91342
      vertex -4.82963 -8 1.2941
    endloop
  endfacet
  facet normal -0.946931 0 0.321438
    outer loop
      vertex -4.6194 -8 1.91342
      vertex -4.82963 -9 1.2941
      vertex -4.6194 -9 1.91342
    endloop
  endfacet
  facet normal -0.946931 0 0.321438
    outer loop
      vertex -4.82963 8 1.2941
      vertex -4.6194 9 1.91342
      vertex -4.82963 9 1.2941
    endloop
  endfacet
  facet normal -0.946931 0 0.321438
    outer loop
      vertex -4.6194 9 1.91342
      vertex -4.82963 8 1.2941
      vertex -4.6194 8 1.91342
    endloop
  endfacet
  facet normal -0.75183 0 -0.659357
    outer loop
      vertex -3.53553 -9 -3.53553
      vertex -3.96677 -8 -3.04381
      vertex -3.53553 -8 -3.53553
    endloop
  endfacet
  facet normal -0.75183 -0 -0.659357
    outer loop
      vertex -3.96677 -8 -3.04381
      vertex -3.53553 -9 -3.53553
      vertex -3.96677 -9 -3.04381
    endloop
  endfacet
  facet normal -0.75183 0 -0.659357
    outer loop
      vertex -3.53553 8 -3.53553
      vertex -3.96677 9 -3.04381
      vertex -3.53553 9 -3.53553
    endloop
  endfacet
  facet normal -0.75183 -0 -0.659357
    outer loop
      vertex -3.96677 9 -3.04381
      vertex -3.53553 8 -3.53553
      vertex -3.96677 8 -3.04381
    endloop
  endfacet
  facet normal 0 -1 0
    outer loop
      vertex -0.652631 -9 4.95722
      vertex 0.652631 -9 4.95722
      vertex 0 -9 5
    endloop
  endfacet
  facet normal 0 -1 0
    outer loop
      vertex -1.2941 -9 4.82963
      vertex 0.652631 -9 4.95722
      vertex -0.652631 -9 4.95722
    endloop
  endfacet
  facet normal 0 -1 0
    outer loop
      vertex -1.2941 -9 4.82963
      vertex 1.2941 -9 4.82963
      vertex 0.652631 -9 4.95722
    endloop
  endfacet
  facet normal 0 -1 0
    outer loop
      vertex -1.91342 -9 4.6194
      vertex 1.2941 -9 4.82963
      vertex -1.2941 -9 4.82963
    endloop
  endfacet
  facet normal 0 -1 0
    outer loop
      vertex -1.91342 -9 4.6194
      vertex 1.91342 -9 4.6194
      vertex 1.2941 -9 4.82963
    endloop
  endfacet
  facet normal 0 -1 0
    outer loop
      vertex -2.5 -9 4.33013
      vertex 1.91342 -9 4.6194
      vertex -1.91342 -9 4.6194
    endloop
  endfacet
  facet normal 0 -1 0
    outer loop
      vertex -2.5 -9 4.33013
      vertex 2.5 -9 4.33013
      vertex 1.91342 -9 4.6194
    endloop
  endfacet
  facet normal 0 -1 0
    outer loop
      vertex -3.04381 -9 3.96677
      vertex 2.5 -9 4.33013
      vertex -2.5 -9 4.33013
    endloop
  endfacet
  facet normal 0 -1 0
    outer loop
      vertex -3.04381 -9 3.96677
      vertex 3.04381 -9 3.96677
      vertex 2.5 -9 4.33013
    endloop
  endfacet
  facet normal 0 -1 0
    outer loop
      vertex -3.53553 -9 3.53553
      vertex 3.04381 -9 3.96677
      vertex -3.04381 -9 3.96677
    endloop
  endfacet
  facet normal 0 -1 0
    outer loop
      vertex -3.53553 -9 3.53553
      vertex 3.53553 -9 3.53553
      vertex 3.04381 -9 3.96677
    endloop
  endfacet
  facet normal 0 -1 0
    outer loop
      vertex -3.96677 -9 3.04381
      vertex 3.53553 -9 3.53553
      vertex -3.53553 -9 3.53553
    endloop
  endfacet
  facet normal 0 -1 0
    outer loop
      vertex -3.96677 -9 3.04381
      vertex 3.96677 -9 3.04381
      vertex 3.53553 -9 3.53553
    endloop
  endfacet
  facet normal 0 -1 0
    outer loop
      vertex -4.33013 -9 2.5
      vertex 3.96677 -9 3.04381
      vertex -3.96677 -9 3.04381
    endloop
  endfacet
  facet normal 0 -1 0
    outer loop
      vertex -4.33013 -9 2.5
      vertex 4.33013 -9 2.5
      vertex 3.96677 -9 3.04381
    endloop
  endfacet
  facet normal 0 -1 0
    outer loop
      vertex -4.6194 -9 1.91342
      vertex 4.33013 -9 2.5
      vertex -4.33013 -9 2.5
    endloop
  endfacet
  facet normal 0 -1 0
    outer loop
      vertex -4.6194 -9 1.91342
      vertex 4.6194 -9 1.91342
      vertex 4.33013 -9 2.5
    endloop
  endfacet
  facet normal 0 -1 0
    outer loop
      vertex -4.82963 -9 1.2941
      vertex 4.6194 -9 1.91342
      vertex -4.6194 -9 1.91342
    endloop
  endfacet
  facet normal 0 -1 0
    outer loop
      vertex -4.82963 -9 1.2941
      vertex 4.82963 -9 1.2941
      vertex 4.6194 -9 1.91342
    endloop
  endfacet
  facet normal 0 -1 0
    outer loop
      vertex -4.95722 -9 0.652631
      vertex 4.82963 -9 1.2941
      vertex -4.82963 -9 1.2941
    endloop
  endfacet
  facet normal 0 -1 0
    outer loop
      vertex -4.95722 -9 0.652631
      vertex 4.95722 -9 0.652631
      vertex 4.82963 -9 1.2941
    endloop
  endfacet
  facet normal 0 -1 0
    outer loop
      vertex -5 -9 0
      vertex 4.95722 -9 0.652631
      vertex -4.95722 -9 0.652631
    endloop
  endfacet
  facet normal 0 -1 0
    outer loop
      vertex -5 -9 0
      vertex 5 -9 0
      vertex 4.95722 -9 0.652631
    endloop
  endfacet
  facet normal 0 -1 0
    outer loop
      vertex -4.95722 -9 -0.652631
      vertex 5 -9 0
      vertex -5 -9 0
    endloop
  endfacet
  facet normal 0 -1 0
    outer loop
      vertex -4.95722 -9 -0.652631
      vertex 4.95722 -9 -0.652631
      vertex 5 -9 0
    endloop
  endfacet
  facet normal 0 -1 0
    outer loop
      vertex -4.82963 -9 -1.2941
      vertex 4.95722 -9 -0.652631
      vertex -4.95722 -9 -0.652631
    endloop
  endfacet
  facet normal 0 -1 0
    outer loop
      vertex -4.82963 -9 -1.2941
      vertex 4.82963 -9 -1.2941
      vertex 4.95722 -9 -0.652631
    endloop
  endfacet
  facet normal 0 -1 0
    outer loop
      vertex -4.6194 -9 -1.91342
      vertex 4.82963 -9 -1.2941
      vertex -4.82963 -9 -1.2941
    endloop
  endfacet
  facet normal 0 -1 0
    outer loop
      vertex -4.6194 -9 -1.91342
      vertex 4.6194 -9 -1.91342
      vertex 4.82963 -9 -1.2941
    endloop
  endfacet
  facet normal 0 -1 0
    outer loop
      vertex -4.33013 -9 -2.5
      vertex 4.6194 -9 -1.91342
      vertex -4.6194 -9 -1.91342
    endloop
  endfacet
  facet normal 0 -1 0
    outer loop
      vertex -4.33013 -9 -2.5
      vertex 4.33013 -9 -2.5
      vertex 4.6194 -9 -1.91342
    endloop
  endfacet
  facet normal 0 -1 0
    outer loop
      vertex -3.96677 -9 -3.04381
      vertex 4.33013 -9 -2.5
      vertex -4.33013 -9 -2.5
    endloop
  endfacet
  facet normal 0 -1 0
    outer loop
      vertex -3.96677 -9 -3.04381
      vertex 3.96677 -9 -3.04381
      vertex 4.33013 -9 -2.5
    endloop
  endfacet
  facet normal 0 -1 0
    outer loop
      vertex -3.53553 -9 -3.53553
      vertex 3.96677 -9 -3.04381
      vertex -3.96677 -9 -3.04381
    endloop
  endfacet
  facet normal 0 -1 0
    outer loop
      vertex -3.53553 -9 -3.53553
      vertex 3.53553 -9 -3.53553
      vertex 3.96677 -9 -3.04381
    endloop
  endfacet
  facet normal 0 -1 0
    outer loop
      vertex -3.04381 -9 -3.96677
      vertex 3.53553 -9 -3.53553
      vertex -3.53553 -9 -3.53553
    endloop
  endfacet
  facet normal 0 -1 0
    outer loop
      vertex -3.04381 -9 -3.96677
      vertex 3.04381 -9 -3.96677
      vertex 3.53553 -9 -3.53553
    endloop
  endfacet
  facet normal 0 -1 0
    outer loop
      vertex -2.5 -9 -4.33013
      vertex 3.04381 -9 -3.96677
      vertex -3.04381 -9 -3.96677
    endloop
  endfacet
  facet normal 0 -1 0
    outer loop
      vertex -2.5 -9 -4.33013
      vertex 2.5 -9 -4.33013
      vertex 3.04381 -9 -3.96677
    endloop
  endfacet
  facet normal 0 -1 0
    outer loop
      vertex -1.91342 -9 -4.6194
      vertex 2.5 -9 -4.33013
      vertex -2.5 -9 -4.33013
    endloop
  endfacet
  facet normal 0 -1 0
    outer loop
      vertex -1.91342 -9 -4.6194
      vertex 1.91342 -9 -4.6194
      vertex 2.5 -9 -4.33013
    endloop
  endfacet
  facet normal 0 -1 0
    outer loop
      vertex -1.2941 -9 -4.82963
      vertex 1.91342 -9 -4.6194
      vertex -1.91342 -9 -4.6194
    endloop
  endfacet
  facet normal 0 -1 0
    outer loop
      vertex -1.2941 -9 -4.82963
      vertex 1.2941 -9 -4.82963
      vertex 1.91342 -9 -4.6194
    endloop
  endfacet
  facet normal 0 -1 0
    outer loop
      vertex -0.652631 -9 -4.95722
      vertex 1.2941 -9 -4.82963
      vertex -1.2941 -9 -4.82963
    endloop
  endfacet
  facet normal 0 -1 0
    outer loop
      vertex -0.652631 -9 -4.95722
      vertex 0.652631 -9 -4.95722
      vertex 1.2941 -9 -4.82963
    endloop
  endfacet
  facet normal -0 -1 0
    outer loop
      vertex 0.652631 -9 -4.95722
      vertex -0.652631 -9 -4.95722
      vertex 0 -9 -5
    endloop
  endfacet
  facet normal -0.75183 0 0.659357
    outer loop
      vertex -3.96677 -9 3.04381
      vertex -3.53553 -8 3.53553
      vertex -3.96677 -8 3.04381
    endloop
  endfacet
  facet normal -0.75183 0 0.659357
    outer loop
      vertex -3.53553 -8 3.53553
      vertex -3.96677 -9 3.04381
      vertex -3.53553 -9 3.53553
    endloop
  endfacet
  facet normal -0.75183 0 0.659357
    outer loop
      vertex -3.96677 8 3.04381
      vertex -3.53553 9 3.53553
      vertex -3.96677 9 3.04381
    endloop
  endfacet
  facet normal -0.75183 0 0.659357
    outer loop
      vertex -3.53553 9 3.53553
      vertex -3.96677 8 3.04381
      vertex -3.53553 8 3.53553
    endloop
  endfacet
  facet normal 0.659357 0 -0.75183
    outer loop
      vertex 3.04381 -9 -3.96677
      vertex 3.53553 -8 -3.53553
      vertex 3.53553 -9 -3.53553
    endloop
  endfacet
  facet normal 0.659357 0 -0.75183
    outer loop
      vertex 3.53553 -8 -3.53553
      vertex 3.04381 -9 -3.96677
      vertex 3.04381 -8 -3.96677
    endloop
  endfacet
  facet normal 0.659357 0 -0.75183
    outer loop
      vertex 3.04381 8 -3.96677
      vertex 3.53553 9 -3.53553
      vertex 3.53553 8 -3.53553
    endloop
  endfacet
  facet normal 0.659357 0 -0.75183
    outer loop
      vertex 3.53553 9 -3.53553
      vertex 3.04381 8 -3.96677
      vertex 3.04381 9 -3.96677
    endloop
  endfacet
  facet normal -0.195081 0 0.980787
    outer loop
      vertex -1.2941 9 4.82963
      vertex -0.652631 8 4.95722
      vertex -0.652631 9 4.95722
    endloop
  endfacet
  facet normal -0.195081 0 0.980787
    outer loop
      vertex -0.652631 8 4.95722
      vertex -1.2941 9 4.82963
      vertex -1.2941 8 4.82963
    endloop
  endfacet
  facet normal -0.195081 0 0.980787
    outer loop
      vertex -1.2941 -8 4.82963
      vertex -0.652631 -9 4.95722
      vertex -0.652631 -8 4.95722
    endloop
  endfacet
  facet normal -0.195081 0 0.980787
    outer loop
      vertex -0.652631 -9 4.95722
      vertex -1.2941 -8 4.82963
      vertex -1.2941 -9 4.82963
    endloop
  endfacet
  facet normal -0.831471 0 -0.555568
    outer loop
      vertex -3.96677 8 -3.04381
      vertex -4.33013 9 -2.5
      vertex -3.96677 9 -3.04381
    endloop
  endfacet
  facet normal -0.831471 -0 -0.555568
    outer loop
      vertex -4.33013 9 -2.5
      vertex -3.96677 8 -3.04381
      vertex -4.33013 8 -2.5
    endloop
  endfacet
  facet normal -0.831471 0 -0.555568
    outer loop
      vertex -3.96677 -9 -3.04381
      vertex -4.33013 -8 -2.5
      vertex -3.96677 -8 -3.04381
    endloop
  endfacet
  facet normal -0.831471 -0 -0.555568
    outer loop
      vertex -4.33013 -8 -2.5
      vertex -3.96677 -9 -3.04381
      vertex -4.33013 -9 -2.5
    endloop
  endfacet
  facet normal -0.555568 0 -0.831471
    outer loop
      vertex -3.04381 -9 -3.96677
      vertex -2.5 -8 -4.33013
      vertex -2.5 -9 -4.33013
    endloop
  endfacet
  facet normal -0.555568 0 -0.831471
    outer loop
      vertex -2.5 -8 -4.33013
      vertex -3.04381 -9 -3.96677
      vertex -3.04381 -8 -3.96677
    endloop
  endfacet
  facet normal -0.555568 0 -0.831471
    outer loop
      vertex -3.04381 8 -3.96677
      vertex -2.5 9 -4.33013
      vertex -2.5 8 -4.33013
    endloop
  endfacet
  facet normal -0.555568 0 -0.831471
    outer loop
      vertex -2.5 9 -4.33013
      vertex -3.04381 8 -3.96677
      vertex -3.04381 9 -3.96677
    endloop
  endfacet
  facet normal 0.195081 0 0.980787
    outer loop
      vertex 0.652631 -8 4.95722
      vertex 1.2941 -9 4.82963
      vertex 1.2941 -8 4.82963
    endloop
  endfacet
  facet normal 0.195081 0 0.980787
    outer loop
      vertex 1.2941 -9 4.82963
      vertex 0.652631 -8 4.95722
      vertex 0.652631 -9 4.95722
    endloop
  endfacet
  facet normal 0.195081 0 0.980787
    outer loop
      vertex 0.652631 9 4.95722
      vertex 1.2941 8 4.82963
      vertex 1.2941 9 4.82963
    endloop
  endfacet
  facet normal 0.195081 0 0.980787
    outer loop
      vertex 1.2941 8 4.82963
      vertex 0.652631 9 4.95722
      vertex 0.652631 8 4.95722
    endloop
  endfacet
  facet normal 0.555568 0 -0.831471
    outer loop
      vertex 2.5 8 -4.33013
      vertex 3.04381 9 -3.96677
      vertex 3.04381 8 -3.96677
    endloop
  endfacet
  facet normal 0.555568 0 -0.831471
    outer loop
      vertex 3.04381 9 -3.96677
      vertex 2.5 8 -4.33013
      vertex 2.5 9 -4.33013
    endloop
  endfacet
  facet normal 0.555568 0 -0.831471
    outer loop
      vertex 2.5 -9 -4.33013
      vertex 3.04381 -8 -3.96677
      vertex 3.04381 -9 -3.96677
    endloop
  endfacet
  facet normal 0.555568 0 -0.831471
    outer loop
      vertex 3.04381 -8 -3.96677
      vertex 2.5 -9 -4.33013
      vertex 2.5 -8 -4.33013
    endloop
  endfacet
  facet normal -0.997858 0 0.0654097
    outer loop
      vertex -5 -9 0
      vertex -4.95722 -8 0.652631
      vertex -5 -8 0
    endloop
  endfacet
  facet normal -0.997858 0 0.0654097
    outer loop
      vertex -4.95722 -8 0.652631
      vertex -5 -9 0
      vertex -4.95722 -9 0.652631
    endloop
  endfacet
  facet normal -0.997858 0 0.0654097
    outer loop
      vertex -5 8 0
      vertex -4.95722 9 0.652631
      vertex -5 9 0
    endloop
  endfacet
  facet normal -0.997858 0 0.0654097
    outer loop
      vertex -4.95722 9 0.652631
      vertex -5 8 0
      vertex -4.95722 8 0.652631
    endloop
  endfacet
  facet normal -0.0654097 0 -0.997858
    outer loop
      vertex -0.652631 -9 -4.95722
      vertex 0 -8 -5
      vertex 0 -9 -5
    endloop
  endfacet
  facet normal -0.0654097 0 -0.997858
    outer loop
      vertex 0 -8 -5
      vertex -0.652631 -9 -4.95722
      vertex -0.652631 -8 -4.95722
    endloop
  endfacet
  facet normal -0.0654097 0 -0.997858
    outer loop
      vertex -0.652631 8 -4.95722
      vertex 0 9 -5
      vertex 0 8 -5
    endloop
  endfacet
  facet normal -0.0654097 0 -0.997858
    outer loop
      vertex 0 9 -5
      vertex -0.652631 8 -4.95722
      vertex -0.652631 9 -4.95722
    endloop
  endfacet
  facet normal -1 0 0
    outer loop
      vertex -10 4 80
      vertex -10 8 9.78489
      vertex -10 4 10
    endloop
  endfacet
  facet normal -1 0 0
    outer loop
      vertex -10 8 9.78489
      vertex -10 -4 10
      vertex -10 4 10
    endloop
  endfacet
  facet normal -1 -0 0
    outer loop
      vertex -10 -4 10
      vertex -10 -8 9.78489
      vertex -10 -4 80
    endloop
  endfacet
  facet normal -1 0 0
    outer loop
      vertex -10 -8 9.78489
      vertex -10 -4 10
      vertex -10 8 9.78489
    endloop
  endfacet
  facet normal -1 0 0
    outer loop
      vertex -10 8 9.78489
      vertex -10 4 80
      vertex -10 8 90
    endloop
  endfacet
  facet normal -1 0 0
    outer loop
      vertex -10 -4 80
      vertex -10 8 90
      vertex -10 4 80
    endloop
  endfacet
  facet normal -1 0 0
    outer loop
      vertex -10 -4 80
      vertex -10 -8 90
      vertex -10 8 90
    endloop
  endfacet
  facet normal -1 0 0
    outer loop
      vertex -10 -8 90
      vertex -10 -4 80
      vertex -10 -8 9.78489
    endloop
  endfacet
  facet normal -0 0 1
    outer loop
      vertex -12 4 80
      vertex -10 -4 80
      vertex -10 4 80
    endloop
  endfacet
  facet normal 0 0 1
    outer loop
      vertex -10 -4 80
      vertex -12 4 80
      vertex -12 -4 80
    endloop
  endfacet
  facet normal 0 0 -1
    outer loop
      vertex -12 -4 10
      vertex -10 4 10
      vertex -10 -4 10
    endloop
  endfacet
  facet normal -0 0 -1
    outer loop
      vertex -10 4 10
      vertex -12 -4 10
      vertex -12 4 10
    endloop
  endfacet
  facet normal -1 0 0
    outer loop
      vertex -12 -4 10
      vertex -12 4 80
      vertex -12 4 10
    endloop
  endfacet
  facet normal -1 -0 0
    outer loop
      vertex -12 4 80
      vertex -12 -4 10
      vertex -12 -4 80
    endloop
  endfacet
  facet normal 0 1 -0
    outer loop
      vertex -10 4 10
      vertex -12 4 80
      vertex -10 4 80
    endloop
  endfacet
  facet normal 0 1 0
    outer loop
      vertex -12 4 80
      vertex -10 4 10
      vertex -12 4 10
    endloop
  endfacet
  facet normal 0 -1 0
    outer loop
      vertex -12 -4 10
      vertex -10 -4 80
      vertex -12 -4 80
    endloop
  endfacet
  facet normal 0 -1 -0
    outer loop
      vertex -10 -4 80
      vertex -12 -4 10
      vertex -10 -4 10
    endloop
  endfacet
  facet normal 1 -0 0
    outer loop
      vertex 12 -4 80
      vertex 12 4 10
      vertex 12 4 80
    endloop
  endfacet
  facet normal 1 0 0
    outer loop
      vertex 12 4 10
      vertex 12 -4 80
      vertex 12 -4 10
    endloop
  endfacet
  facet normal -0 0 1
    outer loop
      vertex 10 4 80
      vertex 12 -4 80
      vertex 12 4 80
    endloop
  endfacet
  facet normal 0 0 1
    outer loop
      vertex 12 -4 80
      vertex 10 4 80
      vertex 10 -4 80
    endloop
  endfacet
  facet normal 0 0 -1
    outer loop
      vertex 10 -4 10
      vertex 12 4 10
      vertex 12 -4 10
    endloop
  endfacet
  facet normal -0 0 -1
    outer loop
      vertex 12 4 10
      vertex 10 -4 10
      vertex 10 4 10
    endloop
  endfacet
  facet normal 1 0 0
    outer loop
      vertex 10 8 90
      vertex 10 4 80
      vertex 10 8 9.78489
    endloop
  endfacet
  facet normal 1 0 0
    outer loop
      vertex 10 8 90
      vertex 10 -4 80
      vertex 10 4 80
    endloop
  endfacet
  facet normal 1 0 0
    outer loop
      vertex 10 -8 9.78489
      vertex 10 -4 80
      vertex 10 -8 90
    endloop
  endfacet
  facet normal 1 -0 0
    outer loop
      vertex 10 -8 90
      vertex 10 -4 80
      vertex 10 8 90
    endloop
  endfacet
  facet normal 1 -0 0
    outer loop
      vertex 10 4 10
      vertex 10 8 9.78489
      vertex 10 4 80
    endloop
  endfacet
  facet normal 1 -0 0
    outer loop
      vertex 10 -4 10
      vertex 10 8 9.78489
      vertex 10 4 10
    endloop
  endfacet
  facet normal 1 0 0
    outer loop
      vertex 10 -4 10
      vertex 10 -8 9.78489
      vertex 10 8 9.78489
    endloop
  endfacet
  facet normal 1 0 0
    outer loop
      vertex 10 -4 80
      vertex 10 -8 9.78489
      vertex 10 -4 10
    endloop
  endfacet
  facet normal 0 1 -0
    outer loop
      vertex 12 4 10
      vertex 10 4 80
      vertex 12 4 80
    endloop
  endfacet
  facet normal 0 1 0
    outer loop
      vertex 10 4 80
      vertex 12 4 10
      vertex 10 4 10
    endloop
  endfacet
  facet normal 0 -1 0
    outer loop
      vertex 10 -4 10
      vertex 12 -4 80
      vertex 10 -4 80
    endloop
  endfacet
  facet normal 0 -1 -0
    outer loop
      vertex 12 -4 80
      vertex 10 -4 10
      vertex 12 -4 10
    endloop
  endfacet
  facet normal 0.980785 -0 0.195094
    outer loop
      vertex 9.65926 -10 92.5882
      vertex 9.91445 10 91.3053
      vertex 9.65926 10 92.5882
    endloop
  endfacet
  facet normal 0.980785 0 0.195094
    outer loop
      vertex 9.91445 10 91.3053
      vertex 9.65926 -10 92.5882
      vertex 9.91445 -10 91.3053
    endloop
  endfacet
  facet normal 0.997859 0 0.0654002
    outer loop
      vertex 9.91445 10 91.3053
      vertex 10 8 90
      vertex 10 10 90
    endloop
  endfacet
  facet normal 0.997859 0 0.0654002
    outer loop
      vertex 9.91445 10 91.3053
      vertex 10 -8 90
      vertex 10 8 90
    endloop
  endfacet
  facet normal 0.997859 -0 0.0654002
    outer loop
      vertex 9.91445 -10 91.3053
      vertex 10 -8 90
      vertex 9.91445 10 91.3053
    endloop
  endfacet
  facet normal 0.997859 0 0.0654002
    outer loop
      vertex 10 -8 90
      vertex 9.91445 -10 91.3053
      vertex 10 -10 90
    endloop
  endfacet
  facet normal -0.997859 0 0.0654002
    outer loop
      vertex -10 8 90
      vertex -9.91445 10 91.3053
      vertex -10 10 90
    endloop
  endfacet
  facet normal -0.997859 0 0.0654002
    outer loop
      vertex -10 -8 90
      vertex -9.91445 10 91.3053
      vertex -10 8 90
    endloop
  endfacet
  facet normal -0.997859 0 0.0654002
    outer loop
      vertex -9.91445 -10 91.3053
      vertex -10 -8 90
      vertex -10 -10 90
    endloop
  endfacet
  facet normal -0.997859 0 0.0654002
    outer loop
      vertex -10 -8 90
      vertex -9.91445 -10 91.3053
      vertex -9.91445 10 91.3053
    endloop
  endfacet
  facet normal 0.896875 -0 0.442284
    outer loop
      vertex 8.66025 -10 95
      vertex 9.2388 10 93.8268
      vertex 8.66025 10 95
    endloop
  endfacet
  facet normal 0.896875 0 0.442284
    outer loop
      vertex 9.2388 10 93.8268
      vertex 8.66025 -10 95
      vertex 9.2388 -10 93.8268
    endloop
  endfacet
  facet normal 0.321466 0 0.946921
    outer loop
      vertex 2.58819 10 99.6593
      vertex 3.82683 -10 99.2388
      vertex 3.82683 10 99.2388
    endloop
  endfacet
  facet normal 0.321466 0 0.946921
    outer loop
      vertex 3.82683 -10 99.2388
      vertex 2.58819 10 99.6593
      vertex 2.58819 -10 99.6593
    endloop
  endfacet
  facet normal 0.896875 0 -0.442284
    outer loop
      vertex 9.2388 -10 86.1732
      vertex 8.66025 -8 85
      vertex 9.2388 -8 86.1732
    endloop
  endfacet
  facet normal 0.896875 0 -0.442284
    outer loop
      vertex 8.66025 -8 85
      vertex 9.2388 -10 86.1732
      vertex 8.66025 -10 85
    endloop
  endfacet
  facet normal 0.896875 0 -0.442284
    outer loop
      vertex 9.2388 8 86.1732
      vertex 8.66025 10 85
      vertex 9.2388 10 86.1732
    endloop
  endfacet
  facet normal 0.896875 0 -0.442284
    outer loop
      vertex 8.66025 10 85
      vertex 9.2388 8 86.1732
      vertex 8.66025 8 85
    endloop
  endfacet
  facet normal 0.195024 0 0.980799
    outer loop
      vertex 1.30526 10 99.9144
      vertex 2.58819 -10 99.6593
      vertex 2.58819 10 99.6593
    endloop
  endfacet
  facet normal 0.195024 0 0.980799
    outer loop
      vertex 2.58819 -10 99.6593
      vertex 1.30526 10 99.9144
      vertex 1.30526 -10 99.9144
    endloop
  endfacet
  facet normal 0.0654402 0 -0.997856
    outer loop
      vertex 0 -10 80
      vertex 1.30526 -8 80.0856
      vertex 1.30526 -10 80.0856
    endloop
  endfacet
  facet normal 0.0654402 0 -0.997856
    outer loop
      vertex 1.30526 -8 80.0856
      vertex 0 -10 80
      vertex 0 -8 80
    endloop
  endfacet
  facet normal 0.0654402 0 -0.997856
    outer loop
      vertex 0 8 80
      vertex 1.30526 10 80.0856
      vertex 1.30526 8 80.0856
    endloop
  endfacet
  facet normal 0.0654402 0 -0.997856
    outer loop
      vertex 1.30526 10 80.0856
      vertex 0 8 80
      vertex 0 10 80
    endloop
  endfacet
  facet normal 0.946927 -0 0.321448
    outer loop
      vertex 9.2388 -10 93.8268
      vertex 9.65926 10 92.5882
      vertex 9.2388 10 93.8268
    endloop
  endfacet
  facet normal 0.946927 0 0.321448
    outer loop
      vertex 9.65926 10 92.5882
      vertex 9.2388 -10 93.8268
      vertex 9.65926 -10 92.5882
    endloop
  endfacet
  facet normal -0.896875 0 0.442284
    outer loop
      vertex -9.2388 -10 93.8268
      vertex -8.66025 10 95
      vertex -9.2388 10 93.8268
    endloop
  endfacet
  facet normal -0.896875 0 0.442284
    outer loop
      vertex -8.66025 10 95
      vertex -9.2388 -10 93.8268
      vertex -8.66025 -10 95
    endloop
  endfacet
  facet normal 0.659315 0 -0.751867
    outer loop
      vertex 6.08761 8 82.0665
      vertex 7.07107 10 82.9289
      vertex 7.07107 8 82.9289
    endloop
  endfacet
  facet normal 0.659315 0 -0.751867
    outer loop
      vertex 7.07107 10 82.9289
      vertex 6.08761 8 82.0665
      vertex 6.08761 10 82.0665
    endloop
  endfacet
  facet normal 0.659315 0 -0.751867
    outer loop
      vertex 6.08761 -10 82.0665
      vertex 7.07107 -8 82.9289
      vertex 7.07107 -10 82.9289
    endloop
  endfacet
  facet normal 0.659315 0 -0.751867
    outer loop
      vertex 7.07107 -8 82.9289
      vertex 6.08761 -10 82.0665
      vertex 6.08761 -8 82.0665
    endloop
  endfacet
  facet normal 0.321466 0 -0.946921
    outer loop
      vertex 2.58819 8 80.3407
      vertex 3.82683 10 80.7612
      vertex 3.82683 8 80.7612
    endloop
  endfacet
  facet normal 0.321466 0 -0.946921
    outer loop
      vertex 3.82683 10 80.7612
      vertex 2.58819 8 80.3407
      vertex 2.58819 10 80.3407
    endloop
  endfacet
  facet normal 0.321466 0 -0.946921
    outer loop
      vertex 2.58819 -10 80.3407
      vertex 3.82683 -8 80.7612
      vertex 3.82683 -10 80.7612
    endloop
  endfacet
  facet normal 0.321466 0 -0.946921
    outer loop
      vertex 3.82683 -8 80.7612
      vertex 2.58819 -10 80.3407
      vertex 2.58819 -8 80.3407
    endloop
  endfacet
  facet normal -0.659315 0 -0.751867
    outer loop
      vertex -7.07107 -10 82.9289
      vertex -6.08761 -8 82.0665
      vertex -6.08761 -10 82.0665
    endloop
  endfacet
  facet normal -0.659315 0 -0.751867
    outer loop
      vertex -6.08761 -8 82.0665
      vertex -7.07107 -10 82.9289
      vertex -7.07107 -8 82.9289
    endloop
  endfacet
  facet normal -0.659315 0 -0.751867
    outer loop
      vertex -7.07107 8 82.9289
      vertex -6.08761 10 82.0665
      vertex -6.08761 8 82.0665
    endloop
  endfacet
  facet normal -0.659315 0 -0.751867
    outer loop
      vertex -6.08761 10 82.0665
      vertex -7.07107 8 82.9289
      vertex -7.07107 10 82.9289
    endloop
  endfacet
  facet normal 0.751857 0 -0.659326
    outer loop
      vertex 7.93353 8 83.9124
      vertex 7.07107 10 82.9289
      vertex 7.93353 10 83.9124
    endloop
  endfacet
  facet normal 0.751857 0 -0.659326
    outer loop
      vertex 7.07107 10 82.9289
      vertex 7.93353 8 83.9124
      vertex 7.07107 8 82.9289
    endloop
  endfacet
  facet normal 0.751857 0 -0.659326
    outer loop
      vertex 7.93353 -10 83.9124
      vertex 7.07107 -8 82.9289
      vertex 7.93353 -8 83.9124
    endloop
  endfacet
  facet normal 0.751857 0 -0.659326
    outer loop
      vertex 7.07107 -8 82.9289
      vertex 7.93353 -10 83.9124
      vertex 7.07107 -10 82.9289
    endloop
  endfacet
  facet normal -0.442262 0 0.896886
    outer loop
      vertex -5 10 98.6603
      vertex -3.82683 -10 99.2388
      vertex -3.82683 10 99.2388
    endloop
  endfacet
  facet normal -0.442262 0 0.896886
    outer loop
      vertex -3.82683 -10 99.2388
      vertex -5 10 98.6603
      vertex -5 -10 98.6603
    endloop
  endfacet
  facet normal -0.896875 0 -0.442284
    outer loop
      vertex -8.66025 -10 85
      vertex -9.2388 -8 86.1732
      vertex -8.66025 -8 85
    endloop
  endfacet
  facet normal -0.896875 -0 -0.442284
    outer loop
      vertex -9.2388 -8 86.1732
      vertex -8.66025 -10 85
      vertex -9.2388 -10 86.1732
    endloop
  endfacet
  facet normal -0.896875 0 -0.442284
    outer loop
      vertex -8.66025 8 85
      vertex -9.2388 10 86.1732
      vertex -8.66025 10 85
    endloop
  endfacet
  facet normal -0.896875 -0 -0.442284
    outer loop
      vertex -9.2388 10 86.1732
      vertex -8.66025 8 85
      vertex -9.2388 8 86.1732
    endloop
  endfacet
  facet normal -0.659315 0 0.751867
    outer loop
      vertex -7.07107 10 97.0711
      vertex -6.08761 -10 97.9335
      vertex -6.08761 10 97.9335
    endloop
  endfacet
  facet normal -0.659315 0 0.751867
    outer loop
      vertex -6.08761 -10 97.9335
      vertex -7.07107 10 97.0711
      vertex -7.07107 -10 97.0711
    endloop
  endfacet
  facet normal -0.321466 0 0.946921
    outer loop
      vertex -3.82683 10 99.2388
      vertex -2.58819 -10 99.6593
      vertex -2.58819 10 99.6593
    endloop
  endfacet
  facet normal -0.321466 0 0.946921
    outer loop
      vertex -2.58819 -10 99.6593
      vertex -3.82683 10 99.2388
      vertex -3.82683 -10 99.2388
    endloop
  endfacet
  facet normal 0.751857 -0 0.659326
    outer loop
      vertex 7.07107 -10 97.0711
      vertex 7.93353 10 96.0876
      vertex 7.07107 10 97.0711
    endloop
  endfacet
  facet normal 0.751857 0 0.659326
    outer loop
      vertex 7.93353 10 96.0876
      vertex 7.07107 -10 97.0711
      vertex 7.93353 -10 96.0876
    endloop
  endfacet
  facet normal -0.321466 0 -0.946921
    outer loop
      vertex -3.82683 -10 80.7612
      vertex -2.58819 -8 80.3407
      vertex -2.58819 -10 80.3407
    endloop
  endfacet
  facet normal -0.321466 0 -0.946921
    outer loop
      vertex -2.58819 -8 80.3407
      vertex -3.82683 -10 80.7612
      vertex -3.82683 -8 80.7612
    endloop
  endfacet
  facet normal -0.321466 0 -0.946921
    outer loop
      vertex -3.82683 8 80.7612
      vertex -2.58819 10 80.3407
      vertex -2.58819 8 80.3407
    endloop
  endfacet
  facet normal -0.321466 0 -0.946921
    outer loop
      vertex -2.58819 10 80.3407
      vertex -3.82683 8 80.7612
      vertex -3.82683 10 80.7612
    endloop
  endfacet
  facet normal 0 -1 0
    outer loop
      vertex 0 -10 94
      vertex 0 -10 100
      vertex -1.30526 -10 99.9144
    endloop
  endfacet
  facet normal 0 -1 0
    outer loop
      vertex -0.522104 -10 93.9658
      vertex -1.30526 -10 99.9144
      vertex -2.58819 -10 99.6593
    endloop
  endfacet
  facet normal 0 -1 0
    outer loop
      vertex 0 -10 100
      vertex 0 -10 94
      vertex 1.30526 -10 99.9144
    endloop
  endfacet
  facet normal 0 -1 0
    outer loop
      vertex -1.03528 -10 93.8637
      vertex -2.58819 -10 99.6593
      vertex -3.82683 -10 99.2388
    endloop
  endfacet
  facet normal 0 -1 0
    outer loop
      vertex 0.522104 -10 93.9658
      vertex 1.30526 -10 99.9144
      vertex 0 -10 94
    endloop
  endfacet
  facet normal 0 -1 0
    outer loop
      vertex -1.53073 -10 93.6955
      vertex -3.82683 -10 99.2388
      vertex -5 -10 98.6603
    endloop
  endfacet
  facet normal 0 -1 -0
    outer loop
      vertex 1.30526 -10 99.9144
      vertex 0.522104 -10 93.9658
      vertex 2.58819 -10 99.6593
    endloop
  endfacet
  facet normal 0 -1 0
    outer loop
      vertex -2 -10 93.4641
      vertex -5 -10 98.6603
      vertex -6.08761 -10 97.9335
    endloop
  endfacet
  facet normal 0 -1 0
    outer loop
      vertex 1.03528 -10 93.8637
      vertex 2.58819 -10 99.6593
      vertex 0.522104 -10 93.9658
    endloop
  endfacet
  facet normal 0 -1 0
    outer loop
      vertex -2.43505 -10 93.1734
      vertex -6.08761 -10 97.9335
      vertex -7.07107 -10 97.0711
    endloop
  endfacet
  facet normal 0 -1 -0
    outer loop
      vertex 2.58819 -10 99.6593
      vertex 1.03528 -10 93.8637
      vertex 3.82683 -10 99.2388
    endloop
  endfacet
  facet normal 0 -1 0
    outer loop
      vertex -2.82843 -10 92.8284
      vertex -7.07107 -10 97.0711
      vertex -7.93353 -10 96.0876
    endloop
  endfacet
  facet normal 0 -1 0
    outer loop
      vertex 1.53073 -10 93.6955
      vertex 3.82683 -10 99.2388
      vertex 1.03528 -10 93.8637
    endloop
  endfacet
  facet normal 0 -1 0
    outer loop
      vertex -3.17341 -10 92.435
      vertex -7.93353 -10 96.0876
      vertex -8.66025 -10 95
    endloop
  endfacet
  facet normal 0 -1 -0
    outer loop
      vertex 3.82683 -10 99.2388
      vertex 1.53073 -10 93.6955
      vertex 5 -10 98.6603
    endloop
  endfacet
  facet normal 0 -1 0
    outer loop
      vertex 2 -10 93.4641
      vertex 5 -10 98.6603
      vertex 1.53073 -10 93.6955
    endloop
  endfacet
  facet normal 0 -1 0
    outer loop
      vertex -1.30526 -10 99.9144
      vertex -0.522104 -10 93.9658
      vertex 0 -10 94
    endloop
  endfacet
  facet normal 0 -1 0
    outer loop
      vertex -2.58819 -10 99.6593
      vertex -1.03528 -10 93.8637
      vertex -0.522104 -10 93.9658
    endloop
  endfacet
  facet normal 0 -1 0
    outer loop
      vertex -3.4641 -10 92
      vertex -8.66025 -10 95
      vertex -9.2388 -10 93.8268
    endloop
  endfacet
  facet normal 0 -1 0
    outer loop
      vertex -3.82683 -10 99.2388
      vertex -1.53073 -10 93.6955
      vertex -1.03528 -10 93.8637
    endloop
  endfacet
  facet normal 0 -1 0
    outer loop
      vertex -5 -10 98.6603
      vertex -2 -10 93.4641
      vertex -1.53073 -10 93.6955
    endloop
  endfacet
  facet normal 0 -1 0
    outer loop
      vertex -6.08761 -10 97.9335
      vertex -2.43505 -10 93.1734
      vertex -2 -10 93.4641
    endloop
  endfacet
  facet normal 0 -1 0
    outer loop
      vertex -7.07107 -10 97.0711
      vertex -2.82843 -10 92.8284
      vertex -2.43505 -10 93.1734
    endloop
  endfacet
  facet normal 0 -1 0
    outer loop
      vertex -3.69552 -10 91.5307
      vertex -9.2388 -10 93.8268
      vertex -9.65926 -10 92.5882
    endloop
  endfacet
  facet normal 0 -1 0
    outer loop
      vertex -7.93353 -10 96.0876
      vertex -3.17341 -10 92.435
      vertex -2.82843 -10 92.8284
    endloop
  endfacet
  facet normal 0 -1 0
    outer loop
      vertex -8.66025 -10 95
      vertex -3.4641 -10 92
      vertex -3.17341 -10 92.435
    endloop
  endfacet
  facet normal 0 -1 0
    outer loop
      vertex -9.2388 -10 93.8268
      vertex -3.69552 -10 91.5307
      vertex -3.4641 -10 92
    endloop
  endfacet
  facet normal 0 -1 0
    outer loop
      vertex -3.8637 -10 91.0353
      vertex -9.65926 -10 92.5882
      vertex -9.91445 -10 91.3053
    endloop
  endfacet
  facet normal 0 -1 0
    outer loop
      vertex -9.65926 -10 92.5882
      vertex -3.8637 -10 91.0353
      vertex -3.69552 -10 91.5307
    endloop
  endfacet
  facet normal 0 -1 0
    outer loop
      vertex -9.91445 -10 91.3053
      vertex -3.96578 -10 90.5221
      vertex -3.8637 -10 91.0353
    endloop
  endfacet
  facet normal 0 -1 0
    outer loop
      vertex -10 -10 90
      vertex -3.96578 -10 90.5221
      vertex -9.91445 -10 91.3053
    endloop
  endfacet
  facet normal 0 -1 0
    outer loop
      vertex -10 -10 90
      vertex -4 -10 90
      vertex -3.96578 -10 90.5221
    endloop
  endfacet
  facet normal 0 -1 0
    outer loop
      vertex -10 -10 90
      vertex -3.96578 -10 89.4779
      vertex -4 -10 90
    endloop
  endfacet
  facet normal 0 -1 0
    outer loop
      vertex -9.91445 -10 88.6947
      vertex -3.96578 -10 89.4779
      vertex -10 -10 90
    endloop
  endfacet
  facet normal 0 -1 -0
    outer loop
      vertex -3.96578 -10 89.4779
      vertex -9.91445 -10 88.6947
      vertex -3.8637 -10 88.9647
    endloop
  endfacet
  facet normal 0 -1 0
    outer loop
      vertex -9.65926 -10 87.4118
      vertex -3.8637 -10 88.9647
      vertex -9.91445 -10 88.6947
    endloop
  endfacet
  facet normal 0 -1 -0
    outer loop
      vertex -3.8637 -10 88.9647
      vertex -9.65926 -10 87.4118
      vertex -3.69552 -10 88.4693
    endloop
  endfacet
  facet normal 0 -1 0
    outer loop
      vertex -9.2388 -10 86.1732
      vertex -3.69552 -10 88.4693
      vertex -9.65926 -10 87.4118
    endloop
  endfacet
  facet normal 0 -1 -0
    outer loop
      vertex -3.69552 -10 88.4693
      vertex -9.2388 -10 86.1732
      vertex -3.4641 -10 88
    endloop
  endfacet
  facet normal 0 -1 0
    outer loop
      vertex -8.66025 -10 85
      vertex -3.4641 -10 88
      vertex -9.2388 -10 86.1732
    endloop
  endfacet
  facet normal 0 -1 -0
    outer loop
      vertex -3.4641 -10 88
      vertex -8.66025 -10 85
      vertex -3.17341 -10 87.565
    endloop
  endfacet
  facet normal 0 -1 0
    outer loop
      vertex -7.93353 -10 83.9124
      vertex -3.17341 -10 87.565
      vertex -8.66025 -10 85
    endloop
  endfacet
  facet normal 0 -1 -0
    outer loop
      vertex -3.17341 -10 87.565
      vertex -7.93353 -10 83.9124
      vertex -2.82843 -10 87.1716
    endloop
  endfacet
  facet normal 0 -1 0
    outer loop
      vertex -7.07107 -10 82.9289
      vertex -2.82843 -10 87.1716
      vertex -7.93353 -10 83.9124
    endloop
  endfacet
  facet normal 0 -1 -0
    outer loop
      vertex -2.82843 -10 87.1716
      vertex -7.07107 -10 82.9289
      vertex -2.43505 -10 86.8266
    endloop
  endfacet
  facet normal 0 -1 0
    outer loop
      vertex -6.08761 -10 82.0665
      vertex -2.43505 -10 86.8266
      vertex -7.07107 -10 82.9289
    endloop
  endfacet
  facet normal 0 -1 -0
    outer loop
      vertex -2.43505 -10 86.8266
      vertex -6.08761 -10 82.0665
      vertex -2 -10 86.5359
    endloop
  endfacet
  facet normal 0 -1 0
    outer loop
      vertex -5 -10 81.3397
      vertex -2 -10 86.5359
      vertex -6.08761 -10 82.0665
    endloop
  endfacet
  facet normal 0 -1 -0
    outer loop
      vertex 5 -10 98.6603
      vertex 2 -10 93.4641
      vertex 6.08761 -10 97.9335
    endloop
  endfacet
  facet normal 0 -1 0
    outer loop
      vertex 2.43505 -10 93.1734
      vertex 6.08761 -10 97.9335
      vertex 2 -10 93.4641
    endloop
  endfacet
  facet normal 0 -1 -0
    outer loop
      vertex 6.08761 -10 97.9335
      vertex 2.43505 -10 93.1734
      vertex 7.07107 -10 97.0711
    endloop
  endfacet
  facet normal 0 -1 0
    outer loop
      vertex 2.82843 -10 92.8284
      vertex 7.07107 -10 97.0711
      vertex 2.43505 -10 93.1734
    endloop
  endfacet
  facet normal 0 -1 -0
    outer loop
      vertex 7.07107 -10 97.0711
      vertex 2.82843 -10 92.8284
      vertex 7.93353 -10 96.0876
    endloop
  endfacet
  facet normal 0 -1 0
    outer loop
      vertex 3.17341 -10 92.435
      vertex 7.93353 -10 96.0876
      vertex 2.82843 -10 92.8284
    endloop
  endfacet
  facet normal 0 -1 -0
    outer loop
      vertex 7.93353 -10 96.0876
      vertex 3.17341 -10 92.435
      vertex 8.66025 -10 95
    endloop
  endfacet
  facet normal 0 -1 0
    outer loop
      vertex 3.4641 -10 92
      vertex 8.66025 -10 95
      vertex 3.17341 -10 92.435
    endloop
  endfacet
  facet normal 0 -1 -0
    outer loop
      vertex 8.66025 -10 95
      vertex 3.4641 -10 92
      vertex 9.2388 -10 93.8268
    endloop
  endfacet
  facet normal 0 -1 0
    outer loop
      vertex 3.69552 -10 91.5307
      vertex 9.2388 -10 93.8268
      vertex 3.4641 -10 92
    endloop
  endfacet
  facet normal 0 -1 -0
    outer loop
      vertex 9.2388 -10 93.8268
      vertex 3.69552 -10 91.5307
      vertex 9.65926 -10 92.5882
    endloop
  endfacet
  facet normal 0 -1 0
    outer loop
      vertex 3.8637 -10 91.0353
      vertex 9.65926 -10 92.5882
      vertex 3.69552 -10 91.5307
    endloop
  endfacet
  facet normal 0 -1 -0
    outer loop
      vertex 9.65926 -10 92.5882
      vertex 3.8637 -10 91.0353
      vertex 9.91445 -10 91.3053
    endloop
  endfacet
  facet normal 0 -1 0
    outer loop
      vertex 3.96578 -10 90.5221
      vertex 9.91445 -10 91.3053
      vertex 3.8637 -10 91.0353
    endloop
  endfacet
  facet normal 0 -1 0
    outer loop
      vertex 4 -10 90
      vertex 9.91445 -10 91.3053
      vertex 3.96578 -10 90.5221
    endloop
  endfacet
  facet normal 0 -1 0
    outer loop
      vertex 4 -10 90
      vertex 10 -10 90
      vertex 9.91445 -10 91.3053
    endloop
  endfacet
  facet normal 0 -1 0
    outer loop
      vertex 3.96578 -10 89.4779
      vertex 10 -10 90
      vertex 4 -10 90
    endloop
  endfacet
  facet normal 0 -1 0
    outer loop
      vertex 9.91445 -10 88.6947
      vertex 3.96578 -10 89.4779
      vertex 3.8637 -10 88.9647
    endloop
  endfacet
  facet normal 0 -1 0
    outer loop
      vertex 3.96578 -10 89.4779
      vertex 9.91445 -10 88.6947
      vertex 10 -10 90
    endloop
  endfacet
  facet normal 0 -1 0
    outer loop
      vertex 9.65926 -10 87.4118
      vertex 3.8637 -10 88.9647
      vertex 3.69552 -10 88.4693
    endloop
  endfacet
  facet normal 0 -1 0
    outer loop
      vertex 9.2388 -10 86.1732
      vertex 3.69552 -10 88.4693
      vertex 3.4641 -10 88
    endloop
  endfacet
  facet normal 0 -1 0
    outer loop
      vertex 8.66025 -10 85
      vertex 3.4641 -10 88
      vertex 3.17341 -10 87.565
    endloop
  endfacet
  facet normal 0 -1 0
    outer loop
      vertex 3.8637 -10 88.9647
      vertex 9.65926 -10 87.4118
      vertex 9.91445 -10 88.6947
    endloop
  endfacet
  facet normal 0 -1 0
    outer loop
      vertex 7.93353 -10 83.9124
      vertex 3.17341 -10 87.565
      vertex 2.82843 -10 87.1716
    endloop
  endfacet
  facet normal 0 -1 0
    outer loop
      vertex 7.07107 -10 82.9289
      vertex 2.82843 -10 87.1716
      vertex 2.43505 -10 86.8266
    endloop
  endfacet
  facet normal 0 -1 0
    outer loop
      vertex 6.08761 -10 82.0665
      vertex 2.43505 -10 86.8266
      vertex 2 -10 86.5359
    endloop
  endfacet
  facet normal 0 -1 0
    outer loop
      vertex 5 -10 81.3397
      vertex 2 -10 86.5359
      vertex 1.53073 -10 86.3045
    endloop
  endfacet
  facet normal 0 -1 0
    outer loop
      vertex 3.69552 -10 88.4693
      vertex 9.2388 -10 86.1732
      vertex 9.65926 -10 87.4118
    endloop
  endfacet
  facet normal 0 -1 0
    outer loop
      vertex 3.82683 -10 80.7612
      vertex 1.53073 -10 86.3045
      vertex 1.03528 -10 86.1363
    endloop
  endfacet
  facet normal 0 -1 0
    outer loop
      vertex 2.58819 -10 80.3407
      vertex 1.03528 -10 86.1363
      vertex 0.522104 -10 86.0342
    endloop
  endfacet
  facet normal 0 -1 0
    outer loop
      vertex 1.30526 -10 80.0856
      vertex 0.522104 -10 86.0342
      vertex 0 -10 86
    endloop
  endfacet
  facet normal 0 -1 -0
    outer loop
      vertex -2 -10 86.5359
      vertex -5 -10 81.3397
      vertex -1.53073 -10 86.3045
    endloop
  endfacet
  facet normal 0 -1 0
    outer loop
      vertex 3.4641 -10 88
      vertex 8.66025 -10 85
      vertex 9.2388 -10 86.1732
    endloop
  endfacet
  facet normal 0 -1 0
    outer loop
      vertex -3.82683 -10 80.7612
      vertex -1.53073 -10 86.3045
      vertex -5 -10 81.3397
    endloop
  endfacet
  facet normal 0 -1 0
    outer loop
      vertex 3.17341 -10 87.565
      vertex 7.93353 -10 83.9124
      vertex 8.66025 -10 85
    endloop
  endfacet
  facet normal 0 -1 -0
    outer loop
      vertex -1.53073 -10 86.3045
      vertex -3.82683 -10 80.7612
      vertex -1.03528 -10 86.1363
    endloop
  endfacet
  facet normal 0 -1 0
    outer loop
      vertex 2.82843 -10 87.1716
      vertex 7.07107 -10 82.9289
      vertex 7.93353 -10 83.9124
    endloop
  endfacet
  facet normal 0 -1 0
    outer loop
      vertex -2.58819 -10 80.3407
      vertex -1.03528 -10 86.1363
      vertex -3.82683 -10 80.7612
    endloop
  endfacet
  facet normal 0 -1 0
    outer loop
      vertex 2.43505 -10 86.8266
      vertex 6.08761 -10 82.0665
      vertex 7.07107 -10 82.9289
    endloop
  endfacet
  facet normal 0 -1 -0
    outer loop
      vertex -1.03528 -10 86.1363
      vertex -2.58819 -10 80.3407
      vertex -0.522104 -10 86.0342
    endloop
  endfacet
  facet normal 0 -1 0
    outer loop
      vertex 2 -10 86.5359
      vertex 5 -10 81.3397
      vertex 6.08761 -10 82.0665
    endloop
  endfacet
  facet normal 0 -1 0
    outer loop
      vertex -1.30526 -10 80.0856
      vertex -0.522104 -10 86.0342
      vertex -2.58819 -10 80.3407
    endloop
  endfacet
  facet normal 0 -1 0
    outer loop
      vertex 1.53073 -10 86.3045
      vertex 3.82683 -10 80.7612
      vertex 5 -10 81.3397
    endloop
  endfacet
  facet normal 0 -1 -0
    outer loop
      vertex -0.522104 -10 86.0342
      vertex -1.30526 -10 80.0856
      vertex 0 -10 86
    endloop
  endfacet
  facet normal 0 -1 0
    outer loop
      vertex 1.03528 -10 86.1363
      vertex 2.58819 -10 80.3407
      vertex 3.82683 -10 80.7612
    endloop
  endfacet
  facet normal 0 -1 0
    outer loop
      vertex 0 -10 80
      vertex 0 -10 86
      vertex -1.30526 -10 80.0856
    endloop
  endfacet
  facet normal 0 -1 0
    outer loop
      vertex 0.522104 -10 86.0342
      vertex 1.30526 -10 80.0856
      vertex 2.58819 -10 80.3407
    endloop
  endfacet
  facet normal 0 -1 0
    outer loop
      vertex 0 -10 86
      vertex 0 -10 80
      vertex 1.30526 -10 80.0856
    endloop
  endfacet
  facet normal 0.195024 0 -0.980799
    outer loop
      vertex 1.30526 8 80.0856
      vertex 2.58819 10 80.3407
      vertex 2.58819 8 80.3407
    endloop
  endfacet
  facet normal 0.195024 0 -0.980799
    outer loop
      vertex 2.58819 10 80.3407
      vertex 1.30526 8 80.0856
      vertex 1.30526 10 80.0856
    endloop
  endfacet
  facet normal 0.195024 0 -0.980799
    outer loop
      vertex 1.30526 -10 80.0856
      vertex 2.58819 -8 80.3407
      vertex 2.58819 -10 80.3407
    endloop
  endfacet
  facet normal 0.195024 0 -0.980799
    outer loop
      vertex 2.58819 -8 80.3407
      vertex 1.30526 -10 80.0856
      vertex 1.30526 -8 80.0856
    endloop
  endfacet
  facet normal 0.980785 0 -0.195094
    outer loop
      vertex 9.91445 8 88.6947
      vertex 9.65926 10 87.4118
      vertex 9.91445 10 88.6947
    endloop
  endfacet
  facet normal 0.980785 0 -0.195094
    outer loop
      vertex 9.65926 10 87.4118
      vertex 9.91445 8 88.6947
      vertex 9.65926 8 87.4118
    endloop
  endfacet
  facet normal 0.980785 0 -0.195094
    outer loop
      vertex 9.91445 -10 88.6947
      vertex 9.65926 -8 87.4118
      vertex 9.91445 -8 88.6947
    endloop
  endfacet
  facet normal 0.980785 0 -0.195094
    outer loop
      vertex 9.65926 -8 87.4118
      vertex 9.91445 -10 88.6947
      vertex 9.65926 -10 87.4118
    endloop
  endfacet
  facet normal -0.946927 0 -0.321448
    outer loop
      vertex -9.2388 -10 86.1732
      vertex -9.65926 -8 87.4118
      vertex -9.2388 -8 86.1732
    endloop
  endfacet
  facet normal -0.946927 -0 -0.321448
    outer loop
      vertex -9.65926 -8 87.4118
      vertex -9.2388 -10 86.1732
      vertex -9.65926 -10 87.4118
    endloop
  endfacet
  facet normal -0.946927 0 -0.321448
    outer loop
      vertex -9.2388 8 86.1732
      vertex -9.65926 10 87.4118
      vertex -9.2388 10 86.1732
    endloop
  endfacet
  facet normal -0.946927 -0 -0.321448
    outer loop
      vertex -9.65926 10 87.4118
      vertex -9.2388 8 86.1732
      vertex -9.65926 8 87.4118
    endloop
  endfacet
  facet normal -0.751857 0 -0.659326
    outer loop
      vertex -7.07107 8 82.9289
      vertex -7.93353 10 83.9124
      vertex -7.07107 10 82.9289
    endloop
  endfacet
  facet normal -0.751857 -0 -0.659326
    outer loop
      vertex -7.93353 10 83.9124
      vertex -7.07107 8 82.9289
      vertex -7.93353 8 83.9124
    endloop
  endfacet
  facet normal -0.751857 0 -0.659326
    outer loop
      vertex -7.07107 -10 82.9289
      vertex -7.93353 -8 83.9124
      vertex -7.07107 -8 82.9289
    endloop
  endfacet
  facet normal -0.751857 -0 -0.659326
    outer loop
      vertex -7.93353 -8 83.9124
      vertex -7.07107 -10 82.9289
      vertex -7.93353 -10 83.9124
    endloop
  endfacet
  facet normal 0.555614 0 0.831441
    outer loop
      vertex 5 10 98.6603
      vertex 6.08761 -10 97.9335
      vertex 6.08761 10 97.9335
    endloop
  endfacet
  facet normal 0.555614 0 0.831441
    outer loop
      vertex 6.08761 -10 97.9335
      vertex 5 10 98.6603
      vertex 5 -10 98.6603
    endloop
  endfacet
  facet normal 0.659315 0 0.751867
    outer loop
      vertex 6.08761 10 97.9335
      vertex 7.07107 -10 97.0711
      vertex 7.07107 10 97.0711
    endloop
  endfacet
  facet normal 0.659315 0 0.751867
    outer loop
      vertex 7.07107 -10 97.0711
      vertex 6.08761 10 97.9335
      vertex 6.08761 -10 97.9335
    endloop
  endfacet
  facet normal 0.442262 0 0.896886
    outer loop
      vertex 3.82683 10 99.2388
      vertex 5 -10 98.6603
      vertex 5 10 98.6603
    endloop
  endfacet
  facet normal 0.442262 0 0.896886
    outer loop
      vertex 5 -10 98.6603
      vertex 3.82683 10 99.2388
      vertex 3.82683 -10 99.2388
    endloop
  endfacet
  facet normal -0.195024 0 0.980799
    outer loop
      vertex -2.58819 10 99.6593
      vertex -1.30526 -10 99.9144
      vertex -1.30526 10 99.9144
    endloop
  endfacet
  facet normal -0.195024 0 0.980799
    outer loop
      vertex -1.30526 -10 99.9144
      vertex -2.58819 10 99.6593
      vertex -2.58819 -10 99.6593
    endloop
  endfacet
  facet normal -0.0654402 0 -0.997856
    outer loop
      vertex -1.30526 -10 80.0856
      vertex 0 -8 80
      vertex 0 -10 80
    endloop
  endfacet
  facet normal -0.0654402 0 -0.997856
    outer loop
      vertex 0 -8 80
      vertex -1.30526 -10 80.0856
      vertex -1.30526 -8 80.0856
    endloop
  endfacet
  facet normal -0.0654402 0 -0.997856
    outer loop
      vertex -1.30526 8 80.0856
      vertex 0 10 80
      vertex 0 8 80
    endloop
  endfacet
  facet normal -0.0654402 0 -0.997856
    outer loop
      vertex 0 10 80
      vertex -1.30526 8 80.0856
      vertex -1.30526 10 80.0856
    endloop
  endfacet
  facet normal -0.442262 0 -0.896886
    outer loop
      vertex -5 -10 81.3397
      vertex -3.82683 -8 80.7612
      vertex -3.82683 -10 80.7612
    endloop
  endfacet
  facet normal -0.442262 0 -0.896886
    outer loop
      vertex -3.82683 -8 80.7612
      vertex -5 -10 81.3397
      vertex -5 -8 81.3397
    endloop
  endfacet
  facet normal -0.442262 0 -0.896886
    outer loop
      vertex -5 8 81.3397
      vertex -3.82683 10 80.7612
      vertex -3.82683 8 80.7612
    endloop
  endfacet
  facet normal -0.442262 0 -0.896886
    outer loop
      vertex -3.82683 10 80.7612
      vertex -5 8 81.3397
      vertex -5 10 81.3397
    endloop
  endfacet
  facet normal -0.0654402 0 0.997856
    outer loop
      vertex -1.30526 10 99.9144
      vertex 0 -10 100
      vertex 0 10 100
    endloop
  endfacet
  facet normal -0.0654402 0 0.997856
    outer loop
      vertex 0 -10 100
      vertex -1.30526 10 99.9144
      vertex -1.30526 -10 99.9144
    endloop
  endfacet
  facet normal -0.946927 0 0.321448
    outer loop
      vertex -9.65926 -10 92.5882
      vertex -9.2388 10 93.8268
      vertex -9.65926 10 92.5882
    endloop
  endfacet
  facet normal -0.946927 0 0.321448
    outer loop
      vertex -9.2388 10 93.8268
      vertex -9.65926 -10 92.5882
      vertex -9.2388 -10 93.8268
    endloop
  endfacet
  facet normal 0 1 0
    outer loop
      vertex 0 10 94
      vertex 0 10 100
      vertex 1.30526 10 99.9144
    endloop
  endfacet
  facet normal 0 1 0
    outer loop
      vertex 0.522104 10 93.9658
      vertex 1.30526 10 99.9144
      vertex 2.58819 10 99.6593
    endloop
  endfacet
  facet normal 0 1 0
    outer loop
      vertex 0 10 100
      vertex 0 10 94
      vertex -1.30526 10 99.9144
    endloop
  endfacet
  facet normal 0 1 0
    outer loop
      vertex 1.03528 10 93.8637
      vertex 2.58819 10 99.6593
      vertex 3.82683 10 99.2388
    endloop
  endfacet
  facet normal 0 1 -0
    outer loop
      vertex -0.522104 10 93.9658
      vertex -1.30526 10 99.9144
      vertex 0 10 94
    endloop
  endfacet
  facet normal 0 1 0
    outer loop
      vertex 1.53073 10 93.6955
      vertex 3.82683 10 99.2388
      vertex 5 10 98.6603
    endloop
  endfacet
  facet normal 0 1 0
    outer loop
      vertex -1.30526 10 99.9144
      vertex -0.522104 10 93.9658
      vertex -2.58819 10 99.6593
    endloop
  endfacet
  facet normal 0 1 0
    outer loop
      vertex 2 10 93.4641
      vertex 5 10 98.6603
      vertex 6.08761 10 97.9335
    endloop
  endfacet
  facet normal 0 1 -0
    outer loop
      vertex -1.03528 10 93.8637
      vertex -2.58819 10 99.6593
      vertex -0.522104 10 93.9658
    endloop
  endfacet
  facet normal 0 1 0
    outer loop
      vertex 2.43505 10 93.1734
      vertex 6.08761 10 97.9335
      vertex 7.07107 10 97.0711
    endloop
  endfacet
  facet normal 0 1 0
    outer loop
      vertex -2.58819 10 99.6593
      vertex -1.03528 10 93.8637
      vertex -3.82683 10 99.2388
    endloop
  endfacet
  facet normal 0 1 0
    outer loop
      vertex 2.82843 10 92.8284
      vertex 7.07107 10 97.0711
      vertex 7.93353 10 96.0876
    endloop
  endfacet
  facet normal 0 1 -0
    outer loop
      vertex -1.53073 10 93.6955
      vertex -3.82683 10 99.2388
      vertex -1.03528 10 93.8637
    endloop
  endfacet
  facet normal 0 1 0
    outer loop
      vertex 3.17341 10 92.435
      vertex 7.93353 10 96.0876
      vertex 8.66025 10 95
    endloop
  endfacet
  facet normal 0 1 0
    outer loop
      vertex -3.82683 10 99.2388
      vertex -1.53073 10 93.6955
      vertex -5 10 98.6603
    endloop
  endfacet
  facet normal 0 1 -0
    outer loop
      vertex -2 10 93.4641
      vertex -5 10 98.6603
      vertex -1.53073 10 93.6955
    endloop
  endfacet
  facet normal 0 1 0
    outer loop
      vertex 1.30526 10 99.9144
      vertex 0.522104 10 93.9658
      vertex 0 10 94
    endloop
  endfacet
  facet normal 0 1 0
    outer loop
      vertex 2.58819 10 99.6593
      vertex 1.03528 10 93.8637
      vertex 0.522104 10 93.9658
    endloop
  endfacet
  facet normal 0 1 0
    outer loop
      vertex 3.4641 10 92
      vertex 8.66025 10 95
      vertex 9.2388 10 93.8268
    endloop
  endfacet
  facet normal 0 1 0
    outer loop
      vertex 3.82683 10 99.2388
      vertex 1.53073 10 93.6955
      vertex 1.03528 10 93.8637
    endloop
  endfacet
  facet normal 0 1 0
    outer loop
      vertex 5 10 98.6603
      vertex 2 10 93.4641
      vertex 1.53073 10 93.6955
    endloop
  endfacet
  facet normal 0 1 0
    outer loop
      vertex 6.08761 10 97.9335
      vertex 2.43505 10 93.1734
      vertex 2 10 93.4641
    endloop
  endfacet
  facet normal 0 1 0
    outer loop
      vertex 7.07107 10 97.0711
      vertex 2.82843 10 92.8284
      vertex 2.43505 10 93.1734
    endloop
  endfacet
  facet normal 0 1 0
    outer loop
      vertex 3.69552 10 91.5307
      vertex 9.2388 10 93.8268
      vertex 9.65926 10 92.5882
    endloop
  endfacet
  facet normal 0 1 0
    outer loop
      vertex 7.93353 10 96.0876
      vertex 3.17341 10 92.435
      vertex 2.82843 10 92.8284
    endloop
  endfacet
  facet normal 0 1 0
    outer loop
      vertex 8.66025 10 95
      vertex 3.4641 10 92
      vertex 3.17341 10 92.435
    endloop
  endfacet
  facet normal 0 1 0
    outer loop
      vertex 9.2388 10 93.8268
      vertex 3.69552 10 91.5307
      vertex 3.4641 10 92
    endloop
  endfacet
  facet normal 0 1 0
    outer loop
      vertex 3.8637 10 91.0353
      vertex 9.65926 10 92.5882
      vertex 9.91445 10 91.3053
    endloop
  endfacet
  facet normal 0 1 0
    outer loop
      vertex 9.65926 10 92.5882
      vertex 3.8637 10 91.0353
      vertex 3.69552 10 91.5307
    endloop
  endfacet
  facet normal 0 1 0
    outer loop
      vertex 9.91445 10 91.3053
      vertex 3.96578 10 90.5221
      vertex 3.8637 10 91.0353
    endloop
  endfacet
  facet normal 0 1 0
    outer loop
      vertex 10 10 90
      vertex 3.96578 10 90.5221
      vertex 9.91445 10 91.3053
    endloop
  endfacet
  facet normal 0 1 0
    outer loop
      vertex 10 10 90
      vertex 4 10 90
      vertex 3.96578 10 90.5221
    endloop
  endfacet
  facet normal 0 1 0
    outer loop
      vertex 10 10 90
      vertex 3.96578 10 89.4779
      vertex 4 10 90
    endloop
  endfacet
  facet normal 0 1 -0
    outer loop
      vertex 9.91445 10 88.6947
      vertex 3.96578 10 89.4779
      vertex 10 10 90
    endloop
  endfacet
  facet normal 0 1 0
    outer loop
      vertex 3.96578 10 89.4779
      vertex 9.91445 10 88.6947
      vertex 3.8637 10 88.9647
    endloop
  endfacet
  facet normal 0 1 -0
    outer loop
      vertex 9.65926 10 87.4118
      vertex 3.8637 10 88.9647
      vertex 9.91445 10 88.6947
    endloop
  endfacet
  facet normal 0 1 0
    outer loop
      vertex 3.8637 10 88.9647
      vertex 9.65926 10 87.4118
      vertex 3.69552 10 88.4693
    endloop
  endfacet
  facet normal 0 1 -0
    outer loop
      vertex 9.2388 10 86.1732
      vertex 3.69552 10 88.4693
      vertex 9.65926 10 87.4118
    endloop
  endfacet
  facet normal 0 1 0
    outer loop
      vertex 3.69552 10 88.4693
      vertex 9.2388 10 86.1732
      vertex 3.4641 10 88
    endloop
  endfacet
  facet normal 0 1 -0
    outer loop
      vertex 8.66025 10 85
      vertex 3.4641 10 88
      vertex 9.2388 10 86.1732
    endloop
  endfacet
  facet normal 0 1 0
    outer loop
      vertex 3.4641 10 88
      vertex 8.66025 10 85
      vertex 3.17341 10 87.565
    endloop
  endfacet
  facet normal 0 1 -0
    outer loop
      vertex 7.93353 10 83.9124
      vertex 3.17341 10 87.565
      vertex 8.66025 10 85
    endloop
  endfacet
  facet normal 0 1 0
    outer loop
      vertex 3.17341 10 87.565
      vertex 7.93353 10 83.9124
      vertex 2.82843 10 87.1716
    endloop
  endfacet
  facet normal 0 1 -0
    outer loop
      vertex 7.07107 10 82.9289
      vertex 2.82843 10 87.1716
      vertex 7.93353 10 83.9124
    endloop
  endfacet
  facet normal 0 1 0
    outer loop
      vertex 2.82843 10 87.1716
      vertex 7.07107 10 82.9289
      vertex 2.43505 10 86.8266
    endloop
  endfacet
  facet normal 0 1 -0
    outer loop
      vertex 6.08761 10 82.0665
      vertex 2.43505 10 86.8266
      vertex 7.07107 10 82.9289
    endloop
  endfacet
  facet normal 0 1 0
    outer loop
      vertex 2.43505 10 86.8266
      vertex 6.08761 10 82.0665
      vertex 2 10 86.5359
    endloop
  endfacet
  facet normal 0 1 -0
    outer loop
      vertex 5 10 81.3397
      vertex 2 10 86.5359
      vertex 6.08761 10 82.0665
    endloop
  endfacet
  facet normal 0 1 0
    outer loop
      vertex -5 10 98.6603
      vertex -2 10 93.4641
      vertex -6.08761 10 97.9335
    endloop
  endfacet
  facet normal 0 1 -0
    outer loop
      vertex -2.43505 10 93.1734
      vertex -6.08761 10 97.9335
      vertex -2 10 93.4641
    endloop
  endfacet
  facet normal 0 1 0
    outer loop
      vertex -6.08761 10 97.9335
      vertex -2.43505 10 93.1734
      vertex -7.07107 10 97.0711
    endloop
  endfacet
  facet normal 0 1 -0
    outer loop
      vertex -2.82843 10 92.8284
      vertex -7.07107 10 97.0711
      vertex -2.43505 10 93.1734
    endloop
  endfacet
  facet normal 0 1 0
    outer loop
      vertex -7.07107 10 97.0711
      vertex -2.82843 10 92.8284
      vertex -7.93353 10 96.0876
    endloop
  endfacet
  facet normal 0 1 -0
    outer loop
      vertex -3.17341 10 92.435
      vertex -7.93353 10 96.0876
      vertex -2.82843 10 92.8284
    endloop
  endfacet
  facet normal 0 1 0
    outer loop
      vertex -7.93353 10 96.0876
      vertex -3.17341 10 92.435
      vertex -8.66025 10 95
    endloop
  endfacet
  facet normal 0 1 -0
    outer loop
      vertex -3.4641 10 92
      vertex -8.66025 10 95
      vertex -3.17341 10 92.435
    endloop
  endfacet
  facet normal 0 1 0
    outer loop
      vertex -8.66025 10 95
      vertex -3.4641 10 92
      vertex -9.2388 10 93.8268
    endloop
  endfacet
  facet normal 0 1 -0
    outer loop
      vertex -3.69552 10 91.5307
      vertex -9.2388 10 93.8268
      vertex -3.4641 10 92
    endloop
  endfacet
  facet normal 0 1 0
    outer loop
      vertex -9.2388 10 93.8268
      vertex -3.69552 10 91.5307
      vertex -9.65926 10 92.5882
    endloop
  endfacet
  facet normal 0 1 -0
    outer loop
      vertex -3.8637 10 91.0353
      vertex -9.65926 10 92.5882
      vertex -3.69552 10 91.5307
    endloop
  endfacet
  facet normal 0 1 0
    outer loop
      vertex -9.65926 10 92.5882
      vertex -3.8637 10 91.0353
      vertex -9.91445 10 91.3053
    endloop
  endfacet
  facet normal 0 1 -0
    outer loop
      vertex -3.96578 10 90.5221
      vertex -9.91445 10 91.3053
      vertex -3.8637 10 91.0353
    endloop
  endfacet
  facet normal 0 1 -0
    outer loop
      vertex -4 10 90
      vertex -9.91445 10 91.3053
      vertex -3.96578 10 90.5221
    endloop
  endfacet
  facet normal 0 1 0
    outer loop
      vertex -4 10 90
      vertex -10 10 90
      vertex -9.91445 10 91.3053
    endloop
  endfacet
  facet normal 0 1 0
    outer loop
      vertex -3.96578 10 89.4779
      vertex -10 10 90
      vertex -4 10 90
    endloop
  endfacet
  facet normal 0 1 0
    outer loop
      vertex -9.91445 10 88.6947
      vertex -3.96578 10 89.4779
      vertex -3.8637 10 88.9647
    endloop
  endfacet
  facet normal 0 1 0
    outer loop
      vertex -3.96578 10 89.4779
      vertex -9.91445 10 88.6947
      vertex -10 10 90
    endloop
  endfacet
  facet normal 0 1 0
    outer loop
      vertex -9.65926 10 87.4118
      vertex -3.8637 10 88.9647
      vertex -3.69552 10 88.4693
    endloop
  endfacet
  facet normal 0 1 0
    outer loop
      vertex -9.2388 10 86.1732
      vertex -3.69552 10 88.4693
      vertex -3.4641 10 88
    endloop
  endfacet
  facet normal 0 1 0
    outer loop
      vertex -8.66025 10 85
      vertex -3.4641 10 88
      vertex -3.17341 10 87.565
    endloop
  endfacet
  facet normal 0 1 0
    outer loop
      vertex -3.8637 10 88.9647
      vertex -9.65926 10 87.4118
      vertex -9.91445 10 88.6947
    endloop
  endfacet
  facet normal 0 1 0
    outer loop
      vertex -7.93353 10 83.9124
      vertex -3.17341 10 87.565
      vertex -2.82843 10 87.1716
    endloop
  endfacet
  facet normal 0 1 0
    outer loop
      vertex -7.07107 10 82.9289
      vertex -2.82843 10 87.1716
      vertex -2.43505 10 86.8266
    endloop
  endfacet
  facet normal 0 1 0
    outer loop
      vertex -6.08761 10 82.0665
      vertex -2.43505 10 86.8266
      vertex -2 10 86.5359
    endloop
  endfacet
  facet normal 0 1 0
    outer loop
      vertex -5 10 81.3397
      vertex -2 10 86.5359
      vertex -1.53073 10 86.3045
    endloop
  endfacet
  facet normal 0 1 0
    outer loop
      vertex -3.69552 10 88.4693
      vertex -9.2388 10 86.1732
      vertex -9.65926 10 87.4118
    endloop
  endfacet
  facet normal 0 1 0
    outer loop
      vertex -3.82683 10 80.7612
      vertex -1.53073 10 86.3045
      vertex -1.03528 10 86.1363
    endloop
  endfacet
  facet normal 0 1 0
    outer loop
      vertex -2.58819 10 80.3407
      vertex -1.03528 10 86.1363
      vertex -0.522104 10 86.0342
    endloop
  endfacet
  facet normal 0 1 0
    outer loop
      vertex -1.30526 10 80.0856
      vertex -0.522104 10 86.0342
      vertex 0 10 86
    endloop
  endfacet
  facet normal 0 1 0
    outer loop
      vertex 2 10 86.5359
      vertex 5 10 81.3397
      vertex 1.53073 10 86.3045
    endloop
  endfacet
  facet normal 0 1 0
    outer loop
      vertex -3.4641 10 88
      vertex -8.66025 10 85
      vertex -9.2388 10 86.1732
    endloop
  endfacet
  facet normal 0 1 -0
    outer loop
      vertex 3.82683 10 80.7612
      vertex 1.53073 10 86.3045
      vertex 5 10 81.3397
    endloop
  endfacet
  facet normal 0 1 0
    outer loop
      vertex -3.17341 10 87.565
      vertex -7.93353 10 83.9124
      vertex -8.66025 10 85
    endloop
  endfacet
  facet normal 0 1 0
    outer loop
      vertex 1.53073 10 86.3045
      vertex 3.82683 10 80.7612
      vertex 1.03528 10 86.1363
    endloop
  endfacet
  facet normal 0 1 0
    outer loop
      vertex -2.82843 10 87.1716
      vertex -7.07107 10 82.9289
      vertex -7.93353 10 83.9124
    endloop
  endfacet
  facet normal 0 1 -0
    outer loop
      vertex 2.58819 10 80.3407
      vertex 1.03528 10 86.1363
      vertex 3.82683 10 80.7612
    endloop
  endfacet
  facet normal 0 1 0
    outer loop
      vertex -2.43505 10 86.8266
      vertex -6.08761 10 82.0665
      vertex -7.07107 10 82.9289
    endloop
  endfacet
  facet normal 0 1 0
    outer loop
      vertex 1.03528 10 86.1363
      vertex 2.58819 10 80.3407
      vertex 0.522104 10 86.0342
    endloop
  endfacet
  facet normal 0 1 0
    outer loop
      vertex -2 10 86.5359
      vertex -5 10 81.3397
      vertex -6.08761 10 82.0665
    endloop
  endfacet
  facet normal 0 1 -0
    outer loop
      vertex 1.30526 10 80.0856
      vertex 0.522104 10 86.0342
      vertex 2.58819 10 80.3407
    endloop
  endfacet
  facet normal 0 1 0
    outer loop
      vertex -1.53073 10 86.3045
      vertex -3.82683 10 80.7612
      vertex -5 10 81.3397
    endloop
  endfacet
  facet normal 0 1 0
    outer loop
      vertex 0.522104 10 86.0342
      vertex 1.30526 10 80.0856
      vertex 0 10 86
    endloop
  endfacet
  facet normal 0 1 0
    outer loop
      vertex -1.03528 10 86.1363
      vertex -2.58819 10 80.3407
      vertex -3.82683 10 80.7612
    endloop
  endfacet
  facet normal 0 1 0
    outer loop
      vertex 0 10 80
      vertex 0 10 86
      vertex 1.30526 10 80.0856
    endloop
  endfacet
  facet normal 0 1 0
    outer loop
      vertex -0.522104 10 86.0342
      vertex -1.30526 10 80.0856
      vertex -2.58819 10 80.3407
    endloop
  endfacet
  facet normal 0 1 0
    outer loop
      vertex 0 10 86
      vertex 0 10 80
      vertex -1.30526 10 80.0856
    endloop
  endfacet
  facet normal 0.831466 -0 0.555575
    outer loop
      vertex 7.93353 -10 96.0876
      vertex 8.66025 10 95
      vertex 7.93353 10 96.0876
    endloop
  endfacet
  facet normal 0.831466 0 0.555575
    outer loop
      vertex 8.66025 10 95
      vertex 7.93353 -10 96.0876
      vertex 8.66025 -10 95
    endloop
  endfacet
  facet normal 0.442262 0 -0.896886
    outer loop
      vertex 3.82683 8 80.7612
      vertex 5 10 81.3397
      vertex 5 8 81.3397
    endloop
  endfacet
  facet normal 0.442262 0 -0.896886
    outer loop
      vertex 5 10 81.3397
      vertex 3.82683 8 80.7612
      vertex 3.82683 10 80.7612
    endloop
  endfacet
  facet normal 0.442262 0 -0.896886
    outer loop
      vertex 3.82683 -10 80.7612
      vertex 5 -8 81.3397
      vertex 5 -10 81.3397
    endloop
  endfacet
  facet normal 0.442262 0 -0.896886
    outer loop
      vertex 5 -8 81.3397
      vertex 3.82683 -10 80.7612
      vertex 3.82683 -8 80.7612
    endloop
  endfacet
  facet normal -0.997859 0 -0.0654002
    outer loop
      vertex -9.91445 8 88.6947
      vertex -10 10 90
      vertex -9.91445 10 88.6947
    endloop
  endfacet
  facet normal -0.997859 -0 -0.0654002
    outer loop
      vertex -10 10 90
      vertex -9.91445 8 88.6947
      vertex -10 8 90
    endloop
  endfacet
  facet normal -0.997859 0 -0.0654002
    outer loop
      vertex -9.91445 -10 88.6947
      vertex -10 -8 90
      vertex -9.91445 -8 88.6947
    endloop
  endfacet
  facet normal -0.997859 -0 -0.0654002
    outer loop
      vertex -10 -8 90
      vertex -9.91445 -10 88.6947
      vertex -10 -10 90
    endloop
  endfacet
  facet normal 0.831466 0 -0.555575
    outer loop
      vertex 8.66025 -10 85
      vertex 7.93353 -8 83.9124
      vertex 8.66025 -8 85
    endloop
  endfacet
  facet normal 0.831466 0 -0.555575
    outer loop
      vertex 7.93353 -8 83.9124
      vertex 8.66025 -10 85
      vertex 7.93353 -10 83.9124
    endloop
  endfacet
  facet normal 0.831466 0 -0.555575
    outer loop
      vertex 8.66025 8 85
      vertex 7.93353 10 83.9124
      vertex 8.66025 10 85
    endloop
  endfacet
  facet normal 0.831466 0 -0.555575
    outer loop
      vertex 7.93353 10 83.9124
      vertex 8.66025 8 85
      vertex 7.93353 8 83.9124
    endloop
  endfacet
  facet normal 0.946927 0 -0.321448
    outer loop
      vertex 9.65926 8 87.4118
      vertex 9.2388 10 86.1732
      vertex 9.65926 10 87.4118
    endloop
  endfacet
  facet normal 0.946927 0 -0.321448
    outer loop
      vertex 9.2388 10 86.1732
      vertex 9.65926 8 87.4118
      vertex 9.2388 8 86.1732
    endloop
  endfacet
  facet normal 0.946927 0 -0.321448
    outer loop
      vertex 9.65926 -10 87.4118
      vertex 9.2388 -8 86.1732
      vertex 9.65926 -8 87.4118
    endloop
  endfacet
  facet normal 0.946927 0 -0.321448
    outer loop
      vertex 9.2388 -8 86.1732
      vertex 9.65926 -10 87.4118
      vertex 9.2388 -10 86.1732
    endloop
  endfacet
  facet normal -0.980785 0 0.195094
    outer loop
      vertex -9.91445 -10 91.3053
      vertex -9.65926 10 92.5882
      vertex -9.91445 10 91.3053
    endloop
  endfacet
  facet normal -0.980785 0 0.195094
    outer loop
      vertex -9.65926 10 92.5882
      vertex -9.91445 -10 91.3053
      vertex -9.65926 -10 92.5882
    endloop
  endfacet
  facet normal -0.555614 0 -0.831441
    outer loop
      vertex -6.08761 -10 82.0665
      vertex -5 -8 81.3397
      vertex -5 -10 81.3397
    endloop
  endfacet
  facet normal -0.555614 0 -0.831441
    outer loop
      vertex -5 -8 81.3397
      vertex -6.08761 -10 82.0665
      vertex -6.08761 -8 82.0665
    endloop
  endfacet
  facet normal -0.555614 0 -0.831441
    outer loop
      vertex -6.08761 8 82.0665
      vertex -5 10 81.3397
      vertex -5 8 81.3397
    endloop
  endfacet
  facet normal -0.555614 0 -0.831441
    outer loop
      vertex -5 10 81.3397
      vertex -6.08761 8 82.0665
      vertex -6.08761 10 82.0665
    endloop
  endfacet
  facet normal -0.555614 0 0.831441
    outer loop
      vertex -6.08761 10 97.9335
      vertex -5 -10 98.6603
      vertex -5 10 98.6603
    endloop
  endfacet
  facet normal -0.555614 0 0.831441
    outer loop
      vertex -5 -10 98.6603
      vertex -6.08761 10 97.9335
      vertex -6.08761 -10 97.9335
    endloop
  endfacet
  facet normal 0.997859 0 -0.0654002
    outer loop
      vertex 10 8 90
      vertex 9.91445 10 88.6947
      vertex 10 10 90
    endloop
  endfacet
  facet normal 0.997859 0 -0.0654002
    outer loop
      vertex 9.91445 10 88.6947
      vertex 10 8 90
      vertex 9.91445 8 88.6947
    endloop
  endfacet
  facet normal 0.997859 0 -0.0654002
    outer loop
      vertex 10 -10 90
      vertex 9.91445 -8 88.6947
      vertex 10 -8 90
    endloop
  endfacet
  facet normal 0.997859 0 -0.0654002
    outer loop
      vertex 9.91445 -8 88.6947
      vertex 10 -10 90
      vertex 9.91445 -10 88.6947
    endloop
  endfacet
  facet normal 0.0654402 0 0.997856
    outer loop
      vertex 0 10 100
      vertex 1.30526 -10 99.9144
      vertex 1.30526 10 99.9144
    endloop
  endfacet
  facet normal 0.0654402 0 0.997856
    outer loop
      vertex 1.30526 -10 99.9144
      vertex 0 10 100
      vertex 0 -10 100
    endloop
  endfacet
  facet normal -0.195024 0 -0.980799
    outer loop
      vertex -2.58819 -10 80.3407
      vertex -1.30526 -8 80.0856
      vertex -1.30526 -10 80.0856
    endloop
  endfacet
  facet normal -0.195024 0 -0.980799
    outer loop
      vertex -1.30526 -8 80.0856
      vertex -2.58819 -10 80.3407
      vertex -2.58819 -8 80.3407
    endloop
  endfacet
  facet normal -0.195024 0 -0.980799
    outer loop
      vertex -2.58819 8 80.3407
      vertex -1.30526 10 80.0856
      vertex -1.30526 8 80.0856
    endloop
  endfacet
  facet normal -0.195024 0 -0.980799
    outer loop
      vertex -1.30526 10 80.0856
      vertex -2.58819 8 80.3407
      vertex -2.58819 10 80.3407
    endloop
  endfacet
  facet normal -0.980785 0 -0.195094
    outer loop
      vertex -9.65926 8 87.4118
      vertex -9.91445 10 88.6947
      vertex -9.65926 10 87.4118
    endloop
  endfacet
  facet normal -0.980785 -0 -0.195094
    outer loop
      vertex -9.91445 10 88.6947
      vertex -9.65926 8 87.4118
      vertex -9.91445 8 88.6947
    endloop
  endfacet
  facet normal -0.980785 0 -0.195094
    outer loop
      vertex -9.65926 -10 87.4118
      vertex -9.91445 -8 88.6947
      vertex -9.65926 -8 87.4118
    endloop
  endfacet
  facet normal -0.980785 -0 -0.195094
    outer loop
      vertex -9.91445 -8 88.6947
      vertex -9.65926 -10 87.4118
      vertex -9.91445 -10 88.6947
    endloop
  endfacet
  facet normal -0.831466 0 -0.555575
    outer loop
      vertex -7.93353 8 83.9124
      vertex -8.66025 10 85
      vertex -7.93353 10 83.9124
    endloop
  endfacet
  facet normal -0.831466 -0 -0.555575
    outer loop
      vertex -8.66025 10 85
      vertex -7.93353 8 83.9124
      vertex -8.66025 8 85
    endloop
  endfacet
  facet normal -0.831466 0 -0.555575
    outer loop
      vertex -7.93353 -10 83.9124
      vertex -8.66025 -8 85
      vertex -7.93353 -8 83.9124
    endloop
  endfacet
  facet normal -0.831466 -0 -0.555575
    outer loop
      vertex -8.66025 -8 85
      vertex -7.93353 -10 83.9124
      vertex -8.66025 -10 85
    endloop
  endfacet
  facet normal 0.555614 0 -0.831441
    outer loop
      vertex 5 8 81.3397
      vertex 6.08761 10 82.0665
      vertex 6.08761 8 82.0665
    endloop
  endfacet
  facet normal 0.555614 0 -0.831441
    outer loop
      vertex 6.08761 10 82.0665
      vertex 5 8 81.3397
      vertex 5 10 81.3397
    endloop
  endfacet
  facet normal 0.555614 0 -0.831441
    outer loop
      vertex 5 -10 81.3397
      vertex 6.08761 -8 82.0665
      vertex 6.08761 -10 82.0665
    endloop
  endfacet
  facet normal 0.555614 0 -0.831441
    outer loop
      vertex 6.08761 -8 82.0665
      vertex 5 -10 81.3397
      vertex 5 -8 81.3397
    endloop
  endfacet
  facet normal -0.831466 0 0.555575
    outer loop
      vertex -8.66025 -10 95
      vertex -7.93353 10 96.0876
      vertex -8.66025 10 95
    endloop
  endfacet
  facet normal -0.831466 0 0.555575
    outer loop
      vertex -7.93353 10 96.0876
      vertex -8.66025 -10 95
      vertex -7.93353 -10 96.0876
    endloop
  endfacet
  facet normal -0.751857 0 0.659326
    outer loop
      vertex -7.93353 -10 96.0876
      vertex -7.07107 10 97.0711
      vertex -7.93353 10 96.0876
    endloop
  endfacet
  facet normal -0.751857 0 0.659326
    outer loop
      vertex -7.07107 10 97.0711
      vertex -7.93353 -10 96.0876
      vertex -7.07107 -10 97.0711
    endloop
  endfacet
  facet normal 0.980786 -0 0.195087
    outer loop
      vertex 3.8637 -11 91.0353
      vertex 3.96578 -10 90.5221
      vertex 3.8637 -10 91.0353
    endloop
  endfacet
  facet normal 0.980786 0 0.195087
    outer loop
      vertex 3.96578 -10 90.5221
      vertex 3.8637 -11 91.0353
      vertex 3.96578 -11 90.5221
    endloop
  endfacet
  facet normal 0.980786 -0 0.195087
    outer loop
      vertex 3.8637 10 91.0353
      vertex 3.96578 11 90.5221
      vertex 3.8637 11 91.0353
    endloop
  endfacet
  facet normal 0.980786 0 0.195087
    outer loop
      vertex 3.96578 11 90.5221
      vertex 3.8637 10 91.0353
      vertex 3.96578 10 90.5221
    endloop
  endfacet
  facet normal 0.997859 -0 0.0654027
    outer loop
      vertex 3.96578 -11 90.5221
      vertex 4 -10 90
      vertex 3.96578 -10 90.5221
    endloop
  endfacet
  facet normal 0.997859 0 0.0654027
    outer loop
      vertex 4 -10 90
      vertex 3.96578 -11 90.5221
      vertex 4 -11 90
    endloop
  endfacet
  facet normal 0.997859 -0 0.0654027
    outer loop
      vertex 3.96578 10 90.5221
      vertex 4 11 90
      vertex 3.96578 11 90.5221
    endloop
  endfacet
  facet normal 0.997859 0 0.0654027
    outer loop
      vertex 4 11 90
      vertex 3.96578 10 90.5221
      vertex 4 10 90
    endloop
  endfacet
  facet normal -0.896883 0 0.442268
    outer loop
      vertex -3.69552 -11 91.5307
      vertex -3.4641 -10 92
      vertex -3.69552 -10 91.5307
    endloop
  endfacet
  facet normal -0.896883 0 0.442268
    outer loop
      vertex -3.4641 -10 92
      vertex -3.69552 -11 91.5307
      vertex -3.4641 -11 92
    endloop
  endfacet
  facet normal -0.896883 0 0.442268
    outer loop
      vertex -3.69552 10 91.5307
      vertex -3.4641 11 92
      vertex -3.69552 11 91.5307
    endloop
  endfacet
  facet normal -0.896883 0 0.442268
    outer loop
      vertex -3.4641 11 92
      vertex -3.69552 10 91.5307
      vertex -3.4641 10 92
    endloop
  endfacet
  facet normal 0.44226 0 0.896887
    outer loop
      vertex 1.53073 11 93.6955
      vertex 2 10 93.4641
      vertex 2 11 93.4641
    endloop
  endfacet
  facet normal 0.44226 0 0.896887
    outer loop
      vertex 2 10 93.4641
      vertex 1.53073 11 93.6955
      vertex 1.53073 10 93.6955
    endloop
  endfacet
  facet normal 0.44226 0 0.896887
    outer loop
      vertex 1.53073 -10 93.6955
      vertex 2 -11 93.4641
      vertex 2 -10 93.4641
    endloop
  endfacet
  facet normal 0.44226 0 0.896887
    outer loop
      vertex 2 -11 93.4641
      vertex 1.53073 -10 93.6955
      vertex 1.53073 -11 93.6955
    endloop
  endfacet
  facet normal -0.0653641 0 0.997861
    outer loop
      vertex -0.522104 -10 93.9658
      vertex 0 -11 94
      vertex 0 -10 94
    endloop
  endfacet
  facet normal -0.0653641 0 0.997861
    outer loop
      vertex 0 -11 94
      vertex -0.522104 -10 93.9658
      vertex -0.522104 -11 93.9658
    endloop
  endfacet
  facet normal -0.0653641 0 0.997861
    outer loop
      vertex -0.522104 11 93.9658
      vertex 0 10 94
      vertex 0 11 94
    endloop
  endfacet
  facet normal -0.0653641 0 0.997861
    outer loop
      vertex 0 10 94
      vertex -0.522104 11 93.9658
      vertex -0.522104 10 93.9658
    endloop
  endfacet
  facet normal 0.831441 -0 0.555613
    outer loop
      vertex 3.17341 -11 92.435
      vertex 3.4641 -10 92
      vertex 3.17341 -10 92.435
    endloop
  endfacet
  facet normal 0.831441 0 0.555613
    outer loop
      vertex 3.4641 -10 92
      vertex 3.17341 -11 92.435
      vertex 3.4641 -11 92
    endloop
  endfacet
  facet normal 0.831441 -0 0.555613
    outer loop
      vertex 3.17341 10 92.435
      vertex 3.4641 11 92
      vertex 3.17341 11 92.435
    endloop
  endfacet
  facet normal 0.831441 0 0.555613
    outer loop
      vertex 3.4641 11 92
      vertex 3.17341 10 92.435
      vertex 3.4641 10 92
    endloop
  endfacet
  facet normal -0.831441 0 -0.555613
    outer loop
      vertex -3.17341 -11 87.565
      vertex -3.4641 -10 88
      vertex -3.17341 -10 87.565
    endloop
  endfacet
  facet normal -0.831441 -0 -0.555613
    outer loop
      vertex -3.4641 -10 88
      vertex -3.17341 -11 87.565
      vertex -3.4641 -11 88
    endloop
  endfacet
  facet normal -0.831441 0 -0.555613
    outer loop
      vertex -3.17341 10 87.565
      vertex -3.4641 11 88
      vertex -3.17341 11 87.565
    endloop
  endfacet
  facet normal -0.831441 -0 -0.555613
    outer loop
      vertex -3.4641 11 88
      vertex -3.17341 10 87.565
      vertex -3.4641 10 88
    endloop
  endfacet
  facet normal -0.659362 0 0.751826
    outer loop
      vertex -2.82843 -10 92.8284
      vertex -2.43505 -11 93.1734
      vertex -2.43505 -10 93.1734
    endloop
  endfacet
  facet normal -0.659362 0 0.751826
    outer loop
      vertex -2.43505 -11 93.1734
      vertex -2.82843 -10 92.8284
      vertex -2.82843 -11 92.8284
    endloop
  endfacet
  facet normal -0.659362 0 0.751826
    outer loop
      vertex -2.82843 11 92.8284
      vertex -2.43505 10 93.1734
      vertex -2.43505 11 93.1734
    endloop
  endfacet
  facet normal -0.659362 0 0.751826
    outer loop
      vertex -2.43505 10 93.1734
      vertex -2.82843 11 92.8284
      vertex -2.82843 10 92.8284
    endloop
  endfacet
  facet normal 0.751861 -0 0.659321
    outer loop
      vertex 2.82843 -11 92.8284
      vertex 3.17341 -10 92.435
      vertex 2.82843 -10 92.8284
    endloop
  endfacet
  facet normal 0.751861 0 0.659321
    outer loop
      vertex 3.17341 -10 92.435
      vertex 2.82843 -11 92.8284
      vertex 3.17341 -11 92.435
    endloop
  endfacet
  facet normal 0.751861 -0 0.659321
    outer loop
      vertex 2.82843 10 92.8284
      vertex 3.17341 11 92.435
      vertex 2.82843 11 92.8284
    endloop
  endfacet
  facet normal 0.751861 0 0.659321
    outer loop
      vertex 3.17341 11 92.435
      vertex 2.82843 10 92.8284
      vertex 3.17341 10 92.435
    endloop
  endfacet
  facet normal -0.44226 0 -0.896887
    outer loop
      vertex -2 10 86.5359
      vertex -1.53073 11 86.3045
      vertex -1.53073 10 86.3045
    endloop
  endfacet
  facet normal -0.44226 0 -0.896887
    outer loop
      vertex -1.53073 11 86.3045
      vertex -2 10 86.5359
      vertex -2 11 86.5359
    endloop
  endfacet
  facet normal -0.44226 0 -0.896887
    outer loop
      vertex -2 -11 86.5359
      vertex -1.53073 -10 86.3045
      vertex -1.53073 -11 86.3045
    endloop
  endfacet
  facet normal -0.44226 0 -0.896887
    outer loop
      vertex -1.53073 -10 86.3045
      vertex -2 -11 86.5359
      vertex -2 -10 86.5359
    endloop
  endfacet
  facet normal 0.946922 -0 0.321464
    outer loop
      vertex 3.69552 -11 91.5307
      vertex 3.8637 -10 91.0353
      vertex 3.69552 -10 91.5307
    endloop
  endfacet
  facet normal 0.946922 0 0.321464
    outer loop
      vertex 3.8637 -10 91.0353
      vertex 3.69552 -11 91.5307
      vertex 3.8637 -11 91.0353
    endloop
  endfacet
  facet normal 0.946922 -0 0.321464
    outer loop
      vertex 3.69552 10 91.5307
      vertex 3.8637 11 91.0353
      vertex 3.69552 11 91.5307
    endloop
  endfacet
  facet normal 0.946922 0 0.321464
    outer loop
      vertex 3.8637 11 91.0353
      vertex 3.69552 10 91.5307
      vertex 3.8637 10 91.0353
    endloop
  endfacet
  facet normal -0.0653641 0 -0.997861
    outer loop
      vertex -0.522104 10 86.0342
      vertex 0 11 86
      vertex 0 10 86
    endloop
  endfacet
  facet normal -0.0653641 0 -0.997861
    outer loop
      vertex 0 11 86
      vertex -0.522104 10 86.0342
      vertex -0.522104 11 86.0342
    endloop
  endfacet
  facet normal -0.0653641 0 -0.997861
    outer loop
      vertex -0.522104 -11 86.0342
      vertex 0 -10 86
      vertex 0 -11 86
    endloop
  endfacet
  facet normal -0.0653641 0 -0.997861
    outer loop
      vertex 0 -10 86
      vertex -0.522104 -11 86.0342
      vertex -0.522104 -10 86.0342
    endloop
  endfacet
  facet normal -0.555582 0 -0.831462
    outer loop
      vertex -2.43505 -11 86.8266
      vertex -2 -10 86.5359
      vertex -2 -11 86.5359
    endloop
  endfacet
  facet normal -0.555582 0 -0.831462
    outer loop
      vertex -2 -10 86.5359
      vertex -2.43505 -11 86.8266
      vertex -2.43505 -10 86.8266
    endloop
  endfacet
  facet normal -0.555582 0 -0.831462
    outer loop
      vertex -2.43505 10 86.8266
      vertex -2 11 86.5359
      vertex -2 10 86.5359
    endloop
  endfacet
  facet normal -0.555582 0 -0.831462
    outer loop
      vertex -2 11 86.5359
      vertex -2.43505 10 86.8266
      vertex -2.43505 11 86.8266
    endloop
  endfacet
  facet normal -0.751861 0 -0.659321
    outer loop
      vertex -2.82843 -11 87.1716
      vertex -3.17341 -10 87.565
      vertex -2.82843 -10 87.1716
    endloop
  endfacet
  facet normal -0.751861 -0 -0.659321
    outer loop
      vertex -3.17341 -10 87.565
      vertex -2.82843 -11 87.1716
      vertex -3.17341 -11 87.565
    endloop
  endfacet
  facet normal -0.751861 0 -0.659321
    outer loop
      vertex -2.82843 10 87.1716
      vertex -3.17341 11 87.565
      vertex -2.82843 11 87.1716
    endloop
  endfacet
  facet normal -0.751861 -0 -0.659321
    outer loop
      vertex -3.17341 11 87.565
      vertex -2.82843 10 87.1716
      vertex -3.17341 10 87.565
    endloop
  endfacet
  facet normal -0.44226 0 0.896887
    outer loop
      vertex -2 11 93.4641
      vertex -1.53073 10 93.6955
      vertex -1.53073 11 93.6955
    endloop
  endfacet
  facet normal -0.44226 0 0.896887
    outer loop
      vertex -1.53073 10 93.6955
      vertex -2 11 93.4641
      vertex -2 10 93.4641
    endloop
  endfacet
  facet normal -0.44226 0 0.896887
    outer loop
      vertex -2 -10 93.4641
      vertex -1.53073 -11 93.6955
      vertex -1.53073 -10 93.6955
    endloop
  endfacet
  facet normal -0.44226 0 0.896887
    outer loop
      vertex -1.53073 -11 93.6955
      vertex -2 -10 93.4641
      vertex -2 -11 93.4641
    endloop
  endfacet
  facet normal 0.896883 -0 0.442268
    outer loop
      vertex 3.4641 -11 92
      vertex 3.69552 -10 91.5307
      vertex 3.4641 -10 92
    endloop
  endfacet
  facet normal 0.896883 0 0.442268
    outer loop
      vertex 3.69552 -10 91.5307
      vertex 3.4641 -11 92
      vertex 3.69552 -11 91.5307
    endloop
  endfacet
  facet normal 0.896883 -0 0.442268
    outer loop
      vertex 3.4641 10 92
      vertex 3.69552 11 91.5307
      vertex 3.4641 11 92
    endloop
  endfacet
  facet normal 0.896883 0 0.442268
    outer loop
      vertex 3.69552 11 91.5307
      vertex 3.4641 10 92
      vertex 3.69552 10 91.5307
    endloop
  endfacet
  facet normal -0.321469 0 -0.94692
    outer loop
      vertex -1.53073 10 86.3045
      vertex -1.03528 11 86.1363
      vertex -1.03528 10 86.1363
    endloop
  endfacet
  facet normal -0.321469 0 -0.94692
    outer loop
      vertex -1.03528 11 86.1363
      vertex -1.53073 10 86.3045
      vertex -1.53073 11 86.3045
    endloop
  endfacet
  facet normal -0.321469 0 -0.94692
    outer loop
      vertex -1.53073 -11 86.3045
      vertex -1.03528 -10 86.1363
      vertex -1.03528 -11 86.1363
    endloop
  endfacet
  facet normal -0.321469 0 -0.94692
    outer loop
      vertex -1.03528 -10 86.1363
      vertex -1.53073 -11 86.3045
      vertex -1.53073 -10 86.3045
    endloop
  endfacet
  facet normal 0.980786 0 -0.195087
    outer loop
      vertex 3.96578 10 89.4779
      vertex 3.8637 11 88.9647
      vertex 3.96578 11 89.4779
    endloop
  endfacet
  facet normal 0.980786 0 -0.195087
    outer loop
      vertex 3.8637 11 88.9647
      vertex 3.96578 10 89.4779
      vertex 3.8637 10 88.9647
    endloop
  endfacet
  facet normal 0.980786 0 -0.195087
    outer loop
      vertex 3.96578 -11 89.4779
      vertex 3.8637 -10 88.9647
      vertex 3.96578 -10 89.4779
    endloop
  endfacet
  facet normal 0.980786 0 -0.195087
    outer loop
      vertex 3.8637 -10 88.9647
      vertex 3.96578 -11 89.4779
      vertex 3.8637 -11 88.9647
    endloop
  endfacet
  facet normal 0.555582 0 -0.831462
    outer loop
      vertex 2 10 86.5359
      vertex 2.43505 11 86.8266
      vertex 2.43505 10 86.8266
    endloop
  endfacet
  facet normal 0.555582 0 -0.831462
    outer loop
      vertex 2.43505 11 86.8266
      vertex 2 10 86.5359
      vertex 2 11 86.5359
    endloop
  endfacet
  facet normal 0.555582 0 -0.831462
    outer loop
      vertex 2 -11 86.5359
      vertex 2.43505 -10 86.8266
      vertex 2.43505 -11 86.8266
    endloop
  endfacet
  facet normal 0.555582 0 -0.831462
    outer loop
      vertex 2.43505 -10 86.8266
      vertex 2 -11 86.5359
      vertex 2 -10 86.5359
    endloop
  endfacet
  facet normal -0.980786 0 -0.195087
    outer loop
      vertex -3.8637 -11 88.9647
      vertex -3.96578 -10 89.4779
      vertex -3.8637 -10 88.9647
    endloop
  endfacet
  facet normal -0.980786 -0 -0.195087
    outer loop
      vertex -3.96578 -10 89.4779
      vertex -3.8637 -11 88.9647
      vertex -3.96578 -11 89.4779
    endloop
  endfacet
  facet normal -0.980786 0 -0.195087
    outer loop
      vertex -3.8637 10 88.9647
      vertex -3.96578 11 89.4779
      vertex -3.8637 11 88.9647
    endloop
  endfacet
  facet normal -0.980786 -0 -0.195087
    outer loop
      vertex -3.96578 11 89.4779
      vertex -3.8637 10 88.9647
      vertex -3.96578 10 89.4779
    endloop
  endfacet
  facet normal -0.321469 0 0.94692
    outer loop
      vertex -1.53073 11 93.6955
      vertex -1.03528 10 93.8637
      vertex -1.03528 11 93.8637
    endloop
  endfacet
  facet normal -0.321469 0 0.94692
    outer loop
      vertex -1.03528 10 93.8637
      vertex -1.53073 11 93.6955
      vertex -1.53073 10 93.6955
    endloop
  endfacet
  facet normal -0.321469 0 0.94692
    outer loop
      vertex -1.53073 -10 93.6955
      vertex -1.03528 -11 93.8637
      vertex -1.03528 -10 93.8637
    endloop
  endfacet
  facet normal -0.321469 0 0.94692
    outer loop
      vertex -1.03528 -11 93.8637
      vertex -1.53073 -10 93.6955
      vertex -1.53073 -11 93.6955
    endloop
  endfacet
  facet normal -0.997859 0 -0.0654027
    outer loop
      vertex -3.96578 10 89.4779
      vertex -4 11 90
      vertex -3.96578 11 89.4779
    endloop
  endfacet
  facet normal -0.997859 -0 -0.0654027
    outer loop
      vertex -4 11 90
      vertex -3.96578 10 89.4779
      vertex -4 10 90
    endloop
  endfacet
  facet normal -0.997859 0 -0.0654027
    outer loop
      vertex -3.96578 -11 89.4779
      vertex -4 -10 90
      vertex -3.96578 -10 89.4779
    endloop
  endfacet
  facet normal -0.997859 -0 -0.0654027
    outer loop
      vertex -4 -10 90
      vertex -3.96578 -11 89.4779
      vertex -4 -11 90
    endloop
  endfacet
  facet normal 0.195133 0 0.980777
    outer loop
      vertex 0.522104 11 93.9658
      vertex 1.03528 10 93.8637
      vertex 1.03528 11 93.8637
    endloop
  endfacet
  facet normal 0.195133 0 0.980777
    outer loop
      vertex 1.03528 10 93.8637
      vertex 0.522104 11 93.9658
      vertex 0.522104 10 93.9658
    endloop
  endfacet
  facet normal 0.195133 0 0.980777
    outer loop
      vertex 0.522104 -10 93.9658
      vertex 1.03528 -11 93.8637
      vertex 1.03528 -10 93.8637
    endloop
  endfacet
  facet normal 0.195133 0 0.980777
    outer loop
      vertex 1.03528 -11 93.8637
      vertex 0.522104 -10 93.9658
      vertex 0.522104 -11 93.9658
    endloop
  endfacet
  facet normal -0.980786 0 0.195087
    outer loop
      vertex -3.96578 10 90.5221
      vertex -3.8637 11 91.0353
      vertex -3.96578 11 90.5221
    endloop
  endfacet
  facet normal -0.980786 0 0.195087
    outer loop
      vertex -3.8637 11 91.0353
      vertex -3.96578 10 90.5221
      vertex -3.8637 10 91.0353
    endloop
  endfacet
  facet normal -0.980786 0 0.195087
    outer loop
      vertex -3.96578 -11 90.5221
      vertex -3.8637 -10 91.0353
      vertex -3.96578 -10 90.5221
    endloop
  endfacet
  facet normal -0.980786 0 0.195087
    outer loop
      vertex -3.8637 -10 91.0353
      vertex -3.96578 -11 90.5221
      vertex -3.8637 -11 91.0353
    endloop
  endfacet
  facet normal 0.195133 0 -0.980777
    outer loop
      vertex 0.522104 10 86.0342
      vertex 1.03528 11 86.1363
      vertex 1.03528 10 86.1363
    endloop
  endfacet
  facet normal 0.195133 0 -0.980777
    outer loop
      vertex 1.03528 11 86.1363
      vertex 0.522104 10 86.0342
      vertex 0.522104 11 86.0342
    endloop
  endfacet
  facet normal 0.195133 0 -0.980777
    outer loop
      vertex 0.522104 -11 86.0342
      vertex 1.03528 -10 86.1363
      vertex 1.03528 -11 86.1363
    endloop
  endfacet
  facet normal 0.195133 0 -0.980777
    outer loop
      vertex 1.03528 -10 86.1363
      vertex 0.522104 -11 86.0342
      vertex 0.522104 -10 86.0342
    endloop
  endfacet
  facet normal 0.555582 0 0.831462
    outer loop
      vertex 2 11 93.4641
      vertex 2.43505 10 93.1734
      vertex 2.43505 11 93.1734
    endloop
  endfacet
  facet normal 0.555582 0 0.831462
    outer loop
      vertex 2.43505 10 93.1734
      vertex 2 11 93.4641
      vertex 2 10 93.4641
    endloop
  endfacet
  facet normal 0.555582 0 0.831462
    outer loop
      vertex 2 -10 93.4641
      vertex 2.43505 -11 93.1734
      vertex 2.43505 -10 93.1734
    endloop
  endfacet
  facet normal 0.555582 0 0.831462
    outer loop
      vertex 2.43505 -11 93.1734
      vertex 2 -10 93.4641
      vertex 2 -11 93.4641
    endloop
  endfacet
  facet normal -0.195133 0 -0.980777
    outer loop
      vertex -1.03528 10 86.1363
      vertex -0.522104 11 86.0342
      vertex -0.522104 10 86.0342
    endloop
  endfacet
  facet normal -0.195133 0 -0.980777
    outer loop
      vertex -0.522104 11 86.0342
      vertex -1.03528 10 86.1363
      vertex -1.03528 11 86.1363
    endloop
  endfacet
  facet normal -0.195133 0 -0.980777
    outer loop
      vertex -1.03528 -11 86.1363
      vertex -0.522104 -10 86.0342
      vertex -0.522104 -11 86.0342
    endloop
  endfacet
  facet normal -0.195133 0 -0.980777
    outer loop
      vertex -0.522104 -10 86.0342
      vertex -1.03528 -11 86.1363
      vertex -1.03528 -10 86.1363
    endloop
  endfacet
  facet normal 0.946922 0 -0.321464
    outer loop
      vertex 3.8637 10 88.9647
      vertex 3.69552 11 88.4693
      vertex 3.8637 11 88.9647
    endloop
  endfacet
  facet normal 0.946922 0 -0.321464
    outer loop
      vertex 3.69552 11 88.4693
      vertex 3.8637 10 88.9647
      vertex 3.69552 10 88.4693
    endloop
  endfacet
  facet normal 0.946922 0 -0.321464
    outer loop
      vertex 3.8637 -11 88.9647
      vertex 3.69552 -10 88.4693
      vertex 3.8637 -10 88.9647
    endloop
  endfacet
  facet normal 0.946922 0 -0.321464
    outer loop
      vertex 3.69552 -10 88.4693
      vertex 3.8637 -11 88.9647
      vertex 3.69552 -11 88.4693
    endloop
  endfacet
  facet normal 0.0653641 0 -0.997861
    outer loop
      vertex 0 10 86
      vertex 0.522104 11 86.0342
      vertex 0.522104 10 86.0342
    endloop
  endfacet
  facet normal 0.0653641 0 -0.997861
    outer loop
      vertex 0.522104 11 86.0342
      vertex 0 10 86
      vertex 0 11 86
    endloop
  endfacet
  facet normal 0.0653641 0 -0.997861
    outer loop
      vertex 0 -11 86
      vertex 0.522104 -10 86.0342
      vertex 0.522104 -11 86.0342
    endloop
  endfacet
  facet normal 0.0653641 0 -0.997861
    outer loop
      vertex 0.522104 -10 86.0342
      vertex 0 -11 86
      vertex 0 -10 86
    endloop
  endfacet
  facet normal 0.321469 0 0.94692
    outer loop
      vertex 1.03528 11 93.8637
      vertex 1.53073 10 93.6955
      vertex 1.53073 11 93.6955
    endloop
  endfacet
  facet normal 0.321469 0 0.94692
    outer loop
      vertex 1.53073 10 93.6955
      vertex 1.03528 11 93.8637
      vertex 1.03528 10 93.8637
    endloop
  endfacet
  facet normal 0.321469 0 0.94692
    outer loop
      vertex 1.03528 -10 93.8637
      vertex 1.53073 -11 93.6955
      vertex 1.53073 -10 93.6955
    endloop
  endfacet
  facet normal 0.321469 0 0.94692
    outer loop
      vertex 1.53073 -11 93.6955
      vertex 1.03528 -10 93.8637
      vertex 1.03528 -11 93.8637
    endloop
  endfacet
  facet normal -0.997859 0 0.0654027
    outer loop
      vertex -4 10 90
      vertex -3.96578 11 90.5221
      vertex -4 11 90
    endloop
  endfacet
  facet normal -0.997859 0 0.0654027
    outer loop
      vertex -3.96578 11 90.5221
      vertex -4 10 90
      vertex -3.96578 10 90.5221
    endloop
  endfacet
  facet normal -0.997859 0 0.0654027
    outer loop
      vertex -4 -11 90
      vertex -3.96578 -10 90.5221
      vertex -4 -10 90
    endloop
  endfacet
  facet normal -0.997859 0 0.0654027
    outer loop
      vertex -3.96578 -10 90.5221
      vertex -4 -11 90
      vertex -3.96578 -11 90.5221
    endloop
  endfacet
  facet normal 0.0653641 0 0.997861
    outer loop
      vertex 0 -10 94
      vertex 0.522104 -11 93.9658
      vertex 0.522104 -10 93.9658
    endloop
  endfacet
  facet normal 0.0653641 0 0.997861
    outer loop
      vertex 0.522104 -11 93.9658
      vertex 0 -10 94
      vertex 0 -11 94
    endloop
  endfacet
  facet normal 0.0653641 0 0.997861
    outer loop
      vertex 0 11 94
      vertex 0.522104 10 93.9658
      vertex 0.522104 11 93.9658
    endloop
  endfacet
  facet normal 0.0653641 0 0.997861
    outer loop
      vertex 0.522104 10 93.9658
      vertex 0 11 94
      vertex 0 10 94
    endloop
  endfacet
  facet normal 0.831441 0 -0.555613
    outer loop
      vertex 3.4641 10 88
      vertex 3.17341 11 87.565
      vertex 3.4641 11 88
    endloop
  endfacet
  facet normal 0.831441 0 -0.555613
    outer loop
      vertex 3.17341 11 87.565
      vertex 3.4641 10 88
      vertex 3.17341 10 87.565
    endloop
  endfacet
  facet normal 0.831441 0 -0.555613
    outer loop
      vertex 3.4641 -11 88
      vertex 3.17341 -10 87.565
      vertex 3.4641 -10 88
    endloop
  endfacet
  facet normal 0.831441 0 -0.555613
    outer loop
      vertex 3.17341 -10 87.565
      vertex 3.4641 -11 88
      vertex 3.17341 -11 87.565
    endloop
  endfacet
  facet normal 0.659362 0 0.751826
    outer loop
      vertex 2.43505 11 93.1734
      vertex 2.82843 10 92.8284
      vertex 2.82843 11 92.8284
    endloop
  endfacet
  facet normal 0.659362 0 0.751826
    outer loop
      vertex 2.82843 10 92.8284
      vertex 2.43505 11 93.1734
      vertex 2.43505 10 93.1734
    endloop
  endfacet
  facet normal 0.659362 0 0.751826
    outer loop
      vertex 2.43505 -10 93.1734
      vertex 2.82843 -11 92.8284
      vertex 2.82843 -10 92.8284
    endloop
  endfacet
  facet normal 0.659362 0 0.751826
    outer loop
      vertex 2.82843 -11 92.8284
      vertex 2.43505 -10 93.1734
      vertex 2.43505 -11 93.1734
    endloop
  endfacet
  facet normal -0.659362 0 -0.751826
    outer loop
      vertex -2.82843 -11 87.1716
      vertex -2.43505 -10 86.8266
      vertex -2.43505 -11 86.8266
    endloop
  endfacet
  facet normal -0.659362 0 -0.751826
    outer loop
      vertex -2.43505 -10 86.8266
      vertex -2.82843 -11 87.1716
      vertex -2.82843 -10 87.1716
    endloop
  endfacet
  facet normal -0.659362 0 -0.751826
    outer loop
      vertex -2.82843 10 87.1716
      vertex -2.43505 11 86.8266
      vertex -2.43505 10 86.8266
    endloop
  endfacet
  facet normal -0.659362 0 -0.751826
    outer loop
      vertex -2.43505 11 86.8266
      vertex -2.82843 10 87.1716
      vertex -2.82843 11 87.1716
    endloop
  endfacet
  facet normal -0.555582 0 0.831462
    outer loop
      vertex -2.43505 -10 93.1734
      vertex -2 -11 93.4641
      vertex -2 -10 93.4641
    endloop
  endfacet
  facet normal -0.555582 0 0.831462
    outer loop
      vertex -2 -11 93.4641
      vertex -2.43505 -10 93.1734
      vertex -2.43505 -11 93.1734
    endloop
  endfacet
  facet normal -0.555582 0 0.831462
    outer loop
      vertex -2.43505 11 93.1734
      vertex -2 10 93.4641
      vertex -2 11 93.4641
    endloop
  endfacet
  facet normal -0.555582 0 0.831462
    outer loop
      vertex -2 10 93.4641
      vertex -2.43505 11 93.1734
      vertex -2.43505 10 93.1734
    endloop
  endfacet
  facet normal 0.751861 0 -0.659321
    outer loop
      vertex 3.17341 -11 87.565
      vertex 2.82843 -10 87.1716
      vertex 3.17341 -10 87.565
    endloop
  endfacet
  facet normal 0.751861 0 -0.659321
    outer loop
      vertex 2.82843 -10 87.1716
      vertex 3.17341 -11 87.565
      vertex 2.82843 -11 87.1716
    endloop
  endfacet
  facet normal 0.751861 0 -0.659321
    outer loop
      vertex 3.17341 10 87.565
      vertex 2.82843 11 87.1716
      vertex 3.17341 11 87.565
    endloop
  endfacet
  facet normal 0.751861 0 -0.659321
    outer loop
      vertex 2.82843 11 87.1716
      vertex 3.17341 10 87.565
      vertex 2.82843 10 87.1716
    endloop
  endfacet
  facet normal 0.997859 0 -0.0654027
    outer loop
      vertex 4 -11 90
      vertex 3.96578 -10 89.4779
      vertex 4 -10 90
    endloop
  endfacet
  facet normal 0.997859 0 -0.0654027
    outer loop
      vertex 3.96578 -10 89.4779
      vertex 4 -11 90
      vertex 3.96578 -11 89.4779
    endloop
  endfacet
  facet normal 0.997859 0 -0.0654027
    outer loop
      vertex 4 10 90
      vertex 3.96578 11 89.4779
      vertex 4 11 90
    endloop
  endfacet
  facet normal 0.997859 0 -0.0654027
    outer loop
      vertex 3.96578 11 89.4779
      vertex 4 10 90
      vertex 3.96578 10 89.4779
    endloop
  endfacet
  facet normal -0.195133 0 0.980777
    outer loop
      vertex -1.03528 -10 93.8637
      vertex -0.522104 -11 93.9658
      vertex -0.522104 -10 93.9658
    endloop
  endfacet
  facet normal -0.195133 0 0.980777
    outer loop
      vertex -0.522104 -11 93.9658
      vertex -1.03528 -10 93.8637
      vertex -1.03528 -11 93.8637
    endloop
  endfacet
  facet normal -0.195133 0 0.980777
    outer loop
      vertex -1.03528 11 93.8637
      vertex -0.522104 10 93.9658
      vertex -0.522104 11 93.9658
    endloop
  endfacet
  facet normal -0.195133 0 0.980777
    outer loop
      vertex -0.522104 10 93.9658
      vertex -1.03528 11 93.8637
      vertex -1.03528 10 93.8637
    endloop
  endfacet
  facet normal 0.896883 0 -0.442268
    outer loop
      vertex 3.69552 10 88.4693
      vertex 3.4641 11 88
      vertex 3.69552 11 88.4693
    endloop
  endfacet
  facet normal 0.896883 0 -0.442268
    outer loop
      vertex 3.4641 11 88
      vertex 3.69552 10 88.4693
      vertex 3.4641 10 88
    endloop
  endfacet
  facet normal 0.896883 0 -0.442268
    outer loop
      vertex 3.69552 -11 88.4693
      vertex 3.4641 -10 88
      vertex 3.69552 -10 88.4693
    endloop
  endfacet
  facet normal 0.896883 0 -0.442268
    outer loop
      vertex 3.4641 -10 88
      vertex 3.69552 -11 88.4693
      vertex 3.4641 -11 88
    endloop
  endfacet
  facet normal -0.946922 0 0.321464
    outer loop
      vertex -3.8637 -11 91.0353
      vertex -3.69552 -10 91.5307
      vertex -3.8637 -10 91.0353
    endloop
  endfacet
  facet normal -0.946922 0 0.321464
    outer loop
      vertex -3.69552 -10 91.5307
      vertex -3.8637 -11 91.0353
      vertex -3.69552 -11 91.5307
    endloop
  endfacet
  facet normal -0.946922 0 0.321464
    outer loop
      vertex -3.8637 10 91.0353
      vertex -3.69552 11 91.5307
      vertex -3.8637 11 91.0353
    endloop
  endfacet
  facet normal -0.946922 0 0.321464
    outer loop
      vertex -3.69552 11 91.5307
      vertex -3.8637 10 91.0353
      vertex -3.69552 10 91.5307
    endloop
  endfacet
  facet normal -0.946922 0 -0.321464
    outer loop
      vertex -3.69552 10 88.4693
      vertex -3.8637 11 88.9647
      vertex -3.69552 11 88.4693
    endloop
  endfacet
  facet normal -0.946922 -0 -0.321464
    outer loop
      vertex -3.8637 11 88.9647
      vertex -3.69552 10 88.4693
      vertex -3.8637 10 88.9647
    endloop
  endfacet
  facet normal -0.946922 0 -0.321464
    outer loop
      vertex -3.69552 -11 88.4693
      vertex -3.8637 -10 88.9647
      vertex -3.69552 -10 88.4693
    endloop
  endfacet
  facet normal -0.946922 -0 -0.321464
    outer loop
      vertex -3.8637 -10 88.9647
      vertex -3.69552 -11 88.4693
      vertex -3.8637 -11 88.9647
    endloop
  endfacet
  facet normal 0 1 0
    outer loop
      vertex 0.522104 11 93.9658
      vertex -0.522104 11 93.9658
      vertex 0 11 94
    endloop
  endfacet
  facet normal 0 1 0
    outer loop
      vertex 1.03528 11 93.8637
      vertex -0.522104 11 93.9658
      vertex 0.522104 11 93.9658
    endloop
  endfacet
  facet normal 0 1 0
    outer loop
      vertex 1.03528 11 93.8637
      vertex -1.03528 11 93.8637
      vertex -0.522104 11 93.9658
    endloop
  endfacet
  facet normal 0 1 0
    outer loop
      vertex 1.53073 11 93.6955
      vertex -1.03528 11 93.8637
      vertex 1.03528 11 93.8637
    endloop
  endfacet
  facet normal 0 1 0
    outer loop
      vertex 1.53073 11 93.6955
      vertex -1.53073 11 93.6955
      vertex -1.03528 11 93.8637
    endloop
  endfacet
  facet normal 0 1 0
    outer loop
      vertex 2 11 93.4641
      vertex -1.53073 11 93.6955
      vertex 1.53073 11 93.6955
    endloop
  endfacet
  facet normal 0 1 0
    outer loop
      vertex 2 11 93.4641
      vertex -2 11 93.4641
      vertex -1.53073 11 93.6955
    endloop
  endfacet
  facet normal 0 1 0
    outer loop
      vertex 2.43505 11 93.1734
      vertex -2 11 93.4641
      vertex 2 11 93.4641
    endloop
  endfacet
  facet normal 0 1 0
    outer loop
      vertex 2.43505 11 93.1734
      vertex -2.43505 11 93.1734
      vertex -2 11 93.4641
    endloop
  endfacet
  facet normal 0 1 0
    outer loop
      vertex 2.82843 11 92.8284
      vertex -2.43505 11 93.1734
      vertex 2.43505 11 93.1734
    endloop
  endfacet
  facet normal 0 1 0
    outer loop
      vertex 2.82843 11 92.8284
      vertex -2.82843 11 92.8284
      vertex -2.43505 11 93.1734
    endloop
  endfacet
  facet normal 0 1 0
    outer loop
      vertex 3.17341 11 92.435
      vertex -2.82843 11 92.8284
      vertex 2.82843 11 92.8284
    endloop
  endfacet
  facet normal 0 1 0
    outer loop
      vertex 3.17341 11 92.435
      vertex -3.17341 11 92.435
      vertex -2.82843 11 92.8284
    endloop
  endfacet
  facet normal 0 1 0
    outer loop
      vertex 3.4641 11 92
      vertex -3.17341 11 92.435
      vertex 3.17341 11 92.435
    endloop
  endfacet
  facet normal 0 1 0
    outer loop
      vertex 3.4641 11 92
      vertex -3.4641 11 92
      vertex -3.17341 11 92.435
    endloop
  endfacet
  facet normal 0 1 0
    outer loop
      vertex 3.69552 11 91.5307
      vertex -3.4641 11 92
      vertex 3.4641 11 92
    endloop
  endfacet
  facet normal 0 1 0
    outer loop
      vertex 3.69552 11 91.5307
      vertex -3.69552 11 91.5307
      vertex -3.4641 11 92
    endloop
  endfacet
  facet normal 0 1 0
    outer loop
      vertex 3.8637 11 91.0353
      vertex -3.69552 11 91.5307
      vertex 3.69552 11 91.5307
    endloop
  endfacet
  facet normal 0 1 0
    outer loop
      vertex 3.8637 11 91.0353
      vertex -3.8637 11 91.0353
      vertex -3.69552 11 91.5307
    endloop
  endfacet
  facet normal 0 1 0
    outer loop
      vertex 3.96578 11 90.5221
      vertex -3.8637 11 91.0353
      vertex 3.8637 11 91.0353
    endloop
  endfacet
  facet normal 0 1 0
    outer loop
      vertex 3.96578 11 90.5221
      vertex -3.96578 11 90.5221
      vertex -3.8637 11 91.0353
    endloop
  endfacet
  facet normal 0 1 0
    outer loop
      vertex 4 11 90
      vertex -3.96578 11 90.5221
      vertex 3.96578 11 90.5221
    endloop
  endfacet
  facet normal 0 1 0
    outer loop
      vertex 4 11 90
      vertex -4 11 90
      vertex -3.96578 11 90.5221
    endloop
  endfacet
  facet normal 0 1 -0
    outer loop
      vertex 3.96578 11 89.4779
      vertex -4 11 90
      vertex 4 11 90
    endloop
  endfacet
  facet normal 0 1 0
    outer loop
      vertex 3.96578 11 89.4779
      vertex -3.96578 11 89.4779
      vertex -4 11 90
    endloop
  endfacet
  facet normal 0 1 -0
    outer loop
      vertex 3.8637 11 88.9647
      vertex -3.96578 11 89.4779
      vertex 3.96578 11 89.4779
    endloop
  endfacet
  facet normal 0 1 0
    outer loop
      vertex 3.8637 11 88.9647
      vertex -3.8637 11 88.9647
      vertex -3.96578 11 89.4779
    endloop
  endfacet
  facet normal 0 1 -0
    outer loop
      vertex 3.69552 11 88.4693
      vertex -3.8637 11 88.9647
      vertex 3.8637 11 88.9647
    endloop
  endfacet
  facet normal 0 1 0
    outer loop
      vertex 3.69552 11 88.4693
      vertex -3.69552 11 88.4693
      vertex -3.8637 11 88.9647
    endloop
  endfacet
  facet normal 0 1 -0
    outer loop
      vertex 3.4641 11 88
      vertex -3.69552 11 88.4693
      vertex 3.69552 11 88.4693
    endloop
  endfacet
  facet normal 0 1 0
    outer loop
      vertex 3.4641 11 88
      vertex -3.4641 11 88
      vertex -3.69552 11 88.4693
    endloop
  endfacet
  facet normal 0 1 -0
    outer loop
      vertex 3.17341 11 87.565
      vertex -3.4641 11 88
      vertex 3.4641 11 88
    endloop
  endfacet
  facet normal 0 1 0
    outer loop
      vertex 3.17341 11 87.565
      vertex -3.17341 11 87.565
      vertex -3.4641 11 88
    endloop
  endfacet
  facet normal 0 1 -0
    outer loop
      vertex 2.82843 11 87.1716
      vertex -3.17341 11 87.565
      vertex 3.17341 11 87.565
    endloop
  endfacet
  facet normal 0 1 0
    outer loop
      vertex 2.82843 11 87.1716
      vertex -2.82843 11 87.1716
      vertex -3.17341 11 87.565
    endloop
  endfacet
  facet normal 0 1 -0
    outer loop
      vertex 2.43505 11 86.8266
      vertex -2.82843 11 87.1716
      vertex 2.82843 11 87.1716
    endloop
  endfacet
  facet normal 0 1 0
    outer loop
      vertex 2.43505 11 86.8266
      vertex -2.43505 11 86.8266
      vertex -2.82843 11 87.1716
    endloop
  endfacet
  facet normal 0 1 -0
    outer loop
      vertex 2 11 86.5359
      vertex -2.43505 11 86.8266
      vertex 2.43505 11 86.8266
    endloop
  endfacet
  facet normal 0 1 0
    outer loop
      vertex 2 11 86.5359
      vertex -2 11 86.5359
      vertex -2.43505 11 86.8266
    endloop
  endfacet
  facet normal 0 1 -0
    outer loop
      vertex 1.53073 11 86.3045
      vertex -2 11 86.5359
      vertex 2 11 86.5359
    endloop
  endfacet
  facet normal 0 1 0
    outer loop
      vertex 1.53073 11 86.3045
      vertex -1.53073 11 86.3045
      vertex -2 11 86.5359
    endloop
  endfacet
  facet normal 0 1 -0
    outer loop
      vertex 1.03528 11 86.1363
      vertex -1.53073 11 86.3045
      vertex 1.53073 11 86.3045
    endloop
  endfacet
  facet normal 0 1 0
    outer loop
      vertex 1.03528 11 86.1363
      vertex -1.03528 11 86.1363
      vertex -1.53073 11 86.3045
    endloop
  endfacet
  facet normal 0 1 -0
    outer loop
      vertex 0.522104 11 86.0342
      vertex -1.03528 11 86.1363
      vertex 1.03528 11 86.1363
    endloop
  endfacet
  facet normal 0 1 0
    outer loop
      vertex 0.522104 11 86.0342
      vertex -0.522104 11 86.0342
      vertex -1.03528 11 86.1363
    endloop
  endfacet
  facet normal -0 1 0
    outer loop
      vertex -0.522104 11 86.0342
      vertex 0.522104 11 86.0342
      vertex 0 11 86
    endloop
  endfacet
  facet normal -0.831441 0 0.555613
    outer loop
      vertex -3.4641 -11 92
      vertex -3.17341 -10 92.435
      vertex -3.4641 -10 92
    endloop
  endfacet
  facet normal -0.831441 0 0.555613
    outer loop
      vertex -3.17341 -10 92.435
      vertex -3.4641 -11 92
      vertex -3.17341 -11 92.435
    endloop
  endfacet
  facet normal -0.831441 0 0.555613
    outer loop
      vertex -3.4641 10 92
      vertex -3.17341 11 92.435
      vertex -3.4641 11 92
    endloop
  endfacet
  facet normal -0.831441 0 0.555613
    outer loop
      vertex -3.17341 11 92.435
      vertex -3.4641 10 92
      vertex -3.17341 10 92.435
    endloop
  endfacet
  facet normal 0.44226 0 -0.896887
    outer loop
      vertex 1.53073 -11 86.3045
      vertex 2 -10 86.5359
      vertex 2 -11 86.5359
    endloop
  endfacet
  facet normal 0.44226 0 -0.896887
    outer loop
      vertex 2 -10 86.5359
      vertex 1.53073 -11 86.3045
      vertex 1.53073 -10 86.3045
    endloop
  endfacet
  facet normal 0.44226 0 -0.896887
    outer loop
      vertex 1.53073 10 86.3045
      vertex 2 11 86.5359
      vertex 2 10 86.5359
    endloop
  endfacet
  facet normal 0.44226 0 -0.896887
    outer loop
      vertex 2 11 86.5359
      vertex 1.53073 10 86.3045
      vertex 1.53073 11 86.3045
    endloop
  endfacet
  facet normal 0.321469 0 -0.94692
    outer loop
      vertex 1.03528 -11 86.1363
      vertex 1.53073 -10 86.3045
      vertex 1.53073 -11 86.3045
    endloop
  endfacet
  facet normal 0.321469 0 -0.94692
    outer loop
      vertex 1.53073 -10 86.3045
      vertex 1.03528 -11 86.1363
      vertex 1.03528 -10 86.1363
    endloop
  endfacet
  facet normal 0.321469 0 -0.94692
    outer loop
      vertex 1.03528 10 86.1363
      vertex 1.53073 11 86.3045
      vertex 1.53073 10 86.3045
    endloop
  endfacet
  facet normal 0.321469 0 -0.94692
    outer loop
      vertex 1.53073 11 86.3045
      vertex 1.03528 10 86.1363
      vertex 1.03528 11 86.1363
    endloop
  endfacet
  facet normal -0.896883 0 -0.442268
    outer loop
      vertex -3.4641 -11 88
      vertex -3.69552 -10 88.4693
      vertex -3.4641 -10 88
    endloop
  endfacet
  facet normal -0.896883 -0 -0.442268
    outer loop
      vertex -3.69552 -10 88.4693
      vertex -3.4641 -11 88
      vertex -3.69552 -11 88.4693
    endloop
  endfacet
  facet normal -0.896883 0 -0.442268
    outer loop
      vertex -3.4641 10 88
      vertex -3.69552 11 88.4693
      vertex -3.4641 11 88
    endloop
  endfacet
  facet normal -0.896883 -0 -0.442268
    outer loop
      vertex -3.69552 11 88.4693
      vertex -3.4641 10 88
      vertex -3.69552 10 88.4693
    endloop
  endfacet
  facet normal -0.751861 0 0.659321
    outer loop
      vertex -3.17341 -11 92.435
      vertex -2.82843 -10 92.8284
      vertex -3.17341 -10 92.435
    endloop
  endfacet
  facet normal -0.751861 0 0.659321
    outer loop
      vertex -2.82843 -10 92.8284
      vertex -3.17341 -11 92.435
      vertex -2.82843 -11 92.8284
    endloop
  endfacet
  facet normal -0.751861 0 0.659321
    outer loop
      vertex -3.17341 10 92.435
      vertex -2.82843 11 92.8284
      vertex -3.17341 11 92.435
    endloop
  endfacet
  facet normal -0.751861 0 0.659321
    outer loop
      vertex -2.82843 11 92.8284
      vertex -3.17341 10 92.435
      vertex -2.82843 10 92.8284
    endloop
  endfacet
  facet normal 0.659362 0 -0.751826
    outer loop
      vertex 2.43505 -11 86.8266
      vertex 2.82843 -10 87.1716
      vertex 2.82843 -11 87.1716
    endloop
  endfacet
  facet normal 0.659362 0 -0.751826
    outer loop
      vertex 2.82843 -10 87.1716
      vertex 2.43505 -11 86.8266
      vertex 2.43505 -10 86.8266
    endloop
  endfacet
  facet normal 0.659362 0 -0.751826
    outer loop
      vertex 2.43505 10 86.8266
      vertex 2.82843 11 87.1716
      vertex 2.82843 10 87.1716
    endloop
  endfacet
  facet normal 0.659362 0 -0.751826
    outer loop
      vertex 2.82843 11 87.1716
      vertex 2.43505 10 86.8266
      vertex 2.43505 11 86.8266
    endloop
  endfacet
  facet normal 0 -1 0
    outer loop
      vertex -0.522104 -11 93.9658
      vertex 0.522104 -11 93.9658
      vertex 0 -11 94
    endloop
  endfacet
  facet normal 0 -1 0
    outer loop
      vertex -1.03528 -11 93.8637
      vertex 0.522104 -11 93.9658
      vertex -0.522104 -11 93.9658
    endloop
  endfacet
  facet normal 0 -1 0
    outer loop
      vertex -1.03528 -11 93.8637
      vertex 1.03528 -11 93.8637
      vertex 0.522104 -11 93.9658
    endloop
  endfacet
  facet normal 0 -1 0
    outer loop
      vertex -1.53073 -11 93.6955
      vertex 1.03528 -11 93.8637
      vertex -1.03528 -11 93.8637
    endloop
  endfacet
  facet normal 0 -1 0
    outer loop
      vertex -1.53073 -11 93.6955
      vertex 1.53073 -11 93.6955
      vertex 1.03528 -11 93.8637
    endloop
  endfacet
  facet normal 0 -1 0
    outer loop
      vertex -2 -11 93.4641
      vertex 1.53073 -11 93.6955
      vertex -1.53073 -11 93.6955
    endloop
  endfacet
  facet normal 0 -1 0
    outer loop
      vertex -2 -11 93.4641
      vertex 2 -11 93.4641
      vertex 1.53073 -11 93.6955
    endloop
  endfacet
  facet normal 0 -1 0
    outer loop
      vertex -2.43505 -11 93.1734
      vertex 2 -11 93.4641
      vertex -2 -11 93.4641
    endloop
  endfacet
  facet normal 0 -1 0
    outer loop
      vertex -2.43505 -11 93.1734
      vertex 2.43505 -11 93.1734
      vertex 2 -11 93.4641
    endloop
  endfacet
  facet normal 0 -1 0
    outer loop
      vertex -2.82843 -11 92.8284
      vertex 2.43505 -11 93.1734
      vertex -2.43505 -11 93.1734
    endloop
  endfacet
  facet normal 0 -1 0
    outer loop
      vertex -2.82843 -11 92.8284
      vertex 2.82843 -11 92.8284
      vertex 2.43505 -11 93.1734
    endloop
  endfacet
  facet normal 0 -1 0
    outer loop
      vertex -3.17341 -11 92.435
      vertex 2.82843 -11 92.8284
      vertex -2.82843 -11 92.8284
    endloop
  endfacet
  facet normal 0 -1 0
    outer loop
      vertex -3.17341 -11 92.435
      vertex 3.17341 -11 92.435
      vertex 2.82843 -11 92.8284
    endloop
  endfacet
  facet normal 0 -1 0
    outer loop
      vertex -3.4641 -11 92
      vertex 3.17341 -11 92.435
      vertex -3.17341 -11 92.435
    endloop
  endfacet
  facet normal 0 -1 0
    outer loop
      vertex -3.4641 -11 92
      vertex 3.4641 -11 92
      vertex 3.17341 -11 92.435
    endloop
  endfacet
  facet normal 0 -1 0
    outer loop
      vertex -3.69552 -11 91.5307
      vertex 3.4641 -11 92
      vertex -3.4641 -11 92
    endloop
  endfacet
  facet normal 0 -1 0
    outer loop
      vertex -3.69552 -11 91.5307
      vertex 3.69552 -11 91.5307
      vertex 3.4641 -11 92
    endloop
  endfacet
  facet normal 0 -1 0
    outer loop
      vertex -3.8637 -11 91.0353
      vertex 3.69552 -11 91.5307
      vertex -3.69552 -11 91.5307
    endloop
  endfacet
  facet normal 0 -1 0
    outer loop
      vertex -3.8637 -11 91.0353
      vertex 3.8637 -11 91.0353
      vertex 3.69552 -11 91.5307
    endloop
  endfacet
  facet normal 0 -1 0
    outer loop
      vertex -3.96578 -11 90.5221
      vertex 3.8637 -11 91.0353
      vertex -3.8637 -11 91.0353
    endloop
  endfacet
  facet normal 0 -1 0
    outer loop
      vertex -3.96578 -11 90.5221
      vertex 3.96578 -11 90.5221
      vertex 3.8637 -11 91.0353
    endloop
  endfacet
  facet normal 0 -1 0
    outer loop
      vertex -4 -11 90
      vertex 3.96578 -11 90.5221
      vertex -3.96578 -11 90.5221
    endloop
  endfacet
  facet normal 0 -1 0
    outer loop
      vertex -4 -11 90
      vertex 4 -11 90
      vertex 3.96578 -11 90.5221
    endloop
  endfacet
  facet normal 0 -1 0
    outer loop
      vertex -3.96578 -11 89.4779
      vertex 4 -11 90
      vertex -4 -11 90
    endloop
  endfacet
  facet normal 0 -1 0
    outer loop
      vertex -3.96578 -11 89.4779
      vertex 3.96578 -11 89.4779
      vertex 4 -11 90
    endloop
  endfacet
  facet normal 0 -1 0
    outer loop
      vertex -3.8637 -11 88.9647
      vertex 3.96578 -11 89.4779
      vertex -3.96578 -11 89.4779
    endloop
  endfacet
  facet normal 0 -1 0
    outer loop
      vertex -3.8637 -11 88.9647
      vertex 3.8637 -11 88.9647
      vertex 3.96578 -11 89.4779
    endloop
  endfacet
  facet normal 0 -1 0
    outer loop
      vertex -3.69552 -11 88.4693
      vertex 3.8637 -11 88.9647
      vertex -3.8637 -11 88.9647
    endloop
  endfacet
  facet normal 0 -1 0
    outer loop
      vertex -3.69552 -11 88.4693
      vertex 3.69552 -11 88.4693
      vertex 3.8637 -11 88.9647
    endloop
  endfacet
  facet normal 0 -1 0
    outer loop
      vertex -3.4641 -11 88
      vertex 3.69552 -11 88.4693
      vertex -3.69552 -11 88.4693
    endloop
  endfacet
  facet normal 0 -1 0
    outer loop
      vertex -3.4641 -11 88
      vertex 3.4641 -11 88
      vertex 3.69552 -11 88.4693
    endloop
  endfacet
  facet normal 0 -1 0
    outer loop
      vertex -3.17341 -11 87.565
      vertex 3.4641 -11 88
      vertex -3.4641 -11 88
    endloop
  endfacet
  facet normal 0 -1 0
    outer loop
      vertex -3.17341 -11 87.565
      vertex 3.17341 -11 87.565
      vertex 3.4641 -11 88
    endloop
  endfacet
  facet normal 0 -1 0
    outer loop
      vertex -2.82843 -11 87.1716
      vertex 3.17341 -11 87.565
      vertex -3.17341 -11 87.565
    endloop
  endfacet
  facet normal 0 -1 0
    outer loop
      vertex -2.82843 -11 87.1716
      vertex 2.82843 -11 87.1716
      vertex 3.17341 -11 87.565
    endloop
  endfacet
  facet normal 0 -1 0
    outer loop
      vertex -2.43505 -11 86.8266
      vertex 2.82843 -11 87.1716
      vertex -2.82843 -11 87.1716
    endloop
  endfacet
  facet normal 0 -1 0
    outer loop
      vertex -2.43505 -11 86.8266
      vertex 2.43505 -11 86.8266
      vertex 2.82843 -11 87.1716
    endloop
  endfacet
  facet normal 0 -1 0
    outer loop
      vertex -2 -11 86.5359
      vertex 2.43505 -11 86.8266
      vertex -2.43505 -11 86.8266
    endloop
  endfacet
  facet normal 0 -1 0
    outer loop
      vertex -2 -11 86.5359
      vertex 2 -11 86.5359
      vertex 2.43505 -11 86.8266
    endloop
  endfacet
  facet normal 0 -1 0
    outer loop
      vertex -1.53073 -11 86.3045
      vertex 2 -11 86.5359
      vertex -2 -11 86.5359
    endloop
  endfacet
  facet normal 0 -1 0
    outer loop
      vertex -1.53073 -11 86.3045
      vertex 1.53073 -11 86.3045
      vertex 2 -11 86.5359
    endloop
  endfacet
  facet normal 0 -1 0
    outer loop
      vertex -1.03528 -11 86.1363
      vertex 1.53073 -11 86.3045
      vertex -1.53073 -11 86.3045
    endloop
  endfacet
  facet normal 0 -1 0
    outer loop
      vertex -1.03528 -11 86.1363
      vertex 1.03528 -11 86.1363
      vertex 1.53073 -11 86.3045
    endloop
  endfacet
  facet normal 0 -1 0
    outer loop
      vertex -0.522104 -11 86.0342
      vertex 1.03528 -11 86.1363
      vertex -1.03528 -11 86.1363
    endloop
  endfacet
  facet normal 0 -1 0
    outer loop
      vertex -0.522104 -11 86.0342
      vertex 0.522104 -11 86.0342
      vertex 1.03528 -11 86.1363
    endloop
  endfacet
  facet normal -0 -1 0
    outer loop
      vertex 0.522104 -11 86.0342
      vertex -0.522104 -11 86.0342
      vertex 0 -11 86
    endloop
  endfacet
  facet normal 1 -0 0
    outer loop
      vertex 6 8 68
      vertex 6 18.4069 60
      vertex 6 18.4069 68
    endloop
  endfacet
  facet normal 1 0 0
    outer loop
      vertex 6 18.4069 60
      vertex 6 8 68
      vertex 6 8 60
    endloop
  endfacet
  facet normal -0 0 1
    outer loop
      vertex 5.55347 17.7387 68
      vertex 6 8 68
      vertex 6 18.4069 68
    endloop
  endfacet
  facet normal -0 0 1
    outer loop
      vertex 4.94975 17.0503 68
      vertex 6 8 68
      vertex 5.55347 17.7387 68
    endloop
  endfacet
  facet normal -0 0 1
    outer loop
      vertex 4.26133 16.4465 68
      vertex 6 8 68
      vertex 4.94975 17.0503 68
    endloop
  endfacet
  facet normal -0 0 1
    outer loop
      vertex 3.5 15.9378 68
      vertex 6 8 68
      vertex 4.26133 16.4465 68
    endloop
  endfacet
  facet normal -0 0 1
    outer loop
      vertex 2.67878 15.5328 68
      vertex 6 8 68
      vertex 3.5 15.9378 68
    endloop
  endfacet
  facet normal -0 0 1
    outer loop
      vertex 1.81173 15.2385 68
      vertex 6 8 68
      vertex 2.67878 15.5328 68
    endloop
  endfacet
  facet normal -0 0 1
    outer loop
      vertex 0.913683 15.0599 68
      vertex 6 8 68
      vertex 1.81173 15.2385 68
    endloop
  endfacet
  facet normal -0 0 1
    outer loop
      vertex 0 15 68
      vertex 6 8 68
      vertex 0.913683 15.0599 68
    endloop
  endfacet
  facet normal 0 0 1
    outer loop
      vertex -6 8 68
      vertex 0 15 68
      vertex -0.913683 15.0599 68
    endloop
  endfacet
  facet normal 0 0 1
    outer loop
      vertex -6 8 68
      vertex -0.913683 15.0599 68
      vertex -1.81173 15.2385 68
    endloop
  endfacet
  facet normal 0 0 1
    outer loop
      vertex -6 8 68
      vertex -1.81173 15.2385 68
      vertex -2.67878 15.5328 68
    endloop
  endfacet
  facet normal 0 0 1
    outer loop
      vertex -6 8 68
      vertex -2.67878 15.5328 68
      vertex -3.5 15.9378 68
    endloop
  endfacet
  facet normal 0 0 1
    outer loop
      vertex -6 8 68
      vertex -3.5 15.9378 68
      vertex -4.26133 16.4465 68
    endloop
  endfacet
  facet normal 0 0 1
    outer loop
      vertex 0 15 68
      vertex -6 8 68
      vertex 6 8 68
    endloop
  endfacet
  facet normal 0 0 1
    outer loop
      vertex -4.94975 17.0503 68
      vertex -6 8 68
      vertex -4.26133 16.4465 68
    endloop
  endfacet
  facet normal 0 0 1
    outer loop
      vertex -5.55347 17.7387 68
      vertex -6 8 68
      vertex -4.94975 17.0503 68
    endloop
  endfacet
  facet normal 0 0 1
    outer loop
      vertex -6 8 68
      vertex -5.55347 17.7387 68
      vertex -6 18.4069 68
    endloop
  endfacet
  facet normal 0 0 -1
    outer loop
      vertex 6 8 60
      vertex 5.55347 17.7387 60
      vertex 6 18.4069 60
    endloop
  endfacet
  facet normal 0 0 -1
    outer loop
      vertex 6 8 60
      vertex 4.94975 17.0503 60
      vertex 5.55347 17.7387 60
    endloop
  endfacet
  facet normal 0 0 -1
    outer loop
      vertex 6 8 60
      vertex 4.26133 16.4465 60
      vertex 4.94975 17.0503 60
    endloop
  endfacet
  facet normal 0 0 -1
    outer loop
      vertex 6 8 60
      vertex 3.5 15.9378 60
      vertex 4.26133 16.4465 60
    endloop
  endfacet
  facet normal 0 0 -1
    outer loop
      vertex 6 8 60
      vertex 2.67878 15.5328 60
      vertex 3.5 15.9378 60
    endloop
  endfacet
  facet normal 0 0 -1
    outer loop
      vertex 6 8 60
      vertex 1.81173 15.2385 60
      vertex 2.67878 15.5328 60
    endloop
  endfacet
  facet normal 0 0 -1
    outer loop
      vertex 6 8 60
      vertex 0.913683 15.0599 60
      vertex 1.81173 15.2385 60
    endloop
  endfacet
  facet normal 0 0 -1
    outer loop
      vertex 6 8 60
      vertex 0 15 60
      vertex 0.913683 15.0599 60
    endloop
  endfacet
  facet normal 0 0 -1
    outer loop
      vertex -6 8 60
      vertex 0 15 60
      vertex 6 8 60
    endloop
  endfacet
  facet normal -0 0 -1
    outer loop
      vertex 0 15 60
      vertex -6 8 60
      vertex -0.913683 15.0599 60
    endloop
  endfacet
  facet normal -0 0 -1
    outer loop
      vertex -0.913683 15.0599 60
      vertex -6 8 60
      vertex -1.81173 15.2385 60
    endloop
  endfacet
  facet normal -0 0 -1
    outer loop
      vertex -1.81173 15.2385 60
      vertex -6 8 60
      vertex -2.67878 15.5328 60
    endloop
  endfacet
  facet normal -0 0 -1
    outer loop
      vertex -2.67878 15.5328 60
      vertex -6 8 60
      vertex -3.5 15.9378 60
    endloop
  endfacet
  facet normal -0 0 -1
    outer loop
      vertex -3.5 15.9378 60
      vertex -6 8 60
      vertex -4.26133 16.4465 60
    endloop
  endfacet
  facet normal 0 0 -1
    outer loop
      vertex -6 8 60
      vertex -4.94975 17.0503 60
      vertex -4.26133 16.4465 60
    endloop
  endfacet
  facet normal 0 0 -1
    outer loop
      vertex -6 8 60
      vertex -5.55347 17.7387 60
      vertex -4.94975 17.0503 60
    endloop
  endfacet
  facet normal -0 0 -1
    outer loop
      vertex -5.55347 17.7387 60
      vertex -6 8 60
      vertex -6 18.4069 60
    endloop
  endfacet
  facet normal -1 0 0
    outer loop
      vertex -6 8 60
      vertex -6 18.4069 68
      vertex -6 18.4069 60
    endloop
  endfacet
  facet normal -1 -0 0
    outer loop
      vertex -6 18.4069 68
      vertex -6 8 60
      vertex -6 8 68
    endloop
  endfacet
  facet normal 1 -0 0
    outer loop
      vertex 6 -22 68
      vertex 6 -8 60
      vertex 6 -8 68
    endloop
  endfacet
  facet normal 1 0 0
    outer loop
      vertex 6 -8 60
      vertex 6 -22 68
      vertex 6 -22 60
    endloop
  endfacet
  facet normal -0 0 1
    outer loop
      vertex -6 -8 68
      vertex 6 -22 68
      vertex 6 -8 68
    endloop
  endfacet
  facet normal 0 0 1
    outer loop
      vertex 6 -22 68
      vertex -6 -8 68
      vertex -6 -22 68
    endloop
  endfacet
  facet normal 0 0 -1
    outer loop
      vertex -6 -22 60
      vertex 6 -8 60
      vertex 6 -22 60
    endloop
  endfacet
  facet normal -0 0 -1
    outer loop
      vertex 6 -8 60
      vertex -6 -22 60
      vertex -6 -8 60
    endloop
  endfacet
  facet normal -1 0 0
    outer loop
      vertex -6 -22 60
      vertex -6 -8 68
      vertex -6 -8 60
    endloop
  endfacet
  facet normal -1 -0 0
    outer loop
      vertex -6 -8 68
      vertex -6 -22 60
      vertex -6 -22 68
    endloop
  endfacet
  facet normal 0 -1 0
    outer loop
      vertex -6 -22 60
      vertex 6 -22 68
      vertex -6 -22 68
    endloop
  endfacet
  facet normal 0 -1 -0
    outer loop
      vertex 6 -22 68
      vertex -6 -22 60
      vertex 6 -22 60
    endloop
  endfacet
  facet normal 0.195056 -0.980792 0
    outer loop
      vertex 0.913683 15.0599 68
      vertex 1.81173 15.2385 70
      vertex 0.913683 15.0599 70
    endloop
  endfacet
  facet normal 0.195056 -0.980792 0
    outer loop
      vertex 1.81173 15.2385 70
      vertex 0.913683 15.0599 68
      vertex 1.81173 15.2385 68
    endloop
  endfacet
  facet normal 0.195056 -0.980792 0
    outer loop
      vertex 0.913683 15.0599 20
      vertex 1.81173 15.2385 60
      vertex 0.913683 15.0599 60
    endloop
  endfacet
  facet normal 0.195056 -0.980792 0
    outer loop
      vertex 1.81173 15.2385 60
      vertex 0.913683 15.0599 20
      vertex 1.81173 15.2385 20
    endloop
  endfacet
  facet normal 0.980784 0.195097 0
    outer loop
      vertex 6.94011 22.9137 70
      vertex 6.76148 23.8117 20
      vertex 6.76148 23.8117 70
    endloop
  endfacet
  facet normal 0.980784 0.195097 0
    outer loop
      vertex 6.76148 23.8117 20
      vertex 6.94011 22.9137 70
      vertex 6.94011 22.9137 20
    endloop
  endfacet
  facet normal 0.997859 0.0654063 0
    outer loop
      vertex 7 22 70
      vertex 6.94011 22.9137 20
      vertex 6.94011 22.9137 70
    endloop
  endfacet
  facet normal 0.997859 0.0654063 0
    outer loop
      vertex 6.94011 22.9137 20
      vertex 7 22 70
      vertex 7 22 20
    endloop
  endfacet
  facet normal 0.980784 -0.195097 0
    outer loop
      vertex 6.76148 20.1883 70
      vertex 6.94011 21.0863 20
      vertex 6.94011 21.0863 70
    endloop
  endfacet
  facet normal 0.980784 -0.195097 0
    outer loop
      vertex 6.94011 21.0863 20
      vertex 6.76148 20.1883 70
      vertex 6.76148 20.1883 20
    endloop
  endfacet
  facet normal -0.751835 0.659352 0
    outer loop
      vertex -5.55347 26.2613 20
      vertex -4.94975 26.9497 70
      vertex -4.94975 26.9497 20
    endloop
  endfacet
  facet normal -0.751835 0.659352 0
    outer loop
      vertex -4.94975 26.9497 70
      vertex -5.55347 26.2613 20
      vertex -5.55347 26.2613 70
    endloop
  endfacet
  facet normal 0.0654184 -0.997858 0
    outer loop
      vertex 0 15 68
      vertex 0.913683 15.0599 70
      vertex 0 15 70
    endloop
  endfacet
  facet normal 0.0654184 -0.997858 0
    outer loop
      vertex 0.913683 15.0599 70
      vertex 0 15 68
      vertex 0.913683 15.0599 68
    endloop
  endfacet
  facet normal 0.0654184 -0.997858 0
    outer loop
      vertex 0 15 20
      vertex 0.913683 15.0599 60
      vertex 0 15 60
    endloop
  endfacet
  facet normal 0.0654184 -0.997858 0
    outer loop
      vertex 0.913683 15.0599 60
      vertex 0 15 20
      vertex 0.913683 15.0599 20
    endloop
  endfacet
  facet normal 0.321416 0.946938 -0
    outer loop
      vertex 2.67878 28.4672 20
      vertex 1.81173 28.7615 70
      vertex 2.67878 28.4672 70
    endloop
  endfacet
  facet normal 0.321416 0.946938 0
    outer loop
      vertex 1.81173 28.7615 70
      vertex 2.67878 28.4672 20
      vertex 1.81173 28.7615 20
    endloop
  endfacet
  facet normal -0.321416 -0.946938 0
    outer loop
      vertex -2.67878 15.5328 20
      vertex -1.81173 15.2385 60
      vertex -2.67878 15.5328 60
    endloop
  endfacet
  facet normal -0.321416 -0.946938 -0
    outer loop
      vertex -1.81173 15.2385 60
      vertex -2.67878 15.5328 20
      vertex -1.81173 15.2385 20
    endloop
  endfacet
  facet normal -0.321416 -0.946938 0
    outer loop
      vertex -2.67878 15.5328 68
      vertex -1.81173 15.2385 70
      vertex -2.67878 15.5328 70
    endloop
  endfacet
  facet normal -0.321416 -0.946938 -0
    outer loop
      vertex -1.81173 15.2385 70
      vertex -2.67878 15.5328 68
      vertex -1.81173 15.2385 68
    endloop
  endfacet
  facet normal -0.321416 0.946938 0
    outer loop
      vertex -1.81173 28.7615 20
      vertex -2.67878 28.4672 70
      vertex -1.81173 28.7615 70
    endloop
  endfacet
  facet normal -0.321416 0.946938 0
    outer loop
      vertex -2.67878 28.4672 70
      vertex -1.81173 28.7615 20
      vertex -2.67878 28.4672 20
    endloop
  endfacet
  facet normal 0.65939 0.751801 -0
    outer loop
      vertex 4.94975 26.9497 20
      vertex 4.26133 27.5535 70
      vertex 4.94975 26.9497 70
    endloop
  endfacet
  facet normal 0.65939 0.751801 0
    outer loop
      vertex 4.26133 27.5535 70
      vertex 4.94975 26.9497 20
      vertex 4.26133 27.5535 20
    endloop
  endfacet
  facet normal -0.997859 -0.0654063 0
    outer loop
      vertex -6.94011 21.0863 20
      vertex -7 22 70
      vertex -7 22 20
    endloop
  endfacet
  facet normal -0.997859 -0.0654063 0
    outer loop
      vertex -7 22 70
      vertex -6.94011 21.0863 20
      vertex -6.94011 21.0863 70
    endloop
  endfacet
  facet normal 0.946937 -0.321419 0
    outer loop
      vertex 6.46716 19.3212 70
      vertex 6.76148 20.1883 20
      vertex 6.76148 20.1883 70
    endloop
  endfacet
  facet normal 0.946937 -0.321419 0
    outer loop
      vertex 6.76148 20.1883 20
      vertex 6.46716 19.3212 70
      vertex 6.46716 19.3212 20
    endloop
  endfacet
  facet normal -0.555567 -0.831472 0
    outer loop
      vertex -4.26133 16.4465 68
      vertex -3.5 15.9378 70
      vertex -4.26133 16.4465 70
    endloop
  endfacet
  facet normal -0.555567 -0.831472 -0
    outer loop
      vertex -3.5 15.9378 70
      vertex -4.26133 16.4465 68
      vertex -3.5 15.9378 68
    endloop
  endfacet
  facet normal -0.555567 -0.831472 0
    outer loop
      vertex -4.26133 16.4465 20
      vertex -3.5 15.9378 60
      vertex -4.26133 16.4465 60
    endloop
  endfacet
  facet normal -0.555567 -0.831472 -0
    outer loop
      vertex -3.5 15.9378 60
      vertex -4.26133 16.4465 20
      vertex -3.5 15.9378 20
    endloop
  endfacet
  facet normal 0.831583 -0.555401 0
    outer loop
      vertex 6 18.4069 60
      vertex 6.06218 18.5 70
      vertex 6 18.4069 68
    endloop
  endfacet
  facet normal 0.831457 -0.55559 1.27056e-05
    outer loop
      vertex 5.55347 17.7387 70
      vertex 6 18.4069 68
      vertex 6.06218 18.5 70
    endloop
  endfacet
  facet normal 0.831439 -0.555616 0
    outer loop
      vertex 6 18.4069 68
      vertex 5.55347 17.7387 70
      vertex 5.55347 17.7387 68
    endloop
  endfacet
  facet normal 0.831583 -0.555401 0
    outer loop
      vertex 6.06218 18.5 70
      vertex 6 18.4069 60
      vertex 6.06218 18.5 20
    endloop
  endfacet
  facet normal 0.831439 -0.555616 -7.23776e-07
    outer loop
      vertex 5.55347 17.7387 60
      vertex 6.06218 18.5 20
      vertex 6 18.4069 60
    endloop
  endfacet
  facet normal 0.831457 -0.55559 0
    outer loop
      vertex 6.06218 18.5 20
      vertex 5.55347 17.7387 60
      vertex 5.55347 17.7387 20
    endloop
  endfacet
  facet normal -0.555567 0.831472 0
    outer loop
      vertex -3.5 28.0622 20
      vertex -4.26133 27.5535 70
      vertex -3.5 28.0622 70
    endloop
  endfacet
  facet normal -0.555567 0.831472 0
    outer loop
      vertex -4.26133 27.5535 70
      vertex -3.5 28.0622 20
      vertex -4.26133 27.5535 20
    endloop
  endfacet
  facet normal -0.0654184 -0.997858 0
    outer loop
      vertex -0.913683 15.0599 68
      vertex 0 15 70
      vertex -0.913683 15.0599 70
    endloop
  endfacet
  facet normal -0.0654184 -0.997858 -0
    outer loop
      vertex 0 15 70
      vertex -0.913683 15.0599 68
      vertex 0 15 68
    endloop
  endfacet
  facet normal -0.0654184 -0.997858 0
    outer loop
      vertex -0.913683 15.0599 20
      vertex 0 15 60
      vertex -0.913683 15.0599 60
    endloop
  endfacet
  facet normal -0.0654184 -0.997858 -0
    outer loop
      vertex 0 15 60
      vertex -0.913683 15.0599 20
      vertex 0 15 20
    endloop
  endfacet
  facet normal -0.980784 -0.195097 0
    outer loop
      vertex -6.76148 20.1883 20
      vertex -6.94011 21.0863 70
      vertex -6.94011 21.0863 20
    endloop
  endfacet
  facet normal -0.980784 -0.195097 0
    outer loop
      vertex -6.94011 21.0863 70
      vertex -6.76148 20.1883 20
      vertex -6.76148 20.1883 70
    endloop
  endfacet
  facet normal -0.65939 0.751801 0
    outer loop
      vertex -4.26133 27.5535 20
      vertex -4.94975 26.9497 70
      vertex -4.26133 27.5535 70
    endloop
  endfacet
  facet normal -0.65939 0.751801 0
    outer loop
      vertex -4.94975 26.9497 70
      vertex -4.26133 27.5535 20
      vertex -4.94975 26.9497 20
    endloop
  endfacet
  facet normal -0.997859 0.0654063 0
    outer loop
      vertex -7 22 20
      vertex -6.94011 22.9137 70
      vertex -6.94011 22.9137 20
    endloop
  endfacet
  facet normal -0.997859 0.0654063 0
    outer loop
      vertex -6.94011 22.9137 70
      vertex -7 22 20
      vertex -7 22 70
    endloop
  endfacet
  facet normal 0.442305 0.896864 -0
    outer loop
      vertex 3.5 28.0622 20
      vertex 2.67878 28.4672 70
      vertex 3.5 28.0622 70
    endloop
  endfacet
  facet normal 0.442305 0.896864 0
    outer loop
      vertex 2.67878 28.4672 70
      vertex 3.5 28.0622 20
      vertex 2.67878 28.4672 20
    endloop
  endfacet
  facet normal 0.997859 -0.0654063 0
    outer loop
      vertex 6.94011 21.0863 70
      vertex 7 22 20
      vertex 7 22 70
    endloop
  endfacet
  facet normal 0.997859 -0.0654063 0
    outer loop
      vertex 7 22 20
      vertex 6.94011 21.0863 70
      vertex 6.94011 21.0863 20
    endloop
  endfacet
  facet normal 0.555567 0.831472 -0
    outer loop
      vertex 4.26133 27.5535 20
      vertex 3.5 28.0622 70
      vertex 4.26133 27.5535 70
    endloop
  endfacet
  facet normal 0.555567 0.831472 0
    outer loop
      vertex 3.5 28.0622 70
      vertex 4.26133 27.5535 20
      vertex 3.5 28.0622 20
    endloop
  endfacet
  facet normal -0.896869 0.442297 0
    outer loop
      vertex -6.46716 24.6788 20
      vertex -6.06218 25.5 70
      vertex -6.06218 25.5 20
    endloop
  endfacet
  facet normal -0.896869 0.442297 0
    outer loop
      vertex -6.06218 25.5 70
      vertex -6.46716 24.6788 20
      vertex -6.46716 24.6788 70
    endloop
  endfacet
  facet normal 0.831457 0.55559 0
    outer loop
      vertex 6.06218 25.5 70
      vertex 5.55347 26.2613 20
      vertex 5.55347 26.2613 70
    endloop
  endfacet
  facet normal 0.831457 0.55559 0
    outer loop
      vertex 5.55347 26.2613 20
      vertex 6.06218 25.5 70
      vertex 6.06218 25.5 20
    endloop
  endfacet
  facet normal -0.831583 -0.555401 0
    outer loop
      vertex -6.06218 18.5 20
      vertex -6 18.4069 60
      vertex -6.06218 18.5 70
    endloop
  endfacet
  facet normal -0.831457 -0.55559 -6.35279e-07
    outer loop
      vertex -5.55347 17.7387 20
      vertex -6 18.4069 60
      vertex -6.06218 18.5 20
    endloop
  endfacet
  facet normal -0.831439 -0.555616 0
    outer loop
      vertex -6 18.4069 60
      vertex -5.55347 17.7387 20
      vertex -5.55347 17.7387 60
    endloop
  endfacet
  facet normal -0.831583 -0.555401 -0
    outer loop
      vertex -6 18.4069 68
      vertex -6.06218 18.5 70
      vertex -6 18.4069 60
    endloop
  endfacet
  facet normal -0.831439 -0.555616 -0
    outer loop
      vertex -5.55347 17.7387 70
      vertex -6 18.4069 68
      vertex -5.55347 17.7387 68
    endloop
  endfacet
  facet normal -0.831457 -0.55559 1.27056e-05
    outer loop
      vertex -6 18.4069 68
      vertex -5.55347 17.7387 70
      vertex -6.06218 18.5 70
    endloop
  endfacet
  facet normal -0.195056 -0.980792 0
    outer loop
      vertex -1.81173 15.2385 68
      vertex -0.913683 15.0599 70
      vertex -1.81173 15.2385 70
    endloop
  endfacet
  facet normal -0.195056 -0.980792 -0
    outer loop
      vertex -0.913683 15.0599 70
      vertex -1.81173 15.2385 68
      vertex -0.913683 15.0599 68
    endloop
  endfacet
  facet normal -0.195056 -0.980792 0
    outer loop
      vertex -1.81173 15.2385 20
      vertex -0.913683 15.0599 60
      vertex -1.81173 15.2385 60
    endloop
  endfacet
  facet normal -0.195056 -0.980792 -0
    outer loop
      vertex -0.913683 15.0599 60
      vertex -1.81173 15.2385 20
      vertex -0.913683 15.0599 20
    endloop
  endfacet
  facet normal -0.195056 0.980792 0
    outer loop
      vertex -0.913683 28.9401 20
      vertex -1.81173 28.7615 70
      vertex -0.913683 28.9401 70
    endloop
  endfacet
  facet normal -0.195056 0.980792 0
    outer loop
      vertex -1.81173 28.7615 70
      vertex -0.913683 28.9401 20
      vertex -1.81173 28.7615 20
    endloop
  endfacet
  facet normal 0.896869 0.442297 0
    outer loop
      vertex 6.46716 24.6788 70
      vertex 6.06218 25.5 20
      vertex 6.06218 25.5 70
    endloop
  endfacet
  facet normal 0.896869 0.442297 0
    outer loop
      vertex 6.06218 25.5 20
      vertex 6.46716 24.6788 70
      vertex 6.46716 24.6788 20
    endloop
  endfacet
  facet normal 0.195056 0.980792 -0
    outer loop
      vertex 1.81173 28.7615 20
      vertex 0.913683 28.9401 70
      vertex 1.81173 28.7615 70
    endloop
  endfacet
  facet normal 0.195056 0.980792 0
    outer loop
      vertex 0.913683 28.9401 70
      vertex 1.81173 28.7615 20
      vertex 0.913683 28.9401 20
    endloop
  endfacet
  facet normal -0.896869 -0.442297 0
    outer loop
      vertex -6.06218 18.5 20
      vertex -6.46716 19.3212 70
      vertex -6.46716 19.3212 20
    endloop
  endfacet
  facet normal -0.896869 -0.442297 0
    outer loop
      vertex -6.46716 19.3212 70
      vertex -6.06218 18.5 20
      vertex -6.06218 18.5 70
    endloop
  endfacet
  facet normal -0.65939 -0.751801 0
    outer loop
      vertex -4.94975 17.0503 68
      vertex -4.26133 16.4465 70
      vertex -4.94975 17.0503 70
    endloop
  endfacet
  facet normal -0.65939 -0.751801 -0
    outer loop
      vertex -4.26133 16.4465 70
      vertex -4.94975 17.0503 68
      vertex -4.26133 16.4465 68
    endloop
  endfacet
  facet normal -0.65939 -0.751801 0
    outer loop
      vertex -4.94975 17.0503 20
      vertex -4.26133 16.4465 60
      vertex -4.94975 17.0503 60
    endloop
  endfacet
  facet normal -0.65939 -0.751801 -0
    outer loop
      vertex -4.26133 16.4465 60
      vertex -4.94975 17.0503 20
      vertex -4.26133 16.4465 20
    endloop
  endfacet
  facet normal 0.65939 -0.751801 0
    outer loop
      vertex 4.26133 16.4465 20
      vertex 4.94975 17.0503 60
      vertex 4.26133 16.4465 60
    endloop
  endfacet
  facet normal 0.65939 -0.751801 0
    outer loop
      vertex 4.94975 17.0503 60
      vertex 4.26133 16.4465 20
      vertex 4.94975 17.0503 20
    endloop
  endfacet
  facet normal 0.65939 -0.751801 0
    outer loop
      vertex 4.26133 16.4465 68
      vertex 4.94975 17.0503 70
      vertex 4.26133 16.4465 70
    endloop
  endfacet
  facet normal 0.65939 -0.751801 0
    outer loop
      vertex 4.94975 17.0503 70
      vertex 4.26133 16.4465 68
      vertex 4.94975 17.0503 68
    endloop
  endfacet
  facet normal 0.555567 -0.831472 0
    outer loop
      vertex 3.5 15.9378 68
      vertex 4.26133 16.4465 70
      vertex 3.5 15.9378 70
    endloop
  endfacet
  facet normal 0.555567 -0.831472 0
    outer loop
      vertex 4.26133 16.4465 70
      vertex 3.5 15.9378 68
      vertex 4.26133 16.4465 68
    endloop
  endfacet
  facet normal 0.555567 -0.831472 0
    outer loop
      vertex 3.5 15.9378 20
      vertex 4.26133 16.4465 60
      vertex 3.5 15.9378 60
    endloop
  endfacet
  facet normal 0.555567 -0.831472 0
    outer loop
      vertex 4.26133 16.4465 60
      vertex 3.5 15.9378 20
      vertex 4.26133 16.4465 20
    endloop
  endfacet
  facet normal 0.751835 -0.659352 0
    outer loop
      vertex 4.94975 17.0503 60
      vertex 5.55347 17.7387 20
      vertex 5.55347 17.7387 60
    endloop
  endfacet
  facet normal 0.751835 -0.659352 0
    outer loop
      vertex 5.55347 17.7387 20
      vertex 4.94975 17.0503 60
      vertex 4.94975 17.0503 20
    endloop
  endfacet
  facet normal 0.751835 -0.659352 0
    outer loop
      vertex 4.94975 17.0503 70
      vertex 5.55347 17.7387 68
      vertex 5.55347 17.7387 70
    endloop
  endfacet
  facet normal 0.751835 -0.659352 0
    outer loop
      vertex 5.55347 17.7387 68
      vertex 4.94975 17.0503 70
      vertex 4.94975 17.0503 68
    endloop
  endfacet
  facet normal 0.896869 -0.442297 0
    outer loop
      vertex 6.06218 18.5 70
      vertex 6.46716 19.3212 20
      vertex 6.46716 19.3212 70
    endloop
  endfacet
  facet normal 0.896869 -0.442297 0
    outer loop
      vertex 6.46716 19.3212 20
      vertex 6.06218 18.5 70
      vertex 6.06218 18.5 20
    endloop
  endfacet
  facet normal 0.442305 -0.896864 0
    outer loop
      vertex 2.67878 15.5328 68
      vertex 3.5 15.9378 70
      vertex 2.67878 15.5328 70
    endloop
  endfacet
  facet normal 0.442305 -0.896864 0
    outer loop
      vertex 3.5 15.9378 70
      vertex 2.67878 15.5328 68
      vertex 3.5 15.9378 68
    endloop
  endfacet
  facet normal 0.442305 -0.896864 0
    outer loop
      vertex 2.67878 15.5328 20
      vertex 3.5 15.9378 60
      vertex 2.67878 15.5328 60
    endloop
  endfacet
  facet normal 0.442305 -0.896864 0
    outer loop
      vertex 3.5 15.9378 60
      vertex 2.67878 15.5328 20
      vertex 3.5 15.9378 20
    endloop
  endfacet
  facet normal -0.751835 -0.659352 0
    outer loop
      vertex -4.94975 17.0503 68
      vertex -5.55347 17.7387 70
      vertex -5.55347 17.7387 68
    endloop
  endfacet
  facet normal -0.751835 -0.659352 0
    outer loop
      vertex -5.55347 17.7387 70
      vertex -4.94975 17.0503 68
      vertex -4.94975 17.0503 70
    endloop
  endfacet
  facet normal -0.751835 -0.659352 0
    outer loop
      vertex -4.94975 17.0503 20
      vertex -5.55347 17.7387 60
      vertex -5.55347 17.7387 20
    endloop
  endfacet
  facet normal -0.751835 -0.659352 0
    outer loop
      vertex -5.55347 17.7387 60
      vertex -4.94975 17.0503 20
      vertex -4.94975 17.0503 60
    endloop
  endfacet
  facet normal -0.980784 0.195097 0
    outer loop
      vertex -6.94011 22.9137 20
      vertex -6.76148 23.8117 70
      vertex -6.76148 23.8117 20
    endloop
  endfacet
  facet normal -0.980784 0.195097 0
    outer loop
      vertex -6.76148 23.8117 70
      vertex -6.94011 22.9137 20
      vertex -6.94011 22.9137 70
    endloop
  endfacet
  facet normal 0.751835 0.659352 0
    outer loop
      vertex 5.55347 26.2613 70
      vertex 4.94975 26.9497 20
      vertex 4.94975 26.9497 70
    endloop
  endfacet
  facet normal 0.751835 0.659352 0
    outer loop
      vertex 4.94975 26.9497 20
      vertex 5.55347 26.2613 70
      vertex 5.55347 26.2613 20
    endloop
  endfacet
  facet normal -0.442305 -0.896864 0
    outer loop
      vertex -3.5 15.9378 20
      vertex -2.67878 15.5328 60
      vertex -3.5 15.9378 60
    endloop
  endfacet
  facet normal -0.442305 -0.896864 -0
    outer loop
      vertex -2.67878 15.5328 60
      vertex -3.5 15.9378 20
      vertex -2.67878 15.5328 20
    endloop
  endfacet
  facet normal -0.442305 -0.896864 0
    outer loop
      vertex -3.5 15.9378 68
      vertex -2.67878 15.5328 70
      vertex -3.5 15.9378 70
    endloop
  endfacet
  facet normal -0.442305 -0.896864 -0
    outer loop
      vertex -2.67878 15.5328 70
      vertex -3.5 15.9378 68
      vertex -2.67878 15.5328 68
    endloop
  endfacet
  facet normal 0 0 1
    outer loop
      vertex 2.5 22 70
      vertex 7 22 70
      vertex 6.94011 22.9137 70
    endloop
  endfacet
  facet normal 0 0 1
    outer loop
      vertex 2.47861 22.3263 70
      vertex 6.94011 22.9137 70
      vertex 6.76148 23.8117 70
    endloop
  endfacet
  facet normal 0 0 1
    outer loop
      vertex 7 22 70
      vertex 2.5 22 70
      vertex 6.94011 21.0863 70
    endloop
  endfacet
  facet normal 0 0 1
    outer loop
      vertex 2.41481 22.647 70
      vertex 6.76148 23.8117 70
      vertex 6.46716 24.6788 70
    endloop
  endfacet
  facet normal -0 0 1
    outer loop
      vertex 2.47861 21.6737 70
      vertex 6.94011 21.0863 70
      vertex 2.5 22 70
    endloop
  endfacet
  facet normal 0 0 1
    outer loop
      vertex 2.3097 22.9567 70
      vertex 6.46716 24.6788 70
      vertex 6.06218 25.5 70
    endloop
  endfacet
  facet normal 0 0 1
    outer loop
      vertex 6.94011 21.0863 70
      vertex 2.47861 21.6737 70
      vertex 6.76148 20.1883 70
    endloop
  endfacet
  facet normal 0 0 1
    outer loop
      vertex 2.16506 23.25 70
      vertex 6.06218 25.5 70
      vertex 5.55347 26.2613 70
    endloop
  endfacet
  facet normal -0 0 1
    outer loop
      vertex 2.41481 21.353 70
      vertex 6.76148 20.1883 70
      vertex 2.47861 21.6737 70
    endloop
  endfacet
  facet normal 0 0 1
    outer loop
      vertex 1.98338 23.5219 70
      vertex 5.55347 26.2613 70
      vertex 4.94975 26.9497 70
    endloop
  endfacet
  facet normal 0 0 1
    outer loop
      vertex 6.76148 20.1883 70
      vertex 2.41481 21.353 70
      vertex 6.46716 19.3212 70
    endloop
  endfacet
  facet normal 0 0 1
    outer loop
      vertex 1.76777 23.7678 70
      vertex 4.94975 26.9497 70
      vertex 4.26133 27.5535 70
    endloop
  endfacet
  facet normal -0 0 1
    outer loop
      vertex 2.3097 21.0433 70
      vertex 6.46716 19.3212 70
      vertex 2.41481 21.353 70
    endloop
  endfacet
  facet normal 0 0 1
    outer loop
      vertex 1.5219 23.9834 70
      vertex 4.26133 27.5535 70
      vertex 3.5 28.0622 70
    endloop
  endfacet
  facet normal 0 0 1
    outer loop
      vertex 6.46716 19.3212 70
      vertex 2.3097 21.0433 70
      vertex 6.06218 18.5 70
    endloop
  endfacet
  facet normal 0 0 1
    outer loop
      vertex 1.25 24.1651 70
      vertex 3.5 28.0622 70
      vertex 2.67878 28.4672 70
    endloop
  endfacet
  facet normal -0 0 1
    outer loop
      vertex 2.16506 20.75 70
      vertex 6.06218 18.5 70
      vertex 2.3097 21.0433 70
    endloop
  endfacet
  facet normal 0 0 1
    outer loop
      vertex 6.06218 18.5 70
      vertex 2.16506 20.75 70
      vertex 5.55347 17.7387 70
    endloop
  endfacet
  facet normal 0 0 1
    outer loop
      vertex 6.94011 22.9137 70
      vertex 2.47861 22.3263 70
      vertex 2.5 22 70
    endloop
  endfacet
  facet normal 0 0 1
    outer loop
      vertex 6.76148 23.8117 70
      vertex 2.41481 22.647 70
      vertex 2.47861 22.3263 70
    endloop
  endfacet
  facet normal 0 0 1
    outer loop
      vertex 6.46716 24.6788 70
      vertex 2.3097 22.9567 70
      vertex 2.41481 22.647 70
    endloop
  endfacet
  facet normal 0 0 1
    outer loop
      vertex 6.06218 25.5 70
      vertex 2.16506 23.25 70
      vertex 2.3097 22.9567 70
    endloop
  endfacet
  facet normal 0 0 1
    outer loop
      vertex 5.55347 26.2613 70
      vertex 1.98338 23.5219 70
      vertex 2.16506 23.25 70
    endloop
  endfacet
  facet normal 0 0 1
    outer loop
      vertex 0.956708 24.3097 70
      vertex 2.67878 28.4672 70
      vertex 1.81173 28.7615 70
    endloop
  endfacet
  facet normal 0 0 1
    outer loop
      vertex 4.94975 26.9497 70
      vertex 1.76777 23.7678 70
      vertex 1.98338 23.5219 70
    endloop
  endfacet
  facet normal 0 0 1
    outer loop
      vertex 4.26133 27.5535 70
      vertex 1.5219 23.9834 70
      vertex 1.76777 23.7678 70
    endloop
  endfacet
  facet normal 0 0 1
    outer loop
      vertex 3.5 28.0622 70
      vertex 1.25 24.1651 70
      vertex 1.5219 23.9834 70
    endloop
  endfacet
  facet normal 0 0 1
    outer loop
      vertex 2.67878 28.4672 70
      vertex 0.956708 24.3097 70
      vertex 1.25 24.1651 70
    endloop
  endfacet
  facet normal 0 0 1
    outer loop
      vertex 0.647047 24.4148 70
      vertex 1.81173 28.7615 70
      vertex 0.913683 28.9401 70
    endloop
  endfacet
  facet normal 0 0 1
    outer loop
      vertex 1.81173 28.7615 70
      vertex 0.647047 24.4148 70
      vertex 0.956708 24.3097 70
    endloop
  endfacet
  facet normal 0 0 1
    outer loop
      vertex 0.913683 28.9401 70
      vertex 0.326315 24.4786 70
      vertex 0.647047 24.4148 70
    endloop
  endfacet
  facet normal 0 0 1
    outer loop
      vertex 0 29 70
      vertex 0.326315 24.4786 70
      vertex 0.913683 28.9401 70
    endloop
  endfacet
  facet normal 0 0 1
    outer loop
      vertex 0 29 70
      vertex 0 24.5 70
      vertex 0.326315 24.4786 70
    endloop
  endfacet
  facet normal 0 0 1
    outer loop
      vertex 0 29 70
      vertex -0.326315 24.4786 70
      vertex 0 24.5 70
    endloop
  endfacet
  facet normal -0 0 1
    outer loop
      vertex -0.913683 28.9401 70
      vertex -0.326315 24.4786 70
      vertex 0 29 70
    endloop
  endfacet
  facet normal 0 0 1
    outer loop
      vertex -0.326315 24.4786 70
      vertex -0.913683 28.9401 70
      vertex -0.647047 24.4148 70
    endloop
  endfacet
  facet normal -0 0 1
    outer loop
      vertex -1.81173 28.7615 70
      vertex -0.647047 24.4148 70
      vertex -0.913683 28.9401 70
    endloop
  endfacet
  facet normal 0 0 1
    outer loop
      vertex -0.647047 24.4148 70
      vertex -1.81173 28.7615 70
      vertex -0.956708 24.3097 70
    endloop
  endfacet
  facet normal -0 0 1
    outer loop
      vertex -2.67878 28.4672 70
      vertex -0.956708 24.3097 70
      vertex -1.81173 28.7615 70
    endloop
  endfacet
  facet normal 0 0 1
    outer loop
      vertex -0.956708 24.3097 70
      vertex -2.67878 28.4672 70
      vertex -1.25 24.1651 70
    endloop
  endfacet
  facet normal -0 0 1
    outer loop
      vertex -3.5 28.0622 70
      vertex -1.25 24.1651 70
      vertex -2.67878 28.4672 70
    endloop
  endfacet
  facet normal 0 0 1
    outer loop
      vertex -1.25 24.1651 70
      vertex -3.5 28.0622 70
      vertex -1.5219 23.9834 70
    endloop
  endfacet
  facet normal -0 0 1
    outer loop
      vertex -4.26133 27.5535 70
      vertex -1.5219 23.9834 70
      vertex -3.5 28.0622 70
    endloop
  endfacet
  facet normal 0 0 1
    outer loop
      vertex -1.5219 23.9834 70
      vertex -4.26133 27.5535 70
      vertex -1.76777 23.7678 70
    endloop
  endfacet
  facet normal -0 0 1
    outer loop
      vertex -4.94975 26.9497 70
      vertex -1.76777 23.7678 70
      vertex -4.26133 27.5535 70
    endloop
  endfacet
  facet normal 0 0 1
    outer loop
      vertex -1.76777 23.7678 70
      vertex -4.94975 26.9497 70
      vertex -1.98338 23.5219 70
    endloop
  endfacet
  facet normal 0 0 1
    outer loop
      vertex -1.98338 23.5219 70
      vertex -5.55347 26.2613 70
      vertex -2.16506 23.25 70
    endloop
  endfacet
  facet normal -0 0 1
    outer loop
      vertex -5.55347 26.2613 70
      vertex -1.98338 23.5219 70
      vertex -4.94975 26.9497 70
    endloop
  endfacet
  facet normal -0 0 1
    outer loop
      vertex 1.98338 20.4781 70
      vertex 5.55347 17.7387 70
      vertex 2.16506 20.75 70
    endloop
  endfacet
  facet normal 0 0 1
    outer loop
      vertex 5.55347 17.7387 70
      vertex 1.98338 20.4781 70
      vertex 4.94975 17.0503 70
    endloop
  endfacet
  facet normal -0 0 1
    outer loop
      vertex 1.76777 20.2322 70
      vertex 4.94975 17.0503 70
      vertex 1.98338 20.4781 70
    endloop
  endfacet
  facet normal 0 0 1
    outer loop
      vertex 4.94975 17.0503 70
      vertex 1.76777 20.2322 70
      vertex 4.26133 16.4465 70
    endloop
  endfacet
  facet normal -0 0 1
    outer loop
      vertex 1.5219 20.0166 70
      vertex 4.26133 16.4465 70
      vertex 1.76777 20.2322 70
    endloop
  endfacet
  facet normal 0 0 1
    outer loop
      vertex 4.26133 16.4465 70
      vertex 1.5219 20.0166 70
      vertex 3.5 15.9378 70
    endloop
  endfacet
  facet normal -0 0 1
    outer loop
      vertex 1.25 19.8349 70
      vertex 3.5 15.9378 70
      vertex 1.5219 20.0166 70
    endloop
  endfacet
  facet normal 0 0 1
    outer loop
      vertex 3.5 15.9378 70
      vertex 1.25 19.8349 70
      vertex 2.67878 15.5328 70
    endloop
  endfacet
  facet normal -0 0 1
    outer loop
      vertex 0.956708 19.6903 70
      vertex 2.67878 15.5328 70
      vertex 1.25 19.8349 70
    endloop
  endfacet
  facet normal 0 0 1
    outer loop
      vertex 2.67878 15.5328 70
      vertex 0.956708 19.6903 70
      vertex 1.81173 15.2385 70
    endloop
  endfacet
  facet normal -0 0 1
    outer loop
      vertex 0.647047 19.5852 70
      vertex 1.81173 15.2385 70
      vertex 0.956708 19.6903 70
    endloop
  endfacet
  facet normal 0 0 1
    outer loop
      vertex 1.81173 15.2385 70
      vertex 0.647047 19.5852 70
      vertex 0.913683 15.0599 70
    endloop
  endfacet
  facet normal -0 0 1
    outer loop
      vertex 0.326315 19.5214 70
      vertex 0.913683 15.0599 70
      vertex 0.647047 19.5852 70
    endloop
  endfacet
  facet normal -0 0 1
    outer loop
      vertex 0 19.5 70
      vertex 0.913683 15.0599 70
      vertex 0.326315 19.5214 70
    endloop
  endfacet
  facet normal 0 0 1
    outer loop
      vertex 0 19.5 70
      vertex 0 15 70
      vertex 0.913683 15.0599 70
    endloop
  endfacet
  facet normal 0 0 1
    outer loop
      vertex -0.326315 19.5214 70
      vertex 0 15 70
      vertex 0 19.5 70
    endloop
  endfacet
  facet normal 0 0 1
    outer loop
      vertex -0.913683 15.0599 70
      vertex -0.326315 19.5214 70
      vertex -0.647047 19.5852 70
    endloop
  endfacet
  facet normal 0 0 1
    outer loop
      vertex -0.326315 19.5214 70
      vertex -0.913683 15.0599 70
      vertex 0 15 70
    endloop
  endfacet
  facet normal 0 0 1
    outer loop
      vertex -1.81173 15.2385 70
      vertex -0.647047 19.5852 70
      vertex -0.956708 19.6903 70
    endloop
  endfacet
  facet normal 0 0 1
    outer loop
      vertex -2.67878 15.5328 70
      vertex -0.956708 19.6903 70
      vertex -1.25 19.8349 70
    endloop
  endfacet
  facet normal 0 0 1
    outer loop
      vertex -3.5 15.9378 70
      vertex -1.25 19.8349 70
      vertex -1.5219 20.0166 70
    endloop
  endfacet
  facet normal 0 0 1
    outer loop
      vertex -4.26133 16.4465 70
      vertex -1.5219 20.0166 70
      vertex -1.76777 20.2322 70
    endloop
  endfacet
  facet normal 0 0 1
    outer loop
      vertex -0.647047 19.5852 70
      vertex -1.81173 15.2385 70
      vertex -0.913683 15.0599 70
    endloop
  endfacet
  facet normal 0 0 1
    outer loop
      vertex -4.94975 17.0503 70
      vertex -1.76777 20.2322 70
      vertex -1.98338 20.4781 70
    endloop
  endfacet
  facet normal 0 0 1
    outer loop
      vertex -5.55347 17.7387 70
      vertex -1.98338 20.4781 70
      vertex -2.16506 20.75 70
    endloop
  endfacet
  facet normal 0 0 1
    outer loop
      vertex -6.06218 18.5 70
      vertex -2.16506 20.75 70
      vertex -2.3097 21.0433 70
    endloop
  endfacet
  facet normal 0 0 1
    outer loop
      vertex -6.46716 19.3212 70
      vertex -2.3097 21.0433 70
      vertex -2.41481 21.353 70
    endloop
  endfacet
  facet normal 0 0 1
    outer loop
      vertex -6.76148 20.1883 70
      vertex -2.41481 21.353 70
      vertex -2.47861 21.6737 70
    endloop
  endfacet
  facet normal 0 0 1
    outer loop
      vertex -0.956708 19.6903 70
      vertex -2.67878 15.5328 70
      vertex -1.81173 15.2385 70
    endloop
  endfacet
  facet normal 0 0 1
    outer loop
      vertex -6.94011 21.0863 70
      vertex -2.47861 21.6737 70
      vertex -2.5 22 70
    endloop
  endfacet
  facet normal -0 0 1
    outer loop
      vertex -6.06218 25.5 70
      vertex -2.16506 23.25 70
      vertex -5.55347 26.2613 70
    endloop
  endfacet
  facet normal 0 0 1
    outer loop
      vertex -2.16506 23.25 70
      vertex -6.06218 25.5 70
      vertex -2.3097 22.9567 70
    endloop
  endfacet
  facet normal 0 0 1
    outer loop
      vertex -1.25 19.8349 70
      vertex -3.5 15.9378 70
      vertex -2.67878 15.5328 70
    endloop
  endfacet
  facet normal -0 0 1
    outer loop
      vertex -6.46716 24.6788 70
      vertex -2.3097 22.9567 70
      vertex -6.06218 25.5 70
    endloop
  endfacet
  facet normal 0 0 1
    outer loop
      vertex -1.5219 20.0166 70
      vertex -4.26133 16.4465 70
      vertex -3.5 15.9378 70
    endloop
  endfacet
  facet normal 0 0 1
    outer loop
      vertex -2.3097 22.9567 70
      vertex -6.46716 24.6788 70
      vertex -2.41481 22.647 70
    endloop
  endfacet
  facet normal 0 0 1
    outer loop
      vertex -1.76777 20.2322 70
      vertex -4.94975 17.0503 70
      vertex -4.26133 16.4465 70
    endloop
  endfacet
  facet normal -0 0 1
    outer loop
      vertex -6.76148 23.8117 70
      vertex -2.41481 22.647 70
      vertex -6.46716 24.6788 70
    endloop
  endfacet
  facet normal 0 0 1
    outer loop
      vertex -1.98338 20.4781 70
      vertex -5.55347 17.7387 70
      vertex -4.94975 17.0503 70
    endloop
  endfacet
  facet normal 0 0 1
    outer loop
      vertex -2.41481 22.647 70
      vertex -6.76148 23.8117 70
      vertex -2.47861 22.3263 70
    endloop
  endfacet
  facet normal 0 0 1
    outer loop
      vertex -2.16506 20.75 70
      vertex -6.06218 18.5 70
      vertex -5.55347 17.7387 70
    endloop
  endfacet
  facet normal -0 0 1
    outer loop
      vertex -6.94011 22.9137 70
      vertex -2.47861 22.3263 70
      vertex -6.76148 23.8117 70
    endloop
  endfacet
  facet normal 0 0 1
    outer loop
      vertex -2.3097 21.0433 70
      vertex -6.46716 19.3212 70
      vertex -6.06218 18.5 70
    endloop
  endfacet
  facet normal 0 0 1
    outer loop
      vertex -2.47861 22.3263 70
      vertex -6.94011 22.9137 70
      vertex -2.5 22 70
    endloop
  endfacet
  facet normal 0 0 1
    outer loop
      vertex -2.41481 21.353 70
      vertex -6.76148 20.1883 70
      vertex -6.46716 19.3212 70
    endloop
  endfacet
  facet normal 0 0 1
    outer loop
      vertex -7 22 70
      vertex -2.5 22 70
      vertex -6.94011 22.9137 70
    endloop
  endfacet
  facet normal 0 0 1
    outer loop
      vertex -2.47861 21.6737 70
      vertex -6.94011 21.0863 70
      vertex -6.76148 20.1883 70
    endloop
  endfacet
  facet normal 0 0 1
    outer loop
      vertex -2.5 22 70
      vertex -7 22 70
      vertex -6.94011 21.0863 70
    endloop
  endfacet
  facet normal 0.946937 0.321419 0
    outer loop
      vertex 6.76148 23.8117 70
      vertex 6.46716 24.6788 20
      vertex 6.46716 24.6788 70
    endloop
  endfacet
  facet normal 0.946937 0.321419 0
    outer loop
      vertex 6.46716 24.6788 20
      vertex 6.76148 23.8117 70
      vertex 6.76148 23.8117 20
    endloop
  endfacet
  facet normal -0.442305 0.896864 0
    outer loop
      vertex -2.67878 28.4672 20
      vertex -3.5 28.0622 70
      vertex -2.67878 28.4672 70
    endloop
  endfacet
  facet normal -0.442305 0.896864 0
    outer loop
      vertex -3.5 28.0622 70
      vertex -2.67878 28.4672 20
      vertex -3.5 28.0622 20
    endloop
  endfacet
  facet normal -0.831457 0.55559 0
    outer loop
      vertex -6.06218 25.5 20
      vertex -5.55347 26.2613 70
      vertex -5.55347 26.2613 20
    endloop
  endfacet
  facet normal -0.831457 0.55559 0
    outer loop
      vertex -5.55347 26.2613 70
      vertex -6.06218 25.5 20
      vertex -6.06218 25.5 70
    endloop
  endfacet
  facet normal -0.946937 -0.321419 0
    outer loop
      vertex -6.46716 19.3212 20
      vertex -6.76148 20.1883 70
      vertex -6.76148 20.1883 20
    endloop
  endfacet
  facet normal -0.946937 -0.321419 0
    outer loop
      vertex -6.76148 20.1883 70
      vertex -6.46716 19.3212 20
      vertex -6.46716 19.3212 70
    endloop
  endfacet
  facet normal 0.0654184 0.997858 -0
    outer loop
      vertex 0.913683 28.9401 20
      vertex 0 29 70
      vertex 0.913683 28.9401 70
    endloop
  endfacet
  facet normal 0.0654184 0.997858 0
    outer loop
      vertex 0 29 70
      vertex 0.913683 28.9401 20
      vertex 0 29 20
    endloop
  endfacet
  facet normal 0.321416 -0.946938 0
    outer loop
      vertex 1.81173 15.2385 20
      vertex 2.67878 15.5328 60
      vertex 1.81173 15.2385 60
    endloop
  endfacet
  facet normal 0.321416 -0.946938 0
    outer loop
      vertex 2.67878 15.5328 60
      vertex 1.81173 15.2385 20
      vertex 2.67878 15.5328 20
    endloop
  endfacet
  facet normal 0.321416 -0.946938 0
    outer loop
      vertex 1.81173 15.2385 68
      vertex 2.67878 15.5328 70
      vertex 1.81173 15.2385 70
    endloop
  endfacet
  facet normal 0.321416 -0.946938 0
    outer loop
      vertex 2.67878 15.5328 70
      vertex 1.81173 15.2385 68
      vertex 2.67878 15.5328 68
    endloop
  endfacet
  facet normal -0.0654184 0.997858 0
    outer loop
      vertex 0 29 20
      vertex -0.913683 28.9401 70
      vertex 0 29 70
    endloop
  endfacet
  facet normal -0.0654184 0.997858 0
    outer loop
      vertex -0.913683 28.9401 70
      vertex 0 29 20
      vertex -0.913683 28.9401 20
    endloop
  endfacet
  facet normal 0 0 -1
    outer loop
      vertex 6.94011 21.0863 20
      vertex 6.94011 22.9137 20
      vertex 7 22 20
    endloop
  endfacet
  facet normal 0 0 -1
    outer loop
      vertex 6.76148 20.1883 20
      vertex 6.94011 22.9137 20
      vertex 6.94011 21.0863 20
    endloop
  endfacet
  facet normal 0 0 -1
    outer loop
      vertex 6.76148 20.1883 20
      vertex 6.76148 23.8117 20
      vertex 6.94011 22.9137 20
    endloop
  endfacet
  facet normal 0 0 -1
    outer loop
      vertex 6.46716 19.3212 20
      vertex 6.76148 23.8117 20
      vertex 6.76148 20.1883 20
    endloop
  endfacet
  facet normal 0 0 -1
    outer loop
      vertex 6.46716 19.3212 20
      vertex 6.46716 24.6788 20
      vertex 6.76148 23.8117 20
    endloop
  endfacet
  facet normal 0 0 -1
    outer loop
      vertex 6.06218 18.5 20
      vertex 6.46716 24.6788 20
      vertex 6.46716 19.3212 20
    endloop
  endfacet
  facet normal 0 0 -1
    outer loop
      vertex 6.06218 18.5 20
      vertex 6.06218 25.5 20
      vertex 6.46716 24.6788 20
    endloop
  endfacet
  facet normal 0 0 -1
    outer loop
      vertex 5.55347 17.7387 20
      vertex 6.06218 25.5 20
      vertex 6.06218 18.5 20
    endloop
  endfacet
  facet normal 0 0 -1
    outer loop
      vertex 5.55347 17.7387 20
      vertex 5.55347 26.2613 20
      vertex 6.06218 25.5 20
    endloop
  endfacet
  facet normal 0 0 -1
    outer loop
      vertex 4.94975 17.0503 20
      vertex 5.55347 26.2613 20
      vertex 5.55347 17.7387 20
    endloop
  endfacet
  facet normal 0 0 -1
    outer loop
      vertex 4.94975 17.0503 20
      vertex 4.94975 26.9497 20
      vertex 5.55347 26.2613 20
    endloop
  endfacet
  facet normal 0 0 -1
    outer loop
      vertex 4.26133 16.4465 20
      vertex 4.94975 26.9497 20
      vertex 4.94975 17.0503 20
    endloop
  endfacet
  facet normal 0 0 -1
    outer loop
      vertex 4.26133 16.4465 20
      vertex 4.26133 27.5535 20
      vertex 4.94975 26.9497 20
    endloop
  endfacet
  facet normal 0 0 -1
    outer loop
      vertex 3.5 15.9378 20
      vertex 4.26133 27.5535 20
      vertex 4.26133 16.4465 20
    endloop
  endfacet
  facet normal 0 0 -1
    outer loop
      vertex 3.5 15.9378 20
      vertex 3.5 28.0622 20
      vertex 4.26133 27.5535 20
    endloop
  endfacet
  facet normal 0 0 -1
    outer loop
      vertex 2.67878 15.5328 20
      vertex 3.5 28.0622 20
      vertex 3.5 15.9378 20
    endloop
  endfacet
  facet normal 0 0 -1
    outer loop
      vertex 2.67878 15.5328 20
      vertex 2.67878 28.4672 20
      vertex 3.5 28.0622 20
    endloop
  endfacet
  facet normal 0 0 -1
    outer loop
      vertex 1.81173 15.2385 20
      vertex 2.67878 28.4672 20
      vertex 2.67878 15.5328 20
    endloop
  endfacet
  facet normal 0 0 -1
    outer loop
      vertex 1.81173 15.2385 20
      vertex 1.81173 28.7615 20
      vertex 2.67878 28.4672 20
    endloop
  endfacet
  facet normal 0 0 -1
    outer loop
      vertex 0.913683 15.0599 20
      vertex 1.81173 28.7615 20
      vertex 1.81173 15.2385 20
    endloop
  endfacet
  facet normal 0 0 -1
    outer loop
      vertex 0.913683 15.0599 20
      vertex 0.913683 28.9401 20
      vertex 1.81173 28.7615 20
    endloop
  endfacet
  facet normal 0 0 -1
    outer loop
      vertex 0 15 20
      vertex 0.913683 28.9401 20
      vertex 0.913683 15.0599 20
    endloop
  endfacet
  facet normal 0 0 -1
    outer loop
      vertex 0 15 20
      vertex 0 29 20
      vertex 0.913683 28.9401 20
    endloop
  endfacet
  facet normal 0 0 -1
    outer loop
      vertex -0.913683 15.0599 20
      vertex 0 29 20
      vertex 0 15 20
    endloop
  endfacet
  facet normal 0 0 -1
    outer loop
      vertex -0.913683 15.0599 20
      vertex -0.913683 28.9401 20
      vertex 0 29 20
    endloop
  endfacet
  facet normal 0 0 -1
    outer loop
      vertex -1.81173 15.2385 20
      vertex -0.913683 28.9401 20
      vertex -0.913683 15.0599 20
    endloop
  endfacet
  facet normal 0 0 -1
    outer loop
      vertex -1.81173 15.2385 20
      vertex -1.81173 28.7615 20
      vertex -0.913683 28.9401 20
    endloop
  endfacet
  facet normal 0 0 -1
    outer loop
      vertex -2.67878 15.5328 20
      vertex -1.81173 28.7615 20
      vertex -1.81173 15.2385 20
    endloop
  endfacet
  facet normal 0 0 -1
    outer loop
      vertex -2.67878 15.5328 20
      vertex -2.67878 28.4672 20
      vertex -1.81173 28.7615 20
    endloop
  endfacet
  facet normal 0 0 -1
    outer loop
      vertex -3.5 15.9378 20
      vertex -2.67878 28.4672 20
      vertex -2.67878 15.5328 20
    endloop
  endfacet
  facet normal 0 0 -1
    outer loop
      vertex -3.5 15.9378 20
      vertex -3.5 28.0622 20
      vertex -2.67878 28.4672 20
    endloop
  endfacet
  facet normal 0 0 -1
    outer loop
      vertex -4.26133 16.4465 20
      vertex -3.5 28.0622 20
      vertex -3.5 15.9378 20
    endloop
  endfacet
  facet normal 0 0 -1
    outer loop
      vertex -4.26133 16.4465 20
      vertex -4.26133 27.5535 20
      vertex -3.5 28.0622 20
    endloop
  endfacet
  facet normal 0 0 -1
    outer loop
      vertex -4.94975 17.0503 20
      vertex -4.26133 27.5535 20
      vertex -4.26133 16.4465 20
    endloop
  endfacet
  facet normal 0 0 -1
    outer loop
      vertex -4.94975 17.0503 20
      vertex -4.94975 26.9497 20
      vertex -4.26133 27.5535 20
    endloop
  endfacet
  facet normal 0 0 -1
    outer loop
      vertex -5.55347 17.7387 20
      vertex -4.94975 26.9497 20
      vertex -4.94975 17.0503 20
    endloop
  endfacet
  facet normal 0 0 -1
    outer loop
      vertex -5.55347 17.7387 20
      vertex -5.55347 26.2613 20
      vertex -4.94975 26.9497 20
    endloop
  endfacet
  facet normal 0 0 -1
    outer loop
      vertex -6.06218 18.5 20
      vertex -5.55347 26.2613 20
      vertex -5.55347 17.7387 20
    endloop
  endfacet
  facet normal 0 0 -1
    outer loop
      vertex -6.06218 18.5 20
      vertex -6.06218 25.5 20
      vertex -5.55347 26.2613 20
    endloop
  endfacet
  facet normal 0 0 -1
    outer loop
      vertex -6.46716 19.3212 20
      vertex -6.06218 25.5 20
      vertex -6.06218 18.5 20
    endloop
  endfacet
  facet normal 0 0 -1
    outer loop
      vertex -6.46716 19.3212 20
      vertex -6.46716 24.6788 20
      vertex -6.06218 25.5 20
    endloop
  endfacet
  facet normal 0 0 -1
    outer loop
      vertex -6.76148 20.1883 20
      vertex -6.46716 24.6788 20
      vertex -6.46716 19.3212 20
    endloop
  endfacet
  facet normal 0 0 -1
    outer loop
      vertex -6.76148 20.1883 20
      vertex -6.76148 23.8117 20
      vertex -6.46716 24.6788 20
    endloop
  endfacet
  facet normal 0 0 -1
    outer loop
      vertex -6.94011 21.0863 20
      vertex -6.76148 23.8117 20
      vertex -6.76148 20.1883 20
    endloop
  endfacet
  facet normal 0 0 -1
    outer loop
      vertex -6.94011 21.0863 20
      vertex -6.94011 22.9137 20
      vertex -6.76148 23.8117 20
    endloop
  endfacet
  facet normal 0 -0 -1
    outer loop
      vertex -6.94011 22.9137 20
      vertex -6.94011 21.0863 20
      vertex -7 22 20
    endloop
  endfacet
  facet normal -0.946937 0.321419 0
    outer loop
      vertex -6.76148 23.8117 20
      vertex -6.46716 24.6788 70
      vertex -6.46716 24.6788 20
    endloop
  endfacet
  facet normal -0.946937 0.321419 0
    outer loop
      vertex -6.46716 24.6788 70
      vertex -6.76148 23.8117 20
      vertex -6.76148 23.8117 70
    endloop
  endfacet
  facet normal 0.195097 -0.980784 0
    outer loop
      vertex 0.326315 19.5214 70
      vertex 0.647047 19.5852 90
      vertex 0.326315 19.5214 90
    endloop
  endfacet
  facet normal 0.195097 -0.980784 0
    outer loop
      vertex 0.647047 19.5852 90
      vertex 0.326315 19.5214 70
      vertex 0.647047 19.5852 70
    endloop
  endfacet
  facet normal 0.98078 0.195116 0
    outer loop
      vertex 2.47861 22.3263 90
      vertex 2.41481 22.647 70
      vertex 2.41481 22.647 90
    endloop
  endfacet
  facet normal 0.98078 0.195116 0
    outer loop
      vertex 2.41481 22.647 70
      vertex 2.47861 22.3263 90
      vertex 2.47861 22.3263 70
    endloop
  endfacet
  facet normal 0.997858 0.0654128 0
    outer loop
      vertex 2.5 22 90
      vertex 2.47861 22.3263 70
      vertex 2.47861 22.3263 90
    endloop
  endfacet
  facet normal 0.997858 0.0654128 0
    outer loop
      vertex 2.47861 22.3263 70
      vertex 2.5 22 90
      vertex 2.5 22 70
    endloop
  endfacet
  facet normal -0.751898 -0.659279 0
    outer loop
      vertex -1.76777 20.2322 70
      vertex -1.98338 20.4781 90
      vertex -1.98338 20.4781 70
    endloop
  endfacet
  facet normal -0.751898 -0.659279 0
    outer loop
      vertex -1.98338 20.4781 90
      vertex -1.76777 20.2322 70
      vertex -1.76777 20.2322 90
    endloop
  endfacet
  facet normal -0.0654402 -0.997856 0
    outer loop
      vertex -0.326315 19.5214 70
      vertex 0 19.5 90
      vertex -0.326315 19.5214 90
    endloop
  endfacet
  facet normal -0.0654402 -0.997856 -0
    outer loop
      vertex 0 19.5 90
      vertex -0.326315 19.5214 70
      vertex 0 19.5 70
    endloop
  endfacet
  facet normal 0.751898 -0.659279 0
    outer loop
      vertex 1.76777 20.2322 90
      vertex 1.98338 20.4781 70
      vertex 1.98338 20.4781 90
    endloop
  endfacet
  facet normal 0.751898 -0.659279 0
    outer loop
      vertex 1.98338 20.4781 70
      vertex 1.76777 20.2322 90
      vertex 1.76777 20.2322 70
    endloop
  endfacet
  facet normal 0.442201 -0.896916 0
    outer loop
      vertex 0.956708 19.6903 70
      vertex 1.25 19.8349 90
      vertex 0.956708 19.6903 90
    endloop
  endfacet
  facet normal 0.442201 -0.896916 0
    outer loop
      vertex 1.25 19.8349 90
      vertex 0.956708 19.6903 70
      vertex 1.25 19.8349 70
    endloop
  endfacet
  facet normal -0.321396 -0.946945 0
    outer loop
      vertex -0.956708 19.6903 70
      vertex -0.647047 19.5852 90
      vertex -0.956708 19.6903 90
    endloop
  endfacet
  facet normal -0.321396 -0.946945 -0
    outer loop
      vertex -0.647047 19.5852 90
      vertex -0.956708 19.6903 70
      vertex -0.647047 19.5852 70
    endloop
  endfacet
  facet normal 0.946948 -0.321387 0
    outer loop
      vertex 2.3097 21.0433 90
      vertex 2.41481 21.353 70
      vertex 2.41481 21.353 90
    endloop
  endfacet
  facet normal 0.946948 -0.321387 0
    outer loop
      vertex 2.41481 21.353 70
      vertex 2.3097 21.0433 90
      vertex 2.3097 21.0433 70
    endloop
  endfacet
  facet normal 0.896872 -0.44229 0
    outer loop
      vertex 2.16506 20.75 90
      vertex 2.3097 21.0433 70
      vertex 2.3097 21.0433 90
    endloop
  endfacet
  facet normal 0.896872 -0.44229 0
    outer loop
      vertex 2.3097 21.0433 70
      vertex 2.16506 20.75 90
      vertex 2.16506 20.75 70
    endloop
  endfacet
  facet normal -0.555617 0.831438 0
    outer loop
      vertex -1.25 24.1651 70
      vertex -1.5219 23.9834 90
      vertex -1.25 24.1651 90
    endloop
  endfacet
  facet normal -0.555617 0.831438 0
    outer loop
      vertex -1.5219 23.9834 90
      vertex -1.25 24.1651 70
      vertex -1.5219 23.9834 70
    endloop
  endfacet
  facet normal -0.831466 0.555575 0
    outer loop
      vertex -2.16506 23.25 70
      vertex -1.98338 23.5219 90
      vertex -1.98338 23.5219 70
    endloop
  endfacet
  facet normal -0.831466 0.555575 0
    outer loop
      vertex -1.98338 23.5219 90
      vertex -2.16506 23.25 70
      vertex -2.16506 23.25 90
    endloop
  endfacet
  facet normal 0.831466 -0.555575 0
    outer loop
      vertex 1.98338 20.4781 90
      vertex 2.16506 20.75 70
      vertex 2.16506 20.75 90
    endloop
  endfacet
  facet normal 0.831466 -0.555575 0
    outer loop
      vertex 2.16506 20.75 70
      vertex 1.98338 20.4781 90
      vertex 1.98338 20.4781 70
    endloop
  endfacet
  facet normal -0.659307 0.751873 0
    outer loop
      vertex -1.5219 23.9834 70
      vertex -1.76777 23.7678 90
      vertex -1.5219 23.9834 90
    endloop
  endfacet
  facet normal -0.659307 0.751873 0
    outer loop
      vertex -1.76777 23.7678 90
      vertex -1.5219 23.9834 70
      vertex -1.76777 23.7678 70
    endloop
  endfacet
  facet normal -0.0654402 0.997856 0
    outer loop
      vertex 0 24.5 70
      vertex -0.326315 24.4786 90
      vertex 0 24.5 90
    endloop
  endfacet
  facet normal -0.0654402 0.997856 0
    outer loop
      vertex -0.326315 24.4786 90
      vertex 0 24.5 70
      vertex -0.326315 24.4786 70
    endloop
  endfacet
  facet normal 0.195097 0.980784 -0
    outer loop
      vertex 0.647047 24.4148 70
      vertex 0.326315 24.4786 90
      vertex 0.647047 24.4148 90
    endloop
  endfacet
  facet normal 0.195097 0.980784 0
    outer loop
      vertex 0.326315 24.4786 90
      vertex 0.647047 24.4148 70
      vertex 0.326315 24.4786 70
    endloop
  endfacet
  facet normal -0.98078 0.195116 0
    outer loop
      vertex -2.47861 22.3263 70
      vertex -2.41481 22.647 90
      vertex -2.41481 22.647 70
    endloop
  endfacet
  facet normal -0.98078 0.195116 0
    outer loop
      vertex -2.41481 22.647 90
      vertex -2.47861 22.3263 70
      vertex -2.47861 22.3263 90
    endloop
  endfacet
  facet normal 0.0654402 -0.997856 0
    outer loop
      vertex 0 19.5 70
      vertex 0.326315 19.5214 90
      vertex 0 19.5 90
    endloop
  endfacet
  facet normal 0.0654402 -0.997856 0
    outer loop
      vertex 0.326315 19.5214 90
      vertex 0 19.5 70
      vertex 0.326315 19.5214 70
    endloop
  endfacet
  facet normal -0.946948 -0.321387 0
    outer loop
      vertex -2.3097 21.0433 70
      vertex -2.41481 21.353 90
      vertex -2.41481 21.353 70
    endloop
  endfacet
  facet normal -0.946948 -0.321387 0
    outer loop
      vertex -2.41481 21.353 90
      vertex -2.3097 21.0433 70
      vertex -2.3097 21.0433 90
    endloop
  endfacet
  facet normal -0.555617 -0.831438 0
    outer loop
      vertex -1.5219 20.0166 70
      vertex -1.25 19.8349 90
      vertex -1.5219 20.0166 90
    endloop
  endfacet
  facet normal -0.555617 -0.831438 -0
    outer loop
      vertex -1.25 19.8349 90
      vertex -1.5219 20.0166 70
      vertex -1.25 19.8349 70
    endloop
  endfacet
  facet normal -0.195097 -0.980784 0
    outer loop
      vertex -0.647047 19.5852 70
      vertex -0.326315 19.5214 90
      vertex -0.647047 19.5852 90
    endloop
  endfacet
  facet normal -0.195097 -0.980784 -0
    outer loop
      vertex -0.326315 19.5214 90
      vertex -0.647047 19.5852 70
      vertex -0.326315 19.5214 70
    endloop
  endfacet
  facet normal 0.98078 -0.195116 0
    outer loop
      vertex 2.41481 21.353 90
      vertex 2.47861 21.6737 70
      vertex 2.47861 21.6737 90
    endloop
  endfacet
  facet normal 0.98078 -0.195116 0
    outer loop
      vertex 2.47861 21.6737 70
      vertex 2.41481 21.353 90
      vertex 2.41481 21.353 70
    endloop
  endfacet
  facet normal 0.831466 0.555575 0
    outer loop
      vertex 2.16506 23.25 90
      vertex 1.98338 23.5219 70
      vertex 1.98338 23.5219 90
    endloop
  endfacet
  facet normal 0.831466 0.555575 0
    outer loop
      vertex 1.98338 23.5219 70
      vertex 2.16506 23.25 90
      vertex 2.16506 23.25 70
    endloop
  endfacet
  facet normal -0.442201 0.896916 0
    outer loop
      vertex -0.956708 24.3097 70
      vertex -1.25 24.1651 90
      vertex -0.956708 24.3097 90
    endloop
  endfacet
  facet normal -0.442201 0.896916 0
    outer loop
      vertex -1.25 24.1651 90
      vertex -0.956708 24.3097 70
      vertex -1.25 24.1651 70
    endloop
  endfacet
  facet normal 0.659307 0.751873 -0
    outer loop
      vertex 1.76777 23.7678 70
      vertex 1.5219 23.9834 90
      vertex 1.76777 23.7678 90
    endloop
  endfacet
  facet normal 0.659307 0.751873 0
    outer loop
      vertex 1.5219 23.9834 90
      vertex 1.76777 23.7678 70
      vertex 1.5219 23.9834 70
    endloop
  endfacet
  facet normal 0.442201 0.896916 -0
    outer loop
      vertex 1.25 24.1651 70
      vertex 0.956708 24.3097 90
      vertex 1.25 24.1651 90
    endloop
  endfacet
  facet normal 0.442201 0.896916 0
    outer loop
      vertex 0.956708 24.3097 90
      vertex 1.25 24.1651 70
      vertex 0.956708 24.3097 70
    endloop
  endfacet
  facet normal 0.0654402 0.997856 -0
    outer loop
      vertex 0.326315 24.4786 70
      vertex 0 24.5 90
      vertex 0.326315 24.4786 90
    endloop
  endfacet
  facet normal 0.0654402 0.997856 0
    outer loop
      vertex 0 24.5 90
      vertex 0.326315 24.4786 70
      vertex 0 24.5 70
    endloop
  endfacet
  facet normal -0.751898 0.659279 0
    outer loop
      vertex -1.98338 23.5219 70
      vertex -1.76777 23.7678 90
      vertex -1.76777 23.7678 70
    endloop
  endfacet
  facet normal -0.751898 0.659279 0
    outer loop
      vertex -1.76777 23.7678 90
      vertex -1.98338 23.5219 70
      vertex -1.98338 23.5219 90
    endloop
  endfacet
  facet normal -0.831466 -0.555575 0
    outer loop
      vertex -1.98338 20.4781 70
      vertex -2.16506 20.75 90
      vertex -2.16506 20.75 70
    endloop
  endfacet
  facet normal -0.831466 -0.555575 0
    outer loop
      vertex -2.16506 20.75 90
      vertex -1.98338 20.4781 70
      vertex -1.98338 20.4781 90
    endloop
  endfacet
  facet normal 0.555617 0.831438 -0
    outer loop
      vertex 1.5219 23.9834 70
      vertex 1.25 24.1651 90
      vertex 1.5219 23.9834 90
    endloop
  endfacet
  facet normal 0.555617 0.831438 0
    outer loop
      vertex 1.25 24.1651 90
      vertex 1.5219 23.9834 70
      vertex 1.25 24.1651 70
    endloop
  endfacet
  facet normal -0.997858 0.0654128 0
    outer loop
      vertex -2.5 22 70
      vertex -2.47861 22.3263 90
      vertex -2.47861 22.3263 70
    endloop
  endfacet
  facet normal -0.997858 0.0654128 0
    outer loop
      vertex -2.47861 22.3263 90
      vertex -2.5 22 70
      vertex -2.5 22 90
    endloop
  endfacet
  facet normal 0.997858 -0.0654128 0
    outer loop
      vertex 2.47861 21.6737 90
      vertex 2.5 22 70
      vertex 2.5 22 90
    endloop
  endfacet
  facet normal 0.997858 -0.0654128 0
    outer loop
      vertex 2.5 22 70
      vertex 2.47861 21.6737 90
      vertex 2.47861 21.6737 70
    endloop
  endfacet
  facet normal 0.321396 -0.946945 0
    outer loop
      vertex 0.647047 19.5852 70
      vertex 0.956708 19.6903 90
      vertex 0.647047 19.5852 90
    endloop
  endfacet
  facet normal 0.321396 -0.946945 0
    outer loop
      vertex 0.956708 19.6903 90
      vertex 0.647047 19.5852 70
      vertex 0.956708 19.6903 70
    endloop
  endfacet
  facet normal -0.195097 0.980784 0
    outer loop
      vertex -0.326315 24.4786 70
      vertex -0.647047 24.4148 90
      vertex -0.326315 24.4786 90
    endloop
  endfacet
  facet normal -0.195097 0.980784 0
    outer loop
      vertex -0.647047 24.4148 90
      vertex -0.326315 24.4786 70
      vertex -0.647047 24.4148 70
    endloop
  endfacet
  facet normal -0.997858 -0.0654128 0
    outer loop
      vertex -2.47861 21.6737 70
      vertex -2.5 22 90
      vertex -2.5 22 70
    endloop
  endfacet
  facet normal -0.997858 -0.0654128 0
    outer loop
      vertex -2.5 22 90
      vertex -2.47861 21.6737 70
      vertex -2.47861 21.6737 90
    endloop
  endfacet
  facet normal -0.896872 -0.44229 0
    outer loop
      vertex -2.16506 20.75 70
      vertex -2.3097 21.0433 90
      vertex -2.3097 21.0433 70
    endloop
  endfacet
  facet normal -0.896872 -0.44229 0
    outer loop
      vertex -2.3097 21.0433 90
      vertex -2.16506 20.75 70
      vertex -2.16506 20.75 90
    endloop
  endfacet
  facet normal -0.659307 -0.751873 0
    outer loop
      vertex -1.76777 20.2322 70
      vertex -1.5219 20.0166 90
      vertex -1.76777 20.2322 90
    endloop
  endfacet
  facet normal -0.659307 -0.751873 -0
    outer loop
      vertex -1.5219 20.0166 90
      vertex -1.76777 20.2322 70
      vertex -1.5219 20.0166 70
    endloop
  endfacet
  facet normal 0.659307 -0.751873 0
    outer loop
      vertex 1.5219 20.0166 70
      vertex 1.76777 20.2322 90
      vertex 1.5219 20.0166 90
    endloop
  endfacet
  facet normal 0.659307 -0.751873 0
    outer loop
      vertex 1.76777 20.2322 90
      vertex 1.5219 20.0166 70
      vertex 1.76777 20.2322 70
    endloop
  endfacet
  facet normal 0.555617 -0.831438 0
    outer loop
      vertex 1.25 19.8349 70
      vertex 1.5219 20.0166 90
      vertex 1.25 19.8349 90
    endloop
  endfacet
  facet normal 0.555617 -0.831438 0
    outer loop
      vertex 1.5219 20.0166 90
      vertex 1.25 19.8349 70
      vertex 1.5219 20.0166 70
    endloop
  endfacet
  facet normal 0.321396 0.946945 -0
    outer loop
      vertex 0.956708 24.3097 70
      vertex 0.647047 24.4148 90
      vertex 0.956708 24.3097 90
    endloop
  endfacet
  facet normal 0.321396 0.946945 0
    outer loop
      vertex 0.647047 24.4148 90
      vertex 0.956708 24.3097 70
      vertex 0.647047 24.4148 70
    endloop
  endfacet
  facet normal -0.98078 -0.195116 0
    outer loop
      vertex -2.41481 21.353 70
      vertex -2.47861 21.6737 90
      vertex -2.47861 21.6737 70
    endloop
  endfacet
  facet normal -0.98078 -0.195116 0
    outer loop
      vertex -2.47861 21.6737 90
      vertex -2.41481 21.353 70
      vertex -2.41481 21.353 90
    endloop
  endfacet
  facet normal -0.896872 0.44229 0
    outer loop
      vertex -2.3097 22.9567 70
      vertex -2.16506 23.25 90
      vertex -2.16506 23.25 70
    endloop
  endfacet
  facet normal -0.896872 0.44229 0
    outer loop
      vertex -2.16506 23.25 90
      vertex -2.3097 22.9567 70
      vertex -2.3097 22.9567 90
    endloop
  endfacet
  facet normal 0.896872 0.44229 0
    outer loop
      vertex 2.3097 22.9567 90
      vertex 2.16506 23.25 70
      vertex 2.16506 23.25 90
    endloop
  endfacet
  facet normal 0.896872 0.44229 0
    outer loop
      vertex 2.16506 23.25 70
      vertex 2.3097 22.9567 90
      vertex 2.3097 22.9567 70
    endloop
  endfacet
  facet normal 0.751898 0.659279 0
    outer loop
      vertex 1.98338 23.5219 90
      vertex 1.76777 23.7678 70
      vertex 1.76777 23.7678 90
    endloop
  endfacet
  facet normal 0.751898 0.659279 0
    outer loop
      vertex 1.76777 23.7678 70
      vertex 1.98338 23.5219 90
      vertex 1.98338 23.5219 70
    endloop
  endfacet
  facet normal 0.946948 0.321387 0
    outer loop
      vertex 2.41481 22.647 90
      vertex 2.3097 22.9567 70
      vertex 2.3097 22.9567 90
    endloop
  endfacet
  facet normal 0.946948 0.321387 0
    outer loop
      vertex 2.3097 22.9567 70
      vertex 2.41481 22.647 90
      vertex 2.41481 22.647 70
    endloop
  endfacet
  facet normal -0.321396 0.946945 0
    outer loop
      vertex -0.647047 24.4148 70
      vertex -0.956708 24.3097 90
      vertex -0.647047 24.4148 90
    endloop
  endfacet
  facet normal -0.321396 0.946945 0
    outer loop
      vertex -0.956708 24.3097 90
      vertex -0.647047 24.4148 70
      vertex -0.956708 24.3097 70
    endloop
  endfacet
  facet normal -0.442201 -0.896916 0
    outer loop
      vertex -1.25 19.8349 70
      vertex -0.956708 19.6903 90
      vertex -1.25 19.8349 90
    endloop
  endfacet
  facet normal -0.442201 -0.896916 -0
    outer loop
      vertex -0.956708 19.6903 90
      vertex -1.25 19.8349 70
      vertex -0.956708 19.6903 70
    endloop
  endfacet
  facet normal 0 0 1
    outer loop
      vertex 2.47861 22.3263 90
      vertex 2.47861 21.6737 90
      vertex 2.5 22 90
    endloop
  endfacet
  facet normal 0 0 1
    outer loop
      vertex 2.41481 22.647 90
      vertex 2.47861 21.6737 90
      vertex 2.47861 22.3263 90
    endloop
  endfacet
  facet normal 0 0 1
    outer loop
      vertex 2.41481 22.647 90
      vertex 2.41481 21.353 90
      vertex 2.47861 21.6737 90
    endloop
  endfacet
  facet normal 0 0 1
    outer loop
      vertex 2.3097 22.9567 90
      vertex 2.41481 21.353 90
      vertex 2.41481 22.647 90
    endloop
  endfacet
  facet normal 0 0 1
    outer loop
      vertex 2.3097 22.9567 90
      vertex 2.3097 21.0433 90
      vertex 2.41481 21.353 90
    endloop
  endfacet
  facet normal 0 0 1
    outer loop
      vertex 2.16506 23.25 90
      vertex 2.3097 21.0433 90
      vertex 2.3097 22.9567 90
    endloop
  endfacet
  facet normal 0 0 1
    outer loop
      vertex 2.16506 23.25 90
      vertex 2.16506 20.75 90
      vertex 2.3097 21.0433 90
    endloop
  endfacet
  facet normal 0 0 1
    outer loop
      vertex 1.98338 23.5219 90
      vertex 2.16506 20.75 90
      vertex 2.16506 23.25 90
    endloop
  endfacet
  facet normal 0 0 1
    outer loop
      vertex 1.98338 23.5219 90
      vertex 1.98338 20.4781 90
      vertex 2.16506 20.75 90
    endloop
  endfacet
  facet normal 0 0 1
    outer loop
      vertex 1.76777 23.7678 90
      vertex 1.98338 20.4781 90
      vertex 1.98338 23.5219 90
    endloop
  endfacet
  facet normal 0 0 1
    outer loop
      vertex 1.76777 23.7678 90
      vertex 1.76777 20.2322 90
      vertex 1.98338 20.4781 90
    endloop
  endfacet
  facet normal 0 0 1
    outer loop
      vertex 1.5219 23.9834 90
      vertex 1.76777 20.2322 90
      vertex 1.76777 23.7678 90
    endloop
  endfacet
  facet normal 0 0 1
    outer loop
      vertex 1.5219 23.9834 90
      vertex 1.5219 20.0166 90
      vertex 1.76777 20.2322 90
    endloop
  endfacet
  facet normal 0 0 1
    outer loop
      vertex 1.25 24.1651 90
      vertex 1.5219 20.0166 90
      vertex 1.5219 23.9834 90
    endloop
  endfacet
  facet normal 0 0 1
    outer loop
      vertex 1.25 24.1651 90
      vertex 1.25 19.8349 90
      vertex 1.5219 20.0166 90
    endloop
  endfacet
  facet normal 0 0 1
    outer loop
      vertex 0.956708 24.3097 90
      vertex 1.25 19.8349 90
      vertex 1.25 24.1651 90
    endloop
  endfacet
  facet normal 0 0 1
    outer loop
      vertex 0.956708 24.3097 90
      vertex 0.956708 19.6903 90
      vertex 1.25 19.8349 90
    endloop
  endfacet
  facet normal 0 0 1
    outer loop
      vertex 0.647047 24.4148 90
      vertex 0.956708 19.6903 90
      vertex 0.956708 24.3097 90
    endloop
  endfacet
  facet normal 0 0 1
    outer loop
      vertex 0.647047 24.4148 90
      vertex 0.647047 19.5852 90
      vertex 0.956708 19.6903 90
    endloop
  endfacet
  facet normal 0 0 1
    outer loop
      vertex 0.326315 24.4786 90
      vertex 0.647047 19.5852 90
      vertex 0.647047 24.4148 90
    endloop
  endfacet
  facet normal 0 0 1
    outer loop
      vertex 0.326315 24.4786 90
      vertex 0.326315 19.5214 90
      vertex 0.647047 19.5852 90
    endloop
  endfacet
  facet normal 0 0 1
    outer loop
      vertex 0 24.5 90
      vertex 0.326315 19.5214 90
      vertex 0.326315 24.4786 90
    endloop
  endfacet
  facet normal 0 0 1
    outer loop
      vertex 0 24.5 90
      vertex 0 19.5 90
      vertex 0.326315 19.5214 90
    endloop
  endfacet
  facet normal -0 0 1
    outer loop
      vertex -0.326315 24.4786 90
      vertex 0 19.5 90
      vertex 0 24.5 90
    endloop
  endfacet
  facet normal 0 0 1
    outer loop
      vertex -0.326315 24.4786 90
      vertex -0.326315 19.5214 90
      vertex 0 19.5 90
    endloop
  endfacet
  facet normal -0 0 1
    outer loop
      vertex -0.647047 24.4148 90
      vertex -0.326315 19.5214 90
      vertex -0.326315 24.4786 90
    endloop
  endfacet
  facet normal 0 0 1
    outer loop
      vertex -0.647047 24.4148 90
      vertex -0.647047 19.5852 90
      vertex -0.326315 19.5214 90
    endloop
  endfacet
  facet normal -0 0 1
    outer loop
      vertex -0.956708 24.3097 90
      vertex -0.647047 19.5852 90
      vertex -0.647047 24.4148 90
    endloop
  endfacet
  facet normal 0 0 1
    outer loop
      vertex -0.956708 24.3097 90
      vertex -0.956708 19.6903 90
      vertex -0.647047 19.5852 90
    endloop
  endfacet
  facet normal -0 0 1
    outer loop
      vertex -1.25 24.1651 90
      vertex -0.956708 19.6903 90
      vertex -0.956708 24.3097 90
    endloop
  endfacet
  facet normal 0 0 1
    outer loop
      vertex -1.25 24.1651 90
      vertex -1.25 19.8349 90
      vertex -0.956708 19.6903 90
    endloop
  endfacet
  facet normal -0 0 1
    outer loop
      vertex -1.5219 23.9834 90
      vertex -1.25 19.8349 90
      vertex -1.25 24.1651 90
    endloop
  endfacet
  facet normal 0 0 1
    outer loop
      vertex -1.5219 23.9834 90
      vertex -1.5219 20.0166 90
      vertex -1.25 19.8349 90
    endloop
  endfacet
  facet normal -0 0 1
    outer loop
      vertex -1.76777 23.7678 90
      vertex -1.5219 20.0166 90
      vertex -1.5219 23.9834 90
    endloop
  endfacet
  facet normal 0 0 1
    outer loop
      vertex -1.76777 23.7678 90
      vertex -1.76777 20.2322 90
      vertex -1.5219 20.0166 90
    endloop
  endfacet
  facet normal -0 0 1
    outer loop
      vertex -1.98338 23.5219 90
      vertex -1.76777 20.2322 90
      vertex -1.76777 23.7678 90
    endloop
  endfacet
  facet normal 0 0 1
    outer loop
      vertex -1.98338 23.5219 90
      vertex -1.98338 20.4781 90
      vertex -1.76777 20.2322 90
    endloop
  endfacet
  facet normal -0 0 1
    outer loop
      vertex -2.16506 23.25 90
      vertex -1.98338 20.4781 90
      vertex -1.98338 23.5219 90
    endloop
  endfacet
  facet normal 0 0 1
    outer loop
      vertex -2.16506 23.25 90
      vertex -2.16506 20.75 90
      vertex -1.98338 20.4781 90
    endloop
  endfacet
  facet normal -0 0 1
    outer loop
      vertex -2.3097 22.9567 90
      vertex -2.16506 20.75 90
      vertex -2.16506 23.25 90
    endloop
  endfacet
  facet normal 0 0 1
    outer loop
      vertex -2.3097 22.9567 90
      vertex -2.3097 21.0433 90
      vertex -2.16506 20.75 90
    endloop
  endfacet
  facet normal -0 0 1
    outer loop
      vertex -2.41481 22.647 90
      vertex -2.3097 21.0433 90
      vertex -2.3097 22.9567 90
    endloop
  endfacet
  facet normal 0 0 1
    outer loop
      vertex -2.41481 22.647 90
      vertex -2.41481 21.353 90
      vertex -2.3097 21.0433 90
    endloop
  endfacet
  facet normal -0 0 1
    outer loop
      vertex -2.47861 22.3263 90
      vertex -2.41481 21.353 90
      vertex -2.41481 22.647 90
    endloop
  endfacet
  facet normal 0 0 1
    outer loop
      vertex -2.47861 22.3263 90
      vertex -2.47861 21.6737 90
      vertex -2.41481 21.353 90
    endloop
  endfacet
  facet normal 0 -0 1
    outer loop
      vertex -2.47861 21.6737 90
      vertex -2.47861 22.3263 90
      vertex -2.5 22 90
    endloop
  endfacet
  facet normal -0.946948 0.321387 0
    outer loop
      vertex -2.41481 22.647 70
      vertex -2.3097 22.9567 90
      vertex -2.3097 22.9567 70
    endloop
  endfacet
  facet normal -0.946948 0.321387 0
    outer loop
      vertex -2.3097 22.9567 90
      vertex -2.41481 22.647 70
      vertex -2.41481 22.647 90
    endloop
  endfacet
endsolid OpenSCAD_Model
