solid OpenSCAD_Model
  facet normal 0.980785 -0 0.19509
    outer loop
      vertex 9.65926 -10 2.58819
      vertex 9.91445 10 1.30526
      vertex 9.65926 10 2.58819
    endloop
  endfacet
  facet normal 0.980785 0 0.19509
    outer loop
      vertex 9.91445 10 1.30526
      vertex 9.65926 -10 2.58819
      vertex 9.91445 -10 1.30526
    endloop
  endfacet
  facet normal 0.997859 -0 0.0654022
    outer loop
      vertex 9.91445 -10 1.30526
      vertex 10 10 0
      vertex 9.91445 10 1.30526
    endloop
  endfacet
  facet normal 0.997859 0 0.0654022
    outer loop
      vertex 10 10 0
      vertex 9.91445 -10 1.30526
      vertex 10 -10 0
    endloop
  endfacet
  facet normal -0.997859 0 0.0654022
    outer loop
      vertex -10 -10 0
      vertex -9.91445 10 1.30526
      vertex -10 10 0
    endloop
  endfacet
  facet normal -0.997859 0 0.0654022
    outer loop
      vertex -9.91445 10 1.30526
      vertex -10 -10 0
      vertex -9.91445 -10 1.30526
    endloop
  endfacet
  facet normal 0.896871 -0 0.442293
    outer loop
      vertex 8.66025 3 5
      vertex 9.2388 10 3.82683
      vertex 8.66025 10 5
    endloop
  endfacet
  facet normal 0.896871 -0 0.442293
    outer loop
      vertex 8.66025 -3 5
      vertex 9.2388 10 3.82683
      vertex 8.66025 3 5
    endloop
  endfacet
  facet normal 0.896871 0 0.442293
    outer loop
      vertex 9.2388 -10 3.82683
      vertex 8.66025 -3 5
      vertex 8.66025 -10 5
    endloop
  endfacet
  facet normal 0.896871 0 0.442293
    outer loop
      vertex 8.66025 -3 5
      vertex 9.2388 -10 3.82683
      vertex 9.2388 10 3.82683
    endloop
  endfacet
  facet normal 0.321438 0 0.946931
    outer loop
      vertex 2.58819 10 9.65926
      vertex 3.82683 6 9.2388
      vertex 3.82683 10 9.2388
    endloop
  endfacet
  facet normal 0.321438 0 0.946931
    outer loop
      vertex 3.82683 6 9.2388
      vertex 2.58819 10 9.65926
      vertex 2.58819 6 9.65926
    endloop
  endfacet
  facet normal 0.321438 0 0.946931
    outer loop
      vertex 2.58819 -6 9.65926
      vertex 3.82683 -10 9.2388
      vertex 3.82683 -6 9.2388
    endloop
  endfacet
  facet normal 0.321438 0 0.946931
    outer loop
      vertex 3.82683 -10 9.2388
      vertex 2.58819 -6 9.65926
      vertex 2.58819 -10 9.65926
    endloop
  endfacet
  facet normal 0.896871 0 -0.442293
    outer loop
      vertex 9.2388 -10 -3.82683
      vertex 8.66025 10 -5
      vertex 9.2388 10 -3.82683
    endloop
  endfacet
  facet normal 0.896871 0 -0.442293
    outer loop
      vertex 8.66025 10 -5
      vertex 9.2388 -10 -3.82683
      vertex 8.66025 -10 -5
    endloop
  endfacet
  facet normal 0.19509 0 0.980785
    outer loop
      vertex 1.30526 10 9.91445
      vertex 2.58819 6 9.65926
      vertex 2.58819 10 9.65926
    endloop
  endfacet
  facet normal 0.19509 0 0.980785
    outer loop
      vertex 2.58819 6 9.65926
      vertex 1.30526 10 9.91445
      vertex 1.30526 6 9.91445
    endloop
  endfacet
  facet normal 0.19509 0 0.980785
    outer loop
      vertex 1.30526 -6 9.91445
      vertex 2.58819 -10 9.65926
      vertex 2.58819 -6 9.65926
    endloop
  endfacet
  facet normal 0.19509 0 0.980785
    outer loop
      vertex 2.58819 -10 9.65926
      vertex 1.30526 -6 9.91445
      vertex 1.30526 -10 9.91445
    endloop
  endfacet
  facet normal 0.0654022 0 -0.997859
    outer loop
      vertex 0 -10 -10
      vertex 1.30526 10 -9.91445
      vertex 1.30526 -10 -9.91445
    endloop
  endfacet
  facet normal 0.0654022 0 -0.997859
    outer loop
      vertex 1.30526 10 -9.91445
      vertex 0 -10 -10
      vertex 0 10 -10
    endloop
  endfacet
  facet normal 0.946931 -0 0.321438
    outer loop
      vertex 9.2388 -10 3.82683
      vertex 9.65926 10 2.58819
      vertex 9.2388 10 3.82683
    endloop
  endfacet
  facet normal 0.946931 0 0.321438
    outer loop
      vertex 9.65926 10 2.58819
      vertex 9.2388 -10 3.82683
      vertex 9.65926 -10 2.58819
    endloop
  endfacet
  facet normal -0.896871 0 0.442293
    outer loop
      vertex -9.2388 10 3.82683
      vertex -8.66025 3 5
      vertex -8.66025 10 5
    endloop
  endfacet
  facet normal -0.896871 0 0.442293
    outer loop
      vertex -9.2388 10 3.82683
      vertex -8.66025 -3 5
      vertex -8.66025 3 5
    endloop
  endfacet
  facet normal -0.896871 0 0.442293
    outer loop
      vertex -9.2388 -10 3.82683
      vertex -8.66025 -3 5
      vertex -9.2388 10 3.82683
    endloop
  endfacet
  facet normal -0.896871 0 0.442293
    outer loop
      vertex -8.66025 -3 5
      vertex -9.2388 -10 3.82683
      vertex -8.66025 -10 5
    endloop
  endfacet
  facet normal 0.659341 0 -0.751844
    outer loop
      vertex 6.08761 -10 -7.93353
      vertex 7.07107 10 -7.07107
      vertex 7.07107 -10 -7.07107
    endloop
  endfacet
  facet normal 0.659341 0 -0.751844
    outer loop
      vertex 7.07107 10 -7.07107
      vertex 6.08761 -10 -7.93353
      vertex 6.08761 10 -7.93353
    endloop
  endfacet
  facet normal 0.321438 0 -0.946931
    outer loop
      vertex 2.58819 -10 -9.65926
      vertex 3.82683 10 -9.2388
      vertex 3.82683 -10 -9.2388
    endloop
  endfacet
  facet normal 0.321438 0 -0.946931
    outer loop
      vertex 3.82683 10 -9.2388
      vertex 2.58819 -10 -9.65926
      vertex 2.58819 10 -9.65926
    endloop
  endfacet
  facet normal -0.659341 0 -0.751844
    outer loop
      vertex -7.07107 -10 -7.07107
      vertex -6.08761 10 -7.93353
      vertex -6.08761 -10 -7.93353
    endloop
  endfacet
  facet normal -0.659341 0 -0.751844
    outer loop
      vertex -6.08761 10 -7.93353
      vertex -7.07107 -10 -7.07107
      vertex -7.07107 10 -7.07107
    endloop
  endfacet
  facet normal 0.751844 0 -0.659341
    outer loop
      vertex 7.93353 -10 -6.08761
      vertex 7.07107 10 -7.07107
      vertex 7.93353 10 -6.08761
    endloop
  endfacet
  facet normal 0.751844 0 -0.659341
    outer loop
      vertex 7.07107 10 -7.07107
      vertex 7.93353 -10 -6.08761
      vertex 7.07107 -10 -7.07107
    endloop
  endfacet
  facet normal -0.442293 0 0.896871
    outer loop
      vertex -5 -6 8.66025
      vertex -3.82683 -10 9.2388
      vertex -3.82683 -6 9.2388
    endloop
  endfacet
  facet normal -0.442293 0 0.896871
    outer loop
      vertex -3.82683 -10 9.2388
      vertex -5 -6 8.66025
      vertex -5 -10 8.66025
    endloop
  endfacet
  facet normal -0.442293 0 0.896871
    outer loop
      vertex -5 10 8.66025
      vertex -3.82683 6 9.2388
      vertex -3.82683 10 9.2388
    endloop
  endfacet
  facet normal -0.442293 0 0.896871
    outer loop
      vertex -3.82683 6 9.2388
      vertex -5 10 8.66025
      vertex -5 6 8.66025
    endloop
  endfacet
  facet normal -0.896871 0 -0.442293
    outer loop
      vertex -8.66025 -10 -5
      vertex -9.2388 10 -3.82683
      vertex -8.66025 10 -5
    endloop
  endfacet
  facet normal -0.896871 -0 -0.442293
    outer loop
      vertex -9.2388 10 -3.82683
      vertex -8.66025 -10 -5
      vertex -9.2388 -10 -3.82683
    endloop
  endfacet
  facet normal -0.659344 0 0.751842
    outer loop
      vertex -6.08761 10 7.93353
      vertex -7 6 7.13339
      vertex -6.08761 6 7.93353
    endloop
  endfacet
  facet normal -0.659341 -1.10946e-06 0.751844
    outer loop
      vertex -7.07107 10 7.07107
      vertex -7 6 7.13339
      vertex -6.08761 10 7.93353
    endloop
  endfacet
  facet normal -0.659306 0 0.751875
    outer loop
      vertex -7.07107 3 7.07107
      vertex -7 6 7.13339
      vertex -7.07107 10 7.07107
    endloop
  endfacet
  facet normal -0.659306 0 0.751875
    outer loop
      vertex -7 6 7.13339
      vertex -7.07107 3 7.07107
      vertex -7 3 7.13339
    endloop
  endfacet
  facet normal -0.659306 0 0.751875
    outer loop
      vertex -7 -3 7.13339
      vertex -7.07107 -3 7.07107
      vertex -7 -6 7.13339
    endloop
  endfacet
  facet normal -0.659344 0 0.751842
    outer loop
      vertex -7 -6 7.13339
      vertex -6.08761 -10 7.93353
      vertex -6.08761 -6 7.93353
    endloop
  endfacet
  facet normal -0.659341 1.10946e-06 0.751844
    outer loop
      vertex -7 -6 7.13339
      vertex -7.07107 -10 7.07107
      vertex -6.08761 -10 7.93353
    endloop
  endfacet
  facet normal -0.659306 0 0.751875
    outer loop
      vertex -7.07107 -10 7.07107
      vertex -7 -6 7.13339
      vertex -7.07107 -3 7.07107
    endloop
  endfacet
  facet normal -0.321438 0 0.946931
    outer loop
      vertex -3.82683 -6 9.2388
      vertex -2.58819 -10 9.65926
      vertex -2.58819 -6 9.65926
    endloop
  endfacet
  facet normal -0.321438 0 0.946931
    outer loop
      vertex -2.58819 -10 9.65926
      vertex -3.82683 -6 9.2388
      vertex -3.82683 -10 9.2388
    endloop
  endfacet
  facet normal -0.321438 0 0.946931
    outer loop
      vertex -3.82683 10 9.2388
      vertex -2.58819 6 9.65926
      vertex -2.58819 10 9.65926
    endloop
  endfacet
  facet normal -0.321438 0 0.946931
    outer loop
      vertex -2.58819 6 9.65926
      vertex -3.82683 10 9.2388
      vertex -3.82683 6 9.2388
    endloop
  endfacet
  facet normal 0.751844 -0 0.659341
    outer loop
      vertex 7.07107 3 7.07107
      vertex 7.93353 10 6.08761
      vertex 7.07107 10 7.07107
    endloop
  endfacet
  facet normal 0.751844 0 0.659341
    outer loop
      vertex 7.93353 10 6.08761
      vertex 7.07107 3 7.07107
      vertex 7.93353 3 6.08761
    endloop
  endfacet
  facet normal 0.751844 -0 0.659341
    outer loop
      vertex 7.07107 -10 7.07107
      vertex 7.93353 -3 6.08761
      vertex 7.07107 -3 7.07107
    endloop
  endfacet
  facet normal 0.751844 0 0.659341
    outer loop
      vertex 7.93353 -3 6.08761
      vertex 7.07107 -10 7.07107
      vertex 7.93353 -10 6.08761
    endloop
  endfacet
  facet normal -0.321438 0 -0.946931
    outer loop
      vertex -3.82683 -10 -9.2388
      vertex -2.58819 10 -9.65926
      vertex -2.58819 -10 -9.65926
    endloop
  endfacet
  facet normal -0.321438 0 -0.946931
    outer loop
      vertex -2.58819 10 -9.65926
      vertex -3.82683 -10 -9.2388
      vertex -3.82683 10 -9.2388
    endloop
  endfacet
  facet normal 0 -1 0
    outer loop
      vertex 0 -10 4
      vertex 0 -10 10
      vertex -1.30526 -10 9.91445
    endloop
  endfacet
  facet normal 0 -1 0
    outer loop
      vertex -0.522104 -10 3.96578
      vertex -1.30526 -10 9.91445
      vertex -2.58819 -10 9.65926
    endloop
  endfacet
  facet normal 0 -1 0
    outer loop
      vertex 0 -10 10
      vertex 0 -10 4
      vertex 1.30526 -10 9.91445
    endloop
  endfacet
  facet normal 0 -1 0
    outer loop
      vertex -1.03528 -10 3.8637
      vertex -2.58819 -10 9.65926
      vertex -3.82683 -10 9.2388
    endloop
  endfacet
  facet normal 0 -1 0
    outer loop
      vertex 0.522104 -10 3.96578
      vertex 1.30526 -10 9.91445
      vertex 0 -10 4
    endloop
  endfacet
  facet normal 0 -1 0
    outer loop
      vertex -1.53073 -10 3.69552
      vertex -3.82683 -10 9.2388
      vertex -5 -10 8.66025
    endloop
  endfacet
  facet normal 0 -1 -0
    outer loop
      vertex 1.30526 -10 9.91445
      vertex 0.522104 -10 3.96578
      vertex 2.58819 -10 9.65926
    endloop
  endfacet
  facet normal 0 -1 0
    outer loop
      vertex -2 -10 3.4641
      vertex -5 -10 8.66025
      vertex -6.08761 -10 7.93353
    endloop
  endfacet
  facet normal 0 -1 0
    outer loop
      vertex 1.03528 -10 3.8637
      vertex 2.58819 -10 9.65926
      vertex 0.522104 -10 3.96578
    endloop
  endfacet
  facet normal 0 -1 0
    outer loop
      vertex -2.43505 -10 3.17341
      vertex -6.08761 -10 7.93353
      vertex -7.07107 -10 7.07107
    endloop
  endfacet
  facet normal 0 -1 -0
    outer loop
      vertex 2.58819 -10 9.65926
      vertex 1.03528 -10 3.8637
      vertex 3.82683 -10 9.2388
    endloop
  endfacet
  facet normal 0 -1 0
    outer loop
      vertex -2.82843 -10 2.82843
      vertex -7.07107 -10 7.07107
      vertex -7.93353 -10 6.08761
    endloop
  endfacet
  facet normal 0 -1 0
    outer loop
      vertex 1.53073 -10 3.69552
      vertex 3.82683 -10 9.2388
      vertex 1.03528 -10 3.8637
    endloop
  endfacet
  facet normal 0 -1 0
    outer loop
      vertex -3.17341 -10 2.43505
      vertex -7.93353 -10 6.08761
      vertex -8.66025 -10 5
    endloop
  endfacet
  facet normal 0 -1 -0
    outer loop
      vertex 3.82683 -10 9.2388
      vertex 1.53073 -10 3.69552
      vertex 5 -10 8.66025
    endloop
  endfacet
  facet normal 0 -1 0
    outer loop
      vertex 2 -10 3.4641
      vertex 5 -10 8.66025
      vertex 1.53073 -10 3.69552
    endloop
  endfacet
  facet normal 0 -1 0
    outer loop
      vertex -1.30526 -10 9.91445
      vertex -0.522104 -10 3.96578
      vertex 0 -10 4
    endloop
  endfacet
  facet normal 0 -1 0
    outer loop
      vertex -2.58819 -10 9.65926
      vertex -1.03528 -10 3.8637
      vertex -0.522104 -10 3.96578
    endloop
  endfacet
  facet normal 0 -1 0
    outer loop
      vertex -3.4641 -10 2
      vertex -8.66025 -10 5
      vertex -9.2388 -10 3.82683
    endloop
  endfacet
  facet normal 0 -1 0
    outer loop
      vertex -3.82683 -10 9.2388
      vertex -1.53073 -10 3.69552
      vertex -1.03528 -10 3.8637
    endloop
  endfacet
  facet normal 0 -1 0
    outer loop
      vertex -5 -10 8.66025
      vertex -2 -10 3.4641
      vertex -1.53073 -10 3.69552
    endloop
  endfacet
  facet normal 0 -1 0
    outer loop
      vertex -6.08761 -10 7.93353
      vertex -2.43505 -10 3.17341
      vertex -2 -10 3.4641
    endloop
  endfacet
  facet normal 0 -1 0
    outer loop
      vertex -7.07107 -10 7.07107
      vertex -2.82843 -10 2.82843
      vertex -2.43505 -10 3.17341
    endloop
  endfacet
  facet normal 0 -1 0
    outer loop
      vertex -3.69552 -10 1.53073
      vertex -9.2388 -10 3.82683
      vertex -9.65926 -10 2.58819
    endloop
  endfacet
  facet normal 0 -1 0
    outer loop
      vertex -7.93353 -10 6.08761
      vertex -3.17341 -10 2.43505
      vertex -2.82843 -10 2.82843
    endloop
  endfacet
  facet normal 0 -1 0
    outer loop
      vertex -8.66025 -10 5
      vertex -3.4641 -10 2
      vertex -3.17341 -10 2.43505
    endloop
  endfacet
  facet normal 0 -1 0
    outer loop
      vertex -9.2388 -10 3.82683
      vertex -3.69552 -10 1.53073
      vertex -3.4641 -10 2
    endloop
  endfacet
  facet normal 0 -1 0
    outer loop
      vertex -3.8637 -10 1.03528
      vertex -9.65926 -10 2.58819
      vertex -9.91445 -10 1.30526
    endloop
  endfacet
  facet normal 0 -1 0
    outer loop
      vertex -9.65926 -10 2.58819
      vertex -3.8637 -10 1.03528
      vertex -3.69552 -10 1.53073
    endloop
  endfacet
  facet normal 0 -1 0
    outer loop
      vertex -9.91445 -10 1.30526
      vertex -3.96578 -10 0.522104
      vertex -3.8637 -10 1.03528
    endloop
  endfacet
  facet normal 0 -1 0
    outer loop
      vertex -10 -10 0
      vertex -3.96578 -10 0.522104
      vertex -9.91445 -10 1.30526
    endloop
  endfacet
  facet normal 0 -1 0
    outer loop
      vertex -10 -10 0
      vertex -4 -10 0
      vertex -3.96578 -10 0.522104
    endloop
  endfacet
  facet normal 0 -1 0
    outer loop
      vertex -10 -10 0
      vertex -3.96578 -10 -0.522104
      vertex -4 -10 0
    endloop
  endfacet
  facet normal 0 -1 0
    outer loop
      vertex -9.91445 -10 -1.30526
      vertex -3.96578 -10 -0.522104
      vertex -10 -10 0
    endloop
  endfacet
  facet normal 0 -1 -0
    outer loop
      vertex -3.96578 -10 -0.522104
      vertex -9.91445 -10 -1.30526
      vertex -3.8637 -10 -1.03528
    endloop
  endfacet
  facet normal 0 -1 0
    outer loop
      vertex -9.65926 -10 -2.58819
      vertex -3.8637 -10 -1.03528
      vertex -9.91445 -10 -1.30526
    endloop
  endfacet
  facet normal 0 -1 -0
    outer loop
      vertex -3.8637 -10 -1.03528
      vertex -9.65926 -10 -2.58819
      vertex -3.69552 -10 -1.53073
    endloop
  endfacet
  facet normal 0 -1 0
    outer loop
      vertex -9.2388 -10 -3.82683
      vertex -3.69552 -10 -1.53073
      vertex -9.65926 -10 -2.58819
    endloop
  endfacet
  facet normal 0 -1 -0
    outer loop
      vertex -3.69552 -10 -1.53073
      vertex -9.2388 -10 -3.82683
      vertex -3.4641 -10 -2
    endloop
  endfacet
  facet normal 0 -1 0
    outer loop
      vertex -8.66025 -10 -5
      vertex -3.4641 -10 -2
      vertex -9.2388 -10 -3.82683
    endloop
  endfacet
  facet normal 0 -1 -0
    outer loop
      vertex -3.4641 -10 -2
      vertex -8.66025 -10 -5
      vertex -3.17341 -10 -2.43505
    endloop
  endfacet
  facet normal 0 -1 0
    outer loop
      vertex -7.93353 -10 -6.08761
      vertex -3.17341 -10 -2.43505
      vertex -8.66025 -10 -5
    endloop
  endfacet
  facet normal 0 -1 -0
    outer loop
      vertex -3.17341 -10 -2.43505
      vertex -7.93353 -10 -6.08761
      vertex -2.82843 -10 -2.82843
    endloop
  endfacet
  facet normal 0 -1 0
    outer loop
      vertex -7.07107 -10 -7.07107
      vertex -2.82843 -10 -2.82843
      vertex -7.93353 -10 -6.08761
    endloop
  endfacet
  facet normal 0 -1 -0
    outer loop
      vertex -2.82843 -10 -2.82843
      vertex -7.07107 -10 -7.07107
      vertex -2.43505 -10 -3.17341
    endloop
  endfacet
  facet normal 0 -1 0
    outer loop
      vertex -6.08761 -10 -7.93353
      vertex -2.43505 -10 -3.17341
      vertex -7.07107 -10 -7.07107
    endloop
  endfacet
  facet normal 0 -1 -0
    outer loop
      vertex -2.43505 -10 -3.17341
      vertex -6.08761 -10 -7.93353
      vertex -2 -10 -3.4641
    endloop
  endfacet
  facet normal 0 -1 0
    outer loop
      vertex -5 -10 -8.66025
      vertex -2 -10 -3.4641
      vertex -6.08761 -10 -7.93353
    endloop
  endfacet
  facet normal 0 -1 -0
    outer loop
      vertex 5 -10 8.66025
      vertex 2 -10 3.4641
      vertex 6.08761 -10 7.93353
    endloop
  endfacet
  facet normal 0 -1 0
    outer loop
      vertex 2.43505 -10 3.17341
      vertex 6.08761 -10 7.93353
      vertex 2 -10 3.4641
    endloop
  endfacet
  facet normal 0 -1 -0
    outer loop
      vertex 6.08761 -10 7.93353
      vertex 2.43505 -10 3.17341
      vertex 7.07107 -10 7.07107
    endloop
  endfacet
  facet normal 0 -1 0
    outer loop
      vertex 2.82843 -10 2.82843
      vertex 7.07107 -10 7.07107
      vertex 2.43505 -10 3.17341
    endloop
  endfacet
  facet normal 0 -1 -0
    outer loop
      vertex 7.07107 -10 7.07107
      vertex 2.82843 -10 2.82843
      vertex 7.93353 -10 6.08761
    endloop
  endfacet
  facet normal 0 -1 0
    outer loop
      vertex 3.17341 -10 2.43505
      vertex 7.93353 -10 6.08761
      vertex 2.82843 -10 2.82843
    endloop
  endfacet
  facet normal 0 -1 -0
    outer loop
      vertex 7.93353 -10 6.08761
      vertex 3.17341 -10 2.43505
      vertex 8.66025 -10 5
    endloop
  endfacet
  facet normal 0 -1 0
    outer loop
      vertex 3.4641 -10 2
      vertex 8.66025 -10 5
      vertex 3.17341 -10 2.43505
    endloop
  endfacet
  facet normal 0 -1 -0
    outer loop
      vertex 8.66025 -10 5
      vertex 3.4641 -10 2
      vertex 9.2388 -10 3.82683
    endloop
  endfacet
  facet normal 0 -1 0
    outer loop
      vertex 3.69552 -10 1.53073
      vertex 9.2388 -10 3.82683
      vertex 3.4641 -10 2
    endloop
  endfacet
  facet normal 0 -1 -0
    outer loop
      vertex 9.2388 -10 3.82683
      vertex 3.69552 -10 1.53073
      vertex 9.65926 -10 2.58819
    endloop
  endfacet
  facet normal 0 -1 0
    outer loop
      vertex 3.8637 -10 1.03528
      vertex 9.65926 -10 2.58819
      vertex 3.69552 -10 1.53073
    endloop
  endfacet
  facet normal 0 -1 -0
    outer loop
      vertex 9.65926 -10 2.58819
      vertex 3.8637 -10 1.03528
      vertex 9.91445 -10 1.30526
    endloop
  endfacet
  facet normal 0 -1 0
    outer loop
      vertex 3.96578 -10 0.522104
      vertex 9.91445 -10 1.30526
      vertex 3.8637 -10 1.03528
    endloop
  endfacet
  facet normal 0 -1 0
    outer loop
      vertex 4 -10 0
      vertex 9.91445 -10 1.30526
      vertex 3.96578 -10 0.522104
    endloop
  endfacet
  facet normal 0 -1 0
    outer loop
      vertex 4 -10 0
      vertex 10 -10 0
      vertex 9.91445 -10 1.30526
    endloop
  endfacet
  facet normal 0 -1 0
    outer loop
      vertex 3.96578 -10 -0.522104
      vertex 10 -10 0
      vertex 4 -10 0
    endloop
  endfacet
  facet normal 0 -1 0
    outer loop
      vertex 9.91445 -10 -1.30526
      vertex 3.96578 -10 -0.522104
      vertex 3.8637 -10 -1.03528
    endloop
  endfacet
  facet normal 0 -1 0
    outer loop
      vertex 3.96578 -10 -0.522104
      vertex 9.91445 -10 -1.30526
      vertex 10 -10 0
    endloop
  endfacet
  facet normal 0 -1 0
    outer loop
      vertex 9.65926 -10 -2.58819
      vertex 3.8637 -10 -1.03528
      vertex 3.69552 -10 -1.53073
    endloop
  endfacet
  facet normal 0 -1 0
    outer loop
      vertex 9.2388 -10 -3.82683
      vertex 3.69552 -10 -1.53073
      vertex 3.4641 -10 -2
    endloop
  endfacet
  facet normal 0 -1 0
    outer loop
      vertex 8.66025 -10 -5
      vertex 3.4641 -10 -2
      vertex 3.17341 -10 -2.43505
    endloop
  endfacet
  facet normal 0 -1 0
    outer loop
      vertex 3.8637 -10 -1.03528
      vertex 9.65926 -10 -2.58819
      vertex 9.91445 -10 -1.30526
    endloop
  endfacet
  facet normal 0 -1 0
    outer loop
      vertex 7.93353 -10 -6.08761
      vertex 3.17341 -10 -2.43505
      vertex 2.82843 -10 -2.82843
    endloop
  endfacet
  facet normal 0 -1 0
    outer loop
      vertex 7.07107 -10 -7.07107
      vertex 2.82843 -10 -2.82843
      vertex 2.43505 -10 -3.17341
    endloop
  endfacet
  facet normal 0 -1 0
    outer loop
      vertex 6.08761 -10 -7.93353
      vertex 2.43505 -10 -3.17341
      vertex 2 -10 -3.4641
    endloop
  endfacet
  facet normal 0 -1 0
    outer loop
      vertex 5 -10 -8.66025
      vertex 2 -10 -3.4641
      vertex 1.53073 -10 -3.69552
    endloop
  endfacet
  facet normal 0 -1 0
    outer loop
      vertex 3.69552 -10 -1.53073
      vertex 9.2388 -10 -3.82683
      vertex 9.65926 -10 -2.58819
    endloop
  endfacet
  facet normal 0 -1 0
    outer loop
      vertex 3.82683 -10 -9.2388
      vertex 1.53073 -10 -3.69552
      vertex 1.03528 -10 -3.8637
    endloop
  endfacet
  facet normal 0 -1 0
    outer loop
      vertex 2.58819 -10 -9.65926
      vertex 1.03528 -10 -3.8637
      vertex 0.522104 -10 -3.96578
    endloop
  endfacet
  facet normal 0 -1 0
    outer loop
      vertex 1.30526 -10 -9.91445
      vertex 0.522104 -10 -3.96578
      vertex 0 -10 -4
    endloop
  endfacet
  facet normal 0 -1 -0
    outer loop
      vertex -2 -10 -3.4641
      vertex -5 -10 -8.66025
      vertex -1.53073 -10 -3.69552
    endloop
  endfacet
  facet normal 0 -1 0
    outer loop
      vertex 3.4641 -10 -2
      vertex 8.66025 -10 -5
      vertex 9.2388 -10 -3.82683
    endloop
  endfacet
  facet normal 0 -1 0
    outer loop
      vertex -3.82683 -10 -9.2388
      vertex -1.53073 -10 -3.69552
      vertex -5 -10 -8.66025
    endloop
  endfacet
  facet normal 0 -1 0
    outer loop
      vertex 3.17341 -10 -2.43505
      vertex 7.93353 -10 -6.08761
      vertex 8.66025 -10 -5
    endloop
  endfacet
  facet normal 0 -1 -0
    outer loop
      vertex -1.53073 -10 -3.69552
      vertex -3.82683 -10 -9.2388
      vertex -1.03528 -10 -3.8637
    endloop
  endfacet
  facet normal 0 -1 0
    outer loop
      vertex 2.82843 -10 -2.82843
      vertex 7.07107 -10 -7.07107
      vertex 7.93353 -10 -6.08761
    endloop
  endfacet
  facet normal 0 -1 0
    outer loop
      vertex -2.58819 -10 -9.65926
      vertex -1.03528 -10 -3.8637
      vertex -3.82683 -10 -9.2388
    endloop
  endfacet
  facet normal 0 -1 0
    outer loop
      vertex 2.43505 -10 -3.17341
      vertex 6.08761 -10 -7.93353
      vertex 7.07107 -10 -7.07107
    endloop
  endfacet
  facet normal 0 -1 -0
    outer loop
      vertex -1.03528 -10 -3.8637
      vertex -2.58819 -10 -9.65926
      vertex -0.522104 -10 -3.96578
    endloop
  endfacet
  facet normal 0 -1 0
    outer loop
      vertex 2 -10 -3.4641
      vertex 5 -10 -8.66025
      vertex 6.08761 -10 -7.93353
    endloop
  endfacet
  facet normal 0 -1 0
    outer loop
      vertex -1.30526 -10 -9.91445
      vertex -0.522104 -10 -3.96578
      vertex -2.58819 -10 -9.65926
    endloop
  endfacet
  facet normal 0 -1 0
    outer loop
      vertex 1.53073 -10 -3.69552
      vertex 3.82683 -10 -9.2388
      vertex 5 -10 -8.66025
    endloop
  endfacet
  facet normal 0 -1 -0
    outer loop
      vertex -0.522104 -10 -3.96578
      vertex -1.30526 -10 -9.91445
      vertex 0 -10 -4
    endloop
  endfacet
  facet normal 0 -1 0
    outer loop
      vertex 1.03528 -10 -3.8637
      vertex 2.58819 -10 -9.65926
      vertex 3.82683 -10 -9.2388
    endloop
  endfacet
  facet normal 0 -1 0
    outer loop
      vertex 0 -10 -10
      vertex 0 -10 -4
      vertex -1.30526 -10 -9.91445
    endloop
  endfacet
  facet normal 0 -1 0
    outer loop
      vertex 0.522104 -10 -3.96578
      vertex 1.30526 -10 -9.91445
      vertex 2.58819 -10 -9.65926
    endloop
  endfacet
  facet normal 0 -1 0
    outer loop
      vertex 0 -10 -4
      vertex 0 -10 -10
      vertex 1.30526 -10 -9.91445
    endloop
  endfacet
  facet normal 0.19509 0 -0.980785
    outer loop
      vertex 1.30526 -10 -9.91445
      vertex 2.58819 10 -9.65926
      vertex 2.58819 -10 -9.65926
    endloop
  endfacet
  facet normal 0.19509 0 -0.980785
    outer loop
      vertex 2.58819 10 -9.65926
      vertex 1.30526 -10 -9.91445
      vertex 1.30526 10 -9.91445
    endloop
  endfacet
  facet normal 0.980785 0 -0.19509
    outer loop
      vertex 9.91445 -10 -1.30526
      vertex 9.65926 10 -2.58819
      vertex 9.91445 10 -1.30526
    endloop
  endfacet
  facet normal 0.980785 0 -0.19509
    outer loop
      vertex 9.65926 10 -2.58819
      vertex 9.91445 -10 -1.30526
      vertex 9.65926 -10 -2.58819
    endloop
  endfacet
  facet normal -0.946931 0 -0.321438
    outer loop
      vertex -9.2388 -10 -3.82683
      vertex -9.65926 10 -2.58819
      vertex -9.2388 10 -3.82683
    endloop
  endfacet
  facet normal -0.946931 -0 -0.321438
    outer loop
      vertex -9.65926 10 -2.58819
      vertex -9.2388 -10 -3.82683
      vertex -9.65926 -10 -2.58819
    endloop
  endfacet
  facet normal -0.751844 0 -0.659341
    outer loop
      vertex -7.07107 -10 -7.07107
      vertex -7.93353 10 -6.08761
      vertex -7.07107 10 -7.07107
    endloop
  endfacet
  facet normal -0.751844 -0 -0.659341
    outer loop
      vertex -7.93353 10 -6.08761
      vertex -7.07107 -10 -7.07107
      vertex -7.93353 -10 -6.08761
    endloop
  endfacet
  facet normal 0.555571 0 0.831469
    outer loop
      vertex 5 10 8.66025
      vertex 6.08761 6 7.93353
      vertex 6.08761 10 7.93353
    endloop
  endfacet
  facet normal 0.555571 0 0.831469
    outer loop
      vertex 6.08761 6 7.93353
      vertex 5 10 8.66025
      vertex 5 6 8.66025
    endloop
  endfacet
  facet normal 0.555571 0 0.831469
    outer loop
      vertex 5 -6 8.66025
      vertex 6.08761 -10 7.93353
      vertex 6.08761 -6 7.93353
    endloop
  endfacet
  facet normal 0.555571 0 0.831469
    outer loop
      vertex 6.08761 -10 7.93353
      vertex 5 -6 8.66025
      vertex 5 -10 8.66025
    endloop
  endfacet
  facet normal 0.659306 0 0.751875
    outer loop
      vertex 7.07107 10 7.07107
      vertex 7 6 7.13339
      vertex 7.07107 3 7.07107
    endloop
  endfacet
  facet normal 0.659341 -1.10946e-06 0.751844
    outer loop
      vertex 6.08761 10 7.93353
      vertex 7 6 7.13339
      vertex 7.07107 10 7.07107
    endloop
  endfacet
  facet normal 0.659344 0 0.751842
    outer loop
      vertex 7 6 7.13339
      vertex 6.08761 10 7.93353
      vertex 6.08761 6 7.93353
    endloop
  endfacet
  facet normal 0.659306 0 0.751875
    outer loop
      vertex 7.07107 3 7.07107
      vertex 7 6 7.13339
      vertex 7 3 7.13339
    endloop
  endfacet
  facet normal 0.659306 -0 0.751875
    outer loop
      vertex 7 -6 7.13339
      vertex 7.07107 -3 7.07107
      vertex 7 -3 7.13339
    endloop
  endfacet
  facet normal 0.659306 0 0.751875
    outer loop
      vertex 7.07107 -3 7.07107
      vertex 7 -6 7.13339
      vertex 7.07107 -10 7.07107
    endloop
  endfacet
  facet normal 0.659344 -0 0.751842
    outer loop
      vertex 6.08761 -10 7.93353
      vertex 7 -6 7.13339
      vertex 6.08761 -6 7.93353
    endloop
  endfacet
  facet normal 0.659341 1.10946e-06 0.751844
    outer loop
      vertex 7 -6 7.13339
      vertex 6.08761 -10 7.93353
      vertex 7.07107 -10 7.07107
    endloop
  endfacet
  facet normal 0.442293 0 0.896871
    outer loop
      vertex 3.82683 -6 9.2388
      vertex 5 -10 8.66025
      vertex 5 -6 8.66025
    endloop
  endfacet
  facet normal 0.442293 0 0.896871
    outer loop
      vertex 5 -10 8.66025
      vertex 3.82683 -6 9.2388
      vertex 3.82683 -10 9.2388
    endloop
  endfacet
  facet normal 0.442293 0 0.896871
    outer loop
      vertex 3.82683 10 9.2388
      vertex 5 6 8.66025
      vertex 5 10 8.66025
    endloop
  endfacet
  facet normal 0.442293 0 0.896871
    outer loop
      vertex 5 6 8.66025
      vertex 3.82683 10 9.2388
      vertex 3.82683 6 9.2388
    endloop
  endfacet
  facet normal -0.19509 0 0.980785
    outer loop
      vertex -2.58819 10 9.65926
      vertex -1.30526 6 9.91445
      vertex -1.30526 10 9.91445
    endloop
  endfacet
  facet normal -0.19509 0 0.980785
    outer loop
      vertex -1.30526 6 9.91445
      vertex -2.58819 10 9.65926
      vertex -2.58819 6 9.65926
    endloop
  endfacet
  facet normal -0.19509 0 0.980785
    outer loop
      vertex -2.58819 -6 9.65926
      vertex -1.30526 -10 9.91445
      vertex -1.30526 -6 9.91445
    endloop
  endfacet
  facet normal -0.19509 0 0.980785
    outer loop
      vertex -1.30526 -10 9.91445
      vertex -2.58819 -6 9.65926
      vertex -2.58819 -10 9.65926
    endloop
  endfacet
  facet normal -0.0654022 0 -0.997859
    outer loop
      vertex -1.30526 -10 -9.91445
      vertex 0 10 -10
      vertex 0 -10 -10
    endloop
  endfacet
  facet normal -0.0654022 0 -0.997859
    outer loop
      vertex 0 10 -10
      vertex -1.30526 -10 -9.91445
      vertex -1.30526 10 -9.91445
    endloop
  endfacet
  facet normal -0.442293 0 -0.896871
    outer loop
      vertex -5 -10 -8.66025
      vertex -3.82683 10 -9.2388
      vertex -3.82683 -10 -9.2388
    endloop
  endfacet
  facet normal -0.442293 0 -0.896871
    outer loop
      vertex -3.82683 10 -9.2388
      vertex -5 -10 -8.66025
      vertex -5 10 -8.66025
    endloop
  endfacet
  facet normal -0.0654022 0 0.997859
    outer loop
      vertex -1.30526 -6 9.91445
      vertex 0 -10 10
      vertex 0 -6 10
    endloop
  endfacet
  facet normal -0.0654022 0 0.997859
    outer loop
      vertex 0 -10 10
      vertex -1.30526 -6 9.91445
      vertex -1.30526 -10 9.91445
    endloop
  endfacet
  facet normal -0.0654022 0 0.997859
    outer loop
      vertex -1.30526 10 9.91445
      vertex 0 6 10
      vertex 0 10 10
    endloop
  endfacet
  facet normal -0.0654022 0 0.997859
    outer loop
      vertex 0 6 10
      vertex -1.30526 10 9.91445
      vertex -1.30526 6 9.91445
    endloop
  endfacet
  facet normal -0.946931 0 0.321438
    outer loop
      vertex -9.65926 -10 2.58819
      vertex -9.2388 10 3.82683
      vertex -9.65926 10 2.58819
    endloop
  endfacet
  facet normal -0.946931 0 0.321438
    outer loop
      vertex -9.2388 10 3.82683
      vertex -9.65926 -10 2.58819
      vertex -9.2388 -10 3.82683
    endloop
  endfacet
  facet normal 0 1 0
    outer loop
      vertex 0 10 4
      vertex 0 10 10
      vertex 1.30526 10 9.91445
    endloop
  endfacet
  facet normal 0 1 0
    outer loop
      vertex 0.522104 10 3.96578
      vertex 1.30526 10 9.91445
      vertex 2.58819 10 9.65926
    endloop
  endfacet
  facet normal 0 1 0
    outer loop
      vertex 0 10 10
      vertex 0 10 4
      vertex -1.30526 10 9.91445
    endloop
  endfacet
  facet normal 0 1 0
    outer loop
      vertex 1.03528 10 3.8637
      vertex 2.58819 10 9.65926
      vertex 3.82683 10 9.2388
    endloop
  endfacet
  facet normal 0 1 -0
    outer loop
      vertex -0.522104 10 3.96578
      vertex -1.30526 10 9.91445
      vertex 0 10 4
    endloop
  endfacet
  facet normal 0 1 0
    outer loop
      vertex 1.53073 10 3.69552
      vertex 3.82683 10 9.2388
      vertex 5 10 8.66025
    endloop
  endfacet
  facet normal 0 1 0
    outer loop
      vertex -1.30526 10 9.91445
      vertex -0.522104 10 3.96578
      vertex -2.58819 10 9.65926
    endloop
  endfacet
  facet normal 0 1 0
    outer loop
      vertex 2 10 3.4641
      vertex 5 10 8.66025
      vertex 6.08761 10 7.93353
    endloop
  endfacet
  facet normal 0 1 -0
    outer loop
      vertex -1.03528 10 3.8637
      vertex -2.58819 10 9.65926
      vertex -0.522104 10 3.96578
    endloop
  endfacet
  facet normal 0 1 0
    outer loop
      vertex 2.43505 10 3.17341
      vertex 6.08761 10 7.93353
      vertex 7.07107 10 7.07107
    endloop
  endfacet
  facet normal 0 1 0
    outer loop
      vertex -2.58819 10 9.65926
      vertex -1.03528 10 3.8637
      vertex -3.82683 10 9.2388
    endloop
  endfacet
  facet normal 0 1 0
    outer loop
      vertex 2.82843 10 2.82843
      vertex 7.07107 10 7.07107
      vertex 7.93353 10 6.08761
    endloop
  endfacet
  facet normal 0 1 -0
    outer loop
      vertex -1.53073 10 3.69552
      vertex -3.82683 10 9.2388
      vertex -1.03528 10 3.8637
    endloop
  endfacet
  facet normal 0 1 0
    outer loop
      vertex 3.17341 10 2.43505
      vertex 7.93353 10 6.08761
      vertex 8.66025 10 5
    endloop
  endfacet
  facet normal 0 1 0
    outer loop
      vertex -3.82683 10 9.2388
      vertex -1.53073 10 3.69552
      vertex -5 10 8.66025
    endloop
  endfacet
  facet normal 0 1 -0
    outer loop
      vertex -2 10 3.4641
      vertex -5 10 8.66025
      vertex -1.53073 10 3.69552
    endloop
  endfacet
  facet normal 0 1 0
    outer loop
      vertex 1.30526 10 9.91445
      vertex 0.522104 10 3.96578
      vertex 0 10 4
    endloop
  endfacet
  facet normal 0 1 0
    outer loop
      vertex 2.58819 10 9.65926
      vertex 1.03528 10 3.8637
      vertex 0.522104 10 3.96578
    endloop
  endfacet
  facet normal 0 1 0
    outer loop
      vertex 3.4641 10 2
      vertex 8.66025 10 5
      vertex 9.2388 10 3.82683
    endloop
  endfacet
  facet normal 0 1 0
    outer loop
      vertex 3.82683 10 9.2388
      vertex 1.53073 10 3.69552
      vertex 1.03528 10 3.8637
    endloop
  endfacet
  facet normal 0 1 0
    outer loop
      vertex 5 10 8.66025
      vertex 2 10 3.4641
      vertex 1.53073 10 3.69552
    endloop
  endfacet
  facet normal 0 1 0
    outer loop
      vertex 6.08761 10 7.93353
      vertex 2.43505 10 3.17341
      vertex 2 10 3.4641
    endloop
  endfacet
  facet normal 0 1 0
    outer loop
      vertex 7.07107 10 7.07107
      vertex 2.82843 10 2.82843
      vertex 2.43505 10 3.17341
    endloop
  endfacet
  facet normal 0 1 0
    outer loop
      vertex 3.69552 10 1.53073
      vertex 9.2388 10 3.82683
      vertex 9.65926 10 2.58819
    endloop
  endfacet
  facet normal 0 1 0
    outer loop
      vertex 7.93353 10 6.08761
      vertex 3.17341 10 2.43505
      vertex 2.82843 10 2.82843
    endloop
  endfacet
  facet normal 0 1 0
    outer loop
      vertex 8.66025 10 5
      vertex 3.4641 10 2
      vertex 3.17341 10 2.43505
    endloop
  endfacet
  facet normal 0 1 0
    outer loop
      vertex 9.2388 10 3.82683
      vertex 3.69552 10 1.53073
      vertex 3.4641 10 2
    endloop
  endfacet
  facet normal 0 1 0
    outer loop
      vertex 3.8637 10 1.03528
      vertex 9.65926 10 2.58819
      vertex 9.91445 10 1.30526
    endloop
  endfacet
  facet normal 0 1 0
    outer loop
      vertex 9.65926 10 2.58819
      vertex 3.8637 10 1.03528
      vertex 3.69552 10 1.53073
    endloop
  endfacet
  facet normal 0 1 0
    outer loop
      vertex 9.91445 10 1.30526
      vertex 3.96578 10 0.522104
      vertex 3.8637 10 1.03528
    endloop
  endfacet
  facet normal 0 1 0
    outer loop
      vertex 10 10 0
      vertex 3.96578 10 0.522104
      vertex 9.91445 10 1.30526
    endloop
  endfacet
  facet normal 0 1 0
    outer loop
      vertex 10 10 0
      vertex 4 10 0
      vertex 3.96578 10 0.522104
    endloop
  endfacet
  facet normal 0 1 0
    outer loop
      vertex 10 10 0
      vertex 3.96578 10 -0.522104
      vertex 4 10 0
    endloop
  endfacet
  facet normal 0 1 -0
    outer loop
      vertex 9.91445 10 -1.30526
      vertex 3.96578 10 -0.522104
      vertex 10 10 0
    endloop
  endfacet
  facet normal 0 1 0
    outer loop
      vertex 3.96578 10 -0.522104
      vertex 9.91445 10 -1.30526
      vertex 3.8637 10 -1.03528
    endloop
  endfacet
  facet normal 0 1 -0
    outer loop
      vertex 9.65926 10 -2.58819
      vertex 3.8637 10 -1.03528
      vertex 9.91445 10 -1.30526
    endloop
  endfacet
  facet normal 0 1 0
    outer loop
      vertex 3.8637 10 -1.03528
      vertex 9.65926 10 -2.58819
      vertex 3.69552 10 -1.53073
    endloop
  endfacet
  facet normal 0 1 -0
    outer loop
      vertex 9.2388 10 -3.82683
      vertex 3.69552 10 -1.53073
      vertex 9.65926 10 -2.58819
    endloop
  endfacet
  facet normal 0 1 0
    outer loop
      vertex 3.69552 10 -1.53073
      vertex 9.2388 10 -3.82683
      vertex 3.4641 10 -2
    endloop
  endfacet
  facet normal 0 1 -0
    outer loop
      vertex 8.66025 10 -5
      vertex 3.4641 10 -2
      vertex 9.2388 10 -3.82683
    endloop
  endfacet
  facet normal 0 1 0
    outer loop
      vertex 3.4641 10 -2
      vertex 8.66025 10 -5
      vertex 3.17341 10 -2.43505
    endloop
  endfacet
  facet normal 0 1 -0
    outer loop
      vertex 7.93353 10 -6.08761
      vertex 3.17341 10 -2.43505
      vertex 8.66025 10 -5
    endloop
  endfacet
  facet normal 0 1 0
    outer loop
      vertex 3.17341 10 -2.43505
      vertex 7.93353 10 -6.08761
      vertex 2.82843 10 -2.82843
    endloop
  endfacet
  facet normal 0 1 -0
    outer loop
      vertex 7.07107 10 -7.07107
      vertex 2.82843 10 -2.82843
      vertex 7.93353 10 -6.08761
    endloop
  endfacet
  facet normal 0 1 0
    outer loop
      vertex 2.82843 10 -2.82843
      vertex 7.07107 10 -7.07107
      vertex 2.43505 10 -3.17341
    endloop
  endfacet
  facet normal 0 1 -0
    outer loop
      vertex 6.08761 10 -7.93353
      vertex 2.43505 10 -3.17341
      vertex 7.07107 10 -7.07107
    endloop
  endfacet
  facet normal 0 1 0
    outer loop
      vertex 2.43505 10 -3.17341
      vertex 6.08761 10 -7.93353
      vertex 2 10 -3.4641
    endloop
  endfacet
  facet normal 0 1 -0
    outer loop
      vertex 5 10 -8.66025
      vertex 2 10 -3.4641
      vertex 6.08761 10 -7.93353
    endloop
  endfacet
  facet normal 0 1 0
    outer loop
      vertex -5 10 8.66025
      vertex -2 10 3.4641
      vertex -6.08761 10 7.93353
    endloop
  endfacet
  facet normal 0 1 -0
    outer loop
      vertex -2.43505 10 3.17341
      vertex -6.08761 10 7.93353
      vertex -2 10 3.4641
    endloop
  endfacet
  facet normal 0 1 0
    outer loop
      vertex -6.08761 10 7.93353
      vertex -2.43505 10 3.17341
      vertex -7.07107 10 7.07107
    endloop
  endfacet
  facet normal 0 1 -0
    outer loop
      vertex -2.82843 10 2.82843
      vertex -7.07107 10 7.07107
      vertex -2.43505 10 3.17341
    endloop
  endfacet
  facet normal 0 1 0
    outer loop
      vertex -7.07107 10 7.07107
      vertex -2.82843 10 2.82843
      vertex -7.93353 10 6.08761
    endloop
  endfacet
  facet normal 0 1 -0
    outer loop
      vertex -3.17341 10 2.43505
      vertex -7.93353 10 6.08761
      vertex -2.82843 10 2.82843
    endloop
  endfacet
  facet normal 0 1 0
    outer loop
      vertex -7.93353 10 6.08761
      vertex -3.17341 10 2.43505
      vertex -8.66025 10 5
    endloop
  endfacet
  facet normal 0 1 -0
    outer loop
      vertex -3.4641 10 2
      vertex -8.66025 10 5
      vertex -3.17341 10 2.43505
    endloop
  endfacet
  facet normal 0 1 0
    outer loop
      vertex -8.66025 10 5
      vertex -3.4641 10 2
      vertex -9.2388 10 3.82683
    endloop
  endfacet
  facet normal 0 1 -0
    outer loop
      vertex -3.69552 10 1.53073
      vertex -9.2388 10 3.82683
      vertex -3.4641 10 2
    endloop
  endfacet
  facet normal 0 1 0
    outer loop
      vertex -9.2388 10 3.82683
      vertex -3.69552 10 1.53073
      vertex -9.65926 10 2.58819
    endloop
  endfacet
  facet normal 0 1 -0
    outer loop
      vertex -3.8637 10 1.03528
      vertex -9.65926 10 2.58819
      vertex -3.69552 10 1.53073
    endloop
  endfacet
  facet normal 0 1 0
    outer loop
      vertex -9.65926 10 2.58819
      vertex -3.8637 10 1.03528
      vertex -9.91445 10 1.30526
    endloop
  endfacet
  facet normal 0 1 -0
    outer loop
      vertex -3.96578 10 0.522104
      vertex -9.91445 10 1.30526
      vertex -3.8637 10 1.03528
    endloop
  endfacet
  facet normal 0 1 -0
    outer loop
      vertex -4 10 0
      vertex -9.91445 10 1.30526
      vertex -3.96578 10 0.522104
    endloop
  endfacet
  facet normal 0 1 0
    outer loop
      vertex -4 10 0
      vertex -10 10 0
      vertex -9.91445 10 1.30526
    endloop
  endfacet
  facet normal 0 1 0
    outer loop
      vertex -3.96578 10 -0.522104
      vertex -10 10 0
      vertex -4 10 0
    endloop
  endfacet
  facet normal 0 1 0
    outer loop
      vertex -9.91445 10 -1.30526
      vertex -3.96578 10 -0.522104
      vertex -3.8637 10 -1.03528
    endloop
  endfacet
  facet normal 0 1 0
    outer loop
      vertex -3.96578 10 -0.522104
      vertex -9.91445 10 -1.30526
      vertex -10 10 0
    endloop
  endfacet
  facet normal 0 1 0
    outer loop
      vertex -9.65926 10 -2.58819
      vertex -3.8637 10 -1.03528
      vertex -3.69552 10 -1.53073
    endloop
  endfacet
  facet normal 0 1 0
    outer loop
      vertex -9.2388 10 -3.82683
      vertex -3.69552 10 -1.53073
      vertex -3.4641 10 -2
    endloop
  endfacet
  facet normal 0 1 0
    outer loop
      vertex -8.66025 10 -5
      vertex -3.4641 10 -2
      vertex -3.17341 10 -2.43505
    endloop
  endfacet
  facet normal 0 1 0
    outer loop
      vertex -3.8637 10 -1.03528
      vertex -9.65926 10 -2.58819
      vertex -9.91445 10 -1.30526
    endloop
  endfacet
  facet normal 0 1 0
    outer loop
      vertex -7.93353 10 -6.08761
      vertex -3.17341 10 -2.43505
      vertex -2.82843 10 -2.82843
    endloop
  endfacet
  facet normal 0 1 0
    outer loop
      vertex -7.07107 10 -7.07107
      vertex -2.82843 10 -2.82843
      vertex -2.43505 10 -3.17341
    endloop
  endfacet
  facet normal 0 1 0
    outer loop
      vertex -6.08761 10 -7.93353
      vertex -2.43505 10 -3.17341
      vertex -2 10 -3.4641
    endloop
  endfacet
  facet normal 0 1 0
    outer loop
      vertex -5 10 -8.66025
      vertex -2 10 -3.4641
      vertex -1.53073 10 -3.69552
    endloop
  endfacet
  facet normal 0 1 0
    outer loop
      vertex -3.69552 10 -1.53073
      vertex -9.2388 10 -3.82683
      vertex -9.65926 10 -2.58819
    endloop
  endfacet
  facet normal 0 1 0
    outer loop
      vertex -3.82683 10 -9.2388
      vertex -1.53073 10 -3.69552
      vertex -1.03528 10 -3.8637
    endloop
  endfacet
  facet normal 0 1 0
    outer loop
      vertex -2.58819 10 -9.65926
      vertex -1.03528 10 -3.8637
      vertex -0.522104 10 -3.96578
    endloop
  endfacet
  facet normal 0 1 0
    outer loop
      vertex -1.30526 10 -9.91445
      vertex -0.522104 10 -3.96578
      vertex 0 10 -4
    endloop
  endfacet
  facet normal 0 1 0
    outer loop
      vertex 2 10 -3.4641
      vertex 5 10 -8.66025
      vertex 1.53073 10 -3.69552
    endloop
  endfacet
  facet normal 0 1 0
    outer loop
      vertex -3.4641 10 -2
      vertex -8.66025 10 -5
      vertex -9.2388 10 -3.82683
    endloop
  endfacet
  facet normal 0 1 -0
    outer loop
      vertex 3.82683 10 -9.2388
      vertex 1.53073 10 -3.69552
      vertex 5 10 -8.66025
    endloop
  endfacet
  facet normal 0 1 0
    outer loop
      vertex -3.17341 10 -2.43505
      vertex -7.93353 10 -6.08761
      vertex -8.66025 10 -5
    endloop
  endfacet
  facet normal 0 1 0
    outer loop
      vertex 1.53073 10 -3.69552
      vertex 3.82683 10 -9.2388
      vertex 1.03528 10 -3.8637
    endloop
  endfacet
  facet normal 0 1 0
    outer loop
      vertex -2.82843 10 -2.82843
      vertex -7.07107 10 -7.07107
      vertex -7.93353 10 -6.08761
    endloop
  endfacet
  facet normal 0 1 -0
    outer loop
      vertex 2.58819 10 -9.65926
      vertex 1.03528 10 -3.8637
      vertex 3.82683 10 -9.2388
    endloop
  endfacet
  facet normal 0 1 0
    outer loop
      vertex -2.43505 10 -3.17341
      vertex -6.08761 10 -7.93353
      vertex -7.07107 10 -7.07107
    endloop
  endfacet
  facet normal 0 1 0
    outer loop
      vertex 1.03528 10 -3.8637
      vertex 2.58819 10 -9.65926
      vertex 0.522104 10 -3.96578
    endloop
  endfacet
  facet normal 0 1 0
    outer loop
      vertex -2 10 -3.4641
      vertex -5 10 -8.66025
      vertex -6.08761 10 -7.93353
    endloop
  endfacet
  facet normal 0 1 -0
    outer loop
      vertex 1.30526 10 -9.91445
      vertex 0.522104 10 -3.96578
      vertex 2.58819 10 -9.65926
    endloop
  endfacet
  facet normal 0 1 0
    outer loop
      vertex -1.53073 10 -3.69552
      vertex -3.82683 10 -9.2388
      vertex -5 10 -8.66025
    endloop
  endfacet
  facet normal 0 1 0
    outer loop
      vertex 0.522104 10 -3.96578
      vertex 1.30526 10 -9.91445
      vertex 0 10 -4
    endloop
  endfacet
  facet normal 0 1 0
    outer loop
      vertex -1.03528 10 -3.8637
      vertex -2.58819 10 -9.65926
      vertex -3.82683 10 -9.2388
    endloop
  endfacet
  facet normal 0 1 0
    outer loop
      vertex 0 10 -10
      vertex 0 10 -4
      vertex 1.30526 10 -9.91445
    endloop
  endfacet
  facet normal 0 1 0
    outer loop
      vertex -0.522104 10 -3.96578
      vertex -1.30526 10 -9.91445
      vertex -2.58819 10 -9.65926
    endloop
  endfacet
  facet normal 0 1 0
    outer loop
      vertex 0 10 -4
      vertex 0 10 -10
      vertex -1.30526 10 -9.91445
    endloop
  endfacet
  facet normal 0.831469 -0 0.555571
    outer loop
      vertex 7.93353 3 6.08761
      vertex 8.66025 10 5
      vertex 7.93353 10 6.08761
    endloop
  endfacet
  facet normal 0.831469 0 0.555571
    outer loop
      vertex 8.66025 10 5
      vertex 7.93353 3 6.08761
      vertex 8.66025 3 5
    endloop
  endfacet
  facet normal 0.831469 -0 0.555571
    outer loop
      vertex 7.93353 -10 6.08761
      vertex 8.66025 -3 5
      vertex 7.93353 -3 6.08761
    endloop
  endfacet
  facet normal 0.831469 0 0.555571
    outer loop
      vertex 8.66025 -3 5
      vertex 7.93353 -10 6.08761
      vertex 8.66025 -10 5
    endloop
  endfacet
  facet normal 0.442293 0 -0.896871
    outer loop
      vertex 3.82683 -10 -9.2388
      vertex 5 10 -8.66025
      vertex 5 -10 -8.66025
    endloop
  endfacet
  facet normal 0.442293 0 -0.896871
    outer loop
      vertex 5 10 -8.66025
      vertex 3.82683 -10 -9.2388
      vertex 3.82683 10 -9.2388
    endloop
  endfacet
  facet normal -0.997859 0 -0.0654022
    outer loop
      vertex -9.91445 -10 -1.30526
      vertex -10 10 0
      vertex -9.91445 10 -1.30526
    endloop
  endfacet
  facet normal -0.997859 -0 -0.0654022
    outer loop
      vertex -10 10 0
      vertex -9.91445 -10 -1.30526
      vertex -10 -10 0
    endloop
  endfacet
  facet normal 0.831469 0 -0.555571
    outer loop
      vertex 8.66025 -10 -5
      vertex 7.93353 10 -6.08761
      vertex 8.66025 10 -5
    endloop
  endfacet
  facet normal 0.831469 0 -0.555571
    outer loop
      vertex 7.93353 10 -6.08761
      vertex 8.66025 -10 -5
      vertex 7.93353 -10 -6.08761
    endloop
  endfacet
  facet normal 0.946931 0 -0.321438
    outer loop
      vertex 9.65926 -10 -2.58819
      vertex 9.2388 10 -3.82683
      vertex 9.65926 10 -2.58819
    endloop
  endfacet
  facet normal 0.946931 0 -0.321438
    outer loop
      vertex 9.2388 10 -3.82683
      vertex 9.65926 -10 -2.58819
      vertex 9.2388 -10 -3.82683
    endloop
  endfacet
  facet normal -0.980785 0 0.19509
    outer loop
      vertex -9.91445 -10 1.30526
      vertex -9.65926 10 2.58819
      vertex -9.91445 10 1.30526
    endloop
  endfacet
  facet normal -0.980785 0 0.19509
    outer loop
      vertex -9.65926 10 2.58819
      vertex -9.91445 -10 1.30526
      vertex -9.65926 -10 2.58819
    endloop
  endfacet
  facet normal -0.555571 0 -0.831469
    outer loop
      vertex -6.08761 -10 -7.93353
      vertex -5 10 -8.66025
      vertex -5 -10 -8.66025
    endloop
  endfacet
  facet normal -0.555571 0 -0.831469
    outer loop
      vertex -5 10 -8.66025
      vertex -6.08761 -10 -7.93353
      vertex -6.08761 10 -7.93353
    endloop
  endfacet
  facet normal -0.555571 0 0.831469
    outer loop
      vertex -6.08761 10 7.93353
      vertex -5 6 8.66025
      vertex -5 10 8.66025
    endloop
  endfacet
  facet normal -0.555571 0 0.831469
    outer loop
      vertex -5 6 8.66025
      vertex -6.08761 10 7.93353
      vertex -6.08761 6 7.93353
    endloop
  endfacet
  facet normal -0.555571 0 0.831469
    outer loop
      vertex -6.08761 -6 7.93353
      vertex -5 -10 8.66025
      vertex -5 -6 8.66025
    endloop
  endfacet
  facet normal -0.555571 0 0.831469
    outer loop
      vertex -5 -10 8.66025
      vertex -6.08761 -6 7.93353
      vertex -6.08761 -10 7.93353
    endloop
  endfacet
  facet normal 0.997859 0 -0.0654022
    outer loop
      vertex 10 -10 0
      vertex 9.91445 10 -1.30526
      vertex 10 10 0
    endloop
  endfacet
  facet normal 0.997859 0 -0.0654022
    outer loop
      vertex 9.91445 10 -1.30526
      vertex 10 -10 0
      vertex 9.91445 -10 -1.30526
    endloop
  endfacet
  facet normal 0.0654022 0 0.997859
    outer loop
      vertex 0 -6 10
      vertex 1.30526 -10 9.91445
      vertex 1.30526 -6 9.91445
    endloop
  endfacet
  facet normal 0.0654022 0 0.997859
    outer loop
      vertex 1.30526 -10 9.91445
      vertex 0 -6 10
      vertex 0 -10 10
    endloop
  endfacet
  facet normal 0.0654022 0 0.997859
    outer loop
      vertex 0 10 10
      vertex 1.30526 6 9.91445
      vertex 1.30526 10 9.91445
    endloop
  endfacet
  facet normal 0.0654022 0 0.997859
    outer loop
      vertex 1.30526 6 9.91445
      vertex 0 10 10
      vertex 0 6 10
    endloop
  endfacet
  facet normal -0.19509 0 -0.980785
    outer loop
      vertex -2.58819 -10 -9.65926
      vertex -1.30526 10 -9.91445
      vertex -1.30526 -10 -9.91445
    endloop
  endfacet
  facet normal -0.19509 0 -0.980785
    outer loop
      vertex -1.30526 10 -9.91445
      vertex -2.58819 -10 -9.65926
      vertex -2.58819 10 -9.65926
    endloop
  endfacet
  facet normal -0.980785 0 -0.19509
    outer loop
      vertex -9.65926 -10 -2.58819
      vertex -9.91445 10 -1.30526
      vertex -9.65926 10 -2.58819
    endloop
  endfacet
  facet normal -0.980785 -0 -0.19509
    outer loop
      vertex -9.91445 10 -1.30526
      vertex -9.65926 -10 -2.58819
      vertex -9.91445 -10 -1.30526
    endloop
  endfacet
  facet normal -0.831469 0 -0.555571
    outer loop
      vertex -7.93353 -10 -6.08761
      vertex -8.66025 10 -5
      vertex -7.93353 10 -6.08761
    endloop
  endfacet
  facet normal -0.831469 -0 -0.555571
    outer loop
      vertex -8.66025 10 -5
      vertex -7.93353 -10 -6.08761
      vertex -8.66025 -10 -5
    endloop
  endfacet
  facet normal 0.555571 0 -0.831469
    outer loop
      vertex 5 -10 -8.66025
      vertex 6.08761 10 -7.93353
      vertex 6.08761 -10 -7.93353
    endloop
  endfacet
  facet normal 0.555571 0 -0.831469
    outer loop
      vertex 6.08761 10 -7.93353
      vertex 5 -10 -8.66025
      vertex 5 10 -8.66025
    endloop
  endfacet
  facet normal -0.831469 0 0.555571
    outer loop
      vertex -8.66025 -10 5
      vertex -7.93353 -3 6.08761
      vertex -8.66025 -3 5
    endloop
  endfacet
  facet normal -0.831469 0 0.555571
    outer loop
      vertex -7.93353 -3 6.08761
      vertex -8.66025 -10 5
      vertex -7.93353 -10 6.08761
    endloop
  endfacet
  facet normal -0.831469 0 0.555571
    outer loop
      vertex -8.66025 3 5
      vertex -7.93353 10 6.08761
      vertex -8.66025 10 5
    endloop
  endfacet
  facet normal -0.831469 0 0.555571
    outer loop
      vertex -7.93353 10 6.08761
      vertex -8.66025 3 5
      vertex -7.93353 3 6.08761
    endloop
  endfacet
  facet normal -0.751844 0 0.659341
    outer loop
      vertex -7.93353 3 6.08761
      vertex -7.07107 10 7.07107
      vertex -7.93353 10 6.08761
    endloop
  endfacet
  facet normal -0.751844 0 0.659341
    outer loop
      vertex -7.07107 10 7.07107
      vertex -7.93353 3 6.08761
      vertex -7.07107 3 7.07107
    endloop
  endfacet
  facet normal -0.751844 0 0.659341
    outer loop
      vertex -7.93353 -10 6.08761
      vertex -7.07107 -3 7.07107
      vertex -7.93353 -3 6.08761
    endloop
  endfacet
  facet normal -0.751844 0 0.659341
    outer loop
      vertex -7.07107 -3 7.07107
      vertex -7.93353 -10 6.08761
      vertex -7.07107 -10 7.07107
    endloop
  endfacet
  facet normal 0.980784 -0 0.195096
    outer loop
      vertex 3.8637 -11 1.03528
      vertex 3.96578 -10 0.522104
      vertex 3.8637 -10 1.03528
    endloop
  endfacet
  facet normal 0.980784 0 0.195096
    outer loop
      vertex 3.96578 -10 0.522104
      vertex 3.8637 -11 1.03528
      vertex 3.96578 -11 0.522104
    endloop
  endfacet
  facet normal 0.980784 -0 0.195096
    outer loop
      vertex 3.8637 10 1.03528
      vertex 3.96578 11 0.522104
      vertex 3.8637 11 1.03528
    endloop
  endfacet
  facet normal 0.980784 0 0.195096
    outer loop
      vertex 3.96578 11 0.522104
      vertex 3.8637 10 1.03528
      vertex 3.96578 10 0.522104
    endloop
  endfacet
  facet normal 0.997859 -0 0.0654022
    outer loop
      vertex 3.96578 10 0.522104
      vertex 4 11 0
      vertex 3.96578 11 0.522104
    endloop
  endfacet
  facet normal 0.997859 0 0.0654022
    outer loop
      vertex 4 11 0
      vertex 3.96578 10 0.522104
      vertex 4 10 0
    endloop
  endfacet
  facet normal 0.997859 -0 0.0654022
    outer loop
      vertex 3.96578 -11 0.522104
      vertex 4 -10 0
      vertex 3.96578 -10 0.522104
    endloop
  endfacet
  facet normal 0.997859 0 0.0654022
    outer loop
      vertex 4 -10 0
      vertex 3.96578 -11 0.522104
      vertex 4 -11 0
    endloop
  endfacet
  facet normal -0.896871 0 0.442291
    outer loop
      vertex -3.69552 10 1.53073
      vertex -3.4641 11 2
      vertex -3.69552 11 1.53073
    endloop
  endfacet
  facet normal -0.896871 0 0.442291
    outer loop
      vertex -3.4641 11 2
      vertex -3.69552 10 1.53073
      vertex -3.4641 10 2
    endloop
  endfacet
  facet normal -0.896871 0 0.442291
    outer loop
      vertex -3.69552 -11 1.53073
      vertex -3.4641 -10 2
      vertex -3.69552 -10 1.53073
    endloop
  endfacet
  facet normal -0.896871 0 0.442291
    outer loop
      vertex -3.4641 -10 2
      vertex -3.69552 -11 1.53073
      vertex -3.4641 -11 2
    endloop
  endfacet
  facet normal 0.442291 0 0.896871
    outer loop
      vertex 1.53073 11 3.69552
      vertex 2 10 3.4641
      vertex 2 11 3.4641
    endloop
  endfacet
  facet normal 0.442291 0 0.896871
    outer loop
      vertex 2 10 3.4641
      vertex 1.53073 11 3.69552
      vertex 1.53073 10 3.69552
    endloop
  endfacet
  facet normal 0.442291 0 0.896871
    outer loop
      vertex 1.53073 -10 3.69552
      vertex 2 -11 3.4641
      vertex 2 -10 3.4641
    endloop
  endfacet
  facet normal 0.442291 0 0.896871
    outer loop
      vertex 2 -11 3.4641
      vertex 1.53073 -10 3.69552
      vertex 1.53073 -11 3.69552
    endloop
  endfacet
  facet normal -0.0654022 0 0.997859
    outer loop
      vertex -0.522104 -10 3.96578
      vertex 0 -11 4
      vertex 0 -10 4
    endloop
  endfacet
  facet normal -0.0654022 0 0.997859
    outer loop
      vertex 0 -11 4
      vertex -0.522104 -10 3.96578
      vertex -0.522104 -11 3.96578
    endloop
  endfacet
  facet normal -0.0654022 0 0.997859
    outer loop
      vertex -0.522104 11 3.96578
      vertex 0 10 4
      vertex 0 11 4
    endloop
  endfacet
  facet normal -0.0654022 0 0.997859
    outer loop
      vertex 0 10 4
      vertex -0.522104 11 3.96578
      vertex -0.522104 10 3.96578
    endloop
  endfacet
  facet normal 0.831471 -0 0.555569
    outer loop
      vertex 3.17341 -11 2.43505
      vertex 3.4641 -10 2
      vertex 3.17341 -10 2.43505
    endloop
  endfacet
  facet normal 0.831471 0 0.555569
    outer loop
      vertex 3.4641 -10 2
      vertex 3.17341 -11 2.43505
      vertex 3.4641 -11 2
    endloop
  endfacet
  facet normal 0.831471 -0 0.555569
    outer loop
      vertex 3.17341 10 2.43505
      vertex 3.4641 11 2
      vertex 3.17341 11 2.43505
    endloop
  endfacet
  facet normal 0.831471 0 0.555569
    outer loop
      vertex 3.4641 11 2
      vertex 3.17341 10 2.43505
      vertex 3.4641 10 2
    endloop
  endfacet
  facet normal -0.65934 0 0.751845
    outer loop
      vertex -2.82843 11 2.82843
      vertex -2.43505 10 3.17341
      vertex -2.43505 11 3.17341
    endloop
  endfacet
  facet normal -0.65934 0 0.751845
    outer loop
      vertex -2.43505 10 3.17341
      vertex -2.82843 11 2.82843
      vertex -2.82843 10 2.82843
    endloop
  endfacet
  facet normal -0.65934 0 0.751845
    outer loop
      vertex -2.82843 -10 2.82843
      vertex -2.43505 -11 3.17341
      vertex -2.43505 -10 3.17341
    endloop
  endfacet
  facet normal -0.65934 0 0.751845
    outer loop
      vertex -2.43505 -11 3.17341
      vertex -2.82843 -10 2.82843
      vertex -2.82843 -11 2.82843
    endloop
  endfacet
  facet normal 0.751845 -0 0.65934
    outer loop
      vertex 2.82843 10 2.82843
      vertex 3.17341 11 2.43505
      vertex 2.82843 11 2.82843
    endloop
  endfacet
  facet normal 0.751845 0 0.65934
    outer loop
      vertex 3.17341 11 2.43505
      vertex 2.82843 10 2.82843
      vertex 3.17341 10 2.43505
    endloop
  endfacet
  facet normal 0.751845 -0 0.65934
    outer loop
      vertex 2.82843 -11 2.82843
      vertex 3.17341 -10 2.43505
      vertex 2.82843 -10 2.82843
    endloop
  endfacet
  facet normal 0.751845 0 0.65934
    outer loop
      vertex 3.17341 -10 2.43505
      vertex 2.82843 -11 2.82843
      vertex 3.17341 -11 2.43505
    endloop
  endfacet
  facet normal -0.442291 0 -0.896871
    outer loop
      vertex -2 -11 -3.4641
      vertex -1.53073 -10 -3.69552
      vertex -1.53073 -11 -3.69552
    endloop
  endfacet
  facet normal -0.442291 0 -0.896871
    outer loop
      vertex -1.53073 -10 -3.69552
      vertex -2 -11 -3.4641
      vertex -2 -10 -3.4641
    endloop
  endfacet
  facet normal -0.442291 0 -0.896871
    outer loop
      vertex -2 10 -3.4641
      vertex -1.53073 11 -3.69552
      vertex -1.53073 10 -3.69552
    endloop
  endfacet
  facet normal -0.442291 0 -0.896871
    outer loop
      vertex -1.53073 11 -3.69552
      vertex -2 10 -3.4641
      vertex -2 11 -3.4641
    endloop
  endfacet
  facet normal 0.946932 -0 0.321435
    outer loop
      vertex 3.69552 -11 1.53073
      vertex 3.8637 -10 1.03528
      vertex 3.69552 -10 1.53073
    endloop
  endfacet
  facet normal 0.946932 0 0.321435
    outer loop
      vertex 3.8637 -10 1.03528
      vertex 3.69552 -11 1.53073
      vertex 3.8637 -11 1.03528
    endloop
  endfacet
  facet normal 0.946932 -0 0.321435
    outer loop
      vertex 3.69552 10 1.53073
      vertex 3.8637 11 1.03528
      vertex 3.69552 11 1.53073
    endloop
  endfacet
  facet normal 0.946932 0 0.321435
    outer loop
      vertex 3.8637 11 1.03528
      vertex 3.69552 10 1.53073
      vertex 3.8637 10 1.03528
    endloop
  endfacet
  facet normal -0.0654022 0 -0.997859
    outer loop
      vertex -0.522104 10 -3.96578
      vertex 0 11 -4
      vertex 0 10 -4
    endloop
  endfacet
  facet normal -0.0654022 0 -0.997859
    outer loop
      vertex 0 11 -4
      vertex -0.522104 10 -3.96578
      vertex -0.522104 11 -3.96578
    endloop
  endfacet
  facet normal -0.0654022 0 -0.997859
    outer loop
      vertex -0.522104 -11 -3.96578
      vertex 0 -10 -4
      vertex 0 -11 -4
    endloop
  endfacet
  facet normal -0.0654022 0 -0.997859
    outer loop
      vertex 0 -10 -4
      vertex -0.522104 -11 -3.96578
      vertex -0.522104 -10 -3.96578
    endloop
  endfacet
  facet normal -0.555569 0 -0.831471
    outer loop
      vertex -2.43505 10 -3.17341
      vertex -2 11 -3.4641
      vertex -2 10 -3.4641
    endloop
  endfacet
  facet normal -0.555569 0 -0.831471
    outer loop
      vertex -2 11 -3.4641
      vertex -2.43505 10 -3.17341
      vertex -2.43505 11 -3.17341
    endloop
  endfacet
  facet normal -0.555569 0 -0.831471
    outer loop
      vertex -2.43505 -11 -3.17341
      vertex -2 -10 -3.4641
      vertex -2 -11 -3.4641
    endloop
  endfacet
  facet normal -0.555569 0 -0.831471
    outer loop
      vertex -2 -10 -3.4641
      vertex -2.43505 -11 -3.17341
      vertex -2.43505 -10 -3.17341
    endloop
  endfacet
  facet normal -0.751845 0 -0.65934
    outer loop
      vertex -2.82843 -11 -2.82843
      vertex -3.17341 -10 -2.43505
      vertex -2.82843 -10 -2.82843
    endloop
  endfacet
  facet normal -0.751845 -0 -0.65934
    outer loop
      vertex -3.17341 -10 -2.43505
      vertex -2.82843 -11 -2.82843
      vertex -3.17341 -11 -2.43505
    endloop
  endfacet
  facet normal -0.751845 0 -0.65934
    outer loop
      vertex -2.82843 10 -2.82843
      vertex -3.17341 11 -2.43505
      vertex -2.82843 11 -2.82843
    endloop
  endfacet
  facet normal -0.751845 -0 -0.65934
    outer loop
      vertex -3.17341 11 -2.43505
      vertex -2.82843 10 -2.82843
      vertex -3.17341 10 -2.43505
    endloop
  endfacet
  facet normal -0.442291 0 0.896871
    outer loop
      vertex -2 11 3.4641
      vertex -1.53073 10 3.69552
      vertex -1.53073 11 3.69552
    endloop
  endfacet
  facet normal -0.442291 0 0.896871
    outer loop
      vertex -1.53073 10 3.69552
      vertex -2 11 3.4641
      vertex -2 10 3.4641
    endloop
  endfacet
  facet normal -0.442291 0 0.896871
    outer loop
      vertex -2 -10 3.4641
      vertex -1.53073 -11 3.69552
      vertex -1.53073 -10 3.69552
    endloop
  endfacet
  facet normal -0.442291 0 0.896871
    outer loop
      vertex -1.53073 -11 3.69552
      vertex -2 -10 3.4641
      vertex -2 -11 3.4641
    endloop
  endfacet
  facet normal 0.896871 -0 0.442291
    outer loop
      vertex 3.4641 -11 2
      vertex 3.69552 -10 1.53073
      vertex 3.4641 -10 2
    endloop
  endfacet
  facet normal 0.896871 0 0.442291
    outer loop
      vertex 3.69552 -10 1.53073
      vertex 3.4641 -11 2
      vertex 3.69552 -11 1.53073
    endloop
  endfacet
  facet normal 0.896871 -0 0.442291
    outer loop
      vertex 3.4641 10 2
      vertex 3.69552 11 1.53073
      vertex 3.4641 11 2
    endloop
  endfacet
  facet normal 0.896871 0 0.442291
    outer loop
      vertex 3.69552 11 1.53073
      vertex 3.4641 10 2
      vertex 3.69552 10 1.53073
    endloop
  endfacet
  facet normal -0.321435 0 -0.946932
    outer loop
      vertex -1.53073 -11 -3.69552
      vertex -1.03528 -10 -3.8637
      vertex -1.03528 -11 -3.8637
    endloop
  endfacet
  facet normal -0.321435 0 -0.946932
    outer loop
      vertex -1.03528 -10 -3.8637
      vertex -1.53073 -11 -3.69552
      vertex -1.53073 -10 -3.69552
    endloop
  endfacet
  facet normal -0.321435 0 -0.946932
    outer loop
      vertex -1.53073 10 -3.69552
      vertex -1.03528 11 -3.8637
      vertex -1.03528 10 -3.8637
    endloop
  endfacet
  facet normal -0.321435 0 -0.946932
    outer loop
      vertex -1.03528 11 -3.8637
      vertex -1.53073 10 -3.69552
      vertex -1.53073 11 -3.69552
    endloop
  endfacet
  facet normal 0.980784 0 -0.195096
    outer loop
      vertex 3.96578 -11 -0.522104
      vertex 3.8637 -10 -1.03528
      vertex 3.96578 -10 -0.522104
    endloop
  endfacet
  facet normal 0.980784 0 -0.195096
    outer loop
      vertex 3.8637 -10 -1.03528
      vertex 3.96578 -11 -0.522104
      vertex 3.8637 -11 -1.03528
    endloop
  endfacet
  facet normal 0.980784 0 -0.195096
    outer loop
      vertex 3.96578 10 -0.522104
      vertex 3.8637 11 -1.03528
      vertex 3.96578 11 -0.522104
    endloop
  endfacet
  facet normal 0.980784 0 -0.195096
    outer loop
      vertex 3.8637 11 -1.03528
      vertex 3.96578 10 -0.522104
      vertex 3.8637 10 -1.03528
    endloop
  endfacet
  facet normal 0.555569 0 -0.831471
    outer loop
      vertex 2 10 -3.4641
      vertex 2.43505 11 -3.17341
      vertex 2.43505 10 -3.17341
    endloop
  endfacet
  facet normal 0.555569 0 -0.831471
    outer loop
      vertex 2.43505 11 -3.17341
      vertex 2 10 -3.4641
      vertex 2 11 -3.4641
    endloop
  endfacet
  facet normal 0.555569 0 -0.831471
    outer loop
      vertex 2 -11 -3.4641
      vertex 2.43505 -10 -3.17341
      vertex 2.43505 -11 -3.17341
    endloop
  endfacet
  facet normal 0.555569 0 -0.831471
    outer loop
      vertex 2.43505 -10 -3.17341
      vertex 2 -11 -3.4641
      vertex 2 -10 -3.4641
    endloop
  endfacet
  facet normal -0.980784 0 -0.195096
    outer loop
      vertex -3.8637 -11 -1.03528
      vertex -3.96578 -10 -0.522104
      vertex -3.8637 -10 -1.03528
    endloop
  endfacet
  facet normal -0.980784 -0 -0.195096
    outer loop
      vertex -3.96578 -10 -0.522104
      vertex -3.8637 -11 -1.03528
      vertex -3.96578 -11 -0.522104
    endloop
  endfacet
  facet normal -0.980784 0 -0.195096
    outer loop
      vertex -3.8637 10 -1.03528
      vertex -3.96578 11 -0.522104
      vertex -3.8637 11 -1.03528
    endloop
  endfacet
  facet normal -0.980784 -0 -0.195096
    outer loop
      vertex -3.96578 11 -0.522104
      vertex -3.8637 10 -1.03528
      vertex -3.96578 10 -0.522104
    endloop
  endfacet
  facet normal -0.321435 0 0.946932
    outer loop
      vertex -1.53073 11 3.69552
      vertex -1.03528 10 3.8637
      vertex -1.03528 11 3.8637
    endloop
  endfacet
  facet normal -0.321435 0 0.946932
    outer loop
      vertex -1.03528 10 3.8637
      vertex -1.53073 11 3.69552
      vertex -1.53073 10 3.69552
    endloop
  endfacet
  facet normal -0.321435 0 0.946932
    outer loop
      vertex -1.53073 -10 3.69552
      vertex -1.03528 -11 3.8637
      vertex -1.03528 -10 3.8637
    endloop
  endfacet
  facet normal -0.321435 0 0.946932
    outer loop
      vertex -1.03528 -11 3.8637
      vertex -1.53073 -10 3.69552
      vertex -1.53073 -11 3.69552
    endloop
  endfacet
  facet normal -0.997859 0 -0.0654022
    outer loop
      vertex -3.96578 10 -0.522104
      vertex -4 11 0
      vertex -3.96578 11 -0.522104
    endloop
  endfacet
  facet normal -0.997859 -0 -0.0654022
    outer loop
      vertex -4 11 0
      vertex -3.96578 10 -0.522104
      vertex -4 10 0
    endloop
  endfacet
  facet normal -0.997859 0 -0.0654022
    outer loop
      vertex -3.96578 -11 -0.522104
      vertex -4 -10 0
      vertex -3.96578 -10 -0.522104
    endloop
  endfacet
  facet normal -0.997859 -0 -0.0654022
    outer loop
      vertex -4 -10 0
      vertex -3.96578 -11 -0.522104
      vertex -4 -11 0
    endloop
  endfacet
  facet normal 0.195096 0 0.980784
    outer loop
      vertex 0.522104 11 3.96578
      vertex 1.03528 10 3.8637
      vertex 1.03528 11 3.8637
    endloop
  endfacet
  facet normal 0.195096 0 0.980784
    outer loop
      vertex 1.03528 10 3.8637
      vertex 0.522104 11 3.96578
      vertex 0.522104 10 3.96578
    endloop
  endfacet
  facet normal 0.195096 0 0.980784
    outer loop
      vertex 0.522104 -10 3.96578
      vertex 1.03528 -11 3.8637
      vertex 1.03528 -10 3.8637
    endloop
  endfacet
  facet normal 0.195096 0 0.980784
    outer loop
      vertex 1.03528 -11 3.8637
      vertex 0.522104 -10 3.96578
      vertex 0.522104 -11 3.96578
    endloop
  endfacet
  facet normal -0.980784 0 0.195096
    outer loop
      vertex -3.96578 10 0.522104
      vertex -3.8637 11 1.03528
      vertex -3.96578 11 0.522104
    endloop
  endfacet
  facet normal -0.980784 0 0.195096
    outer loop
      vertex -3.8637 11 1.03528
      vertex -3.96578 10 0.522104
      vertex -3.8637 10 1.03528
    endloop
  endfacet
  facet normal -0.980784 0 0.195096
    outer loop
      vertex -3.96578 -11 0.522104
      vertex -3.8637 -10 1.03528
      vertex -3.96578 -10 0.522104
    endloop
  endfacet
  facet normal -0.980784 0 0.195096
    outer loop
      vertex -3.8637 -10 1.03528
      vertex -3.96578 -11 0.522104
      vertex -3.8637 -11 1.03528
    endloop
  endfacet
  facet normal 0.195096 0 -0.980784
    outer loop
      vertex 0.522104 10 -3.96578
      vertex 1.03528 11 -3.8637
      vertex 1.03528 10 -3.8637
    endloop
  endfacet
  facet normal 0.195096 0 -0.980784
    outer loop
      vertex 1.03528 11 -3.8637
      vertex 0.522104 10 -3.96578
      vertex 0.522104 11 -3.96578
    endloop
  endfacet
  facet normal 0.195096 0 -0.980784
    outer loop
      vertex 0.522104 -11 -3.96578
      vertex 1.03528 -10 -3.8637
      vertex 1.03528 -11 -3.8637
    endloop
  endfacet
  facet normal 0.195096 0 -0.980784
    outer loop
      vertex 1.03528 -10 -3.8637
      vertex 0.522104 -11 -3.96578
      vertex 0.522104 -10 -3.96578
    endloop
  endfacet
  facet normal 0.555569 0 0.831471
    outer loop
      vertex 2 11 3.4641
      vertex 2.43505 10 3.17341
      vertex 2.43505 11 3.17341
    endloop
  endfacet
  facet normal 0.555569 0 0.831471
    outer loop
      vertex 2.43505 10 3.17341
      vertex 2 11 3.4641
      vertex 2 10 3.4641
    endloop
  endfacet
  facet normal 0.555569 0 0.831471
    outer loop
      vertex 2 -10 3.4641
      vertex 2.43505 -11 3.17341
      vertex 2.43505 -10 3.17341
    endloop
  endfacet
  facet normal 0.555569 0 0.831471
    outer loop
      vertex 2.43505 -11 3.17341
      vertex 2 -10 3.4641
      vertex 2 -11 3.4641
    endloop
  endfacet
  facet normal -0.195096 0 -0.980784
    outer loop
      vertex -1.03528 10 -3.8637
      vertex -0.522104 11 -3.96578
      vertex -0.522104 10 -3.96578
    endloop
  endfacet
  facet normal -0.195096 0 -0.980784
    outer loop
      vertex -0.522104 11 -3.96578
      vertex -1.03528 10 -3.8637
      vertex -1.03528 11 -3.8637
    endloop
  endfacet
  facet normal -0.195096 0 -0.980784
    outer loop
      vertex -1.03528 -11 -3.8637
      vertex -0.522104 -10 -3.96578
      vertex -0.522104 -11 -3.96578
    endloop
  endfacet
  facet normal -0.195096 0 -0.980784
    outer loop
      vertex -0.522104 -10 -3.96578
      vertex -1.03528 -11 -3.8637
      vertex -1.03528 -10 -3.8637
    endloop
  endfacet
  facet normal 0.946932 0 -0.321435
    outer loop
      vertex 3.8637 -11 -1.03528
      vertex 3.69552 -10 -1.53073
      vertex 3.8637 -10 -1.03528
    endloop
  endfacet
  facet normal 0.946932 0 -0.321435
    outer loop
      vertex 3.69552 -10 -1.53073
      vertex 3.8637 -11 -1.03528
      vertex 3.69552 -11 -1.53073
    endloop
  endfacet
  facet normal 0.946932 0 -0.321435
    outer loop
      vertex 3.8637 10 -1.03528
      vertex 3.69552 11 -1.53073
      vertex 3.8637 11 -1.03528
    endloop
  endfacet
  facet normal 0.946932 0 -0.321435
    outer loop
      vertex 3.69552 11 -1.53073
      vertex 3.8637 10 -1.03528
      vertex 3.69552 10 -1.53073
    endloop
  endfacet
  facet normal 0.0654022 0 -0.997859
    outer loop
      vertex 0 10 -4
      vertex 0.522104 11 -3.96578
      vertex 0.522104 10 -3.96578
    endloop
  endfacet
  facet normal 0.0654022 0 -0.997859
    outer loop
      vertex 0.522104 11 -3.96578
      vertex 0 10 -4
      vertex 0 11 -4
    endloop
  endfacet
  facet normal 0.0654022 0 -0.997859
    outer loop
      vertex 0 -11 -4
      vertex 0.522104 -10 -3.96578
      vertex 0.522104 -11 -3.96578
    endloop
  endfacet
  facet normal 0.0654022 0 -0.997859
    outer loop
      vertex 0.522104 -10 -3.96578
      vertex 0 -11 -4
      vertex 0 -10 -4
    endloop
  endfacet
  facet normal 0.321435 0 0.946932
    outer loop
      vertex 1.03528 11 3.8637
      vertex 1.53073 10 3.69552
      vertex 1.53073 11 3.69552
    endloop
  endfacet
  facet normal 0.321435 0 0.946932
    outer loop
      vertex 1.53073 10 3.69552
      vertex 1.03528 11 3.8637
      vertex 1.03528 10 3.8637
    endloop
  endfacet
  facet normal 0.321435 0 0.946932
    outer loop
      vertex 1.03528 -10 3.8637
      vertex 1.53073 -11 3.69552
      vertex 1.53073 -10 3.69552
    endloop
  endfacet
  facet normal 0.321435 0 0.946932
    outer loop
      vertex 1.53073 -11 3.69552
      vertex 1.03528 -10 3.8637
      vertex 1.03528 -11 3.8637
    endloop
  endfacet
  facet normal -0.997859 0 0.0654022
    outer loop
      vertex -4 10 0
      vertex -3.96578 11 0.522104
      vertex -4 11 0
    endloop
  endfacet
  facet normal -0.997859 0 0.0654022
    outer loop
      vertex -3.96578 11 0.522104
      vertex -4 10 0
      vertex -3.96578 10 0.522104
    endloop
  endfacet
  facet normal -0.997859 0 0.0654022
    outer loop
      vertex -4 -11 0
      vertex -3.96578 -10 0.522104
      vertex -4 -10 0
    endloop
  endfacet
  facet normal -0.997859 0 0.0654022
    outer loop
      vertex -3.96578 -10 0.522104
      vertex -4 -11 0
      vertex -3.96578 -11 0.522104
    endloop
  endfacet
  facet normal 0.0654022 0 0.997859
    outer loop
      vertex 0 -10 4
      vertex 0.522104 -11 3.96578
      vertex 0.522104 -10 3.96578
    endloop
  endfacet
  facet normal 0.0654022 0 0.997859
    outer loop
      vertex 0.522104 -11 3.96578
      vertex 0 -10 4
      vertex 0 -11 4
    endloop
  endfacet
  facet normal 0.0654022 0 0.997859
    outer loop
      vertex 0 11 4
      vertex 0.522104 10 3.96578
      vertex 0.522104 11 3.96578
    endloop
  endfacet
  facet normal 0.0654022 0 0.997859
    outer loop
      vertex 0.522104 10 3.96578
      vertex 0 11 4
      vertex 0 10 4
    endloop
  endfacet
  facet normal 0.831471 0 -0.555569
    outer loop
      vertex 3.4641 10 -2
      vertex 3.17341 11 -2.43505
      vertex 3.4641 11 -2
    endloop
  endfacet
  facet normal 0.831471 0 -0.555569
    outer loop
      vertex 3.17341 11 -2.43505
      vertex 3.4641 10 -2
      vertex 3.17341 10 -2.43505
    endloop
  endfacet
  facet normal 0.831471 0 -0.555569
    outer loop
      vertex 3.4641 -11 -2
      vertex 3.17341 -10 -2.43505
      vertex 3.4641 -10 -2
    endloop
  endfacet
  facet normal 0.831471 0 -0.555569
    outer loop
      vertex 3.17341 -10 -2.43505
      vertex 3.4641 -11 -2
      vertex 3.17341 -11 -2.43505
    endloop
  endfacet
  facet normal 0.65934 0 0.751845
    outer loop
      vertex 2.43505 11 3.17341
      vertex 2.82843 10 2.82843
      vertex 2.82843 11 2.82843
    endloop
  endfacet
  facet normal 0.65934 0 0.751845
    outer loop
      vertex 2.82843 10 2.82843
      vertex 2.43505 11 3.17341
      vertex 2.43505 10 3.17341
    endloop
  endfacet
  facet normal 0.65934 0 0.751845
    outer loop
      vertex 2.43505 -10 3.17341
      vertex 2.82843 -11 2.82843
      vertex 2.82843 -10 2.82843
    endloop
  endfacet
  facet normal 0.65934 0 0.751845
    outer loop
      vertex 2.82843 -11 2.82843
      vertex 2.43505 -10 3.17341
      vertex 2.43505 -11 3.17341
    endloop
  endfacet
  facet normal -0.65934 0 -0.751845
    outer loop
      vertex -2.82843 10 -2.82843
      vertex -2.43505 11 -3.17341
      vertex -2.43505 10 -3.17341
    endloop
  endfacet
  facet normal -0.65934 0 -0.751845
    outer loop
      vertex -2.43505 11 -3.17341
      vertex -2.82843 10 -2.82843
      vertex -2.82843 11 -2.82843
    endloop
  endfacet
  facet normal -0.65934 0 -0.751845
    outer loop
      vertex -2.82843 -11 -2.82843
      vertex -2.43505 -10 -3.17341
      vertex -2.43505 -11 -3.17341
    endloop
  endfacet
  facet normal -0.65934 0 -0.751845
    outer loop
      vertex -2.43505 -10 -3.17341
      vertex -2.82843 -11 -2.82843
      vertex -2.82843 -10 -2.82843
    endloop
  endfacet
  facet normal -0.555569 0 0.831471
    outer loop
      vertex -2.43505 -10 3.17341
      vertex -2 -11 3.4641
      vertex -2 -10 3.4641
    endloop
  endfacet
  facet normal -0.555569 0 0.831471
    outer loop
      vertex -2 -11 3.4641
      vertex -2.43505 -10 3.17341
      vertex -2.43505 -11 3.17341
    endloop
  endfacet
  facet normal -0.555569 0 0.831471
    outer loop
      vertex -2.43505 11 3.17341
      vertex -2 10 3.4641
      vertex -2 11 3.4641
    endloop
  endfacet
  facet normal -0.555569 0 0.831471
    outer loop
      vertex -2 10 3.4641
      vertex -2.43505 11 3.17341
      vertex -2.43505 10 3.17341
    endloop
  endfacet
  facet normal 0.751845 0 -0.65934
    outer loop
      vertex 3.17341 10 -2.43505
      vertex 2.82843 11 -2.82843
      vertex 3.17341 11 -2.43505
    endloop
  endfacet
  facet normal 0.751845 0 -0.65934
    outer loop
      vertex 2.82843 11 -2.82843
      vertex 3.17341 10 -2.43505
      vertex 2.82843 10 -2.82843
    endloop
  endfacet
  facet normal 0.751845 0 -0.65934
    outer loop
      vertex 3.17341 -11 -2.43505
      vertex 2.82843 -10 -2.82843
      vertex 3.17341 -10 -2.43505
    endloop
  endfacet
  facet normal 0.751845 0 -0.65934
    outer loop
      vertex 2.82843 -10 -2.82843
      vertex 3.17341 -11 -2.43505
      vertex 2.82843 -11 -2.82843
    endloop
  endfacet
  facet normal 0.997859 0 -0.0654022
    outer loop
      vertex 4 10 0
      vertex 3.96578 11 -0.522104
      vertex 4 11 0
    endloop
  endfacet
  facet normal 0.997859 0 -0.0654022
    outer loop
      vertex 3.96578 11 -0.522104
      vertex 4 10 0
      vertex 3.96578 10 -0.522104
    endloop
  endfacet
  facet normal 0.997859 0 -0.0654022
    outer loop
      vertex 4 -11 0
      vertex 3.96578 -10 -0.522104
      vertex 4 -10 0
    endloop
  endfacet
  facet normal 0.997859 0 -0.0654022
    outer loop
      vertex 3.96578 -10 -0.522104
      vertex 4 -11 0
      vertex 3.96578 -11 -0.522104
    endloop
  endfacet
  facet normal -0.195096 0 0.980784
    outer loop
      vertex -1.03528 -10 3.8637
      vertex -0.522104 -11 3.96578
      vertex -0.522104 -10 3.96578
    endloop
  endfacet
  facet normal -0.195096 0 0.980784
    outer loop
      vertex -0.522104 -11 3.96578
      vertex -1.03528 -10 3.8637
      vertex -1.03528 -11 3.8637
    endloop
  endfacet
  facet normal -0.195096 0 0.980784
    outer loop
      vertex -1.03528 11 3.8637
      vertex -0.522104 10 3.96578
      vertex -0.522104 11 3.96578
    endloop
  endfacet
  facet normal -0.195096 0 0.980784
    outer loop
      vertex -0.522104 10 3.96578
      vertex -1.03528 11 3.8637
      vertex -1.03528 10 3.8637
    endloop
  endfacet
  facet normal 0.896871 0 -0.442291
    outer loop
      vertex 3.69552 10 -1.53073
      vertex 3.4641 11 -2
      vertex 3.69552 11 -1.53073
    endloop
  endfacet
  facet normal 0.896871 0 -0.442291
    outer loop
      vertex 3.4641 11 -2
      vertex 3.69552 10 -1.53073
      vertex 3.4641 10 -2
    endloop
  endfacet
  facet normal 0.896871 0 -0.442291
    outer loop
      vertex 3.69552 -11 -1.53073
      vertex 3.4641 -10 -2
      vertex 3.69552 -10 -1.53073
    endloop
  endfacet
  facet normal 0.896871 0 -0.442291
    outer loop
      vertex 3.4641 -10 -2
      vertex 3.69552 -11 -1.53073
      vertex 3.4641 -11 -2
    endloop
  endfacet
  facet normal -0.946932 0 0.321435
    outer loop
      vertex -3.8637 10 1.03528
      vertex -3.69552 11 1.53073
      vertex -3.8637 11 1.03528
    endloop
  endfacet
  facet normal -0.946932 0 0.321435
    outer loop
      vertex -3.69552 11 1.53073
      vertex -3.8637 10 1.03528
      vertex -3.69552 10 1.53073
    endloop
  endfacet
  facet normal -0.946932 0 0.321435
    outer loop
      vertex -3.8637 -11 1.03528
      vertex -3.69552 -10 1.53073
      vertex -3.8637 -10 1.03528
    endloop
  endfacet
  facet normal -0.946932 0 0.321435
    outer loop
      vertex -3.69552 -10 1.53073
      vertex -3.8637 -11 1.03528
      vertex -3.69552 -11 1.53073
    endloop
  endfacet
  facet normal -0.946932 0 -0.321435
    outer loop
      vertex -3.69552 10 -1.53073
      vertex -3.8637 11 -1.03528
      vertex -3.69552 11 -1.53073
    endloop
  endfacet
  facet normal -0.946932 -0 -0.321435
    outer loop
      vertex -3.8637 11 -1.03528
      vertex -3.69552 10 -1.53073
      vertex -3.8637 10 -1.03528
    endloop
  endfacet
  facet normal -0.946932 0 -0.321435
    outer loop
      vertex -3.69552 -11 -1.53073
      vertex -3.8637 -10 -1.03528
      vertex -3.69552 -10 -1.53073
    endloop
  endfacet
  facet normal -0.946932 -0 -0.321435
    outer loop
      vertex -3.8637 -10 -1.03528
      vertex -3.69552 -11 -1.53073
      vertex -3.8637 -11 -1.03528
    endloop
  endfacet
  facet normal 0 1 0
    outer loop
      vertex 0.522104 11 3.96578
      vertex -0.522104 11 3.96578
      vertex 0 11 4
    endloop
  endfacet
  facet normal 0 1 0
    outer loop
      vertex 1.03528 11 3.8637
      vertex -0.522104 11 3.96578
      vertex 0.522104 11 3.96578
    endloop
  endfacet
  facet normal 0 1 0
    outer loop
      vertex 1.03528 11 3.8637
      vertex -1.03528 11 3.8637
      vertex -0.522104 11 3.96578
    endloop
  endfacet
  facet normal 0 1 0
    outer loop
      vertex 1.53073 11 3.69552
      vertex -1.03528 11 3.8637
      vertex 1.03528 11 3.8637
    endloop
  endfacet
  facet normal 0 1 0
    outer loop
      vertex 1.53073 11 3.69552
      vertex -1.53073 11 3.69552
      vertex -1.03528 11 3.8637
    endloop
  endfacet
  facet normal 0 1 0
    outer loop
      vertex 2 11 3.4641
      vertex -1.53073 11 3.69552
      vertex 1.53073 11 3.69552
    endloop
  endfacet
  facet normal 0 1 0
    outer loop
      vertex 2 11 3.4641
      vertex -2 11 3.4641
      vertex -1.53073 11 3.69552
    endloop
  endfacet
  facet normal 0 1 0
    outer loop
      vertex 2.43505 11 3.17341
      vertex -2 11 3.4641
      vertex 2 11 3.4641
    endloop
  endfacet
  facet normal 0 1 0
    outer loop
      vertex 2.43505 11 3.17341
      vertex -2.43505 11 3.17341
      vertex -2 11 3.4641
    endloop
  endfacet
  facet normal 0 1 0
    outer loop
      vertex 2.82843 11 2.82843
      vertex -2.43505 11 3.17341
      vertex 2.43505 11 3.17341
    endloop
  endfacet
  facet normal 0 1 0
    outer loop
      vertex 2.82843 11 2.82843
      vertex -2.82843 11 2.82843
      vertex -2.43505 11 3.17341
    endloop
  endfacet
  facet normal 0 1 0
    outer loop
      vertex 3.17341 11 2.43505
      vertex -2.82843 11 2.82843
      vertex 2.82843 11 2.82843
    endloop
  endfacet
  facet normal 0 1 0
    outer loop
      vertex 3.17341 11 2.43505
      vertex -3.17341 11 2.43505
      vertex -2.82843 11 2.82843
    endloop
  endfacet
  facet normal 0 1 0
    outer loop
      vertex 3.4641 11 2
      vertex -3.17341 11 2.43505
      vertex 3.17341 11 2.43505
    endloop
  endfacet
  facet normal 0 1 0
    outer loop
      vertex 3.4641 11 2
      vertex -3.4641 11 2
      vertex -3.17341 11 2.43505
    endloop
  endfacet
  facet normal 0 1 0
    outer loop
      vertex 3.69552 11 1.53073
      vertex -3.4641 11 2
      vertex 3.4641 11 2
    endloop
  endfacet
  facet normal 0 1 0
    outer loop
      vertex 3.69552 11 1.53073
      vertex -3.69552 11 1.53073
      vertex -3.4641 11 2
    endloop
  endfacet
  facet normal 0 1 0
    outer loop
      vertex 3.8637 11 1.03528
      vertex -3.69552 11 1.53073
      vertex 3.69552 11 1.53073
    endloop
  endfacet
  facet normal 0 1 0
    outer loop
      vertex 3.8637 11 1.03528
      vertex -3.8637 11 1.03528
      vertex -3.69552 11 1.53073
    endloop
  endfacet
  facet normal 0 1 0
    outer loop
      vertex 3.96578 11 0.522104
      vertex -3.8637 11 1.03528
      vertex 3.8637 11 1.03528
    endloop
  endfacet
  facet normal 0 1 0
    outer loop
      vertex 3.96578 11 0.522104
      vertex -3.96578 11 0.522104
      vertex -3.8637 11 1.03528
    endloop
  endfacet
  facet normal 0 1 0
    outer loop
      vertex 4 11 0
      vertex -3.96578 11 0.522104
      vertex 3.96578 11 0.522104
    endloop
  endfacet
  facet normal 0 1 0
    outer loop
      vertex 4 11 0
      vertex -4 11 0
      vertex -3.96578 11 0.522104
    endloop
  endfacet
  facet normal 0 1 -0
    outer loop
      vertex 3.96578 11 -0.522104
      vertex -4 11 0
      vertex 4 11 0
    endloop
  endfacet
  facet normal 0 1 0
    outer loop
      vertex 3.96578 11 -0.522104
      vertex -3.96578 11 -0.522104
      vertex -4 11 0
    endloop
  endfacet
  facet normal 0 1 -0
    outer loop
      vertex 3.8637 11 -1.03528
      vertex -3.96578 11 -0.522104
      vertex 3.96578 11 -0.522104
    endloop
  endfacet
  facet normal 0 1 0
    outer loop
      vertex 3.8637 11 -1.03528
      vertex -3.8637 11 -1.03528
      vertex -3.96578 11 -0.522104
    endloop
  endfacet
  facet normal 0 1 -0
    outer loop
      vertex 3.69552 11 -1.53073
      vertex -3.8637 11 -1.03528
      vertex 3.8637 11 -1.03528
    endloop
  endfacet
  facet normal 0 1 0
    outer loop
      vertex 3.69552 11 -1.53073
      vertex -3.69552 11 -1.53073
      vertex -3.8637 11 -1.03528
    endloop
  endfacet
  facet normal 0 1 -0
    outer loop
      vertex 3.4641 11 -2
      vertex -3.69552 11 -1.53073
      vertex 3.69552 11 -1.53073
    endloop
  endfacet
  facet normal 0 1 0
    outer loop
      vertex 3.4641 11 -2
      vertex -3.4641 11 -2
      vertex -3.69552 11 -1.53073
    endloop
  endfacet
  facet normal 0 1 -0
    outer loop
      vertex 3.17341 11 -2.43505
      vertex -3.4641 11 -2
      vertex 3.4641 11 -2
    endloop
  endfacet
  facet normal 0 1 0
    outer loop
      vertex 3.17341 11 -2.43505
      vertex -3.17341 11 -2.43505
      vertex -3.4641 11 -2
    endloop
  endfacet
  facet normal 0 1 -0
    outer loop
      vertex 2.82843 11 -2.82843
      vertex -3.17341 11 -2.43505
      vertex 3.17341 11 -2.43505
    endloop
  endfacet
  facet normal 0 1 0
    outer loop
      vertex 2.82843 11 -2.82843
      vertex -2.82843 11 -2.82843
      vertex -3.17341 11 -2.43505
    endloop
  endfacet
  facet normal 0 1 -0
    outer loop
      vertex 2.43505 11 -3.17341
      vertex -2.82843 11 -2.82843
      vertex 2.82843 11 -2.82843
    endloop
  endfacet
  facet normal 0 1 0
    outer loop
      vertex 2.43505 11 -3.17341
      vertex -2.43505 11 -3.17341
      vertex -2.82843 11 -2.82843
    endloop
  endfacet
  facet normal 0 1 -0
    outer loop
      vertex 2 11 -3.4641
      vertex -2.43505 11 -3.17341
      vertex 2.43505 11 -3.17341
    endloop
  endfacet
  facet normal 0 1 0
    outer loop
      vertex 2 11 -3.4641
      vertex -2 11 -3.4641
      vertex -2.43505 11 -3.17341
    endloop
  endfacet
  facet normal 0 1 -0
    outer loop
      vertex 1.53073 11 -3.69552
      vertex -2 11 -3.4641
      vertex 2 11 -3.4641
    endloop
  endfacet
  facet normal 0 1 0
    outer loop
      vertex 1.53073 11 -3.69552
      vertex -1.53073 11 -3.69552
      vertex -2 11 -3.4641
    endloop
  endfacet
  facet normal 0 1 -0
    outer loop
      vertex 1.03528 11 -3.8637
      vertex -1.53073 11 -3.69552
      vertex 1.53073 11 -3.69552
    endloop
  endfacet
  facet normal 0 1 0
    outer loop
      vertex 1.03528 11 -3.8637
      vertex -1.03528 11 -3.8637
      vertex -1.53073 11 -3.69552
    endloop
  endfacet
  facet normal 0 1 -0
    outer loop
      vertex 0.522104 11 -3.96578
      vertex -1.03528 11 -3.8637
      vertex 1.03528 11 -3.8637
    endloop
  endfacet
  facet normal 0 1 0
    outer loop
      vertex 0.522104 11 -3.96578
      vertex -0.522104 11 -3.96578
      vertex -1.03528 11 -3.8637
    endloop
  endfacet
  facet normal -0 1 0
    outer loop
      vertex -0.522104 11 -3.96578
      vertex 0.522104 11 -3.96578
      vertex 0 11 -4
    endloop
  endfacet
  facet normal -0.831471 0 0.555569
    outer loop
      vertex -3.4641 -11 2
      vertex -3.17341 -10 2.43505
      vertex -3.4641 -10 2
    endloop
  endfacet
  facet normal -0.831471 0 0.555569
    outer loop
      vertex -3.17341 -10 2.43505
      vertex -3.4641 -11 2
      vertex -3.17341 -11 2.43505
    endloop
  endfacet
  facet normal -0.831471 0 0.555569
    outer loop
      vertex -3.4641 10 2
      vertex -3.17341 11 2.43505
      vertex -3.4641 11 2
    endloop
  endfacet
  facet normal -0.831471 0 0.555569
    outer loop
      vertex -3.17341 11 2.43505
      vertex -3.4641 10 2
      vertex -3.17341 10 2.43505
    endloop
  endfacet
  facet normal 0.442291 0 -0.896871
    outer loop
      vertex 1.53073 10 -3.69552
      vertex 2 11 -3.4641
      vertex 2 10 -3.4641
    endloop
  endfacet
  facet normal 0.442291 0 -0.896871
    outer loop
      vertex 2 11 -3.4641
      vertex 1.53073 10 -3.69552
      vertex 1.53073 11 -3.69552
    endloop
  endfacet
  facet normal 0.442291 0 -0.896871
    outer loop
      vertex 1.53073 -11 -3.69552
      vertex 2 -10 -3.4641
      vertex 2 -11 -3.4641
    endloop
  endfacet
  facet normal 0.442291 0 -0.896871
    outer loop
      vertex 2 -10 -3.4641
      vertex 1.53073 -11 -3.69552
      vertex 1.53073 -10 -3.69552
    endloop
  endfacet
  facet normal 0.321435 0 -0.946932
    outer loop
      vertex 1.03528 10 -3.8637
      vertex 1.53073 11 -3.69552
      vertex 1.53073 10 -3.69552
    endloop
  endfacet
  facet normal 0.321435 0 -0.946932
    outer loop
      vertex 1.53073 11 -3.69552
      vertex 1.03528 10 -3.8637
      vertex 1.03528 11 -3.8637
    endloop
  endfacet
  facet normal 0.321435 0 -0.946932
    outer loop
      vertex 1.03528 -11 -3.8637
      vertex 1.53073 -10 -3.69552
      vertex 1.53073 -11 -3.69552
    endloop
  endfacet
  facet normal 0.321435 0 -0.946932
    outer loop
      vertex 1.53073 -10 -3.69552
      vertex 1.03528 -11 -3.8637
      vertex 1.03528 -10 -3.8637
    endloop
  endfacet
  facet normal -0.896871 0 -0.442291
    outer loop
      vertex -3.4641 10 -2
      vertex -3.69552 11 -1.53073
      vertex -3.4641 11 -2
    endloop
  endfacet
  facet normal -0.896871 -0 -0.442291
    outer loop
      vertex -3.69552 11 -1.53073
      vertex -3.4641 10 -2
      vertex -3.69552 10 -1.53073
    endloop
  endfacet
  facet normal -0.896871 0 -0.442291
    outer loop
      vertex -3.4641 -11 -2
      vertex -3.69552 -10 -1.53073
      vertex -3.4641 -10 -2
    endloop
  endfacet
  facet normal -0.896871 -0 -0.442291
    outer loop
      vertex -3.69552 -10 -1.53073
      vertex -3.4641 -11 -2
      vertex -3.69552 -11 -1.53073
    endloop
  endfacet
  facet normal -0.751845 0 0.65934
    outer loop
      vertex -3.17341 10 2.43505
      vertex -2.82843 11 2.82843
      vertex -3.17341 11 2.43505
    endloop
  endfacet
  facet normal -0.751845 0 0.65934
    outer loop
      vertex -2.82843 11 2.82843
      vertex -3.17341 10 2.43505
      vertex -2.82843 10 2.82843
    endloop
  endfacet
  facet normal -0.751845 0 0.65934
    outer loop
      vertex -3.17341 -11 2.43505
      vertex -2.82843 -10 2.82843
      vertex -3.17341 -10 2.43505
    endloop
  endfacet
  facet normal -0.751845 0 0.65934
    outer loop
      vertex -2.82843 -10 2.82843
      vertex -3.17341 -11 2.43505
      vertex -2.82843 -11 2.82843
    endloop
  endfacet
  facet normal 0.65934 0 -0.751845
    outer loop
      vertex 2.43505 -11 -3.17341
      vertex 2.82843 -10 -2.82843
      vertex 2.82843 -11 -2.82843
    endloop
  endfacet
  facet normal 0.65934 0 -0.751845
    outer loop
      vertex 2.82843 -10 -2.82843
      vertex 2.43505 -11 -3.17341
      vertex 2.43505 -10 -3.17341
    endloop
  endfacet
  facet normal 0.65934 0 -0.751845
    outer loop
      vertex 2.43505 10 -3.17341
      vertex 2.82843 11 -2.82843
      vertex 2.82843 10 -2.82843
    endloop
  endfacet
  facet normal 0.65934 0 -0.751845
    outer loop
      vertex 2.82843 11 -2.82843
      vertex 2.43505 10 -3.17341
      vertex 2.43505 11 -3.17341
    endloop
  endfacet
  facet normal -0.831471 0 -0.555569
    outer loop
      vertex -3.17341 10 -2.43505
      vertex -3.4641 11 -2
      vertex -3.17341 11 -2.43505
    endloop
  endfacet
  facet normal -0.831471 -0 -0.555569
    outer loop
      vertex -3.4641 11 -2
      vertex -3.17341 10 -2.43505
      vertex -3.4641 10 -2
    endloop
  endfacet
  facet normal -0.831471 0 -0.555569
    outer loop
      vertex -3.17341 -11 -2.43505
      vertex -3.4641 -10 -2
      vertex -3.17341 -10 -2.43505
    endloop
  endfacet
  facet normal -0.831471 -0 -0.555569
    outer loop
      vertex -3.4641 -10 -2
      vertex -3.17341 -11 -2.43505
      vertex -3.4641 -11 -2
    endloop
  endfacet
  facet normal 0 -1 0
    outer loop
      vertex -0.522104 -11 3.96578
      vertex 0.522104 -11 3.96578
      vertex 0 -11 4
    endloop
  endfacet
  facet normal 0 -1 0
    outer loop
      vertex -1.03528 -11 3.8637
      vertex 0.522104 -11 3.96578
      vertex -0.522104 -11 3.96578
    endloop
  endfacet
  facet normal 0 -1 0
    outer loop
      vertex -1.03528 -11 3.8637
      vertex 1.03528 -11 3.8637
      vertex 0.522104 -11 3.96578
    endloop
  endfacet
  facet normal 0 -1 0
    outer loop
      vertex -1.53073 -11 3.69552
      vertex 1.03528 -11 3.8637
      vertex -1.03528 -11 3.8637
    endloop
  endfacet
  facet normal 0 -1 0
    outer loop
      vertex -1.53073 -11 3.69552
      vertex 1.53073 -11 3.69552
      vertex 1.03528 -11 3.8637
    endloop
  endfacet
  facet normal 0 -1 0
    outer loop
      vertex -2 -11 3.4641
      vertex 1.53073 -11 3.69552
      vertex -1.53073 -11 3.69552
    endloop
  endfacet
  facet normal 0 -1 0
    outer loop
      vertex -2 -11 3.4641
      vertex 2 -11 3.4641
      vertex 1.53073 -11 3.69552
    endloop
  endfacet
  facet normal 0 -1 0
    outer loop
      vertex -2.43505 -11 3.17341
      vertex 2 -11 3.4641
      vertex -2 -11 3.4641
    endloop
  endfacet
  facet normal 0 -1 0
    outer loop
      vertex -2.43505 -11 3.17341
      vertex 2.43505 -11 3.17341
      vertex 2 -11 3.4641
    endloop
  endfacet
  facet normal 0 -1 0
    outer loop
      vertex -2.82843 -11 2.82843
      vertex 2.43505 -11 3.17341
      vertex -2.43505 -11 3.17341
    endloop
  endfacet
  facet normal 0 -1 0
    outer loop
      vertex -2.82843 -11 2.82843
      vertex 2.82843 -11 2.82843
      vertex 2.43505 -11 3.17341
    endloop
  endfacet
  facet normal 0 -1 0
    outer loop
      vertex -3.17341 -11 2.43505
      vertex 2.82843 -11 2.82843
      vertex -2.82843 -11 2.82843
    endloop
  endfacet
  facet normal 0 -1 0
    outer loop
      vertex -3.17341 -11 2.43505
      vertex 3.17341 -11 2.43505
      vertex 2.82843 -11 2.82843
    endloop
  endfacet
  facet normal 0 -1 0
    outer loop
      vertex -3.4641 -11 2
      vertex 3.17341 -11 2.43505
      vertex -3.17341 -11 2.43505
    endloop
  endfacet
  facet normal 0 -1 0
    outer loop
      vertex -3.4641 -11 2
      vertex 3.4641 -11 2
      vertex 3.17341 -11 2.43505
    endloop
  endfacet
  facet normal 0 -1 0
    outer loop
      vertex -3.69552 -11 1.53073
      vertex 3.4641 -11 2
      vertex -3.4641 -11 2
    endloop
  endfacet
  facet normal 0 -1 0
    outer loop
      vertex -3.69552 -11 1.53073
      vertex 3.69552 -11 1.53073
      vertex 3.4641 -11 2
    endloop
  endfacet
  facet normal 0 -1 0
    outer loop
      vertex -3.8637 -11 1.03528
      vertex 3.69552 -11 1.53073
      vertex -3.69552 -11 1.53073
    endloop
  endfacet
  facet normal 0 -1 0
    outer loop
      vertex -3.8637 -11 1.03528
      vertex 3.8637 -11 1.03528
      vertex 3.69552 -11 1.53073
    endloop
  endfacet
  facet normal 0 -1 0
    outer loop
      vertex -3.96578 -11 0.522104
      vertex 3.8637 -11 1.03528
      vertex -3.8637 -11 1.03528
    endloop
  endfacet
  facet normal 0 -1 0
    outer loop
      vertex -3.96578 -11 0.522104
      vertex 3.96578 -11 0.522104
      vertex 3.8637 -11 1.03528
    endloop
  endfacet
  facet normal 0 -1 0
    outer loop
      vertex -4 -11 0
      vertex 3.96578 -11 0.522104
      vertex -3.96578 -11 0.522104
    endloop
  endfacet
  facet normal 0 -1 0
    outer loop
      vertex -4 -11 0
      vertex 4 -11 0
      vertex 3.96578 -11 0.522104
    endloop
  endfacet
  facet normal 0 -1 0
    outer loop
      vertex -3.96578 -11 -0.522104
      vertex 4 -11 0
      vertex -4 -11 0
    endloop
  endfacet
  facet normal 0 -1 0
    outer loop
      vertex -3.96578 -11 -0.522104
      vertex 3.96578 -11 -0.522104
      vertex 4 -11 0
    endloop
  endfacet
  facet normal 0 -1 0
    outer loop
      vertex -3.8637 -11 -1.03528
      vertex 3.96578 -11 -0.522104
      vertex -3.96578 -11 -0.522104
    endloop
  endfacet
  facet normal 0 -1 0
    outer loop
      vertex -3.8637 -11 -1.03528
      vertex 3.8637 -11 -1.03528
      vertex 3.96578 -11 -0.522104
    endloop
  endfacet
  facet normal 0 -1 0
    outer loop
      vertex -3.69552 -11 -1.53073
      vertex 3.8637 -11 -1.03528
      vertex -3.8637 -11 -1.03528
    endloop
  endfacet
  facet normal 0 -1 0
    outer loop
      vertex -3.69552 -11 -1.53073
      vertex 3.69552 -11 -1.53073
      vertex 3.8637 -11 -1.03528
    endloop
  endfacet
  facet normal 0 -1 0
    outer loop
      vertex -3.4641 -11 -2
      vertex 3.69552 -11 -1.53073
      vertex -3.69552 -11 -1.53073
    endloop
  endfacet
  facet normal 0 -1 0
    outer loop
      vertex -3.4641 -11 -2
      vertex 3.4641 -11 -2
      vertex 3.69552 -11 -1.53073
    endloop
  endfacet
  facet normal 0 -1 0
    outer loop
      vertex -3.17341 -11 -2.43505
      vertex 3.4641 -11 -2
      vertex -3.4641 -11 -2
    endloop
  endfacet
  facet normal 0 -1 0
    outer loop
      vertex -3.17341 -11 -2.43505
      vertex 3.17341 -11 -2.43505
      vertex 3.4641 -11 -2
    endloop
  endfacet
  facet normal 0 -1 0
    outer loop
      vertex -2.82843 -11 -2.82843
      vertex 3.17341 -11 -2.43505
      vertex -3.17341 -11 -2.43505
    endloop
  endfacet
  facet normal 0 -1 0
    outer loop
      vertex -2.82843 -11 -2.82843
      vertex 2.82843 -11 -2.82843
      vertex 3.17341 -11 -2.43505
    endloop
  endfacet
  facet normal 0 -1 0
    outer loop
      vertex -2.43505 -11 -3.17341
      vertex 2.82843 -11 -2.82843
      vertex -2.82843 -11 -2.82843
    endloop
  endfacet
  facet normal 0 -1 0
    outer loop
      vertex -2.43505 -11 -3.17341
      vertex 2.43505 -11 -3.17341
      vertex 2.82843 -11 -2.82843
    endloop
  endfacet
  facet normal 0 -1 0
    outer loop
      vertex -2 -11 -3.4641
      vertex 2.43505 -11 -3.17341
      vertex -2.43505 -11 -3.17341
    endloop
  endfacet
  facet normal 0 -1 0
    outer loop
      vertex -2 -11 -3.4641
      vertex 2 -11 -3.4641
      vertex 2.43505 -11 -3.17341
    endloop
  endfacet
  facet normal 0 -1 0
    outer loop
      vertex -1.53073 -11 -3.69552
      vertex 2 -11 -3.4641
      vertex -2 -11 -3.4641
    endloop
  endfacet
  facet normal 0 -1 0
    outer loop
      vertex -1.53073 -11 -3.69552
      vertex 1.53073 -11 -3.69552
      vertex 2 -11 -3.4641
    endloop
  endfacet
  facet normal 0 -1 0
    outer loop
      vertex -1.03528 -11 -3.8637
      vertex 1.53073 -11 -3.69552
      vertex -1.53073 -11 -3.69552
    endloop
  endfacet
  facet normal 0 -1 0
    outer loop
      vertex -1.03528 -11 -3.8637
      vertex 1.03528 -11 -3.8637
      vertex 1.53073 -11 -3.69552
    endloop
  endfacet
  facet normal 0 -1 0
    outer loop
      vertex -0.522104 -11 -3.96578
      vertex 1.03528 -11 -3.8637
      vertex -1.03528 -11 -3.8637
    endloop
  endfacet
  facet normal 0 -1 0
    outer loop
      vertex -0.522104 -11 -3.96578
      vertex 0.522104 -11 -3.96578
      vertex 1.03528 -11 -3.8637
    endloop
  endfacet
  facet normal -0 -1 0
    outer loop
      vertex 0.522104 -11 -3.96578
      vertex -0.522104 -11 -3.96578
      vertex 0 -11 -4
    endloop
  endfacet
  facet normal -1 0 0
    outer loop
      vertex -7 -3 7.13339
      vertex -7 -6 7.13339
      vertex -7 -3 65
    endloop
  endfacet
  facet normal -1 0 0
    outer loop
      vertex -7 3 65
      vertex -7 6 7.13339
      vertex -7 3 7.13339
    endloop
  endfacet
  facet normal -1 0 0
    outer loop
      vertex -7 6 7.13339
      vertex -7 3 65
      vertex -7 6 66.1456
    endloop
  endfacet
  facet normal -1 0 0
    outer loop
      vertex -7 -3 65
      vertex -7 6 66.1456
      vertex -7 3 65
    endloop
  endfacet
  facet normal -1 0 0
    outer loop
      vertex -7 -3 65
      vertex -7 -6 66.1456
      vertex -7 6 66.1456
    endloop
  endfacet
  facet normal -1 0 0
    outer loop
      vertex -7 -6 66.1456
      vertex -7 -3 65
      vertex -7 -6 7.13339
    endloop
  endfacet
  facet normal -0 0 1
    outer loop
      vertex -9 3 65
      vertex -7 -3 65
      vertex -7 3 65
    endloop
  endfacet
  facet normal 0 0 1
    outer loop
      vertex -7 -3 65
      vertex -9 3 65
      vertex -9 -3 65
    endloop
  endfacet
  facet normal 0 0 -1
    outer loop
      vertex -9 -3 5
      vertex -8.66025 3 5
      vertex -8.66025 -3 5
    endloop
  endfacet
  facet normal -0 0 -1
    outer loop
      vertex -8.66025 3 5
      vertex -9 -3 5
      vertex -9 3 5
    endloop
  endfacet
  facet normal -1 0 0
    outer loop
      vertex -9 -3 5
      vertex -9 3 65
      vertex -9 3 5
    endloop
  endfacet
  facet normal -1 -0 0
    outer loop
      vertex -9 3 65
      vertex -9 -3 5
      vertex -9 -3 65
    endloop
  endfacet
  facet normal 0 1 -0
    outer loop
      vertex -7 3 7.13339
      vertex -9 3 65
      vertex -7 3 65
    endloop
  endfacet
  facet normal 0 1 -0
    outer loop
      vertex -7.07107 3 7.07107
      vertex -9 3 65
      vertex -7 3 7.13339
    endloop
  endfacet
  facet normal 0 1 0
    outer loop
      vertex -9 3 5
      vertex -7.07107 3 7.07107
      vertex -7.93353 3 6.08761
    endloop
  endfacet
  facet normal 0 1 0
    outer loop
      vertex -9 3 5
      vertex -7.93353 3 6.08761
      vertex -8.66025 3 5
    endloop
  endfacet
  facet normal 0 1 0
    outer loop
      vertex -7.07107 3 7.07107
      vertex -9 3 5
      vertex -9 3 65
    endloop
  endfacet
  facet normal 0 -1 0
    outer loop
      vertex -9 -3 65
      vertex -7 -3 7.13339
      vertex -7 -3 65
    endloop
  endfacet
  facet normal 0 -1 0
    outer loop
      vertex -9 -3 65
      vertex -7.07107 -3 7.07107
      vertex -7 -3 7.13339
    endloop
  endfacet
  facet normal 0 -1 0
    outer loop
      vertex -9 -3 5
      vertex -7.07107 -3 7.07107
      vertex -9 -3 65
    endloop
  endfacet
  facet normal 0 -1 0
    outer loop
      vertex -7.07107 -3 7.07107
      vertex -9 -3 5
      vertex -7.93353 -3 6.08761
    endloop
  endfacet
  facet normal 0 -1 0
    outer loop
      vertex -7.93353 -3 6.08761
      vertex -9 -3 5
      vertex -8.66025 -3 5
    endloop
  endfacet
  facet normal 1 -0 0
    outer loop
      vertex 9 -3 65
      vertex 9 3 5
      vertex 9 3 65
    endloop
  endfacet
  facet normal 1 0 0
    outer loop
      vertex 9 3 5
      vertex 9 -3 65
      vertex 9 -3 5
    endloop
  endfacet
  facet normal -0 0 1
    outer loop
      vertex 7 3 65
      vertex 9 -3 65
      vertex 9 3 65
    endloop
  endfacet
  facet normal 0 0 1
    outer loop
      vertex 9 -3 65
      vertex 7 3 65
      vertex 7 -3 65
    endloop
  endfacet
  facet normal 0 0 -1
    outer loop
      vertex 8.66025 -3 5
      vertex 9 3 5
      vertex 9 -3 5
    endloop
  endfacet
  facet normal -0 0 -1
    outer loop
      vertex 9 3 5
      vertex 8.66025 -3 5
      vertex 8.66025 3 5
    endloop
  endfacet
  facet normal 1 0 0
    outer loop
      vertex 7 6 66.1456
      vertex 7 3 65
      vertex 7 6 7.13339
    endloop
  endfacet
  facet normal 1 0 0
    outer loop
      vertex 7 6 66.1456
      vertex 7 -3 65
      vertex 7 3 65
    endloop
  endfacet
  facet normal 1 -0 0
    outer loop
      vertex 7 -6 66.1456
      vertex 7 -3 65
      vertex 7 6 66.1456
    endloop
  endfacet
  facet normal 1 0 0
    outer loop
      vertex 7 -6 7.13339
      vertex 7 -3 65
      vertex 7 -6 66.1456
    endloop
  endfacet
  facet normal 1 0 0
    outer loop
      vertex 7 -3 65
      vertex 7 -6 7.13339
      vertex 7 -3 7.13339
    endloop
  endfacet
  facet normal 1 0 0
    outer loop
      vertex 7 6 7.13339
      vertex 7 3 65
      vertex 7 3 7.13339
    endloop
  endfacet
  facet normal 0 1 0
    outer loop
      vertex 9 3 65
      vertex 7 3 7.13339
      vertex 7 3 65
    endloop
  endfacet
  facet normal 0 1 0
    outer loop
      vertex 9 3 65
      vertex 7.07107 3 7.07107
      vertex 7 3 7.13339
    endloop
  endfacet
  facet normal 0 1 -0
    outer loop
      vertex 9 3 5
      vertex 7.07107 3 7.07107
      vertex 9 3 65
    endloop
  endfacet
  facet normal 0 1 0
    outer loop
      vertex 7.07107 3 7.07107
      vertex 9 3 5
      vertex 7.93353 3 6.08761
    endloop
  endfacet
  facet normal 0 1 0
    outer loop
      vertex 7.93353 3 6.08761
      vertex 9 3 5
      vertex 8.66025 3 5
    endloop
  endfacet
  facet normal 0 -1 0
    outer loop
      vertex 7 -3 7.13339
      vertex 9 -3 65
      vertex 7 -3 65
    endloop
  endfacet
  facet normal 0 -1 0
    outer loop
      vertex 7.07107 -3 7.07107
      vertex 9 -3 65
      vertex 7 -3 7.13339
    endloop
  endfacet
  facet normal 0 -1 0
    outer loop
      vertex 9 -3 5
      vertex 7.07107 -3 7.07107
      vertex 7.93353 -3 6.08761
    endloop
  endfacet
  facet normal 0 -1 0
    outer loop
      vertex 9 -3 5
      vertex 7.93353 -3 6.08761
      vertex 8.66025 -3 5
    endloop
  endfacet
  facet normal 0 -1 0
    outer loop
      vertex 7.07107 -3 7.07107
      vertex 9 -3 5
      vertex 9 -3 65
    endloop
  endfacet
  facet normal -0.997859 0 -0.0654027
    outer loop
      vertex -7.93156 -8 68.9558
      vertex -8 8 70
      vertex -7.93156 8 68.9558
    endloop
  endfacet
  facet normal -0.997859 -0 -0.0654027
    outer loop
      vertex -8 8 70
      vertex -7.93156 -8 68.9558
      vertex -8 -8 70
    endloop
  endfacet
  facet normal 0.980784 -0 0.195096
    outer loop
      vertex 7.72741 -8 72.0705
      vertex 7.93156 8 71.0442
      vertex 7.72741 8 72.0705
    endloop
  endfacet
  facet normal 0.980784 0 0.195096
    outer loop
      vertex 7.93156 8 71.0442
      vertex 7.72741 -8 72.0705
      vertex 7.93156 -8 71.0442
    endloop
  endfacet
  facet normal 0.997859 -0 0.0654027
    outer loop
      vertex 7.93156 -8 71.0442
      vertex 8 8 70
      vertex 7.93156 8 71.0442
    endloop
  endfacet
  facet normal 0.997859 0 0.0654027
    outer loop
      vertex 8 8 70
      vertex 7.93156 -8 71.0442
      vertex 8 -8 70
    endloop
  endfacet
  facet normal -0.659308 0 0.751873
    outer loop
      vertex -5.65685 8 75.6569
      vertex -4.87009 -8 76.3468
      vertex -4.87009 8 76.3468
    endloop
  endfacet
  facet normal -0.659308 0 0.751873
    outer loop
      vertex -4.87009 -8 76.3468
      vertex -5.65685 8 75.6569
      vertex -5.65685 -8 75.6569
    endloop
  endfacet
  facet normal 0.442264 0 0.896885
    outer loop
      vertex 3.06147 8 77.391
      vertex 4 -8 76.9282
      vertex 4 8 76.9282
    endloop
  endfacet
  facet normal 0.442264 0 0.896885
    outer loop
      vertex 4 -8 76.9282
      vertex 3.06147 8 77.391
      vertex 3.06147 -8 77.391
    endloop
  endfacet
  facet normal 0.065364 0 -0.997861
    outer loop
      vertex 0 -8 62
      vertex 1.04421 -6 62.0684
      vertex 1.04421 -8 62.0684
    endloop
  endfacet
  facet normal 0.065364 0 -0.997861
    outer loop
      vertex 1.04421 -6 62.0684
      vertex 0 -8 62
      vertex 0 -6 62
    endloop
  endfacet
  facet normal 0.065364 0 -0.997861
    outer loop
      vertex 0 6 62
      vertex 1.04421 8 62.0684
      vertex 1.04421 6 62.0684
    endloop
  endfacet
  facet normal 0.065364 0 -0.997861
    outer loop
      vertex 1.04421 8 62.0684
      vertex 0 6 62
      vertex 0 8 62
    endloop
  endfacet
  facet normal 0.980784 0 -0.195096
    outer loop
      vertex 7.93156 -8 68.9558
      vertex 7.72741 8 67.9295
      vertex 7.93156 8 68.9558
    endloop
  endfacet
  facet normal 0.980784 0 -0.195096
    outer loop
      vertex 7.72741 8 67.9295
      vertex 7.93156 -8 68.9558
      vertex 7.72741 -8 67.9295
    endloop
  endfacet
  facet normal 0.831475 0 -0.555562
    outer loop
      vertex 6.9282 -8 66
      vertex 6.34683 -6 65.1299
      vertex 6.9282 -6 66
    endloop
  endfacet
  facet normal 0.831475 0 -0.555562
    outer loop
      vertex 6.34683 -6 65.1299
      vertex 6.9282 -8 66
      vertex 6.34683 -8 65.1299
    endloop
  endfacet
  facet normal 0.831475 0 -0.555562
    outer loop
      vertex 6.9282 6 66
      vertex 6.34683 8 65.1299
      vertex 6.9282 8 66
    endloop
  endfacet
  facet normal 0.831475 0 -0.555562
    outer loop
      vertex 6.34683 8 65.1299
      vertex 6.9282 6 66
      vertex 6.34683 6 65.1299
    endloop
  endfacet
  facet normal -0.195135 0 0.980776
    outer loop
      vertex -2.07055 8 77.7274
      vertex -1.04421 -8 77.9316
      vertex -1.04421 8 77.9316
    endloop
  endfacet
  facet normal -0.195135 0 0.980776
    outer loop
      vertex -1.04421 -8 77.9316
      vertex -2.07055 8 77.7274
      vertex -2.07055 -8 77.7274
    endloop
  endfacet
  facet normal 0.997859 0 -0.0654027
    outer loop
      vertex 8 -8 70
      vertex 7.93156 8 68.9558
      vertex 8 8 70
    endloop
  endfacet
  facet normal 0.997859 0 -0.0654027
    outer loop
      vertex 7.93156 8 68.9558
      vertex 8 -8 70
      vertex 7.93156 -8 68.9558
    endloop
  endfacet
  facet normal 0.195135 0 -0.980776
    outer loop
      vertex 1.04421 6 62.0684
      vertex 2.07055 8 62.2726
      vertex 2.07055 6 62.2726
    endloop
  endfacet
  facet normal 0.195135 0 -0.980776
    outer loop
      vertex 2.07055 8 62.2726
      vertex 1.04421 6 62.0684
      vertex 1.04421 8 62.0684
    endloop
  endfacet
  facet normal 0.195135 0 -0.980776
    outer loop
      vertex 1.04421 -8 62.0684
      vertex 2.07055 -6 62.2726
      vertex 2.07055 -8 62.2726
    endloop
  endfacet
  facet normal 0.195135 0 -0.980776
    outer loop
      vertex 2.07055 -6 62.2726
      vertex 1.04421 -8 62.0684
      vertex 1.04421 -6 62.0684
    endloop
  endfacet
  facet normal -0.555586 0 0.831459
    outer loop
      vertex -4.87009 8 76.3468
      vertex -4 -8 76.9282
      vertex -4 8 76.9282
    endloop
  endfacet
  facet normal -0.555586 0 0.831459
    outer loop
      vertex -4 -8 76.9282
      vertex -4.87009 8 76.3468
      vertex -4.87009 -8 76.3468
    endloop
  endfacet
  facet normal -0.751852 0 -0.659332
    outer loop
      vertex -5.65685 -8 64.3431
      vertex -6.34683 -6 65.1299
      vertex -5.65685 -6 64.3431
    endloop
  endfacet
  facet normal -0.751852 -0 -0.659332
    outer loop
      vertex -6.34683 -6 65.1299
      vertex -5.65685 -8 64.3431
      vertex -6.34683 -8 65.1299
    endloop
  endfacet
  facet normal -0.751852 0 -0.659332
    outer loop
      vertex -5.65685 6 64.3431
      vertex -6.34683 8 65.1299
      vertex -5.65685 8 64.3431
    endloop
  endfacet
  facet normal -0.751852 -0 -0.659332
    outer loop
      vertex -6.34683 8 65.1299
      vertex -5.65685 6 64.3431
      vertex -6.34683 6 65.1299
    endloop
  endfacet
  facet normal 0.659308 0 -0.751873
    outer loop
      vertex 4.87009 6 63.6532
      vertex 5.65685 8 64.3431
      vertex 5.65685 6 64.3431
    endloop
  endfacet
  facet normal 0.659308 0 -0.751873
    outer loop
      vertex 5.65685 8 64.3431
      vertex 4.87009 6 63.6532
      vertex 4.87009 8 63.6532
    endloop
  endfacet
  facet normal 0.659308 0 -0.751873
    outer loop
      vertex 4.87009 -8 63.6532
      vertex 5.65685 -6 64.3431
      vertex 5.65685 -8 64.3431
    endloop
  endfacet
  facet normal 0.659308 0 -0.751873
    outer loop
      vertex 5.65685 -6 64.3431
      vertex 4.87009 -8 63.6532
      vertex 4.87009 -6 63.6532
    endloop
  endfacet
  facet normal -0.321463 0 -0.946922
    outer loop
      vertex -3.06147 -8 62.609
      vertex -2.07055 -6 62.2726
      vertex -2.07055 -8 62.2726
    endloop
  endfacet
  facet normal -0.321463 0 -0.946922
    outer loop
      vertex -2.07055 -6 62.2726
      vertex -3.06147 -8 62.609
      vertex -3.06147 -6 62.609
    endloop
  endfacet
  facet normal -0.321463 0 -0.946922
    outer loop
      vertex -3.06147 6 62.609
      vertex -2.07055 8 62.2726
      vertex -2.07055 6 62.2726
    endloop
  endfacet
  facet normal -0.321463 0 -0.946922
    outer loop
      vertex -2.07055 8 62.2726
      vertex -3.06147 6 62.609
      vertex -3.06147 8 62.609
    endloop
  endfacet
  facet normal 0.946939 -0 0.321414
    outer loop
      vertex 7.39104 -8 73.0615
      vertex 7.72741 8 72.0705
      vertex 7.39104 8 73.0615
    endloop
  endfacet
  facet normal 0.946939 0 0.321414
    outer loop
      vertex 7.72741 8 72.0705
      vertex 7.39104 -8 73.0615
      vertex 7.72741 -8 72.0705
    endloop
  endfacet
  facet normal 0 -1 0
    outer loop
      vertex 0 -8 73.5
      vertex 0 -8 78
      vertex -1.04421 -8 77.9316
    endloop
  endfacet
  facet normal 0 -1 0
    outer loop
      vertex -0.456841 -8 73.4701
      vertex -1.04421 -8 77.9316
      vertex -2.07055 -8 77.7274
    endloop
  endfacet
  facet normal 0 -1 0
    outer loop
      vertex 0 -8 78
      vertex 0 -8 73.5
      vertex 1.04421 -8 77.9316
    endloop
  endfacet
  facet normal 0 -1 0
    outer loop
      vertex -0.905867 -8 73.3807
      vertex -2.07055 -8 77.7274
      vertex -3.06147 -8 77.391
    endloop
  endfacet
  facet normal 0 -1 0
    outer loop
      vertex 0.456841 -8 73.4701
      vertex 1.04421 -8 77.9316
      vertex 0 -8 73.5
    endloop
  endfacet
  facet normal 0 -1 0
    outer loop
      vertex -1.33939 -8 73.2336
      vertex -3.06147 -8 77.391
      vertex -4 -8 76.9282
    endloop
  endfacet
  facet normal 0 -1 -0
    outer loop
      vertex 1.04421 -8 77.9316
      vertex 0.456841 -8 73.4701
      vertex 2.07055 -8 77.7274
    endloop
  endfacet
  facet normal 0 -1 0
    outer loop
      vertex -1.75 -8 73.0311
      vertex -4 -8 76.9282
      vertex -4.87009 -8 76.3468
    endloop
  endfacet
  facet normal 0 -1 0
    outer loop
      vertex 0.905867 -8 73.3807
      vertex 2.07055 -8 77.7274
      vertex 0.456841 -8 73.4701
    endloop
  endfacet
  facet normal 0 -1 0
    outer loop
      vertex -2.13066 -8 72.7767
      vertex -4.87009 -8 76.3468
      vertex -5.65685 -8 75.6569
    endloop
  endfacet
  facet normal 0 -1 -0
    outer loop
      vertex 2.07055 -8 77.7274
      vertex 0.905867 -8 73.3807
      vertex 3.06147 -8 77.391
    endloop
  endfacet
  facet normal 0 -1 0
    outer loop
      vertex -2.47487 -8 72.4749
      vertex -5.65685 -8 75.6569
      vertex -6.34683 -8 74.8701
    endloop
  endfacet
  facet normal 0 -1 0
    outer loop
      vertex 1.33939 -8 73.2336
      vertex 3.06147 -8 77.391
      vertex 0.905867 -8 73.3807
    endloop
  endfacet
  facet normal 0 -1 0
    outer loop
      vertex -2.77674 -8 72.1307
      vertex -6.34683 -8 74.8701
      vertex -6.9282 -8 74
    endloop
  endfacet
  facet normal 0 -1 -0
    outer loop
      vertex 3.06147 -8 77.391
      vertex 1.33939 -8 73.2336
      vertex 4 -8 76.9282
    endloop
  endfacet
  facet normal 0 -1 0
    outer loop
      vertex 1.75 -8 73.0311
      vertex 4 -8 76.9282
      vertex 1.33939 -8 73.2336
    endloop
  endfacet
  facet normal 0 -1 0
    outer loop
      vertex -1.04421 -8 77.9316
      vertex -0.456841 -8 73.4701
      vertex 0 -8 73.5
    endloop
  endfacet
  facet normal 0 -1 0
    outer loop
      vertex -2.07055 -8 77.7274
      vertex -0.905867 -8 73.3807
      vertex -0.456841 -8 73.4701
    endloop
  endfacet
  facet normal 0 -1 0
    outer loop
      vertex -3.06147 -8 77.391
      vertex -1.33939 -8 73.2336
      vertex -0.905867 -8 73.3807
    endloop
  endfacet
  facet normal 0 -1 0
    outer loop
      vertex -3.03109 -8 71.75
      vertex -6.9282 -8 74
      vertex -7.39104 -8 73.0615
    endloop
  endfacet
  facet normal 0 -1 0
    outer loop
      vertex -4 -8 76.9282
      vertex -1.75 -8 73.0311
      vertex -1.33939 -8 73.2336
    endloop
  endfacet
  facet normal 0 -1 0
    outer loop
      vertex -4.87009 -8 76.3468
      vertex -2.13066 -8 72.7767
      vertex -1.75 -8 73.0311
    endloop
  endfacet
  facet normal 0 -1 0
    outer loop
      vertex -5.65685 -8 75.6569
      vertex -2.47487 -8 72.4749
      vertex -2.13066 -8 72.7767
    endloop
  endfacet
  facet normal 0 -1 0
    outer loop
      vertex -6.34683 -8 74.8701
      vertex -2.77674 -8 72.1307
      vertex -2.47487 -8 72.4749
    endloop
  endfacet
  facet normal 0 -1 0
    outer loop
      vertex -3.23358 -8 71.3394
      vertex -7.39104 -8 73.0615
      vertex -7.72741 -8 72.0705
    endloop
  endfacet
  facet normal 0 -1 0
    outer loop
      vertex -6.9282 -8 74
      vertex -3.03109 -8 71.75
      vertex -2.77674 -8 72.1307
    endloop
  endfacet
  facet normal 0 -1 0
    outer loop
      vertex -7.39104 -8 73.0615
      vertex -3.23358 -8 71.3394
      vertex -3.03109 -8 71.75
    endloop
  endfacet
  facet normal 0 -1 0
    outer loop
      vertex -3.38074 -8 70.9059
      vertex -7.72741 -8 72.0705
      vertex -7.93156 -8 71.0442
    endloop
  endfacet
  facet normal 0 -1 0
    outer loop
      vertex -7.72741 -8 72.0705
      vertex -3.38074 -8 70.9059
      vertex -3.23358 -8 71.3394
    endloop
  endfacet
  facet normal 0 -1 0
    outer loop
      vertex -7.93156 -8 71.0442
      vertex -3.47006 -8 70.4568
      vertex -3.38074 -8 70.9059
    endloop
  endfacet
  facet normal 0 -1 0
    outer loop
      vertex -8 -8 70
      vertex -3.47006 -8 70.4568
      vertex -7.93156 -8 71.0442
    endloop
  endfacet
  facet normal 0 -1 0
    outer loop
      vertex -8 -8 70
      vertex -3.5 -8 70
      vertex -3.47006 -8 70.4568
    endloop
  endfacet
  facet normal 0 -1 0
    outer loop
      vertex -8 -8 70
      vertex -3.47006 -8 69.5432
      vertex -3.5 -8 70
    endloop
  endfacet
  facet normal 0 -1 0
    outer loop
      vertex -7.93156 -8 68.9558
      vertex -3.47006 -8 69.5432
      vertex -8 -8 70
    endloop
  endfacet
  facet normal 0 -1 -0
    outer loop
      vertex -3.47006 -8 69.5432
      vertex -7.93156 -8 68.9558
      vertex -3.38074 -8 69.0941
    endloop
  endfacet
  facet normal 0 -1 0
    outer loop
      vertex -7.72741 -8 67.9295
      vertex -3.38074 -8 69.0941
      vertex -7.93156 -8 68.9558
    endloop
  endfacet
  facet normal 0 -1 -0
    outer loop
      vertex -3.38074 -8 69.0941
      vertex -7.72741 -8 67.9295
      vertex -3.23358 -8 68.6606
    endloop
  endfacet
  facet normal 0 -1 0
    outer loop
      vertex -7.39104 -8 66.9385
      vertex -3.23358 -8 68.6606
      vertex -7.72741 -8 67.9295
    endloop
  endfacet
  facet normal 0 -1 -0
    outer loop
      vertex -3.23358 -8 68.6606
      vertex -7.39104 -8 66.9385
      vertex -3.03109 -8 68.25
    endloop
  endfacet
  facet normal 0 -1 0
    outer loop
      vertex -6.9282 -8 66
      vertex -3.03109 -8 68.25
      vertex -7.39104 -8 66.9385
    endloop
  endfacet
  facet normal 0 -1 -0
    outer loop
      vertex -3.03109 -8 68.25
      vertex -6.9282 -8 66
      vertex -2.77674 -8 67.8693
    endloop
  endfacet
  facet normal 0 -1 0
    outer loop
      vertex -6.34683 -8 65.1299
      vertex -2.77674 -8 67.8693
      vertex -6.9282 -8 66
    endloop
  endfacet
  facet normal 0 -1 -0
    outer loop
      vertex -2.77674 -8 67.8693
      vertex -6.34683 -8 65.1299
      vertex -2.47487 -8 67.5251
    endloop
  endfacet
  facet normal 0 -1 0
    outer loop
      vertex -5.65685 -8 64.3431
      vertex -2.47487 -8 67.5251
      vertex -6.34683 -8 65.1299
    endloop
  endfacet
  facet normal 0 -1 -0
    outer loop
      vertex -2.47487 -8 67.5251
      vertex -5.65685 -8 64.3431
      vertex -2.13066 -8 67.2233
    endloop
  endfacet
  facet normal 0 -1 0
    outer loop
      vertex -4.87009 -8 63.6532
      vertex -2.13066 -8 67.2233
      vertex -5.65685 -8 64.3431
    endloop
  endfacet
  facet normal 0 -1 -0
    outer loop
      vertex -2.13066 -8 67.2233
      vertex -4.87009 -8 63.6532
      vertex -1.75 -8 66.9689
    endloop
  endfacet
  facet normal 0 -1 0
    outer loop
      vertex -4 -8 63.0718
      vertex -1.75 -8 66.9689
      vertex -4.87009 -8 63.6532
    endloop
  endfacet
  facet normal 0 -1 -0
    outer loop
      vertex 4 -8 76.9282
      vertex 1.75 -8 73.0311
      vertex 4.87009 -8 76.3468
    endloop
  endfacet
  facet normal 0 -1 0
    outer loop
      vertex 2.13066 -8 72.7767
      vertex 4.87009 -8 76.3468
      vertex 1.75 -8 73.0311
    endloop
  endfacet
  facet normal 0 -1 -0
    outer loop
      vertex 4.87009 -8 76.3468
      vertex 2.13066 -8 72.7767
      vertex 5.65685 -8 75.6569
    endloop
  endfacet
  facet normal 0 -1 0
    outer loop
      vertex 2.47487 -8 72.4749
      vertex 5.65685 -8 75.6569
      vertex 2.13066 -8 72.7767
    endloop
  endfacet
  facet normal 0 -1 -0
    outer loop
      vertex 5.65685 -8 75.6569
      vertex 2.47487 -8 72.4749
      vertex 6.34683 -8 74.8701
    endloop
  endfacet
  facet normal 0 -1 0
    outer loop
      vertex 2.77674 -8 72.1307
      vertex 6.34683 -8 74.8701
      vertex 2.47487 -8 72.4749
    endloop
  endfacet
  facet normal 0 -1 -0
    outer loop
      vertex 6.34683 -8 74.8701
      vertex 2.77674 -8 72.1307
      vertex 6.9282 -8 74
    endloop
  endfacet
  facet normal 0 -1 0
    outer loop
      vertex 3.03109 -8 71.75
      vertex 6.9282 -8 74
      vertex 2.77674 -8 72.1307
    endloop
  endfacet
  facet normal 0 -1 -0
    outer loop
      vertex 6.9282 -8 74
      vertex 3.03109 -8 71.75
      vertex 7.39104 -8 73.0615
    endloop
  endfacet
  facet normal 0 -1 0
    outer loop
      vertex 3.23358 -8 71.3394
      vertex 7.39104 -8 73.0615
      vertex 3.03109 -8 71.75
    endloop
  endfacet
  facet normal 0 -1 -0
    outer loop
      vertex 7.39104 -8 73.0615
      vertex 3.23358 -8 71.3394
      vertex 7.72741 -8 72.0705
    endloop
  endfacet
  facet normal 0 -1 0
    outer loop
      vertex 3.38074 -8 70.9059
      vertex 7.72741 -8 72.0705
      vertex 3.23358 -8 71.3394
    endloop
  endfacet
  facet normal 0 -1 -0
    outer loop
      vertex 7.72741 -8 72.0705
      vertex 3.38074 -8 70.9059
      vertex 7.93156 -8 71.0442
    endloop
  endfacet
  facet normal 0 -1 0
    outer loop
      vertex 3.47006 -8 70.4568
      vertex 7.93156 -8 71.0442
      vertex 3.38074 -8 70.9059
    endloop
  endfacet
  facet normal 0 -1 0
    outer loop
      vertex 3.5 -8 70
      vertex 7.93156 -8 71.0442
      vertex 3.47006 -8 70.4568
    endloop
  endfacet
  facet normal 0 -1 0
    outer loop
      vertex 3.5 -8 70
      vertex 8 -8 70
      vertex 7.93156 -8 71.0442
    endloop
  endfacet
  facet normal 0 -1 0
    outer loop
      vertex 3.47006 -8 69.5432
      vertex 8 -8 70
      vertex 3.5 -8 70
    endloop
  endfacet
  facet normal 0 -1 0
    outer loop
      vertex 7.93156 -8 68.9558
      vertex 3.47006 -8 69.5432
      vertex 3.38074 -8 69.0941
    endloop
  endfacet
  facet normal 0 -1 0
    outer loop
      vertex 3.47006 -8 69.5432
      vertex 7.93156 -8 68.9558
      vertex 8 -8 70
    endloop
  endfacet
  facet normal 0 -1 0
    outer loop
      vertex 7.72741 -8 67.9295
      vertex 3.38074 -8 69.0941
      vertex 3.23358 -8 68.6606
    endloop
  endfacet
  facet normal 0 -1 0
    outer loop
      vertex 7.39104 -8 66.9385
      vertex 3.23358 -8 68.6606
      vertex 3.03109 -8 68.25
    endloop
  endfacet
  facet normal 0 -1 0
    outer loop
      vertex 3.38074 -8 69.0941
      vertex 7.72741 -8 67.9295
      vertex 7.93156 -8 68.9558
    endloop
  endfacet
  facet normal 0 -1 0
    outer loop
      vertex 6.9282 -8 66
      vertex 3.03109 -8 68.25
      vertex 2.77674 -8 67.8693
    endloop
  endfacet
  facet normal 0 -1 0
    outer loop
      vertex 6.34683 -8 65.1299
      vertex 2.77674 -8 67.8693
      vertex 2.47487 -8 67.5251
    endloop
  endfacet
  facet normal 0 -1 0
    outer loop
      vertex 5.65685 -8 64.3431
      vertex 2.47487 -8 67.5251
      vertex 2.13066 -8 67.2233
    endloop
  endfacet
  facet normal 0 -1 0
    outer loop
      vertex 4.87009 -8 63.6532
      vertex 2.13066 -8 67.2233
      vertex 1.75 -8 66.9689
    endloop
  endfacet
  facet normal 0 -1 0
    outer loop
      vertex 3.23358 -8 68.6606
      vertex 7.39104 -8 66.9385
      vertex 7.72741 -8 67.9295
    endloop
  endfacet
  facet normal 0 -1 0
    outer loop
      vertex 4 -8 63.0718
      vertex 1.75 -8 66.9689
      vertex 1.33939 -8 66.7664
    endloop
  endfacet
  facet normal 0 -1 0
    outer loop
      vertex 3.06147 -8 62.609
      vertex 1.33939 -8 66.7664
      vertex 0.905867 -8 66.6193
    endloop
  endfacet
  facet normal 0 -1 0
    outer loop
      vertex 2.07055 -8 62.2726
      vertex 0.905867 -8 66.6193
      vertex 0.456841 -8 66.5299
    endloop
  endfacet
  facet normal 0 -1 0
    outer loop
      vertex 1.04421 -8 62.0684
      vertex 0.456841 -8 66.5299
      vertex 0 -8 66.5
    endloop
  endfacet
  facet normal 0 -1 -0
    outer loop
      vertex -1.75 -8 66.9689
      vertex -4 -8 63.0718
      vertex -1.33939 -8 66.7664
    endloop
  endfacet
  facet normal 0 -1 0
    outer loop
      vertex 3.03109 -8 68.25
      vertex 6.9282 -8 66
      vertex 7.39104 -8 66.9385
    endloop
  endfacet
  facet normal 0 -1 0
    outer loop
      vertex -3.06147 -8 62.609
      vertex -1.33939 -8 66.7664
      vertex -4 -8 63.0718
    endloop
  endfacet
  facet normal 0 -1 0
    outer loop
      vertex 2.77674 -8 67.8693
      vertex 6.34683 -8 65.1299
      vertex 6.9282 -8 66
    endloop
  endfacet
  facet normal 0 -1 -0
    outer loop
      vertex -1.33939 -8 66.7664
      vertex -3.06147 -8 62.609
      vertex -0.905867 -8 66.6193
    endloop
  endfacet
  facet normal 0 -1 0
    outer loop
      vertex 2.47487 -8 67.5251
      vertex 5.65685 -8 64.3431
      vertex 6.34683 -8 65.1299
    endloop
  endfacet
  facet normal 0 -1 0
    outer loop
      vertex -2.07055 -8 62.2726
      vertex -0.905867 -8 66.6193
      vertex -3.06147 -8 62.609
    endloop
  endfacet
  facet normal 0 -1 0
    outer loop
      vertex 2.13066 -8 67.2233
      vertex 4.87009 -8 63.6532
      vertex 5.65685 -8 64.3431
    endloop
  endfacet
  facet normal 0 -1 -0
    outer loop
      vertex -0.905867 -8 66.6193
      vertex -2.07055 -8 62.2726
      vertex -0.456841 -8 66.5299
    endloop
  endfacet
  facet normal 0 -1 0
    outer loop
      vertex 1.75 -8 66.9689
      vertex 4 -8 63.0718
      vertex 4.87009 -8 63.6532
    endloop
  endfacet
  facet normal 0 -1 0
    outer loop
      vertex -1.04421 -8 62.0684
      vertex -0.456841 -8 66.5299
      vertex -2.07055 -8 62.2726
    endloop
  endfacet
  facet normal 0 -1 0
    outer loop
      vertex 1.33939 -8 66.7664
      vertex 3.06147 -8 62.609
      vertex 4 -8 63.0718
    endloop
  endfacet
  facet normal 0 -1 -0
    outer loop
      vertex -0.456841 -8 66.5299
      vertex -1.04421 -8 62.0684
      vertex 0 -8 66.5
    endloop
  endfacet
  facet normal 0 -1 0
    outer loop
      vertex 0.905867 -8 66.6193
      vertex 2.07055 -8 62.2726
      vertex 3.06147 -8 62.609
    endloop
  endfacet
  facet normal 0 -1 0
    outer loop
      vertex 0 -8 62
      vertex 0 -8 66.5
      vertex -1.04421 -8 62.0684
    endloop
  endfacet
  facet normal 0 -1 0
    outer loop
      vertex 0.456841 -8 66.5299
      vertex 1.04421 -8 62.0684
      vertex 2.07055 -8 62.2726
    endloop
  endfacet
  facet normal 0 -1 0
    outer loop
      vertex 0 -8 66.5
      vertex 0 -8 62
      vertex 1.04421 -8 62.0684
    endloop
  endfacet
  facet normal 0.321463 0 0.946922
    outer loop
      vertex 2.07055 8 77.7274
      vertex 3.06147 -8 77.391
      vertex 3.06147 8 77.391
    endloop
  endfacet
  facet normal 0.321463 0 0.946922
    outer loop
      vertex 3.06147 -8 77.391
      vertex 2.07055 8 77.7274
      vertex 2.07055 -8 77.7274
    endloop
  endfacet
  facet normal -0.980784 0 -0.195096
    outer loop
      vertex -7.72741 -8 67.9295
      vertex -7.93156 8 68.9558
      vertex -7.72741 8 67.9295
    endloop
  endfacet
  facet normal -0.980784 -0 -0.195096
    outer loop
      vertex -7.93156 8 68.9558
      vertex -7.72741 -8 67.9295
      vertex -7.93156 -8 68.9558
    endloop
  endfacet
  facet normal -0.442264 0 -0.896885
    outer loop
      vertex -4 -8 63.0718
      vertex -3.06147 -6 62.609
      vertex -3.06147 -8 62.609
    endloop
  endfacet
  facet normal -0.442264 0 -0.896885
    outer loop
      vertex -3.06147 -6 62.609
      vertex -4 -8 63.0718
      vertex -4 -6 63.0718
    endloop
  endfacet
  facet normal -0.442264 0 -0.896885
    outer loop
      vertex -4 6 63.0718
      vertex -3.06147 8 62.609
      vertex -3.06147 6 62.609
    endloop
  endfacet
  facet normal -0.442264 0 -0.896885
    outer loop
      vertex -3.06147 8 62.609
      vertex -4 6 63.0718
      vertex -4 8 63.0718
    endloop
  endfacet
  facet normal 0.896864 -0 0.442306
    outer loop
      vertex 6.9282 -8 74
      vertex 7.39104 8 73.0615
      vertex 6.9282 8 74
    endloop
  endfacet
  facet normal 0.896864 0 0.442306
    outer loop
      vertex 7.39104 8 73.0615
      vertex 6.9282 -8 74
      vertex 7.39104 -8 73.0615
    endloop
  endfacet
  facet normal -0.555586 0 -0.831459
    outer loop
      vertex -4.87009 -8 63.6532
      vertex -4 -6 63.0718
      vertex -4 -8 63.0718
    endloop
  endfacet
  facet normal -0.555586 0 -0.831459
    outer loop
      vertex -4 -6 63.0718
      vertex -4.87009 -8 63.6532
      vertex -4.87009 -6 63.6532
    endloop
  endfacet
  facet normal -0.555586 0 -0.831459
    outer loop
      vertex -4.87009 6 63.6532
      vertex -4 8 63.0718
      vertex -4 6 63.0718
    endloop
  endfacet
  facet normal -0.555586 0 -0.831459
    outer loop
      vertex -4 8 63.0718
      vertex -4.87009 6 63.6532
      vertex -4.87009 8 63.6532
    endloop
  endfacet
  facet normal 0.321463 0 -0.946922
    outer loop
      vertex 2.07055 6 62.2726
      vertex 3.06147 8 62.609
      vertex 3.06147 6 62.609
    endloop
  endfacet
  facet normal 0.321463 0 -0.946922
    outer loop
      vertex 3.06147 8 62.609
      vertex 2.07055 6 62.2726
      vertex 2.07055 8 62.2726
    endloop
  endfacet
  facet normal 0.321463 0 -0.946922
    outer loop
      vertex 2.07055 -8 62.2726
      vertex 3.06147 -6 62.609
      vertex 3.06147 -8 62.609
    endloop
  endfacet
  facet normal 0.321463 0 -0.946922
    outer loop
      vertex 3.06147 -6 62.609
      vertex 2.07055 -8 62.2726
      vertex 2.07055 -6 62.2726
    endloop
  endfacet
  facet normal 0.195135 0 0.980776
    outer loop
      vertex 1.04421 8 77.9316
      vertex 2.07055 -8 77.7274
      vertex 2.07055 8 77.7274
    endloop
  endfacet
  facet normal 0.195135 0 0.980776
    outer loop
      vertex 2.07055 -8 77.7274
      vertex 1.04421 8 77.9316
      vertex 1.04421 -8 77.9316
    endloop
  endfacet
  facet normal 0.659308 0 0.751873
    outer loop
      vertex 4.87009 8 76.3468
      vertex 5.65685 -8 75.6569
      vertex 5.65685 8 75.6569
    endloop
  endfacet
  facet normal 0.659308 0 0.751873
    outer loop
      vertex 5.65685 -8 75.6569
      vertex 4.87009 8 76.3468
      vertex 4.87009 -8 76.3468
    endloop
  endfacet
  facet normal -0.980784 0 0.195096
    outer loop
      vertex -7.93156 -8 71.0442
      vertex -7.72741 8 72.0705
      vertex -7.93156 8 71.0442
    endloop
  endfacet
  facet normal -0.980784 0 0.195096
    outer loop
      vertex -7.72741 8 72.0705
      vertex -7.93156 -8 71.0442
      vertex -7.72741 -8 72.0705
    endloop
  endfacet
  facet normal -0.442264 0 0.896885
    outer loop
      vertex -4 8 76.9282
      vertex -3.06147 -8 77.391
      vertex -3.06147 8 77.391
    endloop
  endfacet
  facet normal -0.442264 0 0.896885
    outer loop
      vertex -3.06147 -8 77.391
      vertex -4 8 76.9282
      vertex -4 -8 76.9282
    endloop
  endfacet
  facet normal 0.751852 -0 0.659332
    outer loop
      vertex 5.65685 -8 75.6569
      vertex 6.34683 8 74.8701
      vertex 5.65685 8 75.6569
    endloop
  endfacet
  facet normal 0.751852 0 0.659332
    outer loop
      vertex 6.34683 8 74.8701
      vertex 5.65685 -8 75.6569
      vertex 6.34683 -8 74.8701
    endloop
  endfacet
  facet normal 0.831475 -0 0.555562
    outer loop
      vertex 6.34683 -8 74.8701
      vertex 6.9282 8 74
      vertex 6.34683 8 74.8701
    endloop
  endfacet
  facet normal 0.831475 0 0.555562
    outer loop
      vertex 6.9282 8 74
      vertex 6.34683 -8 74.8701
      vertex 6.9282 -8 74
    endloop
  endfacet
  facet normal 0.555586 0 0.831459
    outer loop
      vertex 4 8 76.9282
      vertex 4.87009 -8 76.3468
      vertex 4.87009 8 76.3468
    endloop
  endfacet
  facet normal 0.555586 0 0.831459
    outer loop
      vertex 4.87009 -8 76.3468
      vertex 4 8 76.9282
      vertex 4 -8 76.9282
    endloop
  endfacet
  facet normal 0.065364 0 0.997861
    outer loop
      vertex 0 8 78
      vertex 1.04421 -8 77.9316
      vertex 1.04421 8 77.9316
    endloop
  endfacet
  facet normal 0.065364 0 0.997861
    outer loop
      vertex 1.04421 -8 77.9316
      vertex 0 8 78
      vertex 0 -8 78
    endloop
  endfacet
  facet normal -0.321463 0 0.946922
    outer loop
      vertex -3.06147 8 77.391
      vertex -2.07055 -8 77.7274
      vertex -2.07055 8 77.7274
    endloop
  endfacet
  facet normal -0.321463 0 0.946922
    outer loop
      vertex -2.07055 -8 77.7274
      vertex -3.06147 8 77.391
      vertex -3.06147 -8 77.391
    endloop
  endfacet
  facet normal -0.896878 -0 -0.442279
    outer loop
      vertex -6.9282 -6 66
      vertex -6.9282 -8 66
      vertex -7 -6 66.1456
    endloop
  endfacet
  facet normal -0.896878 0 -0.442279
    outer loop
      vertex -7 6 66.1456
      vertex -6.9282 8 66
      vertex -6.9282 6 66
    endloop
  endfacet
  facet normal -0.896864 -2.48656e-06 -0.442306
    outer loop
      vertex -6.9282 8 66
      vertex -7 6 66.1456
      vertex -7.39104 8 66.9385
    endloop
  endfacet
  facet normal -0.896862 0 -0.442311
    outer loop
      vertex -7 -6 66.1456
      vertex -7.39104 8 66.9385
      vertex -7 6 66.1456
    endloop
  endfacet
  facet normal -0.896862 0 -0.442311
    outer loop
      vertex -7 -6 66.1456
      vertex -7.39104 -8 66.9385
      vertex -7.39104 8 66.9385
    endloop
  endfacet
  facet normal -0.896864 2.48656e-06 -0.442306
    outer loop
      vertex -7.39104 -8 66.9385
      vertex -7 -6 66.1456
      vertex -6.9282 -8 66
    endloop
  endfacet
  facet normal 0.946939 0 -0.321414
    outer loop
      vertex 7.72741 -8 67.9295
      vertex 7.39104 8 66.9385
      vertex 7.72741 8 67.9295
    endloop
  endfacet
  facet normal 0.946939 0 -0.321414
    outer loop
      vertex 7.39104 8 66.9385
      vertex 7.72741 -8 67.9295
      vertex 7.39104 -8 66.9385
    endloop
  endfacet
  facet normal -0.659308 0 -0.751873
    outer loop
      vertex -5.65685 -8 64.3431
      vertex -4.87009 -6 63.6532
      vertex -4.87009 -8 63.6532
    endloop
  endfacet
  facet normal -0.659308 0 -0.751873
    outer loop
      vertex -4.87009 -6 63.6532
      vertex -5.65685 -8 64.3431
      vertex -5.65685 -6 64.3431
    endloop
  endfacet
  facet normal -0.659308 0 -0.751873
    outer loop
      vertex -5.65685 6 64.3431
      vertex -4.87009 8 63.6532
      vertex -4.87009 6 63.6532
    endloop
  endfacet
  facet normal -0.659308 0 -0.751873
    outer loop
      vertex -4.87009 8 63.6532
      vertex -5.65685 6 64.3431
      vertex -5.65685 8 64.3431
    endloop
  endfacet
  facet normal -0.946939 0 -0.321414
    outer loop
      vertex -7.39104 -8 66.9385
      vertex -7.72741 8 67.9295
      vertex -7.39104 8 66.9385
    endloop
  endfacet
  facet normal -0.946939 -0 -0.321414
    outer loop
      vertex -7.72741 8 67.9295
      vertex -7.39104 -8 66.9385
      vertex -7.72741 -8 67.9295
    endloop
  endfacet
  facet normal 0.896864 -2.48656e-06 -0.442306
    outer loop
      vertex 7.39104 8 66.9385
      vertex 7 6 66.1456
      vertex 6.9282 8 66
    endloop
  endfacet
  facet normal 0.896862 0 -0.442311
    outer loop
      vertex 7.39104 8 66.9385
      vertex 7 -6 66.1456
      vertex 7 6 66.1456
    endloop
  endfacet
  facet normal 0.896862 0 -0.442311
    outer loop
      vertex 7.39104 -8 66.9385
      vertex 7 -6 66.1456
      vertex 7.39104 8 66.9385
    endloop
  endfacet
  facet normal 0.896864 2.48656e-06 -0.442306
    outer loop
      vertex 6.9282 -8 66
      vertex 7 -6 66.1456
      vertex 7.39104 -8 66.9385
    endloop
  endfacet
  facet normal 0.896878 0 -0.442279
    outer loop
      vertex 7 -6 66.1456
      vertex 6.9282 -8 66
      vertex 6.9282 -6 66
    endloop
  endfacet
  facet normal 0.896878 0 -0.442279
    outer loop
      vertex 6.9282 8 66
      vertex 7 6 66.1456
      vertex 6.9282 6 66
    endloop
  endfacet
  facet normal 0 1 0
    outer loop
      vertex 0 8 73.5
      vertex 0 8 78
      vertex 1.04421 8 77.9316
    endloop
  endfacet
  facet normal 0 1 0
    outer loop
      vertex 0.456841 8 73.4701
      vertex 1.04421 8 77.9316
      vertex 2.07055 8 77.7274
    endloop
  endfacet
  facet normal 0 1 0
    outer loop
      vertex 0 8 78
      vertex 0 8 73.5
      vertex -1.04421 8 77.9316
    endloop
  endfacet
  facet normal 0 1 0
    outer loop
      vertex 0.905867 8 73.3807
      vertex 2.07055 8 77.7274
      vertex 3.06147 8 77.391
    endloop
  endfacet
  facet normal 0 1 -0
    outer loop
      vertex -0.456841 8 73.4701
      vertex -1.04421 8 77.9316
      vertex 0 8 73.5
    endloop
  endfacet
  facet normal 0 1 0
    outer loop
      vertex 1.33939 8 73.2336
      vertex 3.06147 8 77.391
      vertex 4 8 76.9282
    endloop
  endfacet
  facet normal 0 1 0
    outer loop
      vertex -1.04421 8 77.9316
      vertex -0.456841 8 73.4701
      vertex -2.07055 8 77.7274
    endloop
  endfacet
  facet normal 0 1 0
    outer loop
      vertex 1.75 8 73.0311
      vertex 4 8 76.9282
      vertex 4.87009 8 76.3468
    endloop
  endfacet
  facet normal 0 1 -0
    outer loop
      vertex -0.905867 8 73.3807
      vertex -2.07055 8 77.7274
      vertex -0.456841 8 73.4701
    endloop
  endfacet
  facet normal 0 1 0
    outer loop
      vertex 2.13066 8 72.7767
      vertex 4.87009 8 76.3468
      vertex 5.65685 8 75.6569
    endloop
  endfacet
  facet normal 0 1 0
    outer loop
      vertex -2.07055 8 77.7274
      vertex -0.905867 8 73.3807
      vertex -3.06147 8 77.391
    endloop
  endfacet
  facet normal 0 1 0
    outer loop
      vertex 2.47487 8 72.4749
      vertex 5.65685 8 75.6569
      vertex 6.34683 8 74.8701
    endloop
  endfacet
  facet normal 0 1 -0
    outer loop
      vertex -1.33939 8 73.2336
      vertex -3.06147 8 77.391
      vertex -0.905867 8 73.3807
    endloop
  endfacet
  facet normal 0 1 0
    outer loop
      vertex 2.77674 8 72.1307
      vertex 6.34683 8 74.8701
      vertex 6.9282 8 74
    endloop
  endfacet
  facet normal 0 1 0
    outer loop
      vertex -3.06147 8 77.391
      vertex -1.33939 8 73.2336
      vertex -4 8 76.9282
    endloop
  endfacet
  facet normal 0 1 -0
    outer loop
      vertex -1.75 8 73.0311
      vertex -4 8 76.9282
      vertex -1.33939 8 73.2336
    endloop
  endfacet
  facet normal 0 1 0
    outer loop
      vertex 1.04421 8 77.9316
      vertex 0.456841 8 73.4701
      vertex 0 8 73.5
    endloop
  endfacet
  facet normal 0 1 0
    outer loop
      vertex 2.07055 8 77.7274
      vertex 0.905867 8 73.3807
      vertex 0.456841 8 73.4701
    endloop
  endfacet
  facet normal 0 1 0
    outer loop
      vertex 3.06147 8 77.391
      vertex 1.33939 8 73.2336
      vertex 0.905867 8 73.3807
    endloop
  endfacet
  facet normal 0 1 0
    outer loop
      vertex 3.03109 8 71.75
      vertex 6.9282 8 74
      vertex 7.39104 8 73.0615
    endloop
  endfacet
  facet normal 0 1 0
    outer loop
      vertex 4 8 76.9282
      vertex 1.75 8 73.0311
      vertex 1.33939 8 73.2336
    endloop
  endfacet
  facet normal 0 1 0
    outer loop
      vertex 4.87009 8 76.3468
      vertex 2.13066 8 72.7767
      vertex 1.75 8 73.0311
    endloop
  endfacet
  facet normal 0 1 0
    outer loop
      vertex 5.65685 8 75.6569
      vertex 2.47487 8 72.4749
      vertex 2.13066 8 72.7767
    endloop
  endfacet
  facet normal 0 1 0
    outer loop
      vertex 6.34683 8 74.8701
      vertex 2.77674 8 72.1307
      vertex 2.47487 8 72.4749
    endloop
  endfacet
  facet normal 0 1 0
    outer loop
      vertex 3.23358 8 71.3394
      vertex 7.39104 8 73.0615
      vertex 7.72741 8 72.0705
    endloop
  endfacet
  facet normal 0 1 0
    outer loop
      vertex 6.9282 8 74
      vertex 3.03109 8 71.75
      vertex 2.77674 8 72.1307
    endloop
  endfacet
  facet normal 0 1 0
    outer loop
      vertex 7.39104 8 73.0615
      vertex 3.23358 8 71.3394
      vertex 3.03109 8 71.75
    endloop
  endfacet
  facet normal 0 1 0
    outer loop
      vertex 3.38074 8 70.9059
      vertex 7.72741 8 72.0705
      vertex 7.93156 8 71.0442
    endloop
  endfacet
  facet normal 0 1 0
    outer loop
      vertex 7.72741 8 72.0705
      vertex 3.38074 8 70.9059
      vertex 3.23358 8 71.3394
    endloop
  endfacet
  facet normal 0 1 0
    outer loop
      vertex 7.93156 8 71.0442
      vertex 3.47006 8 70.4568
      vertex 3.38074 8 70.9059
    endloop
  endfacet
  facet normal 0 1 0
    outer loop
      vertex 8 8 70
      vertex 3.47006 8 70.4568
      vertex 7.93156 8 71.0442
    endloop
  endfacet
  facet normal 0 1 0
    outer loop
      vertex 8 8 70
      vertex 3.5 8 70
      vertex 3.47006 8 70.4568
    endloop
  endfacet
  facet normal 0 1 0
    outer loop
      vertex 8 8 70
      vertex 3.47006 8 69.5432
      vertex 3.5 8 70
    endloop
  endfacet
  facet normal 0 1 -0
    outer loop
      vertex 7.93156 8 68.9558
      vertex 3.47006 8 69.5432
      vertex 8 8 70
    endloop
  endfacet
  facet normal 0 1 0
    outer loop
      vertex 3.47006 8 69.5432
      vertex 7.93156 8 68.9558
      vertex 3.38074 8 69.0941
    endloop
  endfacet
  facet normal 0 1 -0
    outer loop
      vertex 7.72741 8 67.9295
      vertex 3.38074 8 69.0941
      vertex 7.93156 8 68.9558
    endloop
  endfacet
  facet normal 0 1 0
    outer loop
      vertex 3.38074 8 69.0941
      vertex 7.72741 8 67.9295
      vertex 3.23358 8 68.6606
    endloop
  endfacet
  facet normal 0 1 -0
    outer loop
      vertex 7.39104 8 66.9385
      vertex 3.23358 8 68.6606
      vertex 7.72741 8 67.9295
    endloop
  endfacet
  facet normal 0 1 0
    outer loop
      vertex 3.23358 8 68.6606
      vertex 7.39104 8 66.9385
      vertex 3.03109 8 68.25
    endloop
  endfacet
  facet normal 0 1 -0
    outer loop
      vertex 6.9282 8 66
      vertex 3.03109 8 68.25
      vertex 7.39104 8 66.9385
    endloop
  endfacet
  facet normal 0 1 0
    outer loop
      vertex 3.03109 8 68.25
      vertex 6.9282 8 66
      vertex 2.77674 8 67.8693
    endloop
  endfacet
  facet normal 0 1 -0
    outer loop
      vertex 6.34683 8 65.1299
      vertex 2.77674 8 67.8693
      vertex 6.9282 8 66
    endloop
  endfacet
  facet normal 0 1 0
    outer loop
      vertex 2.77674 8 67.8693
      vertex 6.34683 8 65.1299
      vertex 2.47487 8 67.5251
    endloop
  endfacet
  facet normal 0 1 -0
    outer loop
      vertex 5.65685 8 64.3431
      vertex 2.47487 8 67.5251
      vertex 6.34683 8 65.1299
    endloop
  endfacet
  facet normal 0 1 0
    outer loop
      vertex 2.47487 8 67.5251
      vertex 5.65685 8 64.3431
      vertex 2.13066 8 67.2233
    endloop
  endfacet
  facet normal 0 1 -0
    outer loop
      vertex 4.87009 8 63.6532
      vertex 2.13066 8 67.2233
      vertex 5.65685 8 64.3431
    endloop
  endfacet
  facet normal 0 1 0
    outer loop
      vertex 2.13066 8 67.2233
      vertex 4.87009 8 63.6532
      vertex 1.75 8 66.9689
    endloop
  endfacet
  facet normal 0 1 -0
    outer loop
      vertex 4 8 63.0718
      vertex 1.75 8 66.9689
      vertex 4.87009 8 63.6532
    endloop
  endfacet
  facet normal 0 1 0
    outer loop
      vertex -4 8 76.9282
      vertex -1.75 8 73.0311
      vertex -4.87009 8 76.3468
    endloop
  endfacet
  facet normal 0 1 -0
    outer loop
      vertex -2.13066 8 72.7767
      vertex -4.87009 8 76.3468
      vertex -1.75 8 73.0311
    endloop
  endfacet
  facet normal 0 1 0
    outer loop
      vertex -4.87009 8 76.3468
      vertex -2.13066 8 72.7767
      vertex -5.65685 8 75.6569
    endloop
  endfacet
  facet normal 0 1 -0
    outer loop
      vertex -2.47487 8 72.4749
      vertex -5.65685 8 75.6569
      vertex -2.13066 8 72.7767
    endloop
  endfacet
  facet normal 0 1 0
    outer loop
      vertex -5.65685 8 75.6569
      vertex -2.47487 8 72.4749
      vertex -6.34683 8 74.8701
    endloop
  endfacet
  facet normal 0 1 -0
    outer loop
      vertex -2.77674 8 72.1307
      vertex -6.34683 8 74.8701
      vertex -2.47487 8 72.4749
    endloop
  endfacet
  facet normal 0 1 0
    outer loop
      vertex -6.34683 8 74.8701
      vertex -2.77674 8 72.1307
      vertex -6.9282 8 74
    endloop
  endfacet
  facet normal 0 1 -0
    outer loop
      vertex -3.03109 8 71.75
      vertex -6.9282 8 74
      vertex -2.77674 8 72.1307
    endloop
  endfacet
  facet normal 0 1 0
    outer loop
      vertex -6.9282 8 74
      vertex -3.03109 8 71.75
      vertex -7.39104 8 73.0615
    endloop
  endfacet
  facet normal 0 1 -0
    outer loop
      vertex -3.23358 8 71.3394
      vertex -7.39104 8 73.0615
      vertex -3.03109 8 71.75
    endloop
  endfacet
  facet normal 0 1 0
    outer loop
      vertex -7.39104 8 73.0615
      vertex -3.23358 8 71.3394
      vertex -7.72741 8 72.0705
    endloop
  endfacet
  facet normal 0 1 -0
    outer loop
      vertex -3.38074 8 70.9059
      vertex -7.72741 8 72.0705
      vertex -3.23358 8 71.3394
    endloop
  endfacet
  facet normal 0 1 0
    outer loop
      vertex -7.72741 8 72.0705
      vertex -3.38074 8 70.9059
      vertex -7.93156 8 71.0442
    endloop
  endfacet
  facet normal 0 1 -0
    outer loop
      vertex -3.47006 8 70.4568
      vertex -7.93156 8 71.0442
      vertex -3.38074 8 70.9059
    endloop
  endfacet
  facet normal 0 1 -0
    outer loop
      vertex -3.5 8 70
      vertex -7.93156 8 71.0442
      vertex -3.47006 8 70.4568
    endloop
  endfacet
  facet normal 0 1 0
    outer loop
      vertex -3.5 8 70
      vertex -8 8 70
      vertex -7.93156 8 71.0442
    endloop
  endfacet
  facet normal 0 1 0
    outer loop
      vertex -3.47006 8 69.5432
      vertex -8 8 70
      vertex -3.5 8 70
    endloop
  endfacet
  facet normal 0 1 0
    outer loop
      vertex -7.93156 8 68.9558
      vertex -3.47006 8 69.5432
      vertex -3.38074 8 69.0941
    endloop
  endfacet
  facet normal 0 1 0
    outer loop
      vertex -3.47006 8 69.5432
      vertex -7.93156 8 68.9558
      vertex -8 8 70
    endloop
  endfacet
  facet normal 0 1 0
    outer loop
      vertex -7.72741 8 67.9295
      vertex -3.38074 8 69.0941
      vertex -3.23358 8 68.6606
    endloop
  endfacet
  facet normal 0 1 0
    outer loop
      vertex -7.39104 8 66.9385
      vertex -3.23358 8 68.6606
      vertex -3.03109 8 68.25
    endloop
  endfacet
  facet normal 0 1 0
    outer loop
      vertex -3.38074 8 69.0941
      vertex -7.72741 8 67.9295
      vertex -7.93156 8 68.9558
    endloop
  endfacet
  facet normal 0 1 0
    outer loop
      vertex -6.9282 8 66
      vertex -3.03109 8 68.25
      vertex -2.77674 8 67.8693
    endloop
  endfacet
  facet normal 0 1 0
    outer loop
      vertex -6.34683 8 65.1299
      vertex -2.77674 8 67.8693
      vertex -2.47487 8 67.5251
    endloop
  endfacet
  facet normal 0 1 0
    outer loop
      vertex -5.65685 8 64.3431
      vertex -2.47487 8 67.5251
      vertex -2.13066 8 67.2233
    endloop
  endfacet
  facet normal 0 1 0
    outer loop
      vertex -4.87009 8 63.6532
      vertex -2.13066 8 67.2233
      vertex -1.75 8 66.9689
    endloop
  endfacet
  facet normal 0 1 0
    outer loop
      vertex -3.23358 8 68.6606
      vertex -7.39104 8 66.9385
      vertex -7.72741 8 67.9295
    endloop
  endfacet
  facet normal 0 1 0
    outer loop
      vertex -4 8 63.0718
      vertex -1.75 8 66.9689
      vertex -1.33939 8 66.7664
    endloop
  endfacet
  facet normal 0 1 0
    outer loop
      vertex -3.06147 8 62.609
      vertex -1.33939 8 66.7664
      vertex -0.905867 8 66.6193
    endloop
  endfacet
  facet normal 0 1 0
    outer loop
      vertex -2.07055 8 62.2726
      vertex -0.905867 8 66.6193
      vertex -0.456841 8 66.5299
    endloop
  endfacet
  facet normal 0 1 0
    outer loop
      vertex -1.04421 8 62.0684
      vertex -0.456841 8 66.5299
      vertex 0 8 66.5
    endloop
  endfacet
  facet normal 0 1 0
    outer loop
      vertex 1.75 8 66.9689
      vertex 4 8 63.0718
      vertex 1.33939 8 66.7664
    endloop
  endfacet
  facet normal 0 1 0
    outer loop
      vertex -3.03109 8 68.25
      vertex -6.9282 8 66
      vertex -7.39104 8 66.9385
    endloop
  endfacet
  facet normal 0 1 -0
    outer loop
      vertex 3.06147 8 62.609
      vertex 1.33939 8 66.7664
      vertex 4 8 63.0718
    endloop
  endfacet
  facet normal 0 1 0
    outer loop
      vertex -2.77674 8 67.8693
      vertex -6.34683 8 65.1299
      vertex -6.9282 8 66
    endloop
  endfacet
  facet normal 0 1 0
    outer loop
      vertex 1.33939 8 66.7664
      vertex 3.06147 8 62.609
      vertex 0.905867 8 66.6193
    endloop
  endfacet
  facet normal 0 1 0
    outer loop
      vertex -2.47487 8 67.5251
      vertex -5.65685 8 64.3431
      vertex -6.34683 8 65.1299
    endloop
  endfacet
  facet normal 0 1 -0
    outer loop
      vertex 2.07055 8 62.2726
      vertex 0.905867 8 66.6193
      vertex 3.06147 8 62.609
    endloop
  endfacet
  facet normal 0 1 0
    outer loop
      vertex -2.13066 8 67.2233
      vertex -4.87009 8 63.6532
      vertex -5.65685 8 64.3431
    endloop
  endfacet
  facet normal 0 1 0
    outer loop
      vertex 0.905867 8 66.6193
      vertex 2.07055 8 62.2726
      vertex 0.456841 8 66.5299
    endloop
  endfacet
  facet normal 0 1 0
    outer loop
      vertex -1.75 8 66.9689
      vertex -4 8 63.0718
      vertex -4.87009 8 63.6532
    endloop
  endfacet
  facet normal 0 1 -0
    outer loop
      vertex 1.04421 8 62.0684
      vertex 0.456841 8 66.5299
      vertex 2.07055 8 62.2726
    endloop
  endfacet
  facet normal 0 1 0
    outer loop
      vertex -1.33939 8 66.7664
      vertex -3.06147 8 62.609
      vertex -4 8 63.0718
    endloop
  endfacet
  facet normal 0 1 0
    outer loop
      vertex 0.456841 8 66.5299
      vertex 1.04421 8 62.0684
      vertex 0 8 66.5
    endloop
  endfacet
  facet normal 0 1 0
    outer loop
      vertex -0.905867 8 66.6193
      vertex -2.07055 8 62.2726
      vertex -3.06147 8 62.609
    endloop
  endfacet
  facet normal 0 1 0
    outer loop
      vertex 0 8 62
      vertex 0 8 66.5
      vertex 1.04421 8 62.0684
    endloop
  endfacet
  facet normal 0 1 0
    outer loop
      vertex -0.456841 8 66.5299
      vertex -1.04421 8 62.0684
      vertex -2.07055 8 62.2726
    endloop
  endfacet
  facet normal 0 1 0
    outer loop
      vertex 0 8 66.5
      vertex 0 8 62
      vertex -1.04421 8 62.0684
    endloop
  endfacet
  facet normal -0.997859 0 0.0654027
    outer loop
      vertex -8 -8 70
      vertex -7.93156 8 71.0442
      vertex -8 8 70
    endloop
  endfacet
  facet normal -0.997859 0 0.0654027
    outer loop
      vertex -7.93156 8 71.0442
      vertex -8 -8 70
      vertex -7.93156 -8 71.0442
    endloop
  endfacet
  facet normal -0.946939 0 0.321414
    outer loop
      vertex -7.72741 -8 72.0705
      vertex -7.39104 8 73.0615
      vertex -7.72741 8 72.0705
    endloop
  endfacet
  facet normal -0.946939 0 0.321414
    outer loop
      vertex -7.39104 8 73.0615
      vertex -7.72741 -8 72.0705
      vertex -7.39104 -8 73.0615
    endloop
  endfacet
  facet normal 0.555586 0 -0.831459
    outer loop
      vertex 4 6 63.0718
      vertex 4.87009 8 63.6532
      vertex 4.87009 6 63.6532
    endloop
  endfacet
  facet normal 0.555586 0 -0.831459
    outer loop
      vertex 4.87009 8 63.6532
      vertex 4 6 63.0718
      vertex 4 8 63.0718
    endloop
  endfacet
  facet normal 0.555586 0 -0.831459
    outer loop
      vertex 4 -8 63.0718
      vertex 4.87009 -6 63.6532
      vertex 4.87009 -8 63.6532
    endloop
  endfacet
  facet normal 0.555586 0 -0.831459
    outer loop
      vertex 4.87009 -6 63.6532
      vertex 4 -8 63.0718
      vertex 4 -6 63.0718
    endloop
  endfacet
  facet normal -0.065364 0 0.997861
    outer loop
      vertex -1.04421 8 77.9316
      vertex 0 -8 78
      vertex 0 8 78
    endloop
  endfacet
  facet normal -0.065364 0 0.997861
    outer loop
      vertex 0 -8 78
      vertex -1.04421 8 77.9316
      vertex -1.04421 -8 77.9316
    endloop
  endfacet
  facet normal -0.195135 0 -0.980776
    outer loop
      vertex -2.07055 -8 62.2726
      vertex -1.04421 -6 62.0684
      vertex -1.04421 -8 62.0684
    endloop
  endfacet
  facet normal -0.195135 0 -0.980776
    outer loop
      vertex -1.04421 -6 62.0684
      vertex -2.07055 -8 62.2726
      vertex -2.07055 -6 62.2726
    endloop
  endfacet
  facet normal -0.195135 0 -0.980776
    outer loop
      vertex -2.07055 6 62.2726
      vertex -1.04421 8 62.0684
      vertex -1.04421 6 62.0684
    endloop
  endfacet
  facet normal -0.195135 0 -0.980776
    outer loop
      vertex -1.04421 8 62.0684
      vertex -2.07055 6 62.2726
      vertex -2.07055 8 62.2726
    endloop
  endfacet
  facet normal -0.831475 0 -0.555562
    outer loop
      vertex -6.34683 -8 65.1299
      vertex -6.9282 -6 66
      vertex -6.34683 -6 65.1299
    endloop
  endfacet
  facet normal -0.831475 -0 -0.555562
    outer loop
      vertex -6.9282 -6 66
      vertex -6.34683 -8 65.1299
      vertex -6.9282 -8 66
    endloop
  endfacet
  facet normal -0.831475 0 -0.555562
    outer loop
      vertex -6.34683 6 65.1299
      vertex -6.9282 8 66
      vertex -6.34683 8 65.1299
    endloop
  endfacet
  facet normal -0.831475 -0 -0.555562
    outer loop
      vertex -6.9282 8 66
      vertex -6.34683 6 65.1299
      vertex -6.9282 6 66
    endloop
  endfacet
  facet normal -0.896864 0 0.442306
    outer loop
      vertex -7.39104 -8 73.0615
      vertex -6.9282 8 74
      vertex -7.39104 8 73.0615
    endloop
  endfacet
  facet normal -0.896864 0 0.442306
    outer loop
      vertex -6.9282 8 74
      vertex -7.39104 -8 73.0615
      vertex -6.9282 -8 74
    endloop
  endfacet
  facet normal -0.065364 0 -0.997861
    outer loop
      vertex -1.04421 -8 62.0684
      vertex 0 -6 62
      vertex 0 -8 62
    endloop
  endfacet
  facet normal -0.065364 0 -0.997861
    outer loop
      vertex 0 -6 62
      vertex -1.04421 -8 62.0684
      vertex -1.04421 -6 62.0684
    endloop
  endfacet
  facet normal -0.065364 0 -0.997861
    outer loop
      vertex -1.04421 6 62.0684
      vertex 0 8 62
      vertex 0 6 62
    endloop
  endfacet
  facet normal -0.065364 0 -0.997861
    outer loop
      vertex 0 8 62
      vertex -1.04421 6 62.0684
      vertex -1.04421 8 62.0684
    endloop
  endfacet
  facet normal 0.442264 0 -0.896885
    outer loop
      vertex 3.06147 6 62.609
      vertex 4 8 63.0718
      vertex 4 6 63.0718
    endloop
  endfacet
  facet normal 0.442264 0 -0.896885
    outer loop
      vertex 4 8 63.0718
      vertex 3.06147 6 62.609
      vertex 3.06147 8 62.609
    endloop
  endfacet
  facet normal 0.442264 0 -0.896885
    outer loop
      vertex 3.06147 -8 62.609
      vertex 4 -6 63.0718
      vertex 4 -8 63.0718
    endloop
  endfacet
  facet normal 0.442264 0 -0.896885
    outer loop
      vertex 4 -6 63.0718
      vertex 3.06147 -8 62.609
      vertex 3.06147 -6 62.609
    endloop
  endfacet
  facet normal 0.751852 0 -0.659332
    outer loop
      vertex 6.34683 -8 65.1299
      vertex 5.65685 -6 64.3431
      vertex 6.34683 -6 65.1299
    endloop
  endfacet
  facet normal 0.751852 0 -0.659332
    outer loop
      vertex 5.65685 -6 64.3431
      vertex 6.34683 -8 65.1299
      vertex 5.65685 -8 64.3431
    endloop
  endfacet
  facet normal 0.751852 0 -0.659332
    outer loop
      vertex 6.34683 6 65.1299
      vertex 5.65685 8 64.3431
      vertex 6.34683 8 65.1299
    endloop
  endfacet
  facet normal 0.751852 0 -0.659332
    outer loop
      vertex 5.65685 8 64.3431
      vertex 6.34683 6 65.1299
      vertex 5.65685 6 64.3431
    endloop
  endfacet
  facet normal -0.831475 0 0.555562
    outer loop
      vertex -6.9282 -8 74
      vertex -6.34683 8 74.8701
      vertex -6.9282 8 74
    endloop
  endfacet
  facet normal -0.831475 0 0.555562
    outer loop
      vertex -6.34683 8 74.8701
      vertex -6.9282 -8 74
      vertex -6.34683 -8 74.8701
    endloop
  endfacet
  facet normal -0.751852 0 0.659332
    outer loop
      vertex -6.34683 -8 74.8701
      vertex -5.65685 8 75.6569
      vertex -6.34683 8 74.8701
    endloop
  endfacet
  facet normal -0.751852 0 0.659332
    outer loop
      vertex -5.65685 8 75.6569
      vertex -6.34683 -8 74.8701
      vertex -5.65685 -8 75.6569
    endloop
  endfacet
  facet normal 0.98079 -0 0.195066
    outer loop
      vertex 3.38074 8 70.9059
      vertex 3.47006 9 70.4568
      vertex 3.38074 9 70.9059
    endloop
  endfacet
  facet normal 0.98079 0 0.195066
    outer loop
      vertex 3.47006 9 70.4568
      vertex 3.38074 8 70.9059
      vertex 3.47006 8 70.4568
    endloop
  endfacet
  facet normal 0.98079 -0 0.195066
    outer loop
      vertex 3.38074 -9 70.9059
      vertex 3.47006 -8 70.4568
      vertex 3.38074 -8 70.9059
    endloop
  endfacet
  facet normal 0.98079 0 0.195066
    outer loop
      vertex 3.47006 -8 70.4568
      vertex 3.38074 -9 70.9059
      vertex 3.47006 -9 70.4568
    endloop
  endfacet
  facet normal 0.997859 -0 0.0654026
    outer loop
      vertex 3.47006 8 70.4568
      vertex 3.5 9 70
      vertex 3.47006 9 70.4568
    endloop
  endfacet
  facet normal 0.997859 0 0.0654026
    outer loop
      vertex 3.5 9 70
      vertex 3.47006 8 70.4568
      vertex 3.5 8 70
    endloop
  endfacet
  facet normal 0.997859 -0 0.0654026
    outer loop
      vertex 3.47006 -9 70.4568
      vertex 3.5 -8 70
      vertex 3.47006 -8 70.4568
    endloop
  endfacet
  facet normal 0.997859 0 0.0654026
    outer loop
      vertex 3.5 -8 70
      vertex 3.47006 -9 70.4568
      vertex 3.5 -9 70
    endloop
  endfacet
  facet normal 0.831495 -0 0.555532
    outer loop
      vertex 2.77674 -9 72.1307
      vertex 3.03109 -8 71.75
      vertex 2.77674 -8 72.1307
    endloop
  endfacet
  facet normal 0.831495 0 0.555532
    outer loop
      vertex 3.03109 -8 71.75
      vertex 2.77674 -9 72.1307
      vertex 3.03109 -9 71.75
    endloop
  endfacet
  facet normal 0.831495 -0 0.555532
    outer loop
      vertex 2.77674 8 72.1307
      vertex 3.03109 9 71.75
      vertex 2.77674 9 72.1307
    endloop
  endfacet
  facet normal 0.831495 0 0.555532
    outer loop
      vertex 3.03109 9 71.75
      vertex 2.77674 8 72.1307
      vertex 3.03109 8 71.75
    endloop
  endfacet
  facet normal -0.896869 0 0.442297
    outer loop
      vertex -3.23358 8 71.3394
      vertex -3.03109 9 71.75
      vertex -3.23358 9 71.3394
    endloop
  endfacet
  facet normal -0.896869 0 0.442297
    outer loop
      vertex -3.03109 9 71.75
      vertex -3.23358 8 71.3394
      vertex -3.03109 8 71.75
    endloop
  endfacet
  facet normal -0.896869 0 0.442297
    outer loop
      vertex -3.23358 -9 71.3394
      vertex -3.03109 -8 71.75
      vertex -3.23358 -8 71.3394
    endloop
  endfacet
  facet normal -0.896869 0 0.442297
    outer loop
      vertex -3.03109 -8 71.75
      vertex -3.23358 -9 71.3394
      vertex -3.03109 -9 71.75
    endloop
  endfacet
  facet normal -0.659267 0 0.751909
    outer loop
      vertex -2.47487 9 72.4749
      vertex -2.13066 8 72.7767
      vertex -2.13066 9 72.7767
    endloop
  endfacet
  facet normal -0.659267 0 0.751909
    outer loop
      vertex -2.13066 8 72.7767
      vertex -2.47487 9 72.4749
      vertex -2.47487 8 72.4749
    endloop
  endfacet
  facet normal -0.659267 0 0.751909
    outer loop
      vertex -2.47487 -8 72.4749
      vertex -2.13066 -9 72.7767
      vertex -2.13066 -8 72.7767
    endloop
  endfacet
  facet normal -0.659267 0 0.751909
    outer loop
      vertex -2.13066 -9 72.7767
      vertex -2.47487 -8 72.4749
      vertex -2.47487 -9 72.4749
    endloop
  endfacet
  facet normal 0.946926 0 -0.321452
    outer loop
      vertex 3.38074 -9 69.0941
      vertex 3.23358 -8 68.6606
      vertex 3.38074 -8 69.0941
    endloop
  endfacet
  facet normal 0.946926 0 -0.321452
    outer loop
      vertex 3.23358 -8 68.6606
      vertex 3.38074 -9 69.0941
      vertex 3.23358 -9 68.6606
    endloop
  endfacet
  facet normal 0.946926 0 -0.321452
    outer loop
      vertex 3.38074 8 69.0941
      vertex 3.23358 9 68.6606
      vertex 3.38074 9 69.0941
    endloop
  endfacet
  facet normal 0.946926 0 -0.321452
    outer loop
      vertex 3.23358 9 68.6606
      vertex 3.38074 8 69.0941
      vertex 3.23358 8 68.6606
    endloop
  endfacet
  facet normal 0.555647 0 0.831418
    outer loop
      vertex 1.75 -8 73.0311
      vertex 2.13066 -9 72.7767
      vertex 2.13066 -8 72.7767
    endloop
  endfacet
  facet normal 0.555647 0 0.831418
    outer loop
      vertex 2.13066 -9 72.7767
      vertex 1.75 -8 73.0311
      vertex 1.75 -9 73.0311
    endloop
  endfacet
  facet normal 0.555647 0 0.831418
    outer loop
      vertex 1.75 9 73.0311
      vertex 2.13066 8 72.7767
      vertex 2.13066 9 72.7767
    endloop
  endfacet
  facet normal 0.555647 0 0.831418
    outer loop
      vertex 2.13066 8 72.7767
      vertex 1.75 9 73.0311
      vertex 1.75 8 73.0311
    endloop
  endfacet
  facet normal -0.0653097 0 -0.997865
    outer loop
      vertex -0.456841 8 66.5299
      vertex 0 9 66.5
      vertex 0 8 66.5
    endloop
  endfacet
  facet normal -0.0653097 0 -0.997865
    outer loop
      vertex 0 9 66.5
      vertex -0.456841 8 66.5299
      vertex -0.456841 9 66.5299
    endloop
  endfacet
  facet normal -0.0653097 0 -0.997865
    outer loop
      vertex -0.456841 -9 66.5299
      vertex 0 -8 66.5
      vertex 0 -9 66.5
    endloop
  endfacet
  facet normal -0.0653097 0 -0.997865
    outer loop
      vertex 0 -8 66.5
      vertex -0.456841 -9 66.5299
      vertex -0.456841 -8 66.5299
    endloop
  endfacet
  facet normal 0.946926 -0 0.321452
    outer loop
      vertex 3.23358 -9 71.3394
      vertex 3.38074 -8 70.9059
      vertex 3.23358 -8 71.3394
    endloop
  endfacet
  facet normal 0.946926 0 0.321452
    outer loop
      vertex 3.38074 -8 70.9059
      vertex 3.23358 -9 71.3394
      vertex 3.38074 -9 70.9059
    endloop
  endfacet
  facet normal 0.946926 -0 0.321452
    outer loop
      vertex 3.23358 8 71.3394
      vertex 3.38074 9 70.9059
      vertex 3.23358 9 71.3394
    endloop
  endfacet
  facet normal 0.946926 0 0.321452
    outer loop
      vertex 3.38074 9 70.9059
      vertex 3.23358 8 71.3394
      vertex 3.38074 8 70.9059
    endloop
  endfacet
  facet normal -0.32132 0 -0.946971
    outer loop
      vertex -1.33939 8 66.7664
      vertex -0.905867 9 66.6193
      vertex -0.905867 8 66.6193
    endloop
  endfacet
  facet normal -0.32132 0 -0.946971
    outer loop
      vertex -0.905867 9 66.6193
      vertex -1.33939 8 66.7664
      vertex -1.33939 9 66.7664
    endloop
  endfacet
  facet normal -0.32132 0 -0.946971
    outer loop
      vertex -1.33939 -9 66.7664
      vertex -0.905867 -8 66.6193
      vertex -0.905867 -9 66.6193
    endloop
  endfacet
  facet normal -0.32132 0 -0.946971
    outer loop
      vertex -0.905867 -8 66.6193
      vertex -1.33939 -9 66.7664
      vertex -1.33939 -8 66.7664
    endloop
  endfacet
  facet normal -0.751824 0 -0.659364
    outer loop
      vertex -2.47487 -9 67.5251
      vertex -2.77674 -8 67.8693
      vertex -2.47487 -8 67.5251
    endloop
  endfacet
  facet normal -0.751824 -0 -0.659364
    outer loop
      vertex -2.77674 -8 67.8693
      vertex -2.47487 -9 67.5251
      vertex -2.77674 -9 67.8693
    endloop
  endfacet
  facet normal -0.751824 0 -0.659364
    outer loop
      vertex -2.47487 8 67.5251
      vertex -2.77674 9 67.8693
      vertex -2.47487 9 67.5251
    endloop
  endfacet
  facet normal -0.751824 -0 -0.659364
    outer loop
      vertex -2.77674 9 67.8693
      vertex -2.47487 8 67.5251
      vertex -2.77674 8 67.8693
    endloop
  endfacet
  facet normal -0.896869 0 -0.442297
    outer loop
      vertex -3.03109 -9 68.25
      vertex -3.23358 -8 68.6606
      vertex -3.03109 -8 68.25
    endloop
  endfacet
  facet normal -0.896869 -0 -0.442297
    outer loop
      vertex -3.23358 -8 68.6606
      vertex -3.03109 -9 68.25
      vertex -3.23358 -9 68.6606
    endloop
  endfacet
  facet normal -0.896869 0 -0.442297
    outer loop
      vertex -3.03109 8 68.25
      vertex -3.23358 9 68.6606
      vertex -3.03109 9 68.25
    endloop
  endfacet
  facet normal -0.896869 -0 -0.442297
    outer loop
      vertex -3.23358 9 68.6606
      vertex -3.03109 8 68.25
      vertex -3.23358 8 68.6606
    endloop
  endfacet
  facet normal -0.442305 0 0.896864
    outer loop
      vertex -1.75 -8 73.0311
      vertex -1.33939 -9 73.2336
      vertex -1.33939 -8 73.2336
    endloop
  endfacet
  facet normal -0.442305 0 0.896864
    outer loop
      vertex -1.33939 -9 73.2336
      vertex -1.75 -8 73.0311
      vertex -1.75 -9 73.0311
    endloop
  endfacet
  facet normal -0.442305 0 0.896864
    outer loop
      vertex -1.75 9 73.0311
      vertex -1.33939 8 73.2336
      vertex -1.33939 9 73.2336
    endloop
  endfacet
  facet normal -0.442305 0 0.896864
    outer loop
      vertex -1.33939 8 73.2336
      vertex -1.75 9 73.0311
      vertex -1.75 8 73.0311
    endloop
  endfacet
  facet normal -0.32132 0 0.946971
    outer loop
      vertex -1.33939 -8 73.2336
      vertex -0.905867 -9 73.3807
      vertex -0.905867 -8 73.3807
    endloop
  endfacet
  facet normal -0.32132 0 0.946971
    outer loop
      vertex -0.905867 -9 73.3807
      vertex -1.33939 -8 73.2336
      vertex -1.33939 -9 73.2336
    endloop
  endfacet
  facet normal -0.32132 0 0.946971
    outer loop
      vertex -1.33939 9 73.2336
      vertex -0.905867 8 73.3807
      vertex -0.905867 9 73.3807
    endloop
  endfacet
  facet normal -0.32132 0 0.946971
    outer loop
      vertex -0.905867 8 73.3807
      vertex -1.33939 9 73.2336
      vertex -1.33939 8 73.2336
    endloop
  endfacet
  facet normal 0.195265 0 -0.980751
    outer loop
      vertex 0.456841 8 66.5299
      vertex 0.905867 9 66.6193
      vertex 0.905867 8 66.6193
    endloop
  endfacet
  facet normal 0.195265 0 -0.980751
    outer loop
      vertex 0.905867 9 66.6193
      vertex 0.456841 8 66.5299
      vertex 0.456841 9 66.5299
    endloop
  endfacet
  facet normal 0.195265 0 -0.980751
    outer loop
      vertex 0.456841 -9 66.5299
      vertex 0.905867 -8 66.6193
      vertex 0.905867 -9 66.6193
    endloop
  endfacet
  facet normal 0.195265 0 -0.980751
    outer loop
      vertex 0.905867 -8 66.6193
      vertex 0.456841 -9 66.5299
      vertex 0.456841 -8 66.5299
    endloop
  endfacet
  facet normal 0.32132 0 -0.946971
    outer loop
      vertex 0.905867 8 66.6193
      vertex 1.33939 9 66.7664
      vertex 1.33939 8 66.7664
    endloop
  endfacet
  facet normal 0.32132 0 -0.946971
    outer loop
      vertex 1.33939 9 66.7664
      vertex 0.905867 8 66.6193
      vertex 0.905867 9 66.6193
    endloop
  endfacet
  facet normal 0.32132 0 -0.946971
    outer loop
      vertex 0.905867 -9 66.6193
      vertex 1.33939 -8 66.7664
      vertex 1.33939 -9 66.7664
    endloop
  endfacet
  facet normal 0.32132 0 -0.946971
    outer loop
      vertex 1.33939 -8 66.7664
      vertex 0.905867 -9 66.6193
      vertex 0.905867 -8 66.6193
    endloop
  endfacet
  facet normal 0.555647 0 -0.831418
    outer loop
      vertex 1.75 8 66.9689
      vertex 2.13066 9 67.2233
      vertex 2.13066 8 67.2233
    endloop
  endfacet
  facet normal 0.555647 0 -0.831418
    outer loop
      vertex 2.13066 9 67.2233
      vertex 1.75 8 66.9689
      vertex 1.75 9 66.9689
    endloop
  endfacet
  facet normal 0.555647 0 -0.831418
    outer loop
      vertex 1.75 -9 66.9689
      vertex 2.13066 -8 67.2233
      vertex 2.13066 -9 67.2233
    endloop
  endfacet
  facet normal 0.555647 0 -0.831418
    outer loop
      vertex 2.13066 -8 67.2233
      vertex 1.75 -9 66.9689
      vertex 1.75 -8 66.9689
    endloop
  endfacet
  facet normal -0.946926 0 0.321452
    outer loop
      vertex -3.38074 8 70.9059
      vertex -3.23358 9 71.3394
      vertex -3.38074 9 70.9059
    endloop
  endfacet
  facet normal -0.946926 0 0.321452
    outer loop
      vertex -3.23358 9 71.3394
      vertex -3.38074 8 70.9059
      vertex -3.23358 8 71.3394
    endloop
  endfacet
  facet normal -0.946926 0 0.321452
    outer loop
      vertex -3.38074 -9 70.9059
      vertex -3.23358 -8 71.3394
      vertex -3.38074 -8 70.9059
    endloop
  endfacet
  facet normal -0.946926 0 0.321452
    outer loop
      vertex -3.23358 -8 71.3394
      vertex -3.38074 -9 70.9059
      vertex -3.23358 -9 71.3394
    endloop
  endfacet
  facet normal 0.32132 0 0.946971
    outer loop
      vertex 0.905867 9 73.3807
      vertex 1.33939 8 73.2336
      vertex 1.33939 9 73.2336
    endloop
  endfacet
  facet normal 0.32132 0 0.946971
    outer loop
      vertex 1.33939 8 73.2336
      vertex 0.905867 9 73.3807
      vertex 0.905867 8 73.3807
    endloop
  endfacet
  facet normal 0.32132 0 0.946971
    outer loop
      vertex 0.905867 -8 73.3807
      vertex 1.33939 -9 73.2336
      vertex 1.33939 -8 73.2336
    endloop
  endfacet
  facet normal 0.32132 0 0.946971
    outer loop
      vertex 1.33939 -9 73.2336
      vertex 0.905867 -8 73.3807
      vertex 0.905867 -9 73.3807
    endloop
  endfacet
  facet normal 0.0653097 0 0.997865
    outer loop
      vertex 0 -8 73.5
      vertex 0.456841 -9 73.4701
      vertex 0.456841 -8 73.4701
    endloop
  endfacet
  facet normal 0.0653097 0 0.997865
    outer loop
      vertex 0.456841 -9 73.4701
      vertex 0 -8 73.5
      vertex 0 -9 73.5
    endloop
  endfacet
  facet normal 0.0653097 0 0.997865
    outer loop
      vertex 0 9 73.5
      vertex 0.456841 8 73.4701
      vertex 0.456841 9 73.4701
    endloop
  endfacet
  facet normal 0.0653097 0 0.997865
    outer loop
      vertex 0.456841 8 73.4701
      vertex 0 9 73.5
      vertex 0 8 73.5
    endloop
  endfacet
  facet normal 0.98079 0 -0.195066
    outer loop
      vertex 3.47006 8 69.5432
      vertex 3.38074 9 69.0941
      vertex 3.47006 9 69.5432
    endloop
  endfacet
  facet normal 0.98079 0 -0.195066
    outer loop
      vertex 3.38074 9 69.0941
      vertex 3.47006 8 69.5432
      vertex 3.38074 8 69.0941
    endloop
  endfacet
  facet normal 0.98079 0 -0.195066
    outer loop
      vertex 3.47006 -9 69.5432
      vertex 3.38074 -8 69.0941
      vertex 3.47006 -8 69.5432
    endloop
  endfacet
  facet normal 0.98079 0 -0.195066
    outer loop
      vertex 3.38074 -8 69.0941
      vertex 3.47006 -9 69.5432
      vertex 3.38074 -9 69.0941
    endloop
  endfacet
  facet normal -0.946926 0 -0.321452
    outer loop
      vertex -3.23358 8 68.6606
      vertex -3.38074 9 69.0941
      vertex -3.23358 9 68.6606
    endloop
  endfacet
  facet normal -0.946926 -0 -0.321452
    outer loop
      vertex -3.38074 9 69.0941
      vertex -3.23358 8 68.6606
      vertex -3.38074 8 69.0941
    endloop
  endfacet
  facet normal -0.946926 0 -0.321452
    outer loop
      vertex -3.23358 -9 68.6606
      vertex -3.38074 -8 69.0941
      vertex -3.23358 -8 68.6606
    endloop
  endfacet
  facet normal -0.946926 -0 -0.321452
    outer loop
      vertex -3.38074 -8 69.0941
      vertex -3.23358 -9 68.6606
      vertex -3.38074 -9 69.0941
    endloop
  endfacet
  facet normal 0.896869 0 -0.442297
    outer loop
      vertex 3.23358 -9 68.6606
      vertex 3.03109 -8 68.25
      vertex 3.23358 -8 68.6606
    endloop
  endfacet
  facet normal 0.896869 0 -0.442297
    outer loop
      vertex 3.03109 -8 68.25
      vertex 3.23358 -9 68.6606
      vertex 3.03109 -9 68.25
    endloop
  endfacet
  facet normal 0.896869 0 -0.442297
    outer loop
      vertex 3.23358 8 68.6606
      vertex 3.03109 9 68.25
      vertex 3.23358 9 68.6606
    endloop
  endfacet
  facet normal 0.896869 0 -0.442297
    outer loop
      vertex 3.03109 9 68.25
      vertex 3.23358 8 68.6606
      vertex 3.03109 8 68.25
    endloop
  endfacet
  facet normal -0.555647 0 0.831418
    outer loop
      vertex -2.13066 9 72.7767
      vertex -1.75 8 73.0311
      vertex -1.75 9 73.0311
    endloop
  endfacet
  facet normal -0.555647 0 0.831418
    outer loop
      vertex -1.75 8 73.0311
      vertex -2.13066 9 72.7767
      vertex -2.13066 8 72.7767
    endloop
  endfacet
  facet normal -0.555647 0 0.831418
    outer loop
      vertex -2.13066 -8 72.7767
      vertex -1.75 -9 73.0311
      vertex -1.75 -8 73.0311
    endloop
  endfacet
  facet normal -0.555647 0 0.831418
    outer loop
      vertex -1.75 -9 73.0311
      vertex -2.13066 -8 72.7767
      vertex -2.13066 -9 72.7767
    endloop
  endfacet
  facet normal 0.442305 0 0.896864
    outer loop
      vertex 1.33939 -8 73.2336
      vertex 1.75 -9 73.0311
      vertex 1.75 -8 73.0311
    endloop
  endfacet
  facet normal 0.442305 0 0.896864
    outer loop
      vertex 1.75 -9 73.0311
      vertex 1.33939 -8 73.2336
      vertex 1.33939 -9 73.2336
    endloop
  endfacet
  facet normal 0.442305 0 0.896864
    outer loop
      vertex 1.33939 9 73.2336
      vertex 1.75 8 73.0311
      vertex 1.75 9 73.0311
    endloop
  endfacet
  facet normal 0.442305 0 0.896864
    outer loop
      vertex 1.75 8 73.0311
      vertex 1.33939 9 73.2336
      vertex 1.33939 8 73.2336
    endloop
  endfacet
  facet normal -0.195265 0 0.980751
    outer loop
      vertex -0.905867 -8 73.3807
      vertex -0.456841 -9 73.4701
      vertex -0.456841 -8 73.4701
    endloop
  endfacet
  facet normal -0.195265 0 0.980751
    outer loop
      vertex -0.456841 -9 73.4701
      vertex -0.905867 -8 73.3807
      vertex -0.905867 -9 73.3807
    endloop
  endfacet
  facet normal -0.195265 0 0.980751
    outer loop
      vertex -0.905867 9 73.3807
      vertex -0.456841 8 73.4701
      vertex -0.456841 9 73.4701
    endloop
  endfacet
  facet normal -0.195265 0 0.980751
    outer loop
      vertex -0.456841 8 73.4701
      vertex -0.905867 9 73.3807
      vertex -0.905867 8 73.3807
    endloop
  endfacet
  facet normal 0.751824 -0 0.659364
    outer loop
      vertex 2.47487 8 72.4749
      vertex 2.77674 9 72.1307
      vertex 2.47487 9 72.4749
    endloop
  endfacet
  facet normal 0.751824 0 0.659364
    outer loop
      vertex 2.77674 9 72.1307
      vertex 2.47487 8 72.4749
      vertex 2.77674 8 72.1307
    endloop
  endfacet
  facet normal 0.751824 -0 0.659364
    outer loop
      vertex 2.47487 -9 72.4749
      vertex 2.77674 -8 72.1307
      vertex 2.47487 -8 72.4749
    endloop
  endfacet
  facet normal 0.751824 0 0.659364
    outer loop
      vertex 2.77674 -8 72.1307
      vertex 2.47487 -9 72.4749
      vertex 2.77674 -9 72.1307
    endloop
  endfacet
  facet normal 0.195265 0 0.980751
    outer loop
      vertex 0.456841 9 73.4701
      vertex 0.905867 8 73.3807
      vertex 0.905867 9 73.3807
    endloop
  endfacet
  facet normal 0.195265 0 0.980751
    outer loop
      vertex 0.905867 8 73.3807
      vertex 0.456841 9 73.4701
      vertex 0.456841 8 73.4701
    endloop
  endfacet
  facet normal 0.195265 0 0.980751
    outer loop
      vertex 0.456841 -8 73.4701
      vertex 0.905867 -9 73.3807
      vertex 0.905867 -8 73.3807
    endloop
  endfacet
  facet normal 0.195265 0 0.980751
    outer loop
      vertex 0.905867 -9 73.3807
      vertex 0.456841 -8 73.4701
      vertex 0.456841 -9 73.4701
    endloop
  endfacet
  facet normal -0.997859 0 0.0654026
    outer loop
      vertex -3.5 8 70
      vertex -3.47006 9 70.4568
      vertex -3.5 9 70
    endloop
  endfacet
  facet normal -0.997859 0 0.0654026
    outer loop
      vertex -3.47006 9 70.4568
      vertex -3.5 8 70
      vertex -3.47006 8 70.4568
    endloop
  endfacet
  facet normal -0.997859 0 0.0654026
    outer loop
      vertex -3.5 -9 70
      vertex -3.47006 -8 70.4568
      vertex -3.5 -8 70
    endloop
  endfacet
  facet normal -0.997859 0 0.0654026
    outer loop
      vertex -3.47006 -8 70.4568
      vertex -3.5 -9 70
      vertex -3.47006 -9 70.4568
    endloop
  endfacet
  facet normal 0.751824 0 -0.659364
    outer loop
      vertex 2.77674 8 67.8693
      vertex 2.47487 9 67.5251
      vertex 2.77674 9 67.8693
    endloop
  endfacet
  facet normal 0.751824 0 -0.659364
    outer loop
      vertex 2.47487 9 67.5251
      vertex 2.77674 8 67.8693
      vertex 2.47487 8 67.5251
    endloop
  endfacet
  facet normal 0.751824 0 -0.659364
    outer loop
      vertex 2.77674 -9 67.8693
      vertex 2.47487 -8 67.5251
      vertex 2.77674 -8 67.8693
    endloop
  endfacet
  facet normal 0.751824 0 -0.659364
    outer loop
      vertex 2.47487 -8 67.5251
      vertex 2.77674 -9 67.8693
      vertex 2.47487 -9 67.5251
    endloop
  endfacet
  facet normal -0.442305 0 -0.896864
    outer loop
      vertex -1.75 -9 66.9689
      vertex -1.33939 -8 66.7664
      vertex -1.33939 -9 66.7664
    endloop
  endfacet
  facet normal -0.442305 0 -0.896864
    outer loop
      vertex -1.33939 -8 66.7664
      vertex -1.75 -9 66.9689
      vertex -1.75 -8 66.9689
    endloop
  endfacet
  facet normal -0.442305 0 -0.896864
    outer loop
      vertex -1.75 8 66.9689
      vertex -1.33939 9 66.7664
      vertex -1.33939 8 66.7664
    endloop
  endfacet
  facet normal -0.442305 0 -0.896864
    outer loop
      vertex -1.33939 9 66.7664
      vertex -1.75 8 66.9689
      vertex -1.75 9 66.9689
    endloop
  endfacet
  facet normal -0.0653097 0 0.997865
    outer loop
      vertex -0.456841 -8 73.4701
      vertex 0 -9 73.5
      vertex 0 -8 73.5
    endloop
  endfacet
  facet normal -0.0653097 0 0.997865
    outer loop
      vertex 0 -9 73.5
      vertex -0.456841 -8 73.4701
      vertex -0.456841 -9 73.4701
    endloop
  endfacet
  facet normal -0.0653097 0 0.997865
    outer loop
      vertex -0.456841 9 73.4701
      vertex 0 8 73.5
      vertex 0 9 73.5
    endloop
  endfacet
  facet normal -0.0653097 0 0.997865
    outer loop
      vertex 0 8 73.5
      vertex -0.456841 9 73.4701
      vertex -0.456841 8 73.4701
    endloop
  endfacet
  facet normal -0.98079 0 0.195066
    outer loop
      vertex -3.47006 8 70.4568
      vertex -3.38074 9 70.9059
      vertex -3.47006 9 70.4568
    endloop
  endfacet
  facet normal -0.98079 0 0.195066
    outer loop
      vertex -3.38074 9 70.9059
      vertex -3.47006 8 70.4568
      vertex -3.38074 8 70.9059
    endloop
  endfacet
  facet normal -0.98079 0 0.195066
    outer loop
      vertex -3.47006 -9 70.4568
      vertex -3.38074 -8 70.9059
      vertex -3.47006 -8 70.4568
    endloop
  endfacet
  facet normal -0.98079 0 0.195066
    outer loop
      vertex -3.38074 -8 70.9059
      vertex -3.47006 -9 70.4568
      vertex -3.38074 -9 70.9059
    endloop
  endfacet
  facet normal 0.0653097 0 -0.997865
    outer loop
      vertex 0 8 66.5
      vertex 0.456841 9 66.5299
      vertex 0.456841 8 66.5299
    endloop
  endfacet
  facet normal 0.0653097 0 -0.997865
    outer loop
      vertex 0.456841 9 66.5299
      vertex 0 8 66.5
      vertex 0 9 66.5
    endloop
  endfacet
  facet normal 0.0653097 0 -0.997865
    outer loop
      vertex 0 -9 66.5
      vertex 0.456841 -8 66.5299
      vertex 0.456841 -9 66.5299
    endloop
  endfacet
  facet normal 0.0653097 0 -0.997865
    outer loop
      vertex 0.456841 -8 66.5299
      vertex 0 -9 66.5
      vertex 0 -8 66.5
    endloop
  endfacet
  facet normal 0.659267 0 -0.751909
    outer loop
      vertex 2.13066 -9 67.2233
      vertex 2.47487 -8 67.5251
      vertex 2.47487 -9 67.5251
    endloop
  endfacet
  facet normal 0.659267 0 -0.751909
    outer loop
      vertex 2.47487 -8 67.5251
      vertex 2.13066 -9 67.2233
      vertex 2.13066 -8 67.2233
    endloop
  endfacet
  facet normal 0.659267 0 -0.751909
    outer loop
      vertex 2.13066 8 67.2233
      vertex 2.47487 9 67.5251
      vertex 2.47487 8 67.5251
    endloop
  endfacet
  facet normal 0.659267 0 -0.751909
    outer loop
      vertex 2.47487 9 67.5251
      vertex 2.13066 8 67.2233
      vertex 2.13066 9 67.2233
    endloop
  endfacet
  facet normal 0.659267 0 0.751909
    outer loop
      vertex 2.13066 -8 72.7767
      vertex 2.47487 -9 72.4749
      vertex 2.47487 -8 72.4749
    endloop
  endfacet
  facet normal 0.659267 0 0.751909
    outer loop
      vertex 2.47487 -9 72.4749
      vertex 2.13066 -8 72.7767
      vertex 2.13066 -9 72.7767
    endloop
  endfacet
  facet normal 0.659267 0 0.751909
    outer loop
      vertex 2.13066 9 72.7767
      vertex 2.47487 8 72.4749
      vertex 2.47487 9 72.4749
    endloop
  endfacet
  facet normal 0.659267 0 0.751909
    outer loop
      vertex 2.47487 8 72.4749
      vertex 2.13066 9 72.7767
      vertex 2.13066 8 72.7767
    endloop
  endfacet
  facet normal 0.831495 0 -0.555532
    outer loop
      vertex 3.03109 8 68.25
      vertex 2.77674 9 67.8693
      vertex 3.03109 9 68.25
    endloop
  endfacet
  facet normal 0.831495 0 -0.555532
    outer loop
      vertex 2.77674 9 67.8693
      vertex 3.03109 8 68.25
      vertex 2.77674 8 67.8693
    endloop
  endfacet
  facet normal 0.831495 0 -0.555532
    outer loop
      vertex 3.03109 -9 68.25
      vertex 2.77674 -8 67.8693
      vertex 3.03109 -8 68.25
    endloop
  endfacet
  facet normal 0.831495 0 -0.555532
    outer loop
      vertex 2.77674 -8 67.8693
      vertex 3.03109 -9 68.25
      vertex 2.77674 -9 67.8693
    endloop
  endfacet
  facet normal 0.442305 0 -0.896864
    outer loop
      vertex 1.33939 8 66.7664
      vertex 1.75 9 66.9689
      vertex 1.75 8 66.9689
    endloop
  endfacet
  facet normal 0.442305 0 -0.896864
    outer loop
      vertex 1.75 9 66.9689
      vertex 1.33939 8 66.7664
      vertex 1.33939 9 66.7664
    endloop
  endfacet
  facet normal 0.442305 0 -0.896864
    outer loop
      vertex 1.33939 -9 66.7664
      vertex 1.75 -8 66.9689
      vertex 1.75 -9 66.9689
    endloop
  endfacet
  facet normal 0.442305 0 -0.896864
    outer loop
      vertex 1.75 -8 66.9689
      vertex 1.33939 -9 66.7664
      vertex 1.33939 -8 66.7664
    endloop
  endfacet
  facet normal -0.997859 0 -0.0654026
    outer loop
      vertex -3.47006 8 69.5432
      vertex -3.5 9 70
      vertex -3.47006 9 69.5432
    endloop
  endfacet
  facet normal -0.997859 -0 -0.0654026
    outer loop
      vertex -3.5 9 70
      vertex -3.47006 8 69.5432
      vertex -3.5 8 70
    endloop
  endfacet
  facet normal -0.997859 0 -0.0654026
    outer loop
      vertex -3.47006 -9 69.5432
      vertex -3.5 -8 70
      vertex -3.47006 -8 69.5432
    endloop
  endfacet
  facet normal -0.997859 -0 -0.0654026
    outer loop
      vertex -3.5 -8 70
      vertex -3.47006 -9 69.5432
      vertex -3.5 -9 70
    endloop
  endfacet
  facet normal 0.997859 0 -0.0654026
    outer loop
      vertex 3.5 8 70
      vertex 3.47006 9 69.5432
      vertex 3.5 9 70
    endloop
  endfacet
  facet normal 0.997859 0 -0.0654026
    outer loop
      vertex 3.47006 9 69.5432
      vertex 3.5 8 70
      vertex 3.47006 8 69.5432
    endloop
  endfacet
  facet normal 0.997859 0 -0.0654026
    outer loop
      vertex 3.5 -9 70
      vertex 3.47006 -8 69.5432
      vertex 3.5 -8 70
    endloop
  endfacet
  facet normal 0.997859 0 -0.0654026
    outer loop
      vertex 3.47006 -8 69.5432
      vertex 3.5 -9 70
      vertex 3.47006 -9 69.5432
    endloop
  endfacet
  facet normal -0.659267 0 -0.751909
    outer loop
      vertex -2.47487 8 67.5251
      vertex -2.13066 9 67.2233
      vertex -2.13066 8 67.2233
    endloop
  endfacet
  facet normal -0.659267 0 -0.751909
    outer loop
      vertex -2.13066 9 67.2233
      vertex -2.47487 8 67.5251
      vertex -2.47487 9 67.5251
    endloop
  endfacet
  facet normal -0.659267 0 -0.751909
    outer loop
      vertex -2.47487 -9 67.5251
      vertex -2.13066 -8 67.2233
      vertex -2.13066 -9 67.2233
    endloop
  endfacet
  facet normal -0.659267 0 -0.751909
    outer loop
      vertex -2.13066 -8 67.2233
      vertex -2.47487 -9 67.5251
      vertex -2.47487 -8 67.5251
    endloop
  endfacet
  facet normal -0.555647 0 -0.831418
    outer loop
      vertex -2.13066 -9 67.2233
      vertex -1.75 -8 66.9689
      vertex -1.75 -9 66.9689
    endloop
  endfacet
  facet normal -0.555647 0 -0.831418
    outer loop
      vertex -1.75 -8 66.9689
      vertex -2.13066 -9 67.2233
      vertex -2.13066 -8 67.2233
    endloop
  endfacet
  facet normal -0.555647 0 -0.831418
    outer loop
      vertex -2.13066 8 67.2233
      vertex -1.75 9 66.9689
      vertex -1.75 8 66.9689
    endloop
  endfacet
  facet normal -0.555647 0 -0.831418
    outer loop
      vertex -1.75 9 66.9689
      vertex -2.13066 8 67.2233
      vertex -2.13066 9 67.2233
    endloop
  endfacet
  facet normal 0.896869 -0 0.442297
    outer loop
      vertex 3.03109 -9 71.75
      vertex 3.23358 -8 71.3394
      vertex 3.03109 -8 71.75
    endloop
  endfacet
  facet normal 0.896869 0 0.442297
    outer loop
      vertex 3.23358 -8 71.3394
      vertex 3.03109 -9 71.75
      vertex 3.23358 -9 71.3394
    endloop
  endfacet
  facet normal 0.896869 -0 0.442297
    outer loop
      vertex 3.03109 8 71.75
      vertex 3.23358 9 71.3394
      vertex 3.03109 9 71.75
    endloop
  endfacet
  facet normal 0.896869 0 0.442297
    outer loop
      vertex 3.23358 9 71.3394
      vertex 3.03109 8 71.75
      vertex 3.23358 8 71.3394
    endloop
  endfacet
  facet normal 0 1 0
    outer loop
      vertex 0.456841 9 73.4701
      vertex -0.456841 9 73.4701
      vertex 0 9 73.5
    endloop
  endfacet
  facet normal 0 1 0
    outer loop
      vertex 0.905867 9 73.3807
      vertex -0.456841 9 73.4701
      vertex 0.456841 9 73.4701
    endloop
  endfacet
  facet normal 0 1 0
    outer loop
      vertex 0.905867 9 73.3807
      vertex -0.905867 9 73.3807
      vertex -0.456841 9 73.4701
    endloop
  endfacet
  facet normal 0 1 0
    outer loop
      vertex 1.33939 9 73.2336
      vertex -0.905867 9 73.3807
      vertex 0.905867 9 73.3807
    endloop
  endfacet
  facet normal 0 1 0
    outer loop
      vertex 1.33939 9 73.2336
      vertex -1.33939 9 73.2336
      vertex -0.905867 9 73.3807
    endloop
  endfacet
  facet normal 0 1 0
    outer loop
      vertex 1.75 9 73.0311
      vertex -1.33939 9 73.2336
      vertex 1.33939 9 73.2336
    endloop
  endfacet
  facet normal 0 1 0
    outer loop
      vertex 1.75 9 73.0311
      vertex -1.75 9 73.0311
      vertex -1.33939 9 73.2336
    endloop
  endfacet
  facet normal 0 1 0
    outer loop
      vertex 2.13066 9 72.7767
      vertex -1.75 9 73.0311
      vertex 1.75 9 73.0311
    endloop
  endfacet
  facet normal 0 1 0
    outer loop
      vertex 2.13066 9 72.7767
      vertex -2.13066 9 72.7767
      vertex -1.75 9 73.0311
    endloop
  endfacet
  facet normal 0 1 0
    outer loop
      vertex 2.47487 9 72.4749
      vertex -2.13066 9 72.7767
      vertex 2.13066 9 72.7767
    endloop
  endfacet
  facet normal 0 1 0
    outer loop
      vertex 2.47487 9 72.4749
      vertex -2.47487 9 72.4749
      vertex -2.13066 9 72.7767
    endloop
  endfacet
  facet normal 0 1 0
    outer loop
      vertex 2.77674 9 72.1307
      vertex -2.47487 9 72.4749
      vertex 2.47487 9 72.4749
    endloop
  endfacet
  facet normal 0 1 0
    outer loop
      vertex 2.77674 9 72.1307
      vertex -2.77674 9 72.1307
      vertex -2.47487 9 72.4749
    endloop
  endfacet
  facet normal 0 1 0
    outer loop
      vertex 3.03109 9 71.75
      vertex -2.77674 9 72.1307
      vertex 2.77674 9 72.1307
    endloop
  endfacet
  facet normal 0 1 0
    outer loop
      vertex 3.03109 9 71.75
      vertex -3.03109 9 71.75
      vertex -2.77674 9 72.1307
    endloop
  endfacet
  facet normal 0 1 0
    outer loop
      vertex 3.23358 9 71.3394
      vertex -3.03109 9 71.75
      vertex 3.03109 9 71.75
    endloop
  endfacet
  facet normal 0 1 0
    outer loop
      vertex 3.23358 9 71.3394
      vertex -3.23358 9 71.3394
      vertex -3.03109 9 71.75
    endloop
  endfacet
  facet normal 0 1 0
    outer loop
      vertex 3.38074 9 70.9059
      vertex -3.23358 9 71.3394
      vertex 3.23358 9 71.3394
    endloop
  endfacet
  facet normal 0 1 0
    outer loop
      vertex 3.38074 9 70.9059
      vertex -3.38074 9 70.9059
      vertex -3.23358 9 71.3394
    endloop
  endfacet
  facet normal 0 1 0
    outer loop
      vertex 3.47006 9 70.4568
      vertex -3.38074 9 70.9059
      vertex 3.38074 9 70.9059
    endloop
  endfacet
  facet normal 0 1 0
    outer loop
      vertex 3.47006 9 70.4568
      vertex -3.47006 9 70.4568
      vertex -3.38074 9 70.9059
    endloop
  endfacet
  facet normal 0 1 0
    outer loop
      vertex 3.5 9 70
      vertex -3.47006 9 70.4568
      vertex 3.47006 9 70.4568
    endloop
  endfacet
  facet normal 0 1 0
    outer loop
      vertex 3.5 9 70
      vertex -3.5 9 70
      vertex -3.47006 9 70.4568
    endloop
  endfacet
  facet normal 0 1 -0
    outer loop
      vertex 3.47006 9 69.5432
      vertex -3.5 9 70
      vertex 3.5 9 70
    endloop
  endfacet
  facet normal 0 1 0
    outer loop
      vertex 3.47006 9 69.5432
      vertex -3.47006 9 69.5432
      vertex -3.5 9 70
    endloop
  endfacet
  facet normal 0 1 -0
    outer loop
      vertex 3.38074 9 69.0941
      vertex -3.47006 9 69.5432
      vertex 3.47006 9 69.5432
    endloop
  endfacet
  facet normal 0 1 0
    outer loop
      vertex 3.38074 9 69.0941
      vertex -3.38074 9 69.0941
      vertex -3.47006 9 69.5432
    endloop
  endfacet
  facet normal 0 1 -0
    outer loop
      vertex 3.23358 9 68.6606
      vertex -3.38074 9 69.0941
      vertex 3.38074 9 69.0941
    endloop
  endfacet
  facet normal 0 1 0
    outer loop
      vertex 3.23358 9 68.6606
      vertex -3.23358 9 68.6606
      vertex -3.38074 9 69.0941
    endloop
  endfacet
  facet normal 0 1 -0
    outer loop
      vertex 3.03109 9 68.25
      vertex -3.23358 9 68.6606
      vertex 3.23358 9 68.6606
    endloop
  endfacet
  facet normal 0 1 0
    outer loop
      vertex 3.03109 9 68.25
      vertex -3.03109 9 68.25
      vertex -3.23358 9 68.6606
    endloop
  endfacet
  facet normal 0 1 -0
    outer loop
      vertex 2.77674 9 67.8693
      vertex -3.03109 9 68.25
      vertex 3.03109 9 68.25
    endloop
  endfacet
  facet normal 0 1 0
    outer loop
      vertex 2.77674 9 67.8693
      vertex -2.77674 9 67.8693
      vertex -3.03109 9 68.25
    endloop
  endfacet
  facet normal 0 1 -0
    outer loop
      vertex 2.47487 9 67.5251
      vertex -2.77674 9 67.8693
      vertex 2.77674 9 67.8693
    endloop
  endfacet
  facet normal 0 1 0
    outer loop
      vertex 2.47487 9 67.5251
      vertex -2.47487 9 67.5251
      vertex -2.77674 9 67.8693
    endloop
  endfacet
  facet normal 0 1 -0
    outer loop
      vertex 2.13066 9 67.2233
      vertex -2.47487 9 67.5251
      vertex 2.47487 9 67.5251
    endloop
  endfacet
  facet normal 0 1 0
    outer loop
      vertex 2.13066 9 67.2233
      vertex -2.13066 9 67.2233
      vertex -2.47487 9 67.5251
    endloop
  endfacet
  facet normal 0 1 -0
    outer loop
      vertex 1.75 9 66.9689
      vertex -2.13066 9 67.2233
      vertex 2.13066 9 67.2233
    endloop
  endfacet
  facet normal 0 1 0
    outer loop
      vertex 1.75 9 66.9689
      vertex -1.75 9 66.9689
      vertex -2.13066 9 67.2233
    endloop
  endfacet
  facet normal 0 1 -0
    outer loop
      vertex 1.33939 9 66.7664
      vertex -1.75 9 66.9689
      vertex 1.75 9 66.9689
    endloop
  endfacet
  facet normal 0 1 0
    outer loop
      vertex 1.33939 9 66.7664
      vertex -1.33939 9 66.7664
      vertex -1.75 9 66.9689
    endloop
  endfacet
  facet normal 0 1 -0
    outer loop
      vertex 0.905867 9 66.6193
      vertex -1.33939 9 66.7664
      vertex 1.33939 9 66.7664
    endloop
  endfacet
  facet normal 0 1 0
    outer loop
      vertex 0.905867 9 66.6193
      vertex -0.905867 9 66.6193
      vertex -1.33939 9 66.7664
    endloop
  endfacet
  facet normal 0 1 -0
    outer loop
      vertex 0.456841 9 66.5299
      vertex -0.905867 9 66.6193
      vertex 0.905867 9 66.6193
    endloop
  endfacet
  facet normal 0 1 0
    outer loop
      vertex 0.456841 9 66.5299
      vertex -0.456841 9 66.5299
      vertex -0.905867 9 66.6193
    endloop
  endfacet
  facet normal -0 1 0
    outer loop
      vertex -0.456841 9 66.5299
      vertex 0.456841 9 66.5299
      vertex 0 9 66.5
    endloop
  endfacet
  facet normal -0.98079 0 -0.195066
    outer loop
      vertex -3.38074 8 69.0941
      vertex -3.47006 9 69.5432
      vertex -3.38074 9 69.0941
    endloop
  endfacet
  facet normal -0.98079 -0 -0.195066
    outer loop
      vertex -3.47006 9 69.5432
      vertex -3.38074 8 69.0941
      vertex -3.47006 8 69.5432
    endloop
  endfacet
  facet normal -0.98079 0 -0.195066
    outer loop
      vertex -3.38074 -9 69.0941
      vertex -3.47006 -8 69.5432
      vertex -3.38074 -8 69.0941
    endloop
  endfacet
  facet normal -0.98079 -0 -0.195066
    outer loop
      vertex -3.47006 -8 69.5432
      vertex -3.38074 -9 69.0941
      vertex -3.47006 -9 69.5432
    endloop
  endfacet
  facet normal -0.831495 0 -0.555532
    outer loop
      vertex -2.77674 -9 67.8693
      vertex -3.03109 -8 68.25
      vertex -2.77674 -8 67.8693
    endloop
  endfacet
  facet normal -0.831495 -0 -0.555532
    outer loop
      vertex -3.03109 -8 68.25
      vertex -2.77674 -9 67.8693
      vertex -3.03109 -9 68.25
    endloop
  endfacet
  facet normal -0.831495 0 -0.555532
    outer loop
      vertex -2.77674 8 67.8693
      vertex -3.03109 9 68.25
      vertex -2.77674 9 67.8693
    endloop
  endfacet
  facet normal -0.831495 -0 -0.555532
    outer loop
      vertex -3.03109 9 68.25
      vertex -2.77674 8 67.8693
      vertex -3.03109 8 68.25
    endloop
  endfacet
  facet normal 0 -1 0
    outer loop
      vertex -0.456841 -9 73.4701
      vertex 0.456841 -9 73.4701
      vertex 0 -9 73.5
    endloop
  endfacet
  facet normal 0 -1 0
    outer loop
      vertex -0.905867 -9 73.3807
      vertex 0.456841 -9 73.4701
      vertex -0.456841 -9 73.4701
    endloop
  endfacet
  facet normal 0 -1 0
    outer loop
      vertex -0.905867 -9 73.3807
      vertex 0.905867 -9 73.3807
      vertex 0.456841 -9 73.4701
    endloop
  endfacet
  facet normal 0 -1 0
    outer loop
      vertex -1.33939 -9 73.2336
      vertex 0.905867 -9 73.3807
      vertex -0.905867 -9 73.3807
    endloop
  endfacet
  facet normal 0 -1 0
    outer loop
      vertex -1.33939 -9 73.2336
      vertex 1.33939 -9 73.2336
      vertex 0.905867 -9 73.3807
    endloop
  endfacet
  facet normal 0 -1 0
    outer loop
      vertex -1.75 -9 73.0311
      vertex 1.33939 -9 73.2336
      vertex -1.33939 -9 73.2336
    endloop
  endfacet
  facet normal 0 -1 0
    outer loop
      vertex -1.75 -9 73.0311
      vertex 1.75 -9 73.0311
      vertex 1.33939 -9 73.2336
    endloop
  endfacet
  facet normal 0 -1 0
    outer loop
      vertex -2.13066 -9 72.7767
      vertex 1.75 -9 73.0311
      vertex -1.75 -9 73.0311
    endloop
  endfacet
  facet normal 0 -1 0
    outer loop
      vertex -2.13066 -9 72.7767
      vertex 2.13066 -9 72.7767
      vertex 1.75 -9 73.0311
    endloop
  endfacet
  facet normal 0 -1 0
    outer loop
      vertex -2.47487 -9 72.4749
      vertex 2.13066 -9 72.7767
      vertex -2.13066 -9 72.7767
    endloop
  endfacet
  facet normal 0 -1 0
    outer loop
      vertex -2.47487 -9 72.4749
      vertex 2.47487 -9 72.4749
      vertex 2.13066 -9 72.7767
    endloop
  endfacet
  facet normal 0 -1 0
    outer loop
      vertex -2.77674 -9 72.1307
      vertex 2.47487 -9 72.4749
      vertex -2.47487 -9 72.4749
    endloop
  endfacet
  facet normal 0 -1 0
    outer loop
      vertex -2.77674 -9 72.1307
      vertex 2.77674 -9 72.1307
      vertex 2.47487 -9 72.4749
    endloop
  endfacet
  facet normal 0 -1 0
    outer loop
      vertex -3.03109 -9 71.75
      vertex 2.77674 -9 72.1307
      vertex -2.77674 -9 72.1307
    endloop
  endfacet
  facet normal 0 -1 0
    outer loop
      vertex -3.03109 -9 71.75
      vertex 3.03109 -9 71.75
      vertex 2.77674 -9 72.1307
    endloop
  endfacet
  facet normal 0 -1 0
    outer loop
      vertex -3.23358 -9 71.3394
      vertex 3.03109 -9 71.75
      vertex -3.03109 -9 71.75
    endloop
  endfacet
  facet normal 0 -1 0
    outer loop
      vertex -3.23358 -9 71.3394
      vertex 3.23358 -9 71.3394
      vertex 3.03109 -9 71.75
    endloop
  endfacet
  facet normal 0 -1 0
    outer loop
      vertex -3.38074 -9 70.9059
      vertex 3.23358 -9 71.3394
      vertex -3.23358 -9 71.3394
    endloop
  endfacet
  facet normal 0 -1 0
    outer loop
      vertex -3.38074 -9 70.9059
      vertex 3.38074 -9 70.9059
      vertex 3.23358 -9 71.3394
    endloop
  endfacet
  facet normal 0 -1 0
    outer loop
      vertex -3.47006 -9 70.4568
      vertex 3.38074 -9 70.9059
      vertex -3.38074 -9 70.9059
    endloop
  endfacet
  facet normal 0 -1 0
    outer loop
      vertex -3.47006 -9 70.4568
      vertex 3.47006 -9 70.4568
      vertex 3.38074 -9 70.9059
    endloop
  endfacet
  facet normal 0 -1 0
    outer loop
      vertex -3.5 -9 70
      vertex 3.47006 -9 70.4568
      vertex -3.47006 -9 70.4568
    endloop
  endfacet
  facet normal 0 -1 0
    outer loop
      vertex -3.5 -9 70
      vertex 3.5 -9 70
      vertex 3.47006 -9 70.4568
    endloop
  endfacet
  facet normal 0 -1 0
    outer loop
      vertex -3.47006 -9 69.5432
      vertex 3.5 -9 70
      vertex -3.5 -9 70
    endloop
  endfacet
  facet normal 0 -1 0
    outer loop
      vertex -3.47006 -9 69.5432
      vertex 3.47006 -9 69.5432
      vertex 3.5 -9 70
    endloop
  endfacet
  facet normal 0 -1 0
    outer loop
      vertex -3.38074 -9 69.0941
      vertex 3.47006 -9 69.5432
      vertex -3.47006 -9 69.5432
    endloop
  endfacet
  facet normal 0 -1 0
    outer loop
      vertex -3.38074 -9 69.0941
      vertex 3.38074 -9 69.0941
      vertex 3.47006 -9 69.5432
    endloop
  endfacet
  facet normal 0 -1 0
    outer loop
      vertex -3.23358 -9 68.6606
      vertex 3.38074 -9 69.0941
      vertex -3.38074 -9 69.0941
    endloop
  endfacet
  facet normal 0 -1 0
    outer loop
      vertex -3.23358 -9 68.6606
      vertex 3.23358 -9 68.6606
      vertex 3.38074 -9 69.0941
    endloop
  endfacet
  facet normal 0 -1 0
    outer loop
      vertex -3.03109 -9 68.25
      vertex 3.23358 -9 68.6606
      vertex -3.23358 -9 68.6606
    endloop
  endfacet
  facet normal 0 -1 0
    outer loop
      vertex -3.03109 -9 68.25
      vertex 3.03109 -9 68.25
      vertex 3.23358 -9 68.6606
    endloop
  endfacet
  facet normal 0 -1 0
    outer loop
      vertex -2.77674 -9 67.8693
      vertex 3.03109 -9 68.25
      vertex -3.03109 -9 68.25
    endloop
  endfacet
  facet normal 0 -1 0
    outer loop
      vertex -2.77674 -9 67.8693
      vertex 2.77674 -9 67.8693
      vertex 3.03109 -9 68.25
    endloop
  endfacet
  facet normal 0 -1 0
    outer loop
      vertex -2.47487 -9 67.5251
      vertex 2.77674 -9 67.8693
      vertex -2.77674 -9 67.8693
    endloop
  endfacet
  facet normal 0 -1 0
    outer loop
      vertex -2.47487 -9 67.5251
      vertex 2.47487 -9 67.5251
      vertex 2.77674 -9 67.8693
    endloop
  endfacet
  facet normal 0 -1 0
    outer loop
      vertex -2.13066 -9 67.2233
      vertex 2.47487 -9 67.5251
      vertex -2.47487 -9 67.5251
    endloop
  endfacet
  facet normal 0 -1 0
    outer loop
      vertex -2.13066 -9 67.2233
      vertex 2.13066 -9 67.2233
      vertex 2.47487 -9 67.5251
    endloop
  endfacet
  facet normal 0 -1 0
    outer loop
      vertex -1.75 -9 66.9689
      vertex 2.13066 -9 67.2233
      vertex -2.13066 -9 67.2233
    endloop
  endfacet
  facet normal 0 -1 0
    outer loop
      vertex -1.75 -9 66.9689
      vertex 1.75 -9 66.9689
      vertex 2.13066 -9 67.2233
    endloop
  endfacet
  facet normal 0 -1 0
    outer loop
      vertex -1.33939 -9 66.7664
      vertex 1.75 -9 66.9689
      vertex -1.75 -9 66.9689
    endloop
  endfacet
  facet normal 0 -1 0
    outer loop
      vertex -1.33939 -9 66.7664
      vertex 1.33939 -9 66.7664
      vertex 1.75 -9 66.9689
    endloop
  endfacet
  facet normal 0 -1 0
    outer loop
      vertex -0.905867 -9 66.6193
      vertex 1.33939 -9 66.7664
      vertex -1.33939 -9 66.7664
    endloop
  endfacet
  facet normal 0 -1 0
    outer loop
      vertex -0.905867 -9 66.6193
      vertex 0.905867 -9 66.6193
      vertex 1.33939 -9 66.7664
    endloop
  endfacet
  facet normal 0 -1 0
    outer loop
      vertex -0.456841 -9 66.5299
      vertex 0.905867 -9 66.6193
      vertex -0.905867 -9 66.6193
    endloop
  endfacet
  facet normal 0 -1 0
    outer loop
      vertex -0.456841 -9 66.5299
      vertex 0.456841 -9 66.5299
      vertex 0.905867 -9 66.6193
    endloop
  endfacet
  facet normal -0 -1 0
    outer loop
      vertex 0.456841 -9 66.5299
      vertex -0.456841 -9 66.5299
      vertex 0 -9 66.5
    endloop
  endfacet
  facet normal -0.195265 0 -0.980751
    outer loop
      vertex -0.905867 8 66.6193
      vertex -0.456841 9 66.5299
      vertex -0.456841 8 66.5299
    endloop
  endfacet
  facet normal -0.195265 0 -0.980751
    outer loop
      vertex -0.456841 9 66.5299
      vertex -0.905867 8 66.6193
      vertex -0.905867 9 66.6193
    endloop
  endfacet
  facet normal -0.195265 0 -0.980751
    outer loop
      vertex -0.905867 -9 66.6193
      vertex -0.456841 -8 66.5299
      vertex -0.456841 -9 66.5299
    endloop
  endfacet
  facet normal -0.195265 0 -0.980751
    outer loop
      vertex -0.456841 -8 66.5299
      vertex -0.905867 -9 66.6193
      vertex -0.905867 -8 66.6193
    endloop
  endfacet
  facet normal -0.831495 0 0.555532
    outer loop
      vertex -3.03109 -9 71.75
      vertex -2.77674 -8 72.1307
      vertex -3.03109 -8 71.75
    endloop
  endfacet
  facet normal -0.831495 0 0.555532
    outer loop
      vertex -2.77674 -8 72.1307
      vertex -3.03109 -9 71.75
      vertex -2.77674 -9 72.1307
    endloop
  endfacet
  facet normal -0.831495 0 0.555532
    outer loop
      vertex -3.03109 8 71.75
      vertex -2.77674 9 72.1307
      vertex -3.03109 9 71.75
    endloop
  endfacet
  facet normal -0.831495 0 0.555532
    outer loop
      vertex -2.77674 9 72.1307
      vertex -3.03109 8 71.75
      vertex -2.77674 8 72.1307
    endloop
  endfacet
  facet normal -0.751824 0 0.659364
    outer loop
      vertex -2.77674 -9 72.1307
      vertex -2.47487 -8 72.4749
      vertex -2.77674 -8 72.1307
    endloop
  endfacet
  facet normal -0.751824 0 0.659364
    outer loop
      vertex -2.47487 -8 72.4749
      vertex -2.77674 -9 72.1307
      vertex -2.47487 -9 72.4749
    endloop
  endfacet
  facet normal -0.751824 0 0.659364
    outer loop
      vertex -2.77674 8 72.1307
      vertex -2.47487 9 72.4749
      vertex -2.77674 9 72.1307
    endloop
  endfacet
  facet normal -0.751824 0 0.659364
    outer loop
      vertex -2.47487 9 72.4749
      vertex -2.77674 8 72.1307
      vertex -2.47487 8 72.4749
    endloop
  endfacet
  facet normal 0 1 0
    outer loop
      vertex 1.04421 6 62.0684
      vertex 0 6 10
      vertex 0 6 62
    endloop
  endfacet
  facet normal 0 1 -0
    outer loop
      vertex 1.30526 6 9.91445
      vertex 1.04421 6 62.0684
      vertex 2.07055 6 62.2726
    endloop
  endfacet
  facet normal 0 1 -0
    outer loop
      vertex 2.58819 6 9.65926
      vertex 2.07055 6 62.2726
      vertex 3.06147 6 62.609
    endloop
  endfacet
  facet normal 0 1 -0
    outer loop
      vertex 3.82683 6 9.2388
      vertex 3.06147 6 62.609
      vertex 4 6 63.0718
    endloop
  endfacet
  facet normal 0 1 0
    outer loop
      vertex 5 6 8.66025
      vertex 4 6 63.0718
      vertex 4.87009 6 63.6532
    endloop
  endfacet
  facet normal 0 1 0
    outer loop
      vertex 6.08761 6 7.93353
      vertex 4.87009 6 63.6532
      vertex 5.65685 6 64.3431
    endloop
  endfacet
  facet normal 0 1 0
    outer loop
      vertex 7 6 7.13339
      vertex 5.65685 6 64.3431
      vertex 6.34683 6 65.1299
    endloop
  endfacet
  facet normal 0 1 0
    outer loop
      vertex 7 6 7.13339
      vertex 6.34683 6 65.1299
      vertex 6.9282 6 66
    endloop
  endfacet
  facet normal 0 1 -0
    outer loop
      vertex 7 6 7.13339
      vertex 6.9282 6 66
      vertex 7 6 66.1456
    endloop
  endfacet
  facet normal 0 1 0
    outer loop
      vertex 1.04421 6 62.0684
      vertex 1.30526 6 9.91445
      vertex 0 6 10
    endloop
  endfacet
  facet normal 0 1 0
    outer loop
      vertex 2.07055 6 62.2726
      vertex 2.58819 6 9.65926
      vertex 1.30526 6 9.91445
    endloop
  endfacet
  facet normal 0 1 0
    outer loop
      vertex 3.06147 6 62.609
      vertex 3.82683 6 9.2388
      vertex 2.58819 6 9.65926
    endloop
  endfacet
  facet normal 0 1 0
    outer loop
      vertex 4 6 63.0718
      vertex 5 6 8.66025
      vertex 3.82683 6 9.2388
    endloop
  endfacet
  facet normal 0 1 0
    outer loop
      vertex 4.87009 6 63.6532
      vertex 6.08761 6 7.93353
      vertex 5 6 8.66025
    endloop
  endfacet
  facet normal 0 1 0
    outer loop
      vertex 5.65685 6 64.3431
      vertex 7 6 7.13339
      vertex 6.08761 6 7.93353
    endloop
  endfacet
  facet normal 0 1 -0
    outer loop
      vertex 0 6 10
      vertex -1.04421 6 62.0684
      vertex 0 6 62
    endloop
  endfacet
  facet normal 0 1 0
    outer loop
      vertex -1.30526 6 9.91445
      vertex -1.04421 6 62.0684
      vertex 0 6 10
    endloop
  endfacet
  facet normal 0 1 0
    outer loop
      vertex -1.04421 6 62.0684
      vertex -1.30526 6 9.91445
      vertex -2.07055 6 62.2726
    endloop
  endfacet
  facet normal 0 1 0
    outer loop
      vertex -2.58819 6 9.65926
      vertex -2.07055 6 62.2726
      vertex -1.30526 6 9.91445
    endloop
  endfacet
  facet normal 0 1 0
    outer loop
      vertex -2.07055 6 62.2726
      vertex -2.58819 6 9.65926
      vertex -3.06147 6 62.609
    endloop
  endfacet
  facet normal 0 1 0
    outer loop
      vertex -3.82683 6 9.2388
      vertex -3.06147 6 62.609
      vertex -2.58819 6 9.65926
    endloop
  endfacet
  facet normal 0 1 0
    outer loop
      vertex -3.06147 6 62.609
      vertex -3.82683 6 9.2388
      vertex -4 6 63.0718
    endloop
  endfacet
  facet normal 0 1 0
    outer loop
      vertex -5 6 8.66025
      vertex -4 6 63.0718
      vertex -3.82683 6 9.2388
    endloop
  endfacet
  facet normal 0 1 0
    outer loop
      vertex -4 6 63.0718
      vertex -5 6 8.66025
      vertex -4.87009 6 63.6532
    endloop
  endfacet
  facet normal 0 1 0
    outer loop
      vertex -6.08761 6 7.93353
      vertex -4.87009 6 63.6532
      vertex -5 6 8.66025
    endloop
  endfacet
  facet normal 0 1 0
    outer loop
      vertex -4.87009 6 63.6532
      vertex -6.08761 6 7.93353
      vertex -5.65685 6 64.3431
    endloop
  endfacet
  facet normal 0 1 0
    outer loop
      vertex -7 6 7.13339
      vertex -5.65685 6 64.3431
      vertex -6.08761 6 7.93353
    endloop
  endfacet
  facet normal 0 1 0
    outer loop
      vertex -5.65685 6 64.3431
      vertex -7 6 7.13339
      vertex -6.34683 6 65.1299
    endloop
  endfacet
  facet normal 0 1 0
    outer loop
      vertex -6.34683 6 65.1299
      vertex -7 6 7.13339
      vertex -6.9282 6 66
    endloop
  endfacet
  facet normal 0 1 0
    outer loop
      vertex -6.9282 6 66
      vertex -7 6 7.13339
      vertex -7 6 66.1456
    endloop
  endfacet
  facet normal 0 -1 0
    outer loop
      vertex -1.04421 -6 62.0684
      vertex 0 -6 10
      vertex 0 -6 62
    endloop
  endfacet
  facet normal 0 -1 0
    outer loop
      vertex -1.30526 -6 9.91445
      vertex -1.04421 -6 62.0684
      vertex -2.07055 -6 62.2726
    endloop
  endfacet
  facet normal 0 -1 0
    outer loop
      vertex -2.58819 -6 9.65926
      vertex -2.07055 -6 62.2726
      vertex -3.06147 -6 62.609
    endloop
  endfacet
  facet normal 0 -1 0
    outer loop
      vertex -3.82683 -6 9.2388
      vertex -3.06147 -6 62.609
      vertex -4 -6 63.0718
    endloop
  endfacet
  facet normal 0 -1 0
    outer loop
      vertex -5 -6 8.66025
      vertex -4 -6 63.0718
      vertex -4.87009 -6 63.6532
    endloop
  endfacet
  facet normal 0 -1 0
    outer loop
      vertex -6.08761 -6 7.93353
      vertex -4.87009 -6 63.6532
      vertex -5.65685 -6 64.3431
    endloop
  endfacet
  facet normal 0 -1 0
    outer loop
      vertex -7 -6 7.13339
      vertex -5.65685 -6 64.3431
      vertex -6.34683 -6 65.1299
    endloop
  endfacet
  facet normal 0 -1 0
    outer loop
      vertex -7 -6 7.13339
      vertex -6.34683 -6 65.1299
      vertex -6.9282 -6 66
    endloop
  endfacet
  facet normal 0 -1 0
    outer loop
      vertex -7 -6 7.13339
      vertex -6.9282 -6 66
      vertex -7 -6 66.1456
    endloop
  endfacet
  facet normal 0 -1 -0
    outer loop
      vertex -1.04421 -6 62.0684
      vertex -1.30526 -6 9.91445
      vertex 0 -6 10
    endloop
  endfacet
  facet normal 0 -1 -0
    outer loop
      vertex -2.07055 -6 62.2726
      vertex -2.58819 -6 9.65926
      vertex -1.30526 -6 9.91445
    endloop
  endfacet
  facet normal 0 -1 -0
    outer loop
      vertex -3.06147 -6 62.609
      vertex -3.82683 -6 9.2388
      vertex -2.58819 -6 9.65926
    endloop
  endfacet
  facet normal 0 -1 -0
    outer loop
      vertex -4 -6 63.0718
      vertex -5 -6 8.66025
      vertex -3.82683 -6 9.2388
    endloop
  endfacet
  facet normal 0 -1 0
    outer loop
      vertex -4.87009 -6 63.6532
      vertex -6.08761 -6 7.93353
      vertex -5 -6 8.66025
    endloop
  endfacet
  facet normal 0 -1 0
    outer loop
      vertex -5.65685 -6 64.3431
      vertex -7 -6 7.13339
      vertex -6.08761 -6 7.93353
    endloop
  endfacet
  facet normal 0 -1 0
    outer loop
      vertex 0 -6 10
      vertex 1.04421 -6 62.0684
      vertex 0 -6 62
    endloop
  endfacet
  facet normal 0 -1 0
    outer loop
      vertex 1.30526 -6 9.91445
      vertex 1.04421 -6 62.0684
      vertex 0 -6 10
    endloop
  endfacet
  facet normal 0 -1 0
    outer loop
      vertex 1.04421 -6 62.0684
      vertex 1.30526 -6 9.91445
      vertex 2.07055 -6 62.2726
    endloop
  endfacet
  facet normal 0 -1 0
    outer loop
      vertex 2.58819 -6 9.65926
      vertex 2.07055 -6 62.2726
      vertex 1.30526 -6 9.91445
    endloop
  endfacet
  facet normal 0 -1 0
    outer loop
      vertex 2.07055 -6 62.2726
      vertex 2.58819 -6 9.65926
      vertex 3.06147 -6 62.609
    endloop
  endfacet
  facet normal 0 -1 0
    outer loop
      vertex 3.82683 -6 9.2388
      vertex 3.06147 -6 62.609
      vertex 2.58819 -6 9.65926
    endloop
  endfacet
  facet normal 0 -1 0
    outer loop
      vertex 3.06147 -6 62.609
      vertex 3.82683 -6 9.2388
      vertex 4 -6 63.0718
    endloop
  endfacet
  facet normal 0 -1 0
    outer loop
      vertex 5 -6 8.66025
      vertex 4 -6 63.0718
      vertex 3.82683 -6 9.2388
    endloop
  endfacet
  facet normal 0 -1 0
    outer loop
      vertex 4 -6 63.0718
      vertex 5 -6 8.66025
      vertex 4.87009 -6 63.6532
    endloop
  endfacet
  facet normal 0 -1 0
    outer loop
      vertex 6.08761 -6 7.93353
      vertex 4.87009 -6 63.6532
      vertex 5 -6 8.66025
    endloop
  endfacet
  facet normal 0 -1 0
    outer loop
      vertex 4.87009 -6 63.6532
      vertex 6.08761 -6 7.93353
      vertex 5.65685 -6 64.3431
    endloop
  endfacet
  facet normal 0 -1 0
    outer loop
      vertex 7 -6 7.13339
      vertex 5.65685 -6 64.3431
      vertex 6.08761 -6 7.93353
    endloop
  endfacet
  facet normal 0 -1 0
    outer loop
      vertex 5.65685 -6 64.3431
      vertex 7 -6 7.13339
      vertex 6.34683 -6 65.1299
    endloop
  endfacet
  facet normal 0 -1 0
    outer loop
      vertex 6.34683 -6 65.1299
      vertex 7 -6 7.13339
      vertex 6.9282 -6 66
    endloop
  endfacet
  facet normal 0 -1 0
    outer loop
      vertex 6.9282 -6 66
      vertex 7 -6 7.13339
      vertex 7 -6 66.1456
    endloop
  endfacet
  facet normal -0.997859 -0.0653985 0
    outer loop
      vertex -5.94867 17.2168 15
      vertex -6 18 53
      vertex -6 18 15
    endloop
  endfacet
  facet normal -0.997859 -0.0653985 0
    outer loop
      vertex -6 18 53
      vertex -5.94867 17.2168 15
      vertex -5.94867 17.2168 53
    endloop
  endfacet
  facet normal 0.751799 -0.659392 0
    outer loop
      vertex 4.24264 13.7574 53
      vertex 4.76012 14.3474 15
      vertex 4.76012 14.3474 53
    endloop
  endfacet
  facet normal 0.751799 -0.659392 0
    outer loop
      vertex 4.76012 14.3474 15
      vertex 4.24264 13.7574 53
      vertex 4.24264 13.7574 15
    endloop
  endfacet
  facet normal 0.195074 -0.980789 0
    outer loop
      vertex 0.783156 12.0513 15
      vertex 1.55291 12.2044 53
      vertex 0.783156 12.0513 53
    endloop
  endfacet
  facet normal 0.195074 -0.980789 0
    outer loop
      vertex 1.55291 12.2044 53
      vertex 0.783156 12.0513 15
      vertex 1.55291 12.2044 15
    endloop
  endfacet
  facet normal -0.442263 -0.896885 0
    outer loop
      vertex -3 12.8038 15
      vertex -2.2961 12.4567 53
      vertex -3 12.8038 53
    endloop
  endfacet
  facet normal -0.442263 -0.896885 -0
    outer loop
      vertex -2.2961 12.4567 53
      vertex -3 12.8038 15
      vertex -2.2961 12.4567 15
    endloop
  endfacet
  facet normal 0.321463 -0.946922 0
    outer loop
      vertex 1.55291 12.2044 15
      vertex 2.2961 12.4567 53
      vertex 1.55291 12.2044 53
    endloop
  endfacet
  facet normal 0.321463 -0.946922 0
    outer loop
      vertex 2.2961 12.4567 53
      vertex 1.55291 12.2044 15
      vertex 2.2961 12.4567 15
    endloop
  endfacet
  facet normal 0.195074 0.980789 -0
    outer loop
      vertex 1.55291 23.7956 15
      vertex 0.783156 23.9487 53
      vertex 1.55291 23.7956 53
    endloop
  endfacet
  facet normal 0.195074 0.980789 0
    outer loop
      vertex 0.783156 23.9487 53
      vertex 1.55291 23.7956 15
      vertex 0.783156 23.9487 15
    endloop
  endfacet
  facet normal -0.659362 0.751826 0
    outer loop
      vertex -3.65257 22.7601 15
      vertex -4.24264 22.2426 53
      vertex -3.65257 22.7601 53
    endloop
  endfacet
  facet normal -0.659362 0.751826 0
    outer loop
      vertex -4.24264 22.2426 53
      vertex -3.65257 22.7601 15
      vertex -4.24264 22.2426 15
    endloop
  endfacet
  facet normal -0.89687 -0.442294 0
    outer loop
      vertex -5.19615 15 15
      vertex -5.54328 15.7039 53
      vertex -5.54328 15.7039 15
    endloop
  endfacet
  facet normal -0.89687 -0.442294 0
    outer loop
      vertex -5.54328 15.7039 53
      vertex -5.19615 15 15
      vertex -5.19615 15 53
    endloop
  endfacet
  facet normal 0.659362 0.751826 -0
    outer loop
      vertex 4.24264 22.2426 15
      vertex 3.65257 22.7601 53
      vertex 4.24264 22.2426 53
    endloop
  endfacet
  facet normal 0.659362 0.751826 0
    outer loop
      vertex 3.65257 22.7601 53
      vertex 4.24264 22.2426 15
      vertex 3.65257 22.7601 15
    endloop
  endfacet
  facet normal 0.442263 0.896885 -0
    outer loop
      vertex 3 23.1962 15
      vertex 2.2961 23.5433 53
      vertex 3 23.1962 53
    endloop
  endfacet
  facet normal 0.442263 0.896885 0
    outer loop
      vertex 2.2961 23.5433 53
      vertex 3 23.1962 15
      vertex 2.2961 23.5433 15
    endloop
  endfacet
  facet normal -0.555629 0.83143 0
    outer loop
      vertex -3 23.1962 15
      vertex -3.65257 22.7601 53
      vertex -3 23.1962 53
    endloop
  endfacet
  facet normal -0.555629 0.83143 0
    outer loop
      vertex -3.65257 22.7601 53
      vertex -3 23.1962 15
      vertex -3.65257 22.7601 15
    endloop
  endfacet
  facet normal 0.997859 0.0653985 0
    outer loop
      vertex 6 18 53
      vertex 5.94867 18.7832 15
      vertex 5.94867 18.7832 53
    endloop
  endfacet
  facet normal 0.997859 0.0653985 0
    outer loop
      vertex 5.94867 18.7832 15
      vertex 6 18 53
      vertex 6 18 15
    endloop
  endfacet
  facet normal 0.997859 -0.0653985 0
    outer loop
      vertex 5.94867 17.2168 53
      vertex 6 18 15
      vertex 6 18 53
    endloop
  endfacet
  facet normal 0.997859 -0.0653985 0
    outer loop
      vertex 6 18 15
      vertex 5.94867 17.2168 53
      vertex 5.94867 17.2168 15
    endloop
  endfacet
  facet normal 0.659362 -0.751826 0
    outer loop
      vertex 3.65257 13.2399 15
      vertex 4.24264 13.7574 53
      vertex 3.65257 13.2399 53
    endloop
  endfacet
  facet normal 0.659362 -0.751826 0
    outer loop
      vertex 4.24264 13.7574 53
      vertex 3.65257 13.2399 15
      vertex 4.24264 13.7574 15
    endloop
  endfacet
  facet normal 0.946935 0.321425 0
    outer loop
      vertex 5.79555 19.5529 53
      vertex 5.54328 20.2961 15
      vertex 5.54328 20.2961 53
    endloop
  endfacet
  facet normal 0.946935 0.321425 0
    outer loop
      vertex 5.54328 20.2961 15
      vertex 5.79555 19.5529 53
      vertex 5.79555 19.5529 15
    endloop
  endfacet
  facet normal 0.555629 0.83143 -0
    outer loop
      vertex 3.65257 22.7601 15
      vertex 3 23.1962 53
      vertex 3.65257 22.7601 53
    endloop
  endfacet
  facet normal 0.555629 0.83143 0
    outer loop
      vertex 3 23.1962 53
      vertex 3.65257 22.7601 15
      vertex 3 23.1962 15
    endloop
  endfacet
  facet normal 0.89687 0.442294 0
    outer loop
      vertex 5.54328 20.2961 53
      vertex 5.19615 21 15
      vertex 5.19615 21 53
    endloop
  endfacet
  facet normal 0.89687 0.442294 0
    outer loop
      vertex 5.19615 21 15
      vertex 5.54328 20.2961 53
      vertex 5.54328 20.2961 15
    endloop
  endfacet
  facet normal -0.751799 0.659392 0
    outer loop
      vertex -4.76012 21.6526 15
      vertex -4.24264 22.2426 53
      vertex -4.24264 22.2426 15
    endloop
  endfacet
  facet normal -0.751799 0.659392 0
    outer loop
      vertex -4.24264 22.2426 53
      vertex -4.76012 21.6526 15
      vertex -4.76012 21.6526 53
    endloop
  endfacet
  facet normal -0.321463 -0.946922 0
    outer loop
      vertex -2.2961 12.4567 15
      vertex -1.55291 12.2044 53
      vertex -2.2961 12.4567 53
    endloop
  endfacet
  facet normal -0.321463 -0.946922 -0
    outer loop
      vertex -1.55291 12.2044 53
      vertex -2.2961 12.4567 15
      vertex -1.55291 12.2044 15
    endloop
  endfacet
  facet normal 0.0653641 0.997861 -0
    outer loop
      vertex 0.783156 23.9487 15
      vertex 0 24 53
      vertex 0.783156 23.9487 53
    endloop
  endfacet
  facet normal 0.0653641 0.997861 0
    outer loop
      vertex 0 24 53
      vertex 0.783156 23.9487 15
      vertex 0 24 15
    endloop
  endfacet
  facet normal 0.751799 0.659392 0
    outer loop
      vertex 4.76012 21.6526 53
      vertex 4.24264 22.2426 15
      vertex 4.24264 22.2426 53
    endloop
  endfacet
  facet normal 0.751799 0.659392 0
    outer loop
      vertex 4.24264 22.2426 15
      vertex 4.76012 21.6526 53
      vertex 4.76012 21.6526 15
    endloop
  endfacet
  facet normal -0.555629 -0.83143 0
    outer loop
      vertex -3.65257 13.2399 15
      vertex -3 12.8038 53
      vertex -3.65257 13.2399 53
    endloop
  endfacet
  facet normal -0.555629 -0.83143 -0
    outer loop
      vertex -3 12.8038 53
      vertex -3.65257 13.2399 15
      vertex -3 12.8038 15
    endloop
  endfacet
  facet normal 0.89687 -0.442294 0
    outer loop
      vertex 5.19615 15 53
      vertex 5.54328 15.7039 15
      vertex 5.54328 15.7039 53
    endloop
  endfacet
  facet normal 0.89687 -0.442294 0
    outer loop
      vertex 5.54328 15.7039 15
      vertex 5.19615 15 53
      vertex 5.19615 15 15
    endloop
  endfacet
  facet normal 0.831483 -0.55555 0
    outer loop
      vertex 4.76012 14.3474 53
      vertex 5.19615 15 15
      vertex 5.19615 15 53
    endloop
  endfacet
  facet normal 0.831483 -0.55555 0
    outer loop
      vertex 5.19615 15 15
      vertex 4.76012 14.3474 53
      vertex 4.76012 14.3474 15
    endloop
  endfacet
  facet normal -0.195074 -0.980789 0
    outer loop
      vertex -1.55291 12.2044 15
      vertex -0.783156 12.0513 53
      vertex -1.55291 12.2044 53
    endloop
  endfacet
  facet normal -0.195074 -0.980789 -0
    outer loop
      vertex -0.783156 12.0513 53
      vertex -1.55291 12.2044 15
      vertex -0.783156 12.0513 15
    endloop
  endfacet
  facet normal -0.89687 0.442294 0
    outer loop
      vertex -5.54328 20.2961 15
      vertex -5.19615 21 53
      vertex -5.19615 21 15
    endloop
  endfacet
  facet normal -0.89687 0.442294 0
    outer loop
      vertex -5.19615 21 53
      vertex -5.54328 20.2961 15
      vertex -5.54328 20.2961 53
    endloop
  endfacet
  facet normal 0.980781 0.195111 0
    outer loop
      vertex 5.94867 18.7832 53
      vertex 5.79555 19.5529 15
      vertex 5.79555 19.5529 53
    endloop
  endfacet
  facet normal 0.980781 0.195111 0
    outer loop
      vertex 5.79555 19.5529 15
      vertex 5.94867 18.7832 53
      vertex 5.94867 18.7832 15
    endloop
  endfacet
  facet normal -0.980781 -0.195111 0
    outer loop
      vertex -5.79555 16.4471 15
      vertex -5.94867 17.2168 53
      vertex -5.94867 17.2168 15
    endloop
  endfacet
  facet normal -0.980781 -0.195111 0
    outer loop
      vertex -5.94867 17.2168 53
      vertex -5.79555 16.4471 15
      vertex -5.79555 16.4471 53
    endloop
  endfacet
  facet normal -0.0653641 -0.997861 0
    outer loop
      vertex -0.783156 12.0513 15
      vertex 0 12 53
      vertex -0.783156 12.0513 53
    endloop
  endfacet
  facet normal -0.0653641 -0.997861 -0
    outer loop
      vertex 0 12 53
      vertex -0.783156 12.0513 15
      vertex 0 12 15
    endloop
  endfacet
  facet normal -0.997859 0.0653985 0
    outer loop
      vertex -6 18 15
      vertex -5.94867 18.7832 53
      vertex -5.94867 18.7832 15
    endloop
  endfacet
  facet normal -0.997859 0.0653985 0
    outer loop
      vertex -5.94867 18.7832 53
      vertex -6 18 15
      vertex -6 18 53
    endloop
  endfacet
  facet normal 0.442263 -0.896885 0
    outer loop
      vertex 2.2961 12.4567 15
      vertex 3 12.8038 53
      vertex 2.2961 12.4567 53
    endloop
  endfacet
  facet normal 0.442263 -0.896885 0
    outer loop
      vertex 3 12.8038 53
      vertex 2.2961 12.4567 15
      vertex 3 12.8038 15
    endloop
  endfacet
  facet normal 0.321463 0.946922 -0
    outer loop
      vertex 2.2961 23.5433 15
      vertex 1.55291 23.7956 53
      vertex 2.2961 23.5433 53
    endloop
  endfacet
  facet normal 0.321463 0.946922 0
    outer loop
      vertex 1.55291 23.7956 53
      vertex 2.2961 23.5433 15
      vertex 1.55291 23.7956 15
    endloop
  endfacet
  facet normal 0.946935 -0.321425 0
    outer loop
      vertex 5.54328 15.7039 53
      vertex 5.79555 16.4471 15
      vertex 5.79555 16.4471 53
    endloop
  endfacet
  facet normal 0.946935 -0.321425 0
    outer loop
      vertex 5.79555 16.4471 15
      vertex 5.54328 15.7039 53
      vertex 5.54328 15.7039 15
    endloop
  endfacet
  facet normal -0.195074 0.980789 0
    outer loop
      vertex -0.783156 23.9487 15
      vertex -1.55291 23.7956 53
      vertex -0.783156 23.9487 53
    endloop
  endfacet
  facet normal -0.195074 0.980789 0
    outer loop
      vertex -1.55291 23.7956 53
      vertex -0.783156 23.9487 15
      vertex -1.55291 23.7956 15
    endloop
  endfacet
  facet normal 0.831483 0.55555 0
    outer loop
      vertex 5.19615 21 53
      vertex 4.76012 21.6526 15
      vertex 4.76012 21.6526 53
    endloop
  endfacet
  facet normal 0.831483 0.55555 0
    outer loop
      vertex 4.76012 21.6526 15
      vertex 5.19615 21 53
      vertex 5.19615 21 15
    endloop
  endfacet
  facet normal -0.980781 0.195111 0
    outer loop
      vertex -5.94867 18.7832 15
      vertex -5.79555 19.5529 53
      vertex -5.79555 19.5529 15
    endloop
  endfacet
  facet normal -0.980781 0.195111 0
    outer loop
      vertex -5.79555 19.5529 53
      vertex -5.94867 18.7832 15
      vertex -5.94867 18.7832 53
    endloop
  endfacet
  facet normal -0.831483 -0.55555 0
    outer loop
      vertex -4.76012 14.3474 15
      vertex -5.19615 15 53
      vertex -5.19615 15 15
    endloop
  endfacet
  facet normal -0.831483 -0.55555 0
    outer loop
      vertex -5.19615 15 53
      vertex -4.76012 14.3474 15
      vertex -4.76012 14.3474 53
    endloop
  endfacet
  facet normal 0 0 -1
    outer loop
      vertex 5.94867 17.2168 15
      vertex 5.94867 18.7832 15
      vertex 6 18 15
    endloop
  endfacet
  facet normal 0 0 -1
    outer loop
      vertex 5.79555 16.4471 15
      vertex 5.94867 18.7832 15
      vertex 5.94867 17.2168 15
    endloop
  endfacet
  facet normal 0 0 -1
    outer loop
      vertex 5.79555 16.4471 15
      vertex 5.79555 19.5529 15
      vertex 5.94867 18.7832 15
    endloop
  endfacet
  facet normal 0 0 -1
    outer loop
      vertex 5.54328 15.7039 15
      vertex 5.79555 19.5529 15
      vertex 5.79555 16.4471 15
    endloop
  endfacet
  facet normal 0 0 -1
    outer loop
      vertex 5.54328 15.7039 15
      vertex 5.54328 20.2961 15
      vertex 5.79555 19.5529 15
    endloop
  endfacet
  facet normal 0 0 -1
    outer loop
      vertex 5.19615 15 15
      vertex 5.54328 20.2961 15
      vertex 5.54328 15.7039 15
    endloop
  endfacet
  facet normal 0 0 -1
    outer loop
      vertex 5.19615 15 15
      vertex 5.19615 21 15
      vertex 5.54328 20.2961 15
    endloop
  endfacet
  facet normal 0 0 -1
    outer loop
      vertex 4.76012 14.3474 15
      vertex 5.19615 21 15
      vertex 5.19615 15 15
    endloop
  endfacet
  facet normal 0 0 -1
    outer loop
      vertex 4.76012 14.3474 15
      vertex 4.76012 21.6526 15
      vertex 5.19615 21 15
    endloop
  endfacet
  facet normal 0 0 -1
    outer loop
      vertex 4.24264 13.7574 15
      vertex 4.76012 21.6526 15
      vertex 4.76012 14.3474 15
    endloop
  endfacet
  facet normal 0 0 -1
    outer loop
      vertex 4.24264 13.7574 15
      vertex 4.24264 22.2426 15
      vertex 4.76012 21.6526 15
    endloop
  endfacet
  facet normal 0 0 -1
    outer loop
      vertex 3.65257 13.2399 15
      vertex 4.24264 22.2426 15
      vertex 4.24264 13.7574 15
    endloop
  endfacet
  facet normal 0 0 -1
    outer loop
      vertex 3.65257 13.2399 15
      vertex 3.65257 22.7601 15
      vertex 4.24264 22.2426 15
    endloop
  endfacet
  facet normal 0 0 -1
    outer loop
      vertex 3 12.8038 15
      vertex 3.65257 22.7601 15
      vertex 3.65257 13.2399 15
    endloop
  endfacet
  facet normal 0 0 -1
    outer loop
      vertex 3 12.8038 15
      vertex 3 23.1962 15
      vertex 3.65257 22.7601 15
    endloop
  endfacet
  facet normal 0 0 -1
    outer loop
      vertex 2.2961 12.4567 15
      vertex 3 23.1962 15
      vertex 3 12.8038 15
    endloop
  endfacet
  facet normal 0 0 -1
    outer loop
      vertex 2.2961 12.4567 15
      vertex 2.2961 23.5433 15
      vertex 3 23.1962 15
    endloop
  endfacet
  facet normal 0 0 -1
    outer loop
      vertex 1.55291 12.2044 15
      vertex 2.2961 23.5433 15
      vertex 2.2961 12.4567 15
    endloop
  endfacet
  facet normal 0 0 -1
    outer loop
      vertex 1.55291 12.2044 15
      vertex 1.55291 23.7956 15
      vertex 2.2961 23.5433 15
    endloop
  endfacet
  facet normal 0 0 -1
    outer loop
      vertex 0.783156 12.0513 15
      vertex 1.55291 23.7956 15
      vertex 1.55291 12.2044 15
    endloop
  endfacet
  facet normal 0 0 -1
    outer loop
      vertex 0.783156 12.0513 15
      vertex 0.783156 23.9487 15
      vertex 1.55291 23.7956 15
    endloop
  endfacet
  facet normal 0 0 -1
    outer loop
      vertex 0 12 15
      vertex 0.783156 23.9487 15
      vertex 0.783156 12.0513 15
    endloop
  endfacet
  facet normal 0 0 -1
    outer loop
      vertex 0 12 15
      vertex 0 24 15
      vertex 0.783156 23.9487 15
    endloop
  endfacet
  facet normal 0 0 -1
    outer loop
      vertex -0.783156 12.0513 15
      vertex 0 24 15
      vertex 0 12 15
    endloop
  endfacet
  facet normal 0 0 -1
    outer loop
      vertex -0.783156 12.0513 15
      vertex -0.783156 23.9487 15
      vertex 0 24 15
    endloop
  endfacet
  facet normal 0 0 -1
    outer loop
      vertex -1.55291 12.2044 15
      vertex -0.783156 23.9487 15
      vertex -0.783156 12.0513 15
    endloop
  endfacet
  facet normal 0 0 -1
    outer loop
      vertex -1.55291 12.2044 15
      vertex -1.55291 23.7956 15
      vertex -0.783156 23.9487 15
    endloop
  endfacet
  facet normal 0 0 -1
    outer loop
      vertex -2.2961 12.4567 15
      vertex -1.55291 23.7956 15
      vertex -1.55291 12.2044 15
    endloop
  endfacet
  facet normal 0 0 -1
    outer loop
      vertex -2.2961 12.4567 15
      vertex -2.2961 23.5433 15
      vertex -1.55291 23.7956 15
    endloop
  endfacet
  facet normal 0 0 -1
    outer loop
      vertex -3 12.8038 15
      vertex -2.2961 23.5433 15
      vertex -2.2961 12.4567 15
    endloop
  endfacet
  facet normal 0 0 -1
    outer loop
      vertex -3 12.8038 15
      vertex -3 23.1962 15
      vertex -2.2961 23.5433 15
    endloop
  endfacet
  facet normal 0 0 -1
    outer loop
      vertex -3.65257 13.2399 15
      vertex -3 23.1962 15
      vertex -3 12.8038 15
    endloop
  endfacet
  facet normal 0 0 -1
    outer loop
      vertex -3.65257 13.2399 15
      vertex -3.65257 22.7601 15
      vertex -3 23.1962 15
    endloop
  endfacet
  facet normal 0 0 -1
    outer loop
      vertex -4.24264 13.7574 15
      vertex -3.65257 22.7601 15
      vertex -3.65257 13.2399 15
    endloop
  endfacet
  facet normal 0 0 -1
    outer loop
      vertex -4.24264 13.7574 15
      vertex -4.24264 22.2426 15
      vertex -3.65257 22.7601 15
    endloop
  endfacet
  facet normal 0 0 -1
    outer loop
      vertex -4.76012 14.3474 15
      vertex -4.24264 22.2426 15
      vertex -4.24264 13.7574 15
    endloop
  endfacet
  facet normal 0 0 -1
    outer loop
      vertex -4.76012 14.3474 15
      vertex -4.76012 21.6526 15
      vertex -4.24264 22.2426 15
    endloop
  endfacet
  facet normal 0 0 -1
    outer loop
      vertex -5.19615 15 15
      vertex -4.76012 21.6526 15
      vertex -4.76012 14.3474 15
    endloop
  endfacet
  facet normal 0 0 -1
    outer loop
      vertex -5.19615 15 15
      vertex -5.19615 21 15
      vertex -4.76012 21.6526 15
    endloop
  endfacet
  facet normal 0 0 -1
    outer loop
      vertex -5.54328 15.7039 15
      vertex -5.19615 21 15
      vertex -5.19615 15 15
    endloop
  endfacet
  facet normal 0 0 -1
    outer loop
      vertex -5.54328 15.7039 15
      vertex -5.54328 20.2961 15
      vertex -5.19615 21 15
    endloop
  endfacet
  facet normal 0 0 -1
    outer loop
      vertex -5.79555 16.4471 15
      vertex -5.54328 20.2961 15
      vertex -5.54328 15.7039 15
    endloop
  endfacet
  facet normal 0 0 -1
    outer loop
      vertex -5.79555 16.4471 15
      vertex -5.79555 19.5529 15
      vertex -5.54328 20.2961 15
    endloop
  endfacet
  facet normal 0 0 -1
    outer loop
      vertex -5.94867 17.2168 15
      vertex -5.79555 19.5529 15
      vertex -5.79555 16.4471 15
    endloop
  endfacet
  facet normal 0 0 -1
    outer loop
      vertex -5.94867 17.2168 15
      vertex -5.94867 18.7832 15
      vertex -5.79555 19.5529 15
    endloop
  endfacet
  facet normal 0 -0 -1
    outer loop
      vertex -5.94867 18.7832 15
      vertex -5.94867 17.2168 15
      vertex -6 18 15
    endloop
  endfacet
  facet normal -0.321463 0.946922 0
    outer loop
      vertex -1.55291 23.7956 15
      vertex -2.2961 23.5433 53
      vertex -1.55291 23.7956 53
    endloop
  endfacet
  facet normal -0.321463 0.946922 0
    outer loop
      vertex -2.2961 23.5433 53
      vertex -1.55291 23.7956 15
      vertex -2.2961 23.5433 15
    endloop
  endfacet
  facet normal -0.946935 0.321425 0
    outer loop
      vertex -5.79555 19.5529 15
      vertex -5.54328 20.2961 53
      vertex -5.54328 20.2961 15
    endloop
  endfacet
  facet normal -0.946935 0.321425 0
    outer loop
      vertex -5.54328 20.2961 53
      vertex -5.79555 19.5529 15
      vertex -5.79555 19.5529 53
    endloop
  endfacet
  facet normal -0.0653641 0.997861 0
    outer loop
      vertex 0 24 15
      vertex -0.783156 23.9487 53
      vertex 0 24 53
    endloop
  endfacet
  facet normal -0.0653641 0.997861 0
    outer loop
      vertex -0.783156 23.9487 53
      vertex 0 24 15
      vertex -0.783156 23.9487 15
    endloop
  endfacet
  facet normal -0.442263 0.896885 0
    outer loop
      vertex -2.2961 23.5433 15
      vertex -3 23.1962 53
      vertex -2.2961 23.5433 53
    endloop
  endfacet
  facet normal -0.442263 0.896885 0
    outer loop
      vertex -3 23.1962 53
      vertex -2.2961 23.5433 15
      vertex -3 23.1962 15
    endloop
  endfacet
  facet normal -0.659362 -0.751826 0
    outer loop
      vertex -4.24264 13.7574 15
      vertex -3.65257 13.2399 53
      vertex -4.24264 13.7574 53
    endloop
  endfacet
  facet normal -0.659362 -0.751826 -0
    outer loop
      vertex -3.65257 13.2399 53
      vertex -4.24264 13.7574 15
      vertex -3.65257 13.2399 15
    endloop
  endfacet
  facet normal 0.555629 -0.83143 0
    outer loop
      vertex 3 12.8038 15
      vertex 3.65257 13.2399 53
      vertex 3 12.8038 53
    endloop
  endfacet
  facet normal 0.555629 -0.83143 0
    outer loop
      vertex 3.65257 13.2399 53
      vertex 3 12.8038 15
      vertex 3.65257 13.2399 15
    endloop
  endfacet
  facet normal -0.751799 -0.659392 0
    outer loop
      vertex -4.24264 13.7574 15
      vertex -4.76012 14.3474 53
      vertex -4.76012 14.3474 15
    endloop
  endfacet
  facet normal -0.751799 -0.659392 0
    outer loop
      vertex -4.76012 14.3474 53
      vertex -4.24264 13.7574 15
      vertex -4.24264 13.7574 53
    endloop
  endfacet
  facet normal 0.980781 -0.195111 0
    outer loop
      vertex 5.79555 16.4471 53
      vertex 5.94867 17.2168 15
      vertex 5.94867 17.2168 53
    endloop
  endfacet
  facet normal 0.980781 -0.195111 0
    outer loop
      vertex 5.94867 17.2168 15
      vertex 5.79555 16.4471 53
      vertex 5.79555 16.4471 15
    endloop
  endfacet
  facet normal 0.0653641 -0.997861 0
    outer loop
      vertex 0 12 15
      vertex 0.783156 12.0513 53
      vertex 0 12 53
    endloop
  endfacet
  facet normal 0.0653641 -0.997861 0
    outer loop
      vertex 0.783156 12.0513 53
      vertex 0 12 15
      vertex 0.783156 12.0513 15
    endloop
  endfacet
  facet normal 0 0 1
    outer loop
      vertex 2.2 18 53
      vertex 6 18 53
      vertex 5.94867 18.7832 53
    endloop
  endfacet
  facet normal 0 0 1
    outer loop
      vertex 2.18118 18.2872 53
      vertex 5.94867 18.7832 53
      vertex 5.79555 19.5529 53
    endloop
  endfacet
  facet normal 0 0 1
    outer loop
      vertex 6 18 53
      vertex 2.2 18 53
      vertex 5.94867 17.2168 53
    endloop
  endfacet
  facet normal 0 0 1
    outer loop
      vertex 2.12504 18.5694 53
      vertex 5.79555 19.5529 53
      vertex 5.54328 20.2961 53
    endloop
  endfacet
  facet normal -0 0 1
    outer loop
      vertex 2.18118 17.7128 53
      vertex 5.94867 17.2168 53
      vertex 2.2 18 53
    endloop
  endfacet
  facet normal 0 0 1
    outer loop
      vertex 2.03253 18.8419 53
      vertex 5.54328 20.2961 53
      vertex 5.19615 21 53
    endloop
  endfacet
  facet normal 0 0 1
    outer loop
      vertex 5.94867 17.2168 53
      vertex 2.18118 17.7128 53
      vertex 5.79555 16.4471 53
    endloop
  endfacet
  facet normal 0 0 1
    outer loop
      vertex 1.90526 19.1 53
      vertex 5.19615 21 53
      vertex 4.76012 21.6526 53
    endloop
  endfacet
  facet normal -0 0 1
    outer loop
      vertex 2.12504 17.4306 53
      vertex 5.79555 16.4471 53
      vertex 2.18118 17.7128 53
    endloop
  endfacet
  facet normal 0 0 1
    outer loop
      vertex 1.74538 19.3393 53
      vertex 4.76012 21.6526 53
      vertex 4.24264 22.2426 53
    endloop
  endfacet
  facet normal 0 0 1
    outer loop
      vertex 5.79555 16.4471 53
      vertex 2.12504 17.4306 53
      vertex 5.54328 15.7039 53
    endloop
  endfacet
  facet normal 0 0 1
    outer loop
      vertex 1.55563 19.5556 53
      vertex 4.24264 22.2426 53
      vertex 3.65257 22.7601 53
    endloop
  endfacet
  facet normal -0 0 1
    outer loop
      vertex 2.03253 17.1581 53
      vertex 5.54328 15.7039 53
      vertex 2.12504 17.4306 53
    endloop
  endfacet
  facet normal 0 0 1
    outer loop
      vertex 1.33927 19.7454 53
      vertex 3.65257 22.7601 53
      vertex 3 23.1962 53
    endloop
  endfacet
  facet normal 0 0 1
    outer loop
      vertex 5.54328 15.7039 53
      vertex 2.03253 17.1581 53
      vertex 5.19615 15 53
    endloop
  endfacet
  facet normal 0 0 1
    outer loop
      vertex 1.1 19.9053 53
      vertex 3 23.1962 53
      vertex 2.2961 23.5433 53
    endloop
  endfacet
  facet normal -0 0 1
    outer loop
      vertex 1.90526 16.9 53
      vertex 5.19615 15 53
      vertex 2.03253 17.1581 53
    endloop
  endfacet
  facet normal 0 0 1
    outer loop
      vertex 5.19615 15 53
      vertex 1.90526 16.9 53
      vertex 4.76012 14.3474 53
    endloop
  endfacet
  facet normal 0 0 1
    outer loop
      vertex 5.94867 18.7832 53
      vertex 2.18118 18.2872 53
      vertex 2.2 18 53
    endloop
  endfacet
  facet normal 0 0 1
    outer loop
      vertex 5.79555 19.5529 53
      vertex 2.12504 18.5694 53
      vertex 2.18118 18.2872 53
    endloop
  endfacet
  facet normal 0 0 1
    outer loop
      vertex 5.54328 20.2961 53
      vertex 2.03253 18.8419 53
      vertex 2.12504 18.5694 53
    endloop
  endfacet
  facet normal 0 0 1
    outer loop
      vertex 5.19615 21 53
      vertex 1.90526 19.1 53
      vertex 2.03253 18.8419 53
    endloop
  endfacet
  facet normal 0 0 1
    outer loop
      vertex 4.76012 21.6526 53
      vertex 1.74538 19.3393 53
      vertex 1.90526 19.1 53
    endloop
  endfacet
  facet normal 0 0 1
    outer loop
      vertex 4.24264 22.2426 53
      vertex 1.55563 19.5556 53
      vertex 1.74538 19.3393 53
    endloop
  endfacet
  facet normal 0 0 1
    outer loop
      vertex 0.841903 20.0325 53
      vertex 2.2961 23.5433 53
      vertex 1.55291 23.7956 53
    endloop
  endfacet
  facet normal 0 0 1
    outer loop
      vertex 3.65257 22.7601 53
      vertex 1.33927 19.7454 53
      vertex 1.55563 19.5556 53
    endloop
  endfacet
  facet normal 0 0 1
    outer loop
      vertex 3 23.1962 53
      vertex 1.1 19.9053 53
      vertex 1.33927 19.7454 53
    endloop
  endfacet
  facet normal 0 0 1
    outer loop
      vertex 2.2961 23.5433 53
      vertex 0.841903 20.0325 53
      vertex 1.1 19.9053 53
    endloop
  endfacet
  facet normal 0 0 1
    outer loop
      vertex 0.569402 20.125 53
      vertex 1.55291 23.7956 53
      vertex 0.783156 23.9487 53
    endloop
  endfacet
  facet normal 0 0 1
    outer loop
      vertex 1.55291 23.7956 53
      vertex 0.569402 20.125 53
      vertex 0.841903 20.0325 53
    endloop
  endfacet
  facet normal 0 0 1
    outer loop
      vertex 0.783156 23.9487 53
      vertex 0.287157 20.1812 53
      vertex 0.569402 20.125 53
    endloop
  endfacet
  facet normal 0 0 1
    outer loop
      vertex 0 24 53
      vertex 0.287157 20.1812 53
      vertex 0.783156 23.9487 53
    endloop
  endfacet
  facet normal 0 0 1
    outer loop
      vertex 0 24 53
      vertex 0 20.2 53
      vertex 0.287157 20.1812 53
    endloop
  endfacet
  facet normal 0 0 1
    outer loop
      vertex 0 24 53
      vertex -0.287157 20.1812 53
      vertex 0 20.2 53
    endloop
  endfacet
  facet normal -0 0 1
    outer loop
      vertex -0.783156 23.9487 53
      vertex -0.287157 20.1812 53
      vertex 0 24 53
    endloop
  endfacet
  facet normal 0 0 1
    outer loop
      vertex -0.287157 20.1812 53
      vertex -0.783156 23.9487 53
      vertex -0.569402 20.125 53
    endloop
  endfacet
  facet normal -0 0 1
    outer loop
      vertex -1.55291 23.7956 53
      vertex -0.569402 20.125 53
      vertex -0.783156 23.9487 53
    endloop
  endfacet
  facet normal 0 0 1
    outer loop
      vertex -0.569402 20.125 53
      vertex -1.55291 23.7956 53
      vertex -0.841903 20.0325 53
    endloop
  endfacet
  facet normal -0 0 1
    outer loop
      vertex -2.2961 23.5433 53
      vertex -0.841903 20.0325 53
      vertex -1.55291 23.7956 53
    endloop
  endfacet
  facet normal 0 0 1
    outer loop
      vertex -0.841903 20.0325 53
      vertex -2.2961 23.5433 53
      vertex -1.1 19.9053 53
    endloop
  endfacet
  facet normal -0 0 1
    outer loop
      vertex -3 23.1962 53
      vertex -1.1 19.9053 53
      vertex -2.2961 23.5433 53
    endloop
  endfacet
  facet normal 0 0 1
    outer loop
      vertex -1.1 19.9053 53
      vertex -3 23.1962 53
      vertex -1.33927 19.7454 53
    endloop
  endfacet
  facet normal -0 0 1
    outer loop
      vertex -3.65257 22.7601 53
      vertex -1.33927 19.7454 53
      vertex -3 23.1962 53
    endloop
  endfacet
  facet normal 0 0 1
    outer loop
      vertex -1.33927 19.7454 53
      vertex -3.65257 22.7601 53
      vertex -1.55563 19.5556 53
    endloop
  endfacet
  facet normal -0 0 1
    outer loop
      vertex -4.24264 22.2426 53
      vertex -1.55563 19.5556 53
      vertex -3.65257 22.7601 53
    endloop
  endfacet
  facet normal 0 0 1
    outer loop
      vertex -1.55563 19.5556 53
      vertex -4.24264 22.2426 53
      vertex -1.74538 19.3393 53
    endloop
  endfacet
  facet normal 0 0 1
    outer loop
      vertex -1.74538 19.3393 53
      vertex -4.76012 21.6526 53
      vertex -1.90526 19.1 53
    endloop
  endfacet
  facet normal -0 0 1
    outer loop
      vertex -4.76012 21.6526 53
      vertex -1.74538 19.3393 53
      vertex -4.24264 22.2426 53
    endloop
  endfacet
  facet normal -0 0 1
    outer loop
      vertex 1.74538 16.6607 53
      vertex 4.76012 14.3474 53
      vertex 1.90526 16.9 53
    endloop
  endfacet
  facet normal 0 0 1
    outer loop
      vertex 4.76012 14.3474 53
      vertex 1.74538 16.6607 53
      vertex 4.24264 13.7574 53
    endloop
  endfacet
  facet normal -0 0 1
    outer loop
      vertex 1.55563 16.4444 53
      vertex 4.24264 13.7574 53
      vertex 1.74538 16.6607 53
    endloop
  endfacet
  facet normal 0 0 1
    outer loop
      vertex 4.24264 13.7574 53
      vertex 1.55563 16.4444 53
      vertex 3.65257 13.2399 53
    endloop
  endfacet
  facet normal -0 0 1
    outer loop
      vertex 1.33927 16.2546 53
      vertex 3.65257 13.2399 53
      vertex 1.55563 16.4444 53
    endloop
  endfacet
  facet normal 0 0 1
    outer loop
      vertex 3.65257 13.2399 53
      vertex 1.33927 16.2546 53
      vertex 3 12.8038 53
    endloop
  endfacet
  facet normal -0 0 1
    outer loop
      vertex 1.1 16.0947 53
      vertex 3 12.8038 53
      vertex 1.33927 16.2546 53
    endloop
  endfacet
  facet normal 0 0 1
    outer loop
      vertex 3 12.8038 53
      vertex 1.1 16.0947 53
      vertex 2.2961 12.4567 53
    endloop
  endfacet
  facet normal -0 0 1
    outer loop
      vertex 0.841903 15.9675 53
      vertex 2.2961 12.4567 53
      vertex 1.1 16.0947 53
    endloop
  endfacet
  facet normal 0 0 1
    outer loop
      vertex 2.2961 12.4567 53
      vertex 0.841903 15.9675 53
      vertex 1.55291 12.2044 53
    endloop
  endfacet
  facet normal -0 0 1
    outer loop
      vertex 0.569402 15.875 53
      vertex 1.55291 12.2044 53
      vertex 0.841903 15.9675 53
    endloop
  endfacet
  facet normal 0 0 1
    outer loop
      vertex 1.55291 12.2044 53
      vertex 0.569402 15.875 53
      vertex 0.783156 12.0513 53
    endloop
  endfacet
  facet normal -0 0 1
    outer loop
      vertex 0.287157 15.8188 53
      vertex 0.783156 12.0513 53
      vertex 0.569402 15.875 53
    endloop
  endfacet
  facet normal -0 0 1
    outer loop
      vertex 0 15.8 53
      vertex 0.783156 12.0513 53
      vertex 0.287157 15.8188 53
    endloop
  endfacet
  facet normal 0 0 1
    outer loop
      vertex 0 15.8 53
      vertex 0 12 53
      vertex 0.783156 12.0513 53
    endloop
  endfacet
  facet normal 0 0 1
    outer loop
      vertex -0.287157 15.8188 53
      vertex 0 12 53
      vertex 0 15.8 53
    endloop
  endfacet
  facet normal 0 0 1
    outer loop
      vertex -0.783156 12.0513 53
      vertex -0.287157 15.8188 53
      vertex -0.569402 15.875 53
    endloop
  endfacet
  facet normal 0 0 1
    outer loop
      vertex -0.287157 15.8188 53
      vertex -0.783156 12.0513 53
      vertex 0 12 53
    endloop
  endfacet
  facet normal 0 0 1
    outer loop
      vertex -1.55291 12.2044 53
      vertex -0.569402 15.875 53
      vertex -0.841903 15.9675 53
    endloop
  endfacet
  facet normal 0 0 1
    outer loop
      vertex -2.2961 12.4567 53
      vertex -0.841903 15.9675 53
      vertex -1.1 16.0947 53
    endloop
  endfacet
  facet normal 0 0 1
    outer loop
      vertex -3 12.8038 53
      vertex -1.1 16.0947 53
      vertex -1.33927 16.2546 53
    endloop
  endfacet
  facet normal 0 0 1
    outer loop
      vertex -0.569402 15.875 53
      vertex -1.55291 12.2044 53
      vertex -0.783156 12.0513 53
    endloop
  endfacet
  facet normal 0 0 1
    outer loop
      vertex -3.65257 13.2399 53
      vertex -1.33927 16.2546 53
      vertex -1.55563 16.4444 53
    endloop
  endfacet
  facet normal 0 0 1
    outer loop
      vertex -4.24264 13.7574 53
      vertex -1.55563 16.4444 53
      vertex -1.74538 16.6607 53
    endloop
  endfacet
  facet normal 0 0 1
    outer loop
      vertex -4.76012 14.3474 53
      vertex -1.74538 16.6607 53
      vertex -1.90526 16.9 53
    endloop
  endfacet
  facet normal 0 0 1
    outer loop
      vertex -5.19615 15 53
      vertex -1.90526 16.9 53
      vertex -2.03253 17.1581 53
    endloop
  endfacet
  facet normal 0 0 1
    outer loop
      vertex -5.54328 15.7039 53
      vertex -2.03253 17.1581 53
      vertex -2.12504 17.4306 53
    endloop
  endfacet
  facet normal 0 0 1
    outer loop
      vertex -5.79555 16.4471 53
      vertex -2.12504 17.4306 53
      vertex -2.18118 17.7128 53
    endloop
  endfacet
  facet normal 0 0 1
    outer loop
      vertex -0.841903 15.9675 53
      vertex -2.2961 12.4567 53
      vertex -1.55291 12.2044 53
    endloop
  endfacet
  facet normal 0 0 1
    outer loop
      vertex -5.94867 17.2168 53
      vertex -2.18118 17.7128 53
      vertex -2.2 18 53
    endloop
  endfacet
  facet normal -0 0 1
    outer loop
      vertex -5.19615 21 53
      vertex -1.90526 19.1 53
      vertex -4.76012 21.6526 53
    endloop
  endfacet
  facet normal 0 0 1
    outer loop
      vertex -1.90526 19.1 53
      vertex -5.19615 21 53
      vertex -2.03253 18.8419 53
    endloop
  endfacet
  facet normal 0 0 1
    outer loop
      vertex -1.1 16.0947 53
      vertex -3 12.8038 53
      vertex -2.2961 12.4567 53
    endloop
  endfacet
  facet normal -0 0 1
    outer loop
      vertex -5.54328 20.2961 53
      vertex -2.03253 18.8419 53
      vertex -5.19615 21 53
    endloop
  endfacet
  facet normal 0 0 1
    outer loop
      vertex -1.33927 16.2546 53
      vertex -3.65257 13.2399 53
      vertex -3 12.8038 53
    endloop
  endfacet
  facet normal 0 0 1
    outer loop
      vertex -2.03253 18.8419 53
      vertex -5.54328 20.2961 53
      vertex -2.12504 18.5694 53
    endloop
  endfacet
  facet normal 0 0 1
    outer loop
      vertex -1.55563 16.4444 53
      vertex -4.24264 13.7574 53
      vertex -3.65257 13.2399 53
    endloop
  endfacet
  facet normal -0 0 1
    outer loop
      vertex -5.79555 19.5529 53
      vertex -2.12504 18.5694 53
      vertex -5.54328 20.2961 53
    endloop
  endfacet
  facet normal 0 0 1
    outer loop
      vertex -1.74538 16.6607 53
      vertex -4.76012 14.3474 53
      vertex -4.24264 13.7574 53
    endloop
  endfacet
  facet normal 0 0 1
    outer loop
      vertex -2.12504 18.5694 53
      vertex -5.79555 19.5529 53
      vertex -2.18118 18.2872 53
    endloop
  endfacet
  facet normal 0 0 1
    outer loop
      vertex -1.90526 16.9 53
      vertex -5.19615 15 53
      vertex -4.76012 14.3474 53
    endloop
  endfacet
  facet normal -0 0 1
    outer loop
      vertex -5.94867 18.7832 53
      vertex -2.18118 18.2872 53
      vertex -5.79555 19.5529 53
    endloop
  endfacet
  facet normal 0 0 1
    outer loop
      vertex -2.03253 17.1581 53
      vertex -5.54328 15.7039 53
      vertex -5.19615 15 53
    endloop
  endfacet
  facet normal 0 0 1
    outer loop
      vertex -2.18118 18.2872 53
      vertex -5.94867 18.7832 53
      vertex -2.2 18 53
    endloop
  endfacet
  facet normal 0 0 1
    outer loop
      vertex -2.12504 17.4306 53
      vertex -5.79555 16.4471 53
      vertex -5.54328 15.7039 53
    endloop
  endfacet
  facet normal 0 0 1
    outer loop
      vertex -6 18 53
      vertex -2.2 18 53
      vertex -5.94867 18.7832 53
    endloop
  endfacet
  facet normal 0 0 1
    outer loop
      vertex -2.18118 17.7128 53
      vertex -5.94867 17.2168 53
      vertex -5.79555 16.4471 53
    endloop
  endfacet
  facet normal 0 0 1
    outer loop
      vertex -2.2 18 53
      vertex -6 18 53
      vertex -5.94867 17.2168 53
    endloop
  endfacet
  facet normal -0.946935 -0.321425 0
    outer loop
      vertex -5.54328 15.7039 15
      vertex -5.79555 16.4471 53
      vertex -5.79555 16.4471 15
    endloop
  endfacet
  facet normal -0.946935 -0.321425 0
    outer loop
      vertex -5.79555 16.4471 53
      vertex -5.54328 15.7039 15
      vertex -5.54328 15.7039 53
    endloop
  endfacet
  facet normal -0.831483 0.55555 0
    outer loop
      vertex -5.19615 21 15
      vertex -4.76012 21.6526 53
      vertex -4.76012 21.6526 15
    endloop
  endfacet
  facet normal -0.831483 0.55555 0
    outer loop
      vertex -4.76012 21.6526 53
      vertex -5.19615 21 15
      vertex -5.19615 21 53
    endloop
  endfacet
  facet normal -0.659458 0.751741 0
    outer loop
      vertex -1.33927 19.7454 53
      vertex -1.55563 19.5556 67
      vertex -1.33927 19.7454 67
    endloop
  endfacet
  facet normal -0.659458 0.751741 0
    outer loop
      vertex -1.55563 19.5556 67
      vertex -1.33927 19.7454 53
      vertex -1.55563 19.5556 53
    endloop
  endfacet
  facet normal 0.659458 0.751741 -0
    outer loop
      vertex 1.55563 19.5556 53
      vertex 1.33927 19.7454 67
      vertex 1.55563 19.5556 67
    endloop
  endfacet
  facet normal 0.659458 0.751741 0
    outer loop
      vertex 1.33927 19.7454 67
      vertex 1.55563 19.5556 53
      vertex 1.33927 19.7454 53
    endloop
  endfacet
  facet normal 0.946921 -0.321467 0
    outer loop
      vertex 2.03253 17.1581 67
      vertex 2.12504 17.4306 53
      vertex 2.12504 17.4306 67
    endloop
  endfacet
  facet normal 0.946921 -0.321467 0
    outer loop
      vertex 2.12504 17.4306 53
      vertex 2.03253 17.1581 67
      vertex 2.03253 17.1581 53
    endloop
  endfacet
  facet normal 0.659458 -0.751741 0
    outer loop
      vertex 1.33927 16.2546 53
      vertex 1.55563 16.4444 67
      vertex 1.33927 16.2546 67
    endloop
  endfacet
  facet normal 0.659458 -0.751741 0
    outer loop
      vertex 1.55563 16.4444 67
      vertex 1.33927 16.2546 53
      vertex 1.55563 16.4444 53
    endloop
  endfacet
  facet normal -0.442067 -0.896982 0
    outer loop
      vertex -1.1 16.0947 53
      vertex -0.841903 15.9675 67
      vertex -1.1 16.0947 67
    endloop
  endfacet
  facet normal -0.442067 -0.896982 -0
    outer loop
      vertex -0.841903 15.9675 67
      vertex -1.1 16.0947 53
      vertex -0.841903 15.9675 53
    endloop
  endfacet
  facet normal -0.896888 -0.442258 0
    outer loop
      vertex -1.90526 16.9 53
      vertex -2.03253 17.1581 67
      vertex -2.03253 17.1581 53
    endloop
  endfacet
  facet normal -0.896888 -0.442258 0
    outer loop
      vertex -2.03253 17.1581 67
      vertex -1.90526 16.9 53
      vertex -1.90526 16.9 67
    endloop
  endfacet
  facet normal -0.99786 -0.065389 0
    outer loop
      vertex -2.18118 17.7128 53
      vertex -2.2 18 67
      vertex -2.2 18 53
    endloop
  endfacet
  facet normal -0.99786 -0.065389 0
    outer loop
      vertex -2.2 18 67
      vertex -2.18118 17.7128 53
      vertex -2.18118 17.7128 67
    endloop
  endfacet
  facet normal -0.321434 0.946932 0
    outer loop
      vertex -0.569402 20.125 53
      vertex -0.841903 20.0325 67
      vertex -0.569402 20.125 67
    endloop
  endfacet
  facet normal -0.321434 0.946932 0
    outer loop
      vertex -0.841903 20.0325 67
      vertex -0.569402 20.125 53
      vertex -0.841903 20.0325 53
    endloop
  endfacet
  facet normal -0.659458 -0.751741 0
    outer loop
      vertex -1.55563 16.4444 53
      vertex -1.33927 16.2546 67
      vertex -1.55563 16.4444 67
    endloop
  endfacet
  facet normal -0.659458 -0.751741 -0
    outer loop
      vertex -1.33927 16.2546 67
      vertex -1.55563 16.4444 53
      vertex -1.33927 16.2546 53
    endloop
  endfacet
  facet normal 0 0 1
    outer loop
      vertex 2.18118 18.2872 67
      vertex 2.18118 17.7128 67
      vertex 2.2 18 67
    endloop
  endfacet
  facet normal 0 0 1
    outer loop
      vertex 2.12504 18.5694 67
      vertex 2.18118 17.7128 67
      vertex 2.18118 18.2872 67
    endloop
  endfacet
  facet normal 0 0 1
    outer loop
      vertex 2.12504 18.5694 67
      vertex 2.12504 17.4306 67
      vertex 2.18118 17.7128 67
    endloop
  endfacet
  facet normal 0 0 1
    outer loop
      vertex 2.03253 18.8419 67
      vertex 2.12504 17.4306 67
      vertex 2.12504 18.5694 67
    endloop
  endfacet
  facet normal 0 0 1
    outer loop
      vertex 2.03253 18.8419 67
      vertex 2.03253 17.1581 67
      vertex 2.12504 17.4306 67
    endloop
  endfacet
  facet normal 0 0 1
    outer loop
      vertex 1.90526 19.1 67
      vertex 2.03253 17.1581 67
      vertex 2.03253 18.8419 67
    endloop
  endfacet
  facet normal 0 0 1
    outer loop
      vertex 1.90526 19.1 67
      vertex 1.90526 16.9 67
      vertex 2.03253 17.1581 67
    endloop
  endfacet
  facet normal 0 0 1
    outer loop
      vertex 1.74538 19.3393 67
      vertex 1.90526 16.9 67
      vertex 1.90526 19.1 67
    endloop
  endfacet
  facet normal 0 0 1
    outer loop
      vertex 1.74538 19.3393 67
      vertex 1.74538 16.6607 67
      vertex 1.90526 16.9 67
    endloop
  endfacet
  facet normal 0 0 1
    outer loop
      vertex 1.55563 19.5556 67
      vertex 1.74538 16.6607 67
      vertex 1.74538 19.3393 67
    endloop
  endfacet
  facet normal 0 0 1
    outer loop
      vertex 1.55563 19.5556 67
      vertex 1.55563 16.4444 67
      vertex 1.74538 16.6607 67
    endloop
  endfacet
  facet normal 0 0 1
    outer loop
      vertex 1.33927 19.7454 67
      vertex 1.55563 16.4444 67
      vertex 1.55563 19.5556 67
    endloop
  endfacet
  facet normal 0 0 1
    outer loop
      vertex 1.33927 19.7454 67
      vertex 1.33927 16.2546 67
      vertex 1.55563 16.4444 67
    endloop
  endfacet
  facet normal 0 0 1
    outer loop
      vertex 1.1 19.9053 67
      vertex 1.33927 16.2546 67
      vertex 1.33927 19.7454 67
    endloop
  endfacet
  facet normal 0 0 1
    outer loop
      vertex 1.1 19.9053 67
      vertex 1.1 16.0947 67
      vertex 1.33927 16.2546 67
    endloop
  endfacet
  facet normal 0 0 1
    outer loop
      vertex 0.841903 20.0325 67
      vertex 1.1 16.0947 67
      vertex 1.1 19.9053 67
    endloop
  endfacet
  facet normal 0 0 1
    outer loop
      vertex 0.841903 20.0325 67
      vertex 0.841903 15.9675 67
      vertex 1.1 16.0947 67
    endloop
  endfacet
  facet normal 0 0 1
    outer loop
      vertex 0.569402 20.125 67
      vertex 0.841903 15.9675 67
      vertex 0.841903 20.0325 67
    endloop
  endfacet
  facet normal 0 0 1
    outer loop
      vertex 0.569402 20.125 67
      vertex 0.569402 15.875 67
      vertex 0.841903 15.9675 67
    endloop
  endfacet
  facet normal 0 0 1
    outer loop
      vertex 0.287157 20.1812 67
      vertex 0.569402 15.875 67
      vertex 0.569402 20.125 67
    endloop
  endfacet
  facet normal 0 0 1
    outer loop
      vertex 0.287157 20.1812 67
      vertex 0.287157 15.8188 67
      vertex 0.569402 15.875 67
    endloop
  endfacet
  facet normal 0 0 1
    outer loop
      vertex 0 20.2 67
      vertex 0.287157 15.8188 67
      vertex 0.287157 20.1812 67
    endloop
  endfacet
  facet normal 0 0 1
    outer loop
      vertex 0 20.2 67
      vertex 0 15.8 67
      vertex 0.287157 15.8188 67
    endloop
  endfacet
  facet normal -0 0 1
    outer loop
      vertex -0.287157 20.1812 67
      vertex 0 15.8 67
      vertex 0 20.2 67
    endloop
  endfacet
  facet normal 0 0 1
    outer loop
      vertex -0.287157 20.1812 67
      vertex -0.287157 15.8188 67
      vertex 0 15.8 67
    endloop
  endfacet
  facet normal -0 0 1
    outer loop
      vertex -0.569402 20.125 67
      vertex -0.287157 15.8188 67
      vertex -0.287157 20.1812 67
    endloop
  endfacet
  facet normal 0 0 1
    outer loop
      vertex -0.569402 20.125 67
      vertex -0.569402 15.875 67
      vertex -0.287157 15.8188 67
    endloop
  endfacet
  facet normal -0 0 1
    outer loop
      vertex -0.841903 20.0325 67
      vertex -0.569402 15.875 67
      vertex -0.569402 20.125 67
    endloop
  endfacet
  facet normal 0 0 1
    outer loop
      vertex -0.841903 20.0325 67
      vertex -0.841903 15.9675 67
      vertex -0.569402 15.875 67
    endloop
  endfacet
  facet normal -0 0 1
    outer loop
      vertex -1.1 19.9053 67
      vertex -0.841903 15.9675 67
      vertex -0.841903 20.0325 67
    endloop
  endfacet
  facet normal 0 0 1
    outer loop
      vertex -1.1 19.9053 67
      vertex -1.1 16.0947 67
      vertex -0.841903 15.9675 67
    endloop
  endfacet
  facet normal -0 0 1
    outer loop
      vertex -1.33927 19.7454 67
      vertex -1.1 16.0947 67
      vertex -1.1 19.9053 67
    endloop
  endfacet
  facet normal 0 0 1
    outer loop
      vertex -1.33927 19.7454 67
      vertex -1.33927 16.2546 67
      vertex -1.1 16.0947 67
    endloop
  endfacet
  facet normal -0 0 1
    outer loop
      vertex -1.55563 19.5556 67
      vertex -1.33927 16.2546 67
      vertex -1.33927 19.7454 67
    endloop
  endfacet
  facet normal 0 0 1
    outer loop
      vertex -1.55563 19.5556 67
      vertex -1.55563 16.4444 67
      vertex -1.33927 16.2546 67
    endloop
  endfacet
  facet normal -0 0 1
    outer loop
      vertex -1.74538 19.3393 67
      vertex -1.55563 16.4444 67
      vertex -1.55563 19.5556 67
    endloop
  endfacet
  facet normal 0 0 1
    outer loop
      vertex -1.74538 19.3393 67
      vertex -1.74538 16.6607 67
      vertex -1.55563 16.4444 67
    endloop
  endfacet
  facet normal -0 0 1
    outer loop
      vertex -1.90526 19.1 67
      vertex -1.74538 16.6607 67
      vertex -1.74538 19.3393 67
    endloop
  endfacet
  facet normal 0 0 1
    outer loop
      vertex -1.90526 19.1 67
      vertex -1.90526 16.9 67
      vertex -1.74538 16.6607 67
    endloop
  endfacet
  facet normal -0 0 1
    outer loop
      vertex -2.03253 18.8419 67
      vertex -1.90526 16.9 67
      vertex -1.90526 19.1 67
    endloop
  endfacet
  facet normal 0 0 1
    outer loop
      vertex -2.03253 18.8419 67
      vertex -2.03253 17.1581 67
      vertex -1.90526 16.9 67
    endloop
  endfacet
  facet normal -0 0 1
    outer loop
      vertex -2.12504 18.5694 67
      vertex -2.03253 17.1581 67
      vertex -2.03253 18.8419 67
    endloop
  endfacet
  facet normal 0 0 1
    outer loop
      vertex -2.12504 18.5694 67
      vertex -2.12504 17.4306 67
      vertex -2.03253 17.1581 67
    endloop
  endfacet
  facet normal -0 0 1
    outer loop
      vertex -2.18118 18.2872 67
      vertex -2.12504 17.4306 67
      vertex -2.12504 18.5694 67
    endloop
  endfacet
  facet normal 0 0 1
    outer loop
      vertex -2.18118 18.2872 67
      vertex -2.18118 17.7128 67
      vertex -2.12504 17.4306 67
    endloop
  endfacet
  facet normal 0 -0 1
    outer loop
      vertex -2.18118 17.7128 67
      vertex -2.18118 18.2872 67
      vertex -2.2 18 67
    endloop
  endfacet
  facet normal 0.99786 0.065389 0
    outer loop
      vertex 2.2 18 67
      vertex 2.18118 18.2872 53
      vertex 2.18118 18.2872 67
    endloop
  endfacet
  facet normal 0.99786 0.065389 0
    outer loop
      vertex 2.18118 18.2872 53
      vertex 2.2 18 67
      vertex 2.2 18 53
    endloop
  endfacet
  facet normal -0.751736 0.659464 0
    outer loop
      vertex -1.74538 19.3393 53
      vertex -1.55563 19.5556 67
      vertex -1.55563 19.5556 53
    endloop
  endfacet
  facet normal -0.751736 0.659464 0
    outer loop
      vertex -1.55563 19.5556 67
      vertex -1.74538 19.3393 53
      vertex -1.74538 19.3393 67
    endloop
  endfacet
  facet normal 0.831494 0.555534 0
    outer loop
      vertex 1.90526 19.1 67
      vertex 1.74538 19.3393 53
      vertex 1.74538 19.3393 67
    endloop
  endfacet
  facet normal 0.831494 0.555534 0
    outer loop
      vertex 1.74538 19.3393 53
      vertex 1.90526 19.1 67
      vertex 1.90526 19.1 53
    endloop
  endfacet
  facet normal -0.195284 0.980747 0
    outer loop
      vertex -0.287157 20.1812 53
      vertex -0.569402 20.125 67
      vertex -0.287157 20.1812 67
    endloop
  endfacet
  facet normal -0.195284 0.980747 0
    outer loop
      vertex -0.569402 20.125 67
      vertex -0.287157 20.1812 53
      vertex -0.569402 20.125 53
    endloop
  endfacet
  facet normal 0.980781 0.195113 0
    outer loop
      vertex 2.18118 18.2872 67
      vertex 2.12504 18.5694 53
      vertex 2.12504 18.5694 67
    endloop
  endfacet
  facet normal 0.980781 0.195113 0
    outer loop
      vertex 2.12504 18.5694 53
      vertex 2.18118 18.2872 67
      vertex 2.18118 18.2872 53
    endloop
  endfacet
  facet normal -0.831494 -0.555534 0
    outer loop
      vertex -1.74538 16.6607 53
      vertex -1.90526 16.9 67
      vertex -1.90526 16.9 53
    endloop
  endfacet
  facet normal -0.831494 -0.555534 0
    outer loop
      vertex -1.90526 16.9 67
      vertex -1.74538 16.6607 53
      vertex -1.74538 16.6607 67
    endloop
  endfacet
  facet normal -0.442067 0.896982 0
    outer loop
      vertex -0.841903 20.0325 53
      vertex -1.1 19.9053 67
      vertex -0.841903 20.0325 67
    endloop
  endfacet
  facet normal -0.442067 0.896982 0
    outer loop
      vertex -1.1 19.9053 67
      vertex -0.841903 20.0325 53
      vertex -1.1 19.9053 53
    endloop
  endfacet
  facet normal 0.55563 0.83143 -0
    outer loop
      vertex 1.33927 19.7454 53
      vertex 1.1 19.9053 67
      vertex 1.33927 19.7454 67
    endloop
  endfacet
  facet normal 0.55563 0.83143 0
    outer loop
      vertex 1.1 19.9053 67
      vertex 1.33927 19.7454 53
      vertex 1.1 19.9053 53
    endloop
  endfacet
  facet normal 0.751736 -0.659464 0
    outer loop
      vertex 1.55563 16.4444 67
      vertex 1.74538 16.6607 53
      vertex 1.74538 16.6607 67
    endloop
  endfacet
  facet normal 0.751736 -0.659464 0
    outer loop
      vertex 1.74538 16.6607 53
      vertex 1.55563 16.4444 67
      vertex 1.55563 16.4444 53
    endloop
  endfacet
  facet normal 0.751736 0.659464 0
    outer loop
      vertex 1.74538 19.3393 67
      vertex 1.55563 19.5556 53
      vertex 1.55563 19.5556 67
    endloop
  endfacet
  facet normal 0.751736 0.659464 0
    outer loop
      vertex 1.55563 19.5556 53
      vertex 1.74538 19.3393 67
      vertex 1.74538 19.3393 53
    endloop
  endfacet
  facet normal 0.896888 -0.442258 0
    outer loop
      vertex 1.90526 16.9 67
      vertex 2.03253 17.1581 53
      vertex 2.03253 17.1581 67
    endloop
  endfacet
  facet normal 0.896888 -0.442258 0
    outer loop
      vertex 2.03253 17.1581 53
      vertex 1.90526 16.9 67
      vertex 1.90526 16.9 53
    endloop
  endfacet
  facet normal 0.946921 0.321467 0
    outer loop
      vertex 2.12504 18.5694 67
      vertex 2.03253 18.8419 53
      vertex 2.03253 18.8419 67
    endloop
  endfacet
  facet normal 0.946921 0.321467 0
    outer loop
      vertex 2.03253 18.8419 53
      vertex 2.12504 18.5694 67
      vertex 2.12504 18.5694 53
    endloop
  endfacet
  facet normal 0.831494 -0.555534 0
    outer loop
      vertex 1.74538 16.6607 67
      vertex 1.90526 16.9 53
      vertex 1.90526 16.9 67
    endloop
  endfacet
  facet normal 0.831494 -0.555534 0
    outer loop
      vertex 1.90526 16.9 53
      vertex 1.74538 16.6607 67
      vertex 1.74538 16.6607 53
    endloop
  endfacet
  facet normal 0.99786 -0.065389 0
    outer loop
      vertex 2.18118 17.7128 67
      vertex 2.2 18 53
      vertex 2.2 18 67
    endloop
  endfacet
  facet normal 0.99786 -0.065389 0
    outer loop
      vertex 2.2 18 53
      vertex 2.18118 17.7128 67
      vertex 2.18118 17.7128 53
    endloop
  endfacet
  facet normal -0.831494 0.555534 0
    outer loop
      vertex -1.90526 19.1 53
      vertex -1.74538 19.3393 67
      vertex -1.74538 19.3393 53
    endloop
  endfacet
  facet normal -0.831494 0.555534 0
    outer loop
      vertex -1.74538 19.3393 67
      vertex -1.90526 19.1 53
      vertex -1.90526 19.1 67
    endloop
  endfacet
  facet normal 0.442067 -0.896982 0
    outer loop
      vertex 0.841903 15.9675 53
      vertex 1.1 16.0947 67
      vertex 0.841903 15.9675 67
    endloop
  endfacet
  facet normal 0.442067 -0.896982 0
    outer loop
      vertex 1.1 16.0947 67
      vertex 0.841903 15.9675 53
      vertex 1.1 16.0947 53
    endloop
  endfacet
  facet normal -0.0653296 0.997864 0
    outer loop
      vertex 0 20.2 53
      vertex -0.287157 20.1812 67
      vertex 0 20.2 67
    endloop
  endfacet
  facet normal -0.0653296 0.997864 0
    outer loop
      vertex -0.287157 20.1812 67
      vertex 0 20.2 53
      vertex -0.287157 20.1812 53
    endloop
  endfacet
  facet normal 0.55563 -0.83143 0
    outer loop
      vertex 1.1 16.0947 53
      vertex 1.33927 16.2546 67
      vertex 1.1 16.0947 67
    endloop
  endfacet
  facet normal 0.55563 -0.83143 0
    outer loop
      vertex 1.33927 16.2546 67
      vertex 1.1 16.0947 53
      vertex 1.33927 16.2546 53
    endloop
  endfacet
  facet normal 0.321434 0.946932 -0
    outer loop
      vertex 0.841903 20.0325 53
      vertex 0.569402 20.125 67
      vertex 0.841903 20.0325 67
    endloop
  endfacet
  facet normal 0.321434 0.946932 0
    outer loop
      vertex 0.569402 20.125 67
      vertex 0.841903 20.0325 53
      vertex 0.569402 20.125 53
    endloop
  endfacet
  facet normal 0.442067 0.896982 -0
    outer loop
      vertex 1.1 19.9053 53
      vertex 0.841903 20.0325 67
      vertex 1.1 19.9053 67
    endloop
  endfacet
  facet normal 0.442067 0.896982 0
    outer loop
      vertex 0.841903 20.0325 67
      vertex 1.1 19.9053 53
      vertex 0.841903 20.0325 53
    endloop
  endfacet
  facet normal 0.195284 0.980747 -0
    outer loop
      vertex 0.569402 20.125 53
      vertex 0.287157 20.1812 67
      vertex 0.569402 20.125 67
    endloop
  endfacet
  facet normal 0.195284 0.980747 0
    outer loop
      vertex 0.287157 20.1812 67
      vertex 0.569402 20.125 53
      vertex 0.287157 20.1812 53
    endloop
  endfacet
  facet normal 0.321434 -0.946932 0
    outer loop
      vertex 0.569402 15.875 53
      vertex 0.841903 15.9675 67
      vertex 0.569402 15.875 67
    endloop
  endfacet
  facet normal 0.321434 -0.946932 0
    outer loop
      vertex 0.841903 15.9675 67
      vertex 0.569402 15.875 53
      vertex 0.841903 15.9675 53
    endloop
  endfacet
  facet normal -0.55563 0.83143 0
    outer loop
      vertex -1.1 19.9053 53
      vertex -1.33927 19.7454 67
      vertex -1.1 19.9053 67
    endloop
  endfacet
  facet normal -0.55563 0.83143 0
    outer loop
      vertex -1.33927 19.7454 67
      vertex -1.1 19.9053 53
      vertex -1.33927 19.7454 53
    endloop
  endfacet
  facet normal 0.195284 -0.980747 0
    outer loop
      vertex 0.287157 15.8188 53
      vertex 0.569402 15.875 67
      vertex 0.287157 15.8188 67
    endloop
  endfacet
  facet normal 0.195284 -0.980747 0
    outer loop
      vertex 0.569402 15.875 67
      vertex 0.287157 15.8188 53
      vertex 0.569402 15.875 53
    endloop
  endfacet
  facet normal 0.980781 -0.195113 0
    outer loop
      vertex 2.12504 17.4306 67
      vertex 2.18118 17.7128 53
      vertex 2.18118 17.7128 67
    endloop
  endfacet
  facet normal 0.980781 -0.195113 0
    outer loop
      vertex 2.18118 17.7128 53
      vertex 2.12504 17.4306 67
      vertex 2.12504 17.4306 53
    endloop
  endfacet
  facet normal 0.0653296 -0.997864 0
    outer loop
      vertex 0 15.8 53
      vertex 0.287157 15.8188 67
      vertex 0 15.8 67
    endloop
  endfacet
  facet normal 0.0653296 -0.997864 0
    outer loop
      vertex 0.287157 15.8188 67
      vertex 0 15.8 53
      vertex 0.287157 15.8188 53
    endloop
  endfacet
  facet normal -0.946921 0.321467 0
    outer loop
      vertex -2.12504 18.5694 53
      vertex -2.03253 18.8419 67
      vertex -2.03253 18.8419 53
    endloop
  endfacet
  facet normal -0.946921 0.321467 0
    outer loop
      vertex -2.03253 18.8419 67
      vertex -2.12504 18.5694 53
      vertex -2.12504 18.5694 67
    endloop
  endfacet
  facet normal 0.896888 0.442258 0
    outer loop
      vertex 2.03253 18.8419 67
      vertex 1.90526 19.1 53
      vertex 1.90526 19.1 67
    endloop
  endfacet
  facet normal 0.896888 0.442258 0
    outer loop
      vertex 1.90526 19.1 53
      vertex 2.03253 18.8419 67
      vertex 2.03253 18.8419 53
    endloop
  endfacet
  facet normal -0.946921 -0.321467 0
    outer loop
      vertex -2.03253 17.1581 53
      vertex -2.12504 17.4306 67
      vertex -2.12504 17.4306 53
    endloop
  endfacet
  facet normal -0.946921 -0.321467 0
    outer loop
      vertex -2.12504 17.4306 67
      vertex -2.03253 17.1581 53
      vertex -2.03253 17.1581 67
    endloop
  endfacet
  facet normal -0.0653296 -0.997864 0
    outer loop
      vertex -0.287157 15.8188 53
      vertex 0 15.8 67
      vertex -0.287157 15.8188 67
    endloop
  endfacet
  facet normal -0.0653296 -0.997864 -0
    outer loop
      vertex 0 15.8 67
      vertex -0.287157 15.8188 53
      vertex 0 15.8 53
    endloop
  endfacet
  facet normal -0.980781 -0.195113 0
    outer loop
      vertex -2.12504 17.4306 53
      vertex -2.18118 17.7128 67
      vertex -2.18118 17.7128 53
    endloop
  endfacet
  facet normal -0.980781 -0.195113 0
    outer loop
      vertex -2.18118 17.7128 67
      vertex -2.12504 17.4306 53
      vertex -2.12504 17.4306 67
    endloop
  endfacet
  facet normal -0.980781 0.195113 0
    outer loop
      vertex -2.18118 18.2872 53
      vertex -2.12504 18.5694 67
      vertex -2.12504 18.5694 53
    endloop
  endfacet
  facet normal -0.980781 0.195113 0
    outer loop
      vertex -2.12504 18.5694 67
      vertex -2.18118 18.2872 53
      vertex -2.18118 18.2872 67
    endloop
  endfacet
  facet normal -0.99786 0.065389 0
    outer loop
      vertex -2.2 18 53
      vertex -2.18118 18.2872 67
      vertex -2.18118 18.2872 53
    endloop
  endfacet
  facet normal -0.99786 0.065389 0
    outer loop
      vertex -2.18118 18.2872 67
      vertex -2.2 18 53
      vertex -2.2 18 67
    endloop
  endfacet
  facet normal -0.751736 -0.659464 0
    outer loop
      vertex -1.55563 16.4444 53
      vertex -1.74538 16.6607 67
      vertex -1.74538 16.6607 53
    endloop
  endfacet
  facet normal -0.751736 -0.659464 0
    outer loop
      vertex -1.74538 16.6607 67
      vertex -1.55563 16.4444 53
      vertex -1.55563 16.4444 67
    endloop
  endfacet
  facet normal -0.55563 -0.83143 0
    outer loop
      vertex -1.33927 16.2546 53
      vertex -1.1 16.0947 67
      vertex -1.33927 16.2546 67
    endloop
  endfacet
  facet normal -0.55563 -0.83143 -0
    outer loop
      vertex -1.1 16.0947 67
      vertex -1.33927 16.2546 53
      vertex -1.1 16.0947 53
    endloop
  endfacet
  facet normal 0.0653296 0.997864 -0
    outer loop
      vertex 0.287157 20.1812 53
      vertex 0 20.2 67
      vertex 0.287157 20.1812 67
    endloop
  endfacet
  facet normal 0.0653296 0.997864 0
    outer loop
      vertex 0 20.2 67
      vertex 0.287157 20.1812 53
      vertex 0 20.2 53
    endloop
  endfacet
  facet normal -0.896888 0.442258 0
    outer loop
      vertex -2.03253 18.8419 53
      vertex -1.90526 19.1 67
      vertex -1.90526 19.1 53
    endloop
  endfacet
  facet normal -0.896888 0.442258 0
    outer loop
      vertex -1.90526 19.1 67
      vertex -2.03253 18.8419 53
      vertex -2.03253 18.8419 67
    endloop
  endfacet
  facet normal -0.195284 -0.980747 0
    outer loop
      vertex -0.569402 15.875 53
      vertex -0.287157 15.8188 67
      vertex -0.569402 15.875 67
    endloop
  endfacet
  facet normal -0.195284 -0.980747 -0
    outer loop
      vertex -0.287157 15.8188 67
      vertex -0.569402 15.875 53
      vertex -0.287157 15.8188 53
    endloop
  endfacet
  facet normal -0.321434 -0.946932 0
    outer loop
      vertex -0.841903 15.9675 53
      vertex -0.569402 15.875 67
      vertex -0.841903 15.9675 67
    endloop
  endfacet
  facet normal -0.321434 -0.946932 -0
    outer loop
      vertex -0.569402 15.875 67
      vertex -0.841903 15.9675 53
      vertex -0.569402 15.875 53
    endloop
  endfacet
endsolid OpenSCAD_Model
