solid OpenSCAD_Model
  facet normal 1 -0 0
    outer loop
      vertex 37 -2 -23
      vertex 37 2 -27
      vertex 37 2 -23
    endloop
  endfacet
  facet normal 1 0 0
    outer loop
      vertex 37 2 -27
      vertex 37 -2 -23
      vertex 37 -2 -27
    endloop
  endfacet
  facet normal 0 0 1
    outer loop
      vertex 37 2 -23
      vertex 34.2092 0 -23
      vertex 37 -2 -23
    endloop
  endfacet
  facet normal 0 0 1
    outer loop
      vertex 37 2 -23
      vertex 34.2039 0.0666904 -23
      vertex 34.2092 0 -23
    endloop
  endfacet
  facet normal 0 0 1
    outer loop
      vertex 37 2 -23
      vertex 34.1883 0.13174 -23
      vertex 34.2039 0.0666904 -23
    endloop
  endfacet
  facet normal 0 0 1
    outer loop
      vertex 37 2 -23
      vertex 34.1627 0.193544 -23
      vertex 34.1883 0.13174 -23
    endloop
  endfacet
  facet normal 0 0 1
    outer loop
      vertex 37 2 -23
      vertex 34.1278 0.250585 -23
      vertex 34.1627 0.193544 -23
    endloop
  endfacet
  facet normal 0 0 1
    outer loop
      vertex 37 2 -23
      vertex 34.0843 0.301454 -23
      vertex 34.1278 0.250585 -23
    endloop
  endfacet
  facet normal 0 0 1
    outer loop
      vertex 37 2 -23
      vertex 34.0606 0.32664 -23
      vertex 34.0843 0.301454 -23
    endloop
  endfacet
  facet normal 0 0 1
    outer loop
      vertex 37 2 -23
      vertex 34.0055 0.373716 -23
      vertex 34.0606 0.32664 -23
    endloop
  endfacet
  facet normal 0 0 1
    outer loop
      vertex 37 2 -23
      vertex 33.9437 0.411591 -23
      vertex 34.0055 0.373716 -23
    endloop
  endfacet
  facet normal -0 0 1
    outer loop
      vertex 33 2 -23
      vertex 33.9437 0.411591 -23
      vertex 37 2 -23
    endloop
  endfacet
  facet normal 0 0 1
    outer loop
      vertex 33.9437 0.411591 -23
      vertex 33 2 -23
      vertex 33.9024 0.433193 -23
    endloop
  endfacet
  facet normal 0 0 1
    outer loop
      vertex 33.9024 0.433193 -23
      vertex 33 2 -23
      vertex 33.8319 0.462389 -23
    endloop
  endfacet
  facet normal 0 0 1
    outer loop
      vertex 33.8319 0.462389 -23
      vertex 33 2 -23
      vertex 33.7578 0.480199 -23
    endloop
  endfacet
  facet normal 0 0 1
    outer loop
      vertex 33.7578 0.480199 -23
      vertex 33 2 -23
      vertex 33.7054 0.492321 -23
    endloop
  endfacet
  facet normal 0 0 1
    outer loop
      vertex 33.7054 0.492321 -23
      vertex 33 2 -23
      vertex 33.6275 0.498458 -23
    endloop
  endfacet
  facet normal 0 0 1
    outer loop
      vertex 33.6275 0.498458 -23
      vertex 33 2 -23
      vertex 33.5725 0.498458 -23
    endloop
  endfacet
  facet normal 0 0 1
    outer loop
      vertex 33.5725 0.498458 -23
      vertex 33 2 -23
      vertex 33.4977 0.492571 -23
    endloop
  endfacet
  facet normal 0 0 1
    outer loop
      vertex 33.4977 0.492571 -23
      vertex 33 2 -23
      vertex 33.4946 0.492321 -23
    endloop
  endfacet
  facet normal -0 0 1
    outer loop
      vertex 33 0.6 -23
      vertex 33.4946 0.492321 -23
      vertex 33 2 -23
    endloop
  endfacet
  facet normal 0 0 1
    outer loop
      vertex 33.4946 0.492321 -23
      vertex 33 0.6 -23
      vertex 33.4422 0.480199 -23
    endloop
  endfacet
  facet normal 0 0 1
    outer loop
      vertex 33.4422 0.480199 -23
      vertex 33 0.6 -23
      vertex 33.3681 0.462389 -23
    endloop
  endfacet
  facet normal 0 0 1
    outer loop
      vertex 33.3681 0.462389 -23
      vertex 33 0.6 -23
      vertex 33.2976 0.433193 -23
    endloop
  endfacet
  facet normal 0 0 1
    outer loop
      vertex 33.2976 0.433193 -23
      vertex 33 0.6 -23
      vertex 33.2563 0.411591 -23
    endloop
  endfacet
  facet normal 0 0 1
    outer loop
      vertex 33.2563 0.411591 -23
      vertex 33 0.6 -23
      vertex 33.2142 0.385778 -23
    endloop
  endfacet
  facet normal -0 0 1
    outer loop
      vertex 34.2039 -0.0666904 -23
      vertex 37 -2 -23
      vertex 34.2092 0 -23
    endloop
  endfacet
  facet normal -0 0 1
    outer loop
      vertex 34.1883 -0.13174 -23
      vertex 37 -2 -23
      vertex 34.2039 -0.0666904 -23
    endloop
  endfacet
  facet normal -0 0 1
    outer loop
      vertex 34.1627 -0.193544 -23
      vertex 37 -2 -23
      vertex 34.1883 -0.13174 -23
    endloop
  endfacet
  facet normal -0 0 1
    outer loop
      vertex 34.1278 -0.250585 -23
      vertex 37 -2 -23
      vertex 34.1627 -0.193544 -23
    endloop
  endfacet
  facet normal -0 0 1
    outer loop
      vertex 34.0843 -0.301454 -23
      vertex 37 -2 -23
      vertex 34.1278 -0.250585 -23
    endloop
  endfacet
  facet normal -0 0 1
    outer loop
      vertex 34.0606 -0.32664 -23
      vertex 37 -2 -23
      vertex 34.0843 -0.301454 -23
    endloop
  endfacet
  facet normal -0 0 1
    outer loop
      vertex 34.0055 -0.373716 -23
      vertex 37 -2 -23
      vertex 34.0606 -0.32664 -23
    endloop
  endfacet
  facet normal -0 0 1
    outer loop
      vertex 33.9437 -0.411591 -23
      vertex 37 -2 -23
      vertex 34.0055 -0.373716 -23
    endloop
  endfacet
  facet normal 0 0 1
    outer loop
      vertex 33 -2 -23
      vertex 33.9437 -0.411591 -23
      vertex 33.9024 -0.433193 -23
    endloop
  endfacet
  facet normal 0 0 1
    outer loop
      vertex 33 -2 -23
      vertex 33.9024 -0.433193 -23
      vertex 33.8319 -0.462389 -23
    endloop
  endfacet
  facet normal 0 0 1
    outer loop
      vertex 33 -2 -23
      vertex 33.8319 -0.462389 -23
      vertex 33.7578 -0.480199 -23
    endloop
  endfacet
  facet normal 0 0 1
    outer loop
      vertex 33 -2 -23
      vertex 33.7578 -0.480199 -23
      vertex 33.7054 -0.492321 -23
    endloop
  endfacet
  facet normal 0 0 1
    outer loop
      vertex 33 -2 -23
      vertex 33.7054 -0.492321 -23
      vertex 33.6275 -0.498458 -23
    endloop
  endfacet
  facet normal 0 0 1
    outer loop
      vertex 33 -2 -23
      vertex 33.6275 -0.498458 -23
      vertex 33.5725 -0.498458 -23
    endloop
  endfacet
  facet normal 0 0 1
    outer loop
      vertex 33 -2 -23
      vertex 33.5725 -0.498458 -23
      vertex 33.4977 -0.492571 -23
    endloop
  endfacet
  facet normal 0 0 1
    outer loop
      vertex 33 -2 -23
      vertex 33.4977 -0.492571 -23
      vertex 33.4946 -0.492321 -23
    endloop
  endfacet
  facet normal 0 0 1
    outer loop
      vertex 33 -0.6 -23
      vertex 33.4946 -0.492321 -23
      vertex 33.4422 -0.480199 -23
    endloop
  endfacet
  facet normal 0 0 1
    outer loop
      vertex 33 -0.6 -23
      vertex 33.4422 -0.480199 -23
      vertex 33.3681 -0.462389 -23
    endloop
  endfacet
  facet normal 0 0 1
    outer loop
      vertex 33 -0.6 -23
      vertex 33.3681 -0.462389 -23
      vertex 33.2976 -0.433193 -23
    endloop
  endfacet
  facet normal 0 0 1
    outer loop
      vertex 33 -0.6 -23
      vertex 33.2563 -0.411591 -23
      vertex 33.2142 -0.385778 -23
    endloop
  endfacet
  facet normal 0 0 1
    outer loop
      vertex 33 -0.6 -23
      vertex 33.2976 -0.433193 -23
      vertex 33.2563 -0.411591 -23
    endloop
  endfacet
  facet normal 0 0 1
    outer loop
      vertex 33.4946 -0.492321 -23
      vertex 33 -0.6 -23
      vertex 33 -2 -23
    endloop
  endfacet
  facet normal 0 0 1
    outer loop
      vertex 33.9437 -0.411591 -23
      vertex 33 -2 -23
      vertex 37 -2 -23
    endloop
  endfacet
  facet normal 0 0 -1
    outer loop
      vertex 33 -2 -27
      vertex 37 2 -27
      vertex 37 -2 -27
    endloop
  endfacet
  facet normal -0 0 -1
    outer loop
      vertex 37 2 -27
      vertex 33 -2 -27
      vertex 33 2 -27
    endloop
  endfacet
  facet normal -1 0 0
    outer loop
      vertex 33 2 -25
      vertex 33 0.6 -23
      vertex 33 2 -23
    endloop
  endfacet
  facet normal -1 -0 0
    outer loop
      vertex 33 -0.6 -23
      vertex 33 -2 -25
      vertex 33 -2 -23
    endloop
  endfacet
  facet normal -1 0 0
    outer loop
      vertex 33 2 -27
      vertex 33 0 -24.1429
      vertex 33 2 -25
    endloop
  endfacet
  facet normal -1 0 0
    outer loop
      vertex 33 -2 -27
      vertex 33 0 -24.1429
      vertex 33 2 -27
    endloop
  endfacet
  facet normal -1 0 0
    outer loop
      vertex 33 0 -24.1429
      vertex 33 -2 -27
      vertex 33 -2 -25
    endloop
  endfacet
  facet normal 0 1 0
    outer loop
      vertex 37 2 -23
      vertex 33 2 -25
      vertex 33 2 -23
    endloop
  endfacet
  facet normal 0 1 -0
    outer loop
      vertex 37 2 -27
      vertex 33 2 -25
      vertex 37 2 -23
    endloop
  endfacet
  facet normal 0 1 0
    outer loop
      vertex 33 2 -25
      vertex 37 2 -27
      vertex 33 2 -27
    endloop
  endfacet
  facet normal 0 -1 0
    outer loop
      vertex 33 -2 -25
      vertex 37 -2 -23
      vertex 33 -2 -23
    endloop
  endfacet
  facet normal 0 -1 0
    outer loop
      vertex 37 -2 -27
      vertex 33 -2 -25
      vertex 33 -2 -27
    endloop
  endfacet
  facet normal 0 -1 0
    outer loop
      vertex 33 -2 -25
      vertex 37 -2 -27
      vertex 37 -2 -23
    endloop
  endfacet
  facet normal 0.222905 0.962272 0.156034
    outer loop
      vertex 33.7578 0.480199 -23
      vertex 1.93229 0.492321 22.3902
      vertex 1.9352 0.480199 22.4608
    endloop
  endfacet
  facet normal 0.22263 0.962367 0.155841
    outer loop
      vertex 1.93229 0.492321 22.3902
      vertex 33.7578 0.480199 -23
      vertex 33.7054 0.492321 -23
    endloop
  endfacet
  facet normal -0.369589 -0.892453 -0.258713
    outer loop
      vertex 33.3681 -0.462389 -23
      vertex 1.94649 -0.433193 21.7873
      vertex 33.2976 -0.433193 -23
    endloop
  endfacet
  facet normal -0.369673 -0.892401 -0.258771
    outer loop
      vertex 1.94649 -0.433193 21.7873
      vertex 33.3681 -0.462389 -23
      vertex 1.93948 -0.462389 21.898
    endloop
  endfacet
  facet normal -0.490879 -0.800604 -0.343615
    outer loop
      vertex 33.2563 -0.411591 -23
      vertex 1.95787 -0.385778 21.6519
      vertex 33.2142 -0.385778 -23
    endloop
  endfacet
  facet normal -0.490282 -0.801149 -0.343197
    outer loop
      vertex 1.95787 -0.385778 21.6519
      vertex 33.2563 -0.411591 -23
      vertex 1.95168 -0.411591 21.721
    endloop
  endfacet
  facet normal 0.803808 -0.193137 0.562664
    outer loop
      vertex 2.08339 -0.13174 22.8642
      vertex 34.2039 -0.0666904 -23
      vertex 2.09468 -0.0666904 22.8704
    endloop
  endfacet
  facet normal 0.803865 -0.19278 0.562705
    outer loop
      vertex 34.2039 -0.0666904 -23
      vertex 2.08339 -0.13174 22.8642
      vertex 34.1883 -0.13174 -23
    endloop
  endfacet
  facet normal 0.0783391 0.995417 0.0548373
    outer loop
      vertex 33.7054 0.492321 -23
      vertex 1.93082 0.498458 22.2809
      vertex 1.93229 0.492321 22.3902
    endloop
  endfacet
  facet normal 0.0784187 0.995408 0.0548932
    outer loop
      vertex 1.93082 0.498458 22.2809
      vertex 33.7054 0.492321 -23
      vertex 33.6275 0.498458 -23
    endloop
  endfacet
  facet normal 0.23063 -0.959555 0.161441
    outer loop
      vertex 33.8319 -0.462389 -23
      vertex 1.9352 -0.480199 22.4608
      vertex 33.7578 -0.480199 -23
    endloop
  endfacet
  facet normal 0.230316 -0.959668 0.161221
    outer loop
      vertex 1.9352 -0.480199 22.4608
      vertex 33.8319 -0.462389 -23
      vertex 1.93948 -0.462389 22.5607
    endloop
  endfacet
  facet normal -0.0802572 -0.99519 -0.0561801
    outer loop
      vertex 33.4977 -0.492571 -23
      vertex 1.93229 -0.492321 22.089
      vertex 33.4946 -0.492321 -23
    endloop
  endfacet
  facet normal -0.0783629 -0.995415 -0.0548539
    outer loop
      vertex 1.93229 -0.492321 22.089
      vertex 33.4977 -0.492571 -23
      vertex 1.9309 -0.498119 22.1962
    endloop
  endfacet
  facet normal 0 1 0
    outer loop
      vertex 33.6275 0.498458 -23
      vertex 1.93082 0.498458 22.2025
      vertex 1.93082 0.498458 22.2809
    endloop
  endfacet
  facet normal 0 1 0
    outer loop
      vertex 1.93082 0.498458 22.2025
      vertex 33.6275 0.498458 -23
      vertex 33.5725 0.498458 -23
    endloop
  endfacet
  facet normal 0.803808 0.193137 0.562664
    outer loop
      vertex 34.2039 0.0666904 -23
      vertex 2.08339 0.13174 22.8642
      vertex 2.09468 0.0666904 22.8704
    endloop
  endfacet
  facet normal 0.803865 0.19278 0.562705
    outer loop
      vertex 2.08339 0.13174 22.8642
      vertex 34.2039 0.0666904 -23
      vertex 34.1883 0.13174 -23
    endloop
  endfacet
  facet normal 0.485018 -0.803335 0.345557
    outer loop
      vertex 1.95168 -0.411591 22.7028
      vertex 1.96397 -0.373716 22.7736
      vertex 1.95984 -0.377586 22.7704
    endloop
  endfacet
  facet normal 0.490739 -0.800731 0.343518
    outer loop
      vertex 34.0055 -0.373716 -23
      vertex 1.95168 -0.411591 22.7028
      vertex 33.9437 -0.411591 -23
    endloop
  endfacet
  facet normal 0.490485 -0.800964 0.343339
    outer loop
      vertex 1.95168 -0.411591 22.7028
      vertex 34.0055 -0.373716 -23
      vertex 1.96397 -0.373716 22.7736
    endloop
  endfacet
  facet normal -0.0783425 -0.995417 -0.0548397
    outer loop
      vertex 33.5725 -0.498458 -23
      vertex 1.9309 -0.498119 22.1962
      vertex 33.4977 -0.492571 -23
    endloop
  endfacet
  facet normal -0.0779361 -0.995465 -0.0545551
    outer loop
      vertex 1.9309 -0.498119 22.1962
      vertex 33.5725 -0.498458 -23
      vertex 1.93082 -0.498458 22.2025
    endloop
  endfacet
  facet normal -0.440858 -0.842859 -0.3086
    outer loop
      vertex 33.2976 -0.433193 -23
      vertex 1.95168 -0.411591 21.721
      vertex 33.2563 -0.411591 -23
    endloop
  endfacet
  facet normal -0.441465 -0.842385 -0.309026
    outer loop
      vertex 1.95168 -0.411591 21.721
      vertex 33.2976 -0.433193 -23
      vertex 1.94649 -0.433193 21.7873
    endloop
  endfacet
  facet normal 0.671219 0.573325 0.469854
    outer loop
      vertex 34.1278 0.250585 -23
      vertex 2.01671 0.301454 22.8109
      vertex 2.04392 0.250585 22.8341
    endloop
  endfacet
  facet normal 0.670966 0.573768 0.469675
    outer loop
      vertex 2.01671 0.301454 22.8109
      vertex 34.1278 0.250585 -23
      vertex 34.0843 0.301454 -23
    endloop
  endfacet
  facet normal 0.77558 0.322073 0.542904
    outer loop
      vertex 34.1883 0.13174 -23
      vertex 2.06633 0.193544 22.852
      vertex 2.06995 0.180444 22.8546
    endloop
  endfacet
  facet normal 0.775838 0.321142 0.543086
    outer loop
      vertex 34.1883 0.13174 -23
      vertex 2.06995 0.180444 22.8546
      vertex 2.08339 0.13174 22.8642
    endloop
  endfacet
  facet normal 0.775783 0.321339 0.543048
    outer loop
      vertex 2.06633 0.193544 22.852
      vertex 34.1883 0.13174 -23
      vertex 34.1627 0.193544 -23
    endloop
  endfacet
  facet normal 0.732212 0.44851 0.512548
    outer loop
      vertex 34.1627 0.193544 -23
      vertex 2.04392 0.250585 22.8341
      vertex 2.06633 0.193544 22.852
    endloop
  endfacet
  facet normal 0.73238 0.4481 0.512666
    outer loop
      vertex 2.04392 0.250585 22.8341
      vertex 34.1627 0.193544 -23
      vertex 34.1278 0.250585 -23
    endloop
  endfacet
  facet normal 0.732212 -0.44851 0.512548
    outer loop
      vertex 2.04392 -0.250585 22.8341
      vertex 34.1627 -0.193544 -23
      vertex 2.06633 -0.193544 22.852
    endloop
  endfacet
  facet normal 0.73238 -0.4481 0.512666
    outer loop
      vertex 34.1627 -0.193544 -23
      vertex 2.04392 -0.250585 22.8341
      vertex 34.1278 -0.250585 -23
    endloop
  endfacet
  facet normal 0.440858 -0.842858 0.3086
    outer loop
      vertex 33.9437 -0.411591 -23
      vertex 1.94649 -0.433193 22.6513
      vertex 33.9024 -0.433193 -23
    endloop
  endfacet
  facet normal 0.441313 -0.842503 0.308919
    outer loop
      vertex 1.94649 -0.433193 22.6513
      vertex 33.9437 -0.411591 -23
      vertex 1.95168 -0.411591 22.7028
    endloop
  endfacet
  facet normal 0.647936 -0.611937 0.453555
    outer loop
      vertex 2.00707 -0.317887 22.8025
      vertex 34.0843 -0.301454 -23
      vertex 2.01671 -0.301454 22.8109
    endloop
  endfacet
  facet normal 0.6496 -0.609302 0.454721
    outer loop
      vertex 2.00131 -0.32664 22.799
      vertex 34.0843 -0.301454 -23
      vertex 2.00707 -0.317887 22.8025
    endloop
  endfacet
  facet normal 0.64882 -0.610539 0.454174
    outer loop
      vertex 34.0843 -0.301454 -23
      vertex 2.00131 -0.32664 22.799
      vertex 34.0606 -0.32664 -23
    endloop
  endfacet
  facet normal -0.23063 -0.959555 -0.161441
    outer loop
      vertex 33.4422 -0.480199 -23
      vertex 1.93948 -0.462389 21.898
      vertex 33.3681 -0.462389 -23
    endloop
  endfacet
  facet normal -0.230573 -0.959576 -0.161401
    outer loop
      vertex 1.93948 -0.462389 21.898
      vertex 33.4422 -0.480199 -23
      vertex 1.9352 -0.480199 22.01
    endloop
  endfacet
  facet normal 0.0784187 -0.995408 0.0548932
    outer loop
      vertex 33.7054 -0.492321 -23
      vertex 1.93082 -0.498458 22.2809
      vertex 33.6275 -0.498458 -23
    endloop
  endfacet
  facet normal 0.0783391 -0.995417 0.0548373
    outer loop
      vertex 1.93082 -0.498458 22.2809
      vertex 33.7054 -0.492321 -23
      vertex 1.93229 -0.492321 22.3902
    endloop
  endfacet
  facet normal 0.230316 0.959668 0.161221
    outer loop
      vertex 33.8319 0.462389 -23
      vertex 1.9352 0.480199 22.4608
      vertex 1.93948 0.462389 22.5607
    endloop
  endfacet
  facet normal 0.23063 0.959555 0.161441
    outer loop
      vertex 1.9352 0.480199 22.4608
      vertex 33.8319 0.462389 -23
      vertex 33.7578 0.480199 -23
    endloop
  endfacet
  facet normal 0.369882 0.892272 0.258917
    outer loop
      vertex 33.9024 0.433193 -23
      vertex 1.93948 0.462389 22.5607
      vertex 1.94649 0.433193 22.6513
    endloop
  endfacet
  facet normal 0.369589 0.892453 0.258712
    outer loop
      vertex 1.93948 0.462389 22.5607
      vertex 33.9024 0.433193 -23
      vertex 33.8319 0.462389 -23
    endloop
  endfacet
  facet normal 0.591318 0.692107 0.413922
    outer loop
      vertex 34.0055 0.373716 -23
      vertex 2.00131 0.32664 22.799
      vertex 34.0606 0.32664 -23
    endloop
  endfacet
  facet normal 0.59117 0.692294 0.413819
    outer loop
      vertex 2.00131 0.32664 22.799
      vertex 34.0055 0.373716 -23
      vertex 1.96545 0.371847 22.7746
    endloop
  endfacet
  facet normal 0.592298 0.690856 0.414609
    outer loop
      vertex 1.96545 0.371847 22.7746
      vertex 34.0055 0.373716 -23
      vertex 1.96397 0.373716 22.7736
    endloop
  endfacet
  facet normal 0.817534 -0.0643579 0.572273
    outer loop
      vertex 2.09468 -0.0666904 22.8704
      vertex 34.2092 0 -23
      vertex 2.09993 0 22.8704
    endloop
  endfacet
  facet normal 0.817502 -0.0649683 0.57225
    outer loop
      vertex 34.2092 0 -23
      vertex 2.09468 -0.0666904 22.8704
      vertex 34.2039 -0.0666904 -23
    endloop
  endfacet
  facet normal 0.775838 -0.321142 0.543086
    outer loop
      vertex 2.06995 -0.180444 22.8546
      vertex 34.1883 -0.13174 -23
      vertex 2.08339 -0.13174 22.8642
    endloop
  endfacet
  facet normal 0.77558 -0.322073 0.542904
    outer loop
      vertex 2.06633 -0.193544 22.852
      vertex 34.1883 -0.13174 -23
      vertex 2.06995 -0.180444 22.8546
    endloop
  endfacet
  facet normal 0.775783 -0.321339 0.543048
    outer loop
      vertex 34.1883 -0.13174 -23
      vertex 2.06633 -0.193544 22.852
      vertex 34.1627 -0.193544 -23
    endloop
  endfacet
  facet normal -0.22263 -0.962367 -0.155841
    outer loop
      vertex 33.4946 -0.492321 -23
      vertex 1.9352 -0.480199 22.01
      vertex 33.4422 -0.480199 -23
    endloop
  endfacet
  facet normal -0.222669 -0.962353 -0.155868
    outer loop
      vertex 1.9352 -0.480199 22.01
      vertex 33.4946 -0.492321 -23
      vertex 1.93229 -0.492321 22.089
    endloop
  endfacet
  facet normal 0.22263 -0.962367 0.155841
    outer loop
      vertex 33.7578 -0.480199 -23
      vertex 1.93229 -0.492321 22.3902
      vertex 33.7054 -0.492321 -23
    endloop
  endfacet
  facet normal 0.222905 -0.962272 0.156034
    outer loop
      vertex 1.93229 -0.492321 22.3902
      vertex 33.7578 -0.480199 -23
      vertex 1.9352 -0.480199 22.4608
    endloop
  endfacet
  facet normal 0.6496 0.609302 0.454721
    outer loop
      vertex 34.0843 0.301454 -23
      vertex 2.00131 0.32664 22.799
      vertex 2.00707 0.317887 22.8025
    endloop
  endfacet
  facet normal 0.647936 0.611937 0.453555
    outer loop
      vertex 34.0843 0.301454 -23
      vertex 2.00707 0.317887 22.8025
      vertex 2.01671 0.301454 22.8109
    endloop
  endfacet
  facet normal 0.64882 0.610539 0.454174
    outer loop
      vertex 2.00131 0.32664 22.799
      vertex 34.0843 0.301454 -23
      vertex 34.0606 0.32664 -23
    endloop
  endfacet
  facet normal 0.441313 0.842503 0.308919
    outer loop
      vertex 33.9437 0.411591 -23
      vertex 1.94649 0.433193 22.6513
      vertex 1.95168 0.411591 22.7028
    endloop
  endfacet
  facet normal 0.440858 0.842858 0.3086
    outer loop
      vertex 1.94649 0.433193 22.6513
      vertex 33.9437 0.411591 -23
      vertex 33.9024 0.433193 -23
    endloop
  endfacet
  facet normal 0.485018 0.803335 0.345557
    outer loop
      vertex 1.96397 0.373716 22.7736
      vertex 1.95168 0.411591 22.7028
      vertex 1.95984 0.377586 22.7704
    endloop
  endfacet
  facet normal 0.490485 0.800964 0.343339
    outer loop
      vertex 34.0055 0.373716 -23
      vertex 1.95168 0.411591 22.7028
      vertex 1.96397 0.373716 22.7736
    endloop
  endfacet
  facet normal 0.490739 0.800731 0.343518
    outer loop
      vertex 1.95168 0.411591 22.7028
      vertex 34.0055 0.373716 -23
      vertex 33.9437 0.411591 -23
    endloop
  endfacet
  facet normal 0.817534 0.0643579 0.572273
    outer loop
      vertex 2.09993 0 22.8704
      vertex 34.2039 0.0666904 -23
      vertex 2.09468 0.0666904 22.8704
    endloop
  endfacet
  facet normal 0.817501 0.0649682 0.572251
    outer loop
      vertex 34.2039 0.0666904 -23
      vertex 2.09993 0 22.8704
      vertex 34.2092 0 -23
    endloop
  endfacet
  facet normal 0.671219 -0.573325 0.469854
    outer loop
      vertex 2.01671 -0.301454 22.8109
      vertex 34.1278 -0.250585 -23
      vertex 2.04392 -0.250585 22.8341
    endloop
  endfacet
  facet normal 0.670966 -0.573768 0.469675
    outer loop
      vertex 34.1278 -0.250585 -23
      vertex 2.01671 -0.301454 22.8109
      vertex 34.0843 -0.301454 -23
    endloop
  endfacet
  facet normal 0.369589 -0.892453 0.258712
    outer loop
      vertex 33.9024 -0.433193 -23
      vertex 1.93948 -0.462389 22.5607
      vertex 33.8319 -0.462389 -23
    endloop
  endfacet
  facet normal 0.369882 -0.892272 0.258917
    outer loop
      vertex 1.93948 -0.462389 22.5607
      vertex 33.9024 -0.433193 -23
      vertex 1.94649 -0.433193 22.6513
    endloop
  endfacet
  facet normal 0.592298 -0.690856 0.414609
    outer loop
      vertex 34.0055 -0.373716 -23
      vertex 1.96545 -0.371847 22.7746
      vertex 1.96397 -0.373716 22.7736
    endloop
  endfacet
  facet normal 0.59117 -0.692294 0.413819
    outer loop
      vertex 34.0055 -0.373716 -23
      vertex 2.00131 -0.32664 22.799
      vertex 1.96545 -0.371847 22.7746
    endloop
  endfacet
  facet normal 0.591318 -0.692107 0.413922
    outer loop
      vertex 2.00131 -0.32664 22.799
      vertex 34.0055 -0.373716 -23
      vertex 34.0606 -0.32664 -23
    endloop
  endfacet
  facet normal -0.0779361 0.995465 -0.0545551
    outer loop
      vertex 33.5725 0.498458 -23
      vertex 1.9309 0.498119 22.1962
      vertex 1.93082 0.498458 22.2025
    endloop
  endfacet
  facet normal -0.0783425 0.995417 -0.0548397
    outer loop
      vertex 1.9309 0.498119 22.1962
      vertex 33.5725 0.498458 -23
      vertex 33.4977 0.492571 -23
    endloop
  endfacet
  facet normal -0.0783629 0.995415 -0.0548539
    outer loop
      vertex 33.4977 0.492571 -23
      vertex 1.93229 0.492321 22.089
      vertex 1.9309 0.498119 22.1962
    endloop
  endfacet
  facet normal -0.0802572 0.99519 -0.0561801
    outer loop
      vertex 1.93229 0.492321 22.089
      vertex 33.4977 0.492571 -23
      vertex 33.4946 0.492321 -23
    endloop
  endfacet
  facet normal 0 -1 0
    outer loop
      vertex 33.6275 -0.498458 -23
      vertex 1.93082 -0.498458 22.2025
      vertex 33.5725 -0.498458 -23
    endloop
  endfacet
  facet normal 0 -1 0
    outer loop
      vertex 1.93082 -0.498458 22.2025
      vertex 33.6275 -0.498458 -23
      vertex 1.93082 -0.498458 22.2809
    endloop
  endfacet
  facet normal 0 -1 0
    outer loop
      vertex -33.6275 -0.498458 -23
      vertex -1.93082 -0.498458 22.2025
      vertex -1.93082 -0.498458 22.2809
    endloop
  endfacet
  facet normal 0 -1 0
    outer loop
      vertex -1.93082 -0.498458 22.2025
      vertex -33.6275 -0.498458 -23
      vertex -33.5725 -0.498458 -23
    endloop
  endfacet
  facet normal -0.230573 0.959576 -0.161401
    outer loop
      vertex 33.4422 0.480199 -23
      vertex 1.93948 0.462389 21.898
      vertex 1.9352 0.480199 22.01
    endloop
  endfacet
  facet normal -0.23063 0.959555 -0.161441
    outer loop
      vertex 1.93948 0.462389 21.898
      vertex 33.4422 0.480199 -23
      vertex 33.3681 0.462389 -23
    endloop
  endfacet
  facet normal -0.369673 0.892401 -0.258771
    outer loop
      vertex 33.3681 0.462389 -23
      vertex 1.94649 0.433193 21.7873
      vertex 1.93948 0.462389 21.898
    endloop
  endfacet
  facet normal -0.369589 0.892453 -0.258713
    outer loop
      vertex 1.94649 0.433193 21.7873
      vertex 33.3681 0.462389 -23
      vertex 33.2976 0.433193 -23
    endloop
  endfacet
  facet normal -0.490282 0.801149 -0.343197
    outer loop
      vertex 33.2563 0.411591 -23
      vertex 1.95787 0.385778 21.6519
      vertex 1.95168 0.411591 21.721
    endloop
  endfacet
  facet normal -0.490879 0.800604 -0.343615
    outer loop
      vertex 1.95787 0.385778 21.6519
      vertex 33.2563 0.411591 -23
      vertex 33.2142 0.385778 -23
    endloop
  endfacet
  facet normal -0.441465 0.842385 -0.309026
    outer loop
      vertex 33.2976 0.433193 -23
      vertex 1.95168 0.411591 21.721
      vertex 1.94649 0.433193 21.7873
    endloop
  endfacet
  facet normal -0.440858 0.842859 -0.3086
    outer loop
      vertex 1.95168 0.411591 21.721
      vertex 33.2976 0.433193 -23
      vertex 33.2563 0.411591 -23
    endloop
  endfacet
  facet normal -0.222669 0.962353 -0.155868
    outer loop
      vertex 33.4946 0.492321 -23
      vertex 1.9352 0.480199 22.01
      vertex 1.93229 0.492321 22.089
    endloop
  endfacet
  facet normal -0.22263 0.962367 -0.155841
    outer loop
      vertex 1.9352 0.480199 22.01
      vertex 33.4946 0.492321 -23
      vertex 33.4422 0.480199 -23
    endloop
  endfacet
  facet normal 0 1 -0
    outer loop
      vertex 2 37 -27
      vertex -2 37 -23
      vertex 2 37 -23
    endloop
  endfacet
  facet normal 0 1 0
    outer loop
      vertex -2 37 -23
      vertex 2 37 -27
      vertex -2 37 -27
    endloop
  endfacet
  facet normal -0 0 1
    outer loop
      vertex 0.411591 33.9437 -23
      vertex 2 33 -23
      vertex 2 37 -23
    endloop
  endfacet
  facet normal -0 0 1
    outer loop
      vertex 0.498458 33.5725 -23
      vertex 2 33 -23
      vertex 0.498458 33.6275 -23
    endloop
  endfacet
  facet normal 0 0 1
    outer loop
      vertex 2 33 -23
      vertex 0.492321 33.7054 -23
      vertex 0.498458 33.6275 -23
    endloop
  endfacet
  facet normal 0 0 1
    outer loop
      vertex 2 33 -23
      vertex 0.480199 33.7578 -23
      vertex 0.492321 33.7054 -23
    endloop
  endfacet
  facet normal 0 0 1
    outer loop
      vertex 2 33 -23
      vertex 0.462389 33.8319 -23
      vertex 0.480199 33.7578 -23
    endloop
  endfacet
  facet normal 0 0 1
    outer loop
      vertex 2 33 -23
      vertex 0.433193 33.9024 -23
      vertex 0.462389 33.8319 -23
    endloop
  endfacet
  facet normal 0 0 1
    outer loop
      vertex 2 33 -23
      vertex 0.411591 33.9437 -23
      vertex 0.433193 33.9024 -23
    endloop
  endfacet
  facet normal 0 0 1
    outer loop
      vertex 2 37 -23
      vertex 0.373716 34.0055 -23
      vertex 0.411591 33.9437 -23
    endloop
  endfacet
  facet normal 0 0 1
    outer loop
      vertex 2 37 -23
      vertex 0.32664 34.0606 -23
      vertex 0.373716 34.0055 -23
    endloop
  endfacet
  facet normal 0 0 1
    outer loop
      vertex 2 37 -23
      vertex 0.301454 34.0843 -23
      vertex 0.32664 34.0606 -23
    endloop
  endfacet
  facet normal 0 0 1
    outer loop
      vertex 2 37 -23
      vertex 0.250585 34.1278 -23
      vertex 0.301454 34.0843 -23
    endloop
  endfacet
  facet normal 0 0 1
    outer loop
      vertex 2 37 -23
      vertex 0.193544 34.1627 -23
      vertex 0.250585 34.1278 -23
    endloop
  endfacet
  facet normal 0 0 1
    outer loop
      vertex 2 37 -23
      vertex 0.13174 34.1883 -23
      vertex 0.193544 34.1627 -23
    endloop
  endfacet
  facet normal 0 0 1
    outer loop
      vertex 2 37 -23
      vertex 0.0666904 34.2039 -23
      vertex 0.13174 34.1883 -23
    endloop
  endfacet
  facet normal 0 0 1
    outer loop
      vertex 2 37 -23
      vertex 0 34.2092 -23
      vertex 0.0666904 34.2039 -23
    endloop
  endfacet
  facet normal -0 0 1
    outer loop
      vertex -2 37 -23
      vertex 0 34.2092 -23
      vertex 2 37 -23
    endloop
  endfacet
  facet normal 0 0 1
    outer loop
      vertex 0 34.2092 -23
      vertex -2 37 -23
      vertex -0.0666904 34.2039 -23
    endloop
  endfacet
  facet normal 0 0 1
    outer loop
      vertex -0.0666904 34.2039 -23
      vertex -2 37 -23
      vertex -0.13174 34.1883 -23
    endloop
  endfacet
  facet normal 0 0 1
    outer loop
      vertex -0.13174 34.1883 -23
      vertex -2 37 -23
      vertex -0.193544 34.1627 -23
    endloop
  endfacet
  facet normal 0 0 1
    outer loop
      vertex -0.193544 34.1627 -23
      vertex -2 37 -23
      vertex -0.250585 34.1278 -23
    endloop
  endfacet
  facet normal 0 0 1
    outer loop
      vertex -0.250585 34.1278 -23
      vertex -2 37 -23
      vertex -0.301454 34.0843 -23
    endloop
  endfacet
  facet normal 0 0 1
    outer loop
      vertex -0.301454 34.0843 -23
      vertex -2 37 -23
      vertex -0.32664 34.0606 -23
    endloop
  endfacet
  facet normal 0 0 1
    outer loop
      vertex -2 33 -23
      vertex -0.498458 33.5725 -23
      vertex -0.498458 33.6275 -23
    endloop
  endfacet
  facet normal 0 0 1
    outer loop
      vertex -2 33 -23
      vertex -0.498458 33.6275 -23
      vertex -0.492321 33.7054 -23
    endloop
  endfacet
  facet normal 0 0 1
    outer loop
      vertex -0.32664 34.0606 -23
      vertex -2 37 -23
      vertex -0.373716 34.0055 -23
    endloop
  endfacet
  facet normal 0 0 1
    outer loop
      vertex -2 37 -23
      vertex -0.411591 33.9437 -23
      vertex -0.373716 34.0055 -23
    endloop
  endfacet
  facet normal 0 0 1
    outer loop
      vertex -2 33 -23
      vertex -0.411591 33.9437 -23
      vertex -2 37 -23
    endloop
  endfacet
  facet normal 0 0 1
    outer loop
      vertex -0.411591 33.9437 -23
      vertex -2 33 -23
      vertex -0.433193 33.9024 -23
    endloop
  endfacet
  facet normal 0 0 1
    outer loop
      vertex -0.433193 33.9024 -23
      vertex -2 33 -23
      vertex -0.462389 33.8319 -23
    endloop
  endfacet
  facet normal 0 0 1
    outer loop
      vertex -0.462389 33.8319 -23
      vertex -2 33 -23
      vertex -0.480199 33.7578 -23
    endloop
  endfacet
  facet normal 0 0 1
    outer loop
      vertex -0.480199 33.7578 -23
      vertex -2 33 -23
      vertex -0.492321 33.7054 -23
    endloop
  endfacet
  facet normal 0 0 1
    outer loop
      vertex -0.498458 33.5725 -23
      vertex -2 33 -23
      vertex -0.6 33 -23
    endloop
  endfacet
  facet normal -0 0 1
    outer loop
      vertex 0.492571 33.4977 -23
      vertex 2 33 -23
      vertex 0.498458 33.5725 -23
    endloop
  endfacet
  facet normal -0 0 1
    outer loop
      vertex 0.492321 33.4946 -23
      vertex 2 33 -23
      vertex 0.492571 33.4977 -23
    endloop
  endfacet
  facet normal 0 0 1
    outer loop
      vertex 2 33 -23
      vertex 0.492321 33.4946 -23
      vertex 0.6 33 -23
    endloop
  endfacet
  facet normal -0 0 1
    outer loop
      vertex 0.480199 33.4422 -23
      vertex 0.6 33 -23
      vertex 0.492321 33.4946 -23
    endloop
  endfacet
  facet normal -0 0 1
    outer loop
      vertex 0.462389 33.3681 -23
      vertex 0.6 33 -23
      vertex 0.480199 33.4422 -23
    endloop
  endfacet
  facet normal -0 0 1
    outer loop
      vertex 0.433193 33.2976 -23
      vertex 0.6 33 -23
      vertex 0.462389 33.3681 -23
    endloop
  endfacet
  facet normal -0 0 1
    outer loop
      vertex 0.411591 33.2563 -23
      vertex 0.6 33 -23
      vertex 0.433193 33.2976 -23
    endloop
  endfacet
  facet normal 0 0 1
    outer loop
      vertex 0.6 33 -23
      vertex 0.411591 33.2563 -23
      vertex 0.385778 33.2142 -23
    endloop
  endfacet
  facet normal 0 0 1
    outer loop
      vertex -0.411591 33.2563 -23
      vertex -0.6 33 -23
      vertex -0.385778 33.2142 -23
    endloop
  endfacet
  facet normal 0 0 1
    outer loop
      vertex -0.433193 33.2976 -23
      vertex -0.6 33 -23
      vertex -0.411591 33.2563 -23
    endloop
  endfacet
  facet normal 0 0 1
    outer loop
      vertex -0.462389 33.3681 -23
      vertex -0.6 33 -23
      vertex -0.433193 33.2976 -23
    endloop
  endfacet
  facet normal 0 0 1
    outer loop
      vertex -0.480199 33.4422 -23
      vertex -0.6 33 -23
      vertex -0.462389 33.3681 -23
    endloop
  endfacet
  facet normal 0 0 1
    outer loop
      vertex -0.492321 33.4946 -23
      vertex -0.6 33 -23
      vertex -0.480199 33.4422 -23
    endloop
  endfacet
  facet normal 0 0 1
    outer loop
      vertex -0.492571 33.4977 -23
      vertex -0.6 33 -23
      vertex -0.492321 33.4946 -23
    endloop
  endfacet
  facet normal 0 0 1
    outer loop
      vertex -0.6 33 -23
      vertex -0.492571 33.4977 -23
      vertex -0.498458 33.5725 -23
    endloop
  endfacet
  facet normal 0 0 -1
    outer loop
      vertex -2 33 -27
      vertex 2 37 -27
      vertex 2 33 -27
    endloop
  endfacet
  facet normal -0 0 -1
    outer loop
      vertex 2 37 -27
      vertex -2 33 -27
      vertex -2 37 -27
    endloop
  endfacet
  facet normal 0 -1 0
    outer loop
      vertex -2 33 -23
      vertex -2 33 -25
      vertex -0.6 33 -23
    endloop
  endfacet
  facet normal -0 -1 -0
    outer loop
      vertex 2 33 -23
      vertex 0.6 33 -23
      vertex 2 33 -25
    endloop
  endfacet
  facet normal 0 -1 0
    outer loop
      vertex -2 33 -27
      vertex 0 33 -24.1429
      vertex -2 33 -25
    endloop
  endfacet
  facet normal 0 -1 0
    outer loop
      vertex 2 33 -27
      vertex 0 33 -24.1429
      vertex -2 33 -27
    endloop
  endfacet
  facet normal 0 -1 0
    outer loop
      vertex 0 33 -24.1429
      vertex 2 33 -27
      vertex 2 33 -25
    endloop
  endfacet
  facet normal -1 0 0
    outer loop
      vertex -2 33 -25
      vertex -2 37 -27
      vertex -2 33 -27
    endloop
  endfacet
  facet normal -1 0 0
    outer loop
      vertex -2 37 -27
      vertex -2 33 -25
      vertex -2 37 -23
    endloop
  endfacet
  facet normal -1 -0 0
    outer loop
      vertex -2 37 -23
      vertex -2 33 -25
      vertex -2 33 -23
    endloop
  endfacet
  facet normal 1 0 0
    outer loop
      vertex 2 33 -25
      vertex 2 37 -23
      vertex 2 33 -23
    endloop
  endfacet
  facet normal 1 0 0
    outer loop
      vertex 2 37 -23
      vertex 2 33 -25
      vertex 2 37 -27
    endloop
  endfacet
  facet normal 1 0 0
    outer loop
      vertex 2 37 -27
      vertex 2 33 -25
      vertex 2 33 -27
    endloop
  endfacet
  facet normal -0.962367 0.22263 0.155841
    outer loop
      vertex -0.492321 1.93229 22.3902
      vertex -0.480199 33.7578 -23
      vertex -0.492321 33.7054 -23
    endloop
  endfacet
  facet normal -0.962272 0.222905 0.156034
    outer loop
      vertex -0.480199 33.7578 -23
      vertex -0.492321 1.93229 22.3902
      vertex -0.480199 1.9352 22.4608
    endloop
  endfacet
  facet normal -0.995408 0.0784187 0.0548932
    outer loop
      vertex -0.498458 1.93082 22.2809
      vertex -0.492321 33.7054 -23
      vertex -0.498458 33.6275 -23
    endloop
  endfacet
  facet normal -0.995417 0.0783391 0.0548373
    outer loop
      vertex -0.492321 33.7054 -23
      vertex -0.498458 1.93082 22.2809
      vertex -0.492321 1.93229 22.3902
    endloop
  endfacet
  facet normal -0.321142 0.775838 0.543086
    outer loop
      vertex -0.13174 34.1883 -23
      vertex -0.180444 2.06995 22.8546
      vertex -0.13174 2.08339 22.8642
    endloop
  endfacet
  facet normal -0.322073 0.77558 0.542904
    outer loop
      vertex -0.13174 34.1883 -23
      vertex -0.193544 2.06633 22.852
      vertex -0.180444 2.06995 22.8546
    endloop
  endfacet
  facet normal -0.321339 0.775783 0.543048
    outer loop
      vertex -0.193544 2.06633 22.852
      vertex -0.13174 34.1883 -23
      vertex -0.193544 34.1627 -23
    endloop
  endfacet
  facet normal 0.959668 0.230316 0.161221
    outer loop
      vertex 0.480199 1.9352 22.4608
      vertex 0.462389 33.8319 -23
      vertex 0.462389 1.93948 22.5607
    endloop
  endfacet
  facet normal 0.959555 0.23063 0.161441
    outer loop
      vertex 0.462389 33.8319 -23
      vertex 0.480199 1.9352 22.4608
      vertex 0.480199 33.7578 -23
    endloop
  endfacet
  facet normal 0.99519 -0.0802572 -0.0561801
    outer loop
      vertex 0.492571 33.4977 -23
      vertex 0.492321 1.93229 22.089
      vertex 0.492321 33.4946 -23
    endloop
  endfacet
  facet normal 0.995415 -0.0783629 -0.0548539
    outer loop
      vertex 0.492321 1.93229 22.089
      vertex 0.492571 33.4977 -23
      vertex 0.498119 1.9309 22.1962
    endloop
  endfacet
  facet normal -0.800731 0.490739 0.343518
    outer loop
      vertex -0.411591 1.95168 22.7028
      vertex -0.373716 34.0055 -23
      vertex -0.411591 33.9437 -23
    endloop
  endfacet
  facet normal -0.800964 0.490485 0.343339
    outer loop
      vertex -0.373716 34.0055 -23
      vertex -0.411591 1.95168 22.7028
      vertex -0.373716 1.96397 22.7736
    endloop
  endfacet
  facet normal -0.803335 0.485018 0.345557
    outer loop
      vertex -0.373716 1.96397 22.7736
      vertex -0.411591 1.95168 22.7028
      vertex -0.377586 1.95984 22.7704
    endloop
  endfacet
  facet normal -0.193137 0.803808 0.562664
    outer loop
      vertex -0.0666904 34.2039 -23
      vertex -0.13174 2.08339 22.8642
      vertex -0.0666904 2.09468 22.8704
    endloop
  endfacet
  facet normal -0.19278 0.803865 0.562705
    outer loop
      vertex -0.13174 2.08339 22.8642
      vertex -0.0666904 34.2039 -23
      vertex -0.13174 34.1883 -23
    endloop
  endfacet
  facet normal 0.610539 0.64882 0.454174
    outer loop
      vertex 0.301454 34.0843 -23
      vertex 0.32664 2.00131 22.799
      vertex 0.32664 34.0606 -23
    endloop
  endfacet
  facet normal 0.609302 0.6496 0.454721
    outer loop
      vertex 0.32664 2.00131 22.799
      vertex 0.301454 34.0843 -23
      vertex 0.317887 2.00707 22.8025
    endloop
  endfacet
  facet normal 0.611937 0.647936 0.453555
    outer loop
      vertex 0.317887 2.00707 22.8025
      vertex 0.301454 34.0843 -23
      vertex 0.301454 2.01671 22.8109
    endloop
  endfacet
  facet normal 0.995417 -0.0783425 -0.0548397
    outer loop
      vertex 0.498458 33.5725 -23
      vertex 0.498119 1.9309 22.1962
      vertex 0.492571 33.4977 -23
    endloop
  endfacet
  facet normal 0.995465 -0.0779361 -0.0545551
    outer loop
      vertex 0.498119 1.9309 22.1962
      vertex 0.498458 33.5725 -23
      vertex 0.498458 1.93082 22.2025
    endloop
  endfacet
  facet normal -0.573325 0.671219 0.469854
    outer loop
      vertex -0.250585 34.1278 -23
      vertex -0.301454 2.01671 22.8109
      vertex -0.250585 2.04392 22.8341
    endloop
  endfacet
  facet normal -0.573768 0.670966 0.469675
    outer loop
      vertex -0.301454 2.01671 22.8109
      vertex -0.250585 34.1278 -23
      vertex -0.301454 34.0843 -23
    endloop
  endfacet
  facet normal 0.800964 0.490485 0.343339
    outer loop
      vertex 0.411591 1.95168 22.7028
      vertex 0.373716 34.0055 -23
      vertex 0.373716 1.96397 22.7736
    endloop
  endfacet
  facet normal 0.803335 0.485018 0.345557
    outer loop
      vertex 0.411591 1.95168 22.7028
      vertex 0.373716 1.96397 22.7736
      vertex 0.377586 1.95984 22.7704
    endloop
  endfacet
  facet normal 0.800731 0.490739 0.343518
    outer loop
      vertex 0.373716 34.0055 -23
      vertex 0.411591 1.95168 22.7028
      vertex 0.411591 33.9437 -23
    endloop
  endfacet
  facet normal 0.800604 -0.490879 -0.343615
    outer loop
      vertex 0.411591 33.2563 -23
      vertex 0.385778 1.95787 21.6519
      vertex 0.385778 33.2142 -23
    endloop
  endfacet
  facet normal 0.801149 -0.490282 -0.343197
    outer loop
      vertex 0.385778 1.95787 21.6519
      vertex 0.411591 33.2563 -23
      vertex 0.411591 1.95168 21.721
    endloop
  endfacet
  facet normal 0.962272 0.222905 0.156034
    outer loop
      vertex 0.492321 1.93229 22.3902
      vertex 0.480199 33.7578 -23
      vertex 0.480199 1.9352 22.4608
    endloop
  endfacet
  facet normal 0.962367 0.22263 0.155841
    outer loop
      vertex 0.480199 33.7578 -23
      vertex 0.492321 1.93229 22.3902
      vertex 0.492321 33.7054 -23
    endloop
  endfacet
  facet normal 0.995417 0.0783391 0.0548373
    outer loop
      vertex 0.498458 1.93082 22.2809
      vertex 0.492321 33.7054 -23
      vertex 0.492321 1.93229 22.3902
    endloop
  endfacet
  facet normal 0.995408 0.0784187 0.0548932
    outer loop
      vertex 0.492321 33.7054 -23
      vertex 0.498458 1.93082 22.2809
      vertex 0.498458 33.6275 -23
    endloop
  endfacet
  facet normal -1 0 0
    outer loop
      vertex -0.498458 1.93082 22.2025
      vertex -0.498458 33.6275 -23
      vertex -0.498458 33.5725 -23
    endloop
  endfacet
  facet normal -1 0 0
    outer loop
      vertex -0.498458 33.6275 -23
      vertex -0.498458 1.93082 22.2025
      vertex -0.498458 1.93082 22.2809
    endloop
  endfacet
  facet normal -0.959555 0.23063 0.161441
    outer loop
      vertex -0.480199 1.9352 22.4608
      vertex -0.462389 33.8319 -23
      vertex -0.480199 33.7578 -23
    endloop
  endfacet
  facet normal -0.959668 0.230316 0.161221
    outer loop
      vertex -0.462389 33.8319 -23
      vertex -0.480199 1.9352 22.4608
      vertex -0.462389 1.93948 22.5607
    endloop
  endfacet
  facet normal -0.892453 0.369589 0.258712
    outer loop
      vertex -0.462389 1.93948 22.5607
      vertex -0.433193 33.9024 -23
      vertex -0.462389 33.8319 -23
    endloop
  endfacet
  facet normal -0.892272 0.369882 0.258917
    outer loop
      vertex -0.433193 33.9024 -23
      vertex -0.462389 1.93948 22.5607
      vertex -0.433193 1.94649 22.6513
    endloop
  endfacet
  facet normal -0.842859 -0.440858 -0.3086
    outer loop
      vertex -0.411591 1.95168 21.721
      vertex -0.433193 33.2976 -23
      vertex -0.411591 33.2563 -23
    endloop
  endfacet
  facet normal -0.842385 -0.441465 -0.309026
    outer loop
      vertex -0.433193 33.2976 -23
      vertex -0.411591 1.95168 21.721
      vertex -0.433193 1.94649 21.7873
    endloop
  endfacet
  facet normal 0.0643579 0.817534 0.572273
    outer loop
      vertex 0.0666904 34.2039 -23
      vertex 0 2.09993 22.8704
      vertex 0.0666904 2.09468 22.8704
    endloop
  endfacet
  facet normal 0.0649682 0.817501 0.572251
    outer loop
      vertex 0 2.09993 22.8704
      vertex 0.0666904 34.2039 -23
      vertex 0 34.2092 -23
    endloop
  endfacet
  facet normal 0.19278 0.803865 0.562705
    outer loop
      vertex 0.0666904 34.2039 -23
      vertex 0.13174 2.08339 22.8642
      vertex 0.13174 34.1883 -23
    endloop
  endfacet
  facet normal 0.193137 0.803808 0.562664
    outer loop
      vertex 0.13174 2.08339 22.8642
      vertex 0.0666904 34.2039 -23
      vertex 0.0666904 2.09468 22.8704
    endloop
  endfacet
  facet normal -0.99519 -0.0802572 -0.0561801
    outer loop
      vertex -0.492321 1.93229 22.089
      vertex -0.492571 33.4977 -23
      vertex -0.492321 33.4946 -23
    endloop
  endfacet
  facet normal -0.995415 -0.0783629 -0.0548539
    outer loop
      vertex -0.492571 33.4977 -23
      vertex -0.492321 1.93229 22.089
      vertex -0.498119 1.9309 22.1962
    endloop
  endfacet
  facet normal -0.842858 0.440858 0.3086
    outer loop
      vertex -0.433193 1.94649 22.6513
      vertex -0.411591 33.9437 -23
      vertex -0.433193 33.9024 -23
    endloop
  endfacet
  facet normal -0.842503 0.441313 0.308919
    outer loop
      vertex -0.411591 33.9437 -23
      vertex -0.433193 1.94649 22.6513
      vertex -0.411591 1.95168 22.7028
    endloop
  endfacet
  facet normal -0.611937 0.647936 0.453555
    outer loop
      vertex -0.301454 34.0843 -23
      vertex -0.317887 2.00707 22.8025
      vertex -0.301454 2.01671 22.8109
    endloop
  endfacet
  facet normal -0.609302 0.6496 0.454721
    outer loop
      vertex -0.301454 34.0843 -23
      vertex -0.32664 2.00131 22.799
      vertex -0.317887 2.00707 22.8025
    endloop
  endfacet
  facet normal -0.610539 0.64882 0.454174
    outer loop
      vertex -0.32664 2.00131 22.799
      vertex -0.301454 34.0843 -23
      vertex -0.32664 34.0606 -23
    endloop
  endfacet
  facet normal -0.0643579 0.817534 0.572273
    outer loop
      vertex 0 34.2092 -23
      vertex -0.0666904 2.09468 22.8704
      vertex 0 2.09993 22.8704
    endloop
  endfacet
  facet normal -0.0649683 0.817502 0.57225
    outer loop
      vertex -0.0666904 2.09468 22.8704
      vertex 0 34.2092 -23
      vertex -0.0666904 34.2039 -23
    endloop
  endfacet
  facet normal -0.44851 0.732212 0.512548
    outer loop
      vertex -0.193544 34.1627 -23
      vertex -0.250585 2.04392 22.8341
      vertex -0.193544 2.06633 22.852
    endloop
  endfacet
  facet normal -0.4481 0.73238 0.512666
    outer loop
      vertex -0.250585 2.04392 22.8341
      vertex -0.193544 34.1627 -23
      vertex -0.250585 34.1278 -23
    endloop
  endfacet
  facet normal 0.842503 0.441313 0.308919
    outer loop
      vertex 0.433193 1.94649 22.6513
      vertex 0.411591 33.9437 -23
      vertex 0.411591 1.95168 22.7028
    endloop
  endfacet
  facet normal 0.842858 0.440858 0.3086
    outer loop
      vertex 0.411591 33.9437 -23
      vertex 0.433193 1.94649 22.6513
      vertex 0.433193 33.9024 -23
    endloop
  endfacet
  facet normal 0.892272 0.369882 0.258917
    outer loop
      vertex 0.462389 1.93948 22.5607
      vertex 0.433193 33.9024 -23
      vertex 0.433193 1.94649 22.6513
    endloop
  endfacet
  facet normal 0.892453 0.369589 0.258712
    outer loop
      vertex 0.433193 33.9024 -23
      vertex 0.462389 1.93948 22.5607
      vertex 0.462389 33.8319 -23
    endloop
  endfacet
  facet normal 0.321339 0.775783 0.543048
    outer loop
      vertex 0.13174 34.1883 -23
      vertex 0.193544 2.06633 22.852
      vertex 0.193544 34.1627 -23
    endloop
  endfacet
  facet normal 0.322073 0.77558 0.542904
    outer loop
      vertex 0.193544 2.06633 22.852
      vertex 0.13174 34.1883 -23
      vertex 0.180444 2.06995 22.8546
    endloop
  endfacet
  facet normal 0.321142 0.775838 0.543086
    outer loop
      vertex 0.180444 2.06995 22.8546
      vertex 0.13174 34.1883 -23
      vertex 0.13174 2.08339 22.8642
    endloop
  endfacet
  facet normal 0.4481 0.73238 0.512666
    outer loop
      vertex 0.193544 34.1627 -23
      vertex 0.250585 2.04392 22.8341
      vertex 0.250585 34.1278 -23
    endloop
  endfacet
  facet normal 0.44851 0.732212 0.512548
    outer loop
      vertex 0.250585 2.04392 22.8341
      vertex 0.193544 34.1627 -23
      vertex 0.193544 2.06633 22.852
    endloop
  endfacet
  facet normal 1 -0 0
    outer loop
      vertex 0.498458 1.93082 22.2025
      vertex 0.498458 33.6275 -23
      vertex 0.498458 1.93082 22.2809
    endloop
  endfacet
  facet normal 1 0 0
    outer loop
      vertex 0.498458 33.6275 -23
      vertex 0.498458 1.93082 22.2025
      vertex 0.498458 33.5725 -23
    endloop
  endfacet
  facet normal 0.962367 -0.22263 -0.155841
    outer loop
      vertex 0.492321 33.4946 -23
      vertex 0.480199 1.9352 22.01
      vertex 0.480199 33.4422 -23
    endloop
  endfacet
  facet normal 0.962353 -0.222669 -0.155868
    outer loop
      vertex 0.480199 1.9352 22.01
      vertex 0.492321 33.4946 -23
      vertex 0.492321 1.93229 22.089
    endloop
  endfacet
  facet normal -0.995417 -0.0783425 -0.0548397
    outer loop
      vertex -0.498119 1.9309 22.1962
      vertex -0.498458 33.5725 -23
      vertex -0.492571 33.4977 -23
    endloop
  endfacet
  facet normal -0.995465 -0.0779361 -0.0545551
    outer loop
      vertex -0.498458 33.5725 -23
      vertex -0.498119 1.9309 22.1962
      vertex -0.498458 1.93082 22.2025
    endloop
  endfacet
  facet normal -0.892453 -0.369589 -0.258713
    outer loop
      vertex -0.433193 1.94649 21.7873
      vertex -0.462389 33.3681 -23
      vertex -0.433193 33.2976 -23
    endloop
  endfacet
  facet normal -0.892401 -0.369673 -0.258771
    outer loop
      vertex -0.462389 33.3681 -23
      vertex -0.433193 1.94649 21.7873
      vertex -0.462389 1.93948 21.898
    endloop
  endfacet
  facet normal 0.573768 0.670966 0.469675
    outer loop
      vertex 0.250585 34.1278 -23
      vertex 0.301454 2.01671 22.8109
      vertex 0.301454 34.0843 -23
    endloop
  endfacet
  facet normal 0.573325 0.671219 0.469854
    outer loop
      vertex 0.301454 2.01671 22.8109
      vertex 0.250585 34.1278 -23
      vertex 0.250585 2.04392 22.8341
    endloop
  endfacet
  facet normal 0.692107 0.591318 0.413922
    outer loop
      vertex 0.32664 2.00131 22.799
      vertex 0.373716 34.0055 -23
      vertex 0.32664 34.0606 -23
    endloop
  endfacet
  facet normal 0.692294 0.59117 0.413819
    outer loop
      vertex 0.371847 1.96545 22.7746
      vertex 0.373716 34.0055 -23
      vertex 0.32664 2.00131 22.799
    endloop
  endfacet
  facet normal 0.690856 0.592298 0.414609
    outer loop
      vertex 0.373716 34.0055 -23
      vertex 0.371847 1.96545 22.7746
      vertex 0.373716 1.96397 22.7736
    endloop
  endfacet
  facet normal 0.959555 -0.23063 -0.161441
    outer loop
      vertex 0.480199 33.4422 -23
      vertex 0.462389 1.93948 21.898
      vertex 0.462389 33.3681 -23
    endloop
  endfacet
  facet normal 0.959576 -0.230573 -0.161401
    outer loop
      vertex 0.462389 1.93948 21.898
      vertex 0.480199 33.4422 -23
      vertex 0.480199 1.9352 22.01
    endloop
  endfacet
  facet normal 0.892453 -0.369589 -0.258713
    outer loop
      vertex 0.462389 33.3681 -23
      vertex 0.433193 1.94649 21.7873
      vertex 0.433193 33.2976 -23
    endloop
  endfacet
  facet normal 0.892401 -0.369673 -0.258771
    outer loop
      vertex 0.433193 1.94649 21.7873
      vertex 0.462389 33.3681 -23
      vertex 0.462389 1.93948 21.898
    endloop
  endfacet
  facet normal -0.692107 0.591318 0.413922
    outer loop
      vertex -0.373716 34.0055 -23
      vertex -0.32664 2.00131 22.799
      vertex -0.32664 34.0606 -23
    endloop
  endfacet
  facet normal -0.692294 0.59117 0.413819
    outer loop
      vertex -0.373716 34.0055 -23
      vertex -0.371847 1.96545 22.7746
      vertex -0.32664 2.00131 22.799
    endloop
  endfacet
  facet normal -0.690856 0.592298 0.414609
    outer loop
      vertex -0.371847 1.96545 22.7746
      vertex -0.373716 34.0055 -23
      vertex -0.373716 1.96397 22.7736
    endloop
  endfacet
  facet normal 0.842859 -0.440858 -0.3086
    outer loop
      vertex 0.433193 33.2976 -23
      vertex 0.411591 1.95168 21.721
      vertex 0.411591 33.2563 -23
    endloop
  endfacet
  facet normal 0.842385 -0.441465 -0.309026
    outer loop
      vertex 0.411591 1.95168 21.721
      vertex 0.433193 33.2976 -23
      vertex 0.433193 1.94649 21.7873
    endloop
  endfacet
  facet normal -0.800604 -0.490879 -0.343615
    outer loop
      vertex -0.385778 1.95787 21.6519
      vertex -0.411591 33.2563 -23
      vertex -0.385778 33.2142 -23
    endloop
  endfacet
  facet normal -0.801149 -0.490282 -0.343197
    outer loop
      vertex -0.411591 33.2563 -23
      vertex -0.385778 1.95787 21.6519
      vertex -0.411591 1.95168 21.721
    endloop
  endfacet
  facet normal -0.959555 -0.23063 -0.161441
    outer loop
      vertex -0.462389 1.93948 21.898
      vertex -0.480199 33.4422 -23
      vertex -0.462389 33.3681 -23
    endloop
  endfacet
  facet normal -0.959576 -0.230573 -0.161401
    outer loop
      vertex -0.480199 33.4422 -23
      vertex -0.462389 1.93948 21.898
      vertex -0.480199 1.9352 22.01
    endloop
  endfacet
  facet normal -0.962367 -0.22263 -0.155841
    outer loop
      vertex -0.480199 1.9352 22.01
      vertex -0.492321 33.4946 -23
      vertex -0.480199 33.4422 -23
    endloop
  endfacet
  facet normal -0.962353 -0.222669 -0.155868
    outer loop
      vertex -0.492321 33.4946 -23
      vertex -0.480199 1.9352 22.01
      vertex -0.492321 1.93229 22.089
    endloop
  endfacet
  facet normal -1 0 0
    outer loop
      vertex -37 -2 -27
      vertex -37 2 -23
      vertex -37 2 -27
    endloop
  endfacet
  facet normal -1 -0 0
    outer loop
      vertex -37 2 -23
      vertex -37 -2 -27
      vertex -37 -2 -23
    endloop
  endfacet
  facet normal 0 0 1
    outer loop
      vertex -33.4946 0.492321 -23
      vertex -33 0.6 -23
      vertex -33 2 -23
    endloop
  endfacet
  facet normal 0 0 1
    outer loop
      vertex -33 0.6 -23
      vertex -33.2563 0.411591 -23
      vertex -33.2142 0.385778 -23
    endloop
  endfacet
  facet normal 0 0 1
    outer loop
      vertex -33 0.6 -23
      vertex -33.2976 0.433193 -23
      vertex -33.2563 0.411591 -23
    endloop
  endfacet
  facet normal 0 0 1
    outer loop
      vertex -33 0.6 -23
      vertex -33.3681 0.462389 -23
      vertex -33.2976 0.433193 -23
    endloop
  endfacet
  facet normal 0 0 1
    outer loop
      vertex -33 0.6 -23
      vertex -33.4422 0.480199 -23
      vertex -33.3681 0.462389 -23
    endloop
  endfacet
  facet normal 0 0 1
    outer loop
      vertex -33 0.6 -23
      vertex -33.4946 0.492321 -23
      vertex -33.4422 0.480199 -23
    endloop
  endfacet
  facet normal 0 0 1
    outer loop
      vertex -33 2 -23
      vertex -33.4977 0.492571 -23
      vertex -33.4946 0.492321 -23
    endloop
  endfacet
  facet normal 0 0 1
    outer loop
      vertex -33 2 -23
      vertex -33.5725 0.498458 -23
      vertex -33.4977 0.492571 -23
    endloop
  endfacet
  facet normal 0 0 1
    outer loop
      vertex -33 2 -23
      vertex -33.6275 0.498458 -23
      vertex -33.5725 0.498458 -23
    endloop
  endfacet
  facet normal 0 0 1
    outer loop
      vertex -33 2 -23
      vertex -33.7054 0.492321 -23
      vertex -33.6275 0.498458 -23
    endloop
  endfacet
  facet normal 0 0 1
    outer loop
      vertex -33 2 -23
      vertex -33.7578 0.480199 -23
      vertex -33.7054 0.492321 -23
    endloop
  endfacet
  facet normal 0 0 1
    outer loop
      vertex -33 2 -23
      vertex -33.8319 0.462389 -23
      vertex -33.7578 0.480199 -23
    endloop
  endfacet
  facet normal 0 0 1
    outer loop
      vertex -33 2 -23
      vertex -33.9024 0.433193 -23
      vertex -33.8319 0.462389 -23
    endloop
  endfacet
  facet normal 0 0 1
    outer loop
      vertex -33 2 -23
      vertex -33.9437 0.411591 -23
      vertex -33.9024 0.433193 -23
    endloop
  endfacet
  facet normal -0 0 1
    outer loop
      vertex -37 2 -23
      vertex -33.9437 0.411591 -23
      vertex -33 2 -23
    endloop
  endfacet
  facet normal 0 0 1
    outer loop
      vertex -33.9437 0.411591 -23
      vertex -37 2 -23
      vertex -34.0055 0.373716 -23
    endloop
  endfacet
  facet normal 0 0 1
    outer loop
      vertex -34.0055 0.373716 -23
      vertex -37 2 -23
      vertex -34.0606 0.32664 -23
    endloop
  endfacet
  facet normal 0 0 1
    outer loop
      vertex -34.0606 0.32664 -23
      vertex -37 2 -23
      vertex -34.0843 0.301454 -23
    endloop
  endfacet
  facet normal 0 0 1
    outer loop
      vertex -34.2039 0.0666904 -23
      vertex -37 2 -23
      vertex -34.2092 0 -23
    endloop
  endfacet
  facet normal 0 0 1
    outer loop
      vertex -34.1883 0.13174 -23
      vertex -37 2 -23
      vertex -34.2039 0.0666904 -23
    endloop
  endfacet
  facet normal 0 0 1
    outer loop
      vertex -34.1627 0.193544 -23
      vertex -37 2 -23
      vertex -34.1883 0.13174 -23
    endloop
  endfacet
  facet normal 0 0 1
    outer loop
      vertex -34.1278 0.250585 -23
      vertex -37 2 -23
      vertex -34.1627 0.193544 -23
    endloop
  endfacet
  facet normal 0 0 1
    outer loop
      vertex -34.0843 0.301454 -23
      vertex -37 2 -23
      vertex -34.1278 0.250585 -23
    endloop
  endfacet
  facet normal -0 0 1
    outer loop
      vertex -33.2563 -0.411591 -23
      vertex -33 -0.6 -23
      vertex -33.2142 -0.385778 -23
    endloop
  endfacet
  facet normal -0 0 1
    outer loop
      vertex -33.2976 -0.433193 -23
      vertex -33 -0.6 -23
      vertex -33.2563 -0.411591 -23
    endloop
  endfacet
  facet normal -0 0 1
    outer loop
      vertex -33.3681 -0.462389 -23
      vertex -33 -0.6 -23
      vertex -33.2976 -0.433193 -23
    endloop
  endfacet
  facet normal -0 0 1
    outer loop
      vertex -33.4422 -0.480199 -23
      vertex -33 -0.6 -23
      vertex -33.3681 -0.462389 -23
    endloop
  endfacet
  facet normal -0 0 1
    outer loop
      vertex -33.4946 -0.492321 -23
      vertex -33 -0.6 -23
      vertex -33.4422 -0.480199 -23
    endloop
  endfacet
  facet normal 0 0 1
    outer loop
      vertex -33 -0.6 -23
      vertex -33.4946 -0.492321 -23
      vertex -33 -2 -23
    endloop
  endfacet
  facet normal -0 0 1
    outer loop
      vertex -33.4977 -0.492571 -23
      vertex -33 -2 -23
      vertex -33.4946 -0.492321 -23
    endloop
  endfacet
  facet normal -0 0 1
    outer loop
      vertex -33.5725 -0.498458 -23
      vertex -33 -2 -23
      vertex -33.4977 -0.492571 -23
    endloop
  endfacet
  facet normal -0 0 1
    outer loop
      vertex -33.6275 -0.498458 -23
      vertex -33 -2 -23
      vertex -33.5725 -0.498458 -23
    endloop
  endfacet
  facet normal 0 0 1
    outer loop
      vertex -33.7054 -0.492321 -23
      vertex -33 -2 -23
      vertex -33.6275 -0.498458 -23
    endloop
  endfacet
  facet normal 0 0 1
    outer loop
      vertex -33.7578 -0.480199 -23
      vertex -33 -2 -23
      vertex -33.7054 -0.492321 -23
    endloop
  endfacet
  facet normal 0 0 1
    outer loop
      vertex -33.8319 -0.462389 -23
      vertex -33 -2 -23
      vertex -33.7578 -0.480199 -23
    endloop
  endfacet
  facet normal 0 0 1
    outer loop
      vertex -33.9024 -0.433193 -23
      vertex -33 -2 -23
      vertex -33.8319 -0.462389 -23
    endloop
  endfacet
  facet normal 0 0 1
    outer loop
      vertex -33.9437 -0.411591 -23
      vertex -33 -2 -23
      vertex -33.9024 -0.433193 -23
    endloop
  endfacet
  facet normal 0 0 1
    outer loop
      vertex -37 -2 -23
      vertex -33.9437 -0.411591 -23
      vertex -34.0055 -0.373716 -23
    endloop
  endfacet
  facet normal 0 0 1
    outer loop
      vertex -37 -2 -23
      vertex -34.0055 -0.373716 -23
      vertex -34.0606 -0.32664 -23
    endloop
  endfacet
  facet normal 0 0 1
    outer loop
      vertex -37 -2 -23
      vertex -34.0606 -0.32664 -23
      vertex -34.0843 -0.301454 -23
    endloop
  endfacet
  facet normal 0 0 1
    outer loop
      vertex -37 -2 -23
      vertex -34.0843 -0.301454 -23
      vertex -34.1278 -0.250585 -23
    endloop
  endfacet
  facet normal 0 0 1
    outer loop
      vertex -37 -2 -23
      vertex -34.2092 0 -23
      vertex -37 2 -23
    endloop
  endfacet
  facet normal 0 0 1
    outer loop
      vertex -34.2092 0 -23
      vertex -37 -2 -23
      vertex -34.2039 -0.0666904 -23
    endloop
  endfacet
  facet normal 0 0 1
    outer loop
      vertex -34.2039 -0.0666904 -23
      vertex -37 -2 -23
      vertex -34.1883 -0.13174 -23
    endloop
  endfacet
  facet normal 0 0 1
    outer loop
      vertex -34.1883 -0.13174 -23
      vertex -37 -2 -23
      vertex -34.1627 -0.193544 -23
    endloop
  endfacet
  facet normal 0 0 1
    outer loop
      vertex -34.1627 -0.193544 -23
      vertex -37 -2 -23
      vertex -34.1278 -0.250585 -23
    endloop
  endfacet
  facet normal 0 0 1
    outer loop
      vertex -33.9437 -0.411591 -23
      vertex -37 -2 -23
      vertex -33 -2 -23
    endloop
  endfacet
  facet normal 0 0 -1
    outer loop
      vertex -37 -2 -27
      vertex -33 2 -27
      vertex -33 -2 -27
    endloop
  endfacet
  facet normal -0 0 -1
    outer loop
      vertex -33 2 -27
      vertex -37 -2 -27
      vertex -37 2 -27
    endloop
  endfacet
  facet normal 1 -0 0
    outer loop
      vertex -33 -2 -23
      vertex -33 -2 -25
      vertex -33 -0.6 -23
    endloop
  endfacet
  facet normal 1 0 0
    outer loop
      vertex -33 2 -23
      vertex -33 0.6 -23
      vertex -33 2 -25
    endloop
  endfacet
  facet normal 1 0 0
    outer loop
      vertex -33 0 -24.1429
      vertex -33 2 -27
      vertex -33 2 -25
    endloop
  endfacet
  facet normal 1 0 0
    outer loop
      vertex -33 -2 -27
      vertex -33 0 -24.1429
      vertex -33 -2 -25
    endloop
  endfacet
  facet normal 1 0 0
    outer loop
      vertex -33 0 -24.1429
      vertex -33 -2 -27
      vertex -33 2 -27
    endloop
  endfacet
  facet normal 0 -1 0
    outer loop
      vertex -37 -2 -23
      vertex -33 -2 -25
      vertex -33 -2 -23
    endloop
  endfacet
  facet normal 0 -1 0
    outer loop
      vertex -37 -2 -27
      vertex -33 -2 -25
      vertex -37 -2 -23
    endloop
  endfacet
  facet normal 0 -1 -0
    outer loop
      vertex -33 -2 -25
      vertex -37 -2 -27
      vertex -33 -2 -27
    endloop
  endfacet
  facet normal 0 1 -0
    outer loop
      vertex -33 2 -25
      vertex -37 2 -23
      vertex -33 2 -23
    endloop
  endfacet
  facet normal 0 1 0
    outer loop
      vertex -37 2 -27
      vertex -33 2 -25
      vertex -33 2 -27
    endloop
  endfacet
  facet normal 0 1 0
    outer loop
      vertex -33 2 -25
      vertex -37 2 -27
      vertex -37 2 -23
    endloop
  endfacet
  facet normal -0.222905 -0.962272 0.156034
    outer loop
      vertex -33.7578 -0.480199 -23
      vertex -1.93229 -0.492321 22.3902
      vertex -1.9352 -0.480199 22.4608
    endloop
  endfacet
  facet normal -0.22263 -0.962367 0.155841
    outer loop
      vertex -1.93229 -0.492321 22.3902
      vertex -33.7578 -0.480199 -23
      vertex -33.7054 -0.492321 -23
    endloop
  endfacet
  facet normal -0.485018 -0.803335 0.345557
    outer loop
      vertex -1.96397 -0.373716 22.7736
      vertex -1.95168 -0.411591 22.7028
      vertex -1.95984 -0.377586 22.7704
    endloop
  endfacet
  facet normal -0.490485 -0.800964 0.343339
    outer loop
      vertex -34.0055 -0.373716 -23
      vertex -1.95168 -0.411591 22.7028
      vertex -1.96397 -0.373716 22.7736
    endloop
  endfacet
  facet normal -0.490739 -0.800731 0.343518
    outer loop
      vertex -1.95168 -0.411591 22.7028
      vertex -34.0055 -0.373716 -23
      vertex -33.9437 -0.411591 -23
    endloop
  endfacet
  facet normal 0.441465 -0.842385 -0.309026
    outer loop
      vertex -33.2976 -0.433193 -23
      vertex -1.95168 -0.411591 21.721
      vertex -1.94649 -0.433193 21.7873
    endloop
  endfacet
  facet normal 0.440858 -0.842859 -0.3086
    outer loop
      vertex -1.95168 -0.411591 21.721
      vertex -33.2976 -0.433193 -23
      vertex -33.2563 -0.411591 -23
    endloop
  endfacet
  facet normal -0.73238 0.4481 0.512666
    outer loop
      vertex -34.1627 0.193544 -23
      vertex -2.04392 0.250585 22.8341
      vertex -34.1278 0.250585 -23
    endloop
  endfacet
  facet normal -0.732212 0.44851 0.512548
    outer loop
      vertex -2.04392 0.250585 22.8341
      vertex -34.1627 0.193544 -23
      vertex -2.06633 0.193544 22.852
    endloop
  endfacet
  facet normal -0.0783391 -0.995417 0.0548373
    outer loop
      vertex -33.7054 -0.492321 -23
      vertex -1.93082 -0.498458 22.2809
      vertex -1.93229 -0.492321 22.3902
    endloop
  endfacet
  facet normal -0.0784187 -0.995408 0.0548932
    outer loop
      vertex -1.93082 -0.498458 22.2809
      vertex -33.7054 -0.492321 -23
      vertex -33.6275 -0.498458 -23
    endloop
  endfacet
  facet normal 0.0779361 -0.995465 -0.0545551
    outer loop
      vertex -33.5725 -0.498458 -23
      vertex -1.9309 -0.498119 22.1962
      vertex -1.93082 -0.498458 22.2025
    endloop
  endfacet
  facet normal 0.0783425 -0.995417 -0.0548397
    outer loop
      vertex -1.9309 -0.498119 22.1962
      vertex -33.5725 -0.498458 -23
      vertex -33.4977 -0.492571 -23
    endloop
  endfacet
  facet normal -0.369589 0.892453 0.258712
    outer loop
      vertex -33.9024 0.433193 -23
      vertex -1.93948 0.462389 22.5607
      vertex -33.8319 0.462389 -23
    endloop
  endfacet
  facet normal -0.369882 0.892272 0.258917
    outer loop
      vertex -1.93948 0.462389 22.5607
      vertex -33.9024 0.433193 -23
      vertex -1.94649 0.433193 22.6513
    endloop
  endfacet
  facet normal 0.0802572 0.99519 -0.0561801
    outer loop
      vertex -33.4977 0.492571 -23
      vertex -1.93229 0.492321 22.089
      vertex -33.4946 0.492321 -23
    endloop
  endfacet
  facet normal 0.0783629 0.995415 -0.0548539
    outer loop
      vertex -1.93229 0.492321 22.089
      vertex -33.4977 0.492571 -23
      vertex -1.9309 0.498119 22.1962
    endloop
  endfacet
  facet normal -0.369882 -0.892272 0.258917
    outer loop
      vertex -33.9024 -0.433193 -23
      vertex -1.93948 -0.462389 22.5607
      vertex -1.94649 -0.433193 22.6513
    endloop
  endfacet
  facet normal -0.369589 -0.892453 0.258712
    outer loop
      vertex -1.93948 -0.462389 22.5607
      vertex -33.9024 -0.433193 -23
      vertex -33.8319 -0.462389 -23
    endloop
  endfacet
  facet normal -0.803865 -0.19278 0.562705
    outer loop
      vertex -2.08339 -0.13174 22.8642
      vertex -34.2039 -0.0666904 -23
      vertex -34.1883 -0.13174 -23
    endloop
  endfacet
  facet normal -0.803808 -0.193137 0.562664
    outer loop
      vertex -34.2039 -0.0666904 -23
      vertex -2.08339 -0.13174 22.8642
      vertex -2.09468 -0.0666904 22.8704
    endloop
  endfacet
  facet normal 0.490282 -0.801149 -0.343197
    outer loop
      vertex -33.2563 -0.411591 -23
      vertex -1.95787 -0.385778 21.6519
      vertex -1.95168 -0.411591 21.721
    endloop
  endfacet
  facet normal 0.490879 -0.800604 -0.343615
    outer loop
      vertex -1.95787 -0.385778 21.6519
      vertex -33.2563 -0.411591 -23
      vertex -33.2142 -0.385778 -23
    endloop
  endfacet
  facet normal -0.591318 -0.692107 0.413922
    outer loop
      vertex -34.0055 -0.373716 -23
      vertex -2.00131 -0.32664 22.799
      vertex -34.0606 -0.32664 -23
    endloop
  endfacet
  facet normal -0.59117 -0.692294 0.413819
    outer loop
      vertex -2.00131 -0.32664 22.799
      vertex -34.0055 -0.373716 -23
      vertex -1.96545 -0.371847 22.7746
    endloop
  endfacet
  facet normal -0.592298 -0.690856 0.414609
    outer loop
      vertex -1.96545 -0.371847 22.7746
      vertex -34.0055 -0.373716 -23
      vertex -1.96397 -0.373716 22.7736
    endloop
  endfacet
  facet normal 0.440858 0.842859 -0.3086
    outer loop
      vertex -33.2976 0.433193 -23
      vertex -1.95168 0.411591 21.721
      vertex -33.2563 0.411591 -23
    endloop
  endfacet
  facet normal 0.441465 0.842385 -0.309026
    outer loop
      vertex -1.95168 0.411591 21.721
      vertex -33.2976 0.433193 -23
      vertex -1.94649 0.433193 21.7873
    endloop
  endfacet
  facet normal -0.775838 -0.321142 0.543086
    outer loop
      vertex -34.1883 -0.13174 -23
      vertex -2.06995 -0.180444 22.8546
      vertex -2.08339 -0.13174 22.8642
    endloop
  endfacet
  facet normal -0.775783 -0.321339 0.543048
    outer loop
      vertex -2.06633 -0.193544 22.852
      vertex -34.1883 -0.13174 -23
      vertex -34.1627 -0.193544 -23
    endloop
  endfacet
  facet normal -0.77558 -0.322073 0.542904
    outer loop
      vertex -34.1883 -0.13174 -23
      vertex -2.06633 -0.193544 22.852
      vertex -2.06995 -0.180444 22.8546
    endloop
  endfacet
  facet normal -0.803865 0.19278 0.562705
    outer loop
      vertex -34.2039 0.0666904 -23
      vertex -2.08339 0.13174 22.8642
      vertex -34.1883 0.13174 -23
    endloop
  endfacet
  facet normal -0.803808 0.193137 0.562664
    outer loop
      vertex -2.08339 0.13174 22.8642
      vertex -34.2039 0.0666904 -23
      vertex -2.09468 0.0666904 22.8704
    endloop
  endfacet
  facet normal -0.485018 0.803335 0.345557
    outer loop
      vertex -1.95168 0.411591 22.7028
      vertex -1.96397 0.373716 22.7736
      vertex -1.95984 0.377586 22.7704
    endloop
  endfacet
  facet normal -0.490739 0.800731 0.343518
    outer loop
      vertex -34.0055 0.373716 -23
      vertex -1.95168 0.411591 22.7028
      vertex -33.9437 0.411591 -23
    endloop
  endfacet
  facet normal -0.490485 0.800964 0.343339
    outer loop
      vertex -1.95168 0.411591 22.7028
      vertex -34.0055 0.373716 -23
      vertex -1.96397 0.373716 22.7736
    endloop
  endfacet
  facet normal -0.22263 0.962367 0.155841
    outer loop
      vertex -33.7578 0.480199 -23
      vertex -1.93229 0.492321 22.3902
      vertex -33.7054 0.492321 -23
    endloop
  endfacet
  facet normal -0.222905 0.962272 0.156034
    outer loop
      vertex -1.93229 0.492321 22.3902
      vertex -33.7578 0.480199 -23
      vertex -1.9352 0.480199 22.4608
    endloop
  endfacet
  facet normal -0.230316 -0.959668 0.161221
    outer loop
      vertex -33.8319 -0.462389 -23
      vertex -1.9352 -0.480199 22.4608
      vertex -1.93948 -0.462389 22.5607
    endloop
  endfacet
  facet normal -0.23063 -0.959555 0.161441
    outer loop
      vertex -1.9352 -0.480199 22.4608
      vertex -33.8319 -0.462389 -23
      vertex -33.7578 -0.480199 -23
    endloop
  endfacet
  facet normal -0.441313 -0.842503 0.308919
    outer loop
      vertex -33.9437 -0.411591 -23
      vertex -1.94649 -0.433193 22.6513
      vertex -1.95168 -0.411591 22.7028
    endloop
  endfacet
  facet normal -0.440858 -0.842858 0.3086
    outer loop
      vertex -1.94649 -0.433193 22.6513
      vertex -33.9437 -0.411591 -23
      vertex -33.9024 -0.433193 -23
    endloop
  endfacet
  facet normal 0.369673 -0.892401 -0.258771
    outer loop
      vertex -33.3681 -0.462389 -23
      vertex -1.94649 -0.433193 21.7873
      vertex -1.93948 -0.462389 21.898
    endloop
  endfacet
  facet normal 0.369589 -0.892453 -0.258713
    outer loop
      vertex -1.94649 -0.433193 21.7873
      vertex -33.3681 -0.462389 -23
      vertex -33.2976 -0.433193 -23
    endloop
  endfacet
  facet normal 0.0783629 -0.995415 -0.0548539
    outer loop
      vertex -33.4977 -0.492571 -23
      vertex -1.93229 -0.492321 22.089
      vertex -1.9309 -0.498119 22.1962
    endloop
  endfacet
  facet normal 0.0802572 -0.99519 -0.0561801
    outer loop
      vertex -1.93229 -0.492321 22.089
      vertex -33.4977 -0.492571 -23
      vertex -33.4946 -0.492321 -23
    endloop
  endfacet
  facet normal -0.817502 0.0649683 0.57225
    outer loop
      vertex -34.2092 0 -23
      vertex -2.09468 0.0666904 22.8704
      vertex -34.2039 0.0666904 -23
    endloop
  endfacet
  facet normal -0.817534 0.0643579 0.572273
    outer loop
      vertex -2.09468 0.0666904 22.8704
      vertex -34.2092 0 -23
      vertex -2.09993 0 22.8704
    endloop
  endfacet
  facet normal -0.64882 0.610539 0.454174
    outer loop
      vertex -34.0843 0.301454 -23
      vertex -2.00131 0.32664 22.799
      vertex -34.0606 0.32664 -23
    endloop
  endfacet
  facet normal -0.6496 0.609302 0.454721
    outer loop
      vertex -2.00131 0.32664 22.799
      vertex -34.0843 0.301454 -23
      vertex -2.00707 0.317887 22.8025
    endloop
  endfacet
  facet normal -0.647936 0.611937 0.453555
    outer loop
      vertex -2.00707 0.317887 22.8025
      vertex -34.0843 0.301454 -23
      vertex -2.01671 0.301454 22.8109
    endloop
  endfacet
  facet normal 0.22263 0.962367 -0.155841
    outer loop
      vertex -33.4946 0.492321 -23
      vertex -1.9352 0.480199 22.01
      vertex -33.4422 0.480199 -23
    endloop
  endfacet
  facet normal 0.222669 0.962353 -0.155868
    outer loop
      vertex -1.9352 0.480199 22.01
      vertex -33.4946 0.492321 -23
      vertex -1.93229 0.492321 22.089
    endloop
  endfacet
  facet normal 0.23063 0.959555 -0.161441
    outer loop
      vertex -33.4422 0.480199 -23
      vertex -1.93948 0.462389 21.898
      vertex -33.3681 0.462389 -23
    endloop
  endfacet
  facet normal 0.230573 0.959576 -0.161401
    outer loop
      vertex -1.93948 0.462389 21.898
      vertex -33.4422 0.480199 -23
      vertex -1.9352 0.480199 22.01
    endloop
  endfacet
  facet normal -0.0784187 0.995408 0.0548932
    outer loop
      vertex -33.7054 0.492321 -23
      vertex -1.93082 0.498458 22.2809
      vertex -33.6275 0.498458 -23
    endloop
  endfacet
  facet normal -0.0783391 0.995417 0.0548373
    outer loop
      vertex -1.93082 0.498458 22.2809
      vertex -33.7054 0.492321 -23
      vertex -1.93229 0.492321 22.3902
    endloop
  endfacet
  facet normal -0.817501 -0.0649682 0.572251
    outer loop
      vertex -34.2039 -0.0666904 -23
      vertex -2.09993 0 22.8704
      vertex -34.2092 0 -23
    endloop
  endfacet
  facet normal -0.817534 -0.0643579 0.572273
    outer loop
      vertex -2.09993 0 22.8704
      vertex -34.2039 -0.0666904 -23
      vertex -2.09468 -0.0666904 22.8704
    endloop
  endfacet
  facet normal -0.647936 -0.611937 0.453555
    outer loop
      vertex -34.0843 -0.301454 -23
      vertex -2.00707 -0.317887 22.8025
      vertex -2.01671 -0.301454 22.8109
    endloop
  endfacet
  facet normal -0.64882 -0.610539 0.454174
    outer loop
      vertex -2.00131 -0.32664 22.799
      vertex -34.0843 -0.301454 -23
      vertex -34.0606 -0.32664 -23
    endloop
  endfacet
  facet normal -0.6496 -0.609302 0.454721
    outer loop
      vertex -34.0843 -0.301454 -23
      vertex -2.00131 -0.32664 22.799
      vertex -2.00707 -0.317887 22.8025
    endloop
  endfacet
  facet normal -0.440858 0.842858 0.3086
    outer loop
      vertex -33.9437 0.411591 -23
      vertex -1.94649 0.433193 22.6513
      vertex -33.9024 0.433193 -23
    endloop
  endfacet
  facet normal -0.441313 0.842503 0.308919
    outer loop
      vertex -1.94649 0.433193 22.6513
      vertex -33.9437 0.411591 -23
      vertex -1.95168 0.411591 22.7028
    endloop
  endfacet
  facet normal -0.670966 0.573768 0.469675
    outer loop
      vertex -34.1278 0.250585 -23
      vertex -2.01671 0.301454 22.8109
      vertex -34.0843 0.301454 -23
    endloop
  endfacet
  facet normal -0.671219 0.573325 0.469854
    outer loop
      vertex -2.01671 0.301454 22.8109
      vertex -34.1278 0.250585 -23
      vertex -2.04392 0.250585 22.8341
    endloop
  endfacet
  facet normal -0.23063 0.959555 0.161441
    outer loop
      vertex -33.8319 0.462389 -23
      vertex -1.9352 0.480199 22.4608
      vertex -33.7578 0.480199 -23
    endloop
  endfacet
  facet normal -0.230316 0.959668 0.161221
    outer loop
      vertex -1.9352 0.480199 22.4608
      vertex -33.8319 0.462389 -23
      vertex -1.93948 0.462389 22.5607
    endloop
  endfacet
  facet normal -0.775783 0.321339 0.543048
    outer loop
      vertex -34.1883 0.13174 -23
      vertex -2.06633 0.193544 22.852
      vertex -34.1627 0.193544 -23
    endloop
  endfacet
  facet normal -0.77558 0.322073 0.542904
    outer loop
      vertex -2.06633 0.193544 22.852
      vertex -34.1883 0.13174 -23
      vertex -2.06995 0.180444 22.8546
    endloop
  endfacet
  facet normal -0.775838 0.321142 0.543086
    outer loop
      vertex -2.06995 0.180444 22.8546
      vertex -34.1883 0.13174 -23
      vertex -2.08339 0.13174 22.8642
    endloop
  endfacet
  facet normal 0 1 0
    outer loop
      vertex -33.6275 0.498458 -23
      vertex -1.93082 0.498458 22.2025
      vertex -33.5725 0.498458 -23
    endloop
  endfacet
  facet normal 0 1 -0
    outer loop
      vertex -1.93082 0.498458 22.2025
      vertex -33.6275 0.498458 -23
      vertex -1.93082 0.498458 22.2809
    endloop
  endfacet
  facet normal 0.0783425 0.995417 -0.0548397
    outer loop
      vertex -33.5725 0.498458 -23
      vertex -1.9309 0.498119 22.1962
      vertex -33.4977 0.492571 -23
    endloop
  endfacet
  facet normal 0.0779361 0.995465 -0.0545551
    outer loop
      vertex -1.9309 0.498119 22.1962
      vertex -33.5725 0.498458 -23
      vertex -1.93082 0.498458 22.2025
    endloop
  endfacet
  facet normal -0.73238 -0.4481 0.512666
    outer loop
      vertex -2.04392 -0.250585 22.8341
      vertex -34.1627 -0.193544 -23
      vertex -34.1278 -0.250585 -23
    endloop
  endfacet
  facet normal -0.732212 -0.44851 0.512548
    outer loop
      vertex -34.1627 -0.193544 -23
      vertex -2.04392 -0.250585 22.8341
      vertex -2.06633 -0.193544 22.852
    endloop
  endfacet
  facet normal -0.592298 0.690856 0.414609
    outer loop
      vertex -34.0055 0.373716 -23
      vertex -1.96545 0.371847 22.7746
      vertex -1.96397 0.373716 22.7736
    endloop
  endfacet
  facet normal -0.59117 0.692294 0.413819
    outer loop
      vertex -34.0055 0.373716 -23
      vertex -2.00131 0.32664 22.799
      vertex -1.96545 0.371847 22.7746
    endloop
  endfacet
  facet normal -0.591318 0.692107 0.413922
    outer loop
      vertex -2.00131 0.32664 22.799
      vertex -34.0055 0.373716 -23
      vertex -34.0606 0.32664 -23
    endloop
  endfacet
  facet normal 0.490879 0.800604 -0.343615
    outer loop
      vertex -33.2563 0.411591 -23
      vertex -1.95787 0.385778 21.6519
      vertex -33.2142 0.385778 -23
    endloop
  endfacet
  facet normal 0.490282 0.801149 -0.343197
    outer loop
      vertex -1.95787 0.385778 21.6519
      vertex -33.2563 0.411591 -23
      vertex -1.95168 0.411591 21.721
    endloop
  endfacet
  facet normal 0.369589 0.892453 -0.258713
    outer loop
      vertex -33.3681 0.462389 -23
      vertex -1.94649 0.433193 21.7873
      vertex -33.2976 0.433193 -23
    endloop
  endfacet
  facet normal 0.369673 0.892401 -0.258771
    outer loop
      vertex -1.94649 0.433193 21.7873
      vertex -33.3681 0.462389 -23
      vertex -1.93948 0.462389 21.898
    endloop
  endfacet
  facet normal 0.222669 -0.962353 -0.155868
    outer loop
      vertex -33.4946 -0.492321 -23
      vertex -1.9352 -0.480199 22.01
      vertex -1.93229 -0.492321 22.089
    endloop
  endfacet
  facet normal 0.22263 -0.962367 -0.155841
    outer loop
      vertex -1.9352 -0.480199 22.01
      vertex -33.4946 -0.492321 -23
      vertex -33.4422 -0.480199 -23
    endloop
  endfacet
  facet normal -0.670966 -0.573768 0.469675
    outer loop
      vertex -2.01671 -0.301454 22.8109
      vertex -34.1278 -0.250585 -23
      vertex -34.0843 -0.301454 -23
    endloop
  endfacet
  facet normal -0.671219 -0.573325 0.469854
    outer loop
      vertex -34.1278 -0.250585 -23
      vertex -2.01671 -0.301454 22.8109
      vertex -2.04392 -0.250585 22.8341
    endloop
  endfacet
  facet normal 0.230573 -0.959576 -0.161401
    outer loop
      vertex -33.4422 -0.480199 -23
      vertex -1.93948 -0.462389 21.898
      vertex -1.9352 -0.480199 22.01
    endloop
  endfacet
  facet normal 0.23063 -0.959555 -0.161441
    outer loop
      vertex -1.93948 -0.462389 21.898
      vertex -33.4422 -0.480199 -23
      vertex -33.3681 -0.462389 -23
    endloop
  endfacet
  facet normal 0 -1 0
    outer loop
      vertex -2 -37 -27
      vertex 2 -37 -23
      vertex -2 -37 -23
    endloop
  endfacet
  facet normal 0 -1 -0
    outer loop
      vertex 2 -37 -23
      vertex -2 -37 -27
      vertex 2 -37 -27
    endloop
  endfacet
  facet normal 0 0 1
    outer loop
      vertex -0.492571 -33.4977 -23
      vertex -2 -33 -23
      vertex -0.498458 -33.5725 -23
    endloop
  endfacet
  facet normal 0 0 1
    outer loop
      vertex -0.492321 -33.4946 -23
      vertex -2 -33 -23
      vertex -0.492571 -33.4977 -23
    endloop
  endfacet
  facet normal -0 0 1
    outer loop
      vertex -2 -33 -23
      vertex -0.492321 -33.4946 -23
      vertex -0.6 -33 -23
    endloop
  endfacet
  facet normal 0 0 1
    outer loop
      vertex -0.480199 -33.4422 -23
      vertex -0.6 -33 -23
      vertex -0.492321 -33.4946 -23
    endloop
  endfacet
  facet normal 0 0 1
    outer loop
      vertex -0.462389 -33.3681 -23
      vertex -0.6 -33 -23
      vertex -0.480199 -33.4422 -23
    endloop
  endfacet
  facet normal 0 0 1
    outer loop
      vertex -0.433193 -33.2976 -23
      vertex -0.6 -33 -23
      vertex -0.462389 -33.3681 -23
    endloop
  endfacet
  facet normal 0 0 1
    outer loop
      vertex -0.411591 -33.2563 -23
      vertex -0.6 -33 -23
      vertex -0.433193 -33.2976 -23
    endloop
  endfacet
  facet normal 0 0 1
    outer loop
      vertex -0.6 -33 -23
      vertex -0.411591 -33.2563 -23
      vertex -0.385778 -33.2142 -23
    endloop
  endfacet
  facet normal 0 0 1
    outer loop
      vertex 2 -33 -23
      vertex 0.492571 -33.4977 -23
      vertex 0.498458 -33.5725 -23
    endloop
  endfacet
  facet normal 0 0 1
    outer loop
      vertex 2 -33 -23
      vertex 0.492321 -33.4946 -23
      vertex 0.492571 -33.4977 -23
    endloop
  endfacet
  facet normal 0 0 1
    outer loop
      vertex 0.6 -33 -23
      vertex 0.480199 -33.4422 -23
      vertex 0.492321 -33.4946 -23
    endloop
  endfacet
  facet normal 0 0 1
    outer loop
      vertex 0.6 -33 -23
      vertex 0.462389 -33.3681 -23
      vertex 0.480199 -33.4422 -23
    endloop
  endfacet
  facet normal 0 0 1
    outer loop
      vertex 0.6 -33 -23
      vertex 0.433193 -33.2976 -23
      vertex 0.462389 -33.3681 -23
    endloop
  endfacet
  facet normal 0 0 1
    outer loop
      vertex 0.6 -33 -23
      vertex 0.411591 -33.2563 -23
      vertex 0.433193 -33.2976 -23
    endloop
  endfacet
  facet normal 0 -0 1
    outer loop
      vertex 0.411591 -33.2563 -23
      vertex 0.6 -33 -23
      vertex 0.385778 -33.2142 -23
    endloop
  endfacet
  facet normal 0 0 1
    outer loop
      vertex 0.492321 -33.4946 -23
      vertex 2 -33 -23
      vertex 0.6 -33 -23
    endloop
  endfacet
  facet normal 0 0 1
    outer loop
      vertex 2 -33 -23
      vertex 0.498458 -33.5725 -23
      vertex 0.498458 -33.6275 -23
    endloop
  endfacet
  facet normal 0 0 1
    outer loop
      vertex 0.492321 -33.7054 -23
      vertex 2 -33 -23
      vertex 0.498458 -33.6275 -23
    endloop
  endfacet
  facet normal 0 0 1
    outer loop
      vertex 0.480199 -33.7578 -23
      vertex 2 -33 -23
      vertex 0.492321 -33.7054 -23
    endloop
  endfacet
  facet normal 0 0 1
    outer loop
      vertex 0.462389 -33.8319 -23
      vertex 2 -33 -23
      vertex 0.480199 -33.7578 -23
    endloop
  endfacet
  facet normal 0 0 1
    outer loop
      vertex 0.433193 -33.9024 -23
      vertex 2 -33 -23
      vertex 0.462389 -33.8319 -23
    endloop
  endfacet
  facet normal 0 0 1
    outer loop
      vertex 0.411591 -33.9437 -23
      vertex 2 -33 -23
      vertex 0.433193 -33.9024 -23
    endloop
  endfacet
  facet normal 0 0 1
    outer loop
      vertex 2 -33 -23
      vertex 0.411591 -33.9437 -23
      vertex 2 -37 -23
    endloop
  endfacet
  facet normal -0 0 1
    outer loop
      vertex 0.373716 -34.0055 -23
      vertex 2 -37 -23
      vertex 0.411591 -33.9437 -23
    endloop
  endfacet
  facet normal -0 0 1
    outer loop
      vertex 0.32664 -34.0606 -23
      vertex 2 -37 -23
      vertex 0.373716 -34.0055 -23
    endloop
  endfacet
  facet normal -0 0 1
    outer loop
      vertex 0.301454 -34.0843 -23
      vertex 2 -37 -23
      vertex 0.32664 -34.0606 -23
    endloop
  endfacet
  facet normal -0 0 1
    outer loop
      vertex 0.250585 -34.1278 -23
      vertex 2 -37 -23
      vertex 0.301454 -34.0843 -23
    endloop
  endfacet
  facet normal -0 0 1
    outer loop
      vertex 0.193544 -34.1627 -23
      vertex 2 -37 -23
      vertex 0.250585 -34.1278 -23
    endloop
  endfacet
  facet normal -0 0 1
    outer loop
      vertex 0.13174 -34.1883 -23
      vertex 2 -37 -23
      vertex 0.193544 -34.1627 -23
    endloop
  endfacet
  facet normal -0 0 1
    outer loop
      vertex 0.0666904 -34.2039 -23
      vertex 2 -37 -23
      vertex 0.13174 -34.1883 -23
    endloop
  endfacet
  facet normal -0 0 1
    outer loop
      vertex 0 -34.2092 -23
      vertex 2 -37 -23
      vertex 0.0666904 -34.2039 -23
    endloop
  endfacet
  facet normal 0 0 1
    outer loop
      vertex -2 -37 -23
      vertex 0 -34.2092 -23
      vertex -0.0666904 -34.2039 -23
    endloop
  endfacet
  facet normal 0 0 1
    outer loop
      vertex -2 -37 -23
      vertex -0.0666904 -34.2039 -23
      vertex -0.13174 -34.1883 -23
    endloop
  endfacet
  facet normal 0 0 1
    outer loop
      vertex -2 -37 -23
      vertex -0.13174 -34.1883 -23
      vertex -0.193544 -34.1627 -23
    endloop
  endfacet
  facet normal 0 0 1
    outer loop
      vertex -2 -37 -23
      vertex -0.193544 -34.1627 -23
      vertex -0.250585 -34.1278 -23
    endloop
  endfacet
  facet normal 0 0 1
    outer loop
      vertex -2 -37 -23
      vertex -0.250585 -34.1278 -23
      vertex -0.301454 -34.0843 -23
    endloop
  endfacet
  facet normal 0 0 1
    outer loop
      vertex -2 -37 -23
      vertex -0.301454 -34.0843 -23
      vertex -0.32664 -34.0606 -23
    endloop
  endfacet
  facet normal 0 0 1
    outer loop
      vertex -2 -37 -23
      vertex -0.32664 -34.0606 -23
      vertex -0.373716 -34.0055 -23
    endloop
  endfacet
  facet normal 0 0 1
    outer loop
      vertex -0.498458 -33.5725 -23
      vertex -2 -33 -23
      vertex -0.498458 -33.6275 -23
    endloop
  endfacet
  facet normal 0 0 1
    outer loop
      vertex -0.498458 -33.6275 -23
      vertex -2 -33 -23
      vertex -0.492321 -33.7054 -23
    endloop
  endfacet
  facet normal 0 0 1
    outer loop
      vertex -2 -33 -23
      vertex -0.480199 -33.7578 -23
      vertex -0.492321 -33.7054 -23
    endloop
  endfacet
  facet normal 0 0 1
    outer loop
      vertex -2 -33 -23
      vertex -0.462389 -33.8319 -23
      vertex -0.480199 -33.7578 -23
    endloop
  endfacet
  facet normal 0 0 1
    outer loop
      vertex -2 -33 -23
      vertex -0.433193 -33.9024 -23
      vertex -0.462389 -33.8319 -23
    endloop
  endfacet
  facet normal 0 0 1
    outer loop
      vertex -2 -33 -23
      vertex -0.411591 -33.9437 -23
      vertex -0.433193 -33.9024 -23
    endloop
  endfacet
  facet normal 0 0 1
    outer loop
      vertex -2 -37 -23
      vertex -0.411591 -33.9437 -23
      vertex -2 -33 -23
    endloop
  endfacet
  facet normal 0 0 1
    outer loop
      vertex -0.411591 -33.9437 -23
      vertex -2 -37 -23
      vertex -0.373716 -34.0055 -23
    endloop
  endfacet
  facet normal 0 0 1
    outer loop
      vertex 0 -34.2092 -23
      vertex -2 -37 -23
      vertex 2 -37 -23
    endloop
  endfacet
  facet normal 0 0 -1
    outer loop
      vertex -2 -37 -27
      vertex 2 -33 -27
      vertex 2 -37 -27
    endloop
  endfacet
  facet normal -0 0 -1
    outer loop
      vertex 2 -33 -27
      vertex -2 -37 -27
      vertex -2 -33 -27
    endloop
  endfacet
  facet normal 0 1 -0
    outer loop
      vertex 2 -33 -25
      vertex 0.6 -33 -23
      vertex 2 -33 -23
    endloop
  endfacet
  facet normal 0 1 0
    outer loop
      vertex -0.6 -33 -23
      vertex -2 -33 -25
      vertex -2 -33 -23
    endloop
  endfacet
  facet normal 0 1 -0
    outer loop
      vertex 2 -33 -27
      vertex 0 -33 -24.1429
      vertex 2 -33 -25
    endloop
  endfacet
  facet normal 0 1 0
    outer loop
      vertex -2 -33 -27
      vertex 0 -33 -24.1429
      vertex 2 -33 -27
    endloop
  endfacet
  facet normal 0 1 0
    outer loop
      vertex 0 -33 -24.1429
      vertex -2 -33 -27
      vertex -2 -33 -25
    endloop
  endfacet
  facet normal 1 -0 0
    outer loop
      vertex 2 -37 -23
      vertex 2 -33 -25
      vertex 2 -33 -23
    endloop
  endfacet
  facet normal 1 0 0
    outer loop
      vertex 2 -37 -27
      vertex 2 -33 -25
      vertex 2 -37 -23
    endloop
  endfacet
  facet normal 1 0 0
    outer loop
      vertex 2 -33 -25
      vertex 2 -37 -27
      vertex 2 -33 -27
    endloop
  endfacet
  facet normal -1 0 0
    outer loop
      vertex -2 -37 -27
      vertex -2 -33 -25
      vertex -2 -33 -27
    endloop
  endfacet
  facet normal -1 0 0
    outer loop
      vertex -2 -37 -23
      vertex -2 -33 -25
      vertex -2 -37 -27
    endloop
  endfacet
  facet normal -1 0 0
    outer loop
      vertex -2 -33 -25
      vertex -2 -37 -23
      vertex -2 -33 -23
    endloop
  endfacet
  facet normal 0.962272 -0.222905 0.156034
    outer loop
      vertex 0.480199 -33.7578 -23
      vertex 0.492321 -1.93229 22.3902
      vertex 0.480199 -1.9352 22.4608
    endloop
  endfacet
  facet normal 0.962367 -0.22263 0.155841
    outer loop
      vertex 0.492321 -1.93229 22.3902
      vertex 0.480199 -33.7578 -23
      vertex 0.492321 -33.7054 -23
    endloop
  endfacet
  facet normal -0.19278 -0.803865 0.562705
    outer loop
      vertex -0.0666904 -34.2039 -23
      vertex -0.13174 -2.08339 22.8642
      vertex -0.13174 -34.1883 -23
    endloop
  endfacet
  facet normal -0.193137 -0.803808 0.562664
    outer loop
      vertex -0.13174 -2.08339 22.8642
      vertex -0.0666904 -34.2039 -23
      vertex -0.0666904 -2.09468 22.8704
    endloop
  endfacet
  facet normal 0.995415 0.0783629 -0.0548539
    outer loop
      vertex 0.492571 -33.4977 -23
      vertex 0.492321 -1.93229 22.089
      vertex 0.498119 -1.9309 22.1962
    endloop
  endfacet
  facet normal 0.99519 0.0802572 -0.0561801
    outer loop
      vertex 0.492321 -1.93229 22.089
      vertex 0.492571 -33.4977 -23
      vertex 0.492321 -33.4946 -23
    endloop
  endfacet
  facet normal 0.995417 -0.0783391 0.0548373
    outer loop
      vertex 0.492321 -33.7054 -23
      vertex 0.498458 -1.93082 22.2809
      vertex 0.492321 -1.93229 22.3902
    endloop
  endfacet
  facet normal 0.995408 -0.0784187 0.0548932
    outer loop
      vertex 0.498458 -1.93082 22.2809
      vertex 0.492321 -33.7054 -23
      vertex 0.498458 -33.6275 -23
    endloop
  endfacet
  facet normal 0.690856 -0.592298 0.414609
    outer loop
      vertex 0.371847 -1.96545 22.7746
      vertex 0.373716 -34.0055 -23
      vertex 0.373716 -1.96397 22.7736
    endloop
  endfacet
  facet normal 0.692294 -0.59117 0.413819
    outer loop
      vertex 0.32664 -2.00131 22.799
      vertex 0.373716 -34.0055 -23
      vertex 0.371847 -1.96545 22.7746
    endloop
  endfacet
  facet normal 0.692107 -0.591318 0.413922
    outer loop
      vertex 0.373716 -34.0055 -23
      vertex 0.32664 -2.00131 22.799
      vertex 0.32664 -34.0606 -23
    endloop
  endfacet
  facet normal -0.99519 0.0802572 -0.0561801
    outer loop
      vertex -0.492571 -33.4977 -23
      vertex -0.492321 -1.93229 22.089
      vertex -0.492321 -33.4946 -23
    endloop
  endfacet
  facet normal -0.995415 0.0783629 -0.0548539
    outer loop
      vertex -0.492321 -1.93229 22.089
      vertex -0.492571 -33.4977 -23
      vertex -0.498119 -1.9309 22.1962
    endloop
  endfacet
  facet normal 1 0 0
    outer loop
      vertex 0.498458 -33.6275 -23
      vertex 0.498458 -1.93082 22.2025
      vertex 0.498458 -1.93082 22.2809
    endloop
  endfacet
  facet normal 1 0 0
    outer loop
      vertex 0.498458 -1.93082 22.2025
      vertex 0.498458 -33.6275 -23
      vertex 0.498458 -33.5725 -23
    endloop
  endfacet
  facet normal 0.193137 -0.803808 0.562664
    outer loop
      vertex 0.0666904 -34.2039 -23
      vertex 0.13174 -2.08339 22.8642
      vertex 0.0666904 -2.09468 22.8704
    endloop
  endfacet
  facet normal 0.19278 -0.803865 0.562705
    outer loop
      vertex 0.13174 -2.08339 22.8642
      vertex 0.0666904 -34.2039 -23
      vertex 0.13174 -34.1883 -23
    endloop
  endfacet
  facet normal 0.573325 -0.671219 0.469854
    outer loop
      vertex 0.250585 -34.1278 -23
      vertex 0.301454 -2.01671 22.8109
      vertex 0.250585 -2.04392 22.8341
    endloop
  endfacet
  facet normal 0.573768 -0.670966 0.469675
    outer loop
      vertex 0.301454 -2.01671 22.8109
      vertex 0.250585 -34.1278 -23
      vertex 0.301454 -34.0843 -23
    endloop
  endfacet
  facet normal 0.321142 -0.775838 0.543086
    outer loop
      vertex 0.13174 -34.1883 -23
      vertex 0.180444 -2.06995 22.8546
      vertex 0.13174 -2.08339 22.8642
    endloop
  endfacet
  facet normal 0.322073 -0.77558 0.542904
    outer loop
      vertex 0.13174 -34.1883 -23
      vertex 0.193544 -2.06633 22.852
      vertex 0.180444 -2.06995 22.8546
    endloop
  endfacet
  facet normal 0.321339 -0.775783 0.543048
    outer loop
      vertex 0.193544 -2.06633 22.852
      vertex 0.13174 -34.1883 -23
      vertex 0.193544 -34.1627 -23
    endloop
  endfacet
  facet normal 0.44851 -0.732212 0.512548
    outer loop
      vertex 0.193544 -34.1627 -23
      vertex 0.250585 -2.04392 22.8341
      vertex 0.193544 -2.06633 22.852
    endloop
  endfacet
  facet normal 0.4481 -0.73238 0.512666
    outer loop
      vertex 0.250585 -2.04392 22.8341
      vertex 0.193544 -34.1627 -23
      vertex 0.250585 -34.1278 -23
    endloop
  endfacet
  facet normal -0.321339 -0.775783 0.543048
    outer loop
      vertex -0.13174 -34.1883 -23
      vertex -0.193544 -2.06633 22.852
      vertex -0.193544 -34.1627 -23
    endloop
  endfacet
  facet normal -0.322073 -0.77558 0.542904
    outer loop
      vertex -0.193544 -2.06633 22.852
      vertex -0.13174 -34.1883 -23
      vertex -0.180444 -2.06995 22.8546
    endloop
  endfacet
  facet normal -0.321142 -0.775838 0.543086
    outer loop
      vertex -0.180444 -2.06995 22.8546
      vertex -0.13174 -34.1883 -23
      vertex -0.13174 -2.08339 22.8642
    endloop
  endfacet
  facet normal -0.892453 -0.369589 0.258712
    outer loop
      vertex -0.433193 -33.9024 -23
      vertex -0.462389 -1.93948 22.5607
      vertex -0.462389 -33.8319 -23
    endloop
  endfacet
  facet normal -0.892272 -0.369882 0.258917
    outer loop
      vertex -0.462389 -1.93948 22.5607
      vertex -0.433193 -33.9024 -23
      vertex -0.433193 -1.94649 22.6513
    endloop
  endfacet
  facet normal -0.803335 -0.485018 0.345557
    outer loop
      vertex -0.411591 -1.95168 22.7028
      vertex -0.373716 -1.96397 22.7736
      vertex -0.377586 -1.95984 22.7704
    endloop
  endfacet
  facet normal -0.800731 -0.490739 0.343518
    outer loop
      vertex -0.373716 -34.0055 -23
      vertex -0.411591 -1.95168 22.7028
      vertex -0.411591 -33.9437 -23
    endloop
  endfacet
  facet normal -0.800964 -0.490485 0.343339
    outer loop
      vertex -0.411591 -1.95168 22.7028
      vertex -0.373716 -34.0055 -23
      vertex -0.373716 -1.96397 22.7736
    endloop
  endfacet
  facet normal -0.800604 0.490879 -0.343615
    outer loop
      vertex -0.411591 -33.2563 -23
      vertex -0.385778 -1.95787 21.6519
      vertex -0.385778 -33.2142 -23
    endloop
  endfacet
  facet normal -0.801149 0.490282 -0.343197
    outer loop
      vertex -0.385778 -1.95787 21.6519
      vertex -0.411591 -33.2563 -23
      vertex -0.411591 -1.95168 21.721
    endloop
  endfacet
  facet normal -0.995408 -0.0784187 0.0548932
    outer loop
      vertex -0.492321 -33.7054 -23
      vertex -0.498458 -1.93082 22.2809
      vertex -0.498458 -33.6275 -23
    endloop
  endfacet
  facet normal -0.995417 -0.0783391 0.0548373
    outer loop
      vertex -0.498458 -1.93082 22.2809
      vertex -0.492321 -33.7054 -23
      vertex -0.492321 -1.93229 22.3902
    endloop
  endfacet
  facet normal -0.959555 0.23063 -0.161441
    outer loop
      vertex -0.480199 -33.4422 -23
      vertex -0.462389 -1.93948 21.898
      vertex -0.462389 -33.3681 -23
    endloop
  endfacet
  facet normal -0.959576 0.230573 -0.161401
    outer loop
      vertex -0.462389 -1.93948 21.898
      vertex -0.480199 -33.4422 -23
      vertex -0.480199 -1.9352 22.01
    endloop
  endfacet
  facet normal -0.842859 0.440858 -0.3086
    outer loop
      vertex -0.433193 -33.2976 -23
      vertex -0.411591 -1.95168 21.721
      vertex -0.411591 -33.2563 -23
    endloop
  endfacet
  facet normal -0.842385 0.441465 -0.309026
    outer loop
      vertex -0.411591 -1.95168 21.721
      vertex -0.433193 -33.2976 -23
      vertex -0.433193 -1.94649 21.7873
    endloop
  endfacet
  facet normal 0.995465 0.0779361 -0.0545551
    outer loop
      vertex 0.498458 -33.5725 -23
      vertex 0.498119 -1.9309 22.1962
      vertex 0.498458 -1.93082 22.2025
    endloop
  endfacet
  facet normal 0.995417 0.0783425 -0.0548397
    outer loop
      vertex 0.498119 -1.9309 22.1962
      vertex 0.498458 -33.5725 -23
      vertex 0.492571 -33.4977 -23
    endloop
  endfacet
  facet normal 0.959668 -0.230316 0.161221
    outer loop
      vertex 0.462389 -33.8319 -23
      vertex 0.480199 -1.9352 22.4608
      vertex 0.462389 -1.93948 22.5607
    endloop
  endfacet
  facet normal 0.959555 -0.23063 0.161441
    outer loop
      vertex 0.480199 -1.9352 22.4608
      vertex 0.462389 -33.8319 -23
      vertex 0.480199 -33.7578 -23
    endloop
  endfacet
  facet normal 0.892272 -0.369882 0.258917
    outer loop
      vertex 0.433193 -33.9024 -23
      vertex 0.462389 -1.93948 22.5607
      vertex 0.433193 -1.94649 22.6513
    endloop
  endfacet
  facet normal 0.892453 -0.369589 0.258712
    outer loop
      vertex 0.462389 -1.93948 22.5607
      vertex 0.433193 -33.9024 -23
      vertex 0.462389 -33.8319 -23
    endloop
  endfacet
  facet normal 0.842503 -0.441313 0.308919
    outer loop
      vertex 0.411591 -33.9437 -23
      vertex 0.433193 -1.94649 22.6513
      vertex 0.411591 -1.95168 22.7028
    endloop
  endfacet
  facet normal 0.842858 -0.440858 0.3086
    outer loop
      vertex 0.433193 -1.94649 22.6513
      vertex 0.411591 -33.9437 -23
      vertex 0.433193 -33.9024 -23
    endloop
  endfacet
  facet normal -0.0643579 -0.817534 0.572273
    outer loop
      vertex -0.0666904 -34.2039 -23
      vertex 0 -2.09993 22.8704
      vertex -0.0666904 -2.09468 22.8704
    endloop
  endfacet
  facet normal -0.0649682 -0.817501 0.572251
    outer loop
      vertex 0 -2.09993 22.8704
      vertex -0.0666904 -34.2039 -23
      vertex 0 -34.2092 -23
    endloop
  endfacet
  facet normal -0.4481 -0.73238 0.512666
    outer loop
      vertex -0.193544 -34.1627 -23
      vertex -0.250585 -2.04392 22.8341
      vertex -0.250585 -34.1278 -23
    endloop
  endfacet
  facet normal -0.44851 -0.732212 0.512548
    outer loop
      vertex -0.250585 -2.04392 22.8341
      vertex -0.193544 -34.1627 -23
      vertex -0.193544 -2.06633 22.852
    endloop
  endfacet
  facet normal -0.995417 0.0783425 -0.0548397
    outer loop
      vertex -0.498458 -33.5725 -23
      vertex -0.498119 -1.9309 22.1962
      vertex -0.492571 -33.4977 -23
    endloop
  endfacet
  facet normal -0.995465 0.0779361 -0.0545551
    outer loop
      vertex -0.498119 -1.9309 22.1962
      vertex -0.498458 -33.5725 -23
      vertex -0.498458 -1.93082 22.2025
    endloop
  endfacet
  facet normal -0.962367 0.22263 -0.155841
    outer loop
      vertex -0.492321 -33.4946 -23
      vertex -0.480199 -1.9352 22.01
      vertex -0.480199 -33.4422 -23
    endloop
  endfacet
  facet normal -0.962353 0.222669 -0.155868
    outer loop
      vertex -0.480199 -1.9352 22.01
      vertex -0.492321 -33.4946 -23
      vertex -0.492321 -1.93229 22.089
    endloop
  endfacet
  facet normal -0.962367 -0.22263 0.155841
    outer loop
      vertex -0.480199 -33.7578 -23
      vertex -0.492321 -1.93229 22.3902
      vertex -0.492321 -33.7054 -23
    endloop
  endfacet
  facet normal -0.962272 -0.222905 0.156034
    outer loop
      vertex -0.492321 -1.93229 22.3902
      vertex -0.480199 -33.7578 -23
      vertex -0.480199 -1.9352 22.4608
    endloop
  endfacet
  facet normal -0.959555 -0.23063 0.161441
    outer loop
      vertex -0.462389 -33.8319 -23
      vertex -0.480199 -1.9352 22.4608
      vertex -0.480199 -33.7578 -23
    endloop
  endfacet
  facet normal -0.959668 -0.230316 0.161221
    outer loop
      vertex -0.480199 -1.9352 22.4608
      vertex -0.462389 -33.8319 -23
      vertex -0.462389 -1.93948 22.5607
    endloop
  endfacet
  facet normal 0.0643579 -0.817534 0.572273
    outer loop
      vertex 0 -34.2092 -23
      vertex 0.0666904 -2.09468 22.8704
      vertex 0 -2.09993 22.8704
    endloop
  endfacet
  facet normal 0.0649683 -0.817502 0.57225
    outer loop
      vertex 0.0666904 -2.09468 22.8704
      vertex 0 -34.2092 -23
      vertex 0.0666904 -34.2039 -23
    endloop
  endfacet
  facet normal -0.573768 -0.670966 0.469675
    outer loop
      vertex -0.250585 -34.1278 -23
      vertex -0.301454 -2.01671 22.8109
      vertex -0.301454 -34.0843 -23
    endloop
  endfacet
  facet normal -0.573325 -0.671219 0.469854
    outer loop
      vertex -0.301454 -2.01671 22.8109
      vertex -0.250585 -34.1278 -23
      vertex -0.250585 -2.04392 22.8341
    endloop
  endfacet
  facet normal -0.842858 -0.440858 0.3086
    outer loop
      vertex -0.411591 -33.9437 -23
      vertex -0.433193 -1.94649 22.6513
      vertex -0.433193 -33.9024 -23
    endloop
  endfacet
  facet normal -0.842503 -0.441313 0.308919
    outer loop
      vertex -0.433193 -1.94649 22.6513
      vertex -0.411591 -33.9437 -23
      vertex -0.411591 -1.95168 22.7028
    endloop
  endfacet
  facet normal -0.610539 -0.64882 0.454174
    outer loop
      vertex -0.301454 -34.0843 -23
      vertex -0.32664 -2.00131 22.799
      vertex -0.32664 -34.0606 -23
    endloop
  endfacet
  facet normal -0.609302 -0.6496 0.454721
    outer loop
      vertex -0.32664 -2.00131 22.799
      vertex -0.301454 -34.0843 -23
      vertex -0.317887 -2.00707 22.8025
    endloop
  endfacet
  facet normal -0.611937 -0.647936 0.453555
    outer loop
      vertex -0.317887 -2.00707 22.8025
      vertex -0.301454 -34.0843 -23
      vertex -0.301454 -2.01671 22.8109
    endloop
  endfacet
  facet normal -0.690856 -0.592298 0.414609
    outer loop
      vertex -0.373716 -34.0055 -23
      vertex -0.371847 -1.96545 22.7746
      vertex -0.373716 -1.96397 22.7736
    endloop
  endfacet
  facet normal -0.692294 -0.59117 0.413819
    outer loop
      vertex -0.373716 -34.0055 -23
      vertex -0.32664 -2.00131 22.799
      vertex -0.371847 -1.96545 22.7746
    endloop
  endfacet
  facet normal -0.692107 -0.591318 0.413922
    outer loop
      vertex -0.32664 -2.00131 22.799
      vertex -0.373716 -34.0055 -23
      vertex -0.32664 -34.0606 -23
    endloop
  endfacet
  facet normal 0.611937 -0.647936 0.453555
    outer loop
      vertex 0.301454 -34.0843 -23
      vertex 0.317887 -2.00707 22.8025
      vertex 0.301454 -2.01671 22.8109
    endloop
  endfacet
  facet normal 0.609302 -0.6496 0.454721
    outer loop
      vertex 0.301454 -34.0843 -23
      vertex 0.32664 -2.00131 22.799
      vertex 0.317887 -2.00707 22.8025
    endloop
  endfacet
  facet normal 0.610539 -0.64882 0.454174
    outer loop
      vertex 0.32664 -2.00131 22.799
      vertex 0.301454 -34.0843 -23
      vertex 0.32664 -34.0606 -23
    endloop
  endfacet
  facet normal 0.803335 -0.485018 0.345557
    outer loop
      vertex 0.373716 -1.96397 22.7736
      vertex 0.411591 -1.95168 22.7028
      vertex 0.377586 -1.95984 22.7704
    endloop
  endfacet
  facet normal 0.800964 -0.490485 0.343339
    outer loop
      vertex 0.373716 -34.0055 -23
      vertex 0.411591 -1.95168 22.7028
      vertex 0.373716 -1.96397 22.7736
    endloop
  endfacet
  facet normal 0.800731 -0.490739 0.343518
    outer loop
      vertex 0.411591 -1.95168 22.7028
      vertex 0.373716 -34.0055 -23
      vertex 0.411591 -33.9437 -23
    endloop
  endfacet
  facet normal -1 0 0
    outer loop
      vertex -0.498458 -33.6275 -23
      vertex -0.498458 -1.93082 22.2025
      vertex -0.498458 -33.5725 -23
    endloop
  endfacet
  facet normal -1 -0 0
    outer loop
      vertex -0.498458 -1.93082 22.2025
      vertex -0.498458 -33.6275 -23
      vertex -0.498458 -1.93082 22.2809
    endloop
  endfacet
  facet normal 0.959576 0.230573 -0.161401
    outer loop
      vertex 0.480199 -33.4422 -23
      vertex 0.462389 -1.93948 21.898
      vertex 0.480199 -1.9352 22.01
    endloop
  endfacet
  facet normal 0.959555 0.23063 -0.161441
    outer loop
      vertex 0.462389 -1.93948 21.898
      vertex 0.480199 -33.4422 -23
      vertex 0.462389 -33.3681 -23
    endloop
  endfacet
  facet normal 0.962353 0.222669 -0.155868
    outer loop
      vertex 0.492321 -33.4946 -23
      vertex 0.480199 -1.9352 22.01
      vertex 0.492321 -1.93229 22.089
    endloop
  endfacet
  facet normal 0.962367 0.22263 -0.155841
    outer loop
      vertex 0.480199 -1.9352 22.01
      vertex 0.492321 -33.4946 -23
      vertex 0.480199 -33.4422 -23
    endloop
  endfacet
  facet normal 0.801149 0.490282 -0.343197
    outer loop
      vertex 0.411591 -33.2563 -23
      vertex 0.385778 -1.95787 21.6519
      vertex 0.411591 -1.95168 21.721
    endloop
  endfacet
  facet normal 0.800604 0.490879 -0.343615
    outer loop
      vertex 0.385778 -1.95787 21.6519
      vertex 0.411591 -33.2563 -23
      vertex 0.385778 -33.2142 -23
    endloop
  endfacet
  facet normal -0.892453 0.369589 -0.258713
    outer loop
      vertex -0.462389 -33.3681 -23
      vertex -0.433193 -1.94649 21.7873
      vertex -0.433193 -33.2976 -23
    endloop
  endfacet
  facet normal -0.892401 0.369673 -0.258771
    outer loop
      vertex -0.433193 -1.94649 21.7873
      vertex -0.462389 -33.3681 -23
      vertex -0.462389 -1.93948 21.898
    endloop
  endfacet
  facet normal 0.842385 0.441465 -0.309026
    outer loop
      vertex 0.433193 -33.2976 -23
      vertex 0.411591 -1.95168 21.721
      vertex 0.433193 -1.94649 21.7873
    endloop
  endfacet
  facet normal 0.842859 0.440858 -0.3086
    outer loop
      vertex 0.411591 -1.95168 21.721
      vertex 0.433193 -33.2976 -23
      vertex 0.411591 -33.2563 -23
    endloop
  endfacet
  facet normal 0.892401 0.369673 -0.258771
    outer loop
      vertex 0.462389 -33.3681 -23
      vertex 0.433193 -1.94649 21.7873
      vertex 0.462389 -1.93948 21.898
    endloop
  endfacet
  facet normal 0.892453 0.369589 -0.258713
    outer loop
      vertex 0.433193 -1.94649 21.7873
      vertex 0.462389 -33.3681 -23
      vertex 0.433193 -33.2976 -23
    endloop
  endfacet
  facet normal 0.633667 0.633811 0.443565
    outer loop
      vertex 1.78201 0.907981 21.1572
      vertex 33 0.6 -23
      vertex 1.61803 1.17557 21.0091
    endloop
  endfacet
  facet normal 0.633749 0.633688 0.443624
    outer loop
      vertex 1.90211 0.618033 21.3998
      vertex 33 0.6 -23
      vertex 1.78201 0.907981 21.1572
    endloop
  endfacet
  facet normal 0.63375 0.633685 0.443625
    outer loop
      vertex 33 0.6 -23
      vertex 1.90211 0.618033 21.3998
      vertex 33.2142 0.385778 -23
    endloop
  endfacet
  facet normal 0.633752 0.633683 0.443626
    outer loop
      vertex 33.2142 0.385778 -23
      vertex 1.90211 0.618033 21.3998
      vertex 1.95787 0.385778 21.6519
    endloop
  endfacet
  facet normal 0.633724 0.633724 0.443607
    outer loop
      vertex 0.6 33 -23
      vertex 1.61803 1.17557 21.0091
      vertex 33 0.6 -23
    endloop
  endfacet
  facet normal 0.633781 0.633687 0.443579
    outer loop
      vertex 1.61803 1.17557 21.0091
      vertex 0.6 33 -23
      vertex 1.41421 1.41421 20.9594
    endloop
  endfacet
  facet normal 0.633685 0.63375 0.443626
    outer loop
      vertex 0.385778 33.2142 -23
      vertex 1.41421 1.41421 20.9594
      vertex 0.6 33 -23
    endloop
  endfacet
  facet normal 0.633676 0.633756 0.443631
    outer loop
      vertex 1.41421 1.41421 20.9594
      vertex 0.385778 33.2142 -23
      vertex 1.17557 1.61803 21.0091
    endloop
  endfacet
  facet normal 0.633811 0.633667 0.443565
    outer loop
      vertex 1.17557 1.61803 21.0091
      vertex 0.385778 33.2142 -23
      vertex 0.907981 1.78201 21.1572
    endloop
  endfacet
  facet normal 0.633688 0.633749 0.443624
    outer loop
      vertex 0.907981 1.78201 21.1572
      vertex 0.385778 33.2142 -23
      vertex 0.618033 1.90211 21.3998
    endloop
  endfacet
  facet normal 0.633683 0.633752 0.443626
    outer loop
      vertex 0.618033 1.90211 21.3998
      vertex 0.385778 33.2142 -23
      vertex 0.385778 1.95787 21.6519
    endloop
  endfacet
  facet normal 0.633724 0.633724 0.443607
    outer loop
      vertex 2 33 -25
      vertex 33 0.6 -23
      vertex 33 2 -25
    endloop
  endfacet
  facet normal 0.633724 0.633724 0.443607
    outer loop
      vertex 33 0.6 -23
      vertex 2 33 -25
      vertex 0.6 33 -23
    endloop
  endfacet
  facet normal -0.366513 -0.366492 -0.855191
    outer loop
      vertex 2 0 -10.8571
      vertex 33 2 -25
      vertex 33 0 -24.1429
    endloop
  endfacet
  facet normal -0.366476 -0.366663 -0.855134
    outer loop
      vertex 1.97538 0.312868 -10.9807
      vertex 33 2 -25
      vertex 2 0 -10.8571
    endloop
  endfacet
  facet normal -0.3665 -0.366548 -0.855173
    outer loop
      vertex 1.90211 0.618033 -11.0801
      vertex 33 2 -25
      vertex 1.97538 0.312868 -10.9807
    endloop
  endfacet
  facet normal -0.366503 -0.366528 -0.85518
    outer loop
      vertex 1.78201 0.907981 -11.1529
      vertex 33 2 -25
      vertex 1.90211 0.618033 -11.0801
    endloop
  endfacet
  facet normal -0.366509 -0.366497 -0.85519
    outer loop
      vertex 1.61803 1.17557 -11.1973
      vertex 33 2 -25
      vertex 1.78201 0.907981 -11.1529
    endloop
  endfacet
  facet normal -0.36652 -0.366438 -0.855211
    outer loop
      vertex 1.41421 1.41421 -11.2122
      vertex 33 2 -25
      vertex 1.61803 1.17557 -11.1973
    endloop
  endfacet
  facet normal -0.366508 -0.366508 -0.855186
    outer loop
      vertex 33 2 -25
      vertex 1.41421 1.41421 -11.2122
      vertex 2 33 -25
    endloop
  endfacet
  facet normal -0.366438 -0.36652 -0.855211
    outer loop
      vertex 1.17557 1.61803 -11.1973
      vertex 2 33 -25
      vertex 1.41421 1.41421 -11.2122
    endloop
  endfacet
  facet normal -0.366497 -0.366509 -0.85519
    outer loop
      vertex 0.907981 1.78201 -11.1529
      vertex 2 33 -25
      vertex 1.17557 1.61803 -11.1973
    endloop
  endfacet
  facet normal -0.366528 -0.366503 -0.85518
    outer loop
      vertex 0.618033 1.90211 -11.0801
      vertex 2 33 -25
      vertex 0.907981 1.78201 -11.1529
    endloop
  endfacet
  facet normal -0.366548 -0.3665 -0.855173
    outer loop
      vertex 0.312868 1.97538 -10.9807
      vertex 2 33 -25
      vertex 0.618033 1.90211 -11.0801
    endloop
  endfacet
  facet normal -0.366663 -0.366476 -0.855134
    outer loop
      vertex 0 2 -10.8571
      vertex 2 33 -25
      vertex 0.312868 1.97538 -10.9807
    endloop
  endfacet
  facet normal -0.366492 -0.366513 -0.855191
    outer loop
      vertex 2 33 -25
      vertex 0 2 -10.8571
      vertex 0 33 -24.1429
    endloop
  endfacet
  facet normal -0.633724 0.633724 0.443607
    outer loop
      vertex -2 33 -25
      vertex -33 2 -25
      vertex -0.6 33 -23
    endloop
  endfacet
  facet normal -0.633685 0.63375 0.443625
    outer loop
      vertex -0.618033 1.90211 21.3998
      vertex -0.385778 33.2142 -23
      vertex -0.6 33 -23
    endloop
  endfacet
  facet normal -0.633724 0.633724 0.443607
    outer loop
      vertex -33 0.6 -23
      vertex -0.6 33 -23
      vertex -33 2 -25
    endloop
  endfacet
  facet normal -0.633683 0.633752 0.443626
    outer loop
      vertex -0.385778 33.2142 -23
      vertex -0.618033 1.90211 21.3998
      vertex -0.385778 1.95787 21.6519
    endloop
  endfacet
  facet normal -0.633688 0.633749 0.443624
    outer loop
      vertex -0.6 33 -23
      vertex -0.907981 1.78201 21.1572
      vertex -0.618033 1.90211 21.3998
    endloop
  endfacet
  facet normal -0.633724 0.633724 0.443607
    outer loop
      vertex -1.17557 1.61803 21.0091
      vertex -0.6 33 -23
      vertex -33 0.6 -23
    endloop
  endfacet
  facet normal -0.633811 0.633667 0.443565
    outer loop
      vertex -0.6 33 -23
      vertex -1.17557 1.61803 21.0091
      vertex -0.907981 1.78201 21.1572
    endloop
  endfacet
  facet normal -0.633687 0.633781 0.443579
    outer loop
      vertex -1.17557 1.61803 21.0091
      vertex -33 0.6 -23
      vertex -1.41421 1.41421 20.9594
    endloop
  endfacet
  facet normal -0.63375 0.633685 0.443626
    outer loop
      vertex -33.2142 0.385778 -23
      vertex -1.41421 1.41421 20.9594
      vertex -33 0.6 -23
    endloop
  endfacet
  facet normal -0.633756 0.633676 0.443631
    outer loop
      vertex -1.41421 1.41421 20.9594
      vertex -33.2142 0.385778 -23
      vertex -1.61803 1.17557 21.0091
    endloop
  endfacet
  facet normal -0.633667 0.633811 0.443565
    outer loop
      vertex -1.61803 1.17557 21.0091
      vertex -33.2142 0.385778 -23
      vertex -1.78201 0.907981 21.1572
    endloop
  endfacet
  facet normal -0.633749 0.633688 0.443624
    outer loop
      vertex -1.78201 0.907981 21.1572
      vertex -33.2142 0.385778 -23
      vertex -1.90211 0.618033 21.3998
    endloop
  endfacet
  facet normal -0.633752 0.633683 0.443626
    outer loop
      vertex -1.90211 0.618033 21.3998
      vertex -33.2142 0.385778 -23
      vertex -1.95787 0.385778 21.6519
    endloop
  endfacet
  facet normal 0.366663 -0.366476 -0.855134
    outer loop
      vertex -2 33 -25
      vertex 0 2 -10.8571
      vertex -0.312868 1.97538 -10.9807
    endloop
  endfacet
  facet normal 0.366548 -0.3665 -0.855173
    outer loop
      vertex -2 33 -25
      vertex -0.312868 1.97538 -10.9807
      vertex -0.618033 1.90211 -11.0801
    endloop
  endfacet
  facet normal 0.366528 -0.366503 -0.85518
    outer loop
      vertex -2 33 -25
      vertex -0.618033 1.90211 -11.0801
      vertex -0.907981 1.78201 -11.1529
    endloop
  endfacet
  facet normal 0.366497 -0.366509 -0.85519
    outer loop
      vertex -2 33 -25
      vertex -0.907981 1.78201 -11.1529
      vertex -1.17557 1.61803 -11.1973
    endloop
  endfacet
  facet normal 0.366438 -0.36652 -0.855211
    outer loop
      vertex -2 33 -25
      vertex -1.17557 1.61803 -11.1973
      vertex -1.41421 1.41421 -11.2122
    endloop
  endfacet
  facet normal 0.36652 -0.366438 -0.855211
    outer loop
      vertex -33 2 -25
      vertex -1.41421 1.41421 -11.2122
      vertex -1.61803 1.17557 -11.1973
    endloop
  endfacet
  facet normal 0.366509 -0.366497 -0.85519
    outer loop
      vertex -33 2 -25
      vertex -1.61803 1.17557 -11.1973
      vertex -1.78201 0.907981 -11.1529
    endloop
  endfacet
  facet normal 0.366503 -0.366528 -0.85518
    outer loop
      vertex -33 2 -25
      vertex -1.78201 0.907981 -11.1529
      vertex -1.90211 0.618033 -11.0801
    endloop
  endfacet
  facet normal 0.3665 -0.366548 -0.855173
    outer loop
      vertex -33 2 -25
      vertex -1.90211 0.618033 -11.0801
      vertex -1.97538 0.312868 -10.9807
    endloop
  endfacet
  facet normal 0.366476 -0.366663 -0.855134
    outer loop
      vertex -33 2 -25
      vertex -1.97538 0.312868 -10.9807
      vertex -2 0 -10.8571
    endloop
  endfacet
  facet normal 0.366492 -0.366513 -0.855191
    outer loop
      vertex 0 2 -10.8571
      vertex -2 33 -25
      vertex 0 33 -24.1429
    endloop
  endfacet
  facet normal 0.366513 -0.366492 -0.855191
    outer loop
      vertex -33 2 -25
      vertex -2 0 -10.8571
      vertex -33 0 -24.1429
    endloop
  endfacet
  facet normal 0.366508 -0.366508 -0.855186
    outer loop
      vertex -1.41421 1.41421 -11.2122
      vertex -33 2 -25
      vertex -2 33 -25
    endloop
  endfacet
  facet normal -0.633667 -0.633811 0.443565
    outer loop
      vertex -1.78201 -0.907981 21.1572
      vertex -33 -0.6 -23
      vertex -1.61803 -1.17557 21.0091
    endloop
  endfacet
  facet normal -0.633749 -0.633688 0.443624
    outer loop
      vertex -1.90211 -0.618033 21.3998
      vertex -33 -0.6 -23
      vertex -1.78201 -0.907981 21.1572
    endloop
  endfacet
  facet normal -0.63375 -0.633685 0.443625
    outer loop
      vertex -33 -0.6 -23
      vertex -1.90211 -0.618033 21.3998
      vertex -33.2142 -0.385778 -23
    endloop
  endfacet
  facet normal -0.633752 -0.633683 0.443626
    outer loop
      vertex -33.2142 -0.385778 -23
      vertex -1.90211 -0.618033 21.3998
      vertex -1.95787 -0.385778 21.6519
    endloop
  endfacet
  facet normal -0.633724 -0.633724 0.443607
    outer loop
      vertex -0.6 -33 -23
      vertex -1.61803 -1.17557 21.0091
      vertex -33 -0.6 -23
    endloop
  endfacet
  facet normal -0.633781 -0.633687 0.443579
    outer loop
      vertex -1.61803 -1.17557 21.0091
      vertex -0.6 -33 -23
      vertex -1.41421 -1.41421 20.9594
    endloop
  endfacet
  facet normal -0.633685 -0.63375 0.443626
    outer loop
      vertex -0.385778 -33.2142 -23
      vertex -1.41421 -1.41421 20.9594
      vertex -0.6 -33 -23
    endloop
  endfacet
  facet normal -0.633676 -0.633756 0.443631
    outer loop
      vertex -1.41421 -1.41421 20.9594
      vertex -0.385778 -33.2142 -23
      vertex -1.17557 -1.61803 21.0091
    endloop
  endfacet
  facet normal -0.633811 -0.633667 0.443565
    outer loop
      vertex -1.17557 -1.61803 21.0091
      vertex -0.385778 -33.2142 -23
      vertex -0.907981 -1.78201 21.1572
    endloop
  endfacet
  facet normal -0.633688 -0.633749 0.443624
    outer loop
      vertex -0.907981 -1.78201 21.1572
      vertex -0.385778 -33.2142 -23
      vertex -0.618033 -1.90211 21.3998
    endloop
  endfacet
  facet normal -0.633683 -0.633752 0.443626
    outer loop
      vertex -0.618033 -1.90211 21.3998
      vertex -0.385778 -33.2142 -23
      vertex -0.385778 -1.95787 21.6519
    endloop
  endfacet
  facet normal -0.633724 -0.633724 0.443607
    outer loop
      vertex -2 -33 -25
      vertex -33 -0.6 -23
      vertex -33 -2 -25
    endloop
  endfacet
  facet normal -0.633724 -0.633724 0.443607
    outer loop
      vertex -33 -0.6 -23
      vertex -2 -33 -25
      vertex -0.6 -33 -23
    endloop
  endfacet
  facet normal 0.366492 0.366513 -0.855191
    outer loop
      vertex -2 -33 -25
      vertex 0 -2 -10.8571
      vertex 0 -33 -24.1429
    endloop
  endfacet
  facet normal 0.366663 0.366476 -0.855134
    outer loop
      vertex 0 -2 -10.8571
      vertex -2 -33 -25
      vertex -0.312868 -1.97538 -10.9807
    endloop
  endfacet
  facet normal 0.366548 0.3665 -0.855173
    outer loop
      vertex -0.312868 -1.97538 -10.9807
      vertex -2 -33 -25
      vertex -0.618033 -1.90211 -11.0801
    endloop
  endfacet
  facet normal 0.366528 0.366503 -0.85518
    outer loop
      vertex -0.618033 -1.90211 -11.0801
      vertex -2 -33 -25
      vertex -0.907981 -1.78201 -11.1529
    endloop
  endfacet
  facet normal 0.366497 0.366509 -0.85519
    outer loop
      vertex -0.907981 -1.78201 -11.1529
      vertex -2 -33 -25
      vertex -1.17557 -1.61803 -11.1973
    endloop
  endfacet
  facet normal 0.366438 0.36652 -0.855211
    outer loop
      vertex -1.17557 -1.61803 -11.1973
      vertex -2 -33 -25
      vertex -1.41421 -1.41421 -11.2122
    endloop
  endfacet
  facet normal 0.366508 0.366508 -0.855186
    outer loop
      vertex -33 -2 -25
      vertex -1.41421 -1.41421 -11.2122
      vertex -2 -33 -25
    endloop
  endfacet
  facet normal 0.36652 0.366438 -0.855211
    outer loop
      vertex -1.41421 -1.41421 -11.2122
      vertex -33 -2 -25
      vertex -1.61803 -1.17557 -11.1973
    endloop
  endfacet
  facet normal 0.366509 0.366497 -0.85519
    outer loop
      vertex -1.61803 -1.17557 -11.1973
      vertex -33 -2 -25
      vertex -1.78201 -0.907981 -11.1529
    endloop
  endfacet
  facet normal 0.366503 0.366528 -0.85518
    outer loop
      vertex -1.78201 -0.907981 -11.1529
      vertex -33 -2 -25
      vertex -1.90211 -0.618033 -11.0801
    endloop
  endfacet
  facet normal 0.3665 0.366548 -0.855173
    outer loop
      vertex -1.90211 -0.618033 -11.0801
      vertex -33 -2 -25
      vertex -1.97538 -0.312868 -10.9807
    endloop
  endfacet
  facet normal 0.366476 0.366663 -0.855134
    outer loop
      vertex -1.97538 -0.312868 -10.9807
      vertex -33 -2 -25
      vertex -2 0 -10.8571
    endloop
  endfacet
  facet normal 0.366513 0.366492 -0.855191
    outer loop
      vertex -2 0 -10.8571
      vertex -33 -2 -25
      vertex -33 0 -24.1429
    endloop
  endfacet
  facet normal 0.633676 -0.633756 0.443631
    outer loop
      vertex 1.17557 -1.61803 21.0091
      vertex 0.385778 -33.2142 -23
      vertex 1.41421 -1.41421 20.9594
    endloop
  endfacet
  facet normal 0.633811 -0.633667 0.443565
    outer loop
      vertex 0.907981 -1.78201 21.1572
      vertex 0.385778 -33.2142 -23
      vertex 1.17557 -1.61803 21.0091
    endloop
  endfacet
  facet normal 0.633688 -0.633749 0.443624
    outer loop
      vertex 0.618033 -1.90211 21.3998
      vertex 0.385778 -33.2142 -23
      vertex 0.907981 -1.78201 21.1572
    endloop
  endfacet
  facet normal 0.633683 -0.633752 0.443626
    outer loop
      vertex 0.385778 -33.2142 -23
      vertex 0.618033 -1.90211 21.3998
      vertex 0.385778 -1.95787 21.6519
    endloop
  endfacet
  facet normal 0.633685 -0.63375 0.443626
    outer loop
      vertex 0.6 -33 -23
      vertex 1.41421 -1.41421 20.9594
      vertex 0.385778 -33.2142 -23
    endloop
  endfacet
  facet normal 0.633781 -0.633687 0.443579
    outer loop
      vertex 1.41421 -1.41421 20.9594
      vertex 0.6 -33 -23
      vertex 1.61803 -1.17557 21.0091
    endloop
  endfacet
  facet normal 0.633724 -0.633724 0.443607
    outer loop
      vertex 33 -0.6 -23
      vertex 1.61803 -1.17557 21.0091
      vertex 0.6 -33 -23
    endloop
  endfacet
  facet normal 0.633667 -0.633811 0.443565
    outer loop
      vertex 1.61803 -1.17557 21.0091
      vertex 33 -0.6 -23
      vertex 1.78201 -0.907981 21.1572
    endloop
  endfacet
  facet normal 0.633749 -0.633688 0.443624
    outer loop
      vertex 1.78201 -0.907981 21.1572
      vertex 33 -0.6 -23
      vertex 1.90211 -0.618033 21.3998
    endloop
  endfacet
  facet normal 0.63375 -0.633685 0.443625
    outer loop
      vertex 33.2142 -0.385778 -23
      vertex 1.90211 -0.618033 21.3998
      vertex 33 -0.6 -23
    endloop
  endfacet
  facet normal 0.633752 -0.633683 0.443626
    outer loop
      vertex 1.90211 -0.618033 21.3998
      vertex 33.2142 -0.385778 -23
      vertex 1.95787 -0.385778 21.6519
    endloop
  endfacet
  facet normal 0.633724 -0.633724 0.443607
    outer loop
      vertex 2 -33 -25
      vertex 33 -0.6 -23
      vertex 0.6 -33 -23
    endloop
  endfacet
  facet normal 0.633724 -0.633724 0.443607
    outer loop
      vertex 33 -0.6 -23
      vertex 2 -33 -25
      vertex 33 -2 -25
    endloop
  endfacet
  facet normal -0.366508 0.366508 -0.855186
    outer loop
      vertex 1.41421 -1.41421 -11.2122
      vertex 33 -2 -25
      vertex 2 -33 -25
    endloop
  endfacet
  facet normal -0.36652 0.366438 -0.855211
    outer loop
      vertex 1.61803 -1.17557 -11.1973
      vertex 33 -2 -25
      vertex 1.41421 -1.41421 -11.2122
    endloop
  endfacet
  facet normal -0.366513 0.366492 -0.855191
    outer loop
      vertex 33 -2 -25
      vertex 2 0 -10.8571
      vertex 33 0 -24.1429
    endloop
  endfacet
  facet normal -0.366476 0.366663 -0.855134
    outer loop
      vertex 2 0 -10.8571
      vertex 33 -2 -25
      vertex 1.97538 -0.312868 -10.9807
    endloop
  endfacet
  facet normal -0.3665 0.366548 -0.855173
    outer loop
      vertex 1.97538 -0.312868 -10.9807
      vertex 33 -2 -25
      vertex 1.90211 -0.618033 -11.0801
    endloop
  endfacet
  facet normal -0.366503 0.366528 -0.85518
    outer loop
      vertex 1.90211 -0.618033 -11.0801
      vertex 33 -2 -25
      vertex 1.78201 -0.907981 -11.1529
    endloop
  endfacet
  facet normal -0.366509 0.366497 -0.85519
    outer loop
      vertex 1.78201 -0.907981 -11.1529
      vertex 33 -2 -25
      vertex 1.61803 -1.17557 -11.1973
    endloop
  endfacet
  facet normal -0.366438 0.36652 -0.855211
    outer loop
      vertex 2 -33 -25
      vertex 1.17557 -1.61803 -11.1973
      vertex 1.41421 -1.41421 -11.2122
    endloop
  endfacet
  facet normal -0.366497 0.366509 -0.85519
    outer loop
      vertex 2 -33 -25
      vertex 0.907981 -1.78201 -11.1529
      vertex 1.17557 -1.61803 -11.1973
    endloop
  endfacet
  facet normal -0.366528 0.366503 -0.85518
    outer loop
      vertex 2 -33 -25
      vertex 0.618033 -1.90211 -11.0801
      vertex 0.907981 -1.78201 -11.1529
    endloop
  endfacet
  facet normal -0.366548 0.3665 -0.855173
    outer loop
      vertex 2 -33 -25
      vertex 0.312868 -1.97538 -10.9807
      vertex 0.618033 -1.90211 -11.0801
    endloop
  endfacet
  facet normal -0.366492 0.366513 -0.855191
    outer loop
      vertex 0 -2 -10.8571
      vertex 2 -33 -25
      vertex 0 -33 -24.1429
    endloop
  endfacet
  facet normal -0.366663 0.366476 -0.855134
    outer loop
      vertex 2 -33 -25
      vertex 0 -2 -10.8571
      vertex 0.312868 -1.97538 -10.9807
    endloop
  endfacet
  facet normal 0.972365 -0.233465 0
    outer loop
      vertex 1.90211 -0.618033 -11.0801
      vertex 1.97538 -0.312868 -25
      vertex 1.97538 -0.312868 -10.9807
    endloop
  endfacet
  facet normal 0.972365 -0.233465 0
    outer loop
      vertex 1.97538 -0.312868 -25
      vertex 1.90211 -0.618033 -11.0801
      vertex 1.90211 -0.618033 -25
    endloop
  endfacet
  facet normal 0.972365 -0.233465 0
    outer loop
      vertex 1.93082 -0.498458 22.2809
      vertex 1.90211 -0.618033 22.7704
      vertex 1.93082 -0.498458 22.2025
    endloop
  endfacet
  facet normal 0.972389 -0.233367 2.52885e-05
    outer loop
      vertex 1.93229 -0.492321 22.3902
      vertex 1.90211 -0.618033 22.7704
      vertex 1.93082 -0.498458 22.2809
    endloop
  endfacet
  facet normal 0.972372 -0.233436 1.44514e-06
    outer loop
      vertex 1.9352 -0.480199 22.4608
      vertex 1.90211 -0.618033 22.7704
      vertex 1.93229 -0.492321 22.3902
    endloop
  endfacet
  facet normal 0.972356 -0.233502 -3.0084e-05
    outer loop
      vertex 1.93948 -0.462389 22.5607
      vertex 1.90211 -0.618033 22.7704
      vertex 1.9352 -0.480199 22.4608
    endloop
  endfacet
  facet normal 0.972365 -0.233465 -4.76957e-07
    outer loop
      vertex 1.94649 -0.433193 22.6513
      vertex 1.90211 -0.618033 22.7704
      vertex 1.93948 -0.462389 22.5607
    endloop
  endfacet
  facet normal 0.972358 -0.233495 -5.00844e-05
    outer loop
      vertex 1.95168 -0.411591 22.7028
      vertex 1.90211 -0.618033 22.7704
      vertex 1.94649 -0.433193 22.6513
    endloop
  endfacet
  facet normal 0.972366 -0.23346 6.34794e-05
    outer loop
      vertex 1.90211 -0.618033 22.7704
      vertex 1.95168 -0.411591 22.7028
      vertex 1.95984 -0.377586 22.7704
    endloop
  endfacet
  facet normal 0.972606 -0.232462 -0.000158102
    outer loop
      vertex 1.90211 -0.618033 21.3998
      vertex 1.9309 -0.498119 22.1962
      vertex 1.93082 -0.498458 22.2025
    endloop
  endfacet
  facet normal 0.972365 -0.233465 0
    outer loop
      vertex 1.90211 -0.618033 21.3998
      vertex 1.93082 -0.498458 22.2025
      vertex 1.90211 -0.618033 22.7704
    endloop
  endfacet
  facet normal 0.972388 -0.233369 -1.35771e-05
    outer loop
      vertex 1.9309 -0.498119 22.1962
      vertex 1.90211 -0.618033 21.3998
      vertex 1.93229 -0.492321 22.089
    endloop
  endfacet
  facet normal 0.972373 -0.233434 -1.06566e-06
    outer loop
      vertex 1.93229 -0.492321 22.089
      vertex 1.90211 -0.618033 21.3998
      vertex 1.9352 -0.480199 22.01
    endloop
  endfacet
  facet normal 0.972387 -0.233373 -7.21836e-05
    outer loop
      vertex 1.95168 -0.411591 21.721
      vertex 1.90211 -0.618033 21.3998
      vertex 1.95787 -0.385778 21.6519
    endloop
  endfacet
  facet normal 0.972351 -0.233523 2.93624e-05
    outer loop
      vertex 1.94649 -0.433193 21.7873
      vertex 1.90211 -0.618033 21.3998
      vertex 1.95168 -0.411591 21.721
    endloop
  endfacet
  facet normal 0.972365 -0.233465 3.03565e-07
    outer loop
      vertex 1.93948 -0.462389 21.898
      vertex 1.90211 -0.618033 21.3998
      vertex 1.94649 -0.433193 21.7873
    endloop
  endfacet
  facet normal 0.972349 -0.233531 2.20537e-05
    outer loop
      vertex 1.9352 -0.480199 22.01
      vertex 1.90211 -0.618033 21.3998
      vertex 1.93948 -0.462389 21.898
    endloop
  endfacet
  facet normal 0.972365 0.233465 -0
    outer loop
      vertex 1.97538 0.312868 -25
      vertex 1.90211 0.618033 -11.0801
      vertex 1.97538 0.312868 -10.9807
    endloop
  endfacet
  facet normal 0.972365 0.233465 0
    outer loop
      vertex 1.90211 0.618033 -11.0801
      vertex 1.97538 0.312868 -25
      vertex 1.90211 0.618033 -25
    endloop
  endfacet
  facet normal 0.972365 0.233465 -0
    outer loop
      vertex 1.93082 0.498458 22.2025
      vertex 1.90211 0.618033 22.7704
      vertex 1.93082 0.498458 22.2809
    endloop
  endfacet
  facet normal 0.972389 0.233367 2.52885e-05
    outer loop
      vertex 1.90211 0.618033 22.7704
      vertex 1.93229 0.492321 22.3902
      vertex 1.93082 0.498458 22.2809
    endloop
  endfacet
  facet normal 0.972372 0.233436 1.44514e-06
    outer loop
      vertex 1.90211 0.618033 22.7704
      vertex 1.9352 0.480199 22.4608
      vertex 1.93229 0.492321 22.3902
    endloop
  endfacet
  facet normal 0.972356 0.233502 -3.0084e-05
    outer loop
      vertex 1.90211 0.618033 22.7704
      vertex 1.93948 0.462389 22.5607
      vertex 1.9352 0.480199 22.4608
    endloop
  endfacet
  facet normal 0.972365 0.233465 -4.76957e-07
    outer loop
      vertex 1.90211 0.618033 22.7704
      vertex 1.94649 0.433193 22.6513
      vertex 1.93948 0.462389 22.5607
    endloop
  endfacet
  facet normal 0.972358 0.233495 -5.00844e-05
    outer loop
      vertex 1.90211 0.618033 22.7704
      vertex 1.95168 0.411591 22.7028
      vertex 1.94649 0.433193 22.6513
    endloop
  endfacet
  facet normal 0.972366 0.23346 6.34794e-05
    outer loop
      vertex 1.95168 0.411591 22.7028
      vertex 1.90211 0.618033 22.7704
      vertex 1.95984 0.377586 22.7704
    endloop
  endfacet
  facet normal 0.972365 0.233465 0
    outer loop
      vertex 1.90211 0.618033 22.7704
      vertex 1.93082 0.498458 22.2025
      vertex 1.90211 0.618033 21.3998
    endloop
  endfacet
  facet normal 0.972606 0.232462 -0.000158102
    outer loop
      vertex 1.9309 0.498119 22.1962
      vertex 1.90211 0.618033 21.3998
      vertex 1.93082 0.498458 22.2025
    endloop
  endfacet
  facet normal 0.972388 0.233369 -1.35771e-05
    outer loop
      vertex 1.93229 0.492321 22.089
      vertex 1.90211 0.618033 21.3998
      vertex 1.9309 0.498119 22.1962
    endloop
  endfacet
  facet normal 0.972373 0.233434 -1.06566e-06
    outer loop
      vertex 1.9352 0.480199 22.01
      vertex 1.90211 0.618033 21.3998
      vertex 1.93229 0.492321 22.089
    endloop
  endfacet
  facet normal 0.972349 0.233531 2.20537e-05
    outer loop
      vertex 1.93948 0.462389 21.898
      vertex 1.90211 0.618033 21.3998
      vertex 1.9352 0.480199 22.01
    endloop
  endfacet
  facet normal 0.972365 0.233465 3.03565e-07
    outer loop
      vertex 1.94649 0.433193 21.7873
      vertex 1.90211 0.618033 21.3998
      vertex 1.93948 0.462389 21.898
    endloop
  endfacet
  facet normal 0.972351 0.233523 2.93624e-05
    outer loop
      vertex 1.95168 0.411591 21.721
      vertex 1.90211 0.618033 21.3998
      vertex 1.94649 0.433193 21.7873
    endloop
  endfacet
  facet normal 0.972387 0.233373 -7.21836e-05
    outer loop
      vertex 1.90211 0.618033 21.3998
      vertex 1.95168 0.411591 21.721
      vertex 1.95787 0.385778 21.6519
    endloop
  endfacet
  facet normal 0.996918 0.0784488 -0
    outer loop
      vertex 2 0 -25
      vertex 1.97538 0.312868 -10.9807
      vertex 2 0 -10.8571
    endloop
  endfacet
  facet normal 0.996918 0.0784488 0
    outer loop
      vertex 1.97538 0.312868 -10.9807
      vertex 2 0 -25
      vertex 1.97538 0.312868 -25
    endloop
  endfacet
  facet normal 0.92388 0.382682 -0
    outer loop
      vertex 1.90211 0.618033 -25
      vertex 1.78201 0.907981 -11.1529
      vertex 1.90211 0.618033 -11.0801
    endloop
  endfacet
  facet normal 0.92388 0.382682 0
    outer loop
      vertex 1.78201 0.907981 -11.1529
      vertex 1.90211 0.618033 -25
      vertex 1.78201 0.907981 -25
    endloop
  endfacet
  facet normal 0.923869 0.382709 -6.71502e-06
    outer loop
      vertex 1.90211 0.618033 21.3998
      vertex 1.78201 0.907981 22.7704
      vertex 1.88086 0.669355 22.7704
    endloop
  endfacet
  facet normal 0.923932 0.382556 -0
    outer loop
      vertex 1.90211 0.618033 21.3998
      vertex 1.88086 0.669355 22.7704
      vertex 1.90211 0.618033 22.7704
    endloop
  endfacet
  facet normal 0.92388 0.382682 0
    outer loop
      vertex 1.78201 0.907981 22.7704
      vertex 1.90211 0.618033 21.3998
      vertex 1.78201 0.907981 21.1572
    endloop
  endfacet
  facet normal -0.92388 -0.382682 -0
    outer loop
      vertex -1.78201 -0.907981 -11.1529
      vertex -1.90211 -0.618033 -25
      vertex -1.78201 -0.907981 -25
    endloop
  endfacet
  facet normal -0.92388 -0.382682 0
    outer loop
      vertex -1.90211 -0.618033 -25
      vertex -1.78201 -0.907981 -11.1529
      vertex -1.90211 -0.618033 -11.0801
    endloop
  endfacet
  facet normal -0.923932 -0.382556 0
    outer loop
      vertex -1.90211 -0.618033 21.3998
      vertex -1.88086 -0.669355 22.7704
      vertex -1.90211 -0.618033 22.7704
    endloop
  endfacet
  facet normal -0.923869 -0.382709 -6.71502e-06
    outer loop
      vertex -1.90211 -0.618033 21.3998
      vertex -1.78201 -0.907981 22.7704
      vertex -1.88086 -0.669355 22.7704
    endloop
  endfacet
  facet normal -0.92388 -0.382682 -0
    outer loop
      vertex -1.78201 -0.907981 22.7704
      vertex -1.90211 -0.618033 21.3998
      vertex -1.78201 -0.907981 21.1572
    endloop
  endfacet
  facet normal -0.649452 -0.760403 0
    outer loop
      vertex -1.17557 -1.61803 -25
      vertex -1.41421 -1.41421 -11.2122
      vertex -1.41421 -1.41421 -25
    endloop
  endfacet
  facet normal -0.649452 -0.760403 0
    outer loop
      vertex -1.41421 -1.41421 -11.2122
      vertex -1.17557 -1.61803 -25
      vertex -1.17557 -1.61803 -11.1973
    endloop
  endfacet
  facet normal -0.649486 -0.760374 -7.91471e-06
    outer loop
      vertex -1.17557 -1.61803 21.0091
      vertex -1.37197 -1.45029 22.7704
      vertex -1.41421 -1.41421 22.7704
    endloop
  endfacet
  facet normal -0.649445 -0.760409 0
    outer loop
      vertex -1.37197 -1.45029 22.7704
      vertex -1.17557 -1.61803 21.0091
      vertex -1.17557 -1.61803 22.7704
    endloop
  endfacet
  facet normal -0.649452 -0.760403 0
    outer loop
      vertex -1.17557 -1.61803 21.0091
      vertex -1.41421 -1.41421 22.7704
      vertex -1.41421 -1.41421 20.9594
    endloop
  endfacet
  facet normal -0.233465 0.972365 0
    outer loop
      vertex -0.312868 1.97538 -25
      vertex -0.618033 1.90211 -11.0801
      vertex -0.312868 1.97538 -10.9807
    endloop
  endfacet
  facet normal -0.233465 0.972365 0
    outer loop
      vertex -0.618033 1.90211 -11.0801
      vertex -0.312868 1.97538 -25
      vertex -0.618033 1.90211 -25
    endloop
  endfacet
  facet normal -0.23346 0.972366 6.34794e-05
    outer loop
      vertex -0.411591 1.95168 22.7028
      vertex -0.618033 1.90211 22.7704
      vertex -0.377586 1.95984 22.7704
    endloop
  endfacet
  facet normal -0.233495 0.972358 -5.00844e-05
    outer loop
      vertex -0.433193 1.94649 22.6513
      vertex -0.618033 1.90211 22.7704
      vertex -0.411591 1.95168 22.7028
    endloop
  endfacet
  facet normal -0.233465 0.972365 -4.76957e-07
    outer loop
      vertex -0.462389 1.93948 22.5607
      vertex -0.618033 1.90211 22.7704
      vertex -0.433193 1.94649 22.6513
    endloop
  endfacet
  facet normal -0.233502 0.972356 -3.0084e-05
    outer loop
      vertex -0.480199 1.9352 22.4608
      vertex -0.618033 1.90211 22.7704
      vertex -0.462389 1.93948 22.5607
    endloop
  endfacet
  facet normal -0.233436 0.972372 1.44514e-06
    outer loop
      vertex -0.492321 1.93229 22.3902
      vertex -0.618033 1.90211 22.7704
      vertex -0.480199 1.9352 22.4608
    endloop
  endfacet
  facet normal -0.233367 0.972389 2.52885e-05
    outer loop
      vertex -0.498458 1.93082 22.2809
      vertex -0.618033 1.90211 22.7704
      vertex -0.492321 1.93229 22.3902
    endloop
  endfacet
  facet normal -0.233465 0.972365 0
    outer loop
      vertex -0.498458 1.93082 22.2025
      vertex -0.618033 1.90211 22.7704
      vertex -0.498458 1.93082 22.2809
    endloop
  endfacet
  facet normal -0.234762 0.972053 -0.000288927
    outer loop
      vertex -0.498119 1.9309 22.1962
      vertex -0.618033 1.90211 22.7704
      vertex -0.498458 1.93082 22.2025
    endloop
  endfacet
  facet normal -0.233369 0.972388 -1.35771e-05
    outer loop
      vertex -0.618033 1.90211 21.3998
      vertex -0.498119 1.9309 22.1962
      vertex -0.492321 1.93229 22.089
    endloop
  endfacet
  facet normal -0.233434 0.972373 -1.06566e-06
    outer loop
      vertex -0.618033 1.90211 21.3998
      vertex -0.492321 1.93229 22.089
      vertex -0.480199 1.9352 22.01
    endloop
  endfacet
  facet normal -0.233531 0.972349 2.20537e-05
    outer loop
      vertex -0.618033 1.90211 21.3998
      vertex -0.480199 1.9352 22.01
      vertex -0.462389 1.93948 21.898
    endloop
  endfacet
  facet normal -0.233455 0.972368 0
    outer loop
      vertex -0.498119 1.9309 22.1962
      vertex -0.618033 1.90211 21.3998
      vertex -0.618033 1.90211 22.7704
    endloop
  endfacet
  facet normal -0.233465 0.972365 3.03565e-07
    outer loop
      vertex -0.433193 1.94649 21.7873
      vertex -0.618033 1.90211 21.3998
      vertex -0.462389 1.93948 21.898
    endloop
  endfacet
  facet normal -0.233523 0.972351 2.93624e-05
    outer loop
      vertex -0.411591 1.95168 21.721
      vertex -0.618033 1.90211 21.3998
      vertex -0.433193 1.94649 21.7873
    endloop
  endfacet
  facet normal -0.233373 0.972387 -7.21836e-05
    outer loop
      vertex -0.618033 1.90211 21.3998
      vertex -0.411591 1.95168 21.721
      vertex -0.385778 1.95787 21.6519
    endloop
  endfacet
  facet normal 0.0784488 -0.996918 0
    outer loop
      vertex 0 -2 -25
      vertex 0.312868 -1.97538 -10.9807
      vertex 0 -2 -10.8571
    endloop
  endfacet
  facet normal 0.0784488 -0.996918 0
    outer loop
      vertex 0.312868 -1.97538 -10.9807
      vertex 0 -2 -25
      vertex 0.312868 -1.97538 -25
    endloop
  endfacet
  facet normal -0.522501 0.852638 0
    outer loop
      vertex -0.907981 1.78201 -25
      vertex -1.17557 1.61803 -11.1973
      vertex -0.907981 1.78201 -11.1529
    endloop
  endfacet
  facet normal -0.522501 0.852638 0
    outer loop
      vertex -1.17557 1.61803 -11.1973
      vertex -0.907981 1.78201 -25
      vertex -1.17557 1.61803 -25
    endloop
  endfacet
  facet normal -0.52248 0.852651 0
    outer loop
      vertex -0.907981 1.78201 21.1572
      vertex -1.12821 1.64706 22.7704
      vertex -0.907981 1.78201 22.7704
    endloop
  endfacet
  facet normal -0.5226 0.852578 -2.24956e-05
    outer loop
      vertex -1.12821 1.64706 22.7704
      vertex -0.907981 1.78201 21.1572
      vertex -1.17557 1.61803 22.7704
    endloop
  endfacet
  facet normal -0.522501 0.852638 0
    outer loop
      vertex -1.17557 1.61803 22.7704
      vertex -0.907981 1.78201 21.1572
      vertex -1.17557 1.61803 21.0091
    endloop
  endfacet
  facet normal -0.760403 0.649452 0
    outer loop
      vertex -1.61803 1.17557 -25
      vertex -1.41421 1.41421 -11.2122
      vertex -1.41421 1.41421 -25
    endloop
  endfacet
  facet normal -0.760403 0.649452 0
    outer loop
      vertex -1.41421 1.41421 -11.2122
      vertex -1.61803 1.17557 -25
      vertex -1.61803 1.17557 -11.1973
    endloop
  endfacet
  facet normal -0.760403 0.649452 0
    outer loop
      vertex -1.61803 1.17557 21.0091
      vertex -1.41421 1.41421 22.7704
      vertex -1.41421 1.41421 20.9594
    endloop
  endfacet
  facet normal -0.760374 0.649486 -7.91471e-06
    outer loop
      vertex -1.41421 1.41421 22.7704
      vertex -1.61803 1.17557 21.0091
      vertex -1.45029 1.37197 22.7704
    endloop
  endfacet
  facet normal -0.760409 0.649445 0
    outer loop
      vertex -1.45029 1.37197 22.7704
      vertex -1.61803 1.17557 21.0091
      vertex -1.61803 1.17557 22.7704
    endloop
  endfacet
  facet normal 0.852638 0.522501 -0
    outer loop
      vertex 1.78201 0.907981 -25
      vertex 1.61803 1.17557 -11.1973
      vertex 1.78201 0.907981 -11.1529
    endloop
  endfacet
  facet normal 0.852638 0.522501 0
    outer loop
      vertex 1.61803 1.17557 -11.1973
      vertex 1.78201 0.907981 -25
      vertex 1.61803 1.17557 -25
    endloop
  endfacet
  facet normal 0.852578 0.5226 -2.24956e-05
    outer loop
      vertex 1.78201 0.907981 21.1572
      vertex 1.61803 1.17557 22.7704
      vertex 1.64706 1.12821 22.7704
    endloop
  endfacet
  facet normal 0.852651 0.52248 -0
    outer loop
      vertex 1.78201 0.907981 21.1572
      vertex 1.64706 1.12821 22.7704
      vertex 1.78201 0.907981 22.7704
    endloop
  endfacet
  facet normal 0.852638 0.522501 0
    outer loop
      vertex 1.61803 1.17557 22.7704
      vertex 1.78201 0.907981 21.1572
      vertex 1.61803 1.17557 21.0091
    endloop
  endfacet
  facet normal 0.92388 -0.382682 0
    outer loop
      vertex 1.78201 -0.907981 -11.1529
      vertex 1.90211 -0.618033 -25
      vertex 1.90211 -0.618033 -11.0801
    endloop
  endfacet
  facet normal 0.92388 -0.382682 0
    outer loop
      vertex 1.90211 -0.618033 -25
      vertex 1.78201 -0.907981 -11.1529
      vertex 1.78201 -0.907981 -25
    endloop
  endfacet
  facet normal 0.923932 -0.382556 0
    outer loop
      vertex 1.88086 -0.669355 22.7704
      vertex 1.90211 -0.618033 21.3998
      vertex 1.90211 -0.618033 22.7704
    endloop
  endfacet
  facet normal 0.923869 -0.382709 -6.71502e-06
    outer loop
      vertex 1.78201 -0.907981 22.7704
      vertex 1.90211 -0.618033 21.3998
      vertex 1.88086 -0.669355 22.7704
    endloop
  endfacet
  facet normal 0.92388 -0.382682 0
    outer loop
      vertex 1.90211 -0.618033 21.3998
      vertex 1.78201 -0.907981 22.7704
      vertex 1.78201 -0.907981 21.1572
    endloop
  endfacet
  facet normal 0.760403 0.649452 -0
    outer loop
      vertex 1.61803 1.17557 -25
      vertex 1.41421 1.41421 -11.2122
      vertex 1.61803 1.17557 -11.1973
    endloop
  endfacet
  facet normal 0.760403 0.649452 0
    outer loop
      vertex 1.41421 1.41421 -11.2122
      vertex 1.61803 1.17557 -25
      vertex 1.41421 1.41421 -25
    endloop
  endfacet
  facet normal 0.760374 0.649486 -7.91471e-06
    outer loop
      vertex 1.61803 1.17557 21.0091
      vertex 1.41421 1.41421 22.7704
      vertex 1.45029 1.37197 22.7704
    endloop
  endfacet
  facet normal 0.760409 0.649445 -0
    outer loop
      vertex 1.61803 1.17557 21.0091
      vertex 1.45029 1.37197 22.7704
      vertex 1.61803 1.17557 22.7704
    endloop
  endfacet
  facet normal 0.760403 0.649452 0
    outer loop
      vertex 1.41421 1.41421 22.7704
      vertex 1.61803 1.17557 21.0091
      vertex 1.41421 1.41421 20.9594
    endloop
  endfacet
  facet normal 0.233465 0.972365 0
    outer loop
      vertex 0.312868 1.97538 -25
      vertex 0.618033 1.90211 -11.0801
      vertex 0.618033 1.90211 -25
    endloop
  endfacet
  facet normal 0.233465 0.972365 0
    outer loop
      vertex 0.618033 1.90211 -11.0801
      vertex 0.312868 1.97538 -25
      vertex 0.312868 1.97538 -10.9807
    endloop
  endfacet
  facet normal 0.23346 0.972366 6.34794e-05
    outer loop
      vertex 0.618033 1.90211 22.7704
      vertex 0.411591 1.95168 22.7028
      vertex 0.377586 1.95984 22.7704
    endloop
  endfacet
  facet normal 0.233495 0.972358 -5.00844e-05
    outer loop
      vertex 0.618033 1.90211 22.7704
      vertex 0.433193 1.94649 22.6513
      vertex 0.411591 1.95168 22.7028
    endloop
  endfacet
  facet normal 0.233465 0.972365 -4.76957e-07
    outer loop
      vertex 0.618033 1.90211 22.7704
      vertex 0.462389 1.93948 22.5607
      vertex 0.433193 1.94649 22.6513
    endloop
  endfacet
  facet normal 0.233502 0.972356 -3.0084e-05
    outer loop
      vertex 0.618033 1.90211 22.7704
      vertex 0.480199 1.9352 22.4608
      vertex 0.462389 1.93948 22.5607
    endloop
  endfacet
  facet normal 0.233436 0.972372 1.44514e-06
    outer loop
      vertex 0.618033 1.90211 22.7704
      vertex 0.492321 1.93229 22.3902
      vertex 0.480199 1.9352 22.4608
    endloop
  endfacet
  facet normal 0.233367 0.972389 2.52885e-05
    outer loop
      vertex 0.618033 1.90211 22.7704
      vertex 0.498458 1.93082 22.2809
      vertex 0.492321 1.93229 22.3902
    endloop
  endfacet
  facet normal 0.233465 0.972365 0
    outer loop
      vertex 0.618033 1.90211 22.7704
      vertex 0.498458 1.93082 22.2025
      vertex 0.498458 1.93082 22.2809
    endloop
  endfacet
  facet normal 0.234762 0.972053 -0.000288927
    outer loop
      vertex 0.618033 1.90211 22.7704
      vertex 0.498119 1.9309 22.1962
      vertex 0.498458 1.93082 22.2025
    endloop
  endfacet
  facet normal 0.233455 0.972368 -0
    outer loop
      vertex 0.618033 1.90211 21.3998
      vertex 0.498119 1.9309 22.1962
      vertex 0.618033 1.90211 22.7704
    endloop
  endfacet
  facet normal 0.233369 0.972388 -1.35771e-05
    outer loop
      vertex 0.498119 1.9309 22.1962
      vertex 0.618033 1.90211 21.3998
      vertex 0.492321 1.93229 22.089
    endloop
  endfacet
  facet normal 0.233434 0.972373 -1.06566e-06
    outer loop
      vertex 0.492321 1.93229 22.089
      vertex 0.618033 1.90211 21.3998
      vertex 0.480199 1.9352 22.01
    endloop
  endfacet
  facet normal 0.233373 0.972387 -7.21836e-05
    outer loop
      vertex 0.411591 1.95168 21.721
      vertex 0.618033 1.90211 21.3998
      vertex 0.385778 1.95787 21.6519
    endloop
  endfacet
  facet normal 0.233523 0.972351 2.93624e-05
    outer loop
      vertex 0.433193 1.94649 21.7873
      vertex 0.618033 1.90211 21.3998
      vertex 0.411591 1.95168 21.721
    endloop
  endfacet
  facet normal 0.233465 0.972365 3.03565e-07
    outer loop
      vertex 0.462389 1.93948 21.898
      vertex 0.618033 1.90211 21.3998
      vertex 0.433193 1.94649 21.7873
    endloop
  endfacet
  facet normal 0.233531 0.972349 2.20537e-05
    outer loop
      vertex 0.480199 1.9352 22.01
      vertex 0.618033 1.90211 21.3998
      vertex 0.462389 1.93948 21.898
    endloop
  endfacet
  facet normal 0.852638 -0.522501 0
    outer loop
      vertex 1.61803 -1.17557 -11.1973
      vertex 1.78201 -0.907981 -25
      vertex 1.78201 -0.907981 -11.1529
    endloop
  endfacet
  facet normal 0.852638 -0.522501 0
    outer loop
      vertex 1.78201 -0.907981 -25
      vertex 1.61803 -1.17557 -11.1973
      vertex 1.61803 -1.17557 -25
    endloop
  endfacet
  facet normal 0.852651 -0.52248 0
    outer loop
      vertex 1.64706 -1.12821 22.7704
      vertex 1.78201 -0.907981 21.1572
      vertex 1.78201 -0.907981 22.7704
    endloop
  endfacet
  facet normal 0.852578 -0.5226 -2.24956e-05
    outer loop
      vertex 1.61803 -1.17557 22.7704
      vertex 1.78201 -0.907981 21.1572
      vertex 1.64706 -1.12821 22.7704
    endloop
  endfacet
  facet normal 0.852638 -0.522501 0
    outer loop
      vertex 1.78201 -0.907981 21.1572
      vertex 1.61803 -1.17557 22.7704
      vertex 1.61803 -1.17557 21.0091
    endloop
  endfacet
  facet normal 0.382682 -0.92388 0
    outer loop
      vertex 0.618033 -1.90211 -25
      vertex 0.907981 -1.78201 -11.1529
      vertex 0.618033 -1.90211 -11.0801
    endloop
  endfacet
  facet normal 0.382682 -0.92388 0
    outer loop
      vertex 0.907981 -1.78201 -11.1529
      vertex 0.618033 -1.90211 -25
      vertex 0.907981 -1.78201 -25
    endloop
  endfacet
  facet normal 0.382556 -0.923932 0
    outer loop
      vertex 0.618033 -1.90211 21.3998
      vertex 0.669355 -1.88086 22.7704
      vertex 0.618033 -1.90211 22.7704
    endloop
  endfacet
  facet normal 0.382709 -0.923869 -6.71502e-06
    outer loop
      vertex 0.669355 -1.88086 22.7704
      vertex 0.618033 -1.90211 21.3998
      vertex 0.907981 -1.78201 22.7704
    endloop
  endfacet
  facet normal 0.382682 -0.92388 0
    outer loop
      vertex 0.907981 -1.78201 22.7704
      vertex 0.618033 -1.90211 21.3998
      vertex 0.907981 -1.78201 21.1572
    endloop
  endfacet
  facet normal -0.0784488 0.996918 0
    outer loop
      vertex 0 2 -25
      vertex -0.312868 1.97538 -10.9807
      vertex 0 2 -10.8571
    endloop
  endfacet
  facet normal -0.0784488 0.996918 0
    outer loop
      vertex -0.312868 1.97538 -10.9807
      vertex 0 2 -25
      vertex -0.312868 1.97538 -25
    endloop
  endfacet
  facet normal -0.0784488 -0.996918 0
    outer loop
      vertex 0 -2 -25
      vertex -0.312868 -1.97538 -10.9807
      vertex -0.312868 -1.97538 -25
    endloop
  endfacet
  facet normal -0.0784488 -0.996918 0
    outer loop
      vertex -0.312868 -1.97538 -10.9807
      vertex 0 -2 -25
      vertex 0 -2 -10.8571
    endloop
  endfacet
  facet normal -0.972365 0.233465 0
    outer loop
      vertex -1.97538 0.312868 -25
      vertex -1.90211 0.618033 -11.0801
      vertex -1.90211 0.618033 -25
    endloop
  endfacet
  facet normal -0.972365 0.233465 0
    outer loop
      vertex -1.90211 0.618033 -11.0801
      vertex -1.97538 0.312868 -25
      vertex -1.97538 0.312868 -10.9807
    endloop
  endfacet
  facet normal -0.972365 0.233465 0
    outer loop
      vertex -1.90211 0.618033 21.3998
      vertex -1.93082 0.498458 22.2025
      vertex -1.90211 0.618033 22.7704
    endloop
  endfacet
  facet normal -0.972606 0.232462 -0.000158102
    outer loop
      vertex -1.90211 0.618033 21.3998
      vertex -1.9309 0.498119 22.1962
      vertex -1.93082 0.498458 22.2025
    endloop
  endfacet
  facet normal -0.972388 0.233369 -1.35771e-05
    outer loop
      vertex -1.90211 0.618033 21.3998
      vertex -1.93229 0.492321 22.089
      vertex -1.9309 0.498119 22.1962
    endloop
  endfacet
  facet normal -0.972373 0.233434 -1.06566e-06
    outer loop
      vertex -1.90211 0.618033 21.3998
      vertex -1.9352 0.480199 22.01
      vertex -1.93229 0.492321 22.089
    endloop
  endfacet
  facet normal -0.972349 0.233531 2.20537e-05
    outer loop
      vertex -1.90211 0.618033 21.3998
      vertex -1.93948 0.462389 21.898
      vertex -1.9352 0.480199 22.01
    endloop
  endfacet
  facet normal -0.972365 0.233465 3.03565e-07
    outer loop
      vertex -1.90211 0.618033 21.3998
      vertex -1.94649 0.433193 21.7873
      vertex -1.93948 0.462389 21.898
    endloop
  endfacet
  facet normal -0.972351 0.233523 2.93624e-05
    outer loop
      vertex -1.90211 0.618033 21.3998
      vertex -1.95168 0.411591 21.721
      vertex -1.94649 0.433193 21.7873
    endloop
  endfacet
  facet normal -0.972387 0.233373 -7.21836e-05
    outer loop
      vertex -1.95168 0.411591 21.721
      vertex -1.90211 0.618033 21.3998
      vertex -1.95787 0.385778 21.6519
    endloop
  endfacet
  facet normal -0.972365 0.233465 0
    outer loop
      vertex -1.93082 0.498458 22.2809
      vertex -1.90211 0.618033 22.7704
      vertex -1.93082 0.498458 22.2025
    endloop
  endfacet
  facet normal -0.972389 0.233367 2.52885e-05
    outer loop
      vertex -1.93229 0.492321 22.3902
      vertex -1.90211 0.618033 22.7704
      vertex -1.93082 0.498458 22.2809
    endloop
  endfacet
  facet normal -0.972372 0.233436 1.44514e-06
    outer loop
      vertex -1.9352 0.480199 22.4608
      vertex -1.90211 0.618033 22.7704
      vertex -1.93229 0.492321 22.3902
    endloop
  endfacet
  facet normal -0.972356 0.233502 -3.0084e-05
    outer loop
      vertex -1.93948 0.462389 22.5607
      vertex -1.90211 0.618033 22.7704
      vertex -1.9352 0.480199 22.4608
    endloop
  endfacet
  facet normal -0.972365 0.233465 -4.76957e-07
    outer loop
      vertex -1.94649 0.433193 22.6513
      vertex -1.90211 0.618033 22.7704
      vertex -1.93948 0.462389 22.5607
    endloop
  endfacet
  facet normal -0.972358 0.233495 -5.00844e-05
    outer loop
      vertex -1.95168 0.411591 22.7028
      vertex -1.90211 0.618033 22.7704
      vertex -1.94649 0.433193 22.6513
    endloop
  endfacet
  facet normal -0.972366 0.23346 6.34794e-05
    outer loop
      vertex -1.90211 0.618033 22.7704
      vertex -1.95168 0.411591 22.7028
      vertex -1.95984 0.377586 22.7704
    endloop
  endfacet
  facet normal -0.649452 0.760403 0
    outer loop
      vertex -1.17557 1.61803 -25
      vertex -1.41421 1.41421 -11.2122
      vertex -1.17557 1.61803 -11.1973
    endloop
  endfacet
  facet normal -0.649452 0.760403 0
    outer loop
      vertex -1.41421 1.41421 -11.2122
      vertex -1.17557 1.61803 -25
      vertex -1.41421 1.41421 -25
    endloop
  endfacet
  facet normal -0.649445 0.760409 0
    outer loop
      vertex -1.17557 1.61803 21.0091
      vertex -1.37197 1.45029 22.7704
      vertex -1.17557 1.61803 22.7704
    endloop
  endfacet
  facet normal -0.649486 0.760374 -7.91471e-06
    outer loop
      vertex -1.37197 1.45029 22.7704
      vertex -1.17557 1.61803 21.0091
      vertex -1.41421 1.41421 22.7704
    endloop
  endfacet
  facet normal -0.649452 0.760403 0
    outer loop
      vertex -1.41421 1.41421 22.7704
      vertex -1.17557 1.61803 21.0091
      vertex -1.41421 1.41421 20.9594
    endloop
  endfacet
  facet normal 0.522501 0.852638 0
    outer loop
      vertex 0.907981 1.78201 -25
      vertex 1.17557 1.61803 -11.1973
      vertex 1.17557 1.61803 -25
    endloop
  endfacet
  facet normal 0.522501 0.852638 0
    outer loop
      vertex 1.17557 1.61803 -11.1973
      vertex 0.907981 1.78201 -25
      vertex 0.907981 1.78201 -11.1529
    endloop
  endfacet
  facet normal 0.5226 0.852578 -2.24956e-05
    outer loop
      vertex 1.17557 1.61803 22.7704
      vertex 0.907981 1.78201 21.1572
      vertex 1.12821 1.64706 22.7704
    endloop
  endfacet
  facet normal 0.52248 0.852651 0
    outer loop
      vertex 1.12821 1.64706 22.7704
      vertex 0.907981 1.78201 21.1572
      vertex 0.907981 1.78201 22.7704
    endloop
  endfacet
  facet normal 0.522501 0.852638 0
    outer loop
      vertex 0.907981 1.78201 21.1572
      vertex 1.17557 1.61803 22.7704
      vertex 1.17557 1.61803 21.0091
    endloop
  endfacet
  facet normal -0.522501 -0.852638 0
    outer loop
      vertex -0.907981 -1.78201 -25
      vertex -1.17557 -1.61803 -11.1973
      vertex -1.17557 -1.61803 -25
    endloop
  endfacet
  facet normal -0.522501 -0.852638 0
    outer loop
      vertex -1.17557 -1.61803 -11.1973
      vertex -0.907981 -1.78201 -25
      vertex -0.907981 -1.78201 -11.1529
    endloop
  endfacet
  facet normal -0.5226 -0.852578 -2.24956e-05
    outer loop
      vertex -1.17557 -1.61803 22.7704
      vertex -0.907981 -1.78201 21.1572
      vertex -1.12821 -1.64706 22.7704
    endloop
  endfacet
  facet normal -0.52248 -0.852651 0
    outer loop
      vertex -1.12821 -1.64706 22.7704
      vertex -0.907981 -1.78201 21.1572
      vertex -0.907981 -1.78201 22.7704
    endloop
  endfacet
  facet normal -0.522501 -0.852638 0
    outer loop
      vertex -0.907981 -1.78201 21.1572
      vertex -1.17557 -1.61803 22.7704
      vertex -1.17557 -1.61803 21.0091
    endloop
  endfacet
  facet normal 0.760403 -0.649452 0
    outer loop
      vertex 1.41421 -1.41421 -11.2122
      vertex 1.61803 -1.17557 -25
      vertex 1.61803 -1.17557 -11.1973
    endloop
  endfacet
  facet normal 0.760403 -0.649452 0
    outer loop
      vertex 1.61803 -1.17557 -25
      vertex 1.41421 -1.41421 -11.2122
      vertex 1.41421 -1.41421 -25
    endloop
  endfacet
  facet normal 0.760409 -0.649445 0
    outer loop
      vertex 1.45029 -1.37197 22.7704
      vertex 1.61803 -1.17557 21.0091
      vertex 1.61803 -1.17557 22.7704
    endloop
  endfacet
  facet normal 0.760374 -0.649486 -7.91471e-06
    outer loop
      vertex 1.41421 -1.41421 22.7704
      vertex 1.61803 -1.17557 21.0091
      vertex 1.45029 -1.37197 22.7704
    endloop
  endfacet
  facet normal 0.760403 -0.649452 0
    outer loop
      vertex 1.61803 -1.17557 21.0091
      vertex 1.41421 -1.41421 22.7704
      vertex 1.41421 -1.41421 20.9594
    endloop
  endfacet
  facet normal 0.522501 -0.852638 0
    outer loop
      vertex 0.907981 -1.78201 -25
      vertex 1.17557 -1.61803 -11.1973
      vertex 0.907981 -1.78201 -11.1529
    endloop
  endfacet
  facet normal 0.522501 -0.852638 0
    outer loop
      vertex 1.17557 -1.61803 -11.1973
      vertex 0.907981 -1.78201 -25
      vertex 1.17557 -1.61803 -25
    endloop
  endfacet
  facet normal 0.52248 -0.852651 0
    outer loop
      vertex 0.907981 -1.78201 21.1572
      vertex 1.12821 -1.64706 22.7704
      vertex 0.907981 -1.78201 22.7704
    endloop
  endfacet
  facet normal 0.5226 -0.852578 -2.24956e-05
    outer loop
      vertex 1.12821 -1.64706 22.7704
      vertex 0.907981 -1.78201 21.1572
      vertex 1.17557 -1.61803 22.7704
    endloop
  endfacet
  facet normal 0.522501 -0.852638 0
    outer loop
      vertex 1.17557 -1.61803 22.7704
      vertex 0.907981 -1.78201 21.1572
      vertex 1.17557 -1.61803 21.0091
    endloop
  endfacet
  facet normal 0.996918 -0.0784488 0
    outer loop
      vertex 1.97538 -0.312868 -10.9807
      vertex 2 0 -25
      vertex 2 0 -10.8571
    endloop
  endfacet
  facet normal 0.996918 -0.0784488 0
    outer loop
      vertex 2 0 -25
      vertex 1.97538 -0.312868 -10.9807
      vertex 1.97538 -0.312868 -25
    endloop
  endfacet
  facet normal 0.649452 0.760403 0
    outer loop
      vertex 1.17557 1.61803 -25
      vertex 1.41421 1.41421 -11.2122
      vertex 1.41421 1.41421 -25
    endloop
  endfacet
  facet normal 0.649452 0.760403 0
    outer loop
      vertex 1.41421 1.41421 -11.2122
      vertex 1.17557 1.61803 -25
      vertex 1.17557 1.61803 -11.1973
    endloop
  endfacet
  facet normal 0.649486 0.760374 -7.91471e-06
    outer loop
      vertex 1.17557 1.61803 21.0091
      vertex 1.37197 1.45029 22.7704
      vertex 1.41421 1.41421 22.7704
    endloop
  endfacet
  facet normal 0.649445 0.760409 0
    outer loop
      vertex 1.37197 1.45029 22.7704
      vertex 1.17557 1.61803 21.0091
      vertex 1.17557 1.61803 22.7704
    endloop
  endfacet
  facet normal 0.649452 0.760403 0
    outer loop
      vertex 1.17557 1.61803 21.0091
      vertex 1.41421 1.41421 22.7704
      vertex 1.41421 1.41421 20.9594
    endloop
  endfacet
  facet normal 0.382682 0.92388 0
    outer loop
      vertex 0.618033 1.90211 -25
      vertex 0.907981 1.78201 -11.1529
      vertex 0.907981 1.78201 -25
    endloop
  endfacet
  facet normal 0.382682 0.92388 0
    outer loop
      vertex 0.907981 1.78201 -11.1529
      vertex 0.618033 1.90211 -25
      vertex 0.618033 1.90211 -11.0801
    endloop
  endfacet
  facet normal 0.382709 0.923869 -6.71502e-06
    outer loop
      vertex 0.907981 1.78201 22.7704
      vertex 0.618033 1.90211 21.3998
      vertex 0.669355 1.88086 22.7704
    endloop
  endfacet
  facet normal 0.382556 0.923932 0
    outer loop
      vertex 0.669355 1.88086 22.7704
      vertex 0.618033 1.90211 21.3998
      vertex 0.618033 1.90211 22.7704
    endloop
  endfacet
  facet normal 0.382682 0.92388 0
    outer loop
      vertex 0.618033 1.90211 21.3998
      vertex 0.907981 1.78201 22.7704
      vertex 0.907981 1.78201 21.1572
    endloop
  endfacet
  facet normal -0.92388 0.382682 0
    outer loop
      vertex -1.90211 0.618033 -25
      vertex -1.78201 0.907981 -11.1529
      vertex -1.78201 0.907981 -25
    endloop
  endfacet
  facet normal -0.92388 0.382682 0
    outer loop
      vertex -1.78201 0.907981 -11.1529
      vertex -1.90211 0.618033 -25
      vertex -1.90211 0.618033 -11.0801
    endloop
  endfacet
  facet normal -0.92388 0.382682 0
    outer loop
      vertex -1.90211 0.618033 21.3998
      vertex -1.78201 0.907981 22.7704
      vertex -1.78201 0.907981 21.1572
    endloop
  endfacet
  facet normal -0.923869 0.382709 -6.71502e-06
    outer loop
      vertex -1.78201 0.907981 22.7704
      vertex -1.90211 0.618033 21.3998
      vertex -1.88086 0.669355 22.7704
    endloop
  endfacet
  facet normal -0.923932 0.382556 0
    outer loop
      vertex -1.88086 0.669355 22.7704
      vertex -1.90211 0.618033 21.3998
      vertex -1.90211 0.618033 22.7704
    endloop
  endfacet
  facet normal 0.233465 -0.972365 0
    outer loop
      vertex 0.312868 -1.97538 -25
      vertex 0.618033 -1.90211 -11.0801
      vertex 0.312868 -1.97538 -10.9807
    endloop
  endfacet
  facet normal 0.233465 -0.972365 0
    outer loop
      vertex 0.618033 -1.90211 -11.0801
      vertex 0.312868 -1.97538 -25
      vertex 0.618033 -1.90211 -25
    endloop
  endfacet
  facet normal 0.23346 -0.972366 6.34794e-05
    outer loop
      vertex 0.411591 -1.95168 22.7028
      vertex 0.618033 -1.90211 22.7704
      vertex 0.377586 -1.95984 22.7704
    endloop
  endfacet
  facet normal 0.233495 -0.972358 -5.00844e-05
    outer loop
      vertex 0.433193 -1.94649 22.6513
      vertex 0.618033 -1.90211 22.7704
      vertex 0.411591 -1.95168 22.7028
    endloop
  endfacet
  facet normal 0.233465 -0.972365 -4.76957e-07
    outer loop
      vertex 0.462389 -1.93948 22.5607
      vertex 0.618033 -1.90211 22.7704
      vertex 0.433193 -1.94649 22.6513
    endloop
  endfacet
  facet normal 0.233502 -0.972356 -3.0084e-05
    outer loop
      vertex 0.480199 -1.9352 22.4608
      vertex 0.618033 -1.90211 22.7704
      vertex 0.462389 -1.93948 22.5607
    endloop
  endfacet
  facet normal 0.233436 -0.972372 1.44514e-06
    outer loop
      vertex 0.492321 -1.93229 22.3902
      vertex 0.618033 -1.90211 22.7704
      vertex 0.480199 -1.9352 22.4608
    endloop
  endfacet
  facet normal 0.233367 -0.972389 2.52885e-05
    outer loop
      vertex 0.498458 -1.93082 22.2809
      vertex 0.618033 -1.90211 22.7704
      vertex 0.492321 -1.93229 22.3902
    endloop
  endfacet
  facet normal 0.233465 -0.972365 0
    outer loop
      vertex 0.498458 -1.93082 22.2025
      vertex 0.618033 -1.90211 22.7704
      vertex 0.498458 -1.93082 22.2809
    endloop
  endfacet
  facet normal 0.234762 -0.972053 -0.000288927
    outer loop
      vertex 0.498119 -1.9309 22.1962
      vertex 0.618033 -1.90211 22.7704
      vertex 0.498458 -1.93082 22.2025
    endloop
  endfacet
  facet normal 0.233369 -0.972388 -1.35771e-05
    outer loop
      vertex 0.618033 -1.90211 21.3998
      vertex 0.498119 -1.9309 22.1962
      vertex 0.492321 -1.93229 22.089
    endloop
  endfacet
  facet normal 0.233434 -0.972373 -1.06566e-06
    outer loop
      vertex 0.618033 -1.90211 21.3998
      vertex 0.492321 -1.93229 22.089
      vertex 0.480199 -1.9352 22.01
    endloop
  endfacet
  facet normal 0.233531 -0.972349 2.20537e-05
    outer loop
      vertex 0.618033 -1.90211 21.3998
      vertex 0.480199 -1.9352 22.01
      vertex 0.462389 -1.93948 21.898
    endloop
  endfacet
  facet normal 0.233455 -0.972368 0
    outer loop
      vertex 0.498119 -1.9309 22.1962
      vertex 0.618033 -1.90211 21.3998
      vertex 0.618033 -1.90211 22.7704
    endloop
  endfacet
  facet normal 0.233465 -0.972365 3.03565e-07
    outer loop
      vertex 0.433193 -1.94649 21.7873
      vertex 0.618033 -1.90211 21.3998
      vertex 0.462389 -1.93948 21.898
    endloop
  endfacet
  facet normal 0.233523 -0.972351 2.93624e-05
    outer loop
      vertex 0.411591 -1.95168 21.721
      vertex 0.618033 -1.90211 21.3998
      vertex 0.433193 -1.94649 21.7873
    endloop
  endfacet
  facet normal 0.233373 -0.972387 -7.21836e-05
    outer loop
      vertex 0.618033 -1.90211 21.3998
      vertex 0.411591 -1.95168 21.721
      vertex 0.385778 -1.95787 21.6519
    endloop
  endfacet
  facet normal 0.0784488 0.996918 0
    outer loop
      vertex 0 2 -25
      vertex 0.312868 1.97538 -10.9807
      vertex 0.312868 1.97538 -25
    endloop
  endfacet
  facet normal 0.0784488 0.996918 0
    outer loop
      vertex 0.312868 1.97538 -10.9807
      vertex 0 2 -25
      vertex 0 2 -10.8571
    endloop
  endfacet
  facet normal -0.382682 0.92388 0
    outer loop
      vertex -0.618033 1.90211 -25
      vertex -0.907981 1.78201 -11.1529
      vertex -0.618033 1.90211 -11.0801
    endloop
  endfacet
  facet normal -0.382682 0.92388 0
    outer loop
      vertex -0.907981 1.78201 -11.1529
      vertex -0.618033 1.90211 -25
      vertex -0.907981 1.78201 -25
    endloop
  endfacet
  facet normal -0.382556 0.923932 0
    outer loop
      vertex -0.618033 1.90211 21.3998
      vertex -0.669355 1.88086 22.7704
      vertex -0.618033 1.90211 22.7704
    endloop
  endfacet
  facet normal -0.382709 0.923869 -6.71502e-06
    outer loop
      vertex -0.669355 1.88086 22.7704
      vertex -0.618033 1.90211 21.3998
      vertex -0.907981 1.78201 22.7704
    endloop
  endfacet
  facet normal -0.382682 0.92388 0
    outer loop
      vertex -0.907981 1.78201 22.7704
      vertex -0.618033 1.90211 21.3998
      vertex -0.907981 1.78201 21.1572
    endloop
  endfacet
  facet normal -0.233465 -0.972365 0
    outer loop
      vertex -0.312868 -1.97538 -25
      vertex -0.618033 -1.90211 -11.0801
      vertex -0.618033 -1.90211 -25
    endloop
  endfacet
  facet normal -0.233465 -0.972365 0
    outer loop
      vertex -0.618033 -1.90211 -11.0801
      vertex -0.312868 -1.97538 -25
      vertex -0.312868 -1.97538 -10.9807
    endloop
  endfacet
  facet normal -0.23346 -0.972366 6.34794e-05
    outer loop
      vertex -0.618033 -1.90211 22.7704
      vertex -0.411591 -1.95168 22.7028
      vertex -0.377586 -1.95984 22.7704
    endloop
  endfacet
  facet normal -0.233495 -0.972358 -5.00844e-05
    outer loop
      vertex -0.618033 -1.90211 22.7704
      vertex -0.433193 -1.94649 22.6513
      vertex -0.411591 -1.95168 22.7028
    endloop
  endfacet
  facet normal -0.233465 -0.972365 -4.76957e-07
    outer loop
      vertex -0.618033 -1.90211 22.7704
      vertex -0.462389 -1.93948 22.5607
      vertex -0.433193 -1.94649 22.6513
    endloop
  endfacet
  facet normal -0.233502 -0.972356 -3.0084e-05
    outer loop
      vertex -0.618033 -1.90211 22.7704
      vertex -0.480199 -1.9352 22.4608
      vertex -0.462389 -1.93948 22.5607
    endloop
  endfacet
  facet normal -0.233436 -0.972372 1.44514e-06
    outer loop
      vertex -0.618033 -1.90211 22.7704
      vertex -0.492321 -1.93229 22.3902
      vertex -0.480199 -1.9352 22.4608
    endloop
  endfacet
  facet normal -0.233367 -0.972389 2.52885e-05
    outer loop
      vertex -0.618033 -1.90211 22.7704
      vertex -0.498458 -1.93082 22.2809
      vertex -0.492321 -1.93229 22.3902
    endloop
  endfacet
  facet normal -0.233465 -0.972365 0
    outer loop
      vertex -0.618033 -1.90211 22.7704
      vertex -0.498458 -1.93082 22.2025
      vertex -0.498458 -1.93082 22.2809
    endloop
  endfacet
  facet normal -0.234762 -0.972053 -0.000288927
    outer loop
      vertex -0.618033 -1.90211 22.7704
      vertex -0.498119 -1.9309 22.1962
      vertex -0.498458 -1.93082 22.2025
    endloop
  endfacet
  facet normal -0.233455 -0.972368 0
    outer loop
      vertex -0.618033 -1.90211 21.3998
      vertex -0.498119 -1.9309 22.1962
      vertex -0.618033 -1.90211 22.7704
    endloop
  endfacet
  facet normal -0.233369 -0.972388 -1.35771e-05
    outer loop
      vertex -0.498119 -1.9309 22.1962
      vertex -0.618033 -1.90211 21.3998
      vertex -0.492321 -1.93229 22.089
    endloop
  endfacet
  facet normal -0.233434 -0.972373 -1.06566e-06
    outer loop
      vertex -0.492321 -1.93229 22.089
      vertex -0.618033 -1.90211 21.3998
      vertex -0.480199 -1.9352 22.01
    endloop
  endfacet
  facet normal -0.233373 -0.972387 -7.21836e-05
    outer loop
      vertex -0.411591 -1.95168 21.721
      vertex -0.618033 -1.90211 21.3998
      vertex -0.385778 -1.95787 21.6519
    endloop
  endfacet
  facet normal -0.233523 -0.972351 2.93624e-05
    outer loop
      vertex -0.433193 -1.94649 21.7873
      vertex -0.618033 -1.90211 21.3998
      vertex -0.411591 -1.95168 21.721
    endloop
  endfacet
  facet normal -0.233465 -0.972365 3.03565e-07
    outer loop
      vertex -0.462389 -1.93948 21.898
      vertex -0.618033 -1.90211 21.3998
      vertex -0.433193 -1.94649 21.7873
    endloop
  endfacet
  facet normal -0.233531 -0.972349 2.20537e-05
    outer loop
      vertex -0.480199 -1.9352 22.01
      vertex -0.618033 -1.90211 21.3998
      vertex -0.462389 -1.93948 21.898
    endloop
  endfacet
  facet normal -0.972365 -0.233465 -0
    outer loop
      vertex -1.90211 -0.618033 -11.0801
      vertex -1.97538 -0.312868 -25
      vertex -1.90211 -0.618033 -25
    endloop
  endfacet
  facet normal -0.972365 -0.233465 0
    outer loop
      vertex -1.97538 -0.312868 -25
      vertex -1.90211 -0.618033 -11.0801
      vertex -1.97538 -0.312868 -10.9807
    endloop
  endfacet
  facet normal -0.972388 -0.233369 -1.35771e-05
    outer loop
      vertex -1.90211 -0.618033 21.3998
      vertex -1.9309 -0.498119 22.1962
      vertex -1.93229 -0.492321 22.089
    endloop
  endfacet
  facet normal -0.972365 -0.233465 -0
    outer loop
      vertex -1.90211 -0.618033 22.7704
      vertex -1.93082 -0.498458 22.2025
      vertex -1.90211 -0.618033 21.3998
    endloop
  endfacet
  facet normal -0.972606 -0.232462 -0.000158102
    outer loop
      vertex -1.9309 -0.498119 22.1962
      vertex -1.90211 -0.618033 21.3998
      vertex -1.93082 -0.498458 22.2025
    endloop
  endfacet
  facet normal -0.972373 -0.233434 -1.06566e-06
    outer loop
      vertex -1.9352 -0.480199 22.01
      vertex -1.90211 -0.618033 21.3998
      vertex -1.93229 -0.492321 22.089
    endloop
  endfacet
  facet normal -0.972349 -0.233531 2.20537e-05
    outer loop
      vertex -1.93948 -0.462389 21.898
      vertex -1.90211 -0.618033 21.3998
      vertex -1.9352 -0.480199 22.01
    endloop
  endfacet
  facet normal -0.972365 -0.233465 3.03565e-07
    outer loop
      vertex -1.94649 -0.433193 21.7873
      vertex -1.90211 -0.618033 21.3998
      vertex -1.93948 -0.462389 21.898
    endloop
  endfacet
  facet normal -0.972351 -0.233523 2.93624e-05
    outer loop
      vertex -1.95168 -0.411591 21.721
      vertex -1.90211 -0.618033 21.3998
      vertex -1.94649 -0.433193 21.7873
    endloop
  endfacet
  facet normal -0.972387 -0.233373 -7.21836e-05
    outer loop
      vertex -1.90211 -0.618033 21.3998
      vertex -1.95168 -0.411591 21.721
      vertex -1.95787 -0.385778 21.6519
    endloop
  endfacet
  facet normal -0.972365 -0.233465 0
    outer loop
      vertex -1.93082 -0.498458 22.2025
      vertex -1.90211 -0.618033 22.7704
      vertex -1.93082 -0.498458 22.2809
    endloop
  endfacet
  facet normal -0.972366 -0.23346 6.34794e-05
    outer loop
      vertex -1.95168 -0.411591 22.7028
      vertex -1.90211 -0.618033 22.7704
      vertex -1.95984 -0.377586 22.7704
    endloop
  endfacet
  facet normal -0.972358 -0.233495 -5.00844e-05
    outer loop
      vertex -1.94649 -0.433193 22.6513
      vertex -1.90211 -0.618033 22.7704
      vertex -1.95168 -0.411591 22.7028
    endloop
  endfacet
  facet normal -0.972365 -0.233465 -4.76957e-07
    outer loop
      vertex -1.93948 -0.462389 22.5607
      vertex -1.90211 -0.618033 22.7704
      vertex -1.94649 -0.433193 22.6513
    endloop
  endfacet
  facet normal -0.972356 -0.233502 -3.0084e-05
    outer loop
      vertex -1.9352 -0.480199 22.4608
      vertex -1.90211 -0.618033 22.7704
      vertex -1.93948 -0.462389 22.5607
    endloop
  endfacet
  facet normal -0.972372 -0.233436 1.44514e-06
    outer loop
      vertex -1.93229 -0.492321 22.3902
      vertex -1.90211 -0.618033 22.7704
      vertex -1.9352 -0.480199 22.4608
    endloop
  endfacet
  facet normal -0.972389 -0.233367 2.52885e-05
    outer loop
      vertex -1.93082 -0.498458 22.2809
      vertex -1.90211 -0.618033 22.7704
      vertex -1.93229 -0.492321 22.3902
    endloop
  endfacet
  facet normal -0.852638 -0.522501 -0
    outer loop
      vertex -1.61803 -1.17557 -11.1973
      vertex -1.78201 -0.907981 -25
      vertex -1.61803 -1.17557 -25
    endloop
  endfacet
  facet normal -0.852638 -0.522501 0
    outer loop
      vertex -1.78201 -0.907981 -25
      vertex -1.61803 -1.17557 -11.1973
      vertex -1.78201 -0.907981 -11.1529
    endloop
  endfacet
  facet normal -0.852651 -0.52248 0
    outer loop
      vertex -1.78201 -0.907981 21.1572
      vertex -1.64706 -1.12821 22.7704
      vertex -1.78201 -0.907981 22.7704
    endloop
  endfacet
  facet normal -0.852578 -0.5226 -2.24956e-05
    outer loop
      vertex -1.78201 -0.907981 21.1572
      vertex -1.61803 -1.17557 22.7704
      vertex -1.64706 -1.12821 22.7704
    endloop
  endfacet
  facet normal -0.852638 -0.522501 -0
    outer loop
      vertex -1.61803 -1.17557 22.7704
      vertex -1.78201 -0.907981 21.1572
      vertex -1.61803 -1.17557 21.0091
    endloop
  endfacet
  facet normal -0.760403 -0.649452 -0
    outer loop
      vertex -1.41421 -1.41421 -11.2122
      vertex -1.61803 -1.17557 -25
      vertex -1.41421 -1.41421 -25
    endloop
  endfacet
  facet normal -0.760403 -0.649452 0
    outer loop
      vertex -1.61803 -1.17557 -25
      vertex -1.41421 -1.41421 -11.2122
      vertex -1.61803 -1.17557 -11.1973
    endloop
  endfacet
  facet normal -0.760409 -0.649445 0
    outer loop
      vertex -1.61803 -1.17557 21.0091
      vertex -1.45029 -1.37197 22.7704
      vertex -1.61803 -1.17557 22.7704
    endloop
  endfacet
  facet normal -0.760403 -0.649452 -0
    outer loop
      vertex -1.41421 -1.41421 22.7704
      vertex -1.61803 -1.17557 21.0091
      vertex -1.41421 -1.41421 20.9594
    endloop
  endfacet
  facet normal -0.760374 -0.649486 -7.91471e-06
    outer loop
      vertex -1.61803 -1.17557 21.0091
      vertex -1.41421 -1.41421 22.7704
      vertex -1.45029 -1.37197 22.7704
    endloop
  endfacet
  facet normal -0.996918 -0.0784488 -0
    outer loop
      vertex -1.97538 -0.312868 -10.9807
      vertex -2 0 -25
      vertex -1.97538 -0.312868 -25
    endloop
  endfacet
  facet normal -0.996918 -0.0784488 0
    outer loop
      vertex -2 0 -25
      vertex -1.97538 -0.312868 -10.9807
      vertex -2 0 -10.8571
    endloop
  endfacet
  facet normal 0 0 -1
    outer loop
      vertex 1.97538 -0.312868 -25
      vertex 1.97538 0.312868 -25
      vertex 2 0 -25
    endloop
  endfacet
  facet normal 0 0 -1
    outer loop
      vertex 1.90211 -0.618033 -25
      vertex 1.97538 0.312868 -25
      vertex 1.97538 -0.312868 -25
    endloop
  endfacet
  facet normal 0 0 -1
    outer loop
      vertex 1.90211 -0.618033 -25
      vertex 1.90211 0.618033 -25
      vertex 1.97538 0.312868 -25
    endloop
  endfacet
  facet normal 0 0 -1
    outer loop
      vertex 1.78201 -0.907981 -25
      vertex 1.90211 0.618033 -25
      vertex 1.90211 -0.618033 -25
    endloop
  endfacet
  facet normal 0 0 -1
    outer loop
      vertex 1.78201 -0.907981 -25
      vertex 1.78201 0.907981 -25
      vertex 1.90211 0.618033 -25
    endloop
  endfacet
  facet normal 0 0 -1
    outer loop
      vertex 1.61803 -1.17557 -25
      vertex 1.78201 0.907981 -25
      vertex 1.78201 -0.907981 -25
    endloop
  endfacet
  facet normal 0 0 -1
    outer loop
      vertex 1.61803 -1.17557 -25
      vertex 1.61803 1.17557 -25
      vertex 1.78201 0.907981 -25
    endloop
  endfacet
  facet normal 0 0 -1
    outer loop
      vertex 1.41421 -1.41421 -25
      vertex 1.61803 1.17557 -25
      vertex 1.61803 -1.17557 -25
    endloop
  endfacet
  facet normal 0 0 -1
    outer loop
      vertex 1.41421 -1.41421 -25
      vertex 1.41421 1.41421 -25
      vertex 1.61803 1.17557 -25
    endloop
  endfacet
  facet normal 0 0 -1
    outer loop
      vertex 1.17557 -1.61803 -25
      vertex 1.41421 1.41421 -25
      vertex 1.41421 -1.41421 -25
    endloop
  endfacet
  facet normal 0 0 -1
    outer loop
      vertex 1.17557 -1.61803 -25
      vertex 1.17557 1.61803 -25
      vertex 1.41421 1.41421 -25
    endloop
  endfacet
  facet normal 0 0 -1
    outer loop
      vertex 0.907981 -1.78201 -25
      vertex 1.17557 1.61803 -25
      vertex 1.17557 -1.61803 -25
    endloop
  endfacet
  facet normal 0 0 -1
    outer loop
      vertex 0.907981 -1.78201 -25
      vertex 0.907981 1.78201 -25
      vertex 1.17557 1.61803 -25
    endloop
  endfacet
  facet normal 0 0 -1
    outer loop
      vertex 0.618033 -1.90211 -25
      vertex 0.907981 1.78201 -25
      vertex 0.907981 -1.78201 -25
    endloop
  endfacet
  facet normal 0 0 -1
    outer loop
      vertex 0.618033 -1.90211 -25
      vertex 0.618033 1.90211 -25
      vertex 0.907981 1.78201 -25
    endloop
  endfacet
  facet normal 0 0 -1
    outer loop
      vertex 0.312868 -1.97538 -25
      vertex 0.618033 1.90211 -25
      vertex 0.618033 -1.90211 -25
    endloop
  endfacet
  facet normal 0 0 -1
    outer loop
      vertex 0.312868 -1.97538 -25
      vertex 0.312868 1.97538 -25
      vertex 0.618033 1.90211 -25
    endloop
  endfacet
  facet normal 0 0 -1
    outer loop
      vertex 0 -2 -25
      vertex 0.312868 1.97538 -25
      vertex 0.312868 -1.97538 -25
    endloop
  endfacet
  facet normal 0 0 -1
    outer loop
      vertex 0 -2 -25
      vertex 0 2 -25
      vertex 0.312868 1.97538 -25
    endloop
  endfacet
  facet normal 0 0 -1
    outer loop
      vertex -0.312868 -1.97538 -25
      vertex 0 2 -25
      vertex 0 -2 -25
    endloop
  endfacet
  facet normal 0 0 -1
    outer loop
      vertex -0.312868 -1.97538 -25
      vertex -0.312868 1.97538 -25
      vertex 0 2 -25
    endloop
  endfacet
  facet normal 0 0 -1
    outer loop
      vertex -0.618033 -1.90211 -25
      vertex -0.312868 1.97538 -25
      vertex -0.312868 -1.97538 -25
    endloop
  endfacet
  facet normal 0 0 -1
    outer loop
      vertex -0.618033 -1.90211 -25
      vertex -0.618033 1.90211 -25
      vertex -0.312868 1.97538 -25
    endloop
  endfacet
  facet normal 0 0 -1
    outer loop
      vertex -0.907981 -1.78201 -25
      vertex -0.618033 1.90211 -25
      vertex -0.618033 -1.90211 -25
    endloop
  endfacet
  facet normal 0 0 -1
    outer loop
      vertex -0.907981 -1.78201 -25
      vertex -0.907981 1.78201 -25
      vertex -0.618033 1.90211 -25
    endloop
  endfacet
  facet normal 0 0 -1
    outer loop
      vertex -1.17557 -1.61803 -25
      vertex -0.907981 1.78201 -25
      vertex -0.907981 -1.78201 -25
    endloop
  endfacet
  facet normal 0 0 -1
    outer loop
      vertex -1.17557 -1.61803 -25
      vertex -1.17557 1.61803 -25
      vertex -0.907981 1.78201 -25
    endloop
  endfacet
  facet normal 0 0 -1
    outer loop
      vertex -1.41421 -1.41421 -25
      vertex -1.17557 1.61803 -25
      vertex -1.17557 -1.61803 -25
    endloop
  endfacet
  facet normal 0 0 -1
    outer loop
      vertex -1.41421 -1.41421 -25
      vertex -1.41421 1.41421 -25
      vertex -1.17557 1.61803 -25
    endloop
  endfacet
  facet normal 0 0 -1
    outer loop
      vertex -1.61803 -1.17557 -25
      vertex -1.41421 1.41421 -25
      vertex -1.41421 -1.41421 -25
    endloop
  endfacet
  facet normal 0 0 -1
    outer loop
      vertex -1.61803 -1.17557 -25
      vertex -1.61803 1.17557 -25
      vertex -1.41421 1.41421 -25
    endloop
  endfacet
  facet normal 0 0 -1
    outer loop
      vertex -1.78201 -0.907981 -25
      vertex -1.61803 1.17557 -25
      vertex -1.61803 -1.17557 -25
    endloop
  endfacet
  facet normal 0 0 -1
    outer loop
      vertex -1.78201 -0.907981 -25
      vertex -1.78201 0.907981 -25
      vertex -1.61803 1.17557 -25
    endloop
  endfacet
  facet normal 0 0 -1
    outer loop
      vertex -1.90211 -0.618033 -25
      vertex -1.78201 0.907981 -25
      vertex -1.78201 -0.907981 -25
    endloop
  endfacet
  facet normal 0 0 -1
    outer loop
      vertex -1.90211 -0.618033 -25
      vertex -1.90211 0.618033 -25
      vertex -1.78201 0.907981 -25
    endloop
  endfacet
  facet normal 0 0 -1
    outer loop
      vertex -1.97538 -0.312868 -25
      vertex -1.90211 0.618033 -25
      vertex -1.90211 -0.618033 -25
    endloop
  endfacet
  facet normal 0 0 -1
    outer loop
      vertex -1.97538 -0.312868 -25
      vertex -1.97538 0.312868 -25
      vertex -1.90211 0.618033 -25
    endloop
  endfacet
  facet normal 0 -0 -1
    outer loop
      vertex -1.97538 0.312868 -25
      vertex -1.97538 -0.312868 -25
      vertex -2 0 -25
    endloop
  endfacet
  facet normal -0.996918 0.0784488 0
    outer loop
      vertex -2 0 -25
      vertex -1.97538 0.312868 -10.9807
      vertex -1.97538 0.312868 -25
    endloop
  endfacet
  facet normal -0.996918 0.0784488 0
    outer loop
      vertex -1.97538 0.312868 -10.9807
      vertex -2 0 -25
      vertex -2 0 -10.8571
    endloop
  endfacet
  facet normal -0.382682 -0.92388 0
    outer loop
      vertex -0.618033 -1.90211 -25
      vertex -0.907981 -1.78201 -11.1529
      vertex -0.907981 -1.78201 -25
    endloop
  endfacet
  facet normal -0.382682 -0.92388 0
    outer loop
      vertex -0.907981 -1.78201 -11.1529
      vertex -0.618033 -1.90211 -25
      vertex -0.618033 -1.90211 -11.0801
    endloop
  endfacet
  facet normal -0.382709 -0.923869 -6.71502e-06
    outer loop
      vertex -0.907981 -1.78201 22.7704
      vertex -0.618033 -1.90211 21.3998
      vertex -0.669355 -1.88086 22.7704
    endloop
  endfacet
  facet normal -0.382556 -0.923932 0
    outer loop
      vertex -0.669355 -1.88086 22.7704
      vertex -0.618033 -1.90211 21.3998
      vertex -0.618033 -1.90211 22.7704
    endloop
  endfacet
  facet normal -0.382682 -0.92388 0
    outer loop
      vertex -0.618033 -1.90211 21.3998
      vertex -0.907981 -1.78201 22.7704
      vertex -0.907981 -1.78201 21.1572
    endloop
  endfacet
  facet normal -0.852638 0.522501 0
    outer loop
      vertex -1.78201 0.907981 -25
      vertex -1.61803 1.17557 -11.1973
      vertex -1.61803 1.17557 -25
    endloop
  endfacet
  facet normal -0.852638 0.522501 0
    outer loop
      vertex -1.61803 1.17557 -11.1973
      vertex -1.78201 0.907981 -25
      vertex -1.78201 0.907981 -11.1529
    endloop
  endfacet
  facet normal -0.852638 0.522501 0
    outer loop
      vertex -1.78201 0.907981 21.1572
      vertex -1.61803 1.17557 22.7704
      vertex -1.61803 1.17557 21.0091
    endloop
  endfacet
  facet normal -0.852578 0.5226 -2.24956e-05
    outer loop
      vertex -1.61803 1.17557 22.7704
      vertex -1.78201 0.907981 21.1572
      vertex -1.64706 1.12821 22.7704
    endloop
  endfacet
  facet normal -0.852651 0.52248 0
    outer loop
      vertex -1.64706 1.12821 22.7704
      vertex -1.78201 0.907981 21.1572
      vertex -1.78201 0.907981 22.7704
    endloop
  endfacet
  facet normal 0.649452 -0.760403 0
    outer loop
      vertex 1.17557 -1.61803 -25
      vertex 1.41421 -1.41421 -11.2122
      vertex 1.17557 -1.61803 -11.1973
    endloop
  endfacet
  facet normal 0.649452 -0.760403 0
    outer loop
      vertex 1.41421 -1.41421 -11.2122
      vertex 1.17557 -1.61803 -25
      vertex 1.41421 -1.41421 -25
    endloop
  endfacet
  facet normal 0.649445 -0.760409 0
    outer loop
      vertex 1.17557 -1.61803 21.0091
      vertex 1.37197 -1.45029 22.7704
      vertex 1.17557 -1.61803 22.7704
    endloop
  endfacet
  facet normal 0.649486 -0.760374 -7.91471e-06
    outer loop
      vertex 1.37197 -1.45029 22.7704
      vertex 1.17557 -1.61803 21.0091
      vertex 1.41421 -1.41421 22.7704
    endloop
  endfacet
  facet normal 0.649452 -0.760403 0
    outer loop
      vertex 1.41421 -1.41421 22.7704
      vertex 1.17557 -1.61803 21.0091
      vertex 1.41421 -1.41421 20.9594
    endloop
  endfacet
  facet normal -0.0123166 -0.156542 0.987595
    outer loop
      vertex 0 -0.235376 27.9908
      vertex -0.0368204 -0.232479 27.9908
      vertex 0 -0.700336 27.9171
    endloop
  endfacet
  facet normal 0.382676 0.923882 -0
    outer loop
      vertex 1.35777 2.66478 24.7646
      vertex 0.924192 2.84437 25.2354
      vertex 1.35777 2.66478 25.2354
    endloop
  endfacet
  facet normal 0.382676 0.923882 0
    outer loop
      vertex 0.924192 2.84437 25.2354
      vertex 1.35777 2.66478 24.7646
      vertex 0.924192 2.84437 24.7646
    endloop
  endfacet
  facet normal 0.572695 -0.137491 0.808156
    outer loop
      vertex 1.5482 -0.24521 27.5579
      vertex 1.49078 -0.484383 27.5579
      vertex 1.85299 -0.602071 27.2812
    endloop
  endfacet
  facet normal -0.30774 0.502177 0.808155
    outer loop
      vertex -0.711628 1.39665 27.5579
      vertex -1.14521 1.57624 27.2812
      vertex -0.92135 1.26813 27.5579
    endloop
  endfacet
  facet normal -0.442497 0.106233 0.890456
    outer loop
      vertex -1.49078 0.484383 27.5579
      vertex -1.5482 0.24521 27.5579
      vertex -1.09186 0.354767 27.7716
    endloop
  endfacet
  facet normal -0.225392 0.544134 0.808156
    outer loop
      vertex -0.602071 1.85299 27.2812
      vertex -0.884529 1.73599 27.2812
      vertex -0.711628 1.39665 27.5579
    endloop
  endfacet
  facet normal -0.170378 0.68772 -0.7057
    outer loop
      vertex -0.32664 2.00131 22.799
      vertex -0.35686 2.25313 23.0517
      vertex -0.317887 2.00707 22.8025
    endloop
  endfacet
  facet normal -0.165206 0.688657 -0.706016
    outer loop
      vertex -0.371847 1.96545 22.7746
      vertex -0.35686 2.25313 23.0517
      vertex -0.32664 2.00131 22.799
    endloop
  endfacet
  facet normal -0.165319 0.688647 -0.705999
    outer loop
      vertex -0.35686 2.25313 23.0517
      vertex -0.371847 1.96545 22.7746
      vertex -0.704935 2.16957 23.0517
    endloop
  endfacet
  facet normal -0.156542 -0.0123166 0.987595
    outer loop
      vertex -0.235376 0 27.9908
      vertex -0.700336 0 27.9171
      vertex -0.232479 -0.0368204 27.9908
    endloop
  endfacet
  facet normal 0.301374 -0.0723518 0.950757
    outer loop
      vertex 0.691713 -0.109556 27.9171
      vertex 0.666059 -0.216415 27.9171
      vertex 1.09186 -0.354767 27.7716
    endloop
  endfacet
  facet normal 0.960469 -0.23059 0.155972
    outer loop
      vertex 2.8812 -0.456336 25.7003
      vertex 2.77434 -0.901436 25.7003
      vertex 2.95393 -0.467856 25.2354
    endloop
  endfacet
  facet normal 0.420432 0.174148 0.890455
    outer loop
      vertex 1.39665 0.711628 27.5579
      vertex 1.02292 0.521203 27.7716
      vertex 1.09186 0.354767 27.7716
    endloop
  endfacet
  facet normal -0.271072 0.654373 -0.705915
    outer loop
      vertex -0.907981 1.78201 22.7704
      vertex -1.03565 2.03258 23.0517
      vertex -0.669355 1.88086 22.7704
    endloop
  endfacet
  facet normal 0.984716 -0.0774966 0.155979
    outer loop
      vertex 2.99075 0 25.2354
      vertex 2.91711 0 25.7003
      vertex 2.95393 -0.467856 25.2354
    endloop
  endfacet
  facet normal 0.912576 0.377993 -0.155968
    outer loop
      vertex 2.77434 0.901436 24.2997
      vertex 2.66478 1.35777 24.7646
      vertex 2.84437 0.924192 24.7646
    endloop
  endfacet
  facet normal 0.615799 0.525959 -0.58665
    outer loop
      vertex 1.84554 1.34087 23.0517
      vertex 1.61306 1.61306 23.0517
      vertex 1.80872 1.80872 23.4325
    endloop
  endfacet
  facet normal -0.842205 0.516099 0.155992
    outer loop
      vertex -2.41957 1.75792 25.2354
      vertex -2.66478 1.35777 25.2354
      vertex -2.35999 1.71463 25.7003
    endloop
  endfacet
  facet normal -0.370071 0.603931 -0.705914
    outer loop
      vertex -1.03565 2.03258 23.0517
      vertex -0.907981 1.78201 22.7704
      vertex -1.12821 1.64706 22.7704
    endloop
  endfacet
  facet normal -0.0746567 0.94842 -0.308099
    outer loop
      vertex 0 2.77164 23.8519
      vertex -0.433579 2.73751 23.8519
      vertex 0 2.91711 24.2997
    endloop
  endfacet
  facet normal 0.888845 0.0699671 0.452834
    outer loop
      vertex 2.73751 0.433579 26.148
      vertex 2.55792 0 26.5675
      vertex 2.77164 0 26.148
    endloop
  endfacet
  facet normal -0.587163 0.0461966 0.80815
    outer loop
      vertex -1.92436 0.304788 27.2812
      vertex -1.94834 0 27.2812
      vertex -1.5675 0 27.5579
    endloop
  endfacet
  facet normal -0.572696 0.13749 0.808156
    outer loop
      vertex -1.85299 0.602071 27.2812
      vertex -1.92436 0.304788 27.2812
      vertex -1.5482 0.24521 27.5579
    endloop
  endfacet
  facet normal -0.423134 -0.690508 -0.586648
    outer loop
      vertex -1.16127 -2.27912 23.4325
      vertex -1.50351 -2.0694 23.4325
      vertex -1.34087 -1.84554 23.0517
    endloop
  endfacet
  facet normal 0.923882 -0.382676 0
    outer loop
      vertex 2.66478 -1.35777 25.2354
      vertex 2.84437 -0.924192 24.7646
      vertex 2.84437 -0.924192 25.2354
    endloop
  endfacet
  facet normal 0.923882 -0.382676 0
    outer loop
      vertex 2.84437 -0.924192 24.7646
      vertex 2.66478 -1.35777 25.2354
      vertex 2.66478 -1.35777 24.7646
    endloop
  endfacet
  facet normal 0.617832 -0.723409 0.308159
    outer loop
      vertex 2.06271 -2.06271 25.7003
      vertex 1.62913 -2.2423 26.148
      vertex 1.71463 -2.35999 25.7003
    endloop
  endfacet
  facet normal 0.842203 0.516103 -0.155988
    outer loop
      vertex 2.59916 1.32434 24.2997
      vertex 2.35999 1.71463 24.2997
      vertex 2.66478 1.35777 24.7646
    endloop
  endfacet
  facet normal -0.748198 -0.309921 0.586642
    outer loop
      vertex -2.16957 -0.704935 26.9483
      vertex -2.27912 -1.16127 26.5675
      vertex -2.03258 -1.03565 26.9483
    endloop
  endfacet
  facet normal 0.23059 0.960469 -0.155972
    outer loop
      vertex 0.901436 2.77434 24.2997
      vertex 0.456336 2.8812 24.2997
      vertex 0.467856 2.95393 24.7646
    endloop
  endfacet
  facet normal 0.751106 0.641487 -0.155992
    outer loop
      vertex 2.35999 1.71463 24.2997
      vertex 2.06271 2.06271 24.2997
      vertex 2.41957 1.75792 24.7646
    endloop
  endfacet
  facet normal 0.706074 0.0555781 -0.705954
    outer loop
      vertex 2.06995 0.180444 22.8546
      vertex 2.25313 0.35686 23.0517
      vertex 2.28122 0 23.0517
    endloop
  endfacet
  facet normal 0.706312 0.0551063 -0.705753
    outer loop
      vertex 2.06633 0.193544 22.852
      vertex 2.25313 0.35686 23.0517
      vertex 2.06995 0.180444 22.8546
    endloop
  endfacet
  facet normal 0.705987 0.0558083 -0.706023
    outer loop
      vertex 2.04392 0.250585 22.8341
      vertex 2.25313 0.35686 23.0517
      vertex 2.06633 0.193544 22.852
    endloop
  endfacet
  facet normal 0.706027 0.055671 -0.705994
    outer loop
      vertex 2.01671 0.301454 22.8109
      vertex 2.25313 0.35686 23.0517
      vertex 2.04392 0.250585 22.8341
    endloop
  endfacet
  facet normal 0.706353 0.0535671 -0.70583
    outer loop
      vertex 2.25313 0.35686 23.0517
      vertex 2.01671 0.301454 22.8109
      vertex 2.00707 0.317887 22.8025
    endloop
  endfacet
  facet normal -0.308983 -0.0243272 0.950756
    outer loop
      vertex -0.691713 -0.109556 27.9171
      vertex -1.14805 0 27.7716
      vertex -1.13391 -0.179594 27.7716
    endloop
  endfacet
  facet normal 0.0600905 0.145074 0.987594
    outer loop
      vertex 0.317945 0.624003 27.9171
      vertex 0.0727348 0.223857 27.9908
      vertex 0.106858 0.209723 27.9908
    endloop
  endfacet
  facet normal 0.617847 0.723388 0.308181
    outer loop
      vertex 2.06271 2.06271 25.7003
      vertex 1.62913 2.2423 26.148
      vertex 1.95984 1.95984 26.148
    endloop
  endfacet
  facet normal 0.760207 -0.465866 0.452829
    outer loop
      vertex 2.46955 -1.2583 26.148
      vertex 2.0694 -1.50351 26.5675
      vertex 2.2423 -1.62913 26.148
    endloop
  endfacet
  facet normal 0.465846 0.76021 0.452844
    outer loop
      vertex 1.2583 2.46955 26.148
      vertex 1.16127 2.27912 26.5675
      vertex 1.50351 2.0694 26.5675
    endloop
  endfacet
  facet normal -0.516103 0.842203 0.155988
    outer loop
      vertex -1.35777 2.66478 25.2354
      vertex -1.71463 2.35999 25.7003
      vertex -1.32434 2.59916 25.7003
    endloop
  endfacet
  facet normal 0.516103 0.842203 -0.155988
    outer loop
      vertex 1.71463 2.35999 24.2997
      vertex 1.32434 2.59916 24.2997
      vertex 1.35777 2.66478 24.7646
    endloop
  endfacet
  facet normal -0.0366563 -0.152688 0.987594
    outer loop
      vertex -0.0727348 -0.223857 27.9908
      vertex -0.216415 -0.666059 27.9171
      vertex -0.109556 -0.691713 27.9171
    endloop
  endfacet
  facet normal -0.222085 -0.925042 0.30818
    outer loop
      vertex -0.856483 -2.63598 26.148
      vertex -0.901436 -2.77434 25.7003
      vertex -0.456336 -2.8812 25.7003
    endloop
  endfacet
  facet normal -0.960469 -0.230595 -0.155967
    outer loop
      vertex -2.84437 -0.924192 24.7646
      vertex -2.95393 -0.467856 24.7646
      vertex -2.77434 -0.901436 24.2997
    endloop
  endfacet
  facet normal -0.377993 -0.912576 0.155968
    outer loop
      vertex -0.901436 -2.77434 25.7003
      vertex -1.35777 -2.66478 25.2354
      vertex -0.924192 -2.84437 25.2354
    endloop
  endfacet
  facet normal 0.497083 -0.811166 -0.30809
    outer loop
      vertex 1.32434 -2.59916 24.2997
      vertex 1.2583 -2.46955 23.8519
      vertex 1.71463 -2.35999 24.2997
    endloop
  endfacet
  facet normal 0.748192 -0.309927 0.586646
    outer loop
      vertex 2.43273 -0.790441 26.5675
      vertex 2.16957 -0.704935 26.9483
      vertex 2.27912 -1.16127 26.5675
    endloop
  endfacet
  facet normal -0.960469 -0.23059 0.155972
    outer loop
      vertex -2.8812 -0.456336 25.7003
      vertex -2.95393 -0.467856 25.2354
      vertex -2.77434 -0.901436 25.7003
    endloop
  endfacet
  facet normal -0.925042 -0.222085 0.30818
    outer loop
      vertex -2.63598 -0.856483 26.148
      vertex -2.8812 -0.456336 25.7003
      vertex -2.77434 -0.901436 25.7003
    endloop
  endfacet
  facet normal -0.23059 -0.960469 -0.155972
    outer loop
      vertex -0.467856 -2.95393 24.7646
      vertex -0.901436 -2.77434 24.2997
      vertex -0.456336 -2.8812 24.2997
    endloop
  endfacet
  facet normal -0.516099 -0.842205 -0.155992
    outer loop
      vertex -1.35777 -2.66478 24.7646
      vertex -1.75792 -2.41957 24.7646
      vertex -1.71463 -2.35999 24.2997
    endloop
  endfacet
  facet normal 0.984717 -0.0774894 0.155972
    outer loop
      vertex 2.91711 0 25.7003
      vertex 2.8812 -0.456336 25.7003
      vertex 2.95393 -0.467856 25.2354
    endloop
  endfacet
  facet normal 0.866969 0.208137 0.452818
    outer loop
      vertex 2.63598 0.856483 26.148
      vertex 2.43273 0.790441 26.5675
      vertex 2.52643 0.400146 26.5675
    endloop
  endfacet
  facet normal 0.811148 -0.497072 0.308152
    outer loop
      vertex 2.46955 -1.2583 26.148
      vertex 2.35999 -1.71463 25.7003
      vertex 2.59916 -1.32434 25.7003
    endloop
  endfacet
  facet normal 0.442497 -0.106233 0.890456
    outer loop
      vertex 1.5482 -0.24521 27.5579
      vertex 1.09186 -0.354767 27.7716
      vertex 1.49078 -0.484383 27.5579
    endloop
  endfacet
  facet normal -0.222085 0.925042 0.30818
    outer loop
      vertex -0.456336 2.8812 25.7003
      vertex -0.901436 2.77434 25.7003
      vertex -0.856483 2.63598 26.148
    endloop
  endfacet
  facet normal -0.654316 0.271031 0.705984
    outer loop
      vertex -1.73599 0.884529 27.2812
      vertex -2.03258 1.03565 26.9483
      vertex -1.85299 0.602071 27.2812
    endloop
  endfacet
  facet normal -0.0774894 0.984717 0.155972
    outer loop
      vertex 0 2.91711 25.7003
      vertex -0.467856 2.95393 25.2354
      vertex -0.456336 2.8812 25.7003
    endloop
  endfacet
  facet normal -0.888854 0.0699495 0.45282
    outer loop
      vertex -2.52643 0.400146 26.5675
      vertex -2.73751 0.433579 26.148
      vertex -2.55792 0 26.5675
    endloop
  endfacet
  facet normal 0.341187 0.823739 0.452819
    outer loop
      vertex 0.856483 2.63598 26.148
      vertex 0.790441 2.43273 26.5675
      vertex 1.2583 2.46955 26.148
    endloop
  endfacet
  facet normal -0.587163 -0.0461966 0.80815
    outer loop
      vertex -1.5675 0 27.5579
      vertex -1.94834 0 27.2812
      vertex -1.92436 -0.304788 27.2812
    endloop
  endfacet
  facet normal -0.423145 0.690507 -0.586642
    outer loop
      vertex -1.03565 2.03258 23.0517
      vertex -1.34087 1.84554 23.0517
      vertex -1.16127 2.27912 23.4325
    endloop
  endfacet
  facet normal 0.341171 0.823699 -0.452905
    outer loop
      vertex 1.2583 2.46955 23.8519
      vertex 0.790441 2.43273 23.4325
      vertex 0.856483 2.63598 23.8519
    endloop
  endfacet
  facet normal 0.80735 0.0635354 0.586643
    outer loop
      vertex 2.52643 0.400146 26.5675
      vertex 2.28122 0 26.9483
      vertex 2.55792 0 26.5675
    endloop
  endfacet
  facet normal 0.878915 0.364074 0.308152
    outer loop
      vertex 2.59916 1.32434 25.7003
      vertex 2.46955 1.2583 26.148
      vertex 2.77434 0.901436 25.7003
    endloop
  endfacet
  facet normal 0.9484 0.0746551 0.308161
    outer loop
      vertex 2.91711 0 25.7003
      vertex 2.73751 0.433579 26.148
      vertex 2.77164 0 26.148
    endloop
  endfacet
  facet normal -0.447862 0.382497 0.808156
    outer loop
      vertex -1.37769 1.37769 27.2812
      vertex -1.57624 1.14521 27.2812
      vertex -1.26813 0.92135 27.5579
    endloop
  endfacet
  facet normal 0.641487 0.751106 0.155992
    outer loop
      vertex 1.75792 2.41957 25.2354
      vertex 1.71463 2.35999 25.7003
      vertex 2.06271 2.06271 25.7003
    endloop
  endfacet
  facet normal 0.842205 0.516099 0.155992
    outer loop
      vertex 2.41957 1.75792 25.2354
      vertex 2.35999 1.71463 25.7003
      vertex 2.66478 1.35777 25.2354
    endloop
  endfacet
  facet normal 0.811166 0.497083 -0.30809
    outer loop
      vertex 2.46955 1.2583 23.8519
      vertex 2.35999 1.71463 24.2997
      vertex 2.59916 1.32434 24.2997
    endloop
  endfacet
  facet normal 0.654373 -0.271072 -0.705915
    outer loop
      vertex 2.03258 -1.03565 23.0517
      vertex 1.78201 -0.907981 22.7704
      vertex 1.88086 -0.669355 22.7704
    endloop
  endfacet
  facet normal -0.364082 -0.878934 -0.30809
    outer loop
      vertex -0.901436 -2.77434 24.2997
      vertex -1.32434 -2.59916 24.2997
      vertex -1.2583 -2.46955 23.8519
    endloop
  endfacet
  facet normal -0.0357186 -0.453666 0.890456
    outer loop
      vertex 0 -1.14805 27.7716
      vertex -0.179594 -1.13391 27.7716
      vertex 0 -1.5675 27.5579
    endloop
  endfacet
  facet normal -0.423145 -0.690507 -0.586642
    outer loop
      vertex -1.16127 -2.27912 23.4325
      vertex -1.34087 -1.84554 23.0517
      vertex -1.03565 -2.03258 23.0517
    endloop
  endfacet
  facet normal 0.760173 -0.465824 -0.45293
    outer loop
      vertex 2.46955 -1.2583 23.8519
      vertex 2.0694 -1.50351 23.4325
      vertex 2.27912 -1.16127 23.4325
    endloop
  endfacet
  facet normal -0.538545 -0.459946 0.705988
    outer loop
      vertex -1.57624 -1.14521 27.2812
      vertex -1.84554 -1.34087 26.9483
      vertex -1.37769 -1.37769 27.2812
    endloop
  endfacet
  facet normal -0.603859 -0.370056 0.705983
    outer loop
      vertex -1.73599 -0.884529 27.2812
      vertex -2.03258 -1.03565 26.9483
      vertex -1.57624 -1.14521 27.2812
    endloop
  endfacet
  facet normal -0.442495 -0.10622 0.890458
    outer loop
      vertex -1.13391 -0.179594 27.7716
      vertex -1.5482 -0.24521 27.5579
      vertex -1.09186 -0.354767 27.7716
    endloop
  endfacet
  facet normal -0.295546 -0.346034 0.890457
    outer loop
      vertex -0.811793 -0.811793 27.7716
      vertex -1.10839 -1.10839 27.5579
      vertex -0.674807 -0.928792 27.7716
    endloop
  endfacet
  facet normal -0.364074 -0.878915 0.308152
    outer loop
      vertex -1.2583 -2.46955 26.148
      vertex -1.32434 -2.59916 25.7003
      vertex -0.901436 -2.77434 25.7003
    endloop
  endfacet
  facet normal -0.960469 0.230595 0.155967
    outer loop
      vertex -2.84437 0.924192 25.2354
      vertex -2.95393 0.467856 25.2354
      vertex -2.77434 0.901436 25.7003
    endloop
  endfacet
  facet normal -0.706036 -0.0555493 0.705994
    outer loop
      vertex -1.94834 0 27.2812
      vertex -2.28122 0 26.9483
      vertex -1.92436 -0.304788 27.2812
    endloop
  endfacet
  facet normal 0.706033 -0.0555803 -0.705994
    outer loop
      vertex 2.28122 0 23.0517
      vertex 2.09468 -0.0666904 22.8704
      vertex 2.09993 0 22.8704
    endloop
  endfacet
  facet normal 0.705984 -0.0552335 -0.706071
    outer loop
      vertex 2.28122 0 23.0517
      vertex 2.08339 -0.13174 22.8642
      vertex 2.09468 -0.0666904 22.8704
    endloop
  endfacet
  facet normal 0.706132 -0.055723 -0.705884
    outer loop
      vertex 2.08339 -0.13174 22.8642
      vertex 2.28122 0 23.0517
      vertex 2.06995 -0.180444 22.8546
    endloop
  endfacet
  facet normal 0.370155 0.603876 -0.705917
    outer loop
      vertex 1.12821 1.64706 22.7704
      vertex 1.34087 1.84554 23.0517
      vertex 1.17557 1.61803 22.7704
    endloop
  endfacet
  facet normal 0.37009 0.603929 -0.705906
    outer loop
      vertex 1.34087 1.84554 23.0517
      vertex 1.12821 1.64706 22.7704
      vertex 1.03565 2.03258 23.0517
    endloop
  endfacet
  facet normal 0.751106 0.641487 0.155992
    outer loop
      vertex 2.41957 1.75792 25.2354
      vertex 2.06271 2.06271 25.7003
      vertex 2.35999 1.71463 25.7003
    endloop
  endfacet
  facet normal 0.497089 -0.811158 -0.308098
    outer loop
      vertex 1.71463 -2.35999 24.2997
      vertex 1.2583 -2.46955 23.8519
      vertex 1.62913 -2.2423 23.8519
    endloop
  endfacet
  facet normal 0.948395 -0.0746311 0.308183
    outer loop
      vertex 2.91711 0 25.7003
      vertex 2.73751 -0.433579 26.148
      vertex 2.8812 -0.456336 25.7003
    endloop
  endfacet
  facet normal 0.760403 -0.649451 0
    outer loop
      vertex 2.11478 -2.11478 25.2354
      vertex 2.41957 -1.75792 24.7646
      vertex 2.41957 -1.75792 25.2354
    endloop
  endfacet
  facet normal 0.760403 -0.649451 0
    outer loop
      vertex 2.41957 -1.75792 24.7646
      vertex 2.11478 -2.11478 25.2354
      vertex 2.11478 -2.11478 24.7646
    endloop
  endfacet
  facet normal -0.0699461 -0.88881 -0.452906
    outer loop
      vertex 0 -2.55792 23.4325
      vertex -0.433579 -2.73751 23.8519
      vertex -0.400146 -2.52643 23.4325
    endloop
  endfacet
  facet normal 0.866967 0.20814 0.45282
    outer loop
      vertex 2.63598 0.856483 26.148
      vertex 2.52643 0.400146 26.5675
      vertex 2.73751 0.433579 26.148
    endloop
  endfacet
  facet normal 0.497079 -0.811141 0.30816
    outer loop
      vertex 1.62913 -2.2423 26.148
      vertex 1.2583 -2.46955 26.148
      vertex 1.71463 -2.35999 25.7003
    endloop
  endfacet
  facet normal 0.888845 -0.0699671 0.452834
    outer loop
      vertex 2.77164 0 26.148
      vertex 2.55792 0 26.5675
      vertex 2.73751 -0.433579 26.148
    endloop
  endfacet
  facet normal 0.823716 0.341211 0.452844
    outer loop
      vertex 2.46955 1.2583 26.148
      vertex 2.27912 1.16127 26.5675
      vertex 2.43273 0.790441 26.5675
    endloop
  endfacet
  facet normal 0.807342 -0.0635494 0.586652
    outer loop
      vertex 2.28122 0 26.9483
      vertex 2.25313 -0.35686 26.9483
      vertex 2.52643 -0.400146 26.5675
    endloop
  endfacet
  facet normal 0.688665 -0.165323 0.705981
    outer loop
      vertex 2.25313 -0.35686 26.9483
      vertex 1.92436 -0.304788 27.2812
      vertex 2.16957 -0.704935 26.9483
    endloop
  endfacet
  facet normal 0.706036 0.0555493 0.705994
    outer loop
      vertex 2.28122 0 26.9483
      vertex 1.92436 0.304788 27.2812
      vertex 1.94834 0 27.2812
    endloop
  endfacet
  facet normal -0.201289 -0.235677 0.950757
    outer loop
      vertex -0.495212 -0.495212 27.9171
      vertex -0.811793 -0.811793 27.7716
      vertex -0.411647 -0.566584 27.9171
    endloop
  endfacet
  facet normal 0.654316 0.271031 0.705984
    outer loop
      vertex 2.03258 1.03565 26.9483
      vertex 1.73599 0.884529 27.2812
      vertex 1.85299 0.602071 27.2812
    endloop
  endfacet
  facet normal 0.615803 0.525958 0.586648
    outer loop
      vertex 2.0694 1.50351 26.5675
      vertex 1.80872 1.80872 26.5675
      vertex 1.84554 1.34087 26.9483
    endloop
  endfacet
  facet normal -0.984717 -0.0774894 0.155972
    outer loop
      vertex -2.91711 0 25.7003
      vertex -2.95393 -0.467856 25.2354
      vertex -2.8812 -0.456336 25.7003
    endloop
  endfacet
  facet normal -0.811158 0.497089 -0.308098
    outer loop
      vertex -2.2423 1.62913 23.8519
      vertex -2.46955 1.2583 23.8519
      vertex -2.35999 1.71463 24.2997
    endloop
  endfacet
  facet normal -0.751106 0.641487 -0.155992
    outer loop
      vertex -2.35999 1.71463 24.2997
      vertex -2.41957 1.75792 24.7646
      vertex -2.06271 2.06271 24.2997
    endloop
  endfacet
  facet normal -0.378013 0.912564 -0.155989
    outer loop
      vertex -1.32434 2.59916 24.2997
      vertex -1.35777 2.66478 24.7646
      vertex -0.901436 2.77434 24.2997
    endloop
  endfacet
  facet normal -0.453663 -0.0357069 0.890458
    outer loop
      vertex -1.13391 -0.179594 27.7716
      vertex -1.5675 0 27.5579
      vertex -1.5482 -0.24521 27.5579
    endloop
  endfacet
  facet normal -0.587153 -0.0462137 0.808156
    outer loop
      vertex -1.5675 0 27.5579
      vertex -1.92436 -0.304788 27.2812
      vertex -1.5482 -0.24521 27.5579
    endloop
  endfacet
  facet normal -0.156542 -0.0123212 0.987594
    outer loop
      vertex -0.232479 -0.0368204 27.9908
      vertex -0.700336 0 27.9171
      vertex -0.691713 -0.109556 27.9171
    endloop
  endfacet
  facet normal -0.453666 -0.0357186 0.890456
    outer loop
      vertex -1.14805 0 27.7716
      vertex -1.5675 0 27.5579
      vertex -1.13391 -0.179594 27.7716
    endloop
  endfacet
  facet normal 0.960469 0.230595 0.155967
    outer loop
      vertex 2.84437 0.924192 25.2354
      vertex 2.77434 0.901436 25.7003
      vertex 2.95393 0.467856 25.2354
    endloop
  endfacet
  facet normal 0.842203 0.516103 0.155988
    outer loop
      vertex 2.66478 1.35777 25.2354
      vertex 2.35999 1.71463 25.7003
      vertex 2.59916 1.32434 25.7003
    endloop
  endfacet
  facet normal 0.751097 0.641503 -0.155975
    outer loop
      vertex 2.41957 1.75792 24.7646
      vertex 2.06271 2.06271 24.2997
      vertex 2.11478 2.11478 24.7646
    endloop
  endfacet
  facet normal 0.525959 0.615799 0.58665
    outer loop
      vertex 1.80872 1.80872 26.5675
      vertex 1.34087 1.84554 26.9483
      vertex 1.61306 1.61306 26.9483
    endloop
  endfacet
  facet normal -0.377993 0.912576 -0.155968
    outer loop
      vertex -0.901436 2.77434 24.2997
      vertex -1.35777 2.66478 24.7646
      vertex -0.924192 2.84437 24.7646
    endloop
  endfacet
  facet normal 0.370048 0.60386 0.705987
    outer loop
      vertex 1.34087 1.84554 26.9483
      vertex 1.03565 2.03258 26.9483
      vertex 1.14521 1.57624 27.2812
    endloop
  endfacet
  facet normal 0.690508 0.423134 0.586648
    outer loop
      vertex 2.0694 1.50351 26.5675
      vertex 1.84554 1.34087 26.9483
      vertex 2.27912 1.16127 26.5675
    endloop
  endfacet
  facet normal 0.36405 0.878938 -0.308117
    outer loop
      vertex 1.2583 2.46955 23.8519
      vertex 0.856483 2.63598 23.8519
      vertex 0.901436 2.77434 24.2997
    endloop
  endfacet
  facet normal 0.522495 0.852642 -0
    outer loop
      vertex 1.75792 2.41957 24.7646
      vertex 1.35777 2.66478 25.2354
      vertex 1.75792 2.41957 25.2354
    endloop
  endfacet
  facet normal 0.522495 0.852642 0
    outer loop
      vertex 1.35777 2.66478 25.2354
      vertex 1.75792 2.41957 24.7646
      vertex 1.35777 2.66478 24.7646
    endloop
  endfacet
  facet normal 0.723403 0.61786 -0.308119
    outer loop
      vertex 2.2423 1.62913 23.8519
      vertex 1.95984 1.95984 23.8519
      vertex 2.06271 2.06271 24.2997
    endloop
  endfacet
  facet normal 0.0746327 0.948415 -0.30812
    outer loop
      vertex 0.433579 2.73751 23.8519
      vertex 0 2.91711 24.2997
      vertex 0.456336 2.8812 24.2997
    endloop
  endfacet
  facet normal 0.222087 0.925062 -0.30812
    outer loop
      vertex 0.856483 2.63598 23.8519
      vertex 0.433579 2.73751 23.8519
      vertex 0.456336 2.8812 24.2997
    endloop
  endfacet
  facet normal 0.497083 0.811166 -0.30809
    outer loop
      vertex 1.71463 2.35999 24.2997
      vertex 1.2583 2.46955 23.8519
      vertex 1.32434 2.59916 24.2997
    endloop
  endfacet
  facet normal -0.0723518 0.301374 0.950757
    outer loop
      vertex -0.109556 0.691713 27.9171
      vertex -0.354767 1.09186 27.7716
      vertex -0.216415 0.666059 27.9171
    endloop
  endfacet
  facet normal -0.0366559 -0.152688 0.987594
    outer loop
      vertex -0.0727348 -0.223857 27.9908
      vertex -0.109556 -0.691713 27.9171
      vertex -0.0368204 -0.232479 27.9908
    endloop
  endfacet
  facet normal 0.465824 -0.760173 -0.45293
    outer loop
      vertex 1.2583 -2.46955 23.8519
      vertex 1.16127 -2.27912 23.4325
      vertex 1.50351 -2.0694 23.4325
    endloop
  endfacet
  facet normal -0.677936 -0.579026 -0.452915
    outer loop
      vertex -1.95984 -1.95984 23.8519
      vertex -2.2423 -1.62913 23.8519
      vertex -2.0694 -1.50351 23.4325
    endloop
  endfacet
  facet normal -0.866969 -0.208137 0.452818
    outer loop
      vertex -2.52643 -0.400146 26.5675
      vertex -2.63598 -0.856483 26.148
      vertex -2.43273 -0.790441 26.5675
    endloop
  endfacet
  facet normal -0.0774966 -0.984716 0.155979
    outer loop
      vertex 0 -2.91711 25.7003
      vertex -0.467856 -2.95393 25.2354
      vertex 0 -2.99075 25.2354
    endloop
  endfacet
  facet normal 0.309921 -0.748198 -0.586642
    outer loop
      vertex 1.16127 -2.27912 23.4325
      vertex 0.704935 -2.16957 23.0517
      vertex 1.03565 -2.03258 23.0517
    endloop
  endfacet
  facet normal -0.37009 -0.603929 -0.705906
    outer loop
      vertex -1.34087 -1.84554 23.0517
      vertex -1.12821 -1.64706 22.7704
      vertex -1.03565 -2.03258 23.0517
    endloop
  endfacet
  facet normal -0.370155 -0.603876 -0.705917
    outer loop
      vertex -1.12821 -1.64706 22.7704
      vertex -1.34087 -1.84554 23.0517
      vertex -1.17557 -1.61803 22.7704
    endloop
  endfacet
  facet normal -0.751106 -0.641487 -0.155992
    outer loop
      vertex -2.06271 -2.06271 24.2997
      vertex -2.41957 -1.75792 24.7646
      vertex -2.35999 -1.71463 24.2997
    endloop
  endfacet
  facet normal -0.0774966 -0.984716 -0.155979
    outer loop
      vertex 0 -2.99075 24.7646
      vertex -0.467856 -2.95393 24.7646
      vertex 0 -2.91711 24.2997
    endloop
  endfacet
  facet normal -0.459946 -0.538545 0.705988
    outer loop
      vertex -1.14521 -1.57624 27.2812
      vertex -1.37769 -1.37769 27.2812
      vertex -1.34087 -1.84554 26.9483
    endloop
  endfacet
  facet normal -0.878919 -0.364043 0.30818
    outer loop
      vertex -2.63598 -0.856483 26.148
      vertex -2.77434 -0.901436 25.7003
      vertex -2.46955 -1.2583 26.148
    endloop
  endfacet
  facet normal -0.165329 -0.68866 0.705985
    outer loop
      vertex -0.602071 -1.85299 27.2812
      vertex -0.704935 -2.16957 26.9483
      vertex -0.304788 -1.92436 27.2812
    endloop
  endfacet
  facet normal 0.0699495 -0.888854 0.45282
    outer loop
      vertex 0.400146 -2.52643 26.5675
      vertex 0 -2.55792 26.5675
      vertex 0.433579 -2.73751 26.148
    endloop
  endfacet
  facet normal 0.174151 -0.420429 0.890455
    outer loop
      vertex 0.711628 -1.39665 27.5579
      vertex 0.354767 -1.09186 27.7716
      vertex 0.484383 -1.49078 27.5579
    endloop
  endfacet
  facet normal 0.377993 -0.912576 0.155968
    outer loop
      vertex 1.35777 -2.66478 25.2354
      vertex 0.901436 -2.77434 25.7003
      vertex 0.924192 -2.84437 25.2354
    endloop
  endfacet
  facet normal 0.364043 -0.878919 0.30818
    outer loop
      vertex 1.2583 -2.46955 26.148
      vertex 0.856483 -2.63598 26.148
      vertex 0.901436 -2.77434 25.7003
    endloop
  endfacet
  facet normal 0.842203 -0.516103 0.155988
    outer loop
      vertex 2.59916 -1.32434 25.7003
      vertex 2.35999 -1.71463 25.7003
      vertex 2.66478 -1.35777 25.2354
    endloop
  endfacet
  facet normal 0.222085 -0.925042 0.30818
    outer loop
      vertex 0.856483 -2.63598 26.148
      vertex 0.456336 -2.8812 25.7003
      vertex 0.901436 -2.77434 25.7003
    endloop
  endfacet
  facet normal -0.912564 -0.378013 0.155989
    outer loop
      vertex -2.59916 -1.32434 25.7003
      vertex -2.77434 -0.901436 25.7003
      vertex -2.66478 -1.35777 25.2354
    endloop
  endfacet
  facet normal -0.972368 -0.233452 0
    outer loop
      vertex -2.84437 -0.924192 24.7646
      vertex -2.95393 -0.467856 25.2354
      vertex -2.95393 -0.467856 24.7646
    endloop
  endfacet
  facet normal -0.972368 -0.233452 0
    outer loop
      vertex -2.95393 -0.467856 25.2354
      vertex -2.84437 -0.924192 24.7646
      vertex -2.84437 -0.924192 25.2354
    endloop
  endfacet
  facet normal -0.842203 -0.516103 -0.155988
    outer loop
      vertex -2.35999 -1.71463 24.2997
      vertex -2.66478 -1.35777 24.7646
      vertex -2.59916 -1.32434 24.2997
    endloop
  endfacet
  facet normal -0.923882 -0.382676 0
    outer loop
      vertex -2.66478 -1.35777 24.7646
      vertex -2.84437 -0.924192 25.2354
      vertex -2.84437 -0.924192 24.7646
    endloop
  endfacet
  facet normal -0.923882 -0.382676 0
    outer loop
      vertex -2.84437 -0.924192 25.2354
      vertex -2.66478 -1.35777 24.7646
      vertex -2.66478 -1.35777 25.2354
    endloop
  endfacet
  facet normal -0.370048 -0.60386 0.705987
    outer loop
      vertex -1.14521 -1.57624 27.2812
      vertex -1.34087 -1.84554 26.9483
      vertex -1.03565 -2.03258 26.9483
    endloop
  endfacet
  facet normal -0.67797 -0.579054 0.452828
    outer loop
      vertex -1.80872 -1.80872 26.5675
      vertex -2.0694 -1.50351 26.5675
      vertex -1.95984 -1.95984 26.148
    endloop
  endfacet
  facet normal -0.842203 0.516103 0.155988
    outer loop
      vertex -2.35999 1.71463 25.7003
      vertex -2.66478 1.35777 25.2354
      vertex -2.59916 1.32434 25.7003
    endloop
  endfacet
  facet normal -0.984717 0.0774894 -0.155972
    outer loop
      vertex -2.91711 0 24.2997
      vertex -2.95393 0.467856 24.7646
      vertex -2.8812 0.456336 24.2997
    endloop
  endfacet
  facet normal -0.878919 0.364043 0.30818
    outer loop
      vertex -2.46955 1.2583 26.148
      vertex -2.77434 0.901436 25.7003
      vertex -2.63598 0.856483 26.148
    endloop
  endfacet
  facet normal -0.688665 -0.165323 0.705981
    outer loop
      vertex -1.92436 -0.304788 27.2812
      vertex -2.25313 -0.35686 26.9483
      vertex -2.16957 -0.704935 26.9483
    endloop
  endfacet
  facet normal 0.341194 0.823675 -0.452929
    outer loop
      vertex 1.16127 2.27912 23.4325
      vertex 0.790441 2.43273 23.4325
      vertex 1.2583 2.46955 23.8519
    endloop
  endfacet
  facet normal 0.538595 0.46 -0.705915
    outer loop
      vertex 1.84554 1.34087 23.0517
      vertex 1.61803 1.17557 22.7704
      vertex 1.45029 1.37197 22.7704
    endloop
  endfacet
  facet normal 0.748192 -0.309927 -0.586646
    outer loop
      vertex 2.27912 -1.16127 23.4325
      vertex 2.16957 -0.704935 23.0517
      vertex 2.43273 -0.790441 23.4325
    endloop
  endfacet
  facet normal 0.579026 0.677937 -0.452914
    outer loop
      vertex 1.80872 1.80872 23.4325
      vertex 1.50351 2.0694 23.4325
      vertex 1.95984 1.95984 23.8519
    endloop
  endfacet
  facet normal 0.823699 0.341171 -0.452905
    outer loop
      vertex 2.63598 0.856483 23.8519
      vertex 2.43273 0.790441 23.4325
      vertex 2.46955 1.2583 23.8519
    endloop
  endfacet
  facet normal 0.76021 -0.465846 0.452844
    outer loop
      vertex 2.27912 -1.16127 26.5675
      vertex 2.0694 -1.50351 26.5675
      vertex 2.46955 -1.2583 26.148
    endloop
  endfacet
  facet normal 0.984716 -0.0774966 -0.155979
    outer loop
      vertex 2.95393 -0.467856 24.7646
      vertex 2.91711 0 24.2997
      vertex 2.99075 0 24.7646
    endloop
  endfacet
  facet normal 0.878919 -0.364043 0.30818
    outer loop
      vertex 2.63598 -0.856483 26.148
      vertex 2.46955 -1.2583 26.148
      vertex 2.77434 -0.901436 25.7003
    endloop
  endfacet
  facet normal 0.80735 -0.0635354 -0.586643
    outer loop
      vertex 2.52643 -0.400146 23.4325
      vertex 2.28122 0 23.0517
      vertex 2.55792 0 23.4325
    endloop
  endfacet
  facet normal 0.516103 -0.842203 -0.155988
    outer loop
      vertex 1.35777 -2.66478 24.7646
      vertex 1.32434 -2.59916 24.2997
      vertex 1.71463 -2.35999 24.2997
    endloop
  endfacet
  facet normal 0.579026 -0.677937 -0.452914
    outer loop
      vertex 1.95984 -1.95984 23.8519
      vertex 1.50351 -2.0694 23.4325
      vertex 1.80872 -1.80872 23.4325
    endloop
  endfacet
  facet normal 0.923882 0.382676 0
    outer loop
      vertex 2.84437 0.924192 25.2354
      vertex 2.66478 1.35777 24.7646
      vertex 2.66478 1.35777 25.2354
    endloop
  endfacet
  facet normal 0.923882 0.382676 0
    outer loop
      vertex 2.66478 1.35777 24.7646
      vertex 2.84437 0.924192 25.2354
      vertex 2.84437 0.924192 24.7646
    endloop
  endfacet
  facet normal 0.984716 0.0774966 -0.155979
    outer loop
      vertex 2.99075 0 24.7646
      vertex 2.91711 0 24.2997
      vertex 2.95393 0.467856 24.7646
    endloop
  endfacet
  facet normal 0.423134 -0.690508 -0.586648
    outer loop
      vertex 1.50351 -2.0694 23.4325
      vertex 1.16127 -2.27912 23.4325
      vertex 1.34087 -1.84554 23.0517
    endloop
  endfacet
  facet normal 0.0746567 -0.94842 -0.308099
    outer loop
      vertex 0.433579 -2.73751 23.8519
      vertex 0 -2.91711 24.2997
      vertex 0 -2.77164 23.8519
    endloop
  endfacet
  facet normal 0.230595 -0.960469 -0.155967
    outer loop
      vertex 0.924192 -2.84437 24.7646
      vertex 0.467856 -2.95393 24.7646
      vertex 0.901436 -2.77434 24.2997
    endloop
  endfacet
  facet normal 0.364082 -0.878934 -0.30809
    outer loop
      vertex 1.32434 -2.59916 24.2997
      vertex 0.901436 -2.77434 24.2997
      vertex 1.2583 -2.46955 23.8519
    endloop
  endfacet
  facet normal 0.9484 -0.0746551 0.308161
    outer loop
      vertex 2.77164 0 26.148
      vertex 2.73751 -0.433579 26.148
      vertex 2.91711 0 25.7003
    endloop
  endfacet
  facet normal 0.888854 0.0699495 0.45282
    outer loop
      vertex 2.73751 0.433579 26.148
      vertex 2.52643 0.400146 26.5675
      vertex 2.55792 0 26.5675
    endloop
  endfacet
  facet normal 0.544134 -0.225392 0.808156
    outer loop
      vertex 1.85299 -0.602071 27.2812
      vertex 1.39665 -0.711628 27.5579
      vertex 1.73599 -0.884529 27.2812
    endloop
  endfacet
  facet normal 0.706047 -0.055576 0.705981
    outer loop
      vertex 2.28122 0 26.9483
      vertex 1.92436 -0.304788 27.2812
      vertex 2.25313 -0.35686 26.9483
    endloop
  endfacet
  facet normal 0.925042 -0.222085 0.30818
    outer loop
      vertex 2.8812 -0.456336 25.7003
      vertex 2.63598 -0.856483 26.148
      vertex 2.77434 -0.901436 25.7003
    endloop
  endfacet
  facet normal 0.502177 -0.30774 0.808155
    outer loop
      vertex 1.39665 -0.711628 27.5579
      vertex 1.26813 -0.92135 27.5579
      vertex 1.57624 -1.14521 27.2812
    endloop
  endfacet
  facet normal -0.20814 -0.866967 0.45282
    outer loop
      vertex -0.400146 -2.52643 26.5675
      vertex -0.856483 -2.63598 26.148
      vertex -0.433579 -2.73751 26.148
    endloop
  endfacet
  facet normal 0.423134 -0.690508 0.586648
    outer loop
      vertex 1.34087 -1.84554 26.9483
      vertex 1.16127 -2.27912 26.5675
      vertex 1.50351 -2.0694 26.5675
    endloop
  endfacet
  facet normal 0.465846 -0.76021 0.452844
    outer loop
      vertex 1.50351 -2.0694 26.5675
      vertex 1.16127 -2.27912 26.5675
      vertex 1.2583 -2.46955 26.148
    endloop
  endfacet
  facet normal 0.465866 -0.760207 0.452829
    outer loop
      vertex 1.50351 -2.0694 26.5675
      vertex 1.2583 -2.46955 26.148
      vertex 1.62913 -2.2423 26.148
    endloop
  endfacet
  facet normal 0.453666 -0.0357186 0.890456
    outer loop
      vertex 1.14805 0 27.7716
      vertex 1.13391 -0.179594 27.7716
      vertex 1.5675 0 27.5579
    endloop
  endfacet
  facet normal 0.68866 0.165329 0.705985
    outer loop
      vertex 2.16957 0.704935 26.9483
      vertex 1.85299 0.602071 27.2812
      vertex 1.92436 0.304788 27.2812
    endloop
  endfacet
  facet normal 0.787466 0.189042 0.586652
    outer loop
      vertex 2.52643 0.400146 26.5675
      vertex 2.16957 0.704935 26.9483
      vertex 2.25313 0.35686 26.9483
    endloop
  endfacet
  facet normal 0.301374 0.0723518 0.950757
    outer loop
      vertex 1.09186 0.354767 27.7716
      vertex 0.666059 0.216415 27.9171
      vertex 0.691713 0.109556 27.9171
    endloop
  endfacet
  facet normal 0.0243272 0.308983 0.950756
    outer loop
      vertex 0.179594 1.13391 27.7716
      vertex 0 1.14805 27.7716
      vertex 0.109556 0.691713 27.9171
    endloop
  endfacet
  facet normal 0.502175 0.307742 0.808156
    outer loop
      vertex 1.57624 1.14521 27.2812
      vertex 1.39665 0.711628 27.5579
      vertex 1.73599 0.884529 27.2812
    endloop
  endfacet
  facet normal -0.603931 0.370071 -0.705914
    outer loop
      vertex -1.78201 0.907981 22.7704
      vertex -2.03258 1.03565 23.0517
      vertex -1.64706 1.12821 22.7704
    endloop
  endfacet
  facet normal -0.76017 0.465843 -0.452915
    outer loop
      vertex -2.0694 1.50351 23.4325
      vertex -2.46955 1.2583 23.8519
      vertex -2.2423 1.62913 23.8519
    endloop
  endfacet
  facet normal -0.364082 0.878934 -0.30809
    outer loop
      vertex -1.2583 2.46955 23.8519
      vertex -1.32434 2.59916 24.2997
      vertex -0.901436 2.77434 24.2997
    endloop
  endfacet
  facet normal -0.309927 0.748192 -0.586646
    outer loop
      vertex -0.704935 2.16957 23.0517
      vertex -1.16127 2.27912 23.4325
      vertex -0.790441 2.43273 23.4325
    endloop
  endfacet
  facet normal -0.377993 0.912576 0.155968
    outer loop
      vertex -0.924192 2.84437 25.2354
      vertex -1.35777 2.66478 25.2354
      vertex -0.901436 2.77434 25.7003
    endloop
  endfacet
  facet normal -0.912564 0.378013 -0.155989
    outer loop
      vertex -2.59916 1.32434 24.2997
      vertex -2.77434 0.901436 24.2997
      vertex -2.66478 1.35777 24.7646
    endloop
  endfacet
  facet normal -0.842203 0.516103 -0.155988
    outer loop
      vertex -2.59916 1.32434 24.2997
      vertex -2.66478 1.35777 24.7646
      vertex -2.35999 1.71463 24.2997
    endloop
  endfacet
  facet normal -0.811148 0.497072 0.308152
    outer loop
      vertex -2.35999 1.71463 25.7003
      vertex -2.59916 1.32434 25.7003
      vertex -2.46955 1.2583 26.148
    endloop
  endfacet
  facet normal -0.948395 -0.0746311 0.308183
    outer loop
      vertex -2.73751 -0.433579 26.148
      vertex -2.91711 0 25.7003
      vertex -2.8812 -0.456336 25.7003
    endloop
  endfacet
  facet normal -0.264265 -0.161941 0.950757
    outer loop
      vertex -0.566584 -0.411647 27.9171
      vertex -1.02292 -0.521203 27.7716
      vertex -0.928792 -0.674807 27.7716
    endloop
  endfacet
  facet normal -0.420429 -0.174151 0.890455
    outer loop
      vertex -1.09186 -0.354767 27.7716
      vertex -1.49078 -0.484383 27.5579
      vertex -1.39665 -0.711628 27.5579
    endloop
  endfacet
  facet normal 0.912576 0.377993 0.155968
    outer loop
      vertex 2.84437 0.924192 25.2354
      vertex 2.66478 1.35777 25.2354
      vertex 2.77434 0.901436 25.7003
    endloop
  endfacet
  facet normal 0.912564 0.378013 0.155989
    outer loop
      vertex 2.66478 1.35777 25.2354
      vertex 2.59916 1.32434 25.7003
      vertex 2.77434 0.901436 25.7003
    endloop
  endfacet
  facet normal 0.811141 0.497079 0.30816
    outer loop
      vertex 2.35999 1.71463 25.7003
      vertex 2.2423 1.62913 26.148
      vertex 2.46955 1.2583 26.148
    endloop
  endfacet
  facet normal 0.811148 0.497072 0.308152
    outer loop
      vertex 2.59916 1.32434 25.7003
      vertex 2.35999 1.71463 25.7003
      vertex 2.46955 1.2583 26.148
    endloop
  endfacet
  facet normal 0.723409 0.617832 0.308159
    outer loop
      vertex 2.35999 1.71463 25.7003
      vertex 2.06271 2.06271 25.7003
      vertex 2.2423 1.62913 26.148
    endloop
  endfacet
  facet normal -0.230595 0.960469 0.155967
    outer loop
      vertex -0.467856 2.95393 25.2354
      vertex -0.924192 2.84437 25.2354
      vertex -0.901436 2.77434 25.7003
    endloop
  endfacet
  facet normal 0.516103 0.842203 0.155988
    outer loop
      vertex 1.35777 2.66478 25.2354
      vertex 1.32434 2.59916 25.7003
      vertex 1.71463 2.35999 25.7003
    endloop
  endfacet
  facet normal -0.760403 0.649451 0
    outer loop
      vertex -2.41957 1.75792 24.7646
      vertex -2.11478 2.11478 25.2354
      vertex -2.11478 2.11478 24.7646
    endloop
  endfacet
  facet normal -0.760403 0.649451 0
    outer loop
      vertex -2.11478 2.11478 25.2354
      vertex -2.41957 1.75792 24.7646
      vertex -2.41957 1.75792 25.2354
    endloop
  endfacet
  facet normal -0.641503 0.751097 0.155975
    outer loop
      vertex -1.75792 2.41957 25.2354
      vertex -2.11478 2.11478 25.2354
      vertex -2.06271 2.06271 25.7003
    endloop
  endfacet
  facet normal -0.67797 0.579054 0.452828
    outer loop
      vertex -1.95984 1.95984 26.148
      vertex -2.0694 1.50351 26.5675
      vertex -1.80872 1.80872 26.5675
    endloop
  endfacet
  facet normal 0.423145 0.690507 0.586642
    outer loop
      vertex 1.16127 2.27912 26.5675
      vertex 1.03565 2.03258 26.9483
      vertex 1.34087 1.84554 26.9483
    endloop
  endfacet
  facet normal 0.579055 0.677969 0.452829
    outer loop
      vertex 1.62913 2.2423 26.148
      vertex 1.50351 2.0694 26.5675
      vertex 1.95984 1.95984 26.148
    endloop
  endfacet
  facet normal 0.67797 0.579054 0.452828
    outer loop
      vertex 1.95984 1.95984 26.148
      vertex 1.80872 1.80872 26.5675
      vertex 2.0694 1.50351 26.5675
    endloop
  endfacet
  facet normal -0.0746551 0.9484 0.308161
    outer loop
      vertex 0 2.91711 25.7003
      vertex -0.433579 2.73751 26.148
      vertex 0 2.77164 26.148
    endloop
  endfacet
  facet normal 0.465866 0.760207 0.452829
    outer loop
      vertex 1.62913 2.2423 26.148
      vertex 1.2583 2.46955 26.148
      vertex 1.50351 2.0694 26.5675
    endloop
  endfacet
  facet normal 0.0774894 0.984717 0.155972
    outer loop
      vertex 0.467856 2.95393 25.2354
      vertex 0 2.91711 25.7003
      vertex 0.456336 2.8812 25.7003
    endloop
  endfacet
  facet normal 0.723425 0.617846 -0.308097
    outer loop
      vertex 2.2423 1.62913 23.8519
      vertex 2.06271 2.06271 24.2997
      vertex 2.35999 1.71463 24.2997
    endloop
  endfacet
  facet normal 0.579026 0.677936 -0.452915
    outer loop
      vertex 1.95984 1.95984 23.8519
      vertex 1.50351 2.0694 23.4325
      vertex 1.62913 2.2423 23.8519
    endloop
  endfacet
  facet normal 0.364082 0.878934 -0.30809
    outer loop
      vertex 1.2583 2.46955 23.8519
      vertex 0.901436 2.77434 24.2997
      vertex 1.32434 2.59916 24.2997
    endloop
  endfacet
  facet normal 0.377993 0.912576 -0.155968
    outer loop
      vertex 1.35777 2.66478 24.7646
      vertex 0.901436 2.77434 24.2997
      vertex 0.924192 2.84437 24.7646
    endloop
  endfacet
  facet normal 0.641487 0.751106 -0.155992
    outer loop
      vertex 2.06271 2.06271 24.2997
      vertex 1.71463 2.35999 24.2997
      vertex 1.75792 2.41957 24.7646
    endloop
  endfacet
  facet normal 0.516099 0.842205 -0.155992
    outer loop
      vertex 1.71463 2.35999 24.2997
      vertex 1.35777 2.66478 24.7646
      vertex 1.75792 2.41957 24.7646
    endloop
  endfacet
  facet normal -0.222087 0.925062 -0.30812
    outer loop
      vertex -0.433579 2.73751 23.8519
      vertex -0.856483 2.63598 23.8519
      vertex -0.456336 2.8812 24.2997
    endloop
  endfacet
  facet normal 0.20813 0.866925 -0.452906
    outer loop
      vertex 0.856483 2.63598 23.8519
      vertex 0.400146 2.52643 23.4325
      vertex 0.433579 2.73751 23.8519
    endloop
  endfacet
  facet normal -0.165358 0.68872 -0.705919
    outer loop
      vertex -0.704935 2.16957 23.0517
      vertex -0.377586 1.95984 22.7704
      vertex -0.618033 1.90211 22.7704
    endloop
  endfacet
  facet normal -0.159308 0.693604 -0.70252
    outer loop
      vertex -0.377586 1.95984 22.7704
      vertex -0.704935 2.16957 23.0517
      vertex -0.373716 1.96397 22.7736
    endloop
  endfacet
  facet normal -0.16646 0.687689 -0.706665
    outer loop
      vertex -0.373716 1.96397 22.7736
      vertex -0.704935 2.16957 23.0517
      vertex -0.371847 1.96545 22.7746
    endloop
  endfacet
  facet normal -0.587153 0.0462137 0.808156
    outer loop
      vertex -1.5482 0.24521 27.5579
      vertex -1.92436 0.304788 27.2812
      vertex -1.5675 0 27.5579
    endloop
  endfacet
  facet normal -0.145074 -0.0600905 0.987594
    outer loop
      vertex -0.223857 -0.0727348 27.9908
      vertex -0.624003 -0.317945 27.9171
      vertex -0.209723 -0.106858 27.9908
    endloop
  endfacet
  facet normal 0.309927 0.748192 0.586646
    outer loop
      vertex 0.790441 2.43273 26.5675
      vertex 0.704935 2.16957 26.9483
      vertex 1.16127 2.27912 26.5675
    endloop
  endfacet
  facet normal 0.972368 -0.233452 0
    outer loop
      vertex 2.84437 -0.924192 25.2354
      vertex 2.95393 -0.467856 24.7646
      vertex 2.95393 -0.467856 25.2354
    endloop
  endfacet
  facet normal 0.972368 -0.233452 0
    outer loop
      vertex 2.95393 -0.467856 24.7646
      vertex 2.84437 -0.924192 25.2354
      vertex 2.84437 -0.924192 24.7646
    endloop
  endfacet
  facet normal 0.465843 -0.76017 -0.452915
    outer loop
      vertex 1.62913 -2.2423 23.8519
      vertex 1.2583 -2.46955 23.8519
      vertex 1.50351 -2.0694 23.4325
    endloop
  endfacet
  facet normal -0.341194 -0.823675 -0.452929
    outer loop
      vertex -0.790441 -2.43273 23.4325
      vertex -1.2583 -2.46955 23.8519
      vertex -1.16127 -2.27912 23.4325
    endloop
  endfacet
  facet normal -0.20813 -0.866925 -0.452906
    outer loop
      vertex -0.433579 -2.73751 23.8519
      vertex -0.856483 -2.63598 23.8519
      vertex -0.400146 -2.52643 23.4325
    endloop
  endfacet
  facet normal -0.823699 0.341171 -0.452905
    outer loop
      vertex -2.43273 0.790441 23.4325
      vertex -2.63598 0.856483 23.8519
      vertex -2.46955 1.2583 23.8519
    endloop
  endfacet
  facet normal -0.866925 0.20813 -0.452906
    outer loop
      vertex -2.52643 0.400146 23.4325
      vertex -2.73751 0.433579 23.8519
      vertex -2.63598 0.856483 23.8519
    endloop
  endfacet
  facet normal 0.309927 -0.748192 0.586646
    outer loop
      vertex 1.16127 -2.27912 26.5675
      vertex 0.704935 -2.16957 26.9483
      vertex 0.790441 -2.43273 26.5675
    endloop
  endfacet
  facet normal 0.0723518 -0.301374 0.950757
    outer loop
      vertex 0.216415 -0.666059 27.9171
      vertex 0.109556 -0.691713 27.9171
      vertex 0.354767 -1.09186 27.7716
    endloop
  endfacet
  facet normal 0.0774966 -0.984716 -0.155979
    outer loop
      vertex 0.467856 -2.95393 24.7646
      vertex 0 -2.99075 24.7646
      vertex 0 -2.91711 24.2997
    endloop
  endfacet
  facet normal -0.230595 -0.960469 0.155967
    outer loop
      vertex -0.901436 -2.77434 25.7003
      vertex -0.924192 -2.84437 25.2354
      vertex -0.467856 -2.95393 25.2354
    endloop
  endfacet
  facet normal -0.382676 -0.923882 0
    outer loop
      vertex -1.35777 -2.66478 24.7646
      vertex -0.924192 -2.84437 25.2354
      vertex -1.35777 -2.66478 25.2354
    endloop
  endfacet
  facet normal -0.382676 -0.923882 -0
    outer loop
      vertex -0.924192 -2.84437 25.2354
      vertex -1.35777 -2.66478 24.7646
      vertex -0.924192 -2.84437 24.7646
    endloop
  endfacet
  facet normal -0.878938 -0.36405 -0.308117
    outer loop
      vertex -2.46955 -1.2583 23.8519
      vertex -2.77434 -0.901436 24.2997
      vertex -2.63598 -0.856483 23.8519
    endloop
  endfacet
  facet normal 0.0746311 -0.948395 0.308183
    outer loop
      vertex 0.433579 -2.73751 26.148
      vertex 0 -2.91711 25.7003
      vertex 0.456336 -2.8812 25.7003
    endloop
  endfacet
  facet normal -0.364043 -0.878919 0.30818
    outer loop
      vertex -0.856483 -2.63598 26.148
      vertex -1.2583 -2.46955 26.148
      vertex -0.901436 -2.77434 25.7003
    endloop
  endfacet
  facet normal -0.972368 0.233452 0
    outer loop
      vertex -2.95393 0.467856 24.7646
      vertex -2.84437 0.924192 25.2354
      vertex -2.84437 0.924192 24.7646
    endloop
  endfacet
  facet normal -0.972368 0.233452 0
    outer loop
      vertex -2.84437 0.924192 25.2354
      vertex -2.95393 0.467856 24.7646
      vertex -2.95393 0.467856 25.2354
    endloop
  endfacet
  facet normal -0.80735 -0.0635354 0.586643
    outer loop
      vertex -2.28122 0 26.9483
      vertex -2.55792 0 26.5675
      vertex -2.52643 -0.400146 26.5675
    endloop
  endfacet
  facet normal -0.654316 -0.271031 0.705984
    outer loop
      vertex -1.85299 -0.602071 27.2812
      vertex -2.03258 -1.03565 26.9483
      vertex -1.73599 -0.884529 27.2812
    endloop
  endfacet
  facet normal -0.23059 -0.960469 0.155972
    outer loop
      vertex -0.456336 -2.8812 25.7003
      vertex -0.901436 -2.77434 25.7003
      vertex -0.467856 -2.95393 25.2354
    endloop
  endfacet
  facet normal -0.0784568 -0.996918 0
    outer loop
      vertex -0.467856 -2.95393 24.7646
      vertex 0 -2.99075 25.2354
      vertex -0.467856 -2.95393 25.2354
    endloop
  endfacet
  facet normal -0.0784568 -0.996918 -0
    outer loop
      vertex 0 -2.99075 25.2354
      vertex -0.467856 -2.95393 24.7646
      vertex 0 -2.99075 24.7646
    endloop
  endfacet
  facet normal -0.0635494 -0.807342 0.586652
    outer loop
      vertex -0.35686 -2.25313 26.9483
      vertex -0.400146 -2.52643 26.5675
      vertex 0 -2.28122 26.9483
    endloop
  endfacet
  facet normal -0.222082 -0.925042 0.308182
    outer loop
      vertex -0.433579 -2.73751 26.148
      vertex -0.856483 -2.63598 26.148
      vertex -0.456336 -2.8812 25.7003
    endloop
  endfacet
  facet normal 0.0123212 0.156542 0.987594
    outer loop
      vertex 0.109556 0.691713 27.9171
      vertex 0 0.700336 27.9171
      vertex 0.0368204 0.232479 27.9908
    endloop
  endfacet
  facet normal -0.0123212 -0.156542 0.987594
    outer loop
      vertex -0.0368204 -0.232479 27.9908
      vertex -0.109556 -0.691713 27.9171
      vertex 0 -0.700336 27.9171
    endloop
  endfacet
  facet normal -0.0600905 -0.145074 0.987594
    outer loop
      vertex -0.106858 -0.209723 27.9908
      vertex -0.317945 -0.624003 27.9171
      vertex -0.0727348 -0.223857 27.9908
    endloop
  endfacet
  facet normal -0.442497 -0.106233 0.890456
    outer loop
      vertex -1.09186 -0.354767 27.7716
      vertex -1.5482 -0.24521 27.5579
      vertex -1.49078 -0.484383 27.5579
    endloop
  endfacet
  facet normal -0.641503 -0.751097 -0.155975
    outer loop
      vertex -1.75792 -2.41957 24.7646
      vertex -2.11478 -2.11478 24.7646
      vertex -2.06271 -2.06271 24.2997
    endloop
  endfacet
  facet normal -0.60386 -0.370048 0.705987
    outer loop
      vertex -1.57624 -1.14521 27.2812
      vertex -2.03258 -1.03565 26.9483
      vertex -1.84554 -1.34087 26.9483
    endloop
  endfacet
  facet normal 0.230595 -0.960469 0.155967
    outer loop
      vertex 0.901436 -2.77434 25.7003
      vertex 0.467856 -2.95393 25.2354
      vertex 0.924192 -2.84437 25.2354
    endloop
  endfacet
  facet normal 0.23059 -0.960469 0.155972
    outer loop
      vertex 0.901436 -2.77434 25.7003
      vertex 0.456336 -2.8812 25.7003
      vertex 0.467856 -2.95393 25.2354
    endloop
  endfacet
  facet normal 0.516099 -0.842205 -0.155992
    outer loop
      vertex 1.75792 -2.41957 24.7646
      vertex 1.35777 -2.66478 24.7646
      vertex 1.71463 -2.35999 24.2997
    endloop
  endfacet
  facet normal -0.811166 -0.497083 -0.30809
    outer loop
      vertex -2.35999 -1.71463 24.2997
      vertex -2.59916 -1.32434 24.2997
      vertex -2.46955 -1.2583 23.8519
    endloop
  endfacet
  facet normal -0.615803 -0.525958 -0.586648
    outer loop
      vertex -1.80872 -1.80872 23.4325
      vertex -2.0694 -1.50351 23.4325
      vertex -1.84554 -1.34087 23.0517
    endloop
  endfacet
  facet normal -0.525958 -0.615803 -0.586648
    outer loop
      vertex -1.50351 -2.0694 23.4325
      vertex -1.80872 -1.80872 23.4325
      vertex -1.34087 -1.84554 23.0517
    endloop
  endfacet
  facet normal -0.912576 -0.377993 0.155968
    outer loop
      vertex -2.77434 -0.901436 25.7003
      vertex -2.84437 -0.924192 25.2354
      vertex -2.66478 -1.35777 25.2354
    endloop
  endfacet
  facet normal -0.960469 -0.230595 0.155967
    outer loop
      vertex -2.77434 -0.901436 25.7003
      vertex -2.95393 -0.467856 25.2354
      vertex -2.84437 -0.924192 25.2354
    endloop
  endfacet
  facet normal -0.497079 -0.811141 0.30816
    outer loop
      vertex -1.62913 -2.2423 26.148
      vertex -1.71463 -2.35999 25.7003
      vertex -1.2583 -2.46955 26.148
    endloop
  endfacet
  facet normal -0.723409 -0.617832 0.308159
    outer loop
      vertex -2.2423 -1.62913 26.148
      vertex -2.35999 -1.71463 25.7003
      vertex -2.06271 -2.06271 25.7003
    endloop
  endfacet
  facet normal -0.723425 -0.617846 -0.308097
    outer loop
      vertex -2.06271 -2.06271 24.2997
      vertex -2.35999 -1.71463 24.2997
      vertex -2.2423 -1.62913 23.8519
    endloop
  endfacet
  facet normal -0.76017 -0.465843 -0.452915
    outer loop
      vertex -2.2423 -1.62913 23.8519
      vertex -2.46955 -1.2583 23.8519
      vertex -2.0694 -1.50351 23.4325
    endloop
  endfacet
  facet normal -0.923882 0.382676 0
    outer loop
      vertex -2.84437 0.924192 24.7646
      vertex -2.66478 1.35777 25.2354
      vertex -2.66478 1.35777 24.7646
    endloop
  endfacet
  facet normal -0.923882 0.382676 0
    outer loop
      vertex -2.66478 1.35777 25.2354
      vertex -2.84437 0.924192 24.7646
      vertex -2.84437 0.924192 25.2354
    endloop
  endfacet
  facet normal -0.984716 0.0774966 -0.155979
    outer loop
      vertex -2.91711 0 24.2997
      vertex -2.99075 0 24.7646
      vertex -2.95393 0.467856 24.7646
    endloop
  endfacet
  facet normal -0.878915 0.364074 0.308152
    outer loop
      vertex -2.59916 1.32434 25.7003
      vertex -2.77434 0.901436 25.7003
      vertex -2.46955 1.2583 26.148
    endloop
  endfacet
  facet normal -0.544134 0.225392 0.808156
    outer loop
      vertex -1.73599 0.884529 27.2812
      vertex -1.85299 0.602071 27.2812
      vertex -1.39665 0.711628 27.5579
    endloop
  endfacet
  facet normal -0.706036 0.0555493 0.705994
    outer loop
      vertex -1.92436 0.304788 27.2812
      vertex -2.28122 0 26.9483
      vertex -1.94834 0 27.2812
    endloop
  endfacet
  facet normal -0.706047 0.055576 0.705981
    outer loop
      vertex -2.25313 0.35686 26.9483
      vertex -2.28122 0 26.9483
      vertex -1.92436 0.304788 27.2812
    endloop
  endfacet
  facet normal -0.912564 0.378013 0.155989
    outer loop
      vertex -2.66478 1.35777 25.2354
      vertex -2.77434 0.901436 25.7003
      vertex -2.59916 1.32434 25.7003
    endloop
  endfacet
  facet normal -0.811141 0.497079 0.30816
    outer loop
      vertex -2.35999 1.71463 25.7003
      vertex -2.46955 1.2583 26.148
      vertex -2.2423 1.62913 26.148
    endloop
  endfacet
  facet normal 0.0635354 0.80735 -0.586643
    outer loop
      vertex 0.400146 2.52643 23.4325
      vertex 0 2.28122 23.0517
      vertex 0 2.55792 23.4325
    endloop
  endfacet
  facet normal 0.271062 0.654385 -0.705908
    outer loop
      vertex 0.669355 1.88086 22.7704
      vertex 0.704935 2.16957 23.0517
      vertex 1.03565 2.03258 23.0517
    endloop
  endfacet
  facet normal 0.270961 0.654411 -0.705922
    outer loop
      vertex 0.704935 2.16957 23.0517
      vertex 0.669355 1.88086 22.7704
      vertex 0.618033 1.90211 22.7704
    endloop
  endfacet
  facet normal 0.423134 0.690508 -0.586648
    outer loop
      vertex 1.34087 1.84554 23.0517
      vertex 1.16127 2.27912 23.4325
      vertex 1.50351 2.0694 23.4325
    endloop
  endfacet
  facet normal 0.960469 0.23059 -0.155972
    outer loop
      vertex 2.8812 0.456336 24.2997
      vertex 2.77434 0.901436 24.2997
      vertex 2.95393 0.467856 24.7646
    endloop
  endfacet
  facet normal 0.787466 -0.189042 -0.586652
    outer loop
      vertex 2.52643 -0.400146 23.4325
      vertex 2.16957 -0.704935 23.0517
      vertex 2.25313 -0.35686 23.0517
    endloop
  endfacet
  facet normal 0.823675 0.341194 -0.452929
    outer loop
      vertex 2.43273 0.790441 23.4325
      vertex 2.27912 1.16127 23.4325
      vertex 2.46955 1.2583 23.8519
    endloop
  endfacet
  facet normal 0.748192 0.309927 -0.586646
    outer loop
      vertex 2.43273 0.790441 23.4325
      vertex 2.16957 0.704935 23.0517
      vertex 2.27912 1.16127 23.4325
    endloop
  endfacet
  facet normal 0.617846 0.723425 -0.308097
    outer loop
      vertex 2.06271 2.06271 24.2997
      vertex 1.62913 2.2423 23.8519
      vertex 1.71463 2.35999 24.2997
    endloop
  endfacet
  facet normal 0.760403 0.649451 0
    outer loop
      vertex 2.41957 1.75792 25.2354
      vertex 2.11478 2.11478 24.7646
      vertex 2.11478 2.11478 25.2354
    endloop
  endfacet
  facet normal 0.760403 0.649451 0
    outer loop
      vertex 2.11478 2.11478 24.7646
      vertex 2.41957 1.75792 25.2354
      vertex 2.41957 1.75792 24.7646
    endloop
  endfacet
  facet normal 0.615803 0.525958 -0.586648
    outer loop
      vertex 1.84554 1.34087 23.0517
      vertex 1.80872 1.80872 23.4325
      vertex 2.0694 1.50351 23.4325
    endloop
  endfacet
  facet normal 0.760173 0.465824 -0.45293
    outer loop
      vertex 2.27912 1.16127 23.4325
      vertex 2.0694 1.50351 23.4325
      vertex 2.46955 1.2583 23.8519
    endloop
  endfacet
  facet normal 0.925062 0.222087 -0.30812
    outer loop
      vertex 2.73751 0.433579 23.8519
      vertex 2.63598 0.856483 23.8519
      vertex 2.8812 0.456336 24.2997
    endloop
  endfacet
  facet normal 0.925062 -0.222087 -0.30812
    outer loop
      vertex 2.8812 -0.456336 24.2997
      vertex 2.63598 -0.856483 23.8519
      vertex 2.73751 -0.433579 23.8519
    endloop
  endfacet
  facet normal 0.866969 -0.208137 0.452818
    outer loop
      vertex 2.52643 -0.400146 26.5675
      vertex 2.43273 -0.790441 26.5675
      vertex 2.63598 -0.856483 26.148
    endloop
  endfacet
  facet normal 0.823716 -0.341211 0.452844
    outer loop
      vertex 2.43273 -0.790441 26.5675
      vertex 2.27912 -1.16127 26.5675
      vertex 2.46955 -1.2583 26.148
    endloop
  endfacet
  facet normal 0.522495 -0.852642 0
    outer loop
      vertex 1.35777 -2.66478 24.7646
      vertex 1.75792 -2.41957 25.2354
      vertex 1.35777 -2.66478 25.2354
    endloop
  endfacet
  facet normal 0.522495 -0.852642 0
    outer loop
      vertex 1.75792 -2.41957 25.2354
      vertex 1.35777 -2.66478 24.7646
      vertex 1.75792 -2.41957 24.7646
    endloop
  endfacet
  facet normal 0.811141 -0.497079 0.30816
    outer loop
      vertex 2.46955 -1.2583 26.148
      vertex 2.2423 -1.62913 26.148
      vertex 2.35999 -1.71463 25.7003
    endloop
  endfacet
  facet normal 0.751106 -0.641487 -0.155992
    outer loop
      vertex 2.41957 -1.75792 24.7646
      vertex 2.06271 -2.06271 24.2997
      vertex 2.35999 -1.71463 24.2997
    endloop
  endfacet
  facet normal 0.912576 -0.377993 -0.155968
    outer loop
      vertex 2.84437 -0.924192 24.7646
      vertex 2.66478 -1.35777 24.7646
      vertex 2.77434 -0.901436 24.2997
    endloop
  endfacet
  facet normal 0.842205 -0.516099 -0.155992
    outer loop
      vertex 2.41957 -1.75792 24.7646
      vertex 2.35999 -1.71463 24.2997
      vertex 2.66478 -1.35777 24.7646
    endloop
  endfacet
  facet normal 0.751106 -0.641487 0.155992
    outer loop
      vertex 2.35999 -1.71463 25.7003
      vertex 2.06271 -2.06271 25.7003
      vertex 2.41957 -1.75792 25.2354
    endloop
  endfacet
  facet normal 0.912564 0.378013 -0.155989
    outer loop
      vertex 2.77434 0.901436 24.2997
      vertex 2.59916 1.32434 24.2997
      vertex 2.66478 1.35777 24.7646
    endloop
  endfacet
  facet normal 0.925042 0.222082 0.308182
    outer loop
      vertex 2.8812 0.456336 25.7003
      vertex 2.63598 0.856483 26.148
      vertex 2.73751 0.433579 26.148
    endloop
  endfacet
  facet normal 0.984716 0.0774966 0.155979
    outer loop
      vertex 2.95393 0.467856 25.2354
      vertex 2.91711 0 25.7003
      vertex 2.99075 0 25.2354
    endloop
  endfacet
  facet normal 0.615803 -0.525958 -0.586648
    outer loop
      vertex 2.0694 -1.50351 23.4325
      vertex 1.80872 -1.80872 23.4325
      vertex 1.84554 -1.34087 23.0517
    endloop
  endfacet
  facet normal -0.159308 -0.693604 -0.70252
    outer loop
      vertex -0.704935 -2.16957 23.0517
      vertex -0.377586 -1.95984 22.7704
      vertex -0.373716 -1.96397 22.7736
    endloop
  endfacet
  facet normal -0.16646 -0.687689 -0.706665
    outer loop
      vertex -0.704935 -2.16957 23.0517
      vertex -0.373716 -1.96397 22.7736
      vertex -0.371847 -1.96545 22.7746
    endloop
  endfacet
  facet normal -0.165358 -0.68872 -0.705919
    outer loop
      vertex -0.377586 -1.95984 22.7704
      vertex -0.704935 -2.16957 23.0517
      vertex -0.618033 -1.90211 22.7704
    endloop
  endfacet
  facet normal 0.525958 -0.615803 -0.586648
    outer loop
      vertex 1.50351 -2.0694 23.4325
      vertex 1.34087 -1.84554 23.0517
      vertex 1.80872 -1.80872 23.4325
    endloop
  endfacet
  facet normal 0.378013 -0.912564 -0.155989
    outer loop
      vertex 1.35777 -2.66478 24.7646
      vertex 0.901436 -2.77434 24.2997
      vertex 1.32434 -2.59916 24.2997
    endloop
  endfacet
  facet normal 0.579026 -0.677936 -0.452915
    outer loop
      vertex 1.62913 -2.2423 23.8519
      vertex 1.50351 -2.0694 23.4325
      vertex 1.95984 -1.95984 23.8519
    endloop
  endfacet
  facet normal 0.641487 -0.751106 -0.155992
    outer loop
      vertex 1.75792 -2.41957 24.7646
      vertex 1.71463 -2.35999 24.2997
      vertex 2.06271 -2.06271 24.2997
    endloop
  endfacet
  facet normal 0.378013 -0.912564 0.155989
    outer loop
      vertex 1.32434 -2.59916 25.7003
      vertex 0.901436 -2.77434 25.7003
      vertex 1.35777 -2.66478 25.2354
    endloop
  endfacet
  facet normal 0.377993 -0.912576 -0.155968
    outer loop
      vertex 0.924192 -2.84437 24.7646
      vertex 0.901436 -2.77434 24.2997
      vertex 1.35777 -2.66478 24.7646
    endloop
  endfacet
  facet normal 0.960469 0.23059 0.155972
    outer loop
      vertex 2.95393 0.467856 25.2354
      vertex 2.77434 0.901436 25.7003
      vertex 2.8812 0.456336 25.7003
    endloop
  endfacet
  facet normal 0.925042 0.222085 0.30818
    outer loop
      vertex 2.77434 0.901436 25.7003
      vertex 2.63598 0.856483 26.148
      vertex 2.8812 0.456336 25.7003
    endloop
  endfacet
  facet normal 0.68866 -0.165329 0.705985
    outer loop
      vertex 1.92436 -0.304788 27.2812
      vertex 1.85299 -0.602071 27.2812
      vertex 2.16957 -0.704935 26.9483
    endloop
  endfacet
  facet normal 0.572696 -0.13749 0.808156
    outer loop
      vertex 1.92436 -0.304788 27.2812
      vertex 1.5482 -0.24521 27.5579
      vertex 1.85299 -0.602071 27.2812
    endloop
  endfacet
  facet normal 0.787466 -0.189042 0.586652
    outer loop
      vertex 2.25313 -0.35686 26.9483
      vertex 2.16957 -0.704935 26.9483
      vertex 2.52643 -0.400146 26.5675
    endloop
  endfacet
  facet normal 0.787468 -0.189051 0.586647
    outer loop
      vertex 2.52643 -0.400146 26.5675
      vertex 2.16957 -0.704935 26.9483
      vertex 2.43273 -0.790441 26.5675
    endloop
  endfacet
  facet normal 0.888854 -0.0699495 0.45282
    outer loop
      vertex 2.55792 0 26.5675
      vertex 2.52643 -0.400146 26.5675
      vertex 2.73751 -0.433579 26.148
    endloop
  endfacet
  facet normal 0.80735 -0.0635354 0.586643
    outer loop
      vertex 2.55792 0 26.5675
      vertex 2.28122 0 26.9483
      vertex 2.52643 -0.400146 26.5675
    endloop
  endfacet
  facet normal 0.208137 -0.866969 0.452818
    outer loop
      vertex 0.790441 -2.43273 26.5675
      vertex 0.400146 -2.52643 26.5675
      vertex 0.856483 -2.63598 26.148
    endloop
  endfacet
  facet normal 0.690508 -0.423134 0.586648
    outer loop
      vertex 2.27912 -1.16127 26.5675
      vertex 1.84554 -1.34087 26.9483
      vertex 2.0694 -1.50351 26.5675
    endloop
  endfacet
  facet normal 0.237778 -0.388012 0.890454
    outer loop
      vertex 0.92135 -1.26813 27.5579
      vertex 0.674807 -0.928792 27.7716
      vertex 0.711628 -1.39665 27.5579
    endloop
  endfacet
  facet normal 0.0635354 -0.80735 0.586643
    outer loop
      vertex 0 -2.28122 26.9483
      vertex 0 -2.55792 26.5675
      vertex 0.400146 -2.52643 26.5675
    endloop
  endfacet
  facet normal 0.264265 0.161941 0.950757
    outer loop
      vertex 0.928792 0.674807 27.7716
      vertex 0.566584 0.411647 27.9171
      vertex 1.02292 0.521203 27.7716
    endloop
  endfacet
  facet normal -0.0820479 -0.133885 0.987594
    outer loop
      vertex -0.13835 -0.190424 27.9908
      vertex -0.411647 -0.566584 27.9171
      vertex -0.106858 -0.209723 27.9908
    endloop
  endfacet
  facet normal 0.823739 0.341187 0.452819
    outer loop
      vertex 2.46955 1.2583 26.148
      vertex 2.43273 0.790441 26.5675
      vertex 2.63598 0.856483 26.148
    endloop
  endfacet
  facet normal 0.807342 0.0635494 0.586652
    outer loop
      vertex 2.52643 0.400146 26.5675
      vertex 2.25313 0.35686 26.9483
      vertex 2.28122 0 26.9483
    endloop
  endfacet
  facet normal 0.690507 0.423145 0.586642
    outer loop
      vertex 2.27912 1.16127 26.5675
      vertex 1.84554 1.34087 26.9483
      vertex 2.03258 1.03565 26.9483
    endloop
  endfacet
  facet normal 0.878919 0.364043 0.30818
    outer loop
      vertex 2.77434 0.901436 25.7003
      vertex 2.46955 1.2583 26.148
      vertex 2.63598 0.856483 26.148
    endloop
  endfacet
  facet normal 0.587153 -0.0462137 0.808156
    outer loop
      vertex 1.5675 0 27.5579
      vertex 1.5482 -0.24521 27.5579
      vertex 1.92436 -0.304788 27.2812
    endloop
  endfacet
  facet normal 0.587163 0.0461966 0.80815
    outer loop
      vertex 1.92436 0.304788 27.2812
      vertex 1.5675 0 27.5579
      vertex 1.94834 0 27.2812
    endloop
  endfacet
  facet normal 0.615799 0.525959 0.58665
    outer loop
      vertex 1.80872 1.80872 26.5675
      vertex 1.61306 1.61306 26.9483
      vertex 1.84554 1.34087 26.9483
    endloop
  endfacet
  facet normal -0.388012 0.237778 0.890454
    outer loop
      vertex -1.26813 0.92135 27.5579
      vertex -1.39665 0.711628 27.5579
      vertex -0.928792 0.674807 27.7716
    endloop
  endfacet
  facet normal -0.208127 0.866926 -0.452904
    outer loop
      vertex -0.790441 2.43273 23.4325
      vertex -0.856483 2.63598 23.8519
      vertex -0.400146 2.52643 23.4325
    endloop
  endfacet
  facet normal -0.0746327 0.948415 -0.30812
    outer loop
      vertex -0.433579 2.73751 23.8519
      vertex -0.456336 2.8812 24.2997
      vertex 0 2.91711 24.2997
    endloop
  endfacet
  facet normal 0.189042 0.787466 -0.586652
    outer loop
      vertex 0.704935 2.16957 23.0517
      vertex 0.35686 2.25313 23.0517
      vertex 0.400146 2.52643 23.4325
    endloop
  endfacet
  facet normal -0.497089 0.811158 -0.308098
    outer loop
      vertex -1.62913 2.2423 23.8519
      vertex -1.71463 2.35999 24.2997
      vertex -1.2583 2.46955 23.8519
    endloop
  endfacet
  facet normal -0.516103 0.842203 -0.155988
    outer loop
      vertex -1.32434 2.59916 24.2997
      vertex -1.71463 2.35999 24.2997
      vertex -1.35777 2.66478 24.7646
    endloop
  endfacet
  facet normal -0.925062 0.22209 -0.308118
    outer loop
      vertex -2.63598 0.856483 23.8519
      vertex -2.8812 0.456336 24.2997
      vertex -2.77434 0.901436 24.2997
    endloop
  endfacet
  facet normal -0.654373 -0.271072 -0.705915
    outer loop
      vertex -1.78201 -0.907981 22.7704
      vertex -2.03258 -1.03565 23.0517
      vertex -1.88086 -0.669355 22.7704
    endloop
  endfacet
  facet normal -0.842205 0.516099 -0.155992
    outer loop
      vertex -2.35999 1.71463 24.2997
      vertex -2.66478 1.35777 24.7646
      vertex -2.41957 1.75792 24.7646
    endloop
  endfacet
  facet normal -0.912576 0.377993 -0.155968
    outer loop
      vertex -2.77434 0.901436 24.2997
      vertex -2.84437 0.924192 24.7646
      vertex -2.66478 1.35777 24.7646
    endloop
  endfacet
  facet normal -0.378013 0.912564 0.155989
    outer loop
      vertex -0.901436 2.77434 25.7003
      vertex -1.35777 2.66478 25.2354
      vertex -1.32434 2.59916 25.7003
    endloop
  endfacet
  facet normal -0.497083 0.811166 -0.30809
    outer loop
      vertex -1.2583 2.46955 23.8519
      vertex -1.71463 2.35999 24.2997
      vertex -1.32434 2.59916 24.2997
    endloop
  endfacet
  facet normal -0.235677 -0.201289 0.950757
    outer loop
      vertex -0.566584 -0.411647 27.9171
      vertex -0.811793 -0.811793 27.7716
      vertex -0.495212 -0.495212 27.9171
    endloop
  endfacet
  facet normal -0.748192 -0.309927 0.586646
    outer loop
      vertex -2.16957 -0.704935 26.9483
      vertex -2.43273 -0.790441 26.5675
      vertex -2.27912 -1.16127 26.5675
    endloop
  endfacet
  facet normal 0.751097 0.641503 0.155975
    outer loop
      vertex 2.11478 2.11478 25.2354
      vertex 2.06271 2.06271 25.7003
      vertex 2.41957 1.75792 25.2354
    endloop
  endfacet
  facet normal -0.516099 0.842205 0.155992
    outer loop
      vertex -1.35777 2.66478 25.2354
      vertex -1.75792 2.41957 25.2354
      vertex -1.71463 2.35999 25.7003
    endloop
  endfacet
  facet normal -0.230595 0.960469 -0.155967
    outer loop
      vertex -0.901436 2.77434 24.2997
      vertex -0.924192 2.84437 24.7646
      vertex -0.467856 2.95393 24.7646
    endloop
  endfacet
  facet normal 0.0699495 0.888854 0.45282
    outer loop
      vertex 0.433579 2.73751 26.148
      vertex 0 2.55792 26.5675
      vertex 0.400146 2.52643 26.5675
    endloop
  endfacet
  facet normal -0.0774966 0.984716 0.155979
    outer loop
      vertex 0 2.99075 25.2354
      vertex -0.467856 2.95393 25.2354
      vertex 0 2.91711 25.7003
    endloop
  endfacet
  facet normal -0.23059 0.960469 0.155972
    outer loop
      vertex -0.467856 2.95393 25.2354
      vertex -0.901436 2.77434 25.7003
      vertex -0.456336 2.8812 25.7003
    endloop
  endfacet
  facet normal -0.617832 0.723409 0.308159
    outer loop
      vertex -1.71463 2.35999 25.7003
      vertex -2.06271 2.06271 25.7003
      vertex -1.62913 2.2423 26.148
    endloop
  endfacet
  facet normal -0.516099 0.842205 -0.155992
    outer loop
      vertex -1.71463 2.35999 24.2997
      vertex -1.75792 2.41957 24.7646
      vertex -1.35777 2.66478 24.7646
    endloop
  endfacet
  facet normal -0.641487 0.751106 0.155992
    outer loop
      vertex -1.75792 2.41957 25.2354
      vertex -2.06271 2.06271 25.7003
      vertex -1.71463 2.35999 25.7003
    endloop
  endfacet
  facet normal 0.309921 0.748198 0.586642
    outer loop
      vertex 1.16127 2.27912 26.5675
      vertex 0.704935 2.16957 26.9483
      vertex 1.03565 2.03258 26.9483
    endloop
  endfacet
  facet normal 0.525958 0.615803 0.586648
    outer loop
      vertex 1.50351 2.0694 26.5675
      vertex 1.34087 1.84554 26.9483
      vertex 1.80872 1.80872 26.5675
    endloop
  endfacet
  facet normal 0.516099 0.842205 0.155992
    outer loop
      vertex 1.75792 2.41957 25.2354
      vertex 1.35777 2.66478 25.2354
      vertex 1.71463 2.35999 25.7003
    endloop
  endfacet
  facet normal 0.377993 0.912576 0.155968
    outer loop
      vertex 0.924192 2.84437 25.2354
      vertex 0.901436 2.77434 25.7003
      vertex 1.35777 2.66478 25.2354
    endloop
  endfacet
  facet normal 0.677969 0.579055 0.452829
    outer loop
      vertex 2.2423 1.62913 26.148
      vertex 1.95984 1.95984 26.148
      vertex 2.0694 1.50351 26.5675
    endloop
  endfacet
  facet normal 0.723388 0.617847 0.308181
    outer loop
      vertex 2.06271 2.06271 25.7003
      vertex 1.95984 1.95984 26.148
      vertex 2.2423 1.62913 26.148
    endloop
  endfacet
  facet normal 0.378013 0.912564 -0.155989
    outer loop
      vertex 1.32434 2.59916 24.2997
      vertex 0.901436 2.77434 24.2997
      vertex 1.35777 2.66478 24.7646
    endloop
  endfacet
  facet normal 0.230595 0.960469 0.155967
    outer loop
      vertex 0.924192 2.84437 25.2354
      vertex 0.467856 2.95393 25.2354
      vertex 0.901436 2.77434 25.7003
    endloop
  endfacet
  facet normal 0.423145 0.690507 -0.586642
    outer loop
      vertex 1.34087 1.84554 23.0517
      vertex 1.03565 2.03258 23.0517
      vertex 1.16127 2.27912 23.4325
    endloop
  endfacet
  facet normal 0.61786 0.723403 -0.308119
    outer loop
      vertex 1.95984 1.95984 23.8519
      vertex 1.62913 2.2423 23.8519
      vertex 2.06271 2.06271 24.2997
    endloop
  endfacet
  facet normal -0.0774966 0.984716 -0.155979
    outer loop
      vertex 0 2.91711 24.2997
      vertex -0.467856 2.95393 24.7646
      vertex 0 2.99075 24.7646
    endloop
  endfacet
  facet normal -0.22209 0.925062 -0.308118
    outer loop
      vertex -0.856483 2.63598 23.8519
      vertex -0.901436 2.77434 24.2997
      vertex -0.456336 2.8812 24.2997
    endloop
  endfacet
  facet normal 0.0635494 0.807342 -0.586652
    outer loop
      vertex 0.35686 2.25313 23.0517
      vertex 0 2.28122 23.0517
      vertex 0.400146 2.52643 23.4325
    endloop
  endfacet
  facet normal 0.0746567 0.94842 -0.308099
    outer loop
      vertex 0.433579 2.73751 23.8519
      vertex 0 2.77164 23.8519
      vertex 0 2.91711 24.2997
    endloop
  endfacet
  facet normal -0.308981 0.0243195 0.950757
    outer loop
      vertex -0.691713 0.109556 27.9171
      vertex -1.14805 0 27.7716
      vertex -0.700336 0 27.9171
    endloop
  endfacet
  facet normal -0.308981 -0.0243195 0.950757
    outer loop
      vertex -0.700336 0 27.9171
      vertex -1.14805 0 27.7716
      vertex -0.691713 -0.109556 27.9171
    endloop
  endfacet
  facet normal 0.308981 0.0243195 0.950757
    outer loop
      vertex 1.14805 0 27.7716
      vertex 0.691713 0.109556 27.9171
      vertex 0.700336 0 27.9171
    endloop
  endfacet
  facet normal -0.119403 -0.101981 0.987594
    outer loop
      vertex -0.166436 -0.166436 27.9908
      vertex -0.566584 -0.411647 27.9171
      vertex -0.495212 -0.495212 27.9171
    endloop
  endfacet
  facet normal -0.264266 -0.161938 0.950757
    outer loop
      vertex -0.624003 -0.317945 27.9171
      vertex -1.02292 -0.521203 27.7716
      vertex -0.566584 -0.411647 27.9171
    endloop
  endfacet
  facet normal -0.0555781 -0.706074 -0.705954
    outer loop
      vertex -0.35686 -2.25313 23.0517
      vertex -0.180444 -2.06995 22.8546
      vertex 0 -2.28122 23.0517
    endloop
  endfacet
  facet normal -0.0551063 -0.706312 -0.705753
    outer loop
      vertex -0.180444 -2.06995 22.8546
      vertex -0.35686 -2.25313 23.0517
      vertex -0.193544 -2.06633 22.852
    endloop
  endfacet
  facet normal -0.0558083 -0.705987 -0.706023
    outer loop
      vertex -0.193544 -2.06633 22.852
      vertex -0.35686 -2.25313 23.0517
      vertex -0.250585 -2.04392 22.8341
    endloop
  endfacet
  facet normal -0.055671 -0.706027 -0.705994
    outer loop
      vertex -0.250585 -2.04392 22.8341
      vertex -0.35686 -2.25313 23.0517
      vertex -0.301454 -2.01671 22.8109
    endloop
  endfacet
  facet normal -0.0535671 -0.706353 -0.70583
    outer loop
      vertex -0.301454 -2.01671 22.8109
      vertex -0.35686 -2.25313 23.0517
      vertex -0.317887 -2.00707 22.8025
    endloop
  endfacet
  facet normal 0.706033 0.0555803 -0.705994
    outer loop
      vertex 2.09468 0.0666904 22.8704
      vertex 2.28122 0 23.0517
      vertex 2.09993 0 22.8704
    endloop
  endfacet
  facet normal 0.705984 0.0552335 -0.706071
    outer loop
      vertex 2.08339 0.13174 22.8642
      vertex 2.28122 0 23.0517
      vertex 2.09468 0.0666904 22.8704
    endloop
  endfacet
  facet normal 0.706132 0.055723 -0.705884
    outer loop
      vertex 2.28122 0 23.0517
      vertex 2.08339 0.13174 22.8642
      vertex 2.06995 0.180444 22.8546
    endloop
  endfacet
  facet normal 0.603929 -0.37009 -0.705906
    outer loop
      vertex 1.84554 -1.34087 23.0517
      vertex 1.64706 -1.12821 22.7704
      vertex 2.03258 -1.03565 23.0517
    endloop
  endfacet
  facet normal 0.603876 -0.370155 -0.705917
    outer loop
      vertex 1.64706 -1.12821 22.7704
      vertex 1.84554 -1.34087 23.0517
      vertex 1.61803 -1.17557 22.7704
    endloop
  endfacet
  facet normal -0.538595 -0.46 -0.705915
    outer loop
      vertex -1.84554 -1.34087 23.0517
      vertex -1.61803 -1.17557 22.7704
      vertex -1.45029 -1.37197 22.7704
    endloop
  endfacet
  facet normal -0.0635354 -0.80735 -0.586643
    outer loop
      vertex 0 -2.55792 23.4325
      vertex -0.400146 -2.52643 23.4325
      vertex 0 -2.28122 23.0517
    endloop
  endfacet
  facet normal -0.760173 -0.465824 -0.45293
    outer loop
      vertex -2.0694 -1.50351 23.4325
      vertex -2.46955 -1.2583 23.8519
      vertex -2.27912 -1.16127 23.4325
    endloop
  endfacet
  facet normal -0.688657 0.165206 -0.706016
    outer loop
      vertex -2.25313 0.35686 23.0517
      vertex -1.96545 0.371847 22.7746
      vertex -2.00131 0.32664 22.799
    endloop
  endfacet
  facet normal -0.68772 0.170378 -0.7057
    outer loop
      vertex -2.25313 0.35686 23.0517
      vertex -2.00131 0.32664 22.799
      vertex -2.00707 0.317887 22.8025
    endloop
  endfacet
  facet normal -0.688647 0.165319 -0.705999
    outer loop
      vertex -1.96545 0.371847 22.7746
      vertex -2.25313 0.35686 23.0517
      vertex -2.16957 0.704935 23.0517
    endloop
  endfacet
  facet normal -0.960469 -0.23059 -0.155972
    outer loop
      vertex -2.77434 -0.901436 24.2997
      vertex -2.95393 -0.467856 24.7646
      vertex -2.8812 -0.456336 24.2997
    endloop
  endfacet
  facet normal -0.823675 0.341194 -0.452929
    outer loop
      vertex -2.43273 0.790441 23.4325
      vertex -2.46955 1.2583 23.8519
      vertex -2.27912 1.16127 23.4325
    endloop
  endfacet
  facet normal -0.0746311 -0.948395 0.308183
    outer loop
      vertex -0.433579 -2.73751 26.148
      vertex -0.456336 -2.8812 25.7003
      vertex 0 -2.91711 25.7003
    endloop
  endfacet
  facet normal 0.189051 -0.787468 0.586647
    outer loop
      vertex 0.704935 -2.16957 26.9483
      vertex 0.400146 -2.52643 26.5675
      vertex 0.790441 -2.43273 26.5675
    endloop
  endfacet
  facet normal 0.189042 -0.787466 0.586652
    outer loop
      vertex 0.704935 -2.16957 26.9483
      vertex 0.35686 -2.25313 26.9483
      vertex 0.400146 -2.52643 26.5675
    endloop
  endfacet
  facet normal -0.0723452 -0.301377 0.950756
    outer loop
      vertex -0.109556 -0.691713 27.9171
      vertex -0.354767 -1.09186 27.7716
      vertex -0.179594 -1.13391 27.7716
    endloop
  endfacet
  facet normal 0.0774894 -0.984717 -0.155972
    outer loop
      vertex 0.467856 -2.95393 24.7646
      vertex 0 -2.91711 24.2997
      vertex 0.456336 -2.8812 24.2997
    endloop
  endfacet
  facet normal 0.208127 -0.866926 -0.452904
    outer loop
      vertex 0.856483 -2.63598 23.8519
      vertex 0.400146 -2.52643 23.4325
      vertex 0.790441 -2.43273 23.4325
    endloop
  endfacet
  facet normal -0.222087 -0.925062 -0.30812
    outer loop
      vertex -0.456336 -2.8812 24.2997
      vertex -0.856483 -2.63598 23.8519
      vertex -0.433579 -2.73751 23.8519
    endloop
  endfacet
  facet normal 0.341194 -0.823675 -0.452929
    outer loop
      vertex 1.2583 -2.46955 23.8519
      vertex 0.790441 -2.43273 23.4325
      vertex 1.16127 -2.27912 23.4325
    endloop
  endfacet
  facet normal -0.80735 0.0635354 0.586643
    outer loop
      vertex -2.52643 0.400146 26.5675
      vertex -2.55792 0 26.5675
      vertex -2.28122 0 26.9483
    endloop
  endfacet
  facet normal -0.9484 0.0746551 0.308161
    outer loop
      vertex -2.73751 0.433579 26.148
      vertex -2.91711 0 25.7003
      vertex -2.77164 0 26.148
    endloop
  endfacet
  facet normal -0.842203 -0.516103 0.155988
    outer loop
      vertex -2.59916 -1.32434 25.7003
      vertex -2.66478 -1.35777 25.2354
      vertex -2.35999 -1.71463 25.7003
    endloop
  endfacet
  facet normal -0.0774894 -0.984717 -0.155972
    outer loop
      vertex 0 -2.91711 24.2997
      vertex -0.467856 -2.95393 24.7646
      vertex -0.456336 -2.8812 24.2997
    endloop
  endfacet
  facet normal -0.233452 -0.972368 0
    outer loop
      vertex -0.924192 -2.84437 24.7646
      vertex -0.467856 -2.95393 25.2354
      vertex -0.924192 -2.84437 25.2354
    endloop
  endfacet
  facet normal -0.233452 -0.972368 -0
    outer loop
      vertex -0.467856 -2.95393 25.2354
      vertex -0.924192 -2.84437 24.7646
      vertex -0.467856 -2.95393 24.7646
    endloop
  endfacet
  facet normal -0.0774894 -0.984717 0.155972
    outer loop
      vertex -0.456336 -2.8812 25.7003
      vertex -0.467856 -2.95393 25.2354
      vertex 0 -2.91711 25.7003
    endloop
  endfacet
  facet normal -0.423145 -0.690507 0.586642
    outer loop
      vertex -1.03565 -2.03258 26.9483
      vertex -1.34087 -1.84554 26.9483
      vertex -1.16127 -2.27912 26.5675
    endloop
  endfacet
  facet normal 0.0123212 -0.156542 0.987594
    outer loop
      vertex 0.0368204 -0.232479 27.9908
      vertex 0 -0.700336 27.9171
      vertex 0.109556 -0.691713 27.9171
    endloop
  endfacet
  facet normal 0.723388 -0.617847 0.308181
    outer loop
      vertex 2.2423 -1.62913 26.148
      vertex 1.95984 -1.95984 26.148
      vertex 2.06271 -2.06271 25.7003
    endloop
  endfacet
  facet normal 0.264266 -0.161938 0.950757
    outer loop
      vertex 0.624003 -0.317945 27.9171
      vertex 0.566584 -0.411647 27.9171
      vertex 1.02292 -0.521203 27.7716
    endloop
  endfacet
  facet normal 0.286344 0.118607 0.950757
    outer loop
      vertex 1.02292 0.521203 27.7716
      vertex 0.624003 0.317945 27.9171
      vertex 1.09186 0.354767 27.7716
    endloop
  endfacet
  facet normal 0.119403 0.101981 0.987594
    outer loop
      vertex 0.566584 0.411647 27.9171
      vertex 0.166436 0.166436 27.9908
      vertex 0.190424 0.13835 27.9908
    endloop
  endfacet
  facet normal 0.420432 -0.174148 0.890455
    outer loop
      vertex 1.09186 -0.354767 27.7716
      vertex 1.02292 -0.521203 27.7716
      vertex 1.39665 -0.711628 27.5579
    endloop
  endfacet
  facet normal -0.133888 -0.0820444 0.987594
    outer loop
      vertex -0.209723 -0.106858 27.9908
      vertex -0.624003 -0.317945 27.9171
      vertex -0.566584 -0.411647 27.9171
    endloop
  endfacet
  facet normal -0.301377 -0.0723452 0.950756
    outer loop
      vertex -0.691713 -0.109556 27.9171
      vertex -1.13391 -0.179594 27.7716
      vertex -1.09186 -0.354767 27.7716
    endloop
  endfacet
  facet normal -0.502175 -0.307742 0.808156
    outer loop
      vertex -1.39665 -0.711628 27.5579
      vertex -1.73599 -0.884529 27.2812
      vertex -1.57624 -1.14521 27.2812
    endloop
  endfacet
  facet normal -0.502177 -0.30774 0.808155
    outer loop
      vertex -1.39665 -0.711628 27.5579
      vertex -1.57624 -1.14521 27.2812
      vertex -1.26813 -0.92135 27.5579
    endloop
  endfacet
  facet normal 0.0774966 -0.984716 0.155979
    outer loop
      vertex 0 -2.91711 25.7003
      vertex 0 -2.99075 25.2354
      vertex 0.467856 -2.95393 25.2354
    endloop
  endfacet
  facet normal 0.0774894 -0.984717 0.155972
    outer loop
      vertex 0.456336 -2.8812 25.7003
      vertex 0 -2.91711 25.7003
      vertex 0.467856 -2.95393 25.2354
    endloop
  endfacet
  facet normal 0.649451 -0.760403 0
    outer loop
      vertex 1.75792 -2.41957 24.7646
      vertex 2.11478 -2.11478 25.2354
      vertex 1.75792 -2.41957 25.2354
    endloop
  endfacet
  facet normal 0.649451 -0.760403 0
    outer loop
      vertex 2.11478 -2.11478 25.2354
      vertex 1.75792 -2.41957 24.7646
      vertex 2.11478 -2.11478 24.7646
    endloop
  endfacet
  facet normal 0.641503 -0.751097 0.155975
    outer loop
      vertex 2.06271 -2.06271 25.7003
      vertex 1.75792 -2.41957 25.2354
      vertex 2.11478 -2.11478 25.2354
    endloop
  endfacet
  facet normal 0.516103 -0.842203 0.155988
    outer loop
      vertex 1.71463 -2.35999 25.7003
      vertex 1.32434 -2.59916 25.7003
      vertex 1.35777 -2.66478 25.2354
    endloop
  endfacet
  facet normal 0.364074 -0.878915 0.308152
    outer loop
      vertex 1.2583 -2.46955 26.148
      vertex 0.901436 -2.77434 25.7003
      vertex 1.32434 -2.59916 25.7003
    endloop
  endfacet
  facet normal -0.984716 -0.0774966 -0.155979
    outer loop
      vertex -2.95393 -0.467856 24.7646
      vertex -2.99075 0 24.7646
      vertex -2.91711 0 24.2997
    endloop
  endfacet
  facet normal -0.996918 0.0784568 0
    outer loop
      vertex -2.99075 0 24.7646
      vertex -2.95393 0.467856 25.2354
      vertex -2.95393 0.467856 24.7646
    endloop
  endfacet
  facet normal -0.996918 0.0784568 0
    outer loop
      vertex -2.95393 0.467856 25.2354
      vertex -2.99075 0 24.7646
      vertex -2.99075 0 25.2354
    endloop
  endfacet
  facet normal -0.497089 -0.811158 -0.308098
    outer loop
      vertex -1.2583 -2.46955 23.8519
      vertex -1.71463 -2.35999 24.2997
      vertex -1.62913 -2.2423 23.8519
    endloop
  endfacet
  facet normal -0.912576 -0.377993 -0.155968
    outer loop
      vertex -2.66478 -1.35777 24.7646
      vertex -2.84437 -0.924192 24.7646
      vertex -2.77434 -0.901436 24.2997
    endloop
  endfacet
  facet normal -0.984717 -0.0774894 -0.155972
    outer loop
      vertex -2.8812 -0.456336 24.2997
      vertex -2.95393 -0.467856 24.7646
      vertex -2.91711 0 24.2997
    endloop
  endfacet
  facet normal -0.866925 -0.20813 -0.452906
    outer loop
      vertex -2.63598 -0.856483 23.8519
      vertex -2.73751 -0.433579 23.8519
      vertex -2.52643 -0.400146 23.4325
    endloop
  endfacet
  facet normal -0.497083 -0.811166 -0.30809
    outer loop
      vertex -1.32434 -2.59916 24.2997
      vertex -1.71463 -2.35999 24.2997
      vertex -1.2583 -2.46955 23.8519
    endloop
  endfacet
  facet normal -0.378013 -0.912564 0.155989
    outer loop
      vertex -1.32434 -2.59916 25.7003
      vertex -1.35777 -2.66478 25.2354
      vertex -0.901436 -2.77434 25.7003
    endloop
  endfacet
  facet normal -0.465866 -0.760207 0.452829
    outer loop
      vertex -1.50351 -2.0694 26.5675
      vertex -1.62913 -2.2423 26.148
      vertex -1.2583 -2.46955 26.148
    endloop
  endfacet
  facet normal -0.617847 -0.723388 0.308181
    outer loop
      vertex -1.95984 -1.95984 26.148
      vertex -2.06271 -2.06271 25.7003
      vertex -1.62913 -2.2423 26.148
    endloop
  endfacet
  facet normal -0.690507 -0.423145 0.586642
    outer loop
      vertex -2.03258 -1.03565 26.9483
      vertex -2.27912 -1.16127 26.5675
      vertex -1.84554 -1.34087 26.9483
    endloop
  endfacet
  facet normal -0.76021 -0.465846 0.452844
    outer loop
      vertex -2.27912 -1.16127 26.5675
      vertex -2.46955 -1.2583 26.148
      vertex -2.0694 -1.50351 26.5675
    endloop
  endfacet
  facet normal -0.842205 -0.516099 0.155992
    outer loop
      vertex -2.35999 -1.71463 25.7003
      vertex -2.66478 -1.35777 25.2354
      vertex -2.41957 -1.75792 25.2354
    endloop
  endfacet
  facet normal -0.723388 -0.617847 0.308181
    outer loop
      vertex -1.95984 -1.95984 26.148
      vertex -2.2423 -1.62913 26.148
      vertex -2.06271 -2.06271 25.7003
    endloop
  endfacet
  facet normal -0.787468 -0.189051 -0.586647
    outer loop
      vertex -2.43273 -0.790441 23.4325
      vertex -2.52643 -0.400146 23.4325
      vertex -2.16957 -0.704935 23.0517
    endloop
  endfacet
  facet normal -0.579026 -0.677936 -0.452915
    outer loop
      vertex -1.62913 -2.2423 23.8519
      vertex -1.95984 -1.95984 23.8519
      vertex -1.50351 -2.0694 23.4325
    endloop
  endfacet
  facet normal -0.925042 -0.222082 0.308182
    outer loop
      vertex -2.73751 -0.433579 26.148
      vertex -2.8812 -0.456336 25.7003
      vertex -2.63598 -0.856483 26.148
    endloop
  endfacet
  facet normal -0.866967 -0.20814 0.45282
    outer loop
      vertex -2.52643 -0.400146 26.5675
      vertex -2.73751 -0.433579 26.148
      vertex -2.63598 -0.856483 26.148
    endloop
  endfacet
  facet normal -0.852642 0.522495 0
    outer loop
      vertex -2.66478 1.35777 24.7646
      vertex -2.41957 1.75792 25.2354
      vertex -2.41957 1.75792 24.7646
    endloop
  endfacet
  facet normal -0.852642 0.522495 0
    outer loop
      vertex -2.41957 1.75792 25.2354
      vertex -2.66478 1.35777 24.7646
      vertex -2.66478 1.35777 25.2354
    endloop
  endfacet
  facet normal -0.9484 -0.0746551 0.308161
    outer loop
      vertex -2.77164 0 26.148
      vertex -2.91711 0 25.7003
      vertex -2.73751 -0.433579 26.148
    endloop
  endfacet
  facet normal -0.807342 -0.0635494 0.586652
    outer loop
      vertex -2.28122 0 26.9483
      vertex -2.52643 -0.400146 26.5675
      vertex -2.25313 -0.35686 26.9483
    endloop
  endfacet
  facet normal -0.706047 -0.055576 0.705981
    outer loop
      vertex -1.92436 -0.304788 27.2812
      vertex -2.28122 0 26.9483
      vertex -2.25313 -0.35686 26.9483
    endloop
  endfacet
  facet normal -0.807342 0.0635494 0.586652
    outer loop
      vertex -2.25313 0.35686 26.9483
      vertex -2.52643 0.400146 26.5675
      vertex -2.28122 0 26.9483
    endloop
  endfacet
  facet normal -0.787466 0.189042 0.586652
    outer loop
      vertex -2.16957 0.704935 26.9483
      vertex -2.52643 0.400146 26.5675
      vertex -2.25313 0.35686 26.9483
    endloop
  endfacet
  facet normal -0.420429 0.174151 0.890455
    outer loop
      vertex -1.39665 0.711628 27.5579
      vertex -1.49078 0.484383 27.5579
      vertex -1.09186 0.354767 27.7716
    endloop
  endfacet
  facet normal -0.308983 0.0243272 0.950756
    outer loop
      vertex -1.13391 0.179594 27.7716
      vertex -1.14805 0 27.7716
      vertex -0.691713 0.109556 27.9171
    endloop
  endfacet
  facet normal 0.0820444 0.133888 0.987594
    outer loop
      vertex 0.317945 0.624003 27.9171
      vertex 0.106858 0.209723 27.9908
      vertex 0.411647 0.566584 27.9171
    endloop
  endfacet
  facet normal 0.0461966 0.587163 0.80815
    outer loop
      vertex 0 1.94834 27.2812
      vertex 0 1.5675 27.5579
      vertex 0.304788 1.92436 27.2812
    endloop
  endfacet
  facet normal 0.165358 0.68872 -0.705919
    outer loop
      vertex 0.377586 1.95984 22.7704
      vertex 0.704935 2.16957 23.0517
      vertex 0.618033 1.90211 22.7704
    endloop
  endfacet
  facet normal 0.159308 0.693604 -0.70252
    outer loop
      vertex 0.373716 1.96397 22.7736
      vertex 0.704935 2.16957 23.0517
      vertex 0.377586 1.95984 22.7704
    endloop
  endfacet
  facet normal 0.16646 0.687689 -0.706665
    outer loop
      vertex 0.704935 2.16957 23.0517
      vertex 0.373716 1.96397 22.7736
      vertex 0.371847 1.96545 22.7746
    endloop
  endfacet
  facet normal 0.309921 0.748198 -0.586642
    outer loop
      vertex 1.03565 2.03258 23.0517
      vertex 0.704935 2.16957 23.0517
      vertex 1.16127 2.27912 23.4325
    endloop
  endfacet
  facet normal 0.525958 0.615803 -0.586648
    outer loop
      vertex 1.80872 1.80872 23.4325
      vertex 1.34087 1.84554 23.0517
      vertex 1.50351 2.0694 23.4325
    endloop
  endfacet
  facet normal 0.687689 -0.16646 -0.706665
    outer loop
      vertex 2.16957 -0.704935 23.0517
      vertex 1.96397 -0.373716 22.7736
      vertex 1.96545 -0.371847 22.7746
    endloop
  endfacet
  facet normal 0.693604 -0.159308 -0.70252
    outer loop
      vertex 2.16957 -0.704935 23.0517
      vertex 1.95984 -0.377586 22.7704
      vertex 1.96397 -0.373716 22.7736
    endloop
  endfacet
  facet normal 0.68872 -0.165358 -0.705919
    outer loop
      vertex 1.95984 -0.377586 22.7704
      vertex 2.16957 -0.704935 23.0517
      vertex 1.90211 -0.618033 22.7704
    endloop
  endfacet
  facet normal 0.641503 0.751097 -0.155975
    outer loop
      vertex 2.06271 2.06271 24.2997
      vertex 1.75792 2.41957 24.7646
      vertex 2.11478 2.11478 24.7646
    endloop
  endfacet
  facet normal 0.852642 0.522495 0
    outer loop
      vertex 2.66478 1.35777 25.2354
      vertex 2.41957 1.75792 24.7646
      vertex 2.41957 1.75792 25.2354
    endloop
  endfacet
  facet normal 0.852642 0.522495 0
    outer loop
      vertex 2.41957 1.75792 24.7646
      vertex 2.66478 1.35777 25.2354
      vertex 2.66478 1.35777 24.7646
    endloop
  endfacet
  facet normal 0.690508 0.423134 -0.586648
    outer loop
      vertex 2.27912 1.16127 23.4325
      vertex 1.84554 1.34087 23.0517
      vertex 2.0694 1.50351 23.4325
    endloop
  endfacet
  facet normal 0.690507 0.423145 -0.586642
    outer loop
      vertex 2.03258 1.03565 23.0517
      vertex 1.84554 1.34087 23.0517
      vertex 2.27912 1.16127 23.4325
    endloop
  endfacet
  facet normal 0.807342 0.0635494 -0.586652
    outer loop
      vertex 2.28122 0 23.0517
      vertex 2.25313 0.35686 23.0517
      vertex 2.52643 0.400146 23.4325
    endloop
  endfacet
  facet normal 0.603929 0.37009 -0.705906
    outer loop
      vertex 1.64706 1.12821 22.7704
      vertex 1.84554 1.34087 23.0517
      vertex 2.03258 1.03565 23.0517
    endloop
  endfacet
  facet normal 0.603876 0.370155 -0.705917
    outer loop
      vertex 1.84554 1.34087 23.0517
      vertex 1.64706 1.12821 22.7704
      vertex 1.61803 1.17557 22.7704
    endloop
  endfacet
  facet normal 0.46 0.538595 -0.705915
    outer loop
      vertex 1.17557 1.61803 22.7704
      vertex 1.34087 1.84554 23.0517
      vertex 1.37197 1.45029 22.7704
    endloop
  endfacet
  facet normal 0.460032 0.538574 -0.70591
    outer loop
      vertex 1.37197 1.45029 22.7704
      vertex 1.61306 1.61306 23.0517
      vertex 1.41421 1.41421 22.7704
    endloop
  endfacet
  facet normal 0.460016 0.538591 -0.705907
    outer loop
      vertex 1.61306 1.61306 23.0517
      vertex 1.37197 1.45029 22.7704
      vertex 1.34087 1.84554 23.0517
    endloop
  endfacet
  facet normal 0.823739 -0.341187 0.452819
    outer loop
      vertex 2.63598 -0.856483 26.148
      vertex 2.43273 -0.790441 26.5675
      vertex 2.46955 -1.2583 26.148
    endloop
  endfacet
  facet normal 0.878915 -0.364074 0.308152
    outer loop
      vertex 2.77434 -0.901436 25.7003
      vertex 2.46955 -1.2583 26.148
      vertex 2.59916 -1.32434 25.7003
    endloop
  endfacet
  facet normal 0.984717 0.0774894 -0.155972
    outer loop
      vertex 2.91711 0 24.2997
      vertex 2.8812 0.456336 24.2997
      vertex 2.95393 0.467856 24.7646
    endloop
  endfacet
  facet normal 0.996918 -0.0784568 0
    outer loop
      vertex 2.95393 -0.467856 25.2354
      vertex 2.99075 0 24.7646
      vertex 2.99075 0 25.2354
    endloop
  endfacet
  facet normal 0.996918 -0.0784568 0
    outer loop
      vertex 2.99075 0 24.7646
      vertex 2.95393 -0.467856 25.2354
      vertex 2.95393 -0.467856 24.7646
    endloop
  endfacet
  facet normal 0.615803 -0.525958 0.586648
    outer loop
      vertex 1.84554 -1.34087 26.9483
      vertex 1.80872 -1.80872 26.5675
      vertex 2.0694 -1.50351 26.5675
    endloop
  endfacet
  facet normal 0.723409 -0.617832 0.308159
    outer loop
      vertex 2.2423 -1.62913 26.148
      vertex 2.06271 -2.06271 25.7003
      vertex 2.35999 -1.71463 25.7003
    endloop
  endfacet
  facet normal 0.751097 -0.641503 0.155975
    outer loop
      vertex 2.41957 -1.75792 25.2354
      vertex 2.06271 -2.06271 25.7003
      vertex 2.11478 -2.11478 25.2354
    endloop
  endfacet
  facet normal 0.677937 -0.579026 -0.452914
    outer loop
      vertex 1.95984 -1.95984 23.8519
      vertex 1.80872 -1.80872 23.4325
      vertex 2.0694 -1.50351 23.4325
    endloop
  endfacet
  facet normal 0.723403 -0.61786 -0.308119
    outer loop
      vertex 2.06271 -2.06271 24.2997
      vertex 1.95984 -1.95984 23.8519
      vertex 2.2423 -1.62913 23.8519
    endloop
  endfacet
  facet normal 0.641503 -0.751097 -0.155975
    outer loop
      vertex 2.11478 -2.11478 24.7646
      vertex 1.75792 -2.41957 24.7646
      vertex 2.06271 -2.06271 24.2997
    endloop
  endfacet
  facet normal 0.751097 -0.641503 -0.155975
    outer loop
      vertex 2.11478 -2.11478 24.7646
      vertex 2.06271 -2.06271 24.2997
      vertex 2.41957 -1.75792 24.7646
    endloop
  endfacet
  facet normal 0.811158 -0.497089 -0.308098
    outer loop
      vertex 2.35999 -1.71463 24.2997
      vertex 2.2423 -1.62913 23.8519
      vertex 2.46955 -1.2583 23.8519
    endloop
  endfacet
  facet normal 0.723425 -0.617846 -0.308097
    outer loop
      vertex 2.35999 -1.71463 24.2997
      vertex 2.06271 -2.06271 24.2997
      vertex 2.2423 -1.62913 23.8519
    endloop
  endfacet
  facet normal 0.878934 0.364082 -0.30809
    outer loop
      vertex 2.77434 0.901436 24.2997
      vertex 2.46955 1.2583 23.8519
      vertex 2.59916 1.32434 24.2997
    endloop
  endfacet
  facet normal 0.878938 0.36405 -0.308117
    outer loop
      vertex 2.63598 0.856483 23.8519
      vertex 2.46955 1.2583 23.8519
      vertex 2.77434 0.901436 24.2997
    endloop
  endfacet
  facet normal 0.972368 0.233452 0
    outer loop
      vertex 2.95393 0.467856 25.2354
      vertex 2.84437 0.924192 24.7646
      vertex 2.84437 0.924192 25.2354
    endloop
  endfacet
  facet normal 0.972368 0.233452 0
    outer loop
      vertex 2.84437 0.924192 24.7646
      vertex 2.95393 0.467856 25.2354
      vertex 2.95393 0.467856 24.7646
    endloop
  endfacet
  facet normal 0.960469 0.230595 -0.155967
    outer loop
      vertex 2.95393 0.467856 24.7646
      vertex 2.77434 0.901436 24.2997
      vertex 2.84437 0.924192 24.7646
    endloop
  endfacet
  facet normal -0.189042 -0.787466 -0.586652
    outer loop
      vertex -0.400146 -2.52643 23.4325
      vertex -0.704935 -2.16957 23.0517
      vertex -0.35686 -2.25313 23.0517
    endloop
  endfacet
  facet normal -0.270961 -0.654411 -0.705922
    outer loop
      vertex -0.704935 -2.16957 23.0517
      vertex -0.669355 -1.88086 22.7704
      vertex -0.618033 -1.90211 22.7704
    endloop
  endfacet
  facet normal -0.271062 -0.654385 -0.705908
    outer loop
      vertex -0.669355 -1.88086 22.7704
      vertex -0.704935 -2.16957 23.0517
      vertex -1.03565 -2.03258 23.0517
    endloop
  endfacet
  facet normal 0.22209 -0.925062 -0.308118
    outer loop
      vertex 0.901436 -2.77434 24.2997
      vertex 0.456336 -2.8812 24.2997
      vertex 0.856483 -2.63598 23.8519
    endloop
  endfacet
  facet normal 0.525959 -0.615799 -0.58665
    outer loop
      vertex 1.80872 -1.80872 23.4325
      vertex 1.34087 -1.84554 23.0517
      vertex 1.61306 -1.61306 23.0517
    endloop
  endfacet
  facet normal 0.423145 -0.690507 -0.586642
    outer loop
      vertex 1.16127 -2.27912 23.4325
      vertex 1.03565 -2.03258 23.0517
      vertex 1.34087 -1.84554 23.0517
    endloop
  endfacet
  facet normal 0.233452 -0.972368 0
    outer loop
      vertex 0.467856 -2.95393 24.7646
      vertex 0.924192 -2.84437 25.2354
      vertex 0.467856 -2.95393 25.2354
    endloop
  endfacet
  facet normal 0.233452 -0.972368 0
    outer loop
      vertex 0.924192 -2.84437 25.2354
      vertex 0.467856 -2.95393 24.7646
      vertex 0.924192 -2.84437 24.7646
    endloop
  endfacet
  facet normal 0.948395 0.0746311 0.308183
    outer loop
      vertex 2.8812 0.456336 25.7003
      vertex 2.73751 0.433579 26.148
      vertex 2.91711 0 25.7003
    endloop
  endfacet
  facet normal 0.984717 0.0774894 0.155972
    outer loop
      vertex 2.95393 0.467856 25.2354
      vertex 2.8812 0.456336 25.7003
      vertex 2.91711 0 25.7003
    endloop
  endfacet
  facet normal 0.388012 -0.237778 0.890454
    outer loop
      vertex 1.39665 -0.711628 27.5579
      vertex 0.928792 -0.674807 27.7716
      vertex 1.26813 -0.92135 27.5579
    endloop
  endfacet
  facet normal 0.382497 -0.447862 0.808156
    outer loop
      vertex 1.37769 -1.37769 27.2812
      vertex 0.92135 -1.26813 27.5579
      vertex 1.14521 -1.57624 27.2812
    endloop
  endfacet
  facet normal 0.502175 -0.307742 0.808156
    outer loop
      vertex 1.73599 -0.884529 27.2812
      vertex 1.39665 -0.711628 27.5579
      vertex 1.57624 -1.14521 27.2812
    endloop
  endfacet
  facet normal 0.346047 -0.295539 0.890454
    outer loop
      vertex 1.26813 -0.92135 27.5579
      vertex 0.928792 -0.674807 27.7716
      vertex 1.10839 -1.10839 27.5579
    endloop
  endfacet
  facet normal 0.497072 -0.811148 0.308152
    outer loop
      vertex 1.71463 -2.35999 25.7003
      vertex 1.2583 -2.46955 26.148
      vertex 1.32434 -2.59916 25.7003
    endloop
  endfacet
  facet normal 0.055576 -0.706047 0.705981
    outer loop
      vertex 0.304788 -1.92436 27.2812
      vertex 0 -2.28122 26.9483
      vertex 0.35686 -2.25313 26.9483
    endloop
  endfacet
  facet normal -0.161941 -0.264265 0.950757
    outer loop
      vertex -0.411647 -0.566584 27.9171
      vertex -0.674807 -0.928792 27.7716
      vertex -0.521203 -1.02292 27.7716
    endloop
  endfacet
  facet normal 0.0243195 -0.308981 0.950757
    outer loop
      vertex 0 -0.700336 27.9171
      vertex 0 -1.14805 27.7716
      vertex 0.109556 -0.691713 27.9171
    endloop
  endfacet
  facet normal -0.106233 -0.442497 0.890456
    outer loop
      vertex -0.354767 -1.09186 27.7716
      vertex -0.484383 -1.49078 27.5579
      vertex -0.24521 -1.5482 27.5579
    endloop
  endfacet
  facet normal -0.10622 -0.442495 0.890458
    outer loop
      vertex -0.179594 -1.13391 27.7716
      vertex -0.354767 -1.09186 27.7716
      vertex -0.24521 -1.5482 27.5579
    endloop
  endfacet
  facet normal 0.447862 0.382497 0.808156
    outer loop
      vertex 1.37769 1.37769 27.2812
      vertex 1.26813 0.92135 27.5579
      vertex 1.57624 1.14521 27.2812
    endloop
  endfacet
  facet normal 0.453666 0.0357186 0.890456
    outer loop
      vertex 1.5675 0 27.5579
      vertex 1.13391 0.179594 27.7716
      vertex 1.14805 0 27.7716
    endloop
  endfacet
  facet normal 0.271031 0.654316 0.705984
    outer loop
      vertex 1.03565 2.03258 26.9483
      vertex 0.602071 1.85299 27.2812
      vertex 0.884529 1.73599 27.2812
    endloop
  endfacet
  facet normal 0.447865 0.382496 0.808154
    outer loop
      vertex 1.37769 1.37769 27.2812
      vertex 1.10839 1.10839 27.5579
      vertex 1.26813 0.92135 27.5579
    endloop
  endfacet
  facet normal 0.688665 0.165323 0.705981
    outer loop
      vertex 2.16957 0.704935 26.9483
      vertex 1.92436 0.304788 27.2812
      vertex 2.25313 0.35686 26.9483
    endloop
  endfacet
  facet normal 0.706047 0.055576 0.705981
    outer loop
      vertex 2.25313 0.35686 26.9483
      vertex 1.92436 0.304788 27.2812
      vertex 2.28122 0 26.9483
    endloop
  endfacet
  facet normal 0.748192 0.309927 0.586646
    outer loop
      vertex 2.27912 1.16127 26.5675
      vertex 2.16957 0.704935 26.9483
      vertex 2.43273 0.790441 26.5675
    endloop
  endfacet
  facet normal 0.787468 0.189051 0.586647
    outer loop
      vertex 2.43273 0.790441 26.5675
      vertex 2.16957 0.704935 26.9483
      vertex 2.52643 0.400146 26.5675
    endloop
  endfacet
  facet normal 0.760207 0.465866 0.452829
    outer loop
      vertex 2.2423 1.62913 26.148
      vertex 2.0694 1.50351 26.5675
      vertex 2.46955 1.2583 26.148
    endloop
  endfacet
  facet normal 0.76021 0.465846 0.452844
    outer loop
      vertex 2.46955 1.2583 26.148
      vertex 2.0694 1.50351 26.5675
      vertex 2.27912 1.16127 26.5675
    endloop
  endfacet
  facet normal 0.60386 0.370048 0.705987
    outer loop
      vertex 1.84554 1.34087 26.9483
      vertex 1.57624 1.14521 27.2812
      vertex 2.03258 1.03565 26.9483
    endloop
  endfacet
  facet normal 0.603859 0.370056 0.705983
    outer loop
      vertex 2.03258 1.03565 26.9483
      vertex 1.57624 1.14521 27.2812
      vertex 1.73599 0.884529 27.2812
    endloop
  endfacet
  facet normal 0.420429 0.174151 0.890455
    outer loop
      vertex 1.39665 0.711628 27.5579
      vertex 1.09186 0.354767 27.7716
      vertex 1.49078 0.484383 27.5579
    endloop
  endfacet
  facet normal 0.572696 0.13749 0.808156
    outer loop
      vertex 1.85299 0.602071 27.2812
      vertex 1.5482 0.24521 27.5579
      vertex 1.92436 0.304788 27.2812
    endloop
  endfacet
  facet normal 0.538545 0.459946 0.705988
    outer loop
      vertex 1.84554 1.34087 26.9483
      vertex 1.37769 1.37769 27.2812
      vertex 1.57624 1.14521 27.2812
    endloop
  endfacet
  facet normal 0.538539 0.459971 0.705976
    outer loop
      vertex 1.61306 1.61306 26.9483
      vertex 1.37769 1.37769 27.2812
      vertex 1.84554 1.34087 26.9483
    endloop
  endfacet
  facet normal 0.579054 0.67797 0.452828
    outer loop
      vertex 1.95984 1.95984 26.148
      vertex 1.50351 2.0694 26.5675
      vertex 1.80872 1.80872 26.5675
    endloop
  endfacet
  facet normal 0.423134 0.690508 0.586648
    outer loop
      vertex 1.50351 2.0694 26.5675
      vertex 1.16127 2.27912 26.5675
      vertex 1.34087 1.84554 26.9483
    endloop
  endfacet
  facet normal -0.309921 0.748198 -0.586642
    outer loop
      vertex -1.03565 2.03258 23.0517
      vertex -1.16127 2.27912 23.4325
      vertex -0.704935 2.16957 23.0517
    endloop
  endfacet
  facet normal -0.579026 0.677937 -0.452914
    outer loop
      vertex -1.80872 1.80872 23.4325
      vertex -1.95984 1.95984 23.8519
      vertex -1.50351 2.0694 23.4325
    endloop
  endfacet
  facet normal 0.0699461 0.88881 -0.452906
    outer loop
      vertex 0.400146 2.52643 23.4325
      vertex 0 2.55792 23.4325
      vertex 0.433579 2.73751 23.8519
    endloop
  endfacet
  facet normal -0.20813 0.866925 -0.452906
    outer loop
      vertex -0.400146 2.52643 23.4325
      vertex -0.856483 2.63598 23.8519
      vertex -0.433579 2.73751 23.8519
    endloop
  endfacet
  facet normal -0.525959 0.615799 -0.58665
    outer loop
      vertex -1.61306 1.61306 23.0517
      vertex -1.80872 1.80872 23.4325
      vertex -1.34087 1.84554 23.0517
    endloop
  endfacet
  facet normal -0.270961 0.654411 -0.705922
    outer loop
      vertex -0.669355 1.88086 22.7704
      vertex -0.704935 2.16957 23.0517
      vertex -0.618033 1.90211 22.7704
    endloop
  endfacet
  facet normal -0.271062 0.654385 -0.705908
    outer loop
      vertex -0.704935 2.16957 23.0517
      vertex -0.669355 1.88086 22.7704
      vertex -1.03565 2.03258 23.0517
    endloop
  endfacet
  facet normal -0.423134 0.690508 -0.586648
    outer loop
      vertex -1.34087 1.84554 23.0517
      vertex -1.50351 2.0694 23.4325
      vertex -1.16127 2.27912 23.4325
    endloop
  endfacet
  facet normal -0.36405 0.878938 -0.308117
    outer loop
      vertex -0.856483 2.63598 23.8519
      vertex -1.2583 2.46955 23.8519
      vertex -0.901436 2.77434 24.2997
    endloop
  endfacet
  facet normal -0.341171 0.823699 -0.452905
    outer loop
      vertex -0.790441 2.43273 23.4325
      vertex -1.2583 2.46955 23.8519
      vertex -0.856483 2.63598 23.8519
    endloop
  endfacet
  facet normal -0.960469 0.23059 -0.155972
    outer loop
      vertex -2.8812 0.456336 24.2997
      vertex -2.95393 0.467856 24.7646
      vertex -2.77434 0.901436 24.2997
    endloop
  endfacet
  facet normal -0.960469 0.230595 -0.155967
    outer loop
      vertex -2.77434 0.901436 24.2997
      vertex -2.95393 0.467856 24.7646
      vertex -2.84437 0.924192 24.7646
    endloop
  endfacet
  facet normal -0.811166 0.497083 -0.30809
    outer loop
      vertex -2.46955 1.2583 23.8519
      vertex -2.59916 1.32434 24.2997
      vertex -2.35999 1.71463 24.2997
    endloop
  endfacet
  facet normal -0.641487 0.751106 -0.155992
    outer loop
      vertex -1.71463 2.35999 24.2997
      vertex -2.06271 2.06271 24.2997
      vertex -1.75792 2.41957 24.7646
    endloop
  endfacet
  facet normal -0.572695 -0.137491 0.808156
    outer loop
      vertex -1.5482 -0.24521 27.5579
      vertex -1.85299 -0.602071 27.2812
      vertex -1.49078 -0.484383 27.5579
    endloop
  endfacet
  facet normal -0.572696 -0.13749 0.808156
    outer loop
      vertex -1.5482 -0.24521 27.5579
      vertex -1.92436 -0.304788 27.2812
      vertex -1.85299 -0.602071 27.2812
    endloop
  endfacet
  facet normal -0.447862 -0.382497 0.808156
    outer loop
      vertex -1.26813 -0.92135 27.5579
      vertex -1.57624 -1.14521 27.2812
      vertex -1.37769 -1.37769 27.2812
    endloop
  endfacet
  facet normal -0.420432 -0.174148 0.890455
    outer loop
      vertex -1.09186 -0.354767 27.7716
      vertex -1.39665 -0.711628 27.5579
      vertex -1.02292 -0.521203 27.7716
    endloop
  endfacet
  facet normal 0.842205 0.516099 -0.155992
    outer loop
      vertex 2.66478 1.35777 24.7646
      vertex 2.35999 1.71463 24.2997
      vertex 2.41957 1.75792 24.7646
    endloop
  endfacet
  facet normal 0.649451 0.760403 -0
    outer loop
      vertex 2.11478 2.11478 24.7646
      vertex 1.75792 2.41957 25.2354
      vertex 2.11478 2.11478 25.2354
    endloop
  endfacet
  facet normal 0.649451 0.760403 0
    outer loop
      vertex 1.75792 2.41957 25.2354
      vertex 2.11478 2.11478 24.7646
      vertex 1.75792 2.41957 24.7646
    endloop
  endfacet
  facet normal 0.641503 0.751097 0.155975
    outer loop
      vertex 2.11478 2.11478 25.2354
      vertex 1.75792 2.41957 25.2354
      vertex 2.06271 2.06271 25.7003
    endloop
  endfacet
  facet normal 0.23059 0.960469 0.155972
    outer loop
      vertex 0.467856 2.95393 25.2354
      vertex 0.456336 2.8812 25.7003
      vertex 0.901436 2.77434 25.7003
    endloop
  endfacet
  facet normal 0.208137 0.866969 0.452818
    outer loop
      vertex 0.856483 2.63598 26.148
      vertex 0.400146 2.52643 26.5675
      vertex 0.790441 2.43273 26.5675
    endloop
  endfacet
  facet normal 0.497072 0.811148 0.308152
    outer loop
      vertex 1.32434 2.59916 25.7003
      vertex 1.2583 2.46955 26.148
      vertex 1.71463 2.35999 25.7003
    endloop
  endfacet
  facet normal 0.0784568 0.996918 -0
    outer loop
      vertex 0.467856 2.95393 24.7646
      vertex 0 2.99075 25.2354
      vertex 0.467856 2.95393 25.2354
    endloop
  endfacet
  facet normal 0.0784568 0.996918 0
    outer loop
      vertex 0 2.99075 25.2354
      vertex 0.467856 2.95393 24.7646
      vertex 0 2.99075 24.7646
    endloop
  endfacet
  facet normal 0.0774966 0.984716 0.155979
    outer loop
      vertex 0 2.99075 25.2354
      vertex 0 2.91711 25.7003
      vertex 0.467856 2.95393 25.2354
    endloop
  endfacet
  facet normal -0.382676 0.923882 0
    outer loop
      vertex -0.924192 2.84437 24.7646
      vertex -1.35777 2.66478 25.2354
      vertex -0.924192 2.84437 25.2354
    endloop
  endfacet
  facet normal -0.382676 0.923882 0
    outer loop
      vertex -1.35777 2.66478 25.2354
      vertex -0.924192 2.84437 24.7646
      vertex -1.35777 2.66478 24.7646
    endloop
  endfacet
  facet normal -0.0746311 0.948395 0.308183
    outer loop
      vertex 0 2.91711 25.7003
      vertex -0.456336 2.8812 25.7003
      vertex -0.433579 2.73751 26.148
    endloop
  endfacet
  facet normal -0.222082 0.925042 0.308182
    outer loop
      vertex -0.456336 2.8812 25.7003
      vertex -0.856483 2.63598 26.148
      vertex -0.433579 2.73751 26.148
    endloop
  endfacet
  facet normal -0.641503 0.751097 -0.155975
    outer loop
      vertex -2.06271 2.06271 24.2997
      vertex -2.11478 2.11478 24.7646
      vertex -1.75792 2.41957 24.7646
    endloop
  endfacet
  facet normal -0.751097 0.641503 -0.155975
    outer loop
      vertex -2.06271 2.06271 24.2997
      vertex -2.41957 1.75792 24.7646
      vertex -2.11478 2.11478 24.7646
    endloop
  endfacet
  facet normal 0.459946 0.538545 0.705988
    outer loop
      vertex 1.34087 1.84554 26.9483
      vertex 1.14521 1.57624 27.2812
      vertex 1.37769 1.37769 27.2812
    endloop
  endfacet
  facet normal 0.459971 0.538539 0.705976
    outer loop
      vertex 1.61306 1.61306 26.9483
      vertex 1.34087 1.84554 26.9483
      vertex 1.37769 1.37769 27.2812
    endloop
  endfacet
  facet normal 0.341211 0.823716 0.452844
    outer loop
      vertex 1.2583 2.46955 26.148
      vertex 0.790441 2.43273 26.5675
      vertex 1.16127 2.27912 26.5675
    endloop
  endfacet
  facet normal 0.189051 0.787468 0.586647
    outer loop
      vertex 0.790441 2.43273 26.5675
      vertex 0.400146 2.52643 26.5675
      vertex 0.704935 2.16957 26.9483
    endloop
  endfacet
  facet normal 0.497079 0.811141 0.30816
    outer loop
      vertex 1.71463 2.35999 25.7003
      vertex 1.2583 2.46955 26.148
      vertex 1.62913 2.2423 26.148
    endloop
  endfacet
  facet normal 0.617832 0.723409 0.308159
    outer loop
      vertex 1.71463 2.35999 25.7003
      vertex 1.62913 2.2423 26.148
      vertex 2.06271 2.06271 25.7003
    endloop
  endfacet
  facet normal 0.22209 0.925062 -0.308118
    outer loop
      vertex 0.856483 2.63598 23.8519
      vertex 0.456336 2.8812 24.2997
      vertex 0.901436 2.77434 24.2997
    endloop
  endfacet
  facet normal 0.230595 0.960469 -0.155967
    outer loop
      vertex 0.901436 2.77434 24.2997
      vertex 0.467856 2.95393 24.7646
      vertex 0.924192 2.84437 24.7646
    endloop
  endfacet
  facet normal 0.465824 0.760173 -0.45293
    outer loop
      vertex 1.50351 2.0694 23.4325
      vertex 1.16127 2.27912 23.4325
      vertex 1.2583 2.46955 23.8519
    endloop
  endfacet
  facet normal 0.309927 0.748192 -0.586646
    outer loop
      vertex 1.16127 2.27912 23.4325
      vertex 0.704935 2.16957 23.0517
      vertex 0.790441 2.43273 23.4325
    endloop
  endfacet
  facet normal -0.0784568 0.996918 0
    outer loop
      vertex 0 2.99075 24.7646
      vertex -0.467856 2.95393 25.2354
      vertex 0 2.99075 25.2354
    endloop
  endfacet
  facet normal -0.0784568 0.996918 0
    outer loop
      vertex -0.467856 2.95393 25.2354
      vertex 0 2.99075 24.7646
      vertex -0.467856 2.95393 24.7646
    endloop
  endfacet
  facet normal -0.0635354 0.80735 -0.586643
    outer loop
      vertex 0 2.28122 23.0517
      vertex -0.400146 2.52643 23.4325
      vertex 0 2.55792 23.4325
    endloop
  endfacet
  facet normal -0.0699461 0.88881 -0.452906
    outer loop
      vertex -0.400146 2.52643 23.4325
      vertex -0.433579 2.73751 23.8519
      vertex 0 2.55792 23.4325
    endloop
  endfacet
  facet normal 0.295539 0.346047 0.890454
    outer loop
      vertex 0.92135 1.26813 27.5579
      vertex 0.674807 0.928792 27.7716
      vertex 1.10839 1.10839 27.5579
    endloop
  endfacet
  facet normal 0.145074 -0.0600905 0.987594
    outer loop
      vertex 0.223857 -0.0727348 27.9908
      vertex 0.209723 -0.106858 27.9908
      vertex 0.624003 -0.317945 27.9171
    endloop
  endfacet
  facet normal -0.30774 -0.502177 0.808155
    outer loop
      vertex -0.92135 -1.26813 27.5579
      vertex -1.14521 -1.57624 27.2812
      vertex -0.711628 -1.39665 27.5579
    endloop
  endfacet
  facet normal -0.152688 -0.0366559 0.987594
    outer loop
      vertex -0.232479 -0.0368204 27.9908
      vertex -0.691713 -0.109556 27.9171
      vertex -0.223857 -0.0727348 27.9908
    endloop
  endfacet
  facet normal -0.156542 0.0123166 0.987595
    outer loop
      vertex -0.232479 0.0368204 27.9908
      vertex -0.700336 0 27.9171
      vertex -0.235376 0 27.9908
    endloop
  endfacet
  facet normal -0.235676 0.20129 0.950757
    outer loop
      vertex -0.811793 0.811793 27.7716
      vertex -0.928792 0.674807 27.7716
      vertex -0.566584 0.411647 27.9171
    endloop
  endfacet
  facet normal -0.301374 0.0723518 0.950757
    outer loop
      vertex -0.666059 0.216415 27.9171
      vertex -1.09186 0.354767 27.7716
      vertex -0.691713 0.109556 27.9171
    endloop
  endfacet
  facet normal -0.309921 -0.748198 -0.586642
    outer loop
      vertex -0.704935 -2.16957 23.0517
      vertex -1.16127 -2.27912 23.4325
      vertex -1.03565 -2.03258 23.0517
    endloop
  endfacet
  facet normal -0.603931 -0.370071 -0.705914
    outer loop
      vertex -2.03258 -1.03565 23.0517
      vertex -1.78201 -0.907981 22.7704
      vertex -1.64706 -1.12821 22.7704
    endloop
  endfacet
  facet normal -0.46 0.538595 -0.705915
    outer loop
      vertex -1.34087 1.84554 23.0517
      vertex -1.17557 1.61803 22.7704
      vertex -1.37197 1.45029 22.7704
    endloop
  endfacet
  facet normal -0.760173 0.465824 -0.45293
    outer loop
      vertex -2.27912 1.16127 23.4325
      vertex -2.46955 1.2583 23.8519
      vertex -2.0694 1.50351 23.4325
    endloop
  endfacet
  facet normal -0.888802 0.0699637 -0.45292
    outer loop
      vertex -2.55792 0 23.4325
      vertex -2.77164 0 23.8519
      vertex -2.73751 0.433579 23.8519
    endloop
  endfacet
  facet normal -0.925062 -0.222087 -0.30812
    outer loop
      vertex -2.63598 -0.856483 23.8519
      vertex -2.8812 -0.456336 24.2997
      vertex -2.73751 -0.433579 23.8519
    endloop
  endfacet
  facet normal -0.787468 0.189051 -0.586647
    outer loop
      vertex -2.16957 0.704935 23.0517
      vertex -2.52643 0.400146 23.4325
      vertex -2.43273 0.790441 23.4325
    endloop
  endfacet
  facet normal -0.925062 -0.22209 -0.308118
    outer loop
      vertex -2.77434 -0.901436 24.2997
      vertex -2.8812 -0.456336 24.2997
      vertex -2.63598 -0.856483 23.8519
    endloop
  endfacet
  facet normal -0.948415 -0.0746327 -0.30812
    outer loop
      vertex -2.8812 -0.456336 24.2997
      vertex -2.91711 0 24.2997
      vertex -2.73751 -0.433579 23.8519
    endloop
  endfacet
  facet normal 0.341187 -0.823739 0.452819
    outer loop
      vertex 1.2583 -2.46955 26.148
      vertex 0.790441 -2.43273 26.5675
      vertex 0.856483 -2.63598 26.148
    endloop
  endfacet
  facet normal 0.341211 -0.823716 0.452844
    outer loop
      vertex 1.16127 -2.27912 26.5675
      vertex 0.790441 -2.43273 26.5675
      vertex 1.2583 -2.46955 26.148
    endloop
  endfacet
  facet normal 0.222082 -0.925042 0.308182
    outer loop
      vertex 0.856483 -2.63598 26.148
      vertex 0.433579 -2.73751 26.148
      vertex 0.456336 -2.8812 25.7003
    endloop
  endfacet
  facet normal 0.20814 -0.866967 0.45282
    outer loop
      vertex 0.856483 -2.63598 26.148
      vertex 0.400146 -2.52643 26.5675
      vertex 0.433579 -2.73751 26.148
    endloop
  endfacet
  facet normal 0.0357069 -0.453663 0.890458
    outer loop
      vertex 0.179594 -1.13391 27.7716
      vertex 0 -1.5675 27.5579
      vertex 0.24521 -1.5482 27.5579
    endloop
  endfacet
  facet normal 0.67797 -0.579054 0.452828
    outer loop
      vertex 2.0694 -1.50351 26.5675
      vertex 1.80872 -1.80872 26.5675
      vertex 1.95984 -1.95984 26.148
    endloop
  endfacet
  facet normal 0.0461966 -0.587163 0.80815
    outer loop
      vertex 0 -1.5675 27.5579
      vertex 0 -1.94834 27.2812
      vertex 0.304788 -1.92436 27.2812
    endloop
  endfacet
  facet normal 0.0635494 -0.807342 0.586652
    outer loop
      vertex 0.35686 -2.25313 26.9483
      vertex 0 -2.28122 26.9483
      vertex 0.400146 -2.52643 26.5675
    endloop
  endfacet
  facet normal 0.0699637 -0.888802 -0.45292
    outer loop
      vertex 0.433579 -2.73751 23.8519
      vertex 0 -2.77164 23.8519
      vertex 0 -2.55792 23.4325
    endloop
  endfacet
  facet normal 0.23059 -0.960469 -0.155972
    outer loop
      vertex 0.467856 -2.95393 24.7646
      vertex 0.456336 -2.8812 24.2997
      vertex 0.901436 -2.77434 24.2997
    endloop
  endfacet
  facet normal -0.0699637 -0.888802 -0.45292
    outer loop
      vertex 0 -2.77164 23.8519
      vertex -0.433579 -2.73751 23.8519
      vertex 0 -2.55792 23.4325
    endloop
  endfacet
  facet normal -0.0746567 -0.94842 -0.308099
    outer loop
      vertex 0 -2.91711 24.2997
      vertex -0.433579 -2.73751 23.8519
      vertex 0 -2.77164 23.8519
    endloop
  endfacet
  facet normal 0.309927 -0.748192 -0.586646
    outer loop
      vertex 0.790441 -2.43273 23.4325
      vertex 0.704935 -2.16957 23.0517
      vertex 1.16127 -2.27912 23.4325
    endloop
  endfacet
  facet normal 0.0699461 -0.88881 -0.452906
    outer loop
      vertex 0.433579 -2.73751 23.8519
      vertex 0 -2.55792 23.4325
      vertex 0.400146 -2.52643 23.4325
    endloop
  endfacet
  facet normal -0.22209 -0.925062 -0.308118
    outer loop
      vertex -0.456336 -2.8812 24.2997
      vertex -0.901436 -2.77434 24.2997
      vertex -0.856483 -2.63598 23.8519
    endloop
  endfacet
  facet normal -0.0746327 -0.948415 -0.30812
    outer loop
      vertex 0 -2.91711 24.2997
      vertex -0.456336 -2.8812 24.2997
      vertex -0.433579 -2.73751 23.8519
    endloop
  endfacet
  facet normal -0.341211 -0.823716 0.452844
    outer loop
      vertex -1.16127 -2.27912 26.5675
      vertex -1.2583 -2.46955 26.148
      vertex -0.790441 -2.43273 26.5675
    endloop
  endfacet
  facet normal -0.516103 -0.842203 0.155988
    outer loop
      vertex -1.32434 -2.59916 25.7003
      vertex -1.71463 -2.35999 25.7003
      vertex -1.35777 -2.66478 25.2354
    endloop
  endfacet
  facet normal -0.378013 -0.912564 -0.155989
    outer loop
      vertex -0.901436 -2.77434 24.2997
      vertex -1.35777 -2.66478 24.7646
      vertex -1.32434 -2.59916 24.2997
    endloop
  endfacet
  facet normal -0.230595 -0.960469 -0.155967
    outer loop
      vertex -0.467856 -2.95393 24.7646
      vertex -0.924192 -2.84437 24.7646
      vertex -0.901436 -2.77434 24.2997
    endloop
  endfacet
  facet normal -0.0699495 -0.888854 0.45282
    outer loop
      vertex -0.400146 -2.52643 26.5675
      vertex -0.433579 -2.73751 26.148
      vertex 0 -2.55792 26.5675
    endloop
  endfacet
  facet normal -0.0635354 -0.80735 0.586643
    outer loop
      vertex 0 -2.28122 26.9483
      vertex -0.400146 -2.52643 26.5675
      vertex 0 -2.55792 26.5675
    endloop
  endfacet
  facet normal -0.447865 -0.382496 0.808154
    outer loop
      vertex -1.26813 -0.92135 27.5579
      vertex -1.37769 -1.37769 27.2812
      vertex -1.10839 -1.10839 27.5579
    endloop
  endfacet
  facet normal -0.11861 -0.286343 0.950757
    outer loop
      vertex -0.317945 -0.624003 27.9171
      vertex -0.354767 -1.09186 27.7716
      vertex -0.216415 -0.666059 27.9171
    endloop
  endfacet
  facet normal 0.0600905 -0.145074 0.987594
    outer loop
      vertex 0.106858 -0.209723 27.9908
      vertex 0.0727348 -0.223857 27.9908
      vertex 0.317945 -0.624003 27.9171
    endloop
  endfacet
  facet normal -0.145074 0.0600905 0.987594
    outer loop
      vertex -0.209723 0.106858 27.9908
      vertex -0.624003 0.317945 27.9171
      vertex -0.223857 0.0727348 27.9908
    endloop
  endfacet
  facet normal -0.156542 0.0123212 0.987594
    outer loop
      vertex -0.691713 0.109556 27.9171
      vertex -0.700336 0 27.9171
      vertex -0.232479 0.0368204 27.9908
    endloop
  endfacet
  facet normal 0.307742 -0.502175 0.808156
    outer loop
      vertex 1.14521 -1.57624 27.2812
      vertex 0.711628 -1.39665 27.5579
      vertex 0.884529 -1.73599 27.2812
    endloop
  endfacet
  facet normal 0.156542 0.0123212 0.987594
    outer loop
      vertex 0.691713 0.109556 27.9171
      vertex 0.232479 0.0368204 27.9908
      vertex 0.700336 0 27.9171
    endloop
  endfacet
  facet normal -0.152688 -0.0366563 0.987594
    outer loop
      vertex -0.223857 -0.0727348 27.9908
      vertex -0.691713 -0.109556 27.9171
      vertex -0.666059 -0.216415 27.9171
    endloop
  endfacet
  facet normal 0.301377 0.0723452 0.950756
    outer loop
      vertex 1.09186 0.354767 27.7716
      vertex 0.691713 0.109556 27.9171
      vertex 1.13391 0.179594 27.7716
    endloop
  endfacet
  facet normal 0.156542 0.0123166 0.987595
    outer loop
      vertex 0.700336 0 27.9171
      vertex 0.232479 0.0368204 27.9908
      vertex 0.235376 0 27.9908
    endloop
  endfacet
  facet normal -0.307742 -0.502175 0.808156
    outer loop
      vertex -0.711628 -1.39665 27.5579
      vertex -1.14521 -1.57624 27.2812
      vertex -0.884529 -1.73599 27.2812
    endloop
  endfacet
  facet normal -0.295539 -0.346047 0.890454
    outer loop
      vertex -0.674807 -0.928792 27.7716
      vertex -1.10839 -1.10839 27.5579
      vertex -0.92135 -1.26813 27.5579
    endloop
  endfacet
  facet normal -0.544134 -0.225393 0.808156
    outer loop
      vertex -1.49078 -0.484383 27.5579
      vertex -1.85299 -0.602071 27.2812
      vertex -1.39665 -0.711628 27.5579
    endloop
  endfacet
  facet normal -0.544134 -0.225392 0.808156
    outer loop
      vertex -1.39665 -0.711628 27.5579
      vertex -1.85299 -0.602071 27.2812
      vertex -1.73599 -0.884529 27.2812
    endloop
  endfacet
  facet normal 0.0784568 -0.996918 0
    outer loop
      vertex 0 -2.99075 24.7646
      vertex 0.467856 -2.95393 25.2354
      vertex 0 -2.99075 25.2354
    endloop
  endfacet
  facet normal 0.0784568 -0.996918 0
    outer loop
      vertex 0.467856 -2.95393 25.2354
      vertex 0 -2.99075 24.7646
      vertex 0.467856 -2.95393 24.7646
    endloop
  endfacet
  facet normal 0.516099 -0.842205 0.155992
    outer loop
      vertex 1.71463 -2.35999 25.7003
      vertex 1.35777 -2.66478 25.2354
      vertex 1.75792 -2.41957 25.2354
    endloop
  endfacet
  facet normal 0.641487 -0.751106 0.155992
    outer loop
      vertex 2.06271 -2.06271 25.7003
      vertex 1.71463 -2.35999 25.7003
      vertex 1.75792 -2.41957 25.2354
    endloop
  endfacet
  facet normal 0.382676 -0.923882 0
    outer loop
      vertex 0.924192 -2.84437 24.7646
      vertex 1.35777 -2.66478 25.2354
      vertex 0.924192 -2.84437 25.2354
    endloop
  endfacet
  facet normal 0.382676 -0.923882 0
    outer loop
      vertex 1.35777 -2.66478 25.2354
      vertex 0.924192 -2.84437 24.7646
      vertex 1.35777 -2.66478 24.7646
    endloop
  endfacet
  facet normal -0.641487 -0.751106 -0.155992
    outer loop
      vertex -1.75792 -2.41957 24.7646
      vertex -2.06271 -2.06271 24.2997
      vertex -1.71463 -2.35999 24.2997
    endloop
  endfacet
  facet normal -0.516099 -0.842205 0.155992
    outer loop
      vertex -1.71463 -2.35999 25.7003
      vertex -1.75792 -2.41957 25.2354
      vertex -1.35777 -2.66478 25.2354
    endloop
  endfacet
  facet normal -0.842205 -0.516099 -0.155992
    outer loop
      vertex -2.41957 -1.75792 24.7646
      vertex -2.66478 -1.35777 24.7646
      vertex -2.35999 -1.71463 24.2997
    endloop
  endfacet
  facet normal -0.852642 -0.522495 0
    outer loop
      vertex -2.41957 -1.75792 24.7646
      vertex -2.66478 -1.35777 25.2354
      vertex -2.66478 -1.35777 24.7646
    endloop
  endfacet
  facet normal -0.852642 -0.522495 0
    outer loop
      vertex -2.66478 -1.35777 25.2354
      vertex -2.41957 -1.75792 24.7646
      vertex -2.41957 -1.75792 25.2354
    endloop
  endfacet
  facet normal -0.811158 -0.497089 -0.308098
    outer loop
      vertex -2.35999 -1.71463 24.2997
      vertex -2.46955 -1.2583 23.8519
      vertex -2.2423 -1.62913 23.8519
    endloop
  endfacet
  facet normal -0.649451 -0.760403 0
    outer loop
      vertex -2.11478 -2.11478 24.7646
      vertex -1.75792 -2.41957 25.2354
      vertex -2.11478 -2.11478 25.2354
    endloop
  endfacet
  facet normal -0.649451 -0.760403 -0
    outer loop
      vertex -1.75792 -2.41957 25.2354
      vertex -2.11478 -2.11478 24.7646
      vertex -1.75792 -2.41957 24.7646
    endloop
  endfacet
  facet normal -0.516103 -0.842203 -0.155988
    outer loop
      vertex -1.35777 -2.66478 24.7646
      vertex -1.71463 -2.35999 24.2997
      vertex -1.32434 -2.59916 24.2997
    endloop
  endfacet
  facet normal -0.617832 -0.723409 0.308159
    outer loop
      vertex -1.62913 -2.2423 26.148
      vertex -2.06271 -2.06271 25.7003
      vertex -1.71463 -2.35999 25.7003
    endloop
  endfacet
  facet normal -0.497072 -0.811148 0.308152
    outer loop
      vertex -1.2583 -2.46955 26.148
      vertex -1.71463 -2.35999 25.7003
      vertex -1.32434 -2.59916 25.7003
    endloop
  endfacet
  facet normal -0.208137 -0.866969 0.452818
    outer loop
      vertex -0.790441 -2.43273 26.5675
      vertex -0.856483 -2.63598 26.148
      vertex -0.400146 -2.52643 26.5675
    endloop
  endfacet
  facet normal -0.189042 -0.787466 0.586652
    outer loop
      vertex -0.35686 -2.25313 26.9483
      vertex -0.704935 -2.16957 26.9483
      vertex -0.400146 -2.52643 26.5675
    endloop
  endfacet
  facet normal -0.787466 -0.189042 0.586652
    outer loop
      vertex -2.25313 -0.35686 26.9483
      vertex -2.52643 -0.400146 26.5675
      vertex -2.16957 -0.704935 26.9483
    endloop
  endfacet
  facet normal -0.787468 -0.189051 0.586647
    outer loop
      vertex -2.16957 -0.704935 26.9483
      vertex -2.52643 -0.400146 26.5675
      vertex -2.43273 -0.790441 26.5675
    endloop
  endfacet
  facet normal -0.751106 -0.641487 0.155992
    outer loop
      vertex -2.35999 -1.71463 25.7003
      vertex -2.41957 -1.75792 25.2354
      vertex -2.06271 -2.06271 25.7003
    endloop
  endfacet
  facet normal -0.751097 -0.641503 0.155975
    outer loop
      vertex -2.06271 -2.06271 25.7003
      vertex -2.41957 -1.75792 25.2354
      vertex -2.11478 -2.11478 25.2354
    endloop
  endfacet
  facet normal -0.579054 -0.67797 0.452828
    outer loop
      vertex -1.80872 -1.80872 26.5675
      vertex -1.95984 -1.95984 26.148
      vertex -1.50351 -2.0694 26.5675
    endloop
  endfacet
  facet normal -0.811141 -0.497079 0.30816
    outer loop
      vertex -2.2423 -1.62913 26.148
      vertex -2.46955 -1.2583 26.148
      vertex -2.35999 -1.71463 25.7003
    endloop
  endfacet
  facet normal -0.46 -0.538595 -0.705915
    outer loop
      vertex -1.17557 -1.61803 22.7704
      vertex -1.34087 -1.84554 23.0517
      vertex -1.37197 -1.45029 22.7704
    endloop
  endfacet
  facet normal -0.118607 0.286344 0.950757
    outer loop
      vertex -0.354767 1.09186 27.7716
      vertex -0.521203 1.02292 27.7716
      vertex -0.317945 0.624003 27.9171
    endloop
  endfacet
  facet normal -0.174151 0.420429 0.890455
    outer loop
      vertex -0.484383 1.49078 27.5579
      vertex -0.711628 1.39665 27.5579
      vertex -0.354767 1.09186 27.7716
    endloop
  endfacet
  facet normal -0.996918 -0.0784568 0
    outer loop
      vertex -2.95393 -0.467856 24.7646
      vertex -2.99075 0 25.2354
      vertex -2.99075 0 24.7646
    endloop
  endfacet
  facet normal -0.996918 -0.0784568 0
    outer loop
      vertex -2.99075 0 25.2354
      vertex -2.95393 -0.467856 24.7646
      vertex -2.95393 -0.467856 25.2354
    endloop
  endfacet
  facet normal -0.948395 0.0746311 0.308183
    outer loop
      vertex -2.8812 0.456336 25.7003
      vertex -2.91711 0 25.7003
      vertex -2.73751 0.433579 26.148
    endloop
  endfacet
  facet normal -0.888845 0.0699671 0.452834
    outer loop
      vertex -2.73751 0.433579 26.148
      vertex -2.77164 0 26.148
      vertex -2.55792 0 26.5675
    endloop
  endfacet
  facet normal -0.912576 0.377993 0.155968
    outer loop
      vertex -2.66478 1.35777 25.2354
      vertex -2.84437 0.924192 25.2354
      vertex -2.77434 0.901436 25.7003
    endloop
  endfacet
  facet normal -0.888845 -0.0699671 0.452834
    outer loop
      vertex -2.55792 0 26.5675
      vertex -2.77164 0 26.148
      vertex -2.73751 -0.433579 26.148
    endloop
  endfacet
  facet normal -0.888854 -0.0699495 0.45282
    outer loop
      vertex -2.55792 0 26.5675
      vertex -2.73751 -0.433579 26.148
      vertex -2.52643 -0.400146 26.5675
    endloop
  endfacet
  facet normal -0.760207 0.465866 0.452829
    outer loop
      vertex -2.2423 1.62913 26.148
      vertex -2.46955 1.2583 26.148
      vertex -2.0694 1.50351 26.5675
    endloop
  endfacet
  facet normal -0.165329 0.68866 0.705985
    outer loop
      vertex -0.304788 1.92436 27.2812
      vertex -0.704935 2.16957 26.9483
      vertex -0.602071 1.85299 27.2812
    endloop
  endfacet
  facet normal -0.690508 0.423134 0.586648
    outer loop
      vertex -2.0694 1.50351 26.5675
      vertex -2.27912 1.16127 26.5675
      vertex -1.84554 1.34087 26.9483
    endloop
  endfacet
  facet normal -0.748198 0.309921 0.586642
    outer loop
      vertex -2.03258 1.03565 26.9483
      vertex -2.27912 1.16127 26.5675
      vertex -2.16957 0.704935 26.9483
    endloop
  endfacet
  facet normal -0.453663 0.0357069 0.890458
    outer loop
      vertex -1.5482 0.24521 27.5579
      vertex -1.5675 0 27.5579
      vertex -1.13391 0.179594 27.7716
    endloop
  endfacet
  facet normal -0.453666 0.0357186 0.890456
    outer loop
      vertex -1.13391 0.179594 27.7716
      vertex -1.5675 0 27.5579
      vertex -1.14805 0 27.7716
    endloop
  endfacet
  facet normal -0.301377 0.0723452 0.950756
    outer loop
      vertex -1.09186 0.354767 27.7716
      vertex -1.13391 0.179594 27.7716
      vertex -0.691713 0.109556 27.9171
    endloop
  endfacet
  facet normal -0.442495 0.10622 0.890458
    outer loop
      vertex -1.09186 0.354767 27.7716
      vertex -1.5482 0.24521 27.5579
      vertex -1.13391 0.179594 27.7716
    endloop
  endfacet
  facet normal -0.119403 0.101981 0.987594
    outer loop
      vertex -0.495212 0.495212 27.9171
      vertex -0.566584 0.411647 27.9171
      vertex -0.166436 0.166436 27.9908
    endloop
  endfacet
  facet normal 0.235676 0.20129 0.950757
    outer loop
      vertex 0.811793 0.811793 27.7716
      vertex 0.566584 0.411647 27.9171
      vertex 0.928792 0.674807 27.7716
    endloop
  endfacet
  facet normal 0.055723 0.706132 -0.705884
    outer loop
      vertex 0.13174 2.08339 22.8642
      vertex 0 2.28122 23.0517
      vertex 0.180444 2.06995 22.8546
    endloop
  endfacet
  facet normal 0.0552335 0.705984 -0.706071
    outer loop
      vertex 0.0666904 2.09468 22.8704
      vertex 0 2.28122 23.0517
      vertex 0.13174 2.08339 22.8642
    endloop
  endfacet
  facet normal 0.0555803 0.706033 -0.705994
    outer loop
      vertex 0 2.28122 23.0517
      vertex 0.0666904 2.09468 22.8704
      vertex 0 2.09993 22.8704
    endloop
  endfacet
  facet normal 0.748198 -0.309921 -0.586642
    outer loop
      vertex 2.27912 -1.16127 23.4325
      vertex 2.03258 -1.03565 23.0517
      vertex 2.16957 -0.704935 23.0517
    endloop
  endfacet
  facet normal 0.948415 0.0746327 -0.30812
    outer loop
      vertex 2.91711 0 24.2997
      vertex 2.73751 0.433579 23.8519
      vertex 2.8812 0.456336 24.2997
    endloop
  endfacet
  facet normal 0.787466 0.189042 -0.586652
    outer loop
      vertex 2.25313 0.35686 23.0517
      vertex 2.16957 0.704935 23.0517
      vertex 2.52643 0.400146 23.4325
    endloop
  endfacet
  facet normal 0.677936 0.579026 -0.452915
    outer loop
      vertex 2.0694 1.50351 23.4325
      vertex 1.95984 1.95984 23.8519
      vertex 2.2423 1.62913 23.8519
    endloop
  endfacet
  facet normal 0.677937 0.579026 -0.452914
    outer loop
      vertex 2.0694 1.50351 23.4325
      vertex 1.80872 1.80872 23.4325
      vertex 1.95984 1.95984 23.8519
    endloop
  endfacet
  facet normal 0.68772 0.170378 -0.7057
    outer loop
      vertex 2.00131 0.32664 22.799
      vertex 2.25313 0.35686 23.0517
      vertex 2.00707 0.317887 22.8025
    endloop
  endfacet
  facet normal 0.688657 0.165206 -0.706016
    outer loop
      vertex 1.96545 0.371847 22.7746
      vertex 2.25313 0.35686 23.0517
      vertex 2.00131 0.32664 22.799
    endloop
  endfacet
  facet normal 0.688647 0.165319 -0.705999
    outer loop
      vertex 2.25313 0.35686 23.0517
      vertex 1.96545 0.371847 22.7746
      vertex 2.16957 0.704935 23.0517
    endloop
  endfacet
  facet normal 0.687689 0.16646 -0.706665
    outer loop
      vertex 1.96397 0.373716 22.7736
      vertex 2.16957 0.704935 23.0517
      vertex 1.96545 0.371847 22.7746
    endloop
  endfacet
  facet normal 0.693604 0.159308 -0.70252
    outer loop
      vertex 1.95984 0.377586 22.7704
      vertex 2.16957 0.704935 23.0517
      vertex 1.96397 0.373716 22.7736
    endloop
  endfacet
  facet normal 0.68872 0.165358 -0.705919
    outer loop
      vertex 2.16957 0.704935 23.0517
      vertex 1.95984 0.377586 22.7704
      vertex 1.90211 0.618033 22.7704
    endloop
  endfacet
  facet normal 0.538591 0.460016 -0.705907
    outer loop
      vertex 1.45029 1.37197 22.7704
      vertex 1.61306 1.61306 23.0517
      vertex 1.84554 1.34087 23.0517
    endloop
  endfacet
  facet normal 0.538574 0.460032 -0.70591
    outer loop
      vertex 1.61306 1.61306 23.0517
      vertex 1.45029 1.37197 22.7704
      vertex 1.41421 1.41421 22.7704
    endloop
  endfacet
  facet normal 0.525959 0.615799 -0.58665
    outer loop
      vertex 1.61306 1.61306 23.0517
      vertex 1.34087 1.84554 23.0517
      vertex 1.80872 1.80872 23.4325
    endloop
  endfacet
  facet normal 0.823675 -0.341194 -0.452929
    outer loop
      vertex 2.46955 -1.2583 23.8519
      vertex 2.27912 -1.16127 23.4325
      vertex 2.43273 -0.790441 23.4325
    endloop
  endfacet
  facet normal 0.960469 -0.230595 -0.155967
    outer loop
      vertex 2.84437 -0.924192 24.7646
      vertex 2.77434 -0.901436 24.2997
      vertex 2.95393 -0.467856 24.7646
    endloop
  endfacet
  facet normal 0.80735 0.0635354 -0.586643
    outer loop
      vertex 2.55792 0 23.4325
      vertex 2.28122 0 23.0517
      vertex 2.52643 0.400146 23.4325
    endloop
  endfacet
  facet normal 0.960469 -0.230595 0.155967
    outer loop
      vertex 2.95393 -0.467856 25.2354
      vertex 2.77434 -0.901436 25.7003
      vertex 2.84437 -0.924192 25.2354
    endloop
  endfacet
  facet normal 0.852642 -0.522495 0
    outer loop
      vertex 2.41957 -1.75792 25.2354
      vertex 2.66478 -1.35777 24.7646
      vertex 2.66478 -1.35777 25.2354
    endloop
  endfacet
  facet normal 0.852642 -0.522495 0
    outer loop
      vertex 2.66478 -1.35777 24.7646
      vertex 2.41957 -1.75792 25.2354
      vertex 2.41957 -1.75792 24.7646
    endloop
  endfacet
  facet normal 0.842205 -0.516099 0.155992
    outer loop
      vertex 2.66478 -1.35777 25.2354
      vertex 2.35999 -1.71463 25.7003
      vertex 2.41957 -1.75792 25.2354
    endloop
  endfacet
  facet normal 0.61786 -0.723403 -0.308119
    outer loop
      vertex 2.06271 -2.06271 24.2997
      vertex 1.62913 -2.2423 23.8519
      vertex 1.95984 -1.95984 23.8519
    endloop
  endfacet
  facet normal 0.617846 -0.723425 -0.308097
    outer loop
      vertex 1.71463 -2.35999 24.2997
      vertex 1.62913 -2.2423 23.8519
      vertex 2.06271 -2.06271 24.2997
    endloop
  endfacet
  facet normal 0.677936 -0.579026 -0.452915
    outer loop
      vertex 2.2423 -1.62913 23.8519
      vertex 1.95984 -1.95984 23.8519
      vertex 2.0694 -1.50351 23.4325
    endloop
  endfacet
  facet normal 0.76017 -0.465843 -0.452915
    outer loop
      vertex 2.2423 -1.62913 23.8519
      vertex 2.0694 -1.50351 23.4325
      vertex 2.46955 -1.2583 23.8519
    endloop
  endfacet
  facet normal 0.76017 0.465843 -0.452915
    outer loop
      vertex 2.46955 1.2583 23.8519
      vertex 2.0694 1.50351 23.4325
      vertex 2.2423 1.62913 23.8519
    endloop
  endfacet
  facet normal 0.811158 0.497089 -0.308098
    outer loop
      vertex 2.46955 1.2583 23.8519
      vertex 2.2423 1.62913 23.8519
      vertex 2.35999 1.71463 24.2997
    endloop
  endfacet
  facet normal 0.603931 -0.370071 -0.705914
    outer loop
      vertex 1.78201 -0.907981 22.7704
      vertex 2.03258 -1.03565 23.0517
      vertex 1.64706 -1.12821 22.7704
    endloop
  endfacet
  facet normal 0.420429 -0.174151 0.890455
    outer loop
      vertex 1.49078 -0.484383 27.5579
      vertex 1.09186 -0.354767 27.7716
      vertex 1.39665 -0.711628 27.5579
    endloop
  endfacet
  facet normal 0.544134 -0.225393 0.808156
    outer loop
      vertex 1.49078 -0.484383 27.5579
      vertex 1.39665 -0.711628 27.5579
      vertex 1.85299 -0.602071 27.2812
    endloop
  endfacet
  facet normal 0.60386 -0.370048 0.705987
    outer loop
      vertex 2.03258 -1.03565 26.9483
      vertex 1.57624 -1.14521 27.2812
      vertex 1.84554 -1.34087 26.9483
    endloop
  endfacet
  facet normal 0.690507 -0.423145 0.586642
    outer loop
      vertex 2.03258 -1.03565 26.9483
      vertex 1.84554 -1.34087 26.9483
      vertex 2.27912 -1.16127 26.5675
    endloop
  endfacet
  facet normal 0.295546 -0.346034 0.890457
    outer loop
      vertex 0.811793 -0.811793 27.7716
      vertex 0.674807 -0.928792 27.7716
      vertex 1.10839 -1.10839 27.5579
    endloop
  endfacet
  facet normal 0.271031 -0.654316 0.705984
    outer loop
      vertex 0.884529 -1.73599 27.2812
      vertex 0.602071 -1.85299 27.2812
      vertex 1.03565 -2.03258 26.9483
    endloop
  endfacet
  facet normal 0.748198 -0.309921 0.586642
    outer loop
      vertex 2.16957 -0.704935 26.9483
      vertex 2.03258 -1.03565 26.9483
      vertex 2.27912 -1.16127 26.5675
    endloop
  endfacet
  facet normal 0.654314 -0.271032 0.705985
    outer loop
      vertex 2.16957 -0.704935 26.9483
      vertex 1.85299 -0.602071 27.2812
      vertex 2.03258 -1.03565 26.9483
    endloop
  endfacet
  facet normal 0.0555493 -0.706036 0.705994
    outer loop
      vertex 0 -1.94834 27.2812
      vertex 0 -2.28122 26.9483
      vertex 0.304788 -1.92436 27.2812
    endloop
  endfacet
  facet normal 0.525959 -0.615799 0.58665
    outer loop
      vertex 1.61306 -1.61306 26.9483
      vertex 1.34087 -1.84554 26.9483
      vertex 1.80872 -1.80872 26.5675
    endloop
  endfacet
  facet normal 0.237773 -0.388013 0.890455
    outer loop
      vertex 0.674807 -0.928792 27.7716
      vertex 0.521203 -1.02292 27.7716
      vertex 0.711628 -1.39665 27.5579
    endloop
  endfacet
  facet normal 0.174148 -0.420432 0.890455
    outer loop
      vertex 0.521203 -1.02292 27.7716
      vertex 0.354767 -1.09186 27.7716
      vertex 0.711628 -1.39665 27.5579
    endloop
  endfacet
  facet normal 0.587163 -0.0461966 0.80815
    outer loop
      vertex 1.94834 0 27.2812
      vertex 1.5675 0 27.5579
      vertex 1.92436 -0.304788 27.2812
    endloop
  endfacet
  facet normal 0.706036 -0.0555493 0.705994
    outer loop
      vertex 1.94834 0 27.2812
      vertex 1.92436 -0.304788 27.2812
      vertex 2.28122 0 26.9483
    endloop
  endfacet
  facet normal -0.152688 0.0366559 0.987594
    outer loop
      vertex -0.223857 0.0727348 27.9908
      vertex -0.691713 0.109556 27.9171
      vertex -0.232479 0.0368204 27.9908
    endloop
  endfacet
  facet normal 0.388012 0.237778 0.890454
    outer loop
      vertex 1.26813 0.92135 27.5579
      vertex 0.928792 0.674807 27.7716
      vertex 1.39665 0.711628 27.5579
    endloop
  endfacet
  facet normal 0.654314 0.271032 0.705985
    outer loop
      vertex 2.03258 1.03565 26.9483
      vertex 1.85299 0.602071 27.2812
      vertex 2.16957 0.704935 26.9483
    endloop
  endfacet
  facet normal 0.748198 0.309921 0.586642
    outer loop
      vertex 2.27912 1.16127 26.5675
      vertex 2.03258 1.03565 26.9483
      vertex 2.16957 0.704935 26.9483
    endloop
  endfacet
  facet normal 0.544134 0.225393 0.808156
    outer loop
      vertex 1.85299 0.602071 27.2812
      vertex 1.39665 0.711628 27.5579
      vertex 1.49078 0.484383 27.5579
    endloop
  endfacet
  facet normal 0.544134 0.225392 0.808156
    outer loop
      vertex 1.73599 0.884529 27.2812
      vertex 1.39665 0.711628 27.5579
      vertex 1.85299 0.602071 27.2812
    endloop
  endfacet
  facet normal 0.165329 0.68866 0.705985
    outer loop
      vertex 0.704935 2.16957 26.9483
      vertex 0.304788 1.92436 27.2812
      vertex 0.602071 1.85299 27.2812
    endloop
  endfacet
  facet normal 0.295546 0.346034 0.890457
    outer loop
      vertex 1.10839 1.10839 27.5579
      vertex 0.674807 0.928792 27.7716
      vertex 0.811793 0.811793 27.7716
    endloop
  endfacet
  facet normal -0.465843 0.76017 -0.452915
    outer loop
      vertex -1.50351 2.0694 23.4325
      vertex -1.62913 2.2423 23.8519
      vertex -1.2583 2.46955 23.8519
    endloop
  endfacet
  facet normal -0.677937 0.579026 -0.452914
    outer loop
      vertex -1.80872 1.80872 23.4325
      vertex -2.0694 1.50351 23.4325
      vertex -1.95984 1.95984 23.8519
    endloop
  endfacet
  facet normal -0.370155 0.603876 -0.705917
    outer loop
      vertex -1.34087 1.84554 23.0517
      vertex -1.12821 1.64706 22.7704
      vertex -1.17557 1.61803 22.7704
    endloop
  endfacet
  facet normal -0.37009 0.603929 -0.705906
    outer loop
      vertex -1.12821 1.64706 22.7704
      vertex -1.34087 1.84554 23.0517
      vertex -1.03565 2.03258 23.0517
    endloop
  endfacet
  facet normal -0.0551063 0.706312 -0.705753
    outer loop
      vertex -0.35686 2.25313 23.0517
      vertex -0.180444 2.06995 22.8546
      vertex -0.193544 2.06633 22.852
    endloop
  endfacet
  facet normal -0.0558083 0.705987 -0.706023
    outer loop
      vertex -0.35686 2.25313 23.0517
      vertex -0.193544 2.06633 22.852
      vertex -0.250585 2.04392 22.8341
    endloop
  endfacet
  facet normal -0.055671 0.706027 -0.705994
    outer loop
      vertex -0.35686 2.25313 23.0517
      vertex -0.250585 2.04392 22.8341
      vertex -0.301454 2.01671 22.8109
    endloop
  endfacet
  facet normal -0.0535671 0.706353 -0.70583
    outer loop
      vertex -0.35686 2.25313 23.0517
      vertex -0.301454 2.01671 22.8109
      vertex -0.317887 2.00707 22.8025
    endloop
  endfacet
  facet normal -0.0555781 0.706074 -0.705954
    outer loop
      vertex -0.180444 2.06995 22.8546
      vertex -0.35686 2.25313 23.0517
      vertex 0 2.28122 23.0517
    endloop
  endfacet
  facet normal -0.189051 0.787468 -0.586647
    outer loop
      vertex -0.704935 2.16957 23.0517
      vertex -0.790441 2.43273 23.4325
      vertex -0.400146 2.52643 23.4325
    endloop
  endfacet
  facet normal -0.23059 0.960469 -0.155972
    outer loop
      vertex -0.456336 2.8812 24.2997
      vertex -0.901436 2.77434 24.2997
      vertex -0.467856 2.95393 24.7646
    endloop
  endfacet
  facet normal -0.0774894 0.984717 -0.155972
    outer loop
      vertex -0.456336 2.8812 24.2997
      vertex -0.467856 2.95393 24.7646
      vertex 0 2.91711 24.2997
    endloop
  endfacet
  facet normal -0.0555803 0.706033 -0.705994
    outer loop
      vertex -0.0666904 2.09468 22.8704
      vertex 0 2.28122 23.0517
      vertex 0 2.09993 22.8704
    endloop
  endfacet
  facet normal -0.0552335 0.705984 -0.706071
    outer loop
      vertex -0.13174 2.08339 22.8642
      vertex 0 2.28122 23.0517
      vertex -0.0666904 2.09468 22.8704
    endloop
  endfacet
  facet normal -0.055723 0.706132 -0.705884
    outer loop
      vertex 0 2.28122 23.0517
      vertex -0.13174 2.08339 22.8642
      vertex -0.180444 2.06995 22.8546
    endloop
  endfacet
  facet normal -0.465824 0.760173 -0.45293
    outer loop
      vertex -1.16127 2.27912 23.4325
      vertex -1.50351 2.0694 23.4325
      vertex -1.2583 2.46955 23.8519
    endloop
  endfacet
  facet normal -0.341194 0.823675 -0.452929
    outer loop
      vertex -1.16127 2.27912 23.4325
      vertex -1.2583 2.46955 23.8519
      vertex -0.790441 2.43273 23.4325
    endloop
  endfacet
  facet normal -0.878934 0.364082 -0.30809
    outer loop
      vertex -2.46955 1.2583 23.8519
      vertex -2.77434 0.901436 24.2997
      vertex -2.59916 1.32434 24.2997
    endloop
  endfacet
  facet normal -0.878938 0.36405 -0.308117
    outer loop
      vertex -2.63598 0.856483 23.8519
      vertex -2.77434 0.901436 24.2997
      vertex -2.46955 1.2583 23.8519
    endloop
  endfacet
  facet normal -0.690508 -0.423134 0.586648
    outer loop
      vertex -1.84554 -1.34087 26.9483
      vertex -2.27912 -1.16127 26.5675
      vertex -2.0694 -1.50351 26.5675
    endloop
  endfacet
  facet normal -0.615799 -0.525959 0.58665
    outer loop
      vertex -1.61306 -1.61306 26.9483
      vertex -1.84554 -1.34087 26.9483
      vertex -1.80872 -1.80872 26.5675
    endloop
  endfacet
  facet normal 0.0774894 0.984717 -0.155972
    outer loop
      vertex 0.456336 2.8812 24.2997
      vertex 0 2.91711 24.2997
      vertex 0.467856 2.95393 24.7646
    endloop
  endfacet
  facet normal 0.0774966 0.984716 -0.155979
    outer loop
      vertex 0.467856 2.95393 24.7646
      vertex 0 2.91711 24.2997
      vertex 0 2.99075 24.7646
    endloop
  endfacet
  facet normal -0.0635354 0.80735 0.586643
    outer loop
      vertex 0 2.55792 26.5675
      vertex -0.400146 2.52643 26.5675
      vertex 0 2.28122 26.9483
    endloop
  endfacet
  facet normal -0.161938 0.264266 0.950757
    outer loop
      vertex -0.317945 0.624003 27.9171
      vertex -0.521203 1.02292 27.7716
      vertex -0.411647 0.566584 27.9171
    endloop
  endfacet
  facet normal -0.0699671 0.888845 0.452834
    outer loop
      vertex 0 2.77164 26.148
      vertex -0.433579 2.73751 26.148
      vertex 0 2.55792 26.5675
    endloop
  endfacet
  facet normal 0.118607 0.286344 0.950757
    outer loop
      vertex 0.354767 1.09186 27.7716
      vertex 0.317945 0.624003 27.9171
      vertex 0.521203 1.02292 27.7716
    endloop
  endfacet
  facet normal 0.222085 0.925042 0.30818
    outer loop
      vertex 0.901436 2.77434 25.7003
      vertex 0.456336 2.8812 25.7003
      vertex 0.856483 2.63598 26.148
    endloop
  endfacet
  facet normal 0.364043 0.878919 0.30818
    outer loop
      vertex 0.901436 2.77434 25.7003
      vertex 0.856483 2.63598 26.148
      vertex 1.2583 2.46955 26.148
    endloop
  endfacet
  facet normal 0.233452 0.972368 -0
    outer loop
      vertex 0.924192 2.84437 24.7646
      vertex 0.467856 2.95393 25.2354
      vertex 0.924192 2.84437 25.2354
    endloop
  endfacet
  facet normal 0.233452 0.972368 0
    outer loop
      vertex 0.467856 2.95393 25.2354
      vertex 0.924192 2.84437 24.7646
      vertex 0.467856 2.95393 24.7646
    endloop
  endfacet
  facet normal -0.497072 0.811148 0.308152
    outer loop
      vertex -1.32434 2.59916 25.7003
      vertex -1.71463 2.35999 25.7003
      vertex -1.2583 2.46955 26.148
    endloop
  endfacet
  facet normal -0.189051 0.787468 0.586647
    outer loop
      vertex -0.400146 2.52643 26.5675
      vertex -0.790441 2.43273 26.5675
      vertex -0.704935 2.16957 26.9483
    endloop
  endfacet
  facet normal -0.233452 0.972368 0
    outer loop
      vertex -0.467856 2.95393 24.7646
      vertex -0.924192 2.84437 25.2354
      vertex -0.467856 2.95393 25.2354
    endloop
  endfacet
  facet normal -0.233452 0.972368 0
    outer loop
      vertex -0.924192 2.84437 25.2354
      vertex -0.467856 2.95393 24.7646
      vertex -0.924192 2.84437 24.7646
    endloop
  endfacet
  facet normal -0.364074 0.878915 0.308152
    outer loop
      vertex -0.901436 2.77434 25.7003
      vertex -1.32434 2.59916 25.7003
      vertex -1.2583 2.46955 26.148
    endloop
  endfacet
  facet normal 0.20814 0.866967 0.45282
    outer loop
      vertex 0.433579 2.73751 26.148
      vertex 0.400146 2.52643 26.5675
      vertex 0.856483 2.63598 26.148
    endloop
  endfacet
  facet normal -0.579026 0.677936 -0.452915
    outer loop
      vertex -1.50351 2.0694 23.4325
      vertex -1.95984 1.95984 23.8519
      vertex -1.62913 2.2423 23.8519
    endloop
  endfacet
  facet normal -0.723425 0.617846 -0.308097
    outer loop
      vertex -2.2423 1.62913 23.8519
      vertex -2.35999 1.71463 24.2997
      vertex -2.06271 2.06271 24.2997
    endloop
  endfacet
  facet normal -0.649451 0.760403 0
    outer loop
      vertex -1.75792 2.41957 24.7646
      vertex -2.11478 2.11478 25.2354
      vertex -1.75792 2.41957 25.2354
    endloop
  endfacet
  facet normal -0.649451 0.760403 0
    outer loop
      vertex -2.11478 2.11478 25.2354
      vertex -1.75792 2.41957 24.7646
      vertex -2.11478 2.11478 24.7646
    endloop
  endfacet
  facet normal 0.497089 0.811158 -0.308098
    outer loop
      vertex 1.62913 2.2423 23.8519
      vertex 1.2583 2.46955 23.8519
      vertex 1.71463 2.35999 24.2997
    endloop
  endfacet
  facet normal 0.465843 0.76017 -0.452915
    outer loop
      vertex 1.50351 2.0694 23.4325
      vertex 1.2583 2.46955 23.8519
      vertex 1.62913 2.2423 23.8519
    endloop
  endfacet
  facet normal 0.189051 0.787468 -0.586647
    outer loop
      vertex 0.704935 2.16957 23.0517
      vertex 0.400146 2.52643 23.4325
      vertex 0.790441 2.43273 23.4325
    endloop
  endfacet
  facet normal 0.208127 0.866926 -0.452904
    outer loop
      vertex 0.790441 2.43273 23.4325
      vertex 0.400146 2.52643 23.4325
      vertex 0.856483 2.63598 23.8519
    endloop
  endfacet
  facet normal 0.165319 0.688647 -0.705999
    outer loop
      vertex 0.371847 1.96545 22.7746
      vertex 0.35686 2.25313 23.0517
      vertex 0.704935 2.16957 23.0517
    endloop
  endfacet
  facet normal 0.165206 0.688657 -0.706016
    outer loop
      vertex 0.32664 2.00131 22.799
      vertex 0.35686 2.25313 23.0517
      vertex 0.371847 1.96545 22.7746
    endloop
  endfacet
  facet normal 0.170378 0.68772 -0.7057
    outer loop
      vertex 0.35686 2.25313 23.0517
      vertex 0.32664 2.00131 22.799
      vertex 0.317887 2.00707 22.8025
    endloop
  endfacet
  facet normal 0.0535671 0.706353 -0.70583
    outer loop
      vertex 0.301454 2.01671 22.8109
      vertex 0.35686 2.25313 23.0517
      vertex 0.317887 2.00707 22.8025
    endloop
  endfacet
  facet normal 0.055671 0.706027 -0.705994
    outer loop
      vertex 0.250585 2.04392 22.8341
      vertex 0.35686 2.25313 23.0517
      vertex 0.301454 2.01671 22.8109
    endloop
  endfacet
  facet normal 0.0558083 0.705987 -0.706023
    outer loop
      vertex 0.193544 2.06633 22.852
      vertex 0.35686 2.25313 23.0517
      vertex 0.250585 2.04392 22.8341
    endloop
  endfacet
  facet normal 0.0551063 0.706312 -0.705753
    outer loop
      vertex 0.180444 2.06995 22.8546
      vertex 0.35686 2.25313 23.0517
      vertex 0.193544 2.06633 22.852
    endloop
  endfacet
  facet normal 0.0555781 0.706074 -0.705954
    outer loop
      vertex 0.35686 2.25313 23.0517
      vertex 0.180444 2.06995 22.8546
      vertex 0 2.28122 23.0517
    endloop
  endfacet
  facet normal -0.0123166 0.156542 0.987595
    outer loop
      vertex 0 0.700336 27.9171
      vertex -0.0368204 0.232479 27.9908
      vertex 0 0.235376 27.9908
    endloop
  endfacet
  facet normal -0.0243272 -0.308983 0.950756
    outer loop
      vertex -0.109556 -0.691713 27.9171
      vertex -0.179594 -1.13391 27.7716
      vertex 0 -1.14805 27.7716
    endloop
  endfacet
  facet normal -0.286344 -0.118607 0.950757
    outer loop
      vertex -0.624003 -0.317945 27.9171
      vertex -1.09186 -0.354767 27.7716
      vertex -1.02292 -0.521203 27.7716
    endloop
  endfacet
  facet normal -0.0366559 0.152688 0.987594
    outer loop
      vertex -0.0368204 0.232479 27.9908
      vertex -0.109556 0.691713 27.9171
      vertex -0.0727348 0.223857 27.9908
    endloop
  endfacet
  facet normal -0.0820444 0.133888 0.987594
    outer loop
      vertex -0.317945 0.624003 27.9171
      vertex -0.411647 0.566584 27.9171
      vertex -0.106858 0.209723 27.9908
    endloop
  endfacet
  facet normal -0.101981 -0.119403 0.987594
    outer loop
      vertex -0.166436 -0.166436 27.9908
      vertex -0.495212 -0.495212 27.9171
      vertex -0.411647 -0.566584 27.9171
    endloop
  endfacet
  facet normal 0 0 1
    outer loop
      vertex 0.232479 0.0368204 27.9908
      vertex 0.232479 -0.0368204 27.9908
      vertex 0.235376 0 27.9908
    endloop
  endfacet
  facet normal 0 0 1
    outer loop
      vertex 0.223857 0.0727348 27.9908
      vertex 0.232479 -0.0368204 27.9908
      vertex 0.232479 0.0368204 27.9908
    endloop
  endfacet
  facet normal 0 0 1
    outer loop
      vertex 0.223857 0.0727348 27.9908
      vertex 0.223857 -0.0727348 27.9908
      vertex 0.232479 -0.0368204 27.9908
    endloop
  endfacet
  facet normal 0 0 1
    outer loop
      vertex 0.209723 0.106858 27.9908
      vertex 0.223857 -0.0727348 27.9908
      vertex 0.223857 0.0727348 27.9908
    endloop
  endfacet
  facet normal 0 0 1
    outer loop
      vertex 0.209723 0.106858 27.9908
      vertex 0.209723 -0.106858 27.9908
      vertex 0.223857 -0.0727348 27.9908
    endloop
  endfacet
  facet normal 0 0 1
    outer loop
      vertex 0.190424 0.13835 27.9908
      vertex 0.209723 -0.106858 27.9908
      vertex 0.209723 0.106858 27.9908
    endloop
  endfacet
  facet normal 0 0 1
    outer loop
      vertex 0.190424 0.13835 27.9908
      vertex 0.190424 -0.13835 27.9908
      vertex 0.209723 -0.106858 27.9908
    endloop
  endfacet
  facet normal 0 0 1
    outer loop
      vertex 0.166436 0.166436 27.9908
      vertex 0.190424 -0.13835 27.9908
      vertex 0.190424 0.13835 27.9908
    endloop
  endfacet
  facet normal 0 0 1
    outer loop
      vertex 0.166436 0.166436 27.9908
      vertex 0.166436 -0.166436 27.9908
      vertex 0.190424 -0.13835 27.9908
    endloop
  endfacet
  facet normal 0 0 1
    outer loop
      vertex 0.13835 0.190424 27.9908
      vertex 0.166436 -0.166436 27.9908
      vertex 0.166436 0.166436 27.9908
    endloop
  endfacet
  facet normal 0 0 1
    outer loop
      vertex 0.13835 0.190424 27.9908
      vertex 0.13835 -0.190424 27.9908
      vertex 0.166436 -0.166436 27.9908
    endloop
  endfacet
  facet normal 0 0 1
    outer loop
      vertex 0.106858 0.209723 27.9908
      vertex 0.13835 -0.190424 27.9908
      vertex 0.13835 0.190424 27.9908
    endloop
  endfacet
  facet normal 0 0 1
    outer loop
      vertex 0.106858 0.209723 27.9908
      vertex 0.106858 -0.209723 27.9908
      vertex 0.13835 -0.190424 27.9908
    endloop
  endfacet
  facet normal 0 0 1
    outer loop
      vertex 0.0727348 0.223857 27.9908
      vertex 0.106858 -0.209723 27.9908
      vertex 0.106858 0.209723 27.9908
    endloop
  endfacet
  facet normal 0 0 1
    outer loop
      vertex 0.0727348 0.223857 27.9908
      vertex 0.0727348 -0.223857 27.9908
      vertex 0.106858 -0.209723 27.9908
    endloop
  endfacet
  facet normal 0 0 1
    outer loop
      vertex 0.0368204 0.232479 27.9908
      vertex 0.0727348 -0.223857 27.9908
      vertex 0.0727348 0.223857 27.9908
    endloop
  endfacet
  facet normal 0 0 1
    outer loop
      vertex 0.0368204 0.232479 27.9908
      vertex 0.0368204 -0.232479 27.9908
      vertex 0.0727348 -0.223857 27.9908
    endloop
  endfacet
  facet normal 0 0 1
    outer loop
      vertex 0 0.235376 27.9908
      vertex 0.0368204 -0.232479 27.9908
      vertex 0.0368204 0.232479 27.9908
    endloop
  endfacet
  facet normal 0 0 1
    outer loop
      vertex 0 0.235376 27.9908
      vertex 0 -0.235376 27.9908
      vertex 0.0368204 -0.232479 27.9908
    endloop
  endfacet
  facet normal -0 0 1
    outer loop
      vertex -0.0368204 0.232479 27.9908
      vertex 0 -0.235376 27.9908
      vertex 0 0.235376 27.9908
    endloop
  endfacet
  facet normal 0 0 1
    outer loop
      vertex -0.0368204 0.232479 27.9908
      vertex -0.0368204 -0.232479 27.9908
      vertex 0 -0.235376 27.9908
    endloop
  endfacet
  facet normal -0 0 1
    outer loop
      vertex -0.0727348 0.223857 27.9908
      vertex -0.0368204 -0.232479 27.9908
      vertex -0.0368204 0.232479 27.9908
    endloop
  endfacet
  facet normal 0 0 1
    outer loop
      vertex -0.0727348 0.223857 27.9908
      vertex -0.0727348 -0.223857 27.9908
      vertex -0.0368204 -0.232479 27.9908
    endloop
  endfacet
  facet normal -0 0 1
    outer loop
      vertex -0.106858 0.209723 27.9908
      vertex -0.0727348 -0.223857 27.9908
      vertex -0.0727348 0.223857 27.9908
    endloop
  endfacet
  facet normal 0 0 1
    outer loop
      vertex -0.106858 0.209723 27.9908
      vertex -0.106858 -0.209723 27.9908
      vertex -0.0727348 -0.223857 27.9908
    endloop
  endfacet
  facet normal -0 0 1
    outer loop
      vertex -0.13835 0.190424 27.9908
      vertex -0.106858 -0.209723 27.9908
      vertex -0.106858 0.209723 27.9908
    endloop
  endfacet
  facet normal 0 0 1
    outer loop
      vertex -0.13835 0.190424 27.9908
      vertex -0.13835 -0.190424 27.9908
      vertex -0.106858 -0.209723 27.9908
    endloop
  endfacet
  facet normal -0 0 1
    outer loop
      vertex -0.166436 0.166436 27.9908
      vertex -0.13835 -0.190424 27.9908
      vertex -0.13835 0.190424 27.9908
    endloop
  endfacet
  facet normal 0 0 1
    outer loop
      vertex -0.166436 0.166436 27.9908
      vertex -0.166436 -0.166436 27.9908
      vertex -0.13835 -0.190424 27.9908
    endloop
  endfacet
  facet normal -0 0 1
    outer loop
      vertex -0.190424 0.13835 27.9908
      vertex -0.166436 -0.166436 27.9908
      vertex -0.166436 0.166436 27.9908
    endloop
  endfacet
  facet normal 0 0 1
    outer loop
      vertex -0.190424 0.13835 27.9908
      vertex -0.190424 -0.13835 27.9908
      vertex -0.166436 -0.166436 27.9908
    endloop
  endfacet
  facet normal -0 0 1
    outer loop
      vertex -0.209723 0.106858 27.9908
      vertex -0.190424 -0.13835 27.9908
      vertex -0.190424 0.13835 27.9908
    endloop
  endfacet
  facet normal 0 0 1
    outer loop
      vertex -0.209723 0.106858 27.9908
      vertex -0.209723 -0.106858 27.9908
      vertex -0.190424 -0.13835 27.9908
    endloop
  endfacet
  facet normal -0 0 1
    outer loop
      vertex -0.223857 0.0727348 27.9908
      vertex -0.209723 -0.106858 27.9908
      vertex -0.209723 0.106858 27.9908
    endloop
  endfacet
  facet normal 0 0 1
    outer loop
      vertex -0.223857 0.0727348 27.9908
      vertex -0.223857 -0.0727348 27.9908
      vertex -0.209723 -0.106858 27.9908
    endloop
  endfacet
  facet normal -0 0 1
    outer loop
      vertex -0.232479 0.0368204 27.9908
      vertex -0.223857 -0.0727348 27.9908
      vertex -0.223857 0.0727348 27.9908
    endloop
  endfacet
  facet normal 0 0 1
    outer loop
      vertex -0.232479 0.0368204 27.9908
      vertex -0.232479 -0.0368204 27.9908
      vertex -0.223857 -0.0727348 27.9908
    endloop
  endfacet
  facet normal 0 -0 1
    outer loop
      vertex -0.232479 -0.0368204 27.9908
      vertex -0.232479 0.0368204 27.9908
      vertex -0.235376 0 27.9908
    endloop
  endfacet
  facet normal 0.688647 -0.165319 -0.705999
    outer loop
      vertex 1.96545 -0.371847 22.7746
      vertex 2.25313 -0.35686 23.0517
      vertex 2.16957 -0.704935 23.0517
    endloop
  endfacet
  facet normal 0.68772 -0.170378 -0.7057
    outer loop
      vertex 2.25313 -0.35686 23.0517
      vertex 2.00131 -0.32664 22.799
      vertex 2.00707 -0.317887 22.8025
    endloop
  endfacet
  facet normal 0.688657 -0.165206 -0.706016
    outer loop
      vertex 2.25313 -0.35686 23.0517
      vertex 1.96545 -0.371847 22.7746
      vertex 2.00131 -0.32664 22.799
    endloop
  endfacet
  facet normal -0.170378 -0.68772 -0.7057
    outer loop
      vertex -0.35686 -2.25313 23.0517
      vertex -0.32664 -2.00131 22.799
      vertex -0.317887 -2.00707 22.8025
    endloop
  endfacet
  facet normal -0.165206 -0.688657 -0.706016
    outer loop
      vertex -0.35686 -2.25313 23.0517
      vertex -0.371847 -1.96545 22.7746
      vertex -0.32664 -2.00131 22.799
    endloop
  endfacet
  facet normal -0.165319 -0.688647 -0.705999
    outer loop
      vertex -0.371847 -1.96545 22.7746
      vertex -0.35686 -2.25313 23.0517
      vertex -0.704935 -2.16957 23.0517
    endloop
  endfacet
  facet normal -0.603876 -0.370155 -0.705917
    outer loop
      vertex -1.84554 -1.34087 23.0517
      vertex -1.64706 -1.12821 22.7704
      vertex -1.61803 -1.17557 22.7704
    endloop
  endfacet
  facet normal -0.603929 -0.37009 -0.705906
    outer loop
      vertex -1.64706 -1.12821 22.7704
      vertex -1.84554 -1.34087 23.0517
      vertex -2.03258 -1.03565 23.0517
    endloop
  endfacet
  facet normal -0.688647 -0.165319 -0.705999
    outer loop
      vertex -2.25313 -0.35686 23.0517
      vertex -1.96545 -0.371847 22.7746
      vertex -2.16957 -0.704935 23.0517
    endloop
  endfacet
  facet normal -0.688657 -0.165206 -0.706016
    outer loop
      vertex -1.96545 -0.371847 22.7746
      vertex -2.25313 -0.35686 23.0517
      vertex -2.00131 -0.32664 22.799
    endloop
  endfacet
  facet normal -0.68772 -0.170378 -0.7057
    outer loop
      vertex -2.00131 -0.32664 22.799
      vertex -2.25313 -0.35686 23.0517
      vertex -2.00707 -0.317887 22.8025
    endloop
  endfacet
  facet normal -0.787466 -0.189042 -0.586652
    outer loop
      vertex -2.16957 -0.704935 23.0517
      vertex -2.52643 -0.400146 23.4325
      vertex -2.25313 -0.35686 23.0517
    endloop
  endfacet
  facet normal -0.80735 -0.0635354 -0.586643
    outer loop
      vertex -2.52643 -0.400146 23.4325
      vertex -2.55792 0 23.4325
      vertex -2.28122 0 23.0517
    endloop
  endfacet
  facet normal -0.866926 0.208127 -0.452904
    outer loop
      vertex -2.52643 0.400146 23.4325
      vertex -2.63598 0.856483 23.8519
      vertex -2.43273 0.790441 23.4325
    endloop
  endfacet
  facet normal -0.94842 0.0746567 -0.308099
    outer loop
      vertex -2.77164 0 23.8519
      vertex -2.91711 0 24.2997
      vertex -2.73751 0.433579 23.8519
    endloop
  endfacet
  facet normal -0.807342 0.0635494 -0.586652
    outer loop
      vertex -2.28122 0 23.0517
      vertex -2.52643 0.400146 23.4325
      vertex -2.25313 0.35686 23.0517
    endloop
  endfacet
  facet normal -0.538574 -0.460032 -0.70591
    outer loop
      vertex -1.61306 -1.61306 23.0517
      vertex -1.45029 -1.37197 22.7704
      vertex -1.41421 -1.41421 22.7704
    endloop
  endfacet
  facet normal -0.538591 -0.460016 -0.705907
    outer loop
      vertex -1.45029 -1.37197 22.7704
      vertex -1.61306 -1.61306 23.0517
      vertex -1.84554 -1.34087 23.0517
    endloop
  endfacet
  facet normal -0.748198 -0.309921 -0.586642
    outer loop
      vertex -2.03258 -1.03565 23.0517
      vertex -2.27912 -1.16127 23.4325
      vertex -2.16957 -0.704935 23.0517
    endloop
  endfacet
  facet normal 0.0699671 -0.888845 0.452834
    outer loop
      vertex 0 -2.55792 26.5675
      vertex 0 -2.77164 26.148
      vertex 0.433579 -2.73751 26.148
    endloop
  endfacet
  facet normal -0.0699671 -0.888845 0.452834
    outer loop
      vertex 0 -2.55792 26.5675
      vertex -0.433579 -2.73751 26.148
      vertex 0 -2.77164 26.148
    endloop
  endfacet
  facet normal -0.0555493 -0.706036 0.705994
    outer loop
      vertex 0 -1.94834 27.2812
      vertex -0.304788 -1.92436 27.2812
      vertex 0 -2.28122 26.9483
    endloop
  endfacet
  facet normal 0.165323 -0.688665 0.705981
    outer loop
      vertex 0.704935 -2.16957 26.9483
      vertex 0.304788 -1.92436 27.2812
      vertex 0.35686 -2.25313 26.9483
    endloop
  endfacet
  facet normal 0.0462137 -0.587153 0.808156
    outer loop
      vertex 0.24521 -1.5482 27.5579
      vertex 0 -1.5675 27.5579
      vertex 0.304788 -1.92436 27.2812
    endloop
  endfacet
  facet normal 0.165329 -0.68866 0.705985
    outer loop
      vertex 0.602071 -1.85299 27.2812
      vertex 0.304788 -1.92436 27.2812
      vertex 0.704935 -2.16957 26.9483
    endloop
  endfacet
  facet normal 0.20813 -0.866925 -0.452906
    outer loop
      vertex 0.433579 -2.73751 23.8519
      vertex 0.400146 -2.52643 23.4325
      vertex 0.856483 -2.63598 23.8519
    endloop
  endfacet
  facet normal 0.271062 -0.654385 -0.705908
    outer loop
      vertex 0.704935 -2.16957 23.0517
      vertex 0.669355 -1.88086 22.7704
      vertex 1.03565 -2.03258 23.0517
    endloop
  endfacet
  facet normal 0.270961 -0.654411 -0.705922
    outer loop
      vertex 0.669355 -1.88086 22.7704
      vertex 0.704935 -2.16957 23.0517
      vertex 0.618033 -1.90211 22.7704
    endloop
  endfacet
  facet normal -0.579026 -0.677937 -0.452914
    outer loop
      vertex -1.50351 -2.0694 23.4325
      vertex -1.95984 -1.95984 23.8519
      vertex -1.80872 -1.80872 23.4325
    endloop
  endfacet
  facet normal -0.208127 -0.866926 -0.452904
    outer loop
      vertex -0.400146 -2.52643 23.4325
      vertex -0.856483 -2.63598 23.8519
      vertex -0.790441 -2.43273 23.4325
    endloop
  endfacet
  facet normal 0.0535671 -0.706353 -0.70583
    outer loop
      vertex 0.35686 -2.25313 23.0517
      vertex 0.301454 -2.01671 22.8109
      vertex 0.317887 -2.00707 22.8025
    endloop
  endfacet
  facet normal 0.055671 -0.706027 -0.705994
    outer loop
      vertex 0.35686 -2.25313 23.0517
      vertex 0.250585 -2.04392 22.8341
      vertex 0.301454 -2.01671 22.8109
    endloop
  endfacet
  facet normal 0.0558083 -0.705987 -0.706023
    outer loop
      vertex 0.35686 -2.25313 23.0517
      vertex 0.193544 -2.06633 22.852
      vertex 0.250585 -2.04392 22.8341
    endloop
  endfacet
  facet normal 0.0551063 -0.706312 -0.705753
    outer loop
      vertex 0.35686 -2.25313 23.0517
      vertex 0.180444 -2.06995 22.8546
      vertex 0.193544 -2.06633 22.852
    endloop
  endfacet
  facet normal 0.0555781 -0.706074 -0.705954
    outer loop
      vertex 0.180444 -2.06995 22.8546
      vertex 0.35686 -2.25313 23.0517
      vertex 0 -2.28122 23.0517
    endloop
  endfacet
  facet normal 0.0635354 -0.80735 -0.586643
    outer loop
      vertex 0.400146 -2.52643 23.4325
      vertex 0 -2.55792 23.4325
      vertex 0 -2.28122 23.0517
    endloop
  endfacet
  facet normal -0.174151 -0.420429 0.890455
    outer loop
      vertex -0.354767 -1.09186 27.7716
      vertex -0.711628 -1.39665 27.5579
      vertex -0.484383 -1.49078 27.5579
    endloop
  endfacet
  facet normal -0.235676 -0.20129 0.950757
    outer loop
      vertex -0.566584 -0.411647 27.9171
      vertex -0.928792 -0.674807 27.7716
      vertex -0.811793 -0.811793 27.7716
    endloop
  endfacet
  facet normal -0.101981 -0.119403 0.987594
    outer loop
      vertex -0.166436 -0.166436 27.9908
      vertex -0.411647 -0.566584 27.9171
      vertex -0.13835 -0.190424 27.9908
    endloop
  endfacet
  facet normal -0.145073 -0.0600925 0.987594
    outer loop
      vertex -0.223857 -0.0727348 27.9908
      vertex -0.666059 -0.216415 27.9171
      vertex -0.624003 -0.317945 27.9171
    endloop
  endfacet
  facet normal -0.0243195 -0.308981 0.950757
    outer loop
      vertex 0 -0.700336 27.9171
      vertex -0.109556 -0.691713 27.9171
      vertex 0 -1.14805 27.7716
    endloop
  endfacet
  facet normal -0.133885 -0.0820479 0.987594
    outer loop
      vertex -0.209723 -0.106858 27.9908
      vertex -0.566584 -0.411647 27.9171
      vertex -0.190424 -0.13835 27.9908
    endloop
  endfacet
  facet normal 0.106233 -0.442497 0.890456
    outer loop
      vertex 0.354767 -1.09186 27.7716
      vertex 0.24521 -1.5482 27.5579
      vertex 0.484383 -1.49078 27.5579
    endloop
  endfacet
  facet normal 0.161941 -0.264265 0.950757
    outer loop
      vertex 0.674807 -0.928792 27.7716
      vertex 0.411647 -0.566584 27.9171
      vertex 0.521203 -1.02292 27.7716
    endloop
  endfacet
  facet normal 0.286344 -0.118607 0.950757
    outer loop
      vertex 1.09186 -0.354767 27.7716
      vertex 0.624003 -0.317945 27.9171
      vertex 1.02292 -0.521203 27.7716
    endloop
  endfacet
  facet normal 0.133885 -0.0820479 0.987594
    outer loop
      vertex 0.209723 -0.106858 27.9908
      vertex 0.190424 -0.13835 27.9908
      vertex 0.566584 -0.411647 27.9171
    endloop
  endfacet
  facet normal 0.101981 -0.119403 0.987594
    outer loop
      vertex 0.495212 -0.495212 27.9171
      vertex 0.166436 -0.166436 27.9908
      vertex 0.411647 -0.566584 27.9171
    endloop
  endfacet
  facet normal 0.308983 -0.0243272 0.950756
    outer loop
      vertex 1.14805 0 27.7716
      vertex 0.691713 -0.109556 27.9171
      vertex 1.13391 -0.179594 27.7716
    endloop
  endfacet
  facet normal 0.587153 0.0462137 0.808156
    outer loop
      vertex 1.92436 0.304788 27.2812
      vertex 1.5482 0.24521 27.5579
      vertex 1.5675 0 27.5579
    endloop
  endfacet
  facet normal 0.0600925 0.145073 0.987594
    outer loop
      vertex 0.216415 0.666059 27.9171
      vertex 0.0727348 0.223857 27.9908
      vertex 0.317945 0.624003 27.9171
    endloop
  endfacet
  facet normal 0.119403 -0.101981 0.987594
    outer loop
      vertex 0.566584 -0.411647 27.9171
      vertex 0.166436 -0.166436 27.9908
      vertex 0.495212 -0.495212 27.9171
    endloop
  endfacet
  facet normal -0.0723518 -0.301374 0.950757
    outer loop
      vertex -0.216415 -0.666059 27.9171
      vertex -0.354767 -1.09186 27.7716
      vertex -0.109556 -0.691713 27.9171
    endloop
  endfacet
  facet normal -0.0600925 -0.145073 0.987594
    outer loop
      vertex -0.0727348 -0.223857 27.9908
      vertex -0.317945 -0.624003 27.9171
      vertex -0.216415 -0.666059 27.9171
    endloop
  endfacet
  facet normal -0.271031 -0.654316 0.705984
    outer loop
      vertex -0.884529 -1.73599 27.2812
      vertex -1.03565 -2.03258 26.9483
      vertex -0.602071 -1.85299 27.2812
    endloop
  endfacet
  facet normal -0.382497 -0.447862 0.808156
    outer loop
      vertex -0.92135 -1.26813 27.5579
      vertex -1.37769 -1.37769 27.2812
      vertex -1.14521 -1.57624 27.2812
    endloop
  endfacet
  facet normal -0.723403 -0.61786 -0.308119
    outer loop
      vertex -2.06271 -2.06271 24.2997
      vertex -2.2423 -1.62913 23.8519
      vertex -1.95984 -1.95984 23.8519
    endloop
  endfacet
  facet normal -0.61786 -0.723403 -0.308119
    outer loop
      vertex -1.62913 -2.2423 23.8519
      vertex -2.06271 -2.06271 24.2997
      vertex -1.95984 -1.95984 23.8519
    endloop
  endfacet
  facet normal -0.912564 -0.378013 -0.155989
    outer loop
      vertex -2.66478 -1.35777 24.7646
      vertex -2.77434 -0.901436 24.2997
      vertex -2.59916 -1.32434 24.2997
    endloop
  endfacet
  facet normal -0.878934 -0.364082 -0.30809
    outer loop
      vertex -2.59916 -1.32434 24.2997
      vertex -2.77434 -0.901436 24.2997
      vertex -2.46955 -1.2583 23.8519
    endloop
  endfacet
  facet normal -0.751097 -0.641503 -0.155975
    outer loop
      vertex -2.11478 -2.11478 24.7646
      vertex -2.41957 -1.75792 24.7646
      vertex -2.06271 -2.06271 24.2997
    endloop
  endfacet
  facet normal -0.760403 -0.649451 0
    outer loop
      vertex -2.11478 -2.11478 24.7646
      vertex -2.41957 -1.75792 25.2354
      vertex -2.41957 -1.75792 24.7646
    endloop
  endfacet
  facet normal -0.760403 -0.649451 0
    outer loop
      vertex -2.41957 -1.75792 25.2354
      vertex -2.11478 -2.11478 24.7646
      vertex -2.11478 -2.11478 25.2354
    endloop
  endfacet
  facet normal -0.641487 -0.751106 0.155992
    outer loop
      vertex -1.71463 -2.35999 25.7003
      vertex -2.06271 -2.06271 25.7003
      vertex -1.75792 -2.41957 25.2354
    endloop
  endfacet
  facet normal -0.641503 -0.751097 0.155975
    outer loop
      vertex -2.06271 -2.06271 25.7003
      vertex -2.11478 -2.11478 25.2354
      vertex -1.75792 -2.41957 25.2354
    endloop
  endfacet
  facet normal -0.341187 -0.823739 0.452819
    outer loop
      vertex -0.790441 -2.43273 26.5675
      vertex -1.2583 -2.46955 26.148
      vertex -0.856483 -2.63598 26.148
    endloop
  endfacet
  facet normal -0.423134 -0.690508 0.586648
    outer loop
      vertex -1.34087 -1.84554 26.9483
      vertex -1.50351 -2.0694 26.5675
      vertex -1.16127 -2.27912 26.5675
    endloop
  endfacet
  facet normal -0.309921 -0.748198 0.586642
    outer loop
      vertex -1.03565 -2.03258 26.9483
      vertex -1.16127 -2.27912 26.5675
      vertex -0.704935 -2.16957 26.9483
    endloop
  endfacet
  facet normal -0.465846 -0.76021 0.452844
    outer loop
      vertex -1.16127 -2.27912 26.5675
      vertex -1.50351 -2.0694 26.5675
      vertex -1.2583 -2.46955 26.148
    endloop
  endfacet
  facet normal -0.654314 -0.271032 0.705985
    outer loop
      vertex -1.85299 -0.602071 27.2812
      vertex -2.16957 -0.704935 26.9483
      vertex -2.03258 -1.03565 26.9483
    endloop
  endfacet
  facet normal -0.68866 -0.165329 0.705985
    outer loop
      vertex -1.92436 -0.304788 27.2812
      vertex -2.16957 -0.704935 26.9483
      vertex -1.85299 -0.602071 27.2812
    endloop
  endfacet
  facet normal -0.811148 -0.497072 0.308152
    outer loop
      vertex -2.46955 -1.2583 26.148
      vertex -2.59916 -1.32434 25.7003
      vertex -2.35999 -1.71463 25.7003
    endloop
  endfacet
  facet normal -0.878915 -0.364074 0.308152
    outer loop
      vertex -2.46955 -1.2583 26.148
      vertex -2.77434 -0.901436 25.7003
      vertex -2.59916 -1.32434 25.7003
    endloop
  endfacet
  facet normal -0.677937 -0.579026 -0.452914
    outer loop
      vertex -1.95984 -1.95984 23.8519
      vertex -2.0694 -1.50351 23.4325
      vertex -1.80872 -1.80872 23.4325
    endloop
  endfacet
  facet normal -0.460016 -0.538591 -0.705907
    outer loop
      vertex -1.61306 -1.61306 23.0517
      vertex -1.37197 -1.45029 22.7704
      vertex -1.34087 -1.84554 23.0517
    endloop
  endfacet
  facet normal -0.460032 -0.538574 -0.70591
    outer loop
      vertex -1.37197 -1.45029 22.7704
      vertex -1.61306 -1.61306 23.0517
      vertex -1.41421 -1.41421 22.7704
    endloop
  endfacet
  facet normal -0.688665 0.165323 0.705981
    outer loop
      vertex -2.16957 0.704935 26.9483
      vertex -2.25313 0.35686 26.9483
      vertex -1.92436 0.304788 27.2812
    endloop
  endfacet
  facet normal -0.346047 0.295539 0.890454
    outer loop
      vertex -1.10839 1.10839 27.5579
      vertex -1.26813 0.92135 27.5579
      vertex -0.928792 0.674807 27.7716
    endloop
  endfacet
  facet normal -0.984716 0.0774966 0.155979
    outer loop
      vertex -2.95393 0.467856 25.2354
      vertex -2.99075 0 25.2354
      vertex -2.91711 0 25.7003
    endloop
  endfacet
  facet normal -0.984716 -0.0774966 0.155979
    outer loop
      vertex -2.91711 0 25.7003
      vertex -2.99075 0 25.2354
      vertex -2.95393 -0.467856 25.2354
    endloop
  endfacet
  facet normal -0.690507 0.423145 0.586642
    outer loop
      vertex -1.84554 1.34087 26.9483
      vertex -2.27912 1.16127 26.5675
      vertex -2.03258 1.03565 26.9483
    endloop
  endfacet
  facet normal -0.76021 0.465846 0.452844
    outer loop
      vertex -2.0694 1.50351 26.5675
      vertex -2.46955 1.2583 26.148
      vertex -2.27912 1.16127 26.5675
    endloop
  endfacet
  facet normal -0.497079 0.811141 0.30816
    outer loop
      vertex -1.2583 2.46955 26.148
      vertex -1.71463 2.35999 25.7003
      vertex -1.62913 2.2423 26.148
    endloop
  endfacet
  facet normal -0.617847 0.723388 0.308181
    outer loop
      vertex -1.62913 2.2423 26.148
      vertex -2.06271 2.06271 25.7003
      vertex -1.95984 1.95984 26.148
    endloop
  endfacet
  facet normal -0.420432 0.174148 0.890455
    outer loop
      vertex -1.02292 0.521203 27.7716
      vertex -1.39665 0.711628 27.5579
      vertex -1.09186 0.354767 27.7716
    endloop
  endfacet
  facet normal -0.264266 0.161938 0.950757
    outer loop
      vertex -0.566584 0.411647 27.9171
      vertex -1.02292 0.521203 27.7716
      vertex -0.624003 0.317945 27.9171
    endloop
  endfacet
  facet normal -0.382497 0.447862 0.808156
    outer loop
      vertex -1.14521 1.57624 27.2812
      vertex -1.37769 1.37769 27.2812
      vertex -0.92135 1.26813 27.5579
    endloop
  endfacet
  facet normal -0.101981 0.119403 0.987594
    outer loop
      vertex -0.411647 0.566584 27.9171
      vertex -0.495212 0.495212 27.9171
      vertex -0.166436 0.166436 27.9908
    endloop
  endfacet
  facet normal -0.152688 0.0366563 0.987594
    outer loop
      vertex -0.666059 0.216415 27.9171
      vertex -0.691713 0.109556 27.9171
      vertex -0.223857 0.0727348 27.9908
    endloop
  endfacet
  facet normal -0.286344 0.118607 0.950757
    outer loop
      vertex -1.02292 0.521203 27.7716
      vertex -1.09186 0.354767 27.7716
      vertex -0.624003 0.317945 27.9171
    endloop
  endfacet
  facet normal 0.271072 0.654373 -0.705915
    outer loop
      vertex 0.907981 1.78201 22.7704
      vertex 0.669355 1.88086 22.7704
      vertex 1.03565 2.03258 23.0517
    endloop
  endfacet
  facet normal 0.370071 0.603931 -0.705914
    outer loop
      vertex 0.907981 1.78201 22.7704
      vertex 1.03565 2.03258 23.0517
      vertex 1.12821 1.64706 22.7704
    endloop
  endfacet
  facet normal 0.706074 -0.0555781 -0.705954
    outer loop
      vertex 2.25313 -0.35686 23.0517
      vertex 2.06995 -0.180444 22.8546
      vertex 2.28122 0 23.0517
    endloop
  endfacet
  facet normal 0.706312 -0.0551063 -0.705753
    outer loop
      vertex 2.25313 -0.35686 23.0517
      vertex 2.06633 -0.193544 22.852
      vertex 2.06995 -0.180444 22.8546
    endloop
  endfacet
  facet normal 0.705987 -0.0558083 -0.706023
    outer loop
      vertex 2.25313 -0.35686 23.0517
      vertex 2.04392 -0.250585 22.8341
      vertex 2.06633 -0.193544 22.852
    endloop
  endfacet
  facet normal 0.706027 -0.055671 -0.705994
    outer loop
      vertex 2.25313 -0.35686 23.0517
      vertex 2.01671 -0.301454 22.8109
      vertex 2.04392 -0.250585 22.8341
    endloop
  endfacet
  facet normal 0.706353 -0.0535671 -0.70583
    outer loop
      vertex 2.01671 -0.301454 22.8109
      vertex 2.25313 -0.35686 23.0517
      vertex 2.00707 -0.317887 22.8025
    endloop
  endfacet
  facet normal 0.654385 -0.271062 -0.705908
    outer loop
      vertex 1.88086 -0.669355 22.7704
      vertex 2.16957 -0.704935 23.0517
      vertex 2.03258 -1.03565 23.0517
    endloop
  endfacet
  facet normal 0.654411 -0.270961 -0.705922
    outer loop
      vertex 2.16957 -0.704935 23.0517
      vertex 1.88086 -0.669355 22.7704
      vertex 1.90211 -0.618033 22.7704
    endloop
  endfacet
  facet normal 0.690508 -0.423134 -0.586648
    outer loop
      vertex 2.0694 -1.50351 23.4325
      vertex 1.84554 -1.34087 23.0517
      vertex 2.27912 -1.16127 23.4325
    endloop
  endfacet
  facet normal 0.690507 -0.423145 -0.586642
    outer loop
      vertex 2.27912 -1.16127 23.4325
      vertex 1.84554 -1.34087 23.0517
      vertex 2.03258 -1.03565 23.0517
    endloop
  endfacet
  facet normal 0.787468 0.189051 -0.586647
    outer loop
      vertex 2.52643 0.400146 23.4325
      vertex 2.16957 0.704935 23.0517
      vertex 2.43273 0.790441 23.4325
    endloop
  endfacet
  facet normal 0.866926 0.208127 -0.452904
    outer loop
      vertex 2.52643 0.400146 23.4325
      vertex 2.43273 0.790441 23.4325
      vertex 2.63598 0.856483 23.8519
    endloop
  endfacet
  facet normal 0.748198 0.309921 -0.586642
    outer loop
      vertex 2.16957 0.704935 23.0517
      vertex 2.03258 1.03565 23.0517
      vertex 2.27912 1.16127 23.4325
    endloop
  endfacet
  facet normal 0.654411 0.270961 -0.705922
    outer loop
      vertex 1.88086 0.669355 22.7704
      vertex 2.16957 0.704935 23.0517
      vertex 1.90211 0.618033 22.7704
    endloop
  endfacet
  facet normal 0.654385 0.271062 -0.705908
    outer loop
      vertex 2.16957 0.704935 23.0517
      vertex 1.88086 0.669355 22.7704
      vertex 2.03258 1.03565 23.0517
    endloop
  endfacet
  facet normal 0.878934 -0.364082 -0.30809
    outer loop
      vertex 2.59916 -1.32434 24.2997
      vertex 2.46955 -1.2583 23.8519
      vertex 2.77434 -0.901436 24.2997
    endloop
  endfacet
  facet normal 0.912564 -0.378013 -0.155989
    outer loop
      vertex 2.66478 -1.35777 24.7646
      vertex 2.59916 -1.32434 24.2997
      vertex 2.77434 -0.901436 24.2997
    endloop
  endfacet
  facet normal 0.88881 -0.0699461 -0.452906
    outer loop
      vertex 2.73751 -0.433579 23.8519
      vertex 2.52643 -0.400146 23.4325
      vertex 2.55792 0 23.4325
    endloop
  endfacet
  facet normal 0.925062 0.22209 -0.308118
    outer loop
      vertex 2.8812 0.456336 24.2997
      vertex 2.63598 0.856483 23.8519
      vertex 2.77434 0.901436 24.2997
    endloop
  endfacet
  facet normal 0.996918 0.0784568 0
    outer loop
      vertex 2.99075 0 25.2354
      vertex 2.95393 0.467856 24.7646
      vertex 2.95393 0.467856 25.2354
    endloop
  endfacet
  facet normal 0.996918 0.0784568 0
    outer loop
      vertex 2.95393 0.467856 24.7646
      vertex 2.99075 0 25.2354
      vertex 2.99075 0 24.7646
    endloop
  endfacet
  facet normal 0.925042 -0.222082 0.308182
    outer loop
      vertex 2.73751 -0.433579 26.148
      vertex 2.63598 -0.856483 26.148
      vertex 2.8812 -0.456336 25.7003
    endloop
  endfacet
  facet normal 0.866967 -0.20814 0.45282
    outer loop
      vertex 2.73751 -0.433579 26.148
      vertex 2.52643 -0.400146 26.5675
      vertex 2.63598 -0.856483 26.148
    endloop
  endfacet
  facet normal 0.912576 -0.377993 0.155968
    outer loop
      vertex 2.77434 -0.901436 25.7003
      vertex 2.66478 -1.35777 25.2354
      vertex 2.84437 -0.924192 25.2354
    endloop
  endfacet
  facet normal 0.912564 -0.378013 0.155989
    outer loop
      vertex 2.77434 -0.901436 25.7003
      vertex 2.59916 -1.32434 25.7003
      vertex 2.66478 -1.35777 25.2354
    endloop
  endfacet
  facet normal 0.538591 -0.460016 -0.705907
    outer loop
      vertex 1.61306 -1.61306 23.0517
      vertex 1.45029 -1.37197 22.7704
      vertex 1.84554 -1.34087 23.0517
    endloop
  endfacet
  facet normal 0.538574 -0.460032 -0.70591
    outer loop
      vertex 1.45029 -1.37197 22.7704
      vertex 1.61306 -1.61306 23.0517
      vertex 1.41421 -1.41421 22.7704
    endloop
  endfacet
  facet normal 0.370155 -0.603876 -0.705917
    outer loop
      vertex 1.34087 -1.84554 23.0517
      vertex 1.12821 -1.64706 22.7704
      vertex 1.17557 -1.61803 22.7704
    endloop
  endfacet
  facet normal 0.37009 -0.603929 -0.705906
    outer loop
      vertex 1.12821 -1.64706 22.7704
      vertex 1.34087 -1.84554 23.0517
      vertex 1.03565 -2.03258 23.0517
    endloop
  endfacet
  facet normal 0.603859 -0.370056 0.705983
    outer loop
      vertex 1.73599 -0.884529 27.2812
      vertex 1.57624 -1.14521 27.2812
      vertex 2.03258 -1.03565 26.9483
    endloop
  endfacet
  facet normal 0.654316 -0.271031 0.705984
    outer loop
      vertex 1.85299 -0.602071 27.2812
      vertex 1.73599 -0.884529 27.2812
      vertex 2.03258 -1.03565 26.9483
    endloop
  endfacet
  facet normal 0.538545 -0.459946 0.705988
    outer loop
      vertex 1.57624 -1.14521 27.2812
      vertex 1.37769 -1.37769 27.2812
      vertex 1.84554 -1.34087 26.9483
    endloop
  endfacet
  facet normal 0.447862 -0.382497 0.808156
    outer loop
      vertex 1.57624 -1.14521 27.2812
      vertex 1.26813 -0.92135 27.5579
      vertex 1.37769 -1.37769 27.2812
    endloop
  endfacet
  facet normal 0.579055 -0.677969 0.452829
    outer loop
      vertex 1.95984 -1.95984 26.148
      vertex 1.50351 -2.0694 26.5675
      vertex 1.62913 -2.2423 26.148
    endloop
  endfacet
  facet normal 0.617847 -0.723388 0.308181
    outer loop
      vertex 1.95984 -1.95984 26.148
      vertex 1.62913 -2.2423 26.148
      vertex 2.06271 -2.06271 25.7003
    endloop
  endfacet
  facet normal 0.423145 -0.690507 0.586642
    outer loop
      vertex 1.34087 -1.84554 26.9483
      vertex 1.03565 -2.03258 26.9483
      vertex 1.16127 -2.27912 26.5675
    endloop
  endfacet
  facet normal 0.370048 -0.60386 0.705987
    outer loop
      vertex 1.14521 -1.57624 27.2812
      vertex 1.03565 -2.03258 26.9483
      vertex 1.34087 -1.84554 26.9483
    endloop
  endfacet
  facet normal 0.0723452 -0.301377 0.950756
    outer loop
      vertex 0.354767 -1.09186 27.7716
      vertex 0.109556 -0.691713 27.9171
      vertex 0.179594 -1.13391 27.7716
    endloop
  endfacet
  facet normal 0.0243272 -0.308983 0.950756
    outer loop
      vertex 0.109556 -0.691713 27.9171
      vertex 0 -1.14805 27.7716
      vertex 0.179594 -1.13391 27.7716
    endloop
  endfacet
  facet normal 0.264265 -0.161941 0.950757
    outer loop
      vertex 1.02292 -0.521203 27.7716
      vertex 0.566584 -0.411647 27.9171
      vertex 0.928792 -0.674807 27.7716
    endloop
  endfacet
  facet normal 0.388013 -0.237773 0.890455
    outer loop
      vertex 1.02292 -0.521203 27.7716
      vertex 0.928792 -0.674807 27.7716
      vertex 1.39665 -0.711628 27.5579
    endloop
  endfacet
  facet normal 0.235677 -0.201289 0.950757
    outer loop
      vertex 0.566584 -0.411647 27.9171
      vertex 0.495212 -0.495212 27.9171
      vertex 0.811793 -0.811793 27.7716
    endloop
  endfacet
  facet normal 0.0723452 0.301377 0.950756
    outer loop
      vertex 0.179594 1.13391 27.7716
      vertex 0.109556 0.691713 27.9171
      vertex 0.354767 1.09186 27.7716
    endloop
  endfacet
  facet normal 0.307742 0.502175 0.808156
    outer loop
      vertex 0.884529 1.73599 27.2812
      vertex 0.711628 1.39665 27.5579
      vertex 1.14521 1.57624 27.2812
    endloop
  endfacet
  facet normal 0.572695 0.137491 0.808156
    outer loop
      vertex 1.85299 0.602071 27.2812
      vertex 1.49078 0.484383 27.5579
      vertex 1.5482 0.24521 27.5579
    endloop
  endfacet
  facet normal 0.442497 0.106233 0.890456
    outer loop
      vertex 1.49078 0.484383 27.5579
      vertex 1.09186 0.354767 27.7716
      vertex 1.5482 0.24521 27.5579
    endloop
  endfacet
  facet normal 0.502177 0.30774 0.808155
    outer loop
      vertex 1.57624 1.14521 27.2812
      vertex 1.26813 0.92135 27.5579
      vertex 1.39665 0.711628 27.5579
    endloop
  endfacet
  facet normal 0.346047 0.295539 0.890454
    outer loop
      vertex 1.10839 1.10839 27.5579
      vertex 0.928792 0.674807 27.7716
      vertex 1.26813 0.92135 27.5579
    endloop
  endfacet
  facet normal 0.346034 0.295546 0.890457
    outer loop
      vertex 1.10839 1.10839 27.5579
      vertex 0.811793 0.811793 27.7716
      vertex 0.928792 0.674807 27.7716
    endloop
  endfacet
  facet normal 0.388013 0.237773 0.890455
    outer loop
      vertex 1.39665 0.711628 27.5579
      vertex 0.928792 0.674807 27.7716
      vertex 1.02292 0.521203 27.7716
    endloop
  endfacet
  facet normal 0.382496 0.447865 0.808154
    outer loop
      vertex 1.37769 1.37769 27.2812
      vertex 0.92135 1.26813 27.5579
      vertex 1.10839 1.10839 27.5579
    endloop
  endfacet
  facet normal 0.382497 0.447862 0.808156
    outer loop
      vertex 1.14521 1.57624 27.2812
      vertex 0.92135 1.26813 27.5579
      vertex 1.37769 1.37769 27.2812
    endloop
  endfacet
  facet normal -0.723403 0.61786 -0.308119
    outer loop
      vertex -1.95984 1.95984 23.8519
      vertex -2.2423 1.62913 23.8519
      vertex -2.06271 2.06271 24.2997
    endloop
  endfacet
  facet normal -0.677936 0.579026 -0.452915
    outer loop
      vertex -2.0694 1.50351 23.4325
      vertex -2.2423 1.62913 23.8519
      vertex -1.95984 1.95984 23.8519
    endloop
  endfacet
  facet normal -0.61786 0.723403 -0.308119
    outer loop
      vertex -1.95984 1.95984 23.8519
      vertex -2.06271 2.06271 24.2997
      vertex -1.62913 2.2423 23.8519
    endloop
  endfacet
  facet normal -0.617846 0.723425 -0.308097
    outer loop
      vertex -1.62913 2.2423 23.8519
      vertex -2.06271 2.06271 24.2997
      vertex -1.71463 2.35999 24.2997
    endloop
  endfacet
  facet normal -0.525958 0.615803 -0.586648
    outer loop
      vertex -1.34087 1.84554 23.0517
      vertex -1.80872 1.80872 23.4325
      vertex -1.50351 2.0694 23.4325
    endloop
  endfacet
  facet normal -0.615803 0.525958 -0.586648
    outer loop
      vertex -1.84554 1.34087 23.0517
      vertex -2.0694 1.50351 23.4325
      vertex -1.80872 1.80872 23.4325
    endloop
  endfacet
  facet normal -0.654411 0.270961 -0.705922
    outer loop
      vertex -2.16957 0.704935 23.0517
      vertex -1.88086 0.669355 22.7704
      vertex -1.90211 0.618033 22.7704
    endloop
  endfacet
  facet normal -0.654385 0.271062 -0.705908
    outer loop
      vertex -1.88086 0.669355 22.7704
      vertex -2.16957 0.704935 23.0517
      vertex -2.03258 1.03565 23.0517
    endloop
  endfacet
  facet normal -0.654373 0.271072 -0.705915
    outer loop
      vertex -1.88086 0.669355 22.7704
      vertex -2.03258 1.03565 23.0517
      vertex -1.78201 0.907981 22.7704
    endloop
  endfacet
  facet normal -0.0699637 0.888802 -0.45292
    outer loop
      vertex 0 2.55792 23.4325
      vertex -0.433579 2.73751 23.8519
      vertex 0 2.77164 23.8519
    endloop
  endfacet
  facet normal 0.0699637 0.888802 -0.45292
    outer loop
      vertex 0.433579 2.73751 23.8519
      vertex 0 2.55792 23.4325
      vertex 0 2.77164 23.8519
    endloop
  endfacet
  facet normal -0.189042 0.787466 -0.586652
    outer loop
      vertex -0.35686 2.25313 23.0517
      vertex -0.704935 2.16957 23.0517
      vertex -0.400146 2.52643 23.4325
    endloop
  endfacet
  facet normal -0.0635494 0.807342 -0.586652
    outer loop
      vertex -0.35686 2.25313 23.0517
      vertex -0.400146 2.52643 23.4325
      vertex 0 2.28122 23.0517
    endloop
  endfacet
  facet normal -0.760207 -0.465866 0.452829
    outer loop
      vertex -2.0694 -1.50351 26.5675
      vertex -2.46955 -1.2583 26.148
      vertex -2.2423 -1.62913 26.148
    endloop
  endfacet
  facet normal -0.677969 -0.579055 0.452829
    outer loop
      vertex -2.0694 -1.50351 26.5675
      vertex -2.2423 -1.62913 26.148
      vertex -1.95984 -1.95984 26.148
    endloop
  endfacet
  facet normal -0.502177 0.30774 0.808155
    outer loop
      vertex -1.26813 0.92135 27.5579
      vertex -1.57624 1.14521 27.2812
      vertex -1.39665 0.711628 27.5579
    endloop
  endfacet
  facet normal -0.60386 0.370048 0.705987
    outer loop
      vertex -1.84554 1.34087 26.9483
      vertex -2.03258 1.03565 26.9483
      vertex -1.57624 1.14521 27.2812
    endloop
  endfacet
  facet normal 0.189042 0.787466 0.586652
    outer loop
      vertex 0.400146 2.52643 26.5675
      vertex 0.35686 2.25313 26.9483
      vertex 0.704935 2.16957 26.9483
    endloop
  endfacet
  facet normal -0.0723452 0.301377 0.950756
    outer loop
      vertex -0.179594 1.13391 27.7716
      vertex -0.354767 1.09186 27.7716
      vertex -0.109556 0.691713 27.9171
    endloop
  endfacet
  facet normal 0.222082 0.925042 0.308182
    outer loop
      vertex 0.456336 2.8812 25.7003
      vertex 0.433579 2.73751 26.148
      vertex 0.856483 2.63598 26.148
    endloop
  endfacet
  facet normal 0.0746311 0.948395 0.308183
    outer loop
      vertex 0.456336 2.8812 25.7003
      vertex 0 2.91711 25.7003
      vertex 0.433579 2.73751 26.148
    endloop
  endfacet
  facet normal 0.378013 0.912564 0.155989
    outer loop
      vertex 1.35777 2.66478 25.2354
      vertex 0.901436 2.77434 25.7003
      vertex 1.32434 2.59916 25.7003
    endloop
  endfacet
  facet normal 0.364074 0.878915 0.308152
    outer loop
      vertex 1.32434 2.59916 25.7003
      vertex 0.901436 2.77434 25.7003
      vertex 1.2583 2.46955 26.148
    endloop
  endfacet
  facet normal -0.0699495 0.888854 0.45282
    outer loop
      vertex 0 2.55792 26.5675
      vertex -0.433579 2.73751 26.148
      vertex -0.400146 2.52643 26.5675
    endloop
  endfacet
  facet normal -0.20814 0.866967 0.45282
    outer loop
      vertex -0.433579 2.73751 26.148
      vertex -0.856483 2.63598 26.148
      vertex -0.400146 2.52643 26.5675
    endloop
  endfacet
  facet normal -0.522495 0.852642 0
    outer loop
      vertex -1.35777 2.66478 24.7646
      vertex -1.75792 2.41957 25.2354
      vertex -1.35777 2.66478 25.2354
    endloop
  endfacet
  facet normal -0.522495 0.852642 0
    outer loop
      vertex -1.75792 2.41957 25.2354
      vertex -1.35777 2.66478 24.7646
      vertex -1.75792 2.41957 24.7646
    endloop
  endfacet
  facet normal 0.0366559 -0.152688 0.987594
    outer loop
      vertex 0.0727348 -0.223857 27.9908
      vertex 0.0368204 -0.232479 27.9908
      vertex 0.109556 -0.691713 27.9171
    endloop
  endfacet
  facet normal 0.11861 -0.286343 0.950757
    outer loop
      vertex 0.317945 -0.624003 27.9171
      vertex 0.216415 -0.666059 27.9171
      vertex 0.354767 -1.09186 27.7716
    endloop
  endfacet
  facet normal -0.271072 -0.654373 -0.705915
    outer loop
      vertex -0.669355 -1.88086 22.7704
      vertex -1.03565 -2.03258 23.0517
      vertex -0.907981 -1.78201 22.7704
    endloop
  endfacet
  facet normal -0.370071 -0.603931 -0.705914
    outer loop
      vertex -0.907981 -1.78201 22.7704
      vertex -1.03565 -2.03258 23.0517
      vertex -1.12821 -1.64706 22.7704
    endloop
  endfacet
  facet normal 0.055723 -0.706132 -0.705884
    outer loop
      vertex 0 -2.28122 23.0517
      vertex 0.13174 -2.08339 22.8642
      vertex 0.180444 -2.06995 22.8546
    endloop
  endfacet
  facet normal 0.0552335 -0.705984 -0.706071
    outer loop
      vertex 0 -2.28122 23.0517
      vertex 0.0666904 -2.09468 22.8704
      vertex 0.13174 -2.08339 22.8642
    endloop
  endfacet
  facet normal 0.0555803 -0.706033 -0.705994
    outer loop
      vertex 0.0666904 -2.09468 22.8704
      vertex 0 -2.28122 23.0517
      vertex 0 -2.09993 22.8704
    endloop
  endfacet
  facet normal -0.88881 -0.0699461 -0.452906
    outer loop
      vertex -2.52643 -0.400146 23.4325
      vertex -2.73751 -0.433579 23.8519
      vertex -2.55792 0 23.4325
    endloop
  endfacet
  facet normal -0.888802 -0.0699637 -0.45292
    outer loop
      vertex -2.73751 -0.433579 23.8519
      vertex -2.77164 0 23.8519
      vertex -2.55792 0 23.4325
    endloop
  endfacet
  facet normal -0.748192 0.309927 -0.586646
    outer loop
      vertex -2.16957 0.704935 23.0517
      vertex -2.43273 0.790441 23.4325
      vertex -2.27912 1.16127 23.4325
    endloop
  endfacet
  facet normal -0.460032 0.538574 -0.70591
    outer loop
      vertex -1.61306 1.61306 23.0517
      vertex -1.37197 1.45029 22.7704
      vertex -1.41421 1.41421 22.7704
    endloop
  endfacet
  facet normal -0.460016 0.538591 -0.705907
    outer loop
      vertex -1.37197 1.45029 22.7704
      vertex -1.61306 1.61306 23.0517
      vertex -1.34087 1.84554 23.0517
    endloop
  endfacet
  facet normal -0.948415 0.0746327 -0.30812
    outer loop
      vertex -2.73751 0.433579 23.8519
      vertex -2.91711 0 24.2997
      vertex -2.8812 0.456336 24.2997
    endloop
  endfacet
  facet normal -0.925062 0.222087 -0.30812
    outer loop
      vertex -2.73751 0.433579 23.8519
      vertex -2.8812 0.456336 24.2997
      vertex -2.63598 0.856483 23.8519
    endloop
  endfacet
  facet normal -0.94842 -0.0746567 -0.308099
    outer loop
      vertex -2.73751 -0.433579 23.8519
      vertex -2.91711 0 24.2997
      vertex -2.77164 0 23.8519
    endloop
  endfacet
  facet normal -0.88881 0.0699461 -0.452906
    outer loop
      vertex -2.55792 0 23.4325
      vertex -2.73751 0.433579 23.8519
      vertex -2.52643 0.400146 23.4325
    endloop
  endfacet
  facet normal -0.823675 -0.341194 -0.452929
    outer loop
      vertex -2.27912 -1.16127 23.4325
      vertex -2.46955 -1.2583 23.8519
      vertex -2.43273 -0.790441 23.4325
    endloop
  endfacet
  facet normal -0.748192 -0.309927 -0.586646
    outer loop
      vertex -2.27912 -1.16127 23.4325
      vertex -2.43273 -0.790441 23.4325
      vertex -2.16957 -0.704935 23.0517
    endloop
  endfacet
  facet normal 0.0746551 -0.9484 0.308161
    outer loop
      vertex 0 -2.77164 26.148
      vertex 0 -2.91711 25.7003
      vertex 0.433579 -2.73751 26.148
    endloop
  endfacet
  facet normal -0.0746551 -0.9484 0.308161
    outer loop
      vertex 0 -2.77164 26.148
      vertex -0.433579 -2.73751 26.148
      vertex 0 -2.91711 25.7003
    endloop
  endfacet
  facet normal -0.0461966 -0.587163 0.80815
    outer loop
      vertex 0 -1.5675 27.5579
      vertex -0.304788 -1.92436 27.2812
      vertex 0 -1.94834 27.2812
    endloop
  endfacet
  facet normal -0.137491 -0.572695 0.808156
    outer loop
      vertex -0.484383 -1.49078 27.5579
      vertex -0.602071 -1.85299 27.2812
      vertex -0.24521 -1.5482 27.5579
    endloop
  endfacet
  facet normal -0.165323 -0.688665 0.705981
    outer loop
      vertex -0.304788 -1.92436 27.2812
      vertex -0.704935 -2.16957 26.9483
      vertex -0.35686 -2.25313 26.9483
    endloop
  endfacet
  facet normal -0.055576 -0.706047 0.705981
    outer loop
      vertex -0.304788 -1.92436 27.2812
      vertex -0.35686 -2.25313 26.9483
      vertex 0 -2.28122 26.9483
    endloop
  endfacet
  facet normal 0.225392 -0.544134 0.808156
    outer loop
      vertex 0.711628 -1.39665 27.5579
      vertex 0.602071 -1.85299 27.2812
      vertex 0.884529 -1.73599 27.2812
    endloop
  endfacet
  facet normal 0.225393 -0.544134 0.808156
    outer loop
      vertex 0.711628 -1.39665 27.5579
      vertex 0.484383 -1.49078 27.5579
      vertex 0.602071 -1.85299 27.2812
    endloop
  endfacet
  facet normal 0.165319 -0.688647 -0.705999
    outer loop
      vertex 0.35686 -2.25313 23.0517
      vertex 0.371847 -1.96545 22.7746
      vertex 0.704935 -2.16957 23.0517
    endloop
  endfacet
  facet normal 0.165206 -0.688657 -0.706016
    outer loop
      vertex 0.35686 -2.25313 23.0517
      vertex 0.32664 -2.00131 22.799
      vertex 0.371847 -1.96545 22.7746
    endloop
  endfacet
  facet normal 0.170378 -0.68772 -0.7057
    outer loop
      vertex 0.32664 -2.00131 22.799
      vertex 0.35686 -2.25313 23.0517
      vertex 0.317887 -2.00707 22.8025
    endloop
  endfacet
  facet normal 0.341171 -0.823699 -0.452905
    outer loop
      vertex 0.856483 -2.63598 23.8519
      vertex 0.790441 -2.43273 23.4325
      vertex 1.2583 -2.46955 23.8519
    endloop
  endfacet
  facet normal 0.36405 -0.878938 -0.308117
    outer loop
      vertex 0.901436 -2.77434 24.2997
      vertex 0.856483 -2.63598 23.8519
      vertex 1.2583 -2.46955 23.8519
    endloop
  endfacet
  facet normal -0.341171 -0.823699 -0.452905
    outer loop
      vertex -0.856483 -2.63598 23.8519
      vertex -1.2583 -2.46955 23.8519
      vertex -0.790441 -2.43273 23.4325
    endloop
  endfacet
  facet normal -0.36405 -0.878938 -0.308117
    outer loop
      vertex -0.901436 -2.77434 24.2997
      vertex -1.2583 -2.46955 23.8519
      vertex -0.856483 -2.63598 23.8519
    endloop
  endfacet
  facet normal -0.309927 -0.748192 -0.586646
    outer loop
      vertex -0.790441 -2.43273 23.4325
      vertex -1.16127 -2.27912 23.4325
      vertex -0.704935 -2.16957 23.0517
    endloop
  endfacet
  facet normal -0.189051 -0.787468 -0.586647
    outer loop
      vertex -0.400146 -2.52643 23.4325
      vertex -0.790441 -2.43273 23.4325
      vertex -0.704935 -2.16957 23.0517
    endloop
  endfacet
  facet normal -0.0635494 -0.807342 -0.586652
    outer loop
      vertex 0 -2.28122 23.0517
      vertex -0.400146 -2.52643 23.4325
      vertex -0.35686 -2.25313 23.0517
    endloop
  endfacet
  facet normal 0.165358 -0.68872 -0.705919
    outer loop
      vertex 0.704935 -2.16957 23.0517
      vertex 0.377586 -1.95984 22.7704
      vertex 0.618033 -1.90211 22.7704
    endloop
  endfacet
  facet normal 0.159308 -0.693604 -0.70252
    outer loop
      vertex 0.704935 -2.16957 23.0517
      vertex 0.373716 -1.96397 22.7736
      vertex 0.377586 -1.95984 22.7704
    endloop
  endfacet
  facet normal 0.16646 -0.687689 -0.706665
    outer loop
      vertex 0.373716 -1.96397 22.7736
      vertex 0.704935 -2.16957 23.0517
      vertex 0.371847 -1.96545 22.7746
    endloop
  endfacet
  facet normal -0.101981 0.119403 0.987594
    outer loop
      vertex -0.13835 0.190424 27.9908
      vertex -0.411647 0.566584 27.9171
      vertex -0.166436 0.166436 27.9908
    endloop
  endfacet
  facet normal 0.0820444 -0.133888 0.987594
    outer loop
      vertex 0.411647 -0.566584 27.9171
      vertex 0.106858 -0.209723 27.9908
      vertex 0.317945 -0.624003 27.9171
    endloop
  endfacet
  facet normal -0.301374 -0.0723518 0.950757
    outer loop
      vertex -0.691713 -0.109556 27.9171
      vertex -1.09186 -0.354767 27.7716
      vertex -0.666059 -0.216415 27.9171
    endloop
  endfacet
  facet normal -0.133888 0.0820444 0.987594
    outer loop
      vertex -0.566584 0.411647 27.9171
      vertex -0.624003 0.317945 27.9171
      vertex -0.209723 0.106858 27.9908
    endloop
  endfacet
  facet normal 0.119403 -0.101981 0.987594
    outer loop
      vertex 0.190424 -0.13835 27.9908
      vertex 0.166436 -0.166436 27.9908
      vertex 0.566584 -0.411647 27.9171
    endloop
  endfacet
  facet normal -0.119403 -0.101981 0.987594
    outer loop
      vertex -0.190424 -0.13835 27.9908
      vertex -0.566584 -0.411647 27.9171
      vertex -0.166436 -0.166436 27.9908
    endloop
  endfacet
  facet normal -0.0820479 0.133885 0.987594
    outer loop
      vertex -0.106858 0.209723 27.9908
      vertex -0.411647 0.566584 27.9171
      vertex -0.13835 0.190424 27.9908
    endloop
  endfacet
  facet normal 0.0820479 0.133885 0.987594
    outer loop
      vertex 0.411647 0.566584 27.9171
      vertex 0.106858 0.209723 27.9908
      vertex 0.13835 0.190424 27.9908
    endloop
  endfacet
  facet normal 0.152688 -0.0366563 0.987594
    outer loop
      vertex 0.691713 -0.109556 27.9171
      vertex 0.223857 -0.0727348 27.9908
      vertex 0.666059 -0.216415 27.9171
    endloop
  endfacet
  facet normal 0.453663 -0.0357069 0.890458
    outer loop
      vertex 1.5675 0 27.5579
      vertex 1.13391 -0.179594 27.7716
      vertex 1.5482 -0.24521 27.5579
    endloop
  endfacet
  facet normal 0.308981 -0.0243195 0.950757
    outer loop
      vertex 0.700336 0 27.9171
      vertex 0.691713 -0.109556 27.9171
      vertex 1.14805 0 27.7716
    endloop
  endfacet
  facet normal 0.133885 0.0820479 0.987594
    outer loop
      vertex 0.566584 0.411647 27.9171
      vertex 0.190424 0.13835 27.9908
      vertex 0.209723 0.106858 27.9908
    endloop
  endfacet
  facet normal 0.453663 0.0357069 0.890458
    outer loop
      vertex 1.5482 0.24521 27.5579
      vertex 1.13391 0.179594 27.7716
      vertex 1.5675 0 27.5579
    endloop
  endfacet
  facet normal 0.442495 0.10622 0.890458
    outer loop
      vertex 1.5482 0.24521 27.5579
      vertex 1.09186 0.354767 27.7716
      vertex 1.13391 0.179594 27.7716
    endloop
  endfacet
  facet normal 0.264266 0.161938 0.950757
    outer loop
      vertex 1.02292 0.521203 27.7716
      vertex 0.566584 0.411647 27.9171
      vertex 0.624003 0.317945 27.9171
    endloop
  endfacet
  facet normal 0.308983 0.0243272 0.950756
    outer loop
      vertex 1.13391 0.179594 27.7716
      vertex 0.691713 0.109556 27.9171
      vertex 1.14805 0 27.7716
    endloop
  endfacet
  facet normal 0.11861 0.286343 0.950757
    outer loop
      vertex 0.354767 1.09186 27.7716
      vertex 0.216415 0.666059 27.9171
      vertex 0.317945 0.624003 27.9171
    endloop
  endfacet
  facet normal -0.0123212 0.156542 0.987594
    outer loop
      vertex 0 0.700336 27.9171
      vertex -0.109556 0.691713 27.9171
      vertex -0.0368204 0.232479 27.9908
    endloop
  endfacet
  facet normal -0.0820444 -0.133888 0.987594
    outer loop
      vertex -0.106858 -0.209723 27.9908
      vertex -0.411647 -0.566584 27.9171
      vertex -0.317945 -0.624003 27.9171
    endloop
  endfacet
  facet normal -0.382496 -0.447865 0.808154
    outer loop
      vertex -1.10839 -1.10839 27.5579
      vertex -1.37769 -1.37769 27.2812
      vertex -0.92135 -1.26813 27.5579
    endloop
  endfacet
  facet normal -0.20129 -0.235676 0.950757
    outer loop
      vertex -0.411647 -0.566584 27.9171
      vertex -0.811793 -0.811793 27.7716
      vertex -0.674807 -0.928792 27.7716
    endloop
  endfacet
  facet normal -0.271032 -0.654314 0.705985
    outer loop
      vertex -0.602071 -1.85299 27.2812
      vertex -1.03565 -2.03258 26.9483
      vertex -0.704935 -2.16957 26.9483
    endloop
  endfacet
  facet normal -0.370056 -0.603859 0.705983
    outer loop
      vertex -0.884529 -1.73599 27.2812
      vertex -1.14521 -1.57624 27.2812
      vertex -1.03565 -2.03258 26.9483
    endloop
  endfacet
  facet normal -0.617846 -0.723425 -0.308097
    outer loop
      vertex -1.71463 -2.35999 24.2997
      vertex -2.06271 -2.06271 24.2997
      vertex -1.62913 -2.2423 23.8519
    endloop
  endfacet
  facet normal -0.525958 -0.615803 0.586648
    outer loop
      vertex -1.34087 -1.84554 26.9483
      vertex -1.80872 -1.80872 26.5675
      vertex -1.50351 -2.0694 26.5675
    endloop
  endfacet
  facet normal -0.579055 -0.677969 0.452829
    outer loop
      vertex -1.50351 -2.0694 26.5675
      vertex -1.95984 -1.95984 26.148
      vertex -1.62913 -2.2423 26.148
    endloop
  endfacet
  facet normal -0.189051 -0.787468 0.586647
    outer loop
      vertex -0.704935 -2.16957 26.9483
      vertex -0.790441 -2.43273 26.5675
      vertex -0.400146 -2.52643 26.5675
    endloop
  endfacet
  facet normal -0.309927 -0.748192 0.586646
    outer loop
      vertex -0.704935 -2.16957 26.9483
      vertex -1.16127 -2.27912 26.5675
      vertex -0.790441 -2.43273 26.5675
    endloop
  endfacet
  facet normal -0.823716 -0.341211 0.452844
    outer loop
      vertex -2.43273 -0.790441 26.5675
      vertex -2.46955 -1.2583 26.148
      vertex -2.27912 -1.16127 26.5675
    endloop
  endfacet
  facet normal -0.823739 -0.341187 0.452819
    outer loop
      vertex -2.43273 -0.790441 26.5675
      vertex -2.63598 -0.856483 26.148
      vertex -2.46955 -1.2583 26.148
    endloop
  endfacet
  facet normal -0.465824 -0.760173 -0.45293
    outer loop
      vertex -1.2583 -2.46955 23.8519
      vertex -1.50351 -2.0694 23.4325
      vertex -1.16127 -2.27912 23.4325
    endloop
  endfacet
  facet normal -0.465843 -0.76017 -0.452915
    outer loop
      vertex -1.2583 -2.46955 23.8519
      vertex -1.62913 -2.2423 23.8519
      vertex -1.50351 -2.0694 23.4325
    endloop
  endfacet
  facet normal -0.690508 -0.423134 -0.586648
    outer loop
      vertex -2.0694 -1.50351 23.4325
      vertex -2.27912 -1.16127 23.4325
      vertex -1.84554 -1.34087 23.0517
    endloop
  endfacet
  facet normal -0.690507 -0.423145 -0.586642
    outer loop
      vertex -1.84554 -1.34087 23.0517
      vertex -2.27912 -1.16127 23.4325
      vertex -2.03258 -1.03565 23.0517
    endloop
  endfacet
  facet normal -0.654314 0.271032 0.705985
    outer loop
      vertex -2.03258 1.03565 26.9483
      vertex -2.16957 0.704935 26.9483
      vertex -1.85299 0.602071 27.2812
    endloop
  endfacet
  facet normal -0.68866 0.165329 0.705985
    outer loop
      vertex -1.85299 0.602071 27.2812
      vertex -2.16957 0.704935 26.9483
      vertex -1.92436 0.304788 27.2812
    endloop
  endfacet
  facet normal -0.787468 0.189051 0.586647
    outer loop
      vertex -2.43273 0.790441 26.5675
      vertex -2.52643 0.400146 26.5675
      vertex -2.16957 0.704935 26.9483
    endloop
  endfacet
  facet normal -0.925042 0.222085 0.30818
    outer loop
      vertex -2.77434 0.901436 25.7003
      vertex -2.8812 0.456336 25.7003
      vertex -2.63598 0.856483 26.148
    endloop
  endfacet
  facet normal -0.960469 0.23059 0.155972
    outer loop
      vertex -2.77434 0.901436 25.7003
      vertex -2.95393 0.467856 25.2354
      vertex -2.8812 0.456336 25.7003
    endloop
  endfacet
  facet normal -0.984717 0.0774894 0.155972
    outer loop
      vertex -2.8812 0.456336 25.7003
      vertex -2.95393 0.467856 25.2354
      vertex -2.91711 0 25.7003
    endloop
  endfacet
  facet normal -0.925042 0.222082 0.308182
    outer loop
      vertex -2.63598 0.856483 26.148
      vertex -2.8812 0.456336 25.7003
      vertex -2.73751 0.433579 26.148
    endloop
  endfacet
  facet normal -0.866967 0.20814 0.45282
    outer loop
      vertex -2.63598 0.856483 26.148
      vertex -2.73751 0.433579 26.148
      vertex -2.52643 0.400146 26.5675
    endloop
  endfacet
  facet normal -0.615803 0.525958 0.586648
    outer loop
      vertex -1.80872 1.80872 26.5675
      vertex -2.0694 1.50351 26.5675
      vertex -1.84554 1.34087 26.9483
    endloop
  endfacet
  facet normal -0.723388 0.617847 0.308181
    outer loop
      vertex -2.06271 2.06271 25.7003
      vertex -2.2423 1.62913 26.148
      vertex -1.95984 1.95984 26.148
    endloop
  endfacet
  facet normal -0.751097 0.641503 0.155975
    outer loop
      vertex -2.11478 2.11478 25.2354
      vertex -2.41957 1.75792 25.2354
      vertex -2.06271 2.06271 25.7003
    endloop
  endfacet
  facet normal -0.751106 0.641487 0.155992
    outer loop
      vertex -2.06271 2.06271 25.7003
      vertex -2.41957 1.75792 25.2354
      vertex -2.35999 1.71463 25.7003
    endloop
  endfacet
  facet normal 0.133888 -0.0820444 0.987594
    outer loop
      vertex 0.624003 -0.317945 27.9171
      vertex 0.209723 -0.106858 27.9908
      vertex 0.566584 -0.411647 27.9171
    endloop
  endfacet
  facet normal 0.0123166 -0.156542 0.987595
    outer loop
      vertex 0 -0.235376 27.9908
      vertex 0 -0.700336 27.9171
      vertex 0.0368204 -0.232479 27.9908
    endloop
  endfacet
  facet normal -0.0600905 0.145074 0.987594
    outer loop
      vertex -0.0727348 0.223857 27.9908
      vertex -0.317945 0.624003 27.9171
      vertex -0.106858 0.209723 27.9908
    endloop
  endfacet
  facet normal -0.11861 0.286343 0.950757
    outer loop
      vertex -0.216415 0.666059 27.9171
      vertex -0.354767 1.09186 27.7716
      vertex -0.317945 0.624003 27.9171
    endloop
  endfacet
  facet normal -0.264265 0.161941 0.950757
    outer loop
      vertex -0.928792 0.674807 27.7716
      vertex -1.02292 0.521203 27.7716
      vertex -0.566584 0.411647 27.9171
    endloop
  endfacet
  facet normal -0.388013 0.237773 0.890455
    outer loop
      vertex -0.928792 0.674807 27.7716
      vertex -1.39665 0.711628 27.5579
      vertex -1.02292 0.521203 27.7716
    endloop
  endfacet
  facet normal -0.145073 0.0600925 0.987594
    outer loop
      vertex -0.624003 0.317945 27.9171
      vertex -0.666059 0.216415 27.9171
      vertex -0.223857 0.0727348 27.9908
    endloop
  endfacet
  facet normal -0.286343 0.11861 0.950757
    outer loop
      vertex -0.624003 0.317945 27.9171
      vertex -1.09186 0.354767 27.7716
      vertex -0.666059 0.216415 27.9171
    endloop
  endfacet
  facet normal 0.925062 -0.22209 -0.308118
    outer loop
      vertex 2.77434 -0.901436 24.2997
      vertex 2.63598 -0.856483 23.8519
      vertex 2.8812 -0.456336 24.2997
    endloop
  endfacet
  facet normal 0.787468 -0.189051 -0.586647
    outer loop
      vertex 2.43273 -0.790441 23.4325
      vertex 2.16957 -0.704935 23.0517
      vertex 2.52643 -0.400146 23.4325
    endloop
  endfacet
  facet normal 0.603931 0.370071 -0.705914
    outer loop
      vertex 2.03258 1.03565 23.0517
      vertex 1.78201 0.907981 22.7704
      vertex 1.64706 1.12821 22.7704
    endloop
  endfacet
  facet normal 0.654373 0.271072 -0.705915
    outer loop
      vertex 1.88086 0.669355 22.7704
      vertex 1.78201 0.907981 22.7704
      vertex 2.03258 1.03565 23.0517
    endloop
  endfacet
  facet normal 0.842203 -0.516103 -0.155988
    outer loop
      vertex 2.66478 -1.35777 24.7646
      vertex 2.35999 -1.71463 24.2997
      vertex 2.59916 -1.32434 24.2997
    endloop
  endfacet
  facet normal 0.811166 -0.497083 -0.30809
    outer loop
      vertex 2.59916 -1.32434 24.2997
      vertex 2.35999 -1.71463 24.2997
      vertex 2.46955 -1.2583 23.8519
    endloop
  endfacet
  facet normal 0.538595 -0.46 -0.705915
    outer loop
      vertex 1.61803 -1.17557 22.7704
      vertex 1.84554 -1.34087 23.0517
      vertex 1.45029 -1.37197 22.7704
    endloop
  endfacet
  facet normal 0.615799 -0.525959 -0.58665
    outer loop
      vertex 1.80872 -1.80872 23.4325
      vertex 1.61306 -1.61306 23.0517
      vertex 1.84554 -1.34087 23.0517
    endloop
  endfacet
  facet normal 0.460032 -0.538574 -0.70591
    outer loop
      vertex 1.61306 -1.61306 23.0517
      vertex 1.37197 -1.45029 22.7704
      vertex 1.41421 -1.41421 22.7704
    endloop
  endfacet
  facet normal 0.460016 -0.538591 -0.705907
    outer loop
      vertex 1.37197 -1.45029 22.7704
      vertex 1.61306 -1.61306 23.0517
      vertex 1.34087 -1.84554 23.0517
    endloop
  endfacet
  facet normal 0.46 -0.538595 -0.705915
    outer loop
      vertex 1.34087 -1.84554 23.0517
      vertex 1.17557 -1.61803 22.7704
      vertex 1.37197 -1.45029 22.7704
    endloop
  endfacet
  facet normal 0.30774 -0.502177 0.808155
    outer loop
      vertex 0.92135 -1.26813 27.5579
      vertex 0.711628 -1.39665 27.5579
      vertex 1.14521 -1.57624 27.2812
    endloop
  endfacet
  facet normal 0.295539 -0.346047 0.890454
    outer loop
      vertex 1.10839 -1.10839 27.5579
      vertex 0.674807 -0.928792 27.7716
      vertex 0.92135 -1.26813 27.5579
    endloop
  endfacet
  facet normal 0.459971 -0.538539 0.705976
    outer loop
      vertex 1.37769 -1.37769 27.2812
      vertex 1.34087 -1.84554 26.9483
      vertex 1.61306 -1.61306 26.9483
    endloop
  endfacet
  facet normal 0.677969 -0.579055 0.452829
    outer loop
      vertex 2.0694 -1.50351 26.5675
      vertex 1.95984 -1.95984 26.148
      vertex 2.2423 -1.62913 26.148
    endloop
  endfacet
  facet normal 0.370056 -0.603859 0.705983
    outer loop
      vertex 1.14521 -1.57624 27.2812
      vertex 0.884529 -1.73599 27.2812
      vertex 1.03565 -2.03258 26.9483
    endloop
  endfacet
  facet normal 0.459946 -0.538545 0.705988
    outer loop
      vertex 1.37769 -1.37769 27.2812
      vertex 1.14521 -1.57624 27.2812
      vertex 1.34087 -1.84554 26.9483
    endloop
  endfacet
  facet normal 0.271032 -0.654314 0.705985
    outer loop
      vertex 1.03565 -2.03258 26.9483
      vertex 0.602071 -1.85299 27.2812
      vertex 0.704935 -2.16957 26.9483
    endloop
  endfacet
  facet normal 0.309921 -0.748198 0.586642
    outer loop
      vertex 1.03565 -2.03258 26.9483
      vertex 0.704935 -2.16957 26.9483
      vertex 1.16127 -2.27912 26.5675
    endloop
  endfacet
  facet normal 0.161938 -0.264266 0.950757
    outer loop
      vertex 0.411647 -0.566584 27.9171
      vertex 0.317945 -0.624003 27.9171
      vertex 0.521203 -1.02292 27.7716
    endloop
  endfacet
  facet normal 0.118607 -0.286344 0.950757
    outer loop
      vertex 0.521203 -1.02292 27.7716
      vertex 0.317945 -0.624003 27.9171
      vertex 0.354767 -1.09186 27.7716
    endloop
  endfacet
  facet normal 0.0600925 -0.145073 0.987594
    outer loop
      vertex 0.317945 -0.624003 27.9171
      vertex 0.0727348 -0.223857 27.9908
      vertex 0.216415 -0.666059 27.9171
    endloop
  endfacet
  facet normal 0.0366563 -0.152688 0.987594
    outer loop
      vertex 0.216415 -0.666059 27.9171
      vertex 0.0727348 -0.223857 27.9908
      vertex 0.109556 -0.691713 27.9171
    endloop
  endfacet
  facet normal 0.0357186 -0.453666 0.890456
    outer loop
      vertex 0 -1.14805 27.7716
      vertex 0 -1.5675 27.5579
      vertex 0.179594 -1.13391 27.7716
    endloop
  endfacet
  facet normal 0.10622 -0.442495 0.890458
    outer loop
      vertex 0.354767 -1.09186 27.7716
      vertex 0.179594 -1.13391 27.7716
      vertex 0.24521 -1.5482 27.5579
    endloop
  endfacet
  facet normal 0.145073 -0.0600925 0.987594
    outer loop
      vertex 0.666059 -0.216415 27.9171
      vertex 0.223857 -0.0727348 27.9908
      vertex 0.624003 -0.317945 27.9171
    endloop
  endfacet
  facet normal 0.286343 -0.11861 0.950757
    outer loop
      vertex 0.666059 -0.216415 27.9171
      vertex 0.624003 -0.317945 27.9171
      vertex 1.09186 -0.354767 27.7716
    endloop
  endfacet
  facet normal 0.201289 -0.235677 0.950757
    outer loop
      vertex 0.495212 -0.495212 27.9171
      vertex 0.411647 -0.566584 27.9171
      vertex 0.811793 -0.811793 27.7716
    endloop
  endfacet
  facet normal 0.20129 -0.235676 0.950757
    outer loop
      vertex 0.811793 -0.811793 27.7716
      vertex 0.411647 -0.566584 27.9171
      vertex 0.674807 -0.928792 27.7716
    endloop
  endfacet
  facet normal -0.271032 0.654314 0.705985
    outer loop
      vertex -0.704935 2.16957 26.9483
      vertex -1.03565 2.03258 26.9483
      vertex -0.602071 1.85299 27.2812
    endloop
  endfacet
  facet normal 0.271032 0.654314 0.705985
    outer loop
      vertex 0.704935 2.16957 26.9483
      vertex 0.602071 1.85299 27.2812
      vertex 1.03565 2.03258 26.9483
    endloop
  endfacet
  facet normal 0.145073 0.0600925 0.987594
    outer loop
      vertex 0.624003 0.317945 27.9171
      vertex 0.223857 0.0727348 27.9908
      vertex 0.666059 0.216415 27.9171
    endloop
  endfacet
  facet normal 0.286343 0.11861 0.950757
    outer loop
      vertex 1.09186 0.354767 27.7716
      vertex 0.624003 0.317945 27.9171
      vertex 0.666059 0.216415 27.9171
    endloop
  endfacet
  facet normal 0.225392 0.544134 0.808156
    outer loop
      vertex 0.884529 1.73599 27.2812
      vertex 0.602071 1.85299 27.2812
      vertex 0.711628 1.39665 27.5579
    endloop
  endfacet
  facet normal 0.370056 0.603859 0.705983
    outer loop
      vertex 1.03565 2.03258 26.9483
      vertex 0.884529 1.73599 27.2812
      vertex 1.14521 1.57624 27.2812
    endloop
  endfacet
  facet normal 0.161938 0.264266 0.950757
    outer loop
      vertex 0.521203 1.02292 27.7716
      vertex 0.317945 0.624003 27.9171
      vertex 0.411647 0.566584 27.9171
    endloop
  endfacet
  facet normal 0.161941 0.264265 0.950757
    outer loop
      vertex 0.521203 1.02292 27.7716
      vertex 0.411647 0.566584 27.9171
      vertex 0.674807 0.928792 27.7716
    endloop
  endfacet
  facet normal -0.538574 0.460032 -0.70591
    outer loop
      vertex -1.45029 1.37197 22.7704
      vertex -1.61306 1.61306 23.0517
      vertex -1.41421 1.41421 22.7704
    endloop
  endfacet
  facet normal -0.538591 0.460016 -0.705907
    outer loop
      vertex -1.61306 1.61306 23.0517
      vertex -1.45029 1.37197 22.7704
      vertex -1.84554 1.34087 23.0517
    endloop
  endfacet
  facet normal -0.615799 0.525959 -0.58665
    outer loop
      vertex -1.61306 1.61306 23.0517
      vertex -1.84554 1.34087 23.0517
      vertex -1.80872 1.80872 23.4325
    endloop
  endfacet
  facet normal -0.787466 0.189042 -0.586652
    outer loop
      vertex -2.25313 0.35686 23.0517
      vertex -2.52643 0.400146 23.4325
      vertex -2.16957 0.704935 23.0517
    endloop
  endfacet
  facet normal -0.693604 0.159308 -0.70252
    outer loop
      vertex -2.16957 0.704935 23.0517
      vertex -1.95984 0.377586 22.7704
      vertex -1.96397 0.373716 22.7736
    endloop
  endfacet
  facet normal -0.687689 0.16646 -0.706665
    outer loop
      vertex -2.16957 0.704935 23.0517
      vertex -1.96397 0.373716 22.7736
      vertex -1.96545 0.371847 22.7746
    endloop
  endfacet
  facet normal -0.68872 0.165358 -0.705919
    outer loop
      vertex -1.95984 0.377586 22.7704
      vertex -2.16957 0.704935 23.0517
      vertex -1.90211 0.618033 22.7704
    endloop
  endfacet
  facet normal -0.237773 0.388013 0.890455
    outer loop
      vertex -0.521203 1.02292 27.7716
      vertex -0.711628 1.39665 27.5579
      vertex -0.674807 0.928792 27.7716
    endloop
  endfacet
  facet normal -0.237778 0.388012 0.890454
    outer loop
      vertex -0.711628 1.39665 27.5579
      vertex -0.92135 1.26813 27.5579
      vertex -0.674807 0.928792 27.7716
    endloop
  endfacet
  facet normal -0.295546 0.346034 0.890457
    outer loop
      vertex -0.674807 0.928792 27.7716
      vertex -1.10839 1.10839 27.5579
      vertex -0.811793 0.811793 27.7716
    endloop
  endfacet
  facet normal -0.346034 0.295546 0.890457
    outer loop
      vertex -0.811793 0.811793 27.7716
      vertex -1.10839 1.10839 27.5579
      vertex -0.928792 0.674807 27.7716
    endloop
  endfacet
  facet normal -0.603859 0.370056 0.705983
    outer loop
      vertex -1.57624 1.14521 27.2812
      vertex -2.03258 1.03565 26.9483
      vertex -1.73599 0.884529 27.2812
    endloop
  endfacet
  facet normal -0.502175 0.307742 0.808156
    outer loop
      vertex -1.57624 1.14521 27.2812
      vertex -1.73599 0.884529 27.2812
      vertex -1.39665 0.711628 27.5579
    endloop
  endfacet
  facet normal 0.0635354 0.80735 0.586643
    outer loop
      vertex 0 2.55792 26.5675
      vertex 0 2.28122 26.9483
      vertex 0.400146 2.52643 26.5675
    endloop
  endfacet
  facet normal -0.0243272 0.308983 0.950756
    outer loop
      vertex 0 1.14805 27.7716
      vertex -0.179594 1.13391 27.7716
      vertex -0.109556 0.691713 27.9171
    endloop
  endfacet
  facet normal -0.0357069 0.453663 0.890458
    outer loop
      vertex 0 1.5675 27.5579
      vertex -0.24521 1.5482 27.5579
      vertex -0.179594 1.13391 27.7716
    endloop
  endfacet
  facet normal -0.0555493 0.706036 0.705994
    outer loop
      vertex 0 2.28122 26.9483
      vertex -0.304788 1.92436 27.2812
      vertex 0 1.94834 27.2812
    endloop
  endfacet
  facet normal 0.0699671 0.888845 0.452834
    outer loop
      vertex 0 2.77164 26.148
      vertex 0 2.55792 26.5675
      vertex 0.433579 2.73751 26.148
    endloop
  endfacet
  facet normal 0.0746551 0.9484 0.308161
    outer loop
      vertex 0 2.91711 25.7003
      vertex 0 2.77164 26.148
      vertex 0.433579 2.73751 26.148
    endloop
  endfacet
  facet normal -0.341187 0.823739 0.452819
    outer loop
      vertex -0.856483 2.63598 26.148
      vertex -1.2583 2.46955 26.148
      vertex -0.790441 2.43273 26.5675
    endloop
  endfacet
  facet normal -0.341211 0.823716 0.452844
    outer loop
      vertex -0.790441 2.43273 26.5675
      vertex -1.2583 2.46955 26.148
      vertex -1.16127 2.27912 26.5675
    endloop
  endfacet
  facet normal -0.706132 0.055723 -0.705884
    outer loop
      vertex -2.08339 0.13174 22.8642
      vertex -2.28122 0 23.0517
      vertex -2.06995 0.180444 22.8546
    endloop
  endfacet
  facet normal -0.705984 0.0552335 -0.706071
    outer loop
      vertex -2.09468 0.0666904 22.8704
      vertex -2.28122 0 23.0517
      vertex -2.08339 0.13174 22.8642
    endloop
  endfacet
  facet normal -0.706033 0.0555803 -0.705994
    outer loop
      vertex -2.28122 0 23.0517
      vertex -2.09468 0.0666904 22.8704
      vertex -2.09993 0 22.8704
    endloop
  endfacet
  facet normal -0.706033 -0.0555803 -0.705994
    outer loop
      vertex -2.09468 -0.0666904 22.8704
      vertex -2.28122 0 23.0517
      vertex -2.09993 0 22.8704
    endloop
  endfacet
  facet normal -0.705984 -0.0552335 -0.706071
    outer loop
      vertex -2.08339 -0.13174 22.8642
      vertex -2.28122 0 23.0517
      vertex -2.09468 -0.0666904 22.8704
    endloop
  endfacet
  facet normal -0.706132 -0.055723 -0.705884
    outer loop
      vertex -2.28122 0 23.0517
      vertex -2.08339 -0.13174 22.8642
      vertex -2.06995 -0.180444 22.8546
    endloop
  endfacet
  facet normal -0.823699 -0.341171 -0.452905
    outer loop
      vertex -2.46955 -1.2583 23.8519
      vertex -2.63598 -0.856483 23.8519
      vertex -2.43273 -0.790441 23.4325
    endloop
  endfacet
  facet normal -0.866926 -0.208127 -0.452904
    outer loop
      vertex -2.43273 -0.790441 23.4325
      vertex -2.63598 -0.856483 23.8519
      vertex -2.52643 -0.400146 23.4325
    endloop
  endfacet
  facet normal -0.237778 -0.388012 0.890454
    outer loop
      vertex -0.674807 -0.928792 27.7716
      vertex -0.92135 -1.26813 27.5579
      vertex -0.711628 -1.39665 27.5579
    endloop
  endfacet
  facet normal -0.13749 -0.572696 0.808156
    outer loop
      vertex -0.24521 -1.5482 27.5579
      vertex -0.602071 -1.85299 27.2812
      vertex -0.304788 -1.92436 27.2812
    endloop
  endfacet
  facet normal -0.0462137 -0.587153 0.808156
    outer loop
      vertex -0.24521 -1.5482 27.5579
      vertex -0.304788 -1.92436 27.2812
      vertex 0 -1.5675 27.5579
    endloop
  endfacet
  facet normal -0.0357069 -0.453663 0.890458
    outer loop
      vertex -0.179594 -1.13391 27.7716
      vertex -0.24521 -1.5482 27.5579
      vertex 0 -1.5675 27.5579
    endloop
  endfacet
  facet normal 0.0635494 -0.807342 -0.586652
    outer loop
      vertex 0.400146 -2.52643 23.4325
      vertex 0 -2.28122 23.0517
      vertex 0.35686 -2.25313 23.0517
    endloop
  endfacet
  facet normal 0.222087 -0.925062 -0.30812
    outer loop
      vertex 0.456336 -2.8812 24.2997
      vertex 0.433579 -2.73751 23.8519
      vertex 0.856483 -2.63598 23.8519
    endloop
  endfacet
  facet normal 0.0746327 -0.948415 -0.30812
    outer loop
      vertex 0.456336 -2.8812 24.2997
      vertex 0 -2.91711 24.2997
      vertex 0.433579 -2.73751 23.8519
    endloop
  endfacet
  facet normal -0.0555803 -0.706033 -0.705994
    outer loop
      vertex 0 -2.28122 23.0517
      vertex -0.0666904 -2.09468 22.8704
      vertex 0 -2.09993 22.8704
    endloop
  endfacet
  facet normal -0.0552335 -0.705984 -0.706071
    outer loop
      vertex 0 -2.28122 23.0517
      vertex -0.13174 -2.08339 22.8642
      vertex -0.0666904 -2.09468 22.8704
    endloop
  endfacet
  facet normal -0.055723 -0.706132 -0.705884
    outer loop
      vertex -0.13174 -2.08339 22.8642
      vertex 0 -2.28122 23.0517
      vertex -0.180444 -2.06995 22.8546
    endloop
  endfacet
  facet normal 0.271072 -0.654373 -0.705915
    outer loop
      vertex 1.03565 -2.03258 23.0517
      vertex 0.669355 -1.88086 22.7704
      vertex 0.907981 -1.78201 22.7704
    endloop
  endfacet
  facet normal -0.133885 0.0820479 0.987594
    outer loop
      vertex -0.190424 0.13835 27.9908
      vertex -0.566584 0.411647 27.9171
      vertex -0.209723 0.106858 27.9908
    endloop
  endfacet
  facet normal 0.0820479 -0.133885 0.987594
    outer loop
      vertex 0.13835 -0.190424 27.9908
      vertex 0.106858 -0.209723 27.9908
      vertex 0.411647 -0.566584 27.9171
    endloop
  endfacet
  facet normal -0.286343 -0.11861 0.950757
    outer loop
      vertex -0.666059 -0.216415 27.9171
      vertex -1.09186 -0.354767 27.7716
      vertex -0.624003 -0.317945 27.9171
    endloop
  endfacet
  facet normal 0.152688 -0.0366559 0.987594
    outer loop
      vertex 0.232479 -0.0368204 27.9908
      vertex 0.223857 -0.0727348 27.9908
      vertex 0.691713 -0.109556 27.9171
    endloop
  endfacet
  facet normal 0.101981 -0.119403 0.987594
    outer loop
      vertex 0.166436 -0.166436 27.9908
      vertex 0.13835 -0.190424 27.9908
      vertex 0.411647 -0.566584 27.9171
    endloop
  endfacet
  facet normal -0.119403 0.101981 0.987594
    outer loop
      vertex -0.166436 0.166436 27.9908
      vertex -0.566584 0.411647 27.9171
      vertex -0.190424 0.13835 27.9908
    endloop
  endfacet
  facet normal 0.156542 -0.0123212 0.987594
    outer loop
      vertex 0.700336 0 27.9171
      vertex 0.232479 -0.0368204 27.9908
      vertex 0.691713 -0.109556 27.9171
    endloop
  endfacet
  facet normal 0.156542 -0.0123166 0.987595
    outer loop
      vertex 0.235376 0 27.9908
      vertex 0.232479 -0.0368204 27.9908
      vertex 0.700336 0 27.9171
    endloop
  endfacet
  facet normal 0.301377 -0.0723452 0.950756
    outer loop
      vertex 1.13391 -0.179594 27.7716
      vertex 0.691713 -0.109556 27.9171
      vertex 1.09186 -0.354767 27.7716
    endloop
  endfacet
  facet normal 0.442495 -0.10622 0.890458
    outer loop
      vertex 1.13391 -0.179594 27.7716
      vertex 1.09186 -0.354767 27.7716
      vertex 1.5482 -0.24521 27.5579
    endloop
  endfacet
  facet normal 0.152688 0.0366563 0.987594
    outer loop
      vertex 0.666059 0.216415 27.9171
      vertex 0.223857 0.0727348 27.9908
      vertex 0.691713 0.109556 27.9171
    endloop
  endfacet
  facet normal 0.152688 0.0366559 0.987594
    outer loop
      vertex 0.691713 0.109556 27.9171
      vertex 0.223857 0.0727348 27.9908
      vertex 0.232479 0.0368204 27.9908
    endloop
  endfacet
  facet normal 0.201289 0.235677 0.950757
    outer loop
      vertex 0.811793 0.811793 27.7716
      vertex 0.411647 0.566584 27.9171
      vertex 0.495212 0.495212 27.9171
    endloop
  endfacet
  facet normal 0.0123166 0.156542 0.987595
    outer loop
      vertex 0 0.700336 27.9171
      vertex 0 0.235376 27.9908
      vertex 0.0368204 0.232479 27.9908
    endloop
  endfacet
  facet normal 0.0366559 0.152688 0.987594
    outer loop
      vertex 0.109556 0.691713 27.9171
      vertex 0.0368204 0.232479 27.9908
      vertex 0.0727348 0.223857 27.9908
    endloop
  endfacet
  facet normal -0.388013 -0.237773 0.890455
    outer loop
      vertex -1.02292 -0.521203 27.7716
      vertex -1.39665 -0.711628 27.5579
      vertex -0.928792 -0.674807 27.7716
    endloop
  endfacet
  facet normal -0.388012 -0.237778 0.890454
    outer loop
      vertex -0.928792 -0.674807 27.7716
      vertex -1.39665 -0.711628 27.5579
      vertex -1.26813 -0.92135 27.5579
    endloop
  endfacet
  facet normal -0.346034 -0.295546 0.890457
    outer loop
      vertex -0.928792 -0.674807 27.7716
      vertex -1.10839 -1.10839 27.5579
      vertex -0.811793 -0.811793 27.7716
    endloop
  endfacet
  facet normal -0.346047 -0.295539 0.890454
    outer loop
      vertex -0.928792 -0.674807 27.7716
      vertex -1.26813 -0.92135 27.5579
      vertex -1.10839 -1.10839 27.5579
    endloop
  endfacet
  facet normal -0.225392 -0.544134 0.808156
    outer loop
      vertex -0.711628 -1.39665 27.5579
      vertex -0.884529 -1.73599 27.2812
      vertex -0.602071 -1.85299 27.2812
    endloop
  endfacet
  facet normal -0.225393 -0.544134 0.808156
    outer loop
      vertex -0.484383 -1.49078 27.5579
      vertex -0.711628 -1.39665 27.5579
      vertex -0.602071 -1.85299 27.2812
    endloop
  endfacet
  facet normal -0.377993 -0.912576 -0.155968
    outer loop
      vertex -0.924192 -2.84437 24.7646
      vertex -1.35777 -2.66478 24.7646
      vertex -0.901436 -2.77434 24.2997
    endloop
  endfacet
  facet normal -0.538539 -0.459971 0.705976
    outer loop
      vertex -1.37769 -1.37769 27.2812
      vertex -1.84554 -1.34087 26.9483
      vertex -1.61306 -1.61306 26.9483
    endloop
  endfacet
  facet normal -0.615803 -0.525958 0.586648
    outer loop
      vertex -1.84554 -1.34087 26.9483
      vertex -2.0694 -1.50351 26.5675
      vertex -1.80872 -1.80872 26.5675
    endloop
  endfacet
  facet normal -0.615799 -0.525959 -0.58665
    outer loop
      vertex -1.80872 -1.80872 23.4325
      vertex -1.84554 -1.34087 23.0517
      vertex -1.61306 -1.61306 23.0517
    endloop
  endfacet
  facet normal -0.525959 -0.615799 -0.58665
    outer loop
      vertex -1.34087 -1.84554 23.0517
      vertex -1.80872 -1.80872 23.4325
      vertex -1.61306 -1.61306 23.0517
    endloop
  endfacet
  facet normal -0.572695 0.137491 0.808156
    outer loop
      vertex -1.49078 0.484383 27.5579
      vertex -1.85299 0.602071 27.2812
      vertex -1.5482 0.24521 27.5579
    endloop
  endfacet
  facet normal -0.544134 0.225393 0.808156
    outer loop
      vertex -1.39665 0.711628 27.5579
      vertex -1.85299 0.602071 27.2812
      vertex -1.49078 0.484383 27.5579
    endloop
  endfacet
  facet normal -0.823716 0.341211 0.452844
    outer loop
      vertex -2.27912 1.16127 26.5675
      vertex -2.46955 1.2583 26.148
      vertex -2.43273 0.790441 26.5675
    endloop
  endfacet
  facet normal -0.748192 0.309927 0.586646
    outer loop
      vertex -2.27912 1.16127 26.5675
      vertex -2.43273 0.790441 26.5675
      vertex -2.16957 0.704935 26.9483
    endloop
  endfacet
  facet normal -0.677969 0.579055 0.452829
    outer loop
      vertex -1.95984 1.95984 26.148
      vertex -2.2423 1.62913 26.148
      vertex -2.0694 1.50351 26.5675
    endloop
  endfacet
  facet normal -0.723409 0.617832 0.308159
    outer loop
      vertex -2.06271 2.06271 25.7003
      vertex -2.35999 1.71463 25.7003
      vertex -2.2423 1.62913 26.148
    endloop
  endfacet
  facet normal -0.0600925 0.145073 0.987594
    outer loop
      vertex -0.216415 0.666059 27.9171
      vertex -0.317945 0.624003 27.9171
      vertex -0.0727348 0.223857 27.9908
    endloop
  endfacet
  facet normal -0.0366563 0.152688 0.987594
    outer loop
      vertex -0.109556 0.691713 27.9171
      vertex -0.216415 0.666059 27.9171
      vertex -0.0727348 0.223857 27.9908
    endloop
  endfacet
  facet normal 0.888802 0.0699637 -0.45292
    outer loop
      vertex 2.77164 0 23.8519
      vertex 2.55792 0 23.4325
      vertex 2.73751 0.433579 23.8519
    endloop
  endfacet
  facet normal 0.878938 -0.36405 -0.308117
    outer loop
      vertex 2.77434 -0.901436 24.2997
      vertex 2.46955 -1.2583 23.8519
      vertex 2.63598 -0.856483 23.8519
    endloop
  endfacet
  facet normal 0.88881 0.0699461 -0.452906
    outer loop
      vertex 2.55792 0 23.4325
      vertex 2.52643 0.400146 23.4325
      vertex 2.73751 0.433579 23.8519
    endloop
  endfacet
  facet normal 0.866925 0.20813 -0.452906
    outer loop
      vertex 2.73751 0.433579 23.8519
      vertex 2.52643 0.400146 23.4325
      vertex 2.63598 0.856483 23.8519
    endloop
  endfacet
  facet normal 0.382496 -0.447865 0.808154
    outer loop
      vertex 1.10839 -1.10839 27.5579
      vertex 0.92135 -1.26813 27.5579
      vertex 1.37769 -1.37769 27.2812
    endloop
  endfacet
  facet normal 0.447865 -0.382496 0.808154
    outer loop
      vertex 1.26813 -0.92135 27.5579
      vertex 1.10839 -1.10839 27.5579
      vertex 1.37769 -1.37769 27.2812
    endloop
  endfacet
  facet normal 0.525958 -0.615803 0.586648
    outer loop
      vertex 1.80872 -1.80872 26.5675
      vertex 1.34087 -1.84554 26.9483
      vertex 1.50351 -2.0694 26.5675
    endloop
  endfacet
  facet normal 0.579054 -0.67797 0.452828
    outer loop
      vertex 1.80872 -1.80872 26.5675
      vertex 1.50351 -2.0694 26.5675
      vertex 1.95984 -1.95984 26.148
    endloop
  endfacet
  facet normal 0.13749 -0.572696 0.808156
    outer loop
      vertex 0.602071 -1.85299 27.2812
      vertex 0.24521 -1.5482 27.5579
      vertex 0.304788 -1.92436 27.2812
    endloop
  endfacet
  facet normal 0.137491 -0.572695 0.808156
    outer loop
      vertex 0.484383 -1.49078 27.5579
      vertex 0.24521 -1.5482 27.5579
      vertex 0.602071 -1.85299 27.2812
    endloop
  endfacet
  facet normal 0.101981 0.119403 0.987594
    outer loop
      vertex 0.411647 0.566584 27.9171
      vertex 0.13835 0.190424 27.9908
      vertex 0.166436 0.166436 27.9908
    endloop
  endfacet
  facet normal 0.346034 -0.295546 0.890457
    outer loop
      vertex 0.928792 -0.674807 27.7716
      vertex 0.811793 -0.811793 27.7716
      vertex 1.10839 -1.10839 27.5579
    endloop
  endfacet
  facet normal 0.235676 -0.20129 0.950757
    outer loop
      vertex 0.928792 -0.674807 27.7716
      vertex 0.566584 -0.411647 27.9171
      vertex 0.811793 -0.811793 27.7716
    endloop
  endfacet
  facet normal -0.307742 0.502175 0.808156
    outer loop
      vertex -0.884529 1.73599 27.2812
      vertex -1.14521 1.57624 27.2812
      vertex -0.711628 1.39665 27.5579
    endloop
  endfacet
  facet normal 0.165323 0.688665 0.705981
    outer loop
      vertex 0.35686 2.25313 26.9483
      vertex 0.304788 1.92436 27.2812
      vertex 0.704935 2.16957 26.9483
    endloop
  endfacet
  facet normal 0.133888 0.0820444 0.987594
    outer loop
      vertex 0.566584 0.411647 27.9171
      vertex 0.209723 0.106858 27.9908
      vertex 0.624003 0.317945 27.9171
    endloop
  endfacet
  facet normal 0.145074 0.0600905 0.987594
    outer loop
      vertex 0.624003 0.317945 27.9171
      vertex 0.209723 0.106858 27.9908
      vertex 0.223857 0.0727348 27.9908
    endloop
  endfacet
  facet normal 0.237778 0.388012 0.890454
    outer loop
      vertex 0.711628 1.39665 27.5579
      vertex 0.674807 0.928792 27.7716
      vertex 0.92135 1.26813 27.5579
    endloop
  endfacet
  facet normal 0.30774 0.502177 0.808155
    outer loop
      vertex 1.14521 1.57624 27.2812
      vertex 0.711628 1.39665 27.5579
      vertex 0.92135 1.26813 27.5579
    endloop
  endfacet
  facet normal -0.748198 0.309921 -0.586642
    outer loop
      vertex -2.16957 0.704935 23.0517
      vertex -2.27912 1.16127 23.4325
      vertex -2.03258 1.03565 23.0517
    endloop
  endfacet
  facet normal -0.690508 0.423134 -0.586648
    outer loop
      vertex -1.84554 1.34087 23.0517
      vertex -2.27912 1.16127 23.4325
      vertex -2.0694 1.50351 23.4325
    endloop
  endfacet
  facet normal -0.603876 0.370155 -0.705917
    outer loop
      vertex -1.64706 1.12821 22.7704
      vertex -1.84554 1.34087 23.0517
      vertex -1.61803 1.17557 22.7704
    endloop
  endfacet
  facet normal -0.603929 0.37009 -0.705906
    outer loop
      vertex -1.84554 1.34087 23.0517
      vertex -1.64706 1.12821 22.7704
      vertex -2.03258 1.03565 23.0517
    endloop
  endfacet
  facet normal -0.654385 -0.271062 -0.705908
    outer loop
      vertex -2.16957 -0.704935 23.0517
      vertex -1.88086 -0.669355 22.7704
      vertex -2.03258 -1.03565 23.0517
    endloop
  endfacet
  facet normal -0.654411 -0.270961 -0.705922
    outer loop
      vertex -1.88086 -0.669355 22.7704
      vertex -2.16957 -0.704935 23.0517
      vertex -1.90211 -0.618033 22.7704
    endloop
  endfacet
  facet normal -0.68872 -0.165358 -0.705919
    outer loop
      vertex -2.16957 -0.704935 23.0517
      vertex -1.95984 -0.377586 22.7704
      vertex -1.90211 -0.618033 22.7704
    endloop
  endfacet
  facet normal -0.693604 -0.159308 -0.70252
    outer loop
      vertex -1.95984 -0.377586 22.7704
      vertex -2.16957 -0.704935 23.0517
      vertex -1.96397 -0.373716 22.7736
    endloop
  endfacet
  facet normal -0.687689 -0.16646 -0.706665
    outer loop
      vertex -1.96397 -0.373716 22.7736
      vertex -2.16957 -0.704935 23.0517
      vertex -1.96545 -0.371847 22.7746
    endloop
  endfacet
  facet normal -0.423134 0.690508 0.586648
    outer loop
      vertex -1.16127 2.27912 26.5675
      vertex -1.50351 2.0694 26.5675
      vertex -1.34087 1.84554 26.9483
    endloop
  endfacet
  facet normal -0.161941 0.264265 0.950757
    outer loop
      vertex -0.521203 1.02292 27.7716
      vertex -0.674807 0.928792 27.7716
      vertex -0.411647 0.566584 27.9171
    endloop
  endfacet
  facet normal -0.20129 0.235676 0.950757
    outer loop
      vertex -0.674807 0.928792 27.7716
      vertex -0.811793 0.811793 27.7716
      vertex -0.411647 0.566584 27.9171
    endloop
  endfacet
  facet normal -0.295539 0.346047 0.890454
    outer loop
      vertex -0.92135 1.26813 27.5579
      vertex -1.10839 1.10839 27.5579
      vertex -0.674807 0.928792 27.7716
    endloop
  endfacet
  facet normal 0.13749 0.572696 0.808156
    outer loop
      vertex 0.304788 1.92436 27.2812
      vertex 0.24521 1.5482 27.5579
      vertex 0.602071 1.85299 27.2812
    endloop
  endfacet
  facet normal -0.174148 0.420432 0.890455
    outer loop
      vertex -0.354767 1.09186 27.7716
      vertex -0.711628 1.39665 27.5579
      vertex -0.521203 1.02292 27.7716
    endloop
  endfacet
  facet normal -0.525958 0.615803 0.586648
    outer loop
      vertex -1.50351 2.0694 26.5675
      vertex -1.80872 1.80872 26.5675
      vertex -1.34087 1.84554 26.9483
    endloop
  endfacet
  facet normal -0.364043 0.878919 0.30818
    outer loop
      vertex -0.901436 2.77434 25.7003
      vertex -1.2583 2.46955 26.148
      vertex -0.856483 2.63598 26.148
    endloop
  endfacet
  facet normal -0.465846 0.76021 0.452844
    outer loop
      vertex -1.2583 2.46955 26.148
      vertex -1.50351 2.0694 26.5675
      vertex -1.16127 2.27912 26.5675
    endloop
  endfacet
  facet normal -0.465866 0.760207 0.452829
    outer loop
      vertex -1.2583 2.46955 26.148
      vertex -1.62913 2.2423 26.148
      vertex -1.50351 2.0694 26.5675
    endloop
  endfacet
  facet normal -0.137491 0.572695 0.808156
    outer loop
      vertex -0.24521 1.5482 27.5579
      vertex -0.602071 1.85299 27.2812
      vertex -0.484383 1.49078 27.5579
    endloop
  endfacet
  facet normal -0.225393 0.544134 0.808156
    outer loop
      vertex -0.602071 1.85299 27.2812
      vertex -0.711628 1.39665 27.5579
      vertex -0.484383 1.49078 27.5579
    endloop
  endfacet
  facet normal -0.525959 0.615799 0.58665
    outer loop
      vertex -1.34087 1.84554 26.9483
      vertex -1.80872 1.80872 26.5675
      vertex -1.61306 1.61306 26.9483
    endloop
  endfacet
  facet normal -0.208137 0.866969 0.452818
    outer loop
      vertex -0.400146 2.52643 26.5675
      vertex -0.856483 2.63598 26.148
      vertex -0.790441 2.43273 26.5675
    endloop
  endfacet
  facet normal -0.706353 0.0535671 -0.70583
    outer loop
      vertex -2.01671 0.301454 22.8109
      vertex -2.25313 0.35686 23.0517
      vertex -2.00707 0.317887 22.8025
    endloop
  endfacet
  facet normal -0.706027 0.055671 -0.705994
    outer loop
      vertex -2.04392 0.250585 22.8341
      vertex -2.25313 0.35686 23.0517
      vertex -2.01671 0.301454 22.8109
    endloop
  endfacet
  facet normal -0.705987 0.0558083 -0.706023
    outer loop
      vertex -2.06633 0.193544 22.852
      vertex -2.25313 0.35686 23.0517
      vertex -2.04392 0.250585 22.8341
    endloop
  endfacet
  facet normal -0.706312 0.0551063 -0.705753
    outer loop
      vertex -2.06995 0.180444 22.8546
      vertex -2.25313 0.35686 23.0517
      vertex -2.06633 0.193544 22.852
    endloop
  endfacet
  facet normal -0.706074 0.0555781 -0.705954
    outer loop
      vertex -2.25313 0.35686 23.0517
      vertex -2.06995 0.180444 22.8546
      vertex -2.28122 0 23.0517
    endloop
  endfacet
  facet normal -0.80735 0.0635354 -0.586643
    outer loop
      vertex -2.28122 0 23.0517
      vertex -2.55792 0 23.4325
      vertex -2.52643 0.400146 23.4325
    endloop
  endfacet
  facet normal -0.118607 -0.286344 0.950757
    outer loop
      vertex -0.317945 -0.624003 27.9171
      vertex -0.521203 -1.02292 27.7716
      vertex -0.354767 -1.09186 27.7716
    endloop
  endfacet
  facet normal -0.161938 -0.264266 0.950757
    outer loop
      vertex -0.411647 -0.566584 27.9171
      vertex -0.521203 -1.02292 27.7716
      vertex -0.317945 -0.624003 27.9171
    endloop
  endfacet
  facet normal 0.189042 -0.787466 -0.586652
    outer loop
      vertex 0.400146 -2.52643 23.4325
      vertex 0.35686 -2.25313 23.0517
      vertex 0.704935 -2.16957 23.0517
    endloop
  endfacet
  facet normal 0.189051 -0.787468 -0.586647
    outer loop
      vertex 0.790441 -2.43273 23.4325
      vertex 0.400146 -2.52643 23.4325
      vertex 0.704935 -2.16957 23.0517
    endloop
  endfacet
  facet normal 0.370071 -0.603931 -0.705914
    outer loop
      vertex 1.03565 -2.03258 23.0517
      vertex 0.907981 -1.78201 22.7704
      vertex 1.12821 -1.64706 22.7704
    endloop
  endfacet
  facet normal 0.20129 0.235676 0.950757
    outer loop
      vertex 0.674807 0.928792 27.7716
      vertex 0.411647 0.566584 27.9171
      vertex 0.811793 0.811793 27.7716
    endloop
  endfacet
  facet normal 0.235677 0.201289 0.950757
    outer loop
      vertex 0.811793 0.811793 27.7716
      vertex 0.495212 0.495212 27.9171
      vertex 0.566584 0.411647 27.9171
    endloop
  endfacet
  facet normal 0.0723518 0.301374 0.950757
    outer loop
      vertex 0.354767 1.09186 27.7716
      vertex 0.109556 0.691713 27.9171
      vertex 0.216415 0.666059 27.9171
    endloop
  endfacet
  facet normal 0.0366563 0.152688 0.987594
    outer loop
      vertex 0.109556 0.691713 27.9171
      vertex 0.0727348 0.223857 27.9908
      vertex 0.216415 0.666059 27.9171
    endloop
  endfacet
  facet normal 0.10622 0.442495 0.890458
    outer loop
      vertex 0.24521 1.5482 27.5579
      vertex 0.179594 1.13391 27.7716
      vertex 0.354767 1.09186 27.7716
    endloop
  endfacet
  facet normal -0.0462137 0.587153 0.808156
    outer loop
      vertex 0 1.5675 27.5579
      vertex -0.304788 1.92436 27.2812
      vertex -0.24521 1.5482 27.5579
    endloop
  endfacet
  facet normal 0.0243195 0.308981 0.950757
    outer loop
      vertex 0 1.14805 27.7716
      vertex 0 0.700336 27.9171
      vertex 0.109556 0.691713 27.9171
    endloop
  endfacet
  facet normal -0.0243195 0.308981 0.950757
    outer loop
      vertex 0 1.14805 27.7716
      vertex -0.109556 0.691713 27.9171
      vertex 0 0.700336 27.9171
    endloop
  endfacet
  facet normal -0.522495 -0.852642 0
    outer loop
      vertex -1.75792 -2.41957 24.7646
      vertex -1.35777 -2.66478 25.2354
      vertex -1.75792 -2.41957 25.2354
    endloop
  endfacet
  facet normal -0.522495 -0.852642 -0
    outer loop
      vertex -1.35777 -2.66478 25.2354
      vertex -1.75792 -2.41957 24.7646
      vertex -1.35777 -2.66478 24.7646
    endloop
  endfacet
  facet normal -0.525959 -0.615799 0.58665
    outer loop
      vertex -1.61306 -1.61306 26.9483
      vertex -1.80872 -1.80872 26.5675
      vertex -1.34087 -1.84554 26.9483
    endloop
  endfacet
  facet normal -0.459971 -0.538539 0.705976
    outer loop
      vertex -1.37769 -1.37769 27.2812
      vertex -1.61306 -1.61306 26.9483
      vertex -1.34087 -1.84554 26.9483
    endloop
  endfacet
  facet normal -0.823739 0.341187 0.452819
    outer loop
      vertex -2.46955 1.2583 26.148
      vertex -2.63598 0.856483 26.148
      vertex -2.43273 0.790441 26.5675
    endloop
  endfacet
  facet normal -0.866969 0.208137 0.452818
    outer loop
      vertex -2.43273 0.790441 26.5675
      vertex -2.63598 0.856483 26.148
      vertex -2.52643 0.400146 26.5675
    endloop
  endfacet
  facet normal -0.579054 0.67797 0.452828
    outer loop
      vertex -1.50351 2.0694 26.5675
      vertex -1.95984 1.95984 26.148
      vertex -1.80872 1.80872 26.5675
    endloop
  endfacet
  facet normal -0.579055 0.677969 0.452829
    outer loop
      vertex -1.62913 2.2423 26.148
      vertex -1.95984 1.95984 26.148
      vertex -1.50351 2.0694 26.5675
    endloop
  endfacet
  facet normal 0.807342 -0.0635494 -0.586652
    outer loop
      vertex 2.52643 -0.400146 23.4325
      vertex 2.25313 -0.35686 23.0517
      vertex 2.28122 0 23.0517
    endloop
  endfacet
  facet normal 0.823699 -0.341171 -0.452905
    outer loop
      vertex 2.46955 -1.2583 23.8519
      vertex 2.43273 -0.790441 23.4325
      vertex 2.63598 -0.856483 23.8519
    endloop
  endfacet
  facet normal 0.984717 -0.0774894 -0.155972
    outer loop
      vertex 2.95393 -0.467856 24.7646
      vertex 2.8812 -0.456336 24.2997
      vertex 2.91711 0 24.2997
    endloop
  endfacet
  facet normal 0.960469 -0.23059 -0.155972
    outer loop
      vertex 2.95393 -0.467856 24.7646
      vertex 2.77434 -0.901436 24.2997
      vertex 2.8812 -0.456336 24.2997
    endloop
  endfacet
  facet normal 0.94842 0.0746567 -0.308099
    outer loop
      vertex 2.77164 0 23.8519
      vertex 2.73751 0.433579 23.8519
      vertex 2.91711 0 24.2997
    endloop
  endfacet
  facet normal 0.888802 -0.0699637 -0.45292
    outer loop
      vertex 2.73751 -0.433579 23.8519
      vertex 2.55792 0 23.4325
      vertex 2.77164 0 23.8519
    endloop
  endfacet
  facet normal 0.615799 -0.525959 0.58665
    outer loop
      vertex 1.84554 -1.34087 26.9483
      vertex 1.61306 -1.61306 26.9483
      vertex 1.80872 -1.80872 26.5675
    endloop
  endfacet
  facet normal 0.538539 -0.459971 0.705976
    outer loop
      vertex 1.84554 -1.34087 26.9483
      vertex 1.37769 -1.37769 27.2812
      vertex 1.61306 -1.61306 26.9483
    endloop
  endfacet
  facet normal 0.0635494 0.807342 0.586652
    outer loop
      vertex 0.400146 2.52643 26.5675
      vertex 0 2.28122 26.9483
      vertex 0.35686 2.25313 26.9483
    endloop
  endfacet
  facet normal 0.055576 0.706047 0.705981
    outer loop
      vertex 0.35686 2.25313 26.9483
      vertex 0 2.28122 26.9483
      vertex 0.304788 1.92436 27.2812
    endloop
  endfacet
  facet normal -0.055576 0.706047 0.705981
    outer loop
      vertex 0 2.28122 26.9483
      vertex -0.35686 2.25313 26.9483
      vertex -0.304788 1.92436 27.2812
    endloop
  endfacet
  facet normal -0.0635494 0.807342 0.586652
    outer loop
      vertex 0 2.28122 26.9483
      vertex -0.400146 2.52643 26.5675
      vertex -0.35686 2.25313 26.9483
    endloop
  endfacet
  facet normal -0.0461966 0.587163 0.80815
    outer loop
      vertex 0 1.94834 27.2812
      vertex -0.304788 1.92436 27.2812
      vertex 0 1.5675 27.5579
    endloop
  endfacet
  facet normal 0.0555493 0.706036 0.705994
    outer loop
      vertex 0 2.28122 26.9483
      vertex 0 1.94834 27.2812
      vertex 0.304788 1.92436 27.2812
    endloop
  endfacet
  facet normal 0.237773 0.388013 0.890455
    outer loop
      vertex 0.711628 1.39665 27.5579
      vertex 0.521203 1.02292 27.7716
      vertex 0.674807 0.928792 27.7716
    endloop
  endfacet
  facet normal 0.174148 0.420432 0.890455
    outer loop
      vertex 0.711628 1.39665 27.5579
      vertex 0.354767 1.09186 27.7716
      vertex 0.521203 1.02292 27.7716
    endloop
  endfacet
  facet normal -0.690507 0.423145 -0.586642
    outer loop
      vertex -2.03258 1.03565 23.0517
      vertex -2.27912 1.16127 23.4325
      vertex -1.84554 1.34087 23.0517
    endloop
  endfacet
  facet normal -0.538595 0.46 -0.705915
    outer loop
      vertex -1.61803 1.17557 22.7704
      vertex -1.84554 1.34087 23.0517
      vertex -1.45029 1.37197 22.7704
    endloop
  endfacet
  facet normal -0.706353 -0.0535671 -0.70583
    outer loop
      vertex -2.25313 -0.35686 23.0517
      vertex -2.01671 -0.301454 22.8109
      vertex -2.00707 -0.317887 22.8025
    endloop
  endfacet
  facet normal -0.706027 -0.055671 -0.705994
    outer loop
      vertex -2.25313 -0.35686 23.0517
      vertex -2.04392 -0.250585 22.8341
      vertex -2.01671 -0.301454 22.8109
    endloop
  endfacet
  facet normal -0.705987 -0.0558083 -0.706023
    outer loop
      vertex -2.25313 -0.35686 23.0517
      vertex -2.06633 -0.193544 22.852
      vertex -2.04392 -0.250585 22.8341
    endloop
  endfacet
  facet normal -0.706312 -0.0551063 -0.705753
    outer loop
      vertex -2.25313 -0.35686 23.0517
      vertex -2.06995 -0.180444 22.8546
      vertex -2.06633 -0.193544 22.852
    endloop
  endfacet
  facet normal -0.706074 -0.0555781 -0.705954
    outer loop
      vertex -2.06995 -0.180444 22.8546
      vertex -2.25313 -0.35686 23.0517
      vertex -2.28122 0 23.0517
    endloop
  endfacet
  facet normal -0.807342 -0.0635494 -0.586652
    outer loop
      vertex -2.25313 -0.35686 23.0517
      vertex -2.52643 -0.400146 23.4325
      vertex -2.28122 0 23.0517
    endloop
  endfacet
  facet normal -0.235677 0.201289 0.950757
    outer loop
      vertex -0.495212 0.495212 27.9171
      vertex -0.811793 0.811793 27.7716
      vertex -0.566584 0.411647 27.9171
    endloop
  endfacet
  facet normal -0.201289 0.235677 0.950757
    outer loop
      vertex -0.411647 0.566584 27.9171
      vertex -0.811793 0.811793 27.7716
      vertex -0.495212 0.495212 27.9171
    endloop
  endfacet
  facet normal -0.615799 0.525959 0.58665
    outer loop
      vertex -1.80872 1.80872 26.5675
      vertex -1.84554 1.34087 26.9483
      vertex -1.61306 1.61306 26.9483
    endloop
  endfacet
  facet normal -0.309927 0.748192 0.586646
    outer loop
      vertex -0.790441 2.43273 26.5675
      vertex -1.16127 2.27912 26.5675
      vertex -0.704935 2.16957 26.9483
    endloop
  endfacet
  facet normal -0.174148 -0.420432 0.890455
    outer loop
      vertex -0.521203 -1.02292 27.7716
      vertex -0.711628 -1.39665 27.5579
      vertex -0.354767 -1.09186 27.7716
    endloop
  endfacet
  facet normal -0.237773 -0.388013 0.890455
    outer loop
      vertex -0.674807 -0.928792 27.7716
      vertex -0.711628 -1.39665 27.5579
      vertex -0.521203 -1.02292 27.7716
    endloop
  endfacet
  facet normal 0.101981 0.119403 0.987594
    outer loop
      vertex 0.411647 0.566584 27.9171
      vertex 0.166436 0.166436 27.9908
      vertex 0.495212 0.495212 27.9171
    endloop
  endfacet
  facet normal 0.119403 0.101981 0.987594
    outer loop
      vertex 0.495212 0.495212 27.9171
      vertex 0.166436 0.166436 27.9908
      vertex 0.566584 0.411647 27.9171
    endloop
  endfacet
  facet normal 0.866925 -0.20813 -0.452906
    outer loop
      vertex 2.63598 -0.856483 23.8519
      vertex 2.52643 -0.400146 23.4325
      vertex 2.73751 -0.433579 23.8519
    endloop
  endfacet
  facet normal 0.866926 -0.208127 -0.452904
    outer loop
      vertex 2.63598 -0.856483 23.8519
      vertex 2.43273 -0.790441 23.4325
      vertex 2.52643 -0.400146 23.4325
    endloop
  endfacet
  facet normal -0.0357186 0.453666 0.890456
    outer loop
      vertex 0 1.5675 27.5579
      vertex -0.179594 1.13391 27.7716
      vertex 0 1.14805 27.7716
    endloop
  endfacet
  facet normal 0.0357186 0.453666 0.890456
    outer loop
      vertex 0 1.5675 27.5579
      vertex 0 1.14805 27.7716
      vertex 0.179594 1.13391 27.7716
    endloop
  endfacet
  facet normal 0.0357069 0.453663 0.890458
    outer loop
      vertex 0.24521 1.5482 27.5579
      vertex 0 1.5675 27.5579
      vertex 0.179594 1.13391 27.7716
    endloop
  endfacet
  facet normal 0.0462137 0.587153 0.808156
    outer loop
      vertex 0.304788 1.92436 27.2812
      vertex 0 1.5675 27.5579
      vertex 0.24521 1.5482 27.5579
    endloop
  endfacet
  facet normal -0.538539 0.459971 0.705976
    outer loop
      vertex -1.61306 1.61306 26.9483
      vertex -1.84554 1.34087 26.9483
      vertex -1.37769 1.37769 27.2812
    endloop
  endfacet
  facet normal -0.538545 0.459946 0.705988
    outer loop
      vertex -1.37769 1.37769 27.2812
      vertex -1.84554 1.34087 26.9483
      vertex -1.57624 1.14521 27.2812
    endloop
  endfacet
  facet normal -0.459946 0.538545 0.705988
    outer loop
      vertex -1.34087 1.84554 26.9483
      vertex -1.37769 1.37769 27.2812
      vertex -1.14521 1.57624 27.2812
    endloop
  endfacet
  facet normal -0.459971 0.538539 0.705976
    outer loop
      vertex -1.34087 1.84554 26.9483
      vertex -1.61306 1.61306 26.9483
      vertex -1.37769 1.37769 27.2812
    endloop
  endfacet
  facet normal 0.94842 -0.0746567 -0.308099
    outer loop
      vertex 2.91711 0 24.2997
      vertex 2.73751 -0.433579 23.8519
      vertex 2.77164 0 23.8519
    endloop
  endfacet
  facet normal 0.948415 -0.0746327 -0.30812
    outer loop
      vertex 2.8812 -0.456336 24.2997
      vertex 2.73751 -0.433579 23.8519
      vertex 2.91711 0 24.2997
    endloop
  endfacet
  facet normal 0.137491 0.572695 0.808156
    outer loop
      vertex 0.602071 1.85299 27.2812
      vertex 0.24521 1.5482 27.5579
      vertex 0.484383 1.49078 27.5579
    endloop
  endfacet
  facet normal 0.106233 0.442497 0.890456
    outer loop
      vertex 0.484383 1.49078 27.5579
      vertex 0.24521 1.5482 27.5579
      vertex 0.354767 1.09186 27.7716
    endloop
  endfacet
  facet normal -0.106233 0.442497 0.890456
    outer loop
      vertex -0.24521 1.5482 27.5579
      vertex -0.484383 1.49078 27.5579
      vertex -0.354767 1.09186 27.7716
    endloop
  endfacet
  facet normal -0.10622 0.442495 0.890458
    outer loop
      vertex -0.24521 1.5482 27.5579
      vertex -0.354767 1.09186 27.7716
      vertex -0.179594 1.13391 27.7716
    endloop
  endfacet
  facet normal -0.13749 0.572696 0.808156
    outer loop
      vertex -0.304788 1.92436 27.2812
      vertex -0.602071 1.85299 27.2812
      vertex -0.24521 1.5482 27.5579
    endloop
  endfacet
  facet normal -0.370048 0.60386 0.705987
    outer loop
      vertex -1.03565 2.03258 26.9483
      vertex -1.34087 1.84554 26.9483
      vertex -1.14521 1.57624 27.2812
    endloop
  endfacet
  facet normal -0.447865 0.382496 0.808154
    outer loop
      vertex -1.10839 1.10839 27.5579
      vertex -1.37769 1.37769 27.2812
      vertex -1.26813 0.92135 27.5579
    endloop
  endfacet
  facet normal -0.382496 0.447865 0.808154
    outer loop
      vertex -0.92135 1.26813 27.5579
      vertex -1.37769 1.37769 27.2812
      vertex -1.10839 1.10839 27.5579
    endloop
  endfacet
  facet normal 0.174151 0.420429 0.890455
    outer loop
      vertex 0.484383 1.49078 27.5579
      vertex 0.354767 1.09186 27.7716
      vertex 0.711628 1.39665 27.5579
    endloop
  endfacet
  facet normal 0.225393 0.544134 0.808156
    outer loop
      vertex 0.602071 1.85299 27.2812
      vertex 0.484383 1.49078 27.5579
      vertex 0.711628 1.39665 27.5579
    endloop
  endfacet
  facet normal -0.165323 0.688665 0.705981
    outer loop
      vertex -0.35686 2.25313 26.9483
      vertex -0.704935 2.16957 26.9483
      vertex -0.304788 1.92436 27.2812
    endloop
  endfacet
  facet normal -0.189042 0.787466 0.586652
    outer loop
      vertex -0.400146 2.52643 26.5675
      vertex -0.704935 2.16957 26.9483
      vertex -0.35686 2.25313 26.9483
    endloop
  endfacet
  facet normal -0.309921 0.748198 0.586642
    outer loop
      vertex -0.704935 2.16957 26.9483
      vertex -1.16127 2.27912 26.5675
      vertex -1.03565 2.03258 26.9483
    endloop
  endfacet
  facet normal -0.423145 0.690507 0.586642
    outer loop
      vertex -1.16127 2.27912 26.5675
      vertex -1.34087 1.84554 26.9483
      vertex -1.03565 2.03258 26.9483
    endloop
  endfacet
  facet normal -0.271031 0.654316 0.705984
    outer loop
      vertex -0.602071 1.85299 27.2812
      vertex -1.03565 2.03258 26.9483
      vertex -0.884529 1.73599 27.2812
    endloop
  endfacet
  facet normal -0.370056 0.603859 0.705983
    outer loop
      vertex -1.03565 2.03258 26.9483
      vertex -1.14521 1.57624 27.2812
      vertex -0.884529 1.73599 27.2812
    endloop
  endfacet
endsolid OpenSCAD_Model
