solid OpenSCAD_Model
  facet normal 0 -1 -0
    outer loop
      vertex -2.61052 -14 202.068
      vertex -8 -14 200
      vertex 0 -14 202
    endloop
  endfacet
  facet normal 0 -1 -0
    outer loop
      vertex -5.17638 -14 202.273
      vertex -8 -14 200
      vertex -2.61052 -14 202.068
    endloop
  endfacet
  facet normal 0 -1 -0
    outer loop
      vertex -7.65367 -14 202.609
      vertex -8 -14 200
      vertex -5.17638 -14 202.273
    endloop
  endfacet
  facet normal 0 -1 0
    outer loop
      vertex -8 -14 200
      vertex -7.65367 -14 202.609
      vertex -8 -14 202.677
    endloop
  endfacet
  facet normal 0 -1 0
    outer loop
      vertex 8 -14 200
      vertex 0 -14 202
      vertex -8 -14 200
    endloop
  endfacet
  facet normal 0 -1 0
    outer loop
      vertex 0 -14 202
      vertex 8 -14 200
      vertex 2.61052 -14 202.068
    endloop
  endfacet
  facet normal 0 -1 0
    outer loop
      vertex 2.61052 -14 202.068
      vertex 8 -14 200
      vertex 5.17638 -14 202.273
    endloop
  endfacet
  facet normal 0 -1 0
    outer loop
      vertex 7.65367 -14 202.609
      vertex 8 -14 200
      vertex 8 -14 202.677
    endloop
  endfacet
  facet normal 0 -1 0
    outer loop
      vertex 5.17638 -14 202.273
      vertex 8 -14 200
      vertex 7.65367 -14 202.609
    endloop
  endfacet
  facet normal 0 -1 0
    outer loop
      vertex 2.61052 -14 217.932
      vertex 8 -14 218
      vertex 0 -14 218
    endloop
  endfacet
  facet normal 0 -1 0
    outer loop
      vertex 5.17638 -14 217.727
      vertex 8 -14 218
      vertex 2.61052 -14 217.932
    endloop
  endfacet
  facet normal 0 -1 0
    outer loop
      vertex 7.65367 -14 217.391
      vertex 8 -14 218
      vertex 5.17638 -14 217.727
    endloop
  endfacet
  facet normal 0 -1 -0
    outer loop
      vertex 8 -14 218
      vertex 7.65367 -14 217.391
      vertex 8 -14 217.323
    endloop
  endfacet
  facet normal 0 -1 0
    outer loop
      vertex -8 -14 218
      vertex -2.61052 -14 217.932
      vertex 0 -14 218
    endloop
  endfacet
  facet normal 0 -1 0
    outer loop
      vertex -8 -14 218
      vertex -5.17638 -14 217.727
      vertex -2.61052 -14 217.932
    endloop
  endfacet
  facet normal 0 -1 0
    outer loop
      vertex -8 -14 218
      vertex -7.65367 -14 217.391
      vertex -5.17638 -14 217.727
    endloop
  endfacet
  facet normal -0 -1 0
    outer loop
      vertex -7.65367 -14 217.391
      vertex -8 -14 218
      vertex -8 -14 217.323
    endloop
  endfacet
  facet normal 0 1 0
    outer loop
      vertex 10 -14 203.072
      vertex 10 -14 216.928
      vertex 12.1752 -14 216.347
    endloop
  endfacet
  facet normal 0 1 0
    outer loop
      vertex 12.1752 -14 203.653
      vertex 12.1752 -14 216.347
      vertex 14.1421 -14 215.657
    endloop
  endfacet
  facet normal 0 1 0
    outer loop
      vertex 14.1421 -14 204.343
      vertex 14.1421 -14 215.657
      vertex 15.8671 -14 214.87
    endloop
  endfacet
  facet normal 0 1 0
    outer loop
      vertex 15.8671 -14 205.13
      vertex 15.8671 -14 214.87
      vertex 17.3205 -14 214
    endloop
  endfacet
  facet normal 0 1 0
    outer loop
      vertex 17.3205 -14 206
      vertex 17.3205 -14 214
      vertex 18.4776 -14 213.061
    endloop
  endfacet
  facet normal 0 1 0
    outer loop
      vertex 18.4776 -14 206.939
      vertex 18.4776 -14 213.061
      vertex 19.3185 -14 212.071
    endloop
  endfacet
  facet normal 0 1 0
    outer loop
      vertex 19.3185 -14 207.929
      vertex 19.3185 -14 212.071
      vertex 19.8289 -14 211.044
    endloop
  endfacet
  facet normal 0 1 0
    outer loop
      vertex 19.8289 -14 208.956
      vertex 19.8289 -14 211.044
      vertex 20 -14 210
    endloop
  endfacet
  facet normal 0 1 0
    outer loop
      vertex 19.8289 -14 211.044
      vertex 19.8289 -14 208.956
      vertex 19.3185 -14 207.929
    endloop
  endfacet
  facet normal 0 1 0
    outer loop
      vertex 19.3185 -14 212.071
      vertex 19.3185 -14 207.929
      vertex 18.4776 -14 206.939
    endloop
  endfacet
  facet normal 0 1 0
    outer loop
      vertex 18.4776 -14 213.061
      vertex 18.4776 -14 206.939
      vertex 17.3205 -14 206
    endloop
  endfacet
  facet normal 0 1 0
    outer loop
      vertex 17.3205 -14 214
      vertex 17.3205 -14 206
      vertex 15.8671 -14 205.13
    endloop
  endfacet
  facet normal 0 1 0
    outer loop
      vertex 15.8671 -14 214.87
      vertex 15.8671 -14 205.13
      vertex 14.1421 -14 204.343
    endloop
  endfacet
  facet normal 0 1 0
    outer loop
      vertex 14.1421 -14 215.657
      vertex 14.1421 -14 204.343
      vertex 12.1752 -14 203.653
    endloop
  endfacet
  facet normal 0 1 0
    outer loop
      vertex 10 -14 203.072
      vertex 12.1752 -14 216.347
      vertex 12.1752 -14 203.653
    endloop
  endfacet
  facet normal 0 1 0
    outer loop
      vertex 10 -14 216.928
      vertex 10 -14 203.072
      vertex 8 -14 217.323
    endloop
  endfacet
  facet normal 0 1 0
    outer loop
      vertex 8 -14 217.323
      vertex 10 -14 203.072
      vertex 8 -14 202.677
    endloop
  endfacet
  facet normal 0 1 0
    outer loop
      vertex -10 -14 203.072
      vertex -10 -14 216.928
      vertex -8 -14 217.323
    endloop
  endfacet
  facet normal 0 1 0
    outer loop
      vertex -10 -14 216.928
      vertex -10 -14 203.072
      vertex -12.1752 -14 216.347
    endloop
  endfacet
  facet normal 0 1 0
    outer loop
      vertex -12.1752 -14 216.347
      vertex -12.1752 -14 203.653
      vertex -14.1421 -14 215.657
    endloop
  endfacet
  facet normal -0 1 0
    outer loop
      vertex -14.1421 -14 204.343
      vertex -14.1421 -14 215.657
      vertex -12.1752 -14 203.653
    endloop
  endfacet
  facet normal -0 1 0
    outer loop
      vertex -15.8671 -14 205.13
      vertex -15.8671 -14 214.87
      vertex -14.1421 -14 204.343
    endloop
  endfacet
  facet normal 0 1 0
    outer loop
      vertex -15.8671 -14 214.87
      vertex -15.8671 -14 205.13
      vertex -17.3205 -14 214
    endloop
  endfacet
  facet normal 0 1 0
    outer loop
      vertex -17.3205 -14 214
      vertex -17.3205 -14 206
      vertex -18.4776 -14 213.061
    endloop
  endfacet
  facet normal -0 1 0
    outer loop
      vertex -18.4776 -14 206.939
      vertex -18.4776 -14 213.061
      vertex -17.3205 -14 206
    endloop
  endfacet
  facet normal -0 1 0
    outer loop
      vertex -19.3185 -14 207.929
      vertex -19.3185 -14 212.071
      vertex -18.4776 -14 206.939
    endloop
  endfacet
  facet normal 0 1 0
    outer loop
      vertex -19.3185 -14 212.071
      vertex -19.3185 -14 207.929
      vertex -19.8289 -14 211.044
    endloop
  endfacet
  facet normal 0 1 0
    outer loop
      vertex -19.8289 -14 211.044
      vertex -19.8289 -14 208.956
      vertex -20 -14 210
    endloop
  endfacet
  facet normal -0 1 0
    outer loop
      vertex -19.8289 -14 208.956
      vertex -19.8289 -14 211.044
      vertex -19.3185 -14 207.929
    endloop
  endfacet
  facet normal 0 1 0
    outer loop
      vertex -18.4776 -14 213.061
      vertex -18.4776 -14 206.939
      vertex -19.3185 -14 212.071
    endloop
  endfacet
  facet normal -0 1 0
    outer loop
      vertex -17.3205 -14 206
      vertex -17.3205 -14 214
      vertex -15.8671 -14 205.13
    endloop
  endfacet
  facet normal 0 1 0
    outer loop
      vertex -14.1421 -14 215.657
      vertex -14.1421 -14 204.343
      vertex -15.8671 -14 214.87
    endloop
  endfacet
  facet normal 0 1 0
    outer loop
      vertex -12.1752 -14 216.347
      vertex -10 -14 203.072
      vertex -12.1752 -14 203.653
    endloop
  endfacet
  facet normal -0 1 0
    outer loop
      vertex -10 -14 203.072
      vertex -8 -14 217.323
      vertex -8 -14 202.677
    endloop
  endfacet
  facet normal 0 -1 0
    outer loop
      vertex 3.55039 -104 209.627
      vertex 1.25079 -104 213.443
      vertex 0.751178 -104 213.404
    endloop
  endfacet
  facet normal 0 -1 0
    outer loop
      vertex 1.25079 -104 213.443
      vertex 3.7457 -104 210.077
      vertex 1.729 -104 213.424
    endloop
  endfacet
  facet normal 0 -1 0
    outer loop
      vertex 3.29434 -104 209.184
      vertex 0.751178 -104 213.404
      vertex 0.238712 -104 213.306
    endloop
  endfacet
  facet normal -0 -1 0
    outer loop
      vertex 3.87691 -104 210.526
      vertex 1.729 -104 213.424
      vertex 3.7457 -104 210.077
    endloop
  endfacet
  facet normal 0 -1 0
    outer loop
      vertex 2.98192 -104 208.754
      vertex 0.238712 -104 213.306
      vertex -0.277837 -104 213.151
    endloop
  endfacet
  facet normal 0 -1 0
    outer loop
      vertex 1.729 -104 213.424
      vertex 3.87691 -104 210.526
      vertex 2.17763 -104 213.346
    endloop
  endfacet
  facet normal 0 -1 0
    outer loop
      vertex 2.61847 -104 208.346
      vertex -0.277837 -104 213.151
      vertex -0.789633 -104 212.943
    endloop
  endfacet
  facet normal -0 -1 0
    outer loop
      vertex 3.9418 -104 210.966
      vertex 2.17763 -104 213.346
      vertex 3.87691 -104 210.526
    endloop
  endfacet
  facet normal 0 -1 0
    outer loop
      vertex 2.21023 -104 207.965
      vertex -0.789633 -104 212.943
      vertex -1.28792 -104 212.684
    endloop
  endfacet
  facet normal 0 -1 0
    outer loop
      vertex 2.17763 -104 213.346
      vertex 3.9418 -104 210.966
      vertex 2.589 -104 213.211
    endloop
  endfacet
  facet normal 0 -1 0
    outer loop
      vertex 1.76417 -104 207.62
      vertex -1.28792 -104 212.684
      vertex -1.76417 -104 212.38
    endloop
  endfacet
  facet normal -0 -1 -0
    outer loop
      vertex 3.93923 -104 211.389
      vertex 2.589 -104 213.211
      vertex 3.9418 -104 210.966
    endloop
  endfacet
  facet normal 0 -1 0
    outer loop
      vertex 1.28792 -104 207.316
      vertex -1.76417 -104 212.38
      vertex -2.21023 -104 212.035
    endloop
  endfacet
  facet normal 0 -1 0
    outer loop
      vertex 2.589 -104 213.211
      vertex 3.93923 -104 211.389
      vertex 2.95607 -104 213.021
    endloop
  endfacet
  facet normal 0 -1 0
    outer loop
      vertex 0.789633 -104 207.057
      vertex -2.21023 -104 212.035
      vertex -2.61847 -104 211.654
    endloop
  endfacet
  facet normal 0 -1 0
    outer loop
      vertex 2.95607 -104 213.021
      vertex 3.93923 -104 211.389
      vertex 3.27256 -104 212.779
    endloop
  endfacet
  facet normal 0 -1 0
    outer loop
      vertex 0.277837 -104 206.849
      vertex -2.61847 -104 211.654
      vertex -2.98192 -104 211.246
    endloop
  endfacet
  facet normal 0 -1 0
    outer loop
      vertex 3.27256 -104 212.779
      vertex 3.93923 -104 211.389
      vertex 3.53305 -104 212.489
    endloop
  endfacet
  facet normal 0 -1 0
    outer loop
      vertex -0.238712 -104 206.694
      vertex -2.98192 -104 211.246
      vertex -3.29434 -104 210.816
    endloop
  endfacet
  facet normal 0 -1 0
    outer loop
      vertex 3.53305 -104 212.489
      vertex 3.93923 -104 211.389
      vertex 3.7331 -104 212.157
    endloop
  endfacet
  facet normal 0 -1 0
    outer loop
      vertex -0.751178 -104 206.596
      vertex -3.29434 -104 210.816
      vertex -3.55039 -104 210.373
    endloop
  endfacet
  facet normal 0 -1 0
    outer loop
      vertex 3.7331 -104 212.157
      vertex 3.93923 -104 211.389
      vertex 3.86926 -104 211.789
    endloop
  endfacet
  facet normal 0 -1 0
    outer loop
      vertex -1.25079 -104 206.557
      vertex -3.55039 -104 210.373
      vertex -3.7457 -104 209.923
    endloop
  endfacet
  facet normal 0 -1 0
    outer loop
      vertex 1.25079 -104 213.443
      vertex 3.55039 -104 209.627
      vertex 3.7457 -104 210.077
    endloop
  endfacet
  facet normal 0 -1 0
    outer loop
      vertex -1.729 -104 206.576
      vertex -3.7457 -104 209.923
      vertex -3.87691 -104 209.474
    endloop
  endfacet
  facet normal 0 -1 0
    outer loop
      vertex 0.751178 -104 213.404
      vertex 3.29434 -104 209.184
      vertex 3.55039 -104 209.627
    endloop
  endfacet
  facet normal 0 -1 0
    outer loop
      vertex -2.17763 -104 206.654
      vertex -3.87691 -104 209.474
      vertex -3.9418 -104 209.034
    endloop
  endfacet
  facet normal 0 -1 0
    outer loop
      vertex 0.238712 -104 213.306
      vertex 2.98192 -104 208.754
      vertex 3.29434 -104 209.184
    endloop
  endfacet
  facet normal 0 -1 0
    outer loop
      vertex -2.589 -104 206.789
      vertex -3.9418 -104 209.034
      vertex -3.93923 -104 208.611
    endloop
  endfacet
  facet normal 0 -1 0
    outer loop
      vertex -0.277837 -104 213.151
      vertex 2.61847 -104 208.346
      vertex 2.98192 -104 208.754
    endloop
  endfacet
  facet normal 0 -1 0
    outer loop
      vertex -2.589 -104 206.789
      vertex -3.93923 -104 208.611
      vertex -3.86926 -104 208.211
    endloop
  endfacet
  facet normal 0 -1 0
    outer loop
      vertex -0.789633 -104 212.943
      vertex 2.21023 -104 207.965
      vertex 2.61847 -104 208.346
    endloop
  endfacet
  facet normal 0 -1 0
    outer loop
      vertex -2.95607 -104 206.979
      vertex -3.86926 -104 208.211
      vertex -3.7331 -104 207.843
    endloop
  endfacet
  facet normal 0 -1 0
    outer loop
      vertex -1.28792 -104 212.684
      vertex 1.76417 -104 207.62
      vertex 2.21023 -104 207.965
    endloop
  endfacet
  facet normal 0 -1 0
    outer loop
      vertex -2.95607 -104 206.979
      vertex -3.7331 -104 207.843
      vertex -3.53305 -104 207.511
    endloop
  endfacet
  facet normal 0 -1 0
    outer loop
      vertex -1.76417 -104 212.38
      vertex 1.28792 -104 207.316
      vertex 1.76417 -104 207.62
    endloop
  endfacet
  facet normal 0 -1 0
    outer loop
      vertex -2.95607 -104 206.979
      vertex -3.53305 -104 207.511
      vertex -3.27256 -104 207.221
    endloop
  endfacet
  facet normal 0 -1 0
    outer loop
      vertex -2.21023 -104 212.035
      vertex 0.789633 -104 207.057
      vertex 1.28792 -104 207.316
    endloop
  endfacet
  facet normal 0 -1 0
    outer loop
      vertex -3.86926 -104 208.211
      vertex -2.95607 -104 206.979
      vertex -2.589 -104 206.789
    endloop
  endfacet
  facet normal 0 -1 0
    outer loop
      vertex -2.61847 -104 211.654
      vertex 0.277837 -104 206.849
      vertex 0.789633 -104 207.057
    endloop
  endfacet
  facet normal 0 -1 0
    outer loop
      vertex -3.9418 -104 209.034
      vertex -2.589 -104 206.789
      vertex -2.17763 -104 206.654
    endloop
  endfacet
  facet normal 0 -1 0
    outer loop
      vertex -2.98192 -104 211.246
      vertex -0.238712 -104 206.694
      vertex 0.277837 -104 206.849
    endloop
  endfacet
  facet normal 0 -1 0
    outer loop
      vertex -3.87691 -104 209.474
      vertex -2.17763 -104 206.654
      vertex -1.729 -104 206.576
    endloop
  endfacet
  facet normal 0 -1 0
    outer loop
      vertex -3.29434 -104 210.816
      vertex -0.751178 -104 206.596
      vertex -0.238712 -104 206.694
    endloop
  endfacet
  facet normal 0 -1 0
    outer loop
      vertex -3.7457 -104 209.923
      vertex -1.729 -104 206.576
      vertex -1.25079 -104 206.557
    endloop
  endfacet
  facet normal 0 -1 0
    outer loop
      vertex -3.55039 -104 210.373
      vertex -1.25079 -104 206.557
      vertex -0.751178 -104 206.596
    endloop
  endfacet
  facet normal 0.972545 -0.169563 0.159389
    outer loop
      vertex 20 -14 210
      vertex 19.8289 -14 211.044
      vertex 11.9543 -59 211.22
    endloop
  endfacet
  facet normal 0.963136 -0.167718 0.210334
    outer loop
      vertex 11.9543 -59 211.22
      vertex 19.8289 -14 211.044
      vertex 11.7975 -59 211.938
    endloop
  endfacet
  facet normal 0.88547 -0.149292 0.440062
    outer loop
      vertex 19.8289 -14 211.044
      vertex 19.3185 -14 212.071
      vertex 11.7975 -59 211.938
    endloop
  endfacet
  facet normal 0.87584 -0.14774 0.459432
    outer loop
      vertex 11.7975 -59 211.938
      vertex 19.3185 -14 212.071
      vertex 11.4387 -59 212.622
    endloop
  endfacet
  facet normal 0.756232 -0.124556 0.642339
    outer loop
      vertex 19.3185 -14 212.071
      vertex 18.4776 -14 213.061
      vertex 11.4387 -59 212.622
    endloop
  endfacet
  facet normal 0.750044 -0.12366 0.649725
    outer loop
      vertex 11.4387 -59 212.622
      vertex 18.4776 -14 213.061
      vertex 10.8843 -59 213.262
    endloop
  endfacet
  facet normal 0.626823 -0.10232 0.772414
    outer loop
      vertex 18.4776 -14 213.061
      vertex 17.3205 -14 214
      vertex 10.8843 -59 213.262
    endloop
  endfacet
  facet normal 0.615985 -0.100915 0.781267
    outer loop
      vertex 10.8843 -59 213.262
      vertex 17.3205 -14 214
      vertex 10.1436 -59 213.846
    endloop
  endfacet
  facet normal 0.511771 -0.0845465 0.854952
    outer loop
      vertex 17.3205 -14 214
      vertex 15.8671 -14 214.87
      vertex 10.1436 -59 213.846
    endloop
  endfacet
  facet normal 0.491286 -0.0822176 0.867109
    outer loop
      vertex 10.1436 -59 213.846
      vertex 15.8671 -14 214.87
      vertex 9.22934 -59 214.364
    endloop
  endfacet
  facet normal 0.414018 -0.0712742 0.907474
    outer loop
      vertex 15.8671 -14 214.87
      vertex 14.1421 -14 215.657
      vertex 9.22934 -59 214.364
    endloop
  endfacet
  facet normal 0.381718 -0.0681584 0.921762
    outer loop
      vertex 9.22934 -59 214.364
      vertex 14.1421 -14 215.657
      vertex 8.15718 -59 214.808
    endloop
  endfacet
  facet normal 0.330397 -0.0617112 0.941823
    outer loop
      vertex 14.1421 -14 215.657
      vertex 12.1752 -14 216.347
      vertex 8.15718 -59 214.808
    endloop
  endfacet
  facet normal 0.285034 -0.0581714 0.956751
    outer loop
      vertex 8.15718 -59 214.808
      vertex 12.1752 -14 216.347
      vertex 6.94544 -59 215.169
    endloop
  endfacet
  facet normal 0.257662 -0.0551972 0.964657
    outer loop
      vertex 12.1752 -14 216.347
      vertex 10 -14 216.928
      vertex 6.94544 -59 215.169
    endloop
  endfacet
  facet normal 0.200013 -0.0518221 0.978422
    outer loop
      vertex 6.94544 -59 215.169
      vertex 10 -14 216.928
      vertex 5.61487 -59 215.441
    endloop
  endfacet
  facet normal 0.192413 -0.0511833 0.979978
    outer loop
      vertex 5.61487 -59 215.441
      vertex 8 -14 217.323
      vertex 7.65367 -14 217.391
    endloop
  endfacet
  facet normal 0.193503 -0.051232 0.979761
    outer loop
      vertex 8 -14 217.323
      vertex 5.61487 -59 215.441
      vertex 10 -14 216.928
    endloop
  endfacet
  facet normal 0.125029 -0.0486063 0.990962
    outer loop
      vertex 5.61487 -59 215.441
      vertex 7.65367 -14 217.391
      vertex 4.18822 -59 215.621
    endloop
  endfacet
  facet normal 0.134238 -0.0492668 0.989724
    outer loop
      vertex 7.65367 -14 217.391
      vertex 5.17638 -14 217.727
      vertex 4.18822 -59 215.621
    endloop
  endfacet
  facet normal 0.0552479 -0.0478879 0.997324
    outer loop
      vertex 4.18822 -59 215.621
      vertex 5.17638 -14 217.727
      vertex 2.68992 -59 215.704
    endloop
  endfacet
  facet normal 0.078483 -0.0488969 0.995716
    outer loop
      vertex 5.17638 -14 217.727
      vertex 2.6245 -21.9243 217.539
      vertex 3.01866 -24 217.406
    endloop
  endfacet
  facet normal 0.0795449 -0.0492365 0.995615
    outer loop
      vertex 2.6245 -21.9243 217.539
      vertex 5.17638 -14 217.727
      vertex 2.61052 -14 217.932
    endloop
  endfacet
  facet normal 0.0797361 -0.0491637 0.995603
    outer loop
      vertex 3.01866 -24 217.406
      vertex 2.68992 -59 215.704
      vertex 5.17638 -14 217.727
    endloop
  endfacet
  facet normal 0.0790428 -0.0491599 0.995658
    outer loop
      vertex 2.68992 -59 215.704
      vertex 3.01866 -24 217.406
      vertex 2.62817 -24 217.437
    endloop
  endfacet
  facet normal -0.0103443 -0.049549 0.998718
    outer loop
      vertex 2.6245 -21.9243 217.539
      vertex 2.61052 -14 217.932
      vertex 2.40327 -20.3664 217.614
    endloop
  endfacet
  facet normal -0.0116403 -0.0494708 0.998708
    outer loop
      vertex 2.28498 -24 217.433
      vertex 2.68992 -59 215.704
      vertex 2.62817 -24 217.437
    endloop
  endfacet
  facet normal -0.00905396 -0.0494423 0.998736
    outer loop
      vertex 2.68992 -59 215.704
      vertex 2.28498 -24 217.433
      vertex 1.14559 -59 215.69
    endloop
  endfacet
  facet normal 0.025587 -0.0507021 0.998386
    outer loop
      vertex 2.61052 -14 217.932
      vertex 2.07055 -18.3092 217.727
      vertex 2.40327 -20.3664 217.614
    endloop
  endfacet
  facet normal 0.0262841 -0.0507883 0.998364
    outer loop
      vertex 2.61052 -14 217.932
      vertex 1.04421 -14.8106 217.932
      vertex 2.07055 -18.3092 217.727
    endloop
  endfacet
  facet normal 0.0260067 -0.0502524 0.998398
    outer loop
      vertex 1.04421 -14.8106 217.932
      vertex 2.61052 -14 217.932
      vertex 0 -14 218
    endloop
  endfacet
  facet normal 0.0265522 -0.050583 0.998367
    outer loop
      vertex 1.14559 -59 215.69
      vertex 2.28498 -24 217.433
      vertex 0.254574 -24 217.487
    endloop
  endfacet
  facet normal -0.0716482 -0.0529201 0.996025
    outer loop
      vertex -0.418347 -59 215.579
      vertex 0.254574 -24 217.487
      vertex -0.0929661 -24 217.462
    endloop
  endfacet
  facet normal -0.0706973 -0.052942 0.996092
    outer loop
      vertex 0.254574 -24 217.487
      vertex -0.418347 -59 215.579
      vertex 1.14559 -59 215.69
    endloop
  endfacet
  facet normal -0.0250551 -0.0535296 0.998252
    outer loop
      vertex -2.07055 -18.0757 217.727
      vertex -2.61052 -14 217.932
      vertex -2.33627 -19.6297 217.637
    endloop
  endfacet
  facet normal -0.026281 -0.05369 0.998212
    outer loop
      vertex -1.04421 -14.7667 217.932
      vertex -2.61052 -14 217.932
      vertex -2.07055 -18.0757 217.727
    endloop
  endfacet
  facet normal -0.0260029 -0.0531219 0.998249
    outer loop
      vertex -2.61052 -14 217.932
      vertex -1.04421 -14.7667 217.932
      vertex 0 -14 218
    endloop
  endfacet
  facet normal -0.026057 -0.0534625 0.99823
    outer loop
      vertex -0.418347 -59 215.579
      vertex -0.0929661 -24 217.462
      vertex -2.12337 -24 217.409
    endloop
  endfacet
  facet normal -0.131306 -0.0582538 0.989629
    outer loop
      vertex -2.52183 -20.2817 217.574
      vertex -2.33627 -19.6297 217.637
      vertex -2.61052 -14 217.932
    endloop
  endfacet
  facet normal -0.131584 -0.0581519 0.989598
    outer loop
      vertex -2.12337 -24 217.409
      vertex -1.97512 -59 215.372
      vertex -0.418347 -59 215.579
    endloop
  endfacet
  facet normal -0.131584 -0.0581519 0.989598
    outer loop
      vertex -1.97512 -59 215.372
      vertex -2.12337 -24 217.409
      vertex -2.46932 -24 217.363
    endloop
  endfacet
  facet normal -0.0794894 -0.0617703 0.99492
    outer loop
      vertex -5.17638 -14 217.727
      vertex -2.74499 -20.8173 217.498
      vertex -2.61052 -14 217.932
    endloop
  endfacet
  facet normal -0.0786098 -0.0614595 0.995009
    outer loop
      vertex -2.74499 -20.8173 217.498
      vertex -5.17638 -14 217.727
      vertex -3.06147 -22.1448 217.391
    endloop
  endfacet
  facet normal -0.0793604 -0.061639 0.994938
    outer loop
      vertex -3.33939 -24 217.254
      vertex -5.17638 -14 217.727
      vertex -3.4981 -59 215.073
    endloop
  endfacet
  facet normal -0.0791968 -0.0616097 0.994953
    outer loop
      vertex -3.06147 -22.1448 217.391
      vertex -5.17638 -14 217.727
      vertex -3.33939 -24 217.254
    endloop
  endfacet
  facet normal -0.0786071 -0.0616461 0.994998
    outer loop
      vertex -2.80776 -24 217.296
      vertex -3.33939 -24 217.254
      vertex -3.4981 -59 215.073
    endloop
  endfacet
  facet normal -0.193049 -0.0585449 0.979441
    outer loop
      vertex -2.52183 -20.2817 217.574
      vertex -2.61052 -14 217.932
      vertex -2.74499 -20.8173 217.498
    endloop
  endfacet
  facet normal -0.193866 -0.0584447 0.979285
    outer loop
      vertex -2.80776 -24 217.296
      vertex -1.97512 -59 215.372
      vertex -2.46932 -24 217.363
    endloop
  endfacet
  facet normal -0.192319 -0.0584248 0.979592
    outer loop
      vertex -1.97512 -59 215.372
      vertex -2.80776 -24 217.296
      vertex -3.4981 -59 215.073
    endloop
  endfacet
  facet normal -0.134096 -0.0674314 0.988672
    outer loop
      vertex -4.96123 -59 214.687
      vertex -5.17638 -14 217.727
      vertex -7.65367 -14 217.391
    endloop
  endfacet
  facet normal -0.254527 -0.0663934 0.964784
    outer loop
      vertex -4.96123 -59 214.687
      vertex -3.4981 -59 215.073
      vertex -5.17638 -14 217.727
    endloop
  endfacet
  facet normal -0.19213 -0.0745434 0.978534
    outer loop
      vertex -8 -14 217.323
      vertex -6.33947 -59 214.221
      vertex -7.65367 -14 217.391
    endloop
  endfacet
  facet normal -0.193218 -0.0745686 0.978318
    outer loop
      vertex -6.33947 -59 214.221
      vertex -8 -14 217.323
      vertex -10 -14 216.928
    endloop
  endfacet
  facet normal -0.319376 -0.075868 0.944586
    outer loop
      vertex -6.33947 -59 214.221
      vertex -4.96123 -59 214.687
      vertex -7.65367 -14 217.391
    endloop
  endfacet
  facet normal -0.257163 -0.0830904 0.962789
    outer loop
      vertex -7.60924 -59 213.683
      vertex -10 -14 216.928
      vertex -12.1752 -14 216.347
    endloop
  endfacet
  facet normal -0.388653 -0.086795 0.917287
    outer loop
      vertex -7.60924 -59 213.683
      vertex -6.33947 -59 214.221
      vertex -10 -14 216.928
    endloop
  endfacet
  facet normal -0.329585 -0.0932618 0.939508
    outer loop
      vertex -8.74881 -59 213.082
      vertex -12.1752 -14 216.347
      vertex -14.1421 -14 215.657
    endloop
  endfacet
  facet normal -0.46419 -0.0992051 0.880162
    outer loop
      vertex -8.74881 -59 213.082
      vertex -7.60924 -59 213.683
      vertex -12.1752 -14 216.347
    endloop
  endfacet
  facet normal -0.412766 -0.10531 0.904729
    outer loop
      vertex -9.73869 -59 212.428
      vertex -14.1421 -14 215.657
      vertex -15.8671 -14 214.87
    endloop
  endfacet
  facet normal -0.547705 -0.11308 0.828995
    outer loop
      vertex -9.73869 -59 212.428
      vertex -8.74881 -59 213.082
      vertex -14.1421 -14 215.657
    endloop
  endfacet
  facet normal -0.509929 -0.119502 0.851875
    outer loop
      vertex -10.5619 -59 211.733
      vertex -15.8671 -14 214.87
      vertex -17.3205 -14 214
    endloop
  endfacet
  facet normal -0.639769 -0.128251 0.757791
    outer loop
      vertex -10.5619 -59 211.733
      vertex -9.73869 -59 212.428
      vertex -15.8671 -14 214.87
    endloop
  endfacet
  facet normal -0.624276 -0.135994 0.769276
    outer loop
      vertex -11.2045 -59 211.008
      vertex -17.3205 -14 214
      vertex -18.4776 -14 213.061
    endloop
  endfacet
  facet normal -0.740523 -0.144286 0.656359
    outer loop
      vertex -11.2045 -59 211.008
      vertex -10.5619 -59 211.733
      vertex -17.3205 -14 214
    endloop
  endfacet
  facet normal -0.753085 -0.153917 0.639666
    outer loop
      vertex -11.6553 -59 210.265
      vertex -18.4776 -14 213.061
      vertex -19.3185 -14 212.071
    endloop
  endfacet
  facet normal -0.843962 -0.159766 0.512057
    outer loop
      vertex -11.6553 -59 210.265
      vertex -11.2045 -59 211.008
      vertex -18.4776 -14 213.061
    endloop
  endfacet
  facet normal -0.882436 -0.170224 0.438555
    outer loop
      vertex -11.9067 -59 209.518
      vertex -19.3185 -14 212.071
      vertex -19.8289 -14 211.044
    endloop
  endfacet
  facet normal -0.933705 -0.171615 0.314235
    outer loop
      vertex -11.9067 -59 209.518
      vertex -11.6553 -59 210.265
      vertex -19.3185 -14 212.071
    endloop
  endfacet
  facet normal -0.971359 -0.176405 0.159195
    outer loop
      vertex -11.9067 -59 209.518
      vertex -19.8289 -14 211.044
      vertex -20 -14 210
    endloop
  endfacet
  facet normal -0.982114 -0.177313 0.063345
    outer loop
      vertex -11.9543 -59 208.78
      vertex -11.9067 -59 209.518
      vertex -20 -14 210
    endloop
  endfacet
  facet normal -0.972545 -0.169563 -0.159389
    outer loop
      vertex -19.8289 -14 208.956
      vertex -11.9543 -59 208.78
      vertex -20 -14 210
    endloop
  endfacet
  facet normal -0.963136 -0.167718 -0.210334
    outer loop
      vertex -11.7975 -59 208.062
      vertex -11.9543 -59 208.78
      vertex -19.8289 -14 208.956
    endloop
  endfacet
  facet normal -0.88547 -0.149292 -0.440062
    outer loop
      vertex -19.3185 -14 207.929
      vertex -11.7975 -59 208.062
      vertex -19.8289 -14 208.956
    endloop
  endfacet
  facet normal -0.87584 -0.14774 -0.459432
    outer loop
      vertex -11.4387 -59 207.378
      vertex -11.7975 -59 208.062
      vertex -19.3185 -14 207.929
    endloop
  endfacet
  facet normal -0.756232 -0.124556 -0.642339
    outer loop
      vertex -18.4776 -14 206.939
      vertex -11.4387 -59 207.378
      vertex -19.3185 -14 207.929
    endloop
  endfacet
  facet normal -0.750044 -0.12366 -0.649725
    outer loop
      vertex -10.8843 -59 206.738
      vertex -11.4387 -59 207.378
      vertex -18.4776 -14 206.939
    endloop
  endfacet
  facet normal -0.626823 -0.10232 -0.772414
    outer loop
      vertex -17.3205 -14 206
      vertex -10.8843 -59 206.738
      vertex -18.4776 -14 206.939
    endloop
  endfacet
  facet normal -0.615985 -0.100915 -0.781267
    outer loop
      vertex -10.1436 -59 206.154
      vertex -10.8843 -59 206.738
      vertex -17.3205 -14 206
    endloop
  endfacet
  facet normal -0.511771 -0.0845465 -0.854952
    outer loop
      vertex -15.8671 -14 205.13
      vertex -10.1436 -59 206.154
      vertex -17.3205 -14 206
    endloop
  endfacet
  facet normal -0.491286 -0.0822176 -0.867109
    outer loop
      vertex -9.22934 -59 205.636
      vertex -10.1436 -59 206.154
      vertex -15.8671 -14 205.13
    endloop
  endfacet
  facet normal -0.414018 -0.0712742 -0.907474
    outer loop
      vertex -14.1421 -14 204.343
      vertex -9.22934 -59 205.636
      vertex -15.8671 -14 205.13
    endloop
  endfacet
  facet normal -0.381718 -0.0681584 -0.921762
    outer loop
      vertex -8.15718 -59 205.192
      vertex -9.22934 -59 205.636
      vertex -14.1421 -14 204.343
    endloop
  endfacet
  facet normal -0.330397 -0.0617112 -0.941823
    outer loop
      vertex -12.1752 -14 203.653
      vertex -8.15718 -59 205.192
      vertex -14.1421 -14 204.343
    endloop
  endfacet
  facet normal -0.285034 -0.0581714 -0.956751
    outer loop
      vertex -6.94544 -59 204.831
      vertex -8.15718 -59 205.192
      vertex -12.1752 -14 203.653
    endloop
  endfacet
  facet normal -0.257662 -0.0551972 -0.964657
    outer loop
      vertex -10 -14 203.072
      vertex -6.94544 -59 204.831
      vertex -12.1752 -14 203.653
    endloop
  endfacet
  facet normal -0.200013 -0.0518221 -0.978422
    outer loop
      vertex -5.61487 -59 204.559
      vertex -6.94544 -59 204.831
      vertex -10 -14 203.072
    endloop
  endfacet
  facet normal -0.192413 -0.0511833 -0.979978
    outer loop
      vertex -5.61487 -59 204.559
      vertex -8 -14 202.677
      vertex -7.65367 -14 202.609
    endloop
  endfacet
  facet normal -0.193503 -0.051232 -0.979761
    outer loop
      vertex -8 -14 202.677
      vertex -5.61487 -59 204.559
      vertex -10 -14 203.072
    endloop
  endfacet
  facet normal -0.125029 -0.0486063 -0.990962
    outer loop
      vertex -4.18822 -59 204.379
      vertex -5.61487 -59 204.559
      vertex -7.65367 -14 202.609
    endloop
  endfacet
  facet normal -0.134238 -0.0492668 -0.989724
    outer loop
      vertex -5.17638 -14 202.273
      vertex -4.18822 -59 204.379
      vertex -7.65367 -14 202.609
    endloop
  endfacet
  facet normal -0.0552479 -0.0478879 -0.997324
    outer loop
      vertex -2.68992 -59 204.296
      vertex -4.18822 -59 204.379
      vertex -5.17638 -14 202.273
    endloop
  endfacet
  facet normal -0.0790428 -0.0491599 -0.995658
    outer loop
      vertex -2.68992 -59 204.296
      vertex -3.01866 -24 202.594
      vertex -2.62817 -24 202.563
    endloop
  endfacet
  facet normal -0.0797361 -0.0491637 -0.995603
    outer loop
      vertex -3.01866 -24 202.594
      vertex -2.68992 -59 204.296
      vertex -5.17638 -14 202.273
    endloop
  endfacet
  facet normal -0.078483 -0.0488969 -0.995716
    outer loop
      vertex -5.17638 -14 202.273
      vertex -2.6245 -21.9243 202.461
      vertex -3.01866 -24 202.594
    endloop
  endfacet
  facet normal -0.0795449 -0.0492365 -0.995615
    outer loop
      vertex -2.6245 -21.9243 202.461
      vertex -5.17638 -14 202.273
      vertex -2.61052 -14 202.068
    endloop
  endfacet
  facet normal 0.0103443 -0.049549 -0.998718
    outer loop
      vertex -2.61052 -14 202.068
      vertex -2.40327 -20.3664 202.386
      vertex -2.6245 -21.9243 202.461
    endloop
  endfacet
  facet normal 0.00905396 -0.0494423 -0.998736
    outer loop
      vertex -2.68992 -59 204.296
      vertex -2.28498 -24 202.567
      vertex -1.14559 -59 204.31
    endloop
  endfacet
  facet normal 0.0116403 -0.0494708 -0.998708
    outer loop
      vertex -2.28498 -24 202.567
      vertex -2.68992 -59 204.296
      vertex -2.62817 -24 202.563
    endloop
  endfacet
  facet normal -0.0260067 -0.0502524 -0.998398
    outer loop
      vertex -1.04421 -14.8106 202.068
      vertex -2.61052 -14 202.068
      vertex 0 -14 202
    endloop
  endfacet
  facet normal -0.0262841 -0.0507883 -0.998364
    outer loop
      vertex -2.07055 -18.3092 202.273
      vertex -2.61052 -14 202.068
      vertex -1.04421 -14.8106 202.068
    endloop
  endfacet
  facet normal -0.025587 -0.0507021 -0.998386
    outer loop
      vertex -2.61052 -14 202.068
      vertex -2.07055 -18.3092 202.273
      vertex -2.40327 -20.3664 202.386
    endloop
  endfacet
  facet normal -0.0265522 -0.050583 -0.998367
    outer loop
      vertex -0.254574 -24 202.513
      vertex -1.14559 -59 204.31
      vertex -2.28498 -24 202.567
    endloop
  endfacet
  facet normal 0.0716482 -0.0529201 -0.996025
    outer loop
      vertex 0.418347 -59 204.421
      vertex -0.254574 -24 202.513
      vertex 0.0929661 -24 202.538
    endloop
  endfacet
  facet normal 0.0706973 -0.052942 -0.996092
    outer loop
      vertex -0.254574 -24 202.513
      vertex 0.418347 -59 204.421
      vertex -1.14559 -59 204.31
    endloop
  endfacet
  facet normal 0.0250551 -0.0535296 -0.998252
    outer loop
      vertex 2.07055 -18.0757 202.273
      vertex 2.61052 -14 202.068
      vertex 2.33627 -19.6297 202.363
    endloop
  endfacet
  facet normal 0.026281 -0.05369 -0.998212
    outer loop
      vertex 1.04421 -14.7667 202.068
      vertex 2.61052 -14 202.068
      vertex 2.07055 -18.0757 202.273
    endloop
  endfacet
  facet normal 0.0260029 -0.0531219 -0.998249
    outer loop
      vertex 2.61052 -14 202.068
      vertex 1.04421 -14.7667 202.068
      vertex 0 -14 202
    endloop
  endfacet
  facet normal 0.026057 -0.0534625 -0.99823
    outer loop
      vertex 2.12337 -24 202.591
      vertex 0.418347 -59 204.421
      vertex 0.0929661 -24 202.538
    endloop
  endfacet
  facet normal 0.131306 -0.0582538 -0.989629
    outer loop
      vertex 2.61052 -14 202.068
      vertex 2.52183 -20.2817 202.426
      vertex 2.33627 -19.6297 202.363
    endloop
  endfacet
  facet normal 0.131584 -0.0581519 -0.989598
    outer loop
      vertex 1.97512 -59 204.628
      vertex 2.12337 -24 202.591
      vertex 2.46932 -24 202.637
    endloop
  endfacet
  facet normal 0.131584 -0.0581519 -0.989598
    outer loop
      vertex 2.12337 -24 202.591
      vertex 1.97512 -59 204.628
      vertex 0.418347 -59 204.421
    endloop
  endfacet
  facet normal 0.0786071 -0.0616461 -0.994998
    outer loop
      vertex 3.4981 -59 204.927
      vertex 2.80776 -24 202.704
      vertex 3.33939 -24 202.746
    endloop
  endfacet
  facet normal 0.0793604 -0.061639 -0.994938
    outer loop
      vertex 3.33939 -24 202.746
      vertex 5.17638 -14 202.273
      vertex 3.4981 -59 204.927
    endloop
  endfacet
  facet normal 0.0791968 -0.0616097 -0.994953
    outer loop
      vertex 3.06147 -22.1448 202.609
      vertex 5.17638 -14 202.273
      vertex 3.33939 -24 202.746
    endloop
  endfacet
  facet normal 0.0786098 -0.0614595 -0.995009
    outer loop
      vertex 2.74499 -20.8173 202.502
      vertex 5.17638 -14 202.273
      vertex 3.06147 -22.1448 202.609
    endloop
  endfacet
  facet normal 0.0794894 -0.0617703 -0.99492
    outer loop
      vertex 5.17638 -14 202.273
      vertex 2.74499 -20.8173 202.502
      vertex 2.61052 -14 202.068
    endloop
  endfacet
  facet normal 0.193049 -0.0585449 -0.979441
    outer loop
      vertex 2.61052 -14 202.068
      vertex 2.74499 -20.8173 202.502
      vertex 2.52183 -20.2817 202.426
    endloop
  endfacet
  facet normal 0.193867 -0.058375 -0.979289
    outer loop
      vertex 3.4981 -59 204.927
      vertex 2.46932 -24 202.637
      vertex 2.80776 -24 202.704
    endloop
  endfacet
  facet normal 0.192319 -0.0584403 -0.979591
    outer loop
      vertex 2.46932 -24 202.637
      vertex 3.4981 -59 204.927
      vertex 1.97512 -59 204.628
    endloop
  endfacet
  facet normal 0.134096 -0.0674314 -0.988672
    outer loop
      vertex 5.17638 -14 202.273
      vertex 7.65367 -14 202.609
      vertex 4.96123 -59 205.313
    endloop
  endfacet
  facet normal 0.254527 -0.0663934 -0.964784
    outer loop
      vertex 5.17638 -14 202.273
      vertex 4.96123 -59 205.313
      vertex 3.4981 -59 204.927
    endloop
  endfacet
  facet normal 0.193218 -0.0745686 -0.978318
    outer loop
      vertex 6.33947 -59 205.779
      vertex 8 -14 202.677
      vertex 10 -14 203.072
    endloop
  endfacet
  facet normal 0.19213 -0.0745434 -0.978534
    outer loop
      vertex 8 -14 202.677
      vertex 6.33947 -59 205.779
      vertex 7.65367 -14 202.609
    endloop
  endfacet
  facet normal 0.319376 -0.075868 -0.944586
    outer loop
      vertex 7.65367 -14 202.609
      vertex 6.33947 -59 205.779
      vertex 4.96123 -59 205.313
    endloop
  endfacet
  facet normal 0.257163 -0.0830904 -0.962789
    outer loop
      vertex 10 -14 203.072
      vertex 12.1752 -14 203.653
      vertex 7.60924 -59 206.317
    endloop
  endfacet
  facet normal 0.388653 -0.086795 -0.917287
    outer loop
      vertex 10 -14 203.072
      vertex 7.60924 -59 206.317
      vertex 6.33947 -59 205.779
    endloop
  endfacet
  facet normal 0.329585 -0.0932618 -0.939508
    outer loop
      vertex 12.1752 -14 203.653
      vertex 14.1421 -14 204.343
      vertex 8.74881 -59 206.918
    endloop
  endfacet
  facet normal 0.46419 -0.0992051 -0.880162
    outer loop
      vertex 12.1752 -14 203.653
      vertex 8.74881 -59 206.918
      vertex 7.60924 -59 206.317
    endloop
  endfacet
  facet normal 0.412766 -0.10531 -0.904729
    outer loop
      vertex 14.1421 -14 204.343
      vertex 15.8671 -14 205.13
      vertex 9.73869 -59 207.572
    endloop
  endfacet
  facet normal 0.547705 -0.11308 -0.828995
    outer loop
      vertex 14.1421 -14 204.343
      vertex 9.73869 -59 207.572
      vertex 8.74881 -59 206.918
    endloop
  endfacet
  facet normal 0.509929 -0.119502 -0.851875
    outer loop
      vertex 15.8671 -14 205.13
      vertex 17.3205 -14 206
      vertex 10.5619 -59 208.267
    endloop
  endfacet
  facet normal 0.639769 -0.128251 -0.757791
    outer loop
      vertex 15.8671 -14 205.13
      vertex 10.5619 -59 208.267
      vertex 9.73869 -59 207.572
    endloop
  endfacet
  facet normal 0.624276 -0.135994 -0.769276
    outer loop
      vertex 17.3205 -14 206
      vertex 18.4776 -14 206.939
      vertex 11.2045 -59 208.992
    endloop
  endfacet
  facet normal 0.740523 -0.144286 -0.656359
    outer loop
      vertex 17.3205 -14 206
      vertex 11.2045 -59 208.992
      vertex 10.5619 -59 208.267
    endloop
  endfacet
  facet normal 0.753085 -0.153917 -0.639666
    outer loop
      vertex 18.4776 -14 206.939
      vertex 19.3185 -14 207.929
      vertex 11.6553 -59 209.735
    endloop
  endfacet
  facet normal 0.843962 -0.159766 -0.512057
    outer loop
      vertex 18.4776 -14 206.939
      vertex 11.6553 -59 209.735
      vertex 11.2045 -59 208.992
    endloop
  endfacet
  facet normal 0.882436 -0.170224 -0.438555
    outer loop
      vertex 19.3185 -14 207.929
      vertex 19.8289 -14 208.956
      vertex 11.9067 -59 210.482
    endloop
  endfacet
  facet normal 0.933705 -0.171615 -0.314235
    outer loop
      vertex 19.3185 -14 207.929
      vertex 11.9067 -59 210.482
      vertex 11.6553 -59 209.735
    endloop
  endfacet
  facet normal 0.971359 -0.176405 -0.159195
    outer loop
      vertex 19.8289 -14 208.956
      vertex 20 -14 210
      vertex 11.9067 -59 210.482
    endloop
  endfacet
  facet normal 0.982114 -0.177313 -0.063345
    outer loop
      vertex 20 -14 210
      vertex 11.9543 -59 211.22
      vertex 11.9067 -59 210.482
    endloop
  endfacet
  facet normal 0.962641 -0.170669 0.210226
    outer loop
      vertex 11.9543 -59 211.22
      vertex 11.7975 -59 211.938
      vertex 3.93923 -104 211.389
    endloop
  endfacet
  facet normal 0.970442 -0.171538 0.169755
    outer loop
      vertex 3.93923 -104 211.389
      vertex 11.7975 -59 211.938
      vertex 3.86926 -104 211.789
    endloop
  endfacet
  facet normal 0.874766 -0.155638 0.458869
    outer loop
      vertex 11.7975 -59 211.938
      vertex 11.4387 -59 212.622
      vertex 3.86926 -104 211.789
    endloop
  endfacet
  facet normal 0.925472 -0.162012 0.342424
    outer loop
      vertex 3.86926 -104 211.789
      vertex 11.4387 -59 212.622
      vertex 3.7331 -104 212.157
    endloop
  endfacet
  facet normal 0.748931 -0.134947 0.648762
    outer loop
      vertex 11.4387 -59 212.622
      vertex 10.8843 -59 213.262
      vertex 3.7331 -104 212.157
    endloop
  endfacet
  facet normal 0.847198 -0.147168 0.510488
    outer loop
      vertex 3.7331 -104 212.157
      vertex 10.8843 -59 213.262
      vertex 3.53305 -104 212.489
    endloop
  endfacet
  facet normal 0.615117 -0.113888 0.780167
    outer loop
      vertex 10.8843 -59 213.262
      vertex 10.1436 -59 213.846
      vertex 3.53305 -104 212.489
    endloop
  endfacet
  facet normal 0.73779 -0.128367 0.662713
    outer loop
      vertex 3.53305 -104 212.489
      vertex 10.1436 -59 213.846
      vertex 3.27256 -104 212.779
    endloop
  endfacet
  facet normal 0.490703 -0.0954611 0.866082
    outer loop
      vertex 10.1436 -59 213.846
      vertex 9.22934 -59 214.364
      vertex 3.27256 -104 212.779
    endloop
  endfacet
  facet normal 0.603879 -0.107754 0.789759
    outer loop
      vertex 3.27256 -104 212.779
      vertex 9.22934 -59 214.364
      vertex 2.95607 -104 213.021
    endloop
  endfacet
  facet normal 0.381361 -0.0806478 0.920901
    outer loop
      vertex 9.22934 -59 214.364
      vertex 8.15718 -59 214.808
      vertex 2.95607 -104 213.021
    endloop
  endfacet
  facet normal 0.457897 -0.0880537 0.884634
    outer loop
      vertex 2.95607 -104 213.021
      vertex 8.15718 -59 214.808
      vertex 2.589 -104 213.211
    endloop
  endfacet
  facet normal 0.284833 -0.0691747 0.956078
    outer loop
      vertex 8.15718 -59 214.808
      vertex 6.94544 -59 215.169
      vertex 2.589 -104 213.211
    endloop
  endfacet
  facet normal 0.311016 -0.0713459 0.947723
    outer loop
      vertex 2.589 -104 213.211
      vertex 6.94544 -59 215.169
      vertex 2.17763 -104 213.346
    endloop
  endfacet
  facet normal 0.199911 -0.0607977 0.977926
    outer loop
      vertex 6.94544 -59 215.169
      vertex 5.61487 -59 215.441
      vertex 2.17763 -104 213.346
    endloop
  endfacet
  facet normal 0.170996 -0.0588492 0.983513
    outer loop
      vertex 2.17763 -104 213.346
      vertex 5.61487 -59 215.441
      vertex 1.729 -104 213.424
    endloop
  endfacet
  facet normal 0.124986 -0.0551948 0.990622
    outer loop
      vertex 5.61487 -59 215.441
      vertex 4.18822 -59 215.621
      vertex 1.729 -104 213.424
    endloop
  endfacet
  facet normal 0.0396487 -0.0508873 0.997917
    outer loop
      vertex 1.729 -104 213.424
      vertex 4.18822 -59 215.621
      vertex 1.25079 -104 213.443
    endloop
  endfacet
  facet normal 0.0552369 -0.0518665 0.997125
    outer loop
      vertex 4.18822 -59 215.621
      vertex 2.68992 -59 215.704
      vertex 1.25079 -104 213.443
    endloop
  endfacet
  facet normal -0.0777358 -0.0475494 0.995839
    outer loop
      vertex 1.25079 -104 213.443
      vertex 2.68992 -59 215.704
      vertex 0.751178 -104 213.404
    endloop
  endfacet
  facet normal -0.00905341 -0.0506534 0.998675
    outer loop
      vertex 2.68992 -59 215.704
      vertex 1.14559 -59 215.69
      vertex 0.751178 -104 213.404
    endloop
  endfacet
  facet normal -0.18761 -0.0481935 0.981061
    outer loop
      vertex 0.751178 -104 213.404
      vertex 1.14559 -59 215.69
      vertex 0.238712 -104 213.306
    endloop
  endfacet
  facet normal -0.0707032 -0.0513503 0.996175
    outer loop
      vertex 0.238712 -104 213.306
      vertex 1.14559 -59 215.69
      vertex -0.418347 -59 215.579
    endloop
  endfacet
  facet normal -0.287012 -0.052504 0.956487
    outer loop
      vertex -0.277837 -104 213.151
      vertex 0.238712 -104 213.306
      vertex -0.418347 -59 215.579
    endloop
  endfacet
  facet normal -0.131594 -0.0568869 0.98967
    outer loop
      vertex -0.789633 -104 212.943
      vertex -0.418347 -59 215.579
      vertex -1.97512 -59 215.372
    endloop
  endfacet
  facet normal -0.376014 -0.051094 0.925204
    outer loop
      vertex -0.277837 -104 213.151
      vertex -0.418347 -59 215.579
      vertex -0.789633 -104 212.943
    endloop
  endfacet
  facet normal -0.192284 -0.0614401 0.979414
    outer loop
      vertex -1.28792 -104 212.684
      vertex -1.97512 -59 215.372
      vertex -3.4981 -59 215.073
    endloop
  endfacet
  facet normal -0.46037 -0.0599363 0.885701
    outer loop
      vertex -1.28792 -104 212.684
      vertex -0.789633 -104 212.943
      vertex -1.97512 -59 215.372
    endloop
  endfacet
  facet normal -0.254508 -0.0675391 0.964709
    outer loop
      vertex -1.76417 -104 212.38
      vertex -3.4981 -59 215.073
      vertex -4.96123 -59 214.687
    endloop
  endfacet
  facet normal -0.536691 -0.0709961 0.840787
    outer loop
      vertex -1.76417 -104 212.38
      vertex -1.28792 -104 212.684
      vertex -3.4981 -59 215.073
    endloop
  endfacet
  facet normal -0.319393 -0.075196 0.944634
    outer loop
      vertex -2.21023 -104 212.035
      vertex -4.96123 -59 214.687
      vertex -6.33947 -59 214.221
    endloop
  endfacet
  facet normal -0.609652 -0.0837234 0.788235
    outer loop
      vertex -2.21023 -104 212.035
      vertex -1.76417 -104 212.38
      vertex -4.96123 -59 214.687
    endloop
  endfacet
  facet normal -0.388731 -0.0844803 0.91747
    outer loop
      vertex -2.61847 -104 211.654
      vertex -6.33947 -59 214.221
      vertex -7.60924 -59 213.683
    endloop
  endfacet
  facet normal -0.679034 -0.0976531 0.727583
    outer loop
      vertex -2.61847 -104 211.654
      vertex -2.21023 -104 212.035
      vertex -6.33947 -59 214.221
    endloop
  endfacet
  facet normal -0.464362 -0.0954334 0.880488
    outer loop
      vertex -2.98192 -104 211.246
      vertex -7.60924 -59 213.683
      vertex -8.74881 -59 213.082
    endloop
  endfacet
  facet normal -0.741991 -0.112094 0.660972
    outer loop
      vertex -2.98192 -104 211.246
      vertex -2.61847 -104 211.654
      vertex -7.60924 -59 213.683
    endloop
  endfacet
  facet normal -0.548005 -0.108191 0.829449
    outer loop
      vertex -3.29434 -104 210.816
      vertex -8.74881 -59 213.082
      vertex -9.73869 -59 212.428
    endloop
  endfacet
  facet normal -0.802498 -0.126632 0.583062
    outer loop
      vertex -3.29434 -104 210.816
      vertex -2.98192 -104 211.246
      vertex -8.74881 -59 213.082
    endloop
  endfacet
  facet normal -0.640224 -0.122673 0.75833
    outer loop
      vertex -3.55039 -104 210.373
      vertex -9.73869 -59 212.428
      vertex -10.5619 -59 211.733
    endloop
  endfacet
  facet normal -0.857196 -0.140505 0.495452
    outer loop
      vertex -3.55039 -104 210.373
      vertex -3.29434 -104 210.816
      vertex -9.73869 -59 212.428
    endloop
  endfacet
  facet normal -0.741123 -0.13868 0.65689
    outer loop
      vertex -3.7457 -104 209.923
      vertex -10.5619 -59 211.733
      vertex -11.2045 -59 211.008
    endloop
  endfacet
  facet normal -0.906505 -0.153135 0.393443
    outer loop
      vertex -3.7457 -104 209.923
      vertex -3.55039 -104 210.373
      vertex -10.5619 -59 211.733
    endloop
  endfacet
  facet normal -0.844612 -0.155001 0.512451
    outer loop
      vertex -3.87691 -104 209.474
      vertex -11.2045 -59 211.008
      vertex -11.6553 -59 210.265
    endloop
  endfacet
  facet normal -0.946919 -0.163625 0.276715
    outer loop
      vertex -3.87691 -104 209.474
      vertex -3.7457 -104 209.923
      vertex -11.2045 -59 211.008
    endloop
  endfacet
  facet normal -0.934177 -0.168729 0.314394
    outer loop
      vertex -3.9418 -104 209.034
      vertex -11.6553 -59 210.265
      vertex -11.9067 -59 209.518
    endloop
  endfacet
  facet normal -0.974726 -0.171011 0.14375
    outer loop
      vertex -3.9418 -104 209.034
      vertex -3.87691 -104 209.474
      vertex -11.6553 -59 210.265
    endloop
  endfacet
  facet normal -0.982598 -0.174599 0.0633762
    outer loop
      vertex -3.9418 -104 209.034
      vertex -11.9067 -59 209.518
      vertex -11.9543 -59 208.78
    endloop
  endfacet
  facet normal -0.984492 -0.175328 -0.00598143
    outer loop
      vertex -3.93923 -104 208.611
      vertex -3.9418 -104 209.034
      vertex -11.9543 -59 208.78
    endloop
  endfacet
  facet normal -0.962641 -0.170669 -0.210226
    outer loop
      vertex -11.7975 -59 208.062
      vertex -3.93923 -104 208.611
      vertex -11.9543 -59 208.78
    endloop
  endfacet
  facet normal -0.970442 -0.171538 -0.169755
    outer loop
      vertex -3.86926 -104 208.211
      vertex -3.93923 -104 208.611
      vertex -11.7975 -59 208.062
    endloop
  endfacet
  facet normal -0.874766 -0.155638 -0.458869
    outer loop
      vertex -11.4387 -59 207.378
      vertex -3.86926 -104 208.211
      vertex -11.7975 -59 208.062
    endloop
  endfacet
  facet normal -0.925472 -0.162012 -0.342424
    outer loop
      vertex -3.7331 -104 207.843
      vertex -3.86926 -104 208.211
      vertex -11.4387 -59 207.378
    endloop
  endfacet
  facet normal -0.748931 -0.134947 -0.648762
    outer loop
      vertex -10.8843 -59 206.738
      vertex -3.7331 -104 207.843
      vertex -11.4387 -59 207.378
    endloop
  endfacet
  facet normal -0.847198 -0.147168 -0.510488
    outer loop
      vertex -3.53305 -104 207.511
      vertex -3.7331 -104 207.843
      vertex -10.8843 -59 206.738
    endloop
  endfacet
  facet normal -0.615117 -0.113888 -0.780167
    outer loop
      vertex -10.1436 -59 206.154
      vertex -3.53305 -104 207.511
      vertex -10.8843 -59 206.738
    endloop
  endfacet
  facet normal -0.73779 -0.128367 -0.662713
    outer loop
      vertex -3.27256 -104 207.221
      vertex -3.53305 -104 207.511
      vertex -10.1436 -59 206.154
    endloop
  endfacet
  facet normal -0.490703 -0.0954611 -0.866082
    outer loop
      vertex -9.22934 -59 205.636
      vertex -3.27256 -104 207.221
      vertex -10.1436 -59 206.154
    endloop
  endfacet
  facet normal -0.603879 -0.107754 -0.789759
    outer loop
      vertex -2.95607 -104 206.979
      vertex -3.27256 -104 207.221
      vertex -9.22934 -59 205.636
    endloop
  endfacet
  facet normal -0.381361 -0.0806478 -0.920901
    outer loop
      vertex -8.15718 -59 205.192
      vertex -2.95607 -104 206.979
      vertex -9.22934 -59 205.636
    endloop
  endfacet
  facet normal -0.457897 -0.0880537 -0.884634
    outer loop
      vertex -2.589 -104 206.789
      vertex -2.95607 -104 206.979
      vertex -8.15718 -59 205.192
    endloop
  endfacet
  facet normal -0.284833 -0.0691747 -0.956078
    outer loop
      vertex -6.94544 -59 204.831
      vertex -2.589 -104 206.789
      vertex -8.15718 -59 205.192
    endloop
  endfacet
  facet normal -0.311016 -0.0713459 -0.947723
    outer loop
      vertex -2.17763 -104 206.654
      vertex -2.589 -104 206.789
      vertex -6.94544 -59 204.831
    endloop
  endfacet
  facet normal -0.199911 -0.0607977 -0.977926
    outer loop
      vertex -5.61487 -59 204.559
      vertex -2.17763 -104 206.654
      vertex -6.94544 -59 204.831
    endloop
  endfacet
  facet normal -0.170996 -0.0588492 -0.983513
    outer loop
      vertex -1.729 -104 206.576
      vertex -2.17763 -104 206.654
      vertex -5.61487 -59 204.559
    endloop
  endfacet
  facet normal -0.124986 -0.0551948 -0.990622
    outer loop
      vertex -4.18822 -59 204.379
      vertex -1.729 -104 206.576
      vertex -5.61487 -59 204.559
    endloop
  endfacet
  facet normal -0.0396487 -0.0508873 -0.997917
    outer loop
      vertex -1.25079 -104 206.557
      vertex -1.729 -104 206.576
      vertex -4.18822 -59 204.379
    endloop
  endfacet
  facet normal -0.0552369 -0.0518665 -0.997125
    outer loop
      vertex -2.68992 -59 204.296
      vertex -1.25079 -104 206.557
      vertex -4.18822 -59 204.379
    endloop
  endfacet
  facet normal 0.0777358 -0.0475494 -0.995839
    outer loop
      vertex -0.751178 -104 206.596
      vertex -1.25079 -104 206.557
      vertex -2.68992 -59 204.296
    endloop
  endfacet
  facet normal 0.00905341 -0.0506534 -0.998675
    outer loop
      vertex -1.14559 -59 204.31
      vertex -0.751178 -104 206.596
      vertex -2.68992 -59 204.296
    endloop
  endfacet
  facet normal 0.18761 -0.0481935 -0.981061
    outer loop
      vertex -0.238712 -104 206.694
      vertex -0.751178 -104 206.596
      vertex -1.14559 -59 204.31
    endloop
  endfacet
  facet normal 0.0707032 -0.0513503 -0.996175
    outer loop
      vertex 0.418347 -59 204.421
      vertex -0.238712 -104 206.694
      vertex -1.14559 -59 204.31
    endloop
  endfacet
  facet normal 0.287012 -0.052504 -0.956487
    outer loop
      vertex 0.418347 -59 204.421
      vertex 0.277837 -104 206.849
      vertex -0.238712 -104 206.694
    endloop
  endfacet
  facet normal 0.131594 -0.0568869 -0.98967
    outer loop
      vertex 1.97512 -59 204.628
      vertex 0.789633 -104 207.057
      vertex 0.418347 -59 204.421
    endloop
  endfacet
  facet normal 0.376014 -0.051094 -0.925204
    outer loop
      vertex 0.418347 -59 204.421
      vertex 0.789633 -104 207.057
      vertex 0.277837 -104 206.849
    endloop
  endfacet
  facet normal 0.192284 -0.0614401 -0.979414
    outer loop
      vertex 1.97512 -59 204.628
      vertex 3.4981 -59 204.927
      vertex 1.28792 -104 207.316
    endloop
  endfacet
  facet normal 0.46037 -0.0599363 -0.885701
    outer loop
      vertex 1.97512 -59 204.628
      vertex 1.28792 -104 207.316
      vertex 0.789633 -104 207.057
    endloop
  endfacet
  facet normal 0.254508 -0.0675391 -0.964709
    outer loop
      vertex 3.4981 -59 204.927
      vertex 4.96123 -59 205.313
      vertex 1.76417 -104 207.62
    endloop
  endfacet
  facet normal 0.536691 -0.0709961 -0.840787
    outer loop
      vertex 3.4981 -59 204.927
      vertex 1.76417 -104 207.62
      vertex 1.28792 -104 207.316
    endloop
  endfacet
  facet normal 0.319393 -0.075196 -0.944634
    outer loop
      vertex 4.96123 -59 205.313
      vertex 6.33947 -59 205.779
      vertex 2.21023 -104 207.965
    endloop
  endfacet
  facet normal 0.609652 -0.0837234 -0.788235
    outer loop
      vertex 4.96123 -59 205.313
      vertex 2.21023 -104 207.965
      vertex 1.76417 -104 207.62
    endloop
  endfacet
  facet normal 0.388731 -0.0844803 -0.91747
    outer loop
      vertex 6.33947 -59 205.779
      vertex 7.60924 -59 206.317
      vertex 2.61847 -104 208.346
    endloop
  endfacet
  facet normal 0.679034 -0.0976531 -0.727583
    outer loop
      vertex 6.33947 -59 205.779
      vertex 2.61847 -104 208.346
      vertex 2.21023 -104 207.965
    endloop
  endfacet
  facet normal 0.464362 -0.0954334 -0.880488
    outer loop
      vertex 7.60924 -59 206.317
      vertex 8.74881 -59 206.918
      vertex 2.98192 -104 208.754
    endloop
  endfacet
  facet normal 0.741991 -0.112094 -0.660972
    outer loop
      vertex 7.60924 -59 206.317
      vertex 2.98192 -104 208.754
      vertex 2.61847 -104 208.346
    endloop
  endfacet
  facet normal 0.548005 -0.108191 -0.829449
    outer loop
      vertex 8.74881 -59 206.918
      vertex 9.73869 -59 207.572
      vertex 3.29434 -104 209.184
    endloop
  endfacet
  facet normal 0.802498 -0.126632 -0.583062
    outer loop
      vertex 8.74881 -59 206.918
      vertex 3.29434 -104 209.184
      vertex 2.98192 -104 208.754
    endloop
  endfacet
  facet normal 0.640224 -0.122673 -0.75833
    outer loop
      vertex 9.73869 -59 207.572
      vertex 10.5619 -59 208.267
      vertex 3.55039 -104 209.627
    endloop
  endfacet
  facet normal 0.857196 -0.140505 -0.495452
    outer loop
      vertex 9.73869 -59 207.572
      vertex 3.55039 -104 209.627
      vertex 3.29434 -104 209.184
    endloop
  endfacet
  facet normal 0.741123 -0.13868 -0.65689
    outer loop
      vertex 10.5619 -59 208.267
      vertex 11.2045 -59 208.992
      vertex 3.7457 -104 210.077
    endloop
  endfacet
  facet normal 0.906505 -0.153135 -0.393443
    outer loop
      vertex 10.5619 -59 208.267
      vertex 3.7457 -104 210.077
      vertex 3.55039 -104 209.627
    endloop
  endfacet
  facet normal 0.844612 -0.155001 -0.512451
    outer loop
      vertex 11.2045 -59 208.992
      vertex 11.6553 -59 209.735
      vertex 3.87691 -104 210.526
    endloop
  endfacet
  facet normal 0.946919 -0.163625 -0.276715
    outer loop
      vertex 11.2045 -59 208.992
      vertex 3.87691 -104 210.526
      vertex 3.7457 -104 210.077
    endloop
  endfacet
  facet normal 0.934177 -0.168729 -0.314394
    outer loop
      vertex 11.6553 -59 209.735
      vertex 11.9067 -59 210.482
      vertex 3.9418 -104 210.966
    endloop
  endfacet
  facet normal 0.974726 -0.171011 -0.14375
    outer loop
      vertex 11.6553 -59 209.735
      vertex 3.9418 -104 210.966
      vertex 3.87691 -104 210.526
    endloop
  endfacet
  facet normal 0.982598 -0.174599 -0.0633762
    outer loop
      vertex 11.9067 -59 210.482
      vertex 11.9543 -59 211.22
      vertex 3.9418 -104 210.966
    endloop
  endfacet
  facet normal 0.984492 -0.175328 0.00598143
    outer loop
      vertex 3.9418 -104 210.966
      vertex 11.9543 -59 211.22
      vertex 3.93923 -104 211.389
    endloop
  endfacet
  facet normal 0 1 0
    outer loop
      vertex 193.318 -14 -89.3049
      vertex 189.731 -14 -87.2344
      vertex 190.875 -14 -87.3056
    endloop
  endfacet
  facet normal 0 1 0
    outer loop
      vertex 192.684 -14 -88.3498
      vertex 190.875 -14 -87.3056
      vertex 191.865 -14 -87.6795
    endloop
  endfacet
  facet normal 0 1 0
    outer loop
      vertex 189.731 -14 -87.2344
      vertex 193.318 -14 -89.3049
      vertex 188.453 -14 -87.4672
    endloop
  endfacet
  facet normal 0 1 0
    outer loop
      vertex 190.875 -14 -87.3056
      vertex 192.684 -14 -88.3498
      vertex 193.318 -14 -89.3049
    endloop
  endfacet
  facet normal 0 1 0
    outer loop
      vertex 193.755 -14 -90.5287
      vertex 188.453 -14 -87.4672
      vertex 193.318 -14 -89.3049
    endloop
  endfacet
  facet normal 0 1 0
    outer loop
      vertex 188.453 -14 -87.4672
      vertex 193.755 -14 -90.5287
      vertex 187.061 -14 -88
    endloop
  endfacet
  facet normal 0 1 0
    outer loop
      vertex 193.99 -14 -92
      vertex 187.061 -14 -88
      vertex 193.755 -14 -90.5287
    endloop
  endfacet
  facet normal 0 1 0
    outer loop
      vertex 187.061 -14 -88
      vertex 193.99 -14 -92
      vertex 185.581 -14 -88.8237
    endloop
  endfacet
  facet normal 0 1 0
    outer loop
      vertex 194.016 -14 -93.6938
      vertex 185.581 -14 -88.8237
      vertex 193.99 -14 -92
    endloop
  endfacet
  facet normal 0 1 0
    outer loop
      vertex 185.581 -14 -88.8237
      vertex 194.016 -14 -93.6938
      vertex 184.037 -14 -89.9241
    endloop
  endfacet
  facet normal 0 1 -0
    outer loop
      vertex 193.835 -14 -95.581
      vertex 184.037 -14 -89.9241
      vertex 194.016 -14 -93.6938
    endloop
  endfacet
  facet normal 0 1 0
    outer loop
      vertex 184.037 -14 -89.9241
      vertex 193.835 -14 -95.581
      vertex 182.456 -14 -91.2825
    endloop
  endfacet
  facet normal 0 1 -0
    outer loop
      vertex 193.449 -14 -97.6294
      vertex 182.456 -14 -91.2825
      vertex 193.835 -14 -95.581
    endloop
  endfacet
  facet normal 0 1 0
    outer loop
      vertex 182.456 -14 -91.2825
      vertex 193.449 -14 -97.6294
      vertex 180.865 -14 -92.8756
    endloop
  endfacet
  facet normal 0 1 -0
    outer loop
      vertex 192.865 -14 -99.8038
      vertex 180.865 -14 -92.8756
      vertex 193.449 -14 -97.6294
    endloop
  endfacet
  facet normal 0 1 0
    outer loop
      vertex 180.865 -14 -92.8756
      vertex 192.865 -14 -99.8038
      vertex 179.291 -14 -94.6762
    endloop
  endfacet
  facet normal 0 1 -0
    outer loop
      vertex 192.093 -14 -102.067
      vertex 179.291 -14 -94.6762
      vertex 192.865 -14 -99.8038
    endloop
  endfacet
  facet normal 0 1 0
    outer loop
      vertex 179.291 -14 -94.6762
      vertex 192.093 -14 -102.067
      vertex 177.761 -14 -96.6534
    endloop
  endfacet
  facet normal 0 1 -0
    outer loop
      vertex 191.146 -14 -104.381
      vertex 177.761 -14 -96.6534
      vertex 192.093 -14 -102.067
    endloop
  endfacet
  facet normal 0 1 0
    outer loop
      vertex 177.761 -14 -96.6534
      vertex 191.146 -14 -104.381
      vertex 176.302 -14 -98.7734
    endloop
  endfacet
  facet normal 0 1 -0
    outer loop
      vertex 190.04 -14 -106.705
      vertex 176.302 -14 -98.7734
      vertex 191.146 -14 -104.381
    endloop
  endfacet
  facet normal 0 1 0
    outer loop
      vertex 176.302 -14 -98.7734
      vertex 190.04 -14 -106.705
      vertex 174.937 -14 -101
    endloop
  endfacet
  facet normal 0 1 -0
    outer loop
      vertex 188.794 -14 -109
      vertex 174.937 -14 -101
      vertex 190.04 -14 -106.705
    endloop
  endfacet
  facet normal 0 1 0
    outer loop
      vertex 174.937 -14 -101
      vertex 188.794 -14 -109
      vertex 173.691 -14 -103.295
    endloop
  endfacet
  facet normal 0 1 -0
    outer loop
      vertex 187.429 -14 -111.227
      vertex 173.691 -14 -103.295
      vertex 188.794 -14 -109
    endloop
  endfacet
  facet normal 0 1 0
    outer loop
      vertex 173.691 -14 -103.295
      vertex 187.429 -14 -111.227
      vertex 172.585 -14 -105.619
    endloop
  endfacet
  facet normal 0 1 -0
    outer loop
      vertex 185.969 -14 -113.347
      vertex 172.585 -14 -105.619
      vertex 187.429 -14 -111.227
    endloop
  endfacet
  facet normal 0 1 0
    outer loop
      vertex 172.585 -14 -105.619
      vertex 185.969 -14 -113.347
      vertex 171.638 -14 -107.933
    endloop
  endfacet
  facet normal 0 1 -0
    outer loop
      vertex 184.439 -14 -115.324
      vertex 171.638 -14 -107.933
      vertex 185.969 -14 -113.347
    endloop
  endfacet
  facet normal 0 1 0
    outer loop
      vertex 171.638 -14 -107.933
      vertex 184.439 -14 -115.324
      vertex 170.865 -14 -110.196
    endloop
  endfacet
  facet normal 0 1 -0
    outer loop
      vertex 182.865 -14 -117.124
      vertex 170.865 -14 -110.196
      vertex 184.439 -14 -115.324
    endloop
  endfacet
  facet normal 0 1 0
    outer loop
      vertex 170.865 -14 -110.196
      vertex 182.865 -14 -117.124
      vertex 170.281 -14 -112.371
    endloop
  endfacet
  facet normal 0 1 -0
    outer loop
      vertex 181.274 -14 -118.717
      vertex 170.281 -14 -112.371
      vertex 182.865 -14 -117.124
    endloop
  endfacet
  facet normal 0 1 0
    outer loop
      vertex 170.281 -14 -112.371
      vertex 181.274 -14 -118.717
      vertex 169.895 -14 -114.419
    endloop
  endfacet
  facet normal 0 1 -0
    outer loop
      vertex 179.693 -14 -120.076
      vertex 169.895 -14 -114.419
      vertex 181.274 -14 -118.717
    endloop
  endfacet
  facet normal 0 1 0
    outer loop
      vertex 169.895 -14 -114.419
      vertex 179.693 -14 -120.076
      vertex 169.714 -14 -116.306
    endloop
  endfacet
  facet normal 0 1 -0
    outer loop
      vertex 178.149 -14 -121.176
      vertex 169.714 -14 -116.306
      vertex 179.693 -14 -120.076
    endloop
  endfacet
  facet normal 0 1 0
    outer loop
      vertex 169.714 -14 -116.306
      vertex 178.149 -14 -121.176
      vertex 169.741 -14 -118
    endloop
  endfacet
  facet normal 0 1 -0
    outer loop
      vertex 176.669 -14 -122
      vertex 169.741 -14 -118
      vertex 178.149 -14 -121.176
    endloop
  endfacet
  facet normal 0 1 0
    outer loop
      vertex 169.741 -14 -118
      vertex 176.669 -14 -122
      vertex 169.975 -14 -119.471
    endloop
  endfacet
  facet normal 0 1 -0
    outer loop
      vertex 175.278 -14 -122.533
      vertex 169.975 -14 -119.471
      vertex 176.669 -14 -122
    endloop
  endfacet
  facet normal 0 1 0
    outer loop
      vertex 169.975 -14 -119.471
      vertex 175.278 -14 -122.533
      vertex 170.413 -14 -120.695
    endloop
  endfacet
  facet normal 0 1 -0
    outer loop
      vertex 173.999 -14 -122.766
      vertex 170.413 -14 -120.695
      vertex 175.278 -14 -122.533
    endloop
  endfacet
  facet normal 0 1 0
    outer loop
      vertex 170.413 -14 -120.695
      vertex 173.999 -14 -122.766
      vertex 171.047 -14 -121.65
    endloop
  endfacet
  facet normal -0 1 -0
    outer loop
      vertex 172.855 -14 -122.694
      vertex 171.047 -14 -121.65
      vertex 173.999 -14 -122.766
    endloop
  endfacet
  facet normal 0 1 0
    outer loop
      vertex 171.047 -14 -121.65
      vertex 172.855 -14 -122.694
      vertex 171.865 -14 -122.321
    endloop
  endfacet
  facet normal 0 -1 0
    outer loop
      vertex 181.476 -104 -100.696
      vertex 182.251 -104 -100.755
      vertex 181.863 -104 -100.688
    endloop
  endfacet
  facet normal 0 -1 0
    outer loop
      vertex 181.095 -104 -100.777
      vertex 182.251 -104 -100.755
      vertex 181.476 -104 -100.696
    endloop
  endfacet
  facet normal 0 -1 0
    outer loop
      vertex 181.095 -104 -100.777
      vertex 182.632 -104 -100.894
      vertex 182.251 -104 -100.755
    endloop
  endfacet
  facet normal 0 -1 0
    outer loop
      vertex 180.727 -104 -100.93
      vertex 182.632 -104 -100.894
      vertex 181.095 -104 -100.777
    endloop
  endfacet
  facet normal 0 -1 0
    outer loop
      vertex 180.379 -104 -101.153
      vertex 182.632 -104 -100.894
      vertex 180.727 -104 -100.93
    endloop
  endfacet
  facet normal 0 -1 -0
    outer loop
      vertex 182.632 -104 -100.894
      vertex 180.379 -104 -101.153
      vertex 183 -104 -101.103
    endloop
  endfacet
  facet normal 0 -1 0
    outer loop
      vertex 180.057 -104 -101.441
      vertex 183 -104 -101.103
      vertex 180.379 -104 -101.153
    endloop
  endfacet
  facet normal 0 -1 -0
    outer loop
      vertex 183 -104 -101.103
      vertex 180.057 -104 -101.441
      vertex 183.348 -104 -101.379
    endloop
  endfacet
  facet normal 0 -1 0
    outer loop
      vertex 179.765 -104 -101.791
      vertex 183.348 -104 -101.379
      vertex 180.057 -104 -101.441
    endloop
  endfacet
  facet normal 0 -1 -0
    outer loop
      vertex 183.348 -104 -101.379
      vertex 179.765 -104 -101.791
      vertex 183.671 -104 -101.717
    endloop
  endfacet
  facet normal 0 -1 0
    outer loop
      vertex 179.509 -104 -102.195
      vertex 183.671 -104 -101.717
      vertex 179.765 -104 -101.791
    endloop
  endfacet
  facet normal 0 -1 -0
    outer loop
      vertex 183.671 -104 -101.717
      vertex 179.509 -104 -102.195
      vertex 183.963 -104 -102.112
    endloop
  endfacet
  facet normal 0 -1 0
    outer loop
      vertex 179.293 -104 -102.648
      vertex 183.963 -104 -102.112
      vertex 179.509 -104 -102.195
    endloop
  endfacet
  facet normal 0 -1 -0
    outer loop
      vertex 183.963 -104 -102.112
      vertex 179.293 -104 -102.648
      vertex 184.219 -104 -102.555
    endloop
  endfacet
  facet normal 0 -1 0
    outer loop
      vertex 179.122 -104 -103.14
      vertex 184.219 -104 -102.555
      vertex 179.293 -104 -102.648
    endloop
  endfacet
  facet normal 0 -1 -0
    outer loop
      vertex 184.219 -104 -102.555
      vertex 179.122 -104 -103.14
      vertex 184.435 -104 -103.041
    endloop
  endfacet
  facet normal 0 -1 0
    outer loop
      vertex 178.997 -104 -103.665
      vertex 184.435 -104 -103.041
      vertex 179.122 -104 -103.14
    endloop
  endfacet
  facet normal 0 -1 -0
    outer loop
      vertex 184.435 -104 -103.041
      vertex 178.997 -104 -103.665
      vertex 184.607 -104 -103.56
    endloop
  endfacet
  facet normal 0 -1 0
    outer loop
      vertex 178.922 -104 -104.212
      vertex 184.607 -104 -103.56
      vertex 178.997 -104 -103.665
    endloop
  endfacet
  facet normal 0 -1 -0
    outer loop
      vertex 184.607 -104 -103.56
      vertex 178.922 -104 -104.212
      vertex 184.732 -104 -104.103
    endloop
  endfacet
  facet normal 0 -1 0
    outer loop
      vertex 178.897 -104 -104.773
      vertex 184.732 -104 -104.103
      vertex 178.922 -104 -104.212
    endloop
  endfacet
  facet normal 0 -1 -0
    outer loop
      vertex 184.732 -104 -104.103
      vertex 178.897 -104 -104.773
      vertex 184.808 -104 -104.662
    endloop
  endfacet
  facet normal 0 -1 0
    outer loop
      vertex 178.922 -104 -105.338
      vertex 184.808 -104 -104.662
      vertex 178.897 -104 -104.773
    endloop
  endfacet
  facet normal 0 -1 -0
    outer loop
      vertex 184.808 -104 -104.662
      vertex 178.922 -104 -105.338
      vertex 184.834 -104 -105.227
    endloop
  endfacet
  facet normal 0 -1 0
    outer loop
      vertex 178.998 -104 -105.897
      vertex 184.834 -104 -105.227
      vertex 178.922 -104 -105.338
    endloop
  endfacet
  facet normal 0 -1 0
    outer loop
      vertex 184.834 -104 -105.227
      vertex 178.998 -104 -105.897
      vertex 184.809 -104 -105.788
    endloop
  endfacet
  facet normal 0 -1 0
    outer loop
      vertex 179.123 -104 -106.44
      vertex 184.809 -104 -105.788
      vertex 178.998 -104 -105.897
    endloop
  endfacet
  facet normal 0 -1 0
    outer loop
      vertex 184.809 -104 -105.788
      vertex 179.123 -104 -106.44
      vertex 184.733 -104 -106.335
    endloop
  endfacet
  facet normal 0 -1 0
    outer loop
      vertex 179.295 -104 -106.959
      vertex 184.733 -104 -106.335
      vertex 179.123 -104 -106.44
    endloop
  endfacet
  facet normal 0 -1 0
    outer loop
      vertex 184.733 -104 -106.335
      vertex 179.295 -104 -106.959
      vertex 184.609 -104 -106.86
    endloop
  endfacet
  facet normal 0 -1 0
    outer loop
      vertex 179.511 -104 -107.445
      vertex 184.609 -104 -106.86
      vertex 179.295 -104 -106.959
    endloop
  endfacet
  facet normal 0 -1 0
    outer loop
      vertex 184.609 -104 -106.86
      vertex 179.511 -104 -107.445
      vertex 184.437 -104 -107.352
    endloop
  endfacet
  facet normal 0 -1 0
    outer loop
      vertex 179.767 -104 -107.888
      vertex 184.437 -104 -107.352
      vertex 179.511 -104 -107.445
    endloop
  endfacet
  facet normal 0 -1 0
    outer loop
      vertex 184.437 -104 -107.352
      vertex 179.767 -104 -107.888
      vertex 184.222 -104 -107.805
    endloop
  endfacet
  facet normal 0 -1 0
    outer loop
      vertex 180.06 -104 -108.283
      vertex 184.222 -104 -107.805
      vertex 179.767 -104 -107.888
    endloop
  endfacet
  facet normal 0 -1 0
    outer loop
      vertex 184.222 -104 -107.805
      vertex 180.06 -104 -108.283
      vertex 183.966 -104 -108.209
    endloop
  endfacet
  facet normal 0 -1 0
    outer loop
      vertex 180.383 -104 -108.621
      vertex 183.966 -104 -108.209
      vertex 180.06 -104 -108.283
    endloop
  endfacet
  facet normal 0 -1 0
    outer loop
      vertex 183.966 -104 -108.209
      vertex 180.383 -104 -108.621
      vertex 183.674 -104 -108.559
    endloop
  endfacet
  facet normal 0 -1 0
    outer loop
      vertex 180.731 -104 -108.897
      vertex 183.674 -104 -108.559
      vertex 180.383 -104 -108.621
    endloop
  endfacet
  facet normal 0 -1 0
    outer loop
      vertex 183.674 -104 -108.559
      vertex 180.731 -104 -108.897
      vertex 183.351 -104 -108.847
    endloop
  endfacet
  facet normal 0 -1 0
    outer loop
      vertex 181.099 -104 -109.106
      vertex 183.351 -104 -108.847
      vertex 180.731 -104 -108.897
    endloop
  endfacet
  facet normal 0 -1 0
    outer loop
      vertex 183.351 -104 -108.847
      vertex 181.099 -104 -109.106
      vertex 183.003 -104 -109.07
    endloop
  endfacet
  facet normal 0 -1 0
    outer loop
      vertex 181.099 -104 -109.106
      vertex 182.636 -104 -109.223
      vertex 183.003 -104 -109.07
    endloop
  endfacet
  facet normal 0 -1 0
    outer loop
      vertex 181.48 -104 -109.245
      vertex 182.636 -104 -109.223
      vertex 181.099 -104 -109.106
    endloop
  endfacet
  facet normal 0 -1 0
    outer loop
      vertex 181.48 -104 -109.245
      vertex 182.255 -104 -109.304
      vertex 182.636 -104 -109.223
    endloop
  endfacet
  facet normal -0 -1 0
    outer loop
      vertex 182.255 -104 -109.304
      vertex 181.48 -104 -109.245
      vertex 181.867 -104 -109.312
    endloop
  endfacet
  facet normal -0.34747 -0.169528 -0.922239
    outer loop
      vertex 172.855 -14 -122.694
      vertex 176.945 -59 -115.963
      vertex 171.865 -14 -122.321
    endloop
  endfacet
  facet normal -0.299242 -0.1677 -0.939325
    outer loop
      vertex 177.645 -59 -116.186
      vertex 176.945 -59 -115.963
      vertex 172.855 -14 -122.694
    endloop
  endfacet
  facet normal -0.0621085 -0.149329 -0.986835
    outer loop
      vertex 173.999 -14 -122.766
      vertex 177.645 -59 -116.186
      vertex 172.855 -14 -122.694
    endloop
  endfacet
  facet normal -0.0396829 -0.147717 -0.988233
    outer loop
      vertex 178.417 -59 -116.217
      vertex 177.645 -59 -116.186
      vertex 173.999 -14 -122.766
    endloop
  endfacet
  facet normal 0.177827 -0.124602 -0.976141
    outer loop
      vertex 175.278 -14 -122.533
      vertex 178.417 -59 -116.217
      vertex 173.999 -14 -122.766
    endloop
  endfacet
  facet normal 0.187615 -0.123679 -0.974425
    outer loop
      vertex 179.248 -59 -116.057
      vertex 178.417 -59 -116.217
      vertex 175.278 -14 -122.533
    endloop
  endfacet
  facet normal 0.355933 -0.102278 -0.928898
    outer loop
      vertex 176.669 -14 -122
      vertex 179.248 -59 -116.057
      vertex 175.278 -14 -122.533
    endloop
  endfacet
  facet normal 0.368219 -0.100958 -0.924241
    outer loop
      vertex 180.124 -59 -115.708
      vertex 179.248 -59 -116.057
      vertex 176.669 -14 -122
    endloop
  endfacet
  facet normal 0.484704 -0.0845127 -0.870586
    outer loop
      vertex 178.149 -14 -121.176
      vertex 180.124 -59 -115.708
      vertex 176.669 -14 -122
    endloop
  endfacet
  facet normal 0.505346 -0.0821981 -0.858993
    outer loop
      vertex 181.03 -59 -115.175
      vertex 180.124 -59 -115.708
      vertex 178.149 -14 -121.176
    endloop
  endfacet
  facet normal 0.578764 -0.0712808 -0.812374
    outer loop
      vertex 179.693 -14 -120.076
      vertex 181.03 -59 -115.175
      vertex 178.149 -14 -121.176
    endloop
  endfacet
  facet normal 0.607921 -0.0680945 -0.791072
    outer loop
      vertex 181.95 -59 -114.468
      vertex 181.03 -59 -115.175
      vertex 179.693 -14 -120.076
    endloop
  endfacet
  facet normal 0.650616 -0.0616942 -0.756897
    outer loop
      vertex 181.274 -14 -118.717
      vertex 181.95 -59 -114.468
      vertex 179.693 -14 -120.076
    endloop
  endfacet
  facet normal 0.6859 -0.0581869 -0.725365
    outer loop
      vertex 182.869 -59 -113.599
      vertex 181.95 -59 -114.468
      vertex 181.274 -14 -118.717
    endloop
  endfacet
  facet normal 0.706472 -0.055208 -0.705585
    outer loop
      vertex 182.865 -14 -117.124
      vertex 182.869 -59 -113.599
      vertex 181.274 -14 -118.717
    endloop
  endfacet
  facet normal 0.747175 -0.0518375 -0.662603
    outer loop
      vertex 183.77 -59 -112.583
      vertex 182.869 -59 -113.599
      vertex 182.865 -14 -117.124
    endloop
  endfacet
  facet normal 0.751796 -0.0512199 -0.657404
    outer loop
      vertex 184.439 -14 -115.324
      vertex 183.77 -59 -112.583
      vertex 182.865 -14 -117.124
    endloop
  endfacet
  facet normal 0.795623 -0.0486088 -0.603839
    outer loop
      vertex 184.439 -14 -115.324
      vertex 184.639 -59 -111.438
      vertex 183.77 -59 -112.583
    endloop
  endfacet
  facet normal 0.789875 -0.0492772 -0.611284
    outer loop
      vertex 185.969 -14 -113.347
      vertex 184.639 -59 -111.438
      vertex 184.439 -14 -115.324
    endloop
  endfacet
  facet normal 0.835774 -0.0479059 -0.54698
    outer loop
      vertex 185.969 -14 -113.347
      vertex 185.461 -59 -110.182
      vertex 184.639 -59 -111.438
    endloop
  endfacet
  facet normal 0.822594 -0.0491302 -0.566503
    outer loop
      vertex 185.969 -14 -113.347
      vertex 187.429 -14 -111.227
      vertex 185.461 -59 -110.182
    endloop
  endfacet
  facet normal 0.869835 -0.0494396 -0.490859
    outer loop
      vertex 187.429 -14 -111.227
      vertex 186.22 -59 -108.837
      vertex 185.461 -59 -110.182
    endloop
  endfacet
  facet normal 0.851498 -0.0505962 -0.521911
    outer loop
      vertex 187.429 -14 -111.227
      vertex 188.794 -14 -109
      vertex 186.22 -59 -108.837
    endloop
  endfacet
  facet normal 0.89796 -0.0529458 -0.43688
    outer loop
      vertex 188.794 -14 -109
      vertex 186.906 -59 -107.427
      vertex 186.22 -59 -108.837
    endloop
  endfacet
  facet normal 0.877573 -0.0534737 -0.476451
    outer loop
      vertex 188.794 -14 -109
      vertex 190.04 -14 -106.705
      vertex 186.906 -59 -107.427
    endloop
  endfacet
  facet normal 0.922862 -0.0581639 -0.380713
    outer loop
      vertex 190.04 -14 -106.705
      vertex 187.505 -59 -105.975
      vertex 186.906 -59 -107.427
    endloop
  endfacet
  facet normal 0.901244 -0.0616458 -0.428905
    outer loop
      vertex 190.04 -14 -106.705
      vertex 191.146 -14 -104.381
      vertex 188.008 -59 -104.507
    endloop
  endfacet
  facet normal 0.944391 -0.05845 -0.323589
    outer loop
      vertex 190.04 -14 -106.705
      vertex 188.008 -59 -104.507
      vertex 187.505 -59 -105.975
    endloop
  endfacet
  facet normal 0.923388 -0.0674471 -0.377895
    outer loop
      vertex 191.146 -14 -104.381
      vertex 192.093 -14 -102.067
      vertex 188.405 -59 -103.047
    endloop
  endfacet
  facet normal 0.962832 -0.0664084 -0.261811
    outer loop
      vertex 191.146 -14 -104.381
      vertex 188.405 -59 -103.047
      vertex 188.008 -59 -104.507
    endloop
  endfacet
  facet normal 0.943818 -0.0745507 -0.321946
    outer loop
      vertex 192.093 -14 -102.067
      vertex 192.865 -14 -99.8038
      vertex 188.691 -59 -101.62
    endloop
  endfacet
  facet normal 0.977676 -0.0758587 -0.195946
    outer loop
      vertex 192.093 -14 -102.067
      vertex 188.691 -59 -101.62
      vertex 188.405 -59 -103.047
    endloop
  endfacet
  facet normal 0.962434 -0.0830821 -0.25849
    outer loop
      vertex 192.865 -14 -99.8038
      vertex 193.449 -14 -97.6294
      vertex 188.86 -59 -100.252
    endloop
  endfacet
  facet normal 0.988711 -0.0867788 -0.122143
    outer loop
      vertex 192.865 -14 -99.8038
      vertex 188.86 -59 -100.252
      vertex 188.691 -59 -101.62
    endloop
  endfacet
  facet normal 0.978423 -0.0932427 -0.184374
    outer loop
      vertex 193.449 -14 -97.6294
      vertex 193.835 -14 -95.581
      vertex 188.909 -59 -98.9643
    endloop
  endfacet
  facet normal 0.994348 -0.0991963 -0.0378373
    outer loop
      vertex 193.449 -14 -97.6294
      vertex 188.909 -59 -98.9643
      vertex 188.86 -59 -100.252
    endloop
  endfacet
  facet normal 0.989898 -0.105305 -0.0949404
    outer loop
      vertex 193.835 -14 -95.581
      vertex 194.016 -14 -93.6938
      vertex 188.837 -59 -97.7801
    endloop
  endfacet
  facet normal 0.991752 -0.113097 0.0602991
    outer loop
      vertex 188.909 -59 -98.9643
      vertex 193.835 -14 -95.581
      vertex 188.837 -59 -97.7801
    endloop
  endfacet
  facet normal 0.992721 -0.119467 0.0152384
    outer loop
      vertex 194.016 -14 -93.6938
      vertex 193.99 -14 -92
      vertex 188.647 -59 -96.7194
    endloop
  endfacet
  facet normal 0.976207 -0.128229 0.174865
    outer loop
      vertex 188.837 -59 -97.7801
      vertex 194.016 -14 -93.6938
      vertex 188.647 -59 -96.7194
    endloop
  endfacet
  facet normal 0.978305 -0.136028 0.156257
    outer loop
      vertex 193.99 -14 -92
      vertex 193.755 -14 -90.5287
      vertex 188.34 -59 -95.8004
    endloop
  endfacet
  facet normal 0.938547 -0.144318 0.31353
    outer loop
      vertex 188.647 -59 -96.7194
      vertex 193.99 -14 -92
      vertex 188.34 -59 -95.8004
    endloop
  endfacet
  facet normal 0.930539 -0.153901 0.332281
    outer loop
      vertex 193.755 -14 -90.5287
      vertex 193.318 -14 -89.3049
      vertex 187.923 -59 -95.0389
    endloop
  endfacet
  facet normal 0.86584 -0.159734 0.474137
    outer loop
      vertex 188.34 -59 -95.8004
      vertex 193.755 -14 -90.5287
      vertex 187.923 -59 -95.0389
    endloop
  endfacet
  facet normal 0.820991 -0.170215 0.544978
    outer loop
      vertex 193.318 -14 -89.3049
      vertex 192.684 -14 -88.3498
      vertex 187.402 -59 -94.4477
    endloop
  endfacet
  facet normal 0.739115 -0.171608 0.651352
    outer loop
      vertex 187.923 -59 -95.0389
      vertex 193.318 -14 -89.3049
      vertex 187.402 -59 -94.4477
    endloop
  endfacet
  facet normal 0.623425 -0.176397 0.761726
    outer loop
      vertex 192.684 -14 -88.3498
      vertex 191.865 -14 -87.6795
      vertex 187.402 -59 -94.4477
    endloop
  endfacet
  facet normal 0.54585 -0.177304 0.818908
    outer loop
      vertex 187.402 -59 -94.4477
      vertex 191.865 -14 -87.6795
      vertex 186.786 -59 -94.0371
    endloop
  endfacet
  facet normal 0.348202 -0.169555 0.921958
    outer loop
      vertex 191.865 -14 -87.6795
      vertex 190.875 -14 -87.3056
      vertex 186.786 -59 -94.0371
    endloop
  endfacet
  facet normal 0.299242 -0.167704 0.939324
    outer loop
      vertex 186.786 -59 -94.0371
      vertex 190.875 -14 -87.3056
      vertex 186.086 -59 -93.8141
    endloop
  endfacet
  facet normal 0.0614216 -0.149273 0.986886
    outer loop
      vertex 190.875 -14 -87.3056
      vertex 189.731 -14 -87.2344
      vertex 186.086 -59 -93.8141
    endloop
  endfacet
  facet normal 0.0404494 -0.147766 0.988195
    outer loop
      vertex 186.086 -59 -93.8141
      vertex 189.731 -14 -87.2344
      vertex 185.314 -59 -93.7825
    endloop
  endfacet
  facet normal -0.177814 -0.124589 0.976145
    outer loop
      vertex 189.731 -14 -87.2344
      vertex 188.453 -14 -87.4672
      vertex 185.314 -59 -93.7825
    endloop
  endfacet
  facet normal -0.18785 -0.123642 0.974384
    outer loop
      vertex 185.314 -59 -93.7825
      vertex 188.453 -14 -87.4672
      vertex 184.482 -59 -93.9429
    endloop
  endfacet
  facet normal -0.355592 -0.102312 0.929025
    outer loop
      vertex 188.453 -14 -87.4672
      vertex 187.061 -14 -88
      vertex 184.482 -59 -93.9429
    endloop
  endfacet
  facet normal -0.368676 -0.100907 0.924065
    outer loop
      vertex 184.482 -59 -93.9429
      vertex 187.061 -14 -88
      vertex 183.606 -59 -94.2924
    endloop
  endfacet
  facet normal -0.484569 -0.084541 0.870658
    outer loop
      vertex 187.061 -14 -88
      vertex 185.581 -14 -88.8237
      vertex 183.606 -59 -94.2924
    endloop
  endfacet
  facet normal -0.505549 -0.0821881 0.858874
    outer loop
      vertex 183.606 -59 -94.2924
      vertex 185.581 -14 -88.8237
      vertex 182.701 -59 -94.8251
    endloop
  endfacet
  facet normal -0.578904 -0.0712787 0.812275
    outer loop
      vertex 185.581 -14 -88.8237
      vertex 184.037 -14 -89.9241
      vertex 182.701 -59 -94.8251
    endloop
  endfacet
  facet normal -0.607395 -0.068167 0.79147
    outer loop
      vertex 182.701 -59 -94.8251
      vertex 184.037 -14 -89.9241
      vertex 181.78 -59 -95.5319
    endloop
  endfacet
  facet normal -0.650449 -0.0617167 0.757038
    outer loop
      vertex 184.037 -14 -89.9241
      vertex 182.456 -14 -91.2825
      vertex 181.78 -59 -95.5319
    endloop
  endfacet
  facet normal -0.686212 -0.058161 0.725072
    outer loop
      vertex 181.78 -59 -95.5319
      vertex 182.456 -14 -91.2825
      vertex 180.862 -59 -96.4007
    endloop
  endfacet
  facet normal -0.706493 -0.0552235 0.705562
    outer loop
      vertex 182.456 -14 -91.2825
      vertex 180.865 -14 -92.8756
      vertex 180.862 -59 -96.4007
    endloop
  endfacet
  facet normal -0.746808 -0.0518877 0.663013
    outer loop
      vertex 180.862 -59 -96.4007
      vertex 180.865 -14 -92.8756
      vertex 179.96 -59 -97.4167
    endloop
  endfacet
  facet normal -0.751905 -0.0512067 0.65728
    outer loop
      vertex 179.96 -59 -97.4167
      vertex 180.865 -14 -92.8756
      vertex 179.291 -14 -94.6762
    endloop
  endfacet
  facet normal -0.796136 -0.0485686 0.603165
    outer loop
      vertex 179.96 -59 -97.4167
      vertex 179.291 -14 -94.6762
      vertex 179.092 -59 -98.5624
    endloop
  endfacet
  facet normal -0.789905 -0.049294 0.611245
    outer loop
      vertex 179.092 -59 -98.5624
      vertex 179.291 -14 -94.6762
      vertex 177.761 -14 -96.6534
    endloop
  endfacet
  facet normal -0.835753 -0.0479251 0.54701
    outer loop
      vertex 178.27 -59 -99.8183
      vertex 179.092 -59 -98.5624
      vertex 177.761 -14 -96.6534
    endloop
  endfacet
  facet normal -0.822775 -0.0491308 0.56624
    outer loop
      vertex 178.27 -59 -99.8183
      vertex 177.761 -14 -96.6534
      vertex 176.302 -14 -98.7734
    endloop
  endfacet
  facet normal -0.869512 -0.0494377 0.491432
    outer loop
      vertex 177.51 -59 -101.163
      vertex 178.27 -59 -99.8183
      vertex 176.302 -14 -98.7734
    endloop
  endfacet
  facet normal -0.851457 -0.0505752 0.521979
    outer loop
      vertex 177.51 -59 -101.163
      vertex 176.302 -14 -98.7734
      vertex 174.937 -14 -101
    endloop
  endfacet
  facet normal -0.898211 -0.0529383 0.436365
    outer loop
      vertex 176.825 -59 -102.573
      vertex 177.51 -59 -101.163
      vertex 174.937 -14 -101
    endloop
  endfacet
  facet normal -0.877573 -0.0534737 0.476451
    outer loop
      vertex 176.825 -59 -102.573
      vertex 174.937 -14 -101
      vertex 173.691 -14 -103.295
    endloop
  endfacet
  facet normal -0.922862 -0.0581639 0.380713
    outer loop
      vertex 176.226 -59 -104.025
      vertex 176.825 -59 -102.573
      vertex 173.691 -14 -103.295
    endloop
  endfacet
  facet normal -0.901244 -0.0616458 0.428905
    outer loop
      vertex 175.723 -59 -105.493
      vertex 173.691 -14 -103.295
      vertex 172.585 -14 -105.619
    endloop
  endfacet
  facet normal -0.944391 -0.05845 0.323589
    outer loop
      vertex 175.723 -59 -105.493
      vertex 176.226 -59 -104.025
      vertex 173.691 -14 -103.295
    endloop
  endfacet
  facet normal -0.923388 -0.0674471 0.377895
    outer loop
      vertex 175.326 -59 -106.953
      vertex 172.585 -14 -105.619
      vertex 171.638 -14 -107.933
    endloop
  endfacet
  facet normal -0.962832 -0.0664084 0.261811
    outer loop
      vertex 175.326 -59 -106.953
      vertex 175.723 -59 -105.493
      vertex 172.585 -14 -105.619
    endloop
  endfacet
  facet normal -0.943683 -0.0745444 0.322345
    outer loop
      vertex 175.04 -59 -108.38
      vertex 171.638 -14 -107.933
      vertex 170.865 -14 -110.196
    endloop
  endfacet
  facet normal -0.977676 -0.0758587 0.195946
    outer loop
      vertex 175.04 -59 -108.38
      vertex 175.326 -59 -106.953
      vertex 171.638 -14 -107.933
    endloop
  endfacet
  facet normal -0.96245 -0.0831067 0.258423
    outer loop
      vertex 174.871 -59 -109.748
      vertex 170.865 -14 -110.196
      vertex 170.281 -14 -112.371
    endloop
  endfacet
  facet normal -0.98871 -0.0868011 0.122143
    outer loop
      vertex 174.871 -59 -109.748
      vertex 175.04 -59 -108.38
      vertex 170.865 -14 -110.196
    endloop
  endfacet
  facet normal -0.978415 -0.0932622 0.184408
    outer loop
      vertex 174.822 -59 -111.036
      vertex 170.281 -14 -112.371
      vertex 169.895 -14 -114.419
    endloop
  endfacet
  facet normal -0.994346 -0.0992184 0.0378284
    outer loop
      vertex 174.822 -59 -111.036
      vertex 174.871 -59 -109.748
      vertex 170.281 -14 -112.371
    endloop
  endfacet
  facet normal -0.989897 -0.105305 0.0949503
    outer loop
      vertex 174.893 -59 -112.22
      vertex 169.895 -14 -114.419
      vertex 169.714 -14 -116.306
    endloop
  endfacet
  facet normal -0.991806 -0.113063 -0.0594749
    outer loop
      vertex 174.893 -59 -112.22
      vertex 174.822 -59 -111.036
      vertex 169.895 -14 -114.419
    endloop
  endfacet
  facet normal -0.992705 -0.119526 -0.0158223
    outer loop
      vertex 169.741 -14 -118
      vertex 175.084 -59 -113.281
      vertex 169.714 -14 -116.306
    endloop
  endfacet
  facet normal -0.976048 -0.128286 -0.175707
    outer loop
      vertex 175.084 -59 -113.281
      vertex 174.893 -59 -112.22
      vertex 169.714 -14 -116.306
    endloop
  endfacet
  facet normal -0.978409 -0.135988 -0.155641
    outer loop
      vertex 169.975 -14 -119.471
      vertex 175.391 -59 -114.2
      vertex 169.741 -14 -118
    endloop
  endfacet
  facet normal -0.938548 -0.144316 -0.31353
    outer loop
      vertex 175.391 -59 -114.2
      vertex 175.084 -59 -113.281
      vertex 169.741 -14 -118
    endloop
  endfacet
  facet normal -0.930308 -0.153953 -0.332904
    outer loop
      vertex 170.413 -14 -120.695
      vertex 175.808 -59 -114.961
      vertex 169.975 -14 -119.471
    endloop
  endfacet
  facet normal -0.865706 -0.159758 -0.474375
    outer loop
      vertex 175.808 -59 -114.961
      vertex 175.391 -59 -114.2
      vertex 169.975 -14 -119.471
    endloop
  endfacet
  facet normal -0.820964 -0.170219 -0.545017
    outer loop
      vertex 171.047 -14 -121.65
      vertex 176.329 -59 -115.552
      vertex 170.413 -14 -120.695
    endloop
  endfacet
  facet normal -0.739006 -0.171611 -0.651475
    outer loop
      vertex 176.329 -59 -115.552
      vertex 175.808 -59 -114.961
      vertex 170.413 -14 -120.695
    endloop
  endfacet
  facet normal -0.624269 -0.176404 -0.761032
    outer loop
      vertex 171.865 -14 -122.321
      vertex 176.329 -59 -115.552
      vertex 171.047 -14 -121.65
    endloop
  endfacet
  facet normal -0.546216 -0.177329 -0.818659
    outer loop
      vertex 176.945 -59 -115.963
      vertex 176.329 -59 -115.552
      vertex 171.865 -14 -122.321
    endloop
  endfacet
  facet normal -0.299087 -0.170667 -0.938839
    outer loop
      vertex 177.645 -59 -116.186
      vertex 181.099 -104 -109.106
      vertex 176.945 -59 -115.963
    endloop
  endfacet
  facet normal -0.337653 -0.17153 -0.925509
    outer loop
      vertex 181.48 -104 -109.245
      vertex 181.099 -104 -109.106
      vertex 177.645 -59 -116.186
    endloop
  endfacet
  facet normal -0.0396343 -0.15562 -0.987022
    outer loop
      vertex 178.417 -59 -116.217
      vertex 181.48 -104 -109.245
      vertex 177.645 -59 -116.186
    endloop
  endfacet
  facet normal -0.168333 -0.162101 -0.97231
    outer loop
      vertex 181.867 -104 -109.312
      vertex 181.48 -104 -109.245
      vertex 178.417 -59 -116.217
    endloop
  endfacet
  facet normal 0.187337 -0.134936 -0.972983
    outer loop
      vertex 179.248 -59 -116.057
      vertex 181.867 -104 -109.312
      vertex 178.417 -59 -116.217
    endloop
  endfacet
  facet normal 0.0203901 -0.147041 -0.98892
    outer loop
      vertex 182.255 -104 -109.304
      vertex 181.867 -104 -109.312
      vertex 179.248 -59 -116.057
    endloop
  endfacet
  facet normal 0.3677 -0.113932 -0.922939
    outer loop
      vertex 180.124 -59 -115.708
      vertex 182.255 -104 -109.304
      vertex 179.248 -59 -116.057
    endloop
  endfacet
  facet normal 0.206233 -0.128284 -0.970057
    outer loop
      vertex 182.636 -104 -109.223
      vertex 182.255 -104 -109.304
      vertex 180.124 -59 -115.708
    endloop
  endfacet
  facet normal 0.504746 -0.0954674 -0.857973
    outer loop
      vertex 181.03 -59 -115.175
      vertex 182.636 -104 -109.223
      vertex 180.124 -59 -115.708
    endloop
  endfacet
  facet normal 0.382555 -0.107719 -0.917632
    outer loop
      vertex 183.003 -104 -109.07
      vertex 182.636 -104 -109.223
      vertex 181.03 -59 -115.175
    endloop
  endfacet
  facet normal 0.607354 -0.0805928 -0.790333
    outer loop
      vertex 181.95 -59 -114.468
      vertex 183.003 -104 -109.07
      vertex 181.03 -59 -115.175
    endloop
  endfacet
  facet normal 0.53744 -0.08803 -0.838695
    outer loop
      vertex 183.351 -104 -108.847
      vertex 183.003 -104 -109.07
      vertex 181.95 -59 -114.468
    endloop
  endfacet
  facet normal 0.685417 -0.0692031 -0.724854
    outer loop
      vertex 182.869 -59 -113.599
      vertex 183.351 -104 -108.847
      vertex 181.95 -59 -114.468
    endloop
  endfacet
  facet normal 0.663807 -0.0715067 -0.744478
    outer loop
      vertex 183.674 -104 -108.559
      vertex 183.351 -104 -108.847
      vertex 182.869 -59 -113.599
    endloop
  endfacet
  facet normal 0.746796 -0.0608145 -0.662267
    outer loop
      vertex 183.77 -59 -112.583
      vertex 183.674 -104 -108.559
      vertex 182.869 -59 -113.599
    endloop
  endfacet
  facet normal 0.766532 -0.0588214 -0.639507
    outer loop
      vertex 183.77 -59 -112.583
      vertex 183.966 -104 -108.209
      vertex 183.674 -104 -108.559
    endloop
  endfacet
  facet normal 0.795349 -0.0552088 -0.603632
    outer loop
      vertex 184.639 -59 -111.438
      vertex 183.966 -104 -108.209
      vertex 183.77 -59 -112.583
    endloop
  endfacet
  facet normal 0.843595 -0.0509737 -0.534555
    outer loop
      vertex 184.639 -59 -111.438
      vertex 184.222 -104 -107.805
      vertex 183.966 -104 -108.209
    endloop
  endfacet
  facet normal 0.835607 -0.051894 -0.54687
    outer loop
      vertex 184.639 -59 -111.438
      vertex 185.461 -59 -110.182
      vertex 184.222 -104 -107.805
    endloop
  endfacet
  facet normal 0.902394 -0.0474691 -0.428289
    outer loop
      vertex 185.461 -59 -110.182
      vertex 184.437 -104 -107.352
      vertex 184.222 -104 -107.805
    endloop
  endfacet
  facet normal 0.869782 -0.05066 -0.490829
    outer loop
      vertex 185.461 -59 -110.182
      vertex 186.22 -59 -108.837
      vertex 184.437 -104 -107.352
    endloop
  endfacet
  facet normal 0.942879 -0.0482366 -0.329624
    outer loop
      vertex 186.22 -59 -108.837
      vertex 184.609 -104 -106.86
      vertex 184.437 -104 -107.352
    endloop
  endfacet
  facet normal 0.898035 -0.0513449 -0.436917
    outer loop
      vertex 186.22 -59 -108.837
      vertex 186.906 -59 -107.427
      vertex 184.609 -104 -106.86
    endloop
  endfacet
  facet normal 0.97188 -0.0525014 -0.229549
    outer loop
      vertex 186.906 -59 -107.427
      vertex 184.733 -104 -106.335
      vertex 184.609 -104 -106.86
    endloop
  endfacet
  facet normal 0.922931 -0.056876 -0.380741
    outer loop
      vertex 186.906 -59 -107.427
      vertex 187.505 -59 -105.975
      vertex 184.809 -104 -105.788
    endloop
  endfacet
  facet normal 0.989191 -0.0511021 -0.137438
    outer loop
      vertex 186.906 -59 -107.427
      vertex 184.809 -104 -105.788
      vertex 184.733 -104 -106.335
    endloop
  endfacet
  facet normal 0.944222 -0.0614226 -0.323531
    outer loop
      vertex 187.505 -59 -105.975
      vertex 188.008 -59 -104.507
      vertex 184.834 -104 -105.227
    endloop
  endfacet
  facet normal 0.997213 -0.0599288 -0.0444391
    outer loop
      vertex 187.505 -59 -105.975
      vertex 184.834 -104 -105.227
      vertex 184.809 -104 -105.788
    endloop
  endfacet
  facet normal 0.962757 -0.067561 -0.261791
    outer loop
      vertex 188.008 -59 -104.507
      vertex 188.405 -59 -103.047
      vertex 184.808 -104 -104.662
    endloop
  endfacet
  facet normal 0.996421 -0.0710145 0.045853
    outer loop
      vertex 184.834 -104 -105.227
      vertex 188.008 -59 -104.507
      vertex 184.808 -104 -104.662
    endloop
  endfacet
  facet normal 0.977725 -0.0752056 -0.195956
    outer loop
      vertex 188.405 -59 -103.047
      vertex 188.691 -59 -101.62
      vertex 184.732 -104 -104.103
    endloop
  endfacet
  facet normal 0.987403 -0.0837443 0.134244
    outer loop
      vertex 184.808 -104 -104.662
      vertex 188.405 -59 -103.047
      vertex 184.732 -104 -104.103
    endloop
  endfacet
  facet normal 0.988907 -0.0844821 -0.122168
    outer loop
      vertex 188.691 -59 -101.62
      vertex 188.86 -59 -100.252
      vertex 184.607 -104 -103.56
    endloop
  endfacet
  facet normal 0.969855 -0.0976449 0.223263
    outer loop
      vertex 184.732 -104 -104.103
      vertex 188.691 -59 -101.62
      vertex 184.607 -104 -103.56
    endloop
  endfacet
  facet normal 0.994713 -0.0954675 -0.0378511
    outer loop
      vertex 188.86 -59 -100.252
      vertex 188.909 -59 -98.9643
      vertex 184.435 -104 -103.041
    endloop
  endfacet
  facet normal 0.943245 -0.112126 0.312597
    outer loop
      vertex 184.607 -104 -103.56
      vertex 188.86 -59 -100.252
      vertex 184.435 -104 -103.041
    endloop
  endfacet
  facet normal 0.992293 -0.108233 0.060332
    outer loop
      vertex 188.909 -59 -98.9643
      vertex 188.837 -59 -97.7801
      vertex 184.219 -104 -102.555
    endloop
  endfacet
  facet normal 0.906457 -0.126619 0.40287
    outer loop
      vertex 184.435 -104 -103.041
      vertex 188.909 -59 -98.9643
      vertex 184.219 -104 -102.555
    endloop
  endfacet
  facet normal 0.976901 -0.122654 0.174989
    outer loop
      vertex 188.837 -59 -97.7801
      vertex 188.647 -59 -96.7194
      vertex 183.963 -104 -102.112
    endloop
  endfacet
  facet normal 0.857235 -0.140535 0.495377
    outer loop
      vertex 184.219 -104 -102.555
      vertex 188.837 -59 -97.7801
      vertex 183.963 -104 -102.112
    endloop
  endfacet
  facet normal 0.939307 -0.138715 0.313784
    outer loop
      vertex 188.647 -59 -96.7194
      vertex 188.34 -59 -95.8004
      vertex 183.671 -104 -101.717
    endloop
  endfacet
  facet normal 0.794652 -0.153111 0.587439
    outer loop
      vertex 183.963 -104 -102.112
      vertex 188.647 -59 -96.7194
      vertex 183.671 -104 -101.717
    endloop
  endfacet
  facet normal 0.866509 -0.154948 0.474503
    outer loop
      vertex 188.34 -59 -95.8004
      vertex 187.923 -59 -95.0389
      vertex 183.348 -104 -101.379
    endloop
  endfacet
  facet normal 0.713225 -0.163614 0.681573
    outer loop
      vertex 183.671 -104 -101.717
      vertex 188.34 -59 -95.8004
      vertex 183.348 -104 -101.379
    endloop
  endfacet
  facet normal 0.73949 -0.168719 0.651682
    outer loop
      vertex 187.923 -59 -95.0389
      vertex 187.402 -59 -94.4477
      vertex 183 -104 -101.103
    endloop
  endfacet
  facet normal 0.612242 -0.171006 0.771957
    outer loop
      vertex 183.348 -104 -101.379
      vertex 187.923 -59 -95.0389
      vertex 183 -104 -101.103
    endloop
  endfacet
  facet normal 0.546119 -0.174595 0.819311
    outer loop
      vertex 187.402 -59 -94.4477
      vertex 186.786 -59 -94.0371
      vertex 183 -104 -101.103
    endloop
  endfacet
  facet normal 0.486197 -0.175327 0.85608
    outer loop
      vertex 183 -104 -101.103
      vertex 186.786 -59 -94.0371
      vertex 182.632 -104 -100.894
    endloop
  endfacet
  facet normal 0.299088 -0.170665 0.93884
    outer loop
      vertex 186.786 -59 -94.0371
      vertex 186.086 -59 -93.8141
      vertex 182.632 -104 -100.894
    endloop
  endfacet
  facet normal 0.337653 -0.171528 0.92551
    outer loop
      vertex 182.632 -104 -100.894
      vertex 186.086 -59 -93.8141
      vertex 182.251 -104 -100.755
    endloop
  endfacet
  facet normal 0.0403998 -0.155677 0.986981
    outer loop
      vertex 186.086 -59 -93.8141
      vertex 185.314 -59 -93.7825
      vertex 182.251 -104 -100.755
    endloop
  endfacet
  facet normal 0.167912 -0.162095 0.972384
    outer loop
      vertex 182.251 -104 -100.755
      vertex 185.314 -59 -93.7825
      vertex 181.863 -104 -100.688
    endloop
  endfacet
  facet normal -0.187572 -0.134919 0.972941
    outer loop
      vertex 185.314 -59 -93.7825
      vertex 184.482 -59 -93.9429
      vertex 181.863 -104 -100.688
    endloop
  endfacet
  facet normal -0.0204428 -0.14704 0.988919
    outer loop
      vertex 181.863 -104 -100.688
      vertex 184.482 -59 -93.9429
      vertex 181.476 -104 -100.696
    endloop
  endfacet
  facet normal -0.368157 -0.113885 0.922763
    outer loop
      vertex 184.482 -59 -93.9429
      vertex 183.606 -59 -94.2924
      vertex 181.476 -104 -100.696
    endloop
  endfacet
  facet normal -0.206233 -0.12828 0.970058
    outer loop
      vertex 181.476 -104 -100.696
      vertex 183.606 -59 -94.2924
      vertex 181.095 -104 -100.777
    endloop
  endfacet
  facet normal -0.50495 -0.0954427 0.857856
    outer loop
      vertex 183.606 -59 -94.2924
      vertex 182.701 -59 -94.8251
      vertex 181.095 -104 -100.777
    endloop
  endfacet
  facet normal -0.381666 -0.107797 0.917993
    outer loop
      vertex 181.095 -104 -100.777
      vertex 182.701 -59 -94.8251
      vertex 180.727 -104 -100.93
    endloop
  endfacet
  facet normal -0.606828 -0.0806545 0.790731
    outer loop
      vertex 182.701 -59 -94.8251
      vertex 181.78 -59 -95.5319
      vertex 180.727 -104 -100.93
    endloop
  endfacet
  facet normal -0.53744 -0.0880319 0.838695
    outer loop
      vertex 180.727 -104 -100.93
      vertex 181.78 -59 -95.5319
      vertex 180.379 -104 -101.153
    endloop
  endfacet
  facet normal -0.68573 -0.0691585 0.724563
    outer loop
      vertex 181.78 -59 -95.5319
      vertex 180.862 -59 -96.4007
      vertex 180.379 -104 -101.153
    endloop
  endfacet
  facet normal -0.664959 -0.0713772 0.743461
    outer loop
      vertex 180.379 -104 -101.153
      vertex 180.862 -59 -96.4007
      vertex 180.057 -104 -101.441
    endloop
  endfacet
  facet normal -0.746429 -0.0608713 0.662676
    outer loop
      vertex 180.057 -104 -101.441
      vertex 180.862 -59 -96.4007
      vertex 179.96 -59 -97.4167
    endloop
  endfacet
  facet normal -0.766531 -0.0588426 0.639506
    outer loop
      vertex 180.057 -104 -101.441
      vertex 179.96 -59 -97.4167
      vertex 179.765 -104 -101.791
    endloop
  endfacet
  facet normal -0.795863 -0.0551628 0.602958
    outer loop
      vertex 179.765 -104 -101.791
      vertex 179.96 -59 -97.4167
      vertex 179.092 -59 -98.5624
    endloop
  endfacet
  facet normal -0.843595 -0.050969 0.534555
    outer loop
      vertex 179.509 -104 -102.195
      vertex 179.765 -104 -101.791
      vertex 179.092 -59 -98.5624
    endloop
  endfacet
  facet normal -0.835588 -0.0518914 0.546901
    outer loop
      vertex 179.509 -104 -102.195
      vertex 179.092 -59 -98.5624
      vertex 178.27 -59 -99.8183
    endloop
  endfacet
  facet normal -0.901619 -0.0475306 0.429911
    outer loop
      vertex 179.293 -104 -102.648
      vertex 179.509 -104 -102.195
      vertex 178.27 -59 -99.8183
    endloop
  endfacet
  facet normal -0.869458 -0.0506661 0.491402
    outer loop
      vertex 179.293 -104 -102.648
      vertex 178.27 -59 -99.8183
      vertex 177.51 -59 -101.163
    endloop
  endfacet
  facet normal -0.943476 -0.0482038 0.327916
    outer loop
      vertex 179.122 -104 -103.14
      vertex 179.293 -104 -102.648
      vertex 177.51 -59 -101.163
    endloop
  endfacet
  facet normal -0.898286 -0.0513511 0.436401
    outer loop
      vertex 179.122 -104 -103.14
      vertex 177.51 -59 -101.163
      vertex 176.825 -59 -102.573
    endloop
  endfacet
  facet normal -0.971465 -0.0525023 0.231301
    outer loop
      vertex 178.997 -104 -103.665
      vertex 179.122 -104 -103.14
      vertex 176.825 -59 -102.573
    endloop
  endfacet
  facet normal -0.922931 -0.056876 0.380741
    outer loop
      vertex 178.922 -104 -104.212
      vertex 176.825 -59 -102.573
      vertex 176.226 -59 -104.025
    endloop
  endfacet
  facet normal -0.989439 -0.051049 0.135663
    outer loop
      vertex 178.922 -104 -104.212
      vertex 178.997 -104 -103.665
      vertex 176.825 -59 -102.573
    endloop
  endfacet
  facet normal -0.944222 -0.0614226 0.323531
    outer loop
      vertex 178.897 -104 -104.773
      vertex 176.226 -59 -104.025
      vertex 175.723 -59 -105.493
    endloop
  endfacet
  facet normal -0.997213 -0.0599288 0.0444391
    outer loop
      vertex 178.897 -104 -104.773
      vertex 178.922 -104 -104.212
      vertex 176.226 -59 -104.025
    endloop
  endfacet
  facet normal -0.962758 -0.0675397 0.261791
    outer loop
      vertex 178.922 -104 -105.338
      vertex 175.723 -59 -105.493
      vertex 175.326 -59 -106.953
    endloop
  endfacet
  facet normal -0.996502 -0.0709921 -0.044093
    outer loop
      vertex 178.922 -104 -105.338
      vertex 178.897 -104 -104.773
      vertex 175.723 -59 -105.493
    endloop
  endfacet
  facet normal -0.977726 -0.075184 0.195956
    outer loop
      vertex 178.998 -104 -105.897
      vertex 175.326 -59 -106.953
      vertex 175.04 -59 -108.38
    endloop
  endfacet
  facet normal -0.987405 -0.0837225 -0.134245
    outer loop
      vertex 178.998 -104 -105.897
      vertex 178.922 -104 -105.338
      vertex 175.326 -59 -106.953
    endloop
  endfacet
  facet normal -0.988909 -0.0844602 0.122168
    outer loop
      vertex 179.123 -104 -106.44
      vertex 175.04 -59 -108.38
      vertex 174.871 -59 -109.748
    endloop
  endfacet
  facet normal -0.969857 -0.0976235 -0.223264
    outer loop
      vertex 179.123 -104 -106.44
      vertex 178.998 -104 -105.897
      vertex 175.04 -59 -108.38
    endloop
  endfacet
  facet normal -0.994715 -0.0954462 0.0378424
    outer loop
      vertex 179.295 -104 -106.959
      vertex 174.871 -59 -109.748
      vertex 174.822 -59 -111.036
    endloop
  endfacet
  facet normal -0.943247 -0.112106 -0.312598
    outer loop
      vertex 179.295 -104 -106.959
      vertex 179.123 -104 -106.44
      vertex 174.871 -59 -109.748
    endloop
  endfacet
  facet normal -0.992352 -0.108152 -0.0595076
    outer loop
      vertex 174.893 -59 -112.22
      vertex 179.511 -104 -107.445
      vertex 174.822 -59 -111.036
    endloop
  endfacet
  facet normal -0.906459 -0.126602 -0.402871
    outer loop
      vertex 179.511 -104 -107.445
      vertex 179.295 -104 -106.959
      vertex 174.822 -59 -111.036
    endloop
  endfacet
  facet normal -0.976741 -0.122719 -0.175832
    outer loop
      vertex 175.084 -59 -113.281
      vertex 179.767 -104 -107.888
      vertex 174.893 -59 -112.22
    endloop
  endfacet
  facet normal -0.857235 -0.140536 -0.495377
    outer loop
      vertex 179.767 -104 -107.888
      vertex 179.511 -104 -107.445
      vertex 174.893 -59 -112.22
    endloop
  endfacet
  facet normal -0.939307 -0.138717 -0.313784
    outer loop
      vertex 175.391 -59 -114.2
      vertex 180.06 -104 -108.283
      vertex 175.084 -59 -113.281
    endloop
  endfacet
  facet normal -0.793686 -0.153153 -0.588734
    outer loop
      vertex 180.06 -104 -108.283
      vertex 179.767 -104 -107.888
      vertex 175.084 -59 -113.281
    endloop
  endfacet
  facet normal -0.866375 -0.154967 -0.474742
    outer loop
      vertex 175.808 -59 -114.961
      vertex 180.383 -104 -108.621
      vertex 175.391 -59 -114.2
    endloop
  endfacet
  facet normal -0.713224 -0.16362 -0.681572
    outer loop
      vertex 180.383 -104 -108.621
      vertex 180.06 -104 -108.283
      vertex 175.391 -59 -114.2
    endloop
  endfacet
  facet normal -0.73938 -0.168723 -0.651805
    outer loop
      vertex 176.329 -59 -115.552
      vertex 180.731 -104 -108.897
      vertex 175.808 -59 -114.961
    endloop
  endfacet
  facet normal -0.612242 -0.171005 -0.771957
    outer loop
      vertex 180.731 -104 -108.897
      vertex 180.383 -104 -108.621
      vertex 175.808 -59 -114.961
    endloop
  endfacet
  facet normal -0.546488 -0.174589 -0.819066
    outer loop
      vertex 176.945 -59 -115.963
      vertex 180.731 -104 -108.897
      vertex 176.329 -59 -115.552
    endloop
  endfacet
  facet normal -0.486197 -0.175329 -0.856079
    outer loop
      vertex 181.099 -104 -109.106
      vertex 180.731 -104 -108.897
      vertex 176.945 -59 -115.963
    endloop
  endfacet
  facet normal 0 1 0
    outer loop
      vertex -193.318 -14 -89.3049
      vertex -189.731 -14 -87.2344
      vertex -188.453 -14 -87.4672
    endloop
  endfacet
  facet normal 0 1 0
    outer loop
      vertex -189.731 -14 -87.2344
      vertex -193.318 -14 -89.3049
      vertex -190.875 -14 -87.3056
    endloop
  endfacet
  facet normal 0 1 0
    outer loop
      vertex -193.755 -14 -90.5287
      vertex -188.453 -14 -87.4672
      vertex -187.061 -14 -88
    endloop
  endfacet
  facet normal -0 1 0
    outer loop
      vertex -192.684 -14 -88.3498
      vertex -190.875 -14 -87.3056
      vertex -193.318 -14 -89.3049
    endloop
  endfacet
  facet normal 0 1 0
    outer loop
      vertex -193.99 -14 -92
      vertex -187.061 -14 -88
      vertex -185.581 -14 -88.8237
    endloop
  endfacet
  facet normal 0 1 0
    outer loop
      vertex -190.875 -14 -87.3056
      vertex -192.684 -14 -88.3498
      vertex -191.865 -14 -87.6795
    endloop
  endfacet
  facet normal 0 1 0
    outer loop
      vertex -194.016 -14 -93.6938
      vertex -185.581 -14 -88.8237
      vertex -184.037 -14 -89.9241
    endloop
  endfacet
  facet normal 0 1 0
    outer loop
      vertex -188.453 -14 -87.4672
      vertex -193.755 -14 -90.5287
      vertex -193.318 -14 -89.3049
    endloop
  endfacet
  facet normal 0 1 0
    outer loop
      vertex -193.835 -14 -95.581
      vertex -184.037 -14 -89.9241
      vertex -182.456 -14 -91.2825
    endloop
  endfacet
  facet normal 0 1 0
    outer loop
      vertex -187.061 -14 -88
      vertex -193.99 -14 -92
      vertex -193.755 -14 -90.5287
    endloop
  endfacet
  facet normal 0 1 0
    outer loop
      vertex -193.449 -14 -97.6294
      vertex -182.456 -14 -91.2825
      vertex -180.865 -14 -92.8756
    endloop
  endfacet
  facet normal 0 1 0
    outer loop
      vertex -185.581 -14 -88.8237
      vertex -194.016 -14 -93.6938
      vertex -193.99 -14 -92
    endloop
  endfacet
  facet normal 0 1 0
    outer loop
      vertex -192.865 -14 -99.8038
      vertex -180.865 -14 -92.8756
      vertex -179.291 -14 -94.6762
    endloop
  endfacet
  facet normal 0 1 0
    outer loop
      vertex -184.037 -14 -89.9241
      vertex -193.835 -14 -95.581
      vertex -194.016 -14 -93.6938
    endloop
  endfacet
  facet normal 0 1 0
    outer loop
      vertex -192.093 -14 -102.067
      vertex -179.291 -14 -94.6762
      vertex -177.761 -14 -96.6534
    endloop
  endfacet
  facet normal 0 1 0
    outer loop
      vertex -182.456 -14 -91.2825
      vertex -193.449 -14 -97.6294
      vertex -193.835 -14 -95.581
    endloop
  endfacet
  facet normal 0 1 0
    outer loop
      vertex -191.146 -14 -104.381
      vertex -177.761 -14 -96.6534
      vertex -176.302 -14 -98.7734
    endloop
  endfacet
  facet normal 0 1 0
    outer loop
      vertex -180.865 -14 -92.8756
      vertex -192.865 -14 -99.8038
      vertex -193.449 -14 -97.6294
    endloop
  endfacet
  facet normal 0 1 0
    outer loop
      vertex -190.04 -14 -106.705
      vertex -176.302 -14 -98.7734
      vertex -174.937 -14 -101
    endloop
  endfacet
  facet normal 0 1 0
    outer loop
      vertex -179.291 -14 -94.6762
      vertex -192.093 -14 -102.067
      vertex -192.865 -14 -99.8038
    endloop
  endfacet
  facet normal 0 1 0
    outer loop
      vertex -188.794 -14 -109
      vertex -174.937 -14 -101
      vertex -173.691 -14 -103.295
    endloop
  endfacet
  facet normal 0 1 0
    outer loop
      vertex -177.761 -14 -96.6534
      vertex -191.146 -14 -104.381
      vertex -192.093 -14 -102.067
    endloop
  endfacet
  facet normal 0 1 0
    outer loop
      vertex -187.429 -14 -111.227
      vertex -173.691 -14 -103.295
      vertex -172.585 -14 -105.619
    endloop
  endfacet
  facet normal 0 1 0
    outer loop
      vertex -176.302 -14 -98.7734
      vertex -190.04 -14 -106.705
      vertex -191.146 -14 -104.381
    endloop
  endfacet
  facet normal 0 1 0
    outer loop
      vertex -185.969 -14 -113.347
      vertex -172.585 -14 -105.619
      vertex -171.638 -14 -107.933
    endloop
  endfacet
  facet normal 0 1 0
    outer loop
      vertex -174.937 -14 -101
      vertex -188.794 -14 -109
      vertex -190.04 -14 -106.705
    endloop
  endfacet
  facet normal 0 1 0
    outer loop
      vertex -184.439 -14 -115.324
      vertex -171.638 -14 -107.933
      vertex -170.865 -14 -110.196
    endloop
  endfacet
  facet normal 0 1 0
    outer loop
      vertex -173.691 -14 -103.295
      vertex -187.429 -14 -111.227
      vertex -188.794 -14 -109
    endloop
  endfacet
  facet normal 0 1 0
    outer loop
      vertex -182.865 -14 -117.124
      vertex -170.865 -14 -110.196
      vertex -170.281 -14 -112.371
    endloop
  endfacet
  facet normal 0 1 0
    outer loop
      vertex -172.585 -14 -105.619
      vertex -185.969 -14 -113.347
      vertex -187.429 -14 -111.227
    endloop
  endfacet
  facet normal 0 1 0
    outer loop
      vertex -181.274 -14 -118.717
      vertex -170.281 -14 -112.371
      vertex -169.895 -14 -114.419
    endloop
  endfacet
  facet normal 0 1 0
    outer loop
      vertex -171.638 -14 -107.933
      vertex -184.439 -14 -115.324
      vertex -185.969 -14 -113.347
    endloop
  endfacet
  facet normal 0 1 0
    outer loop
      vertex -179.693 -14 -120.076
      vertex -169.895 -14 -114.419
      vertex -169.714 -14 -116.306
    endloop
  endfacet
  facet normal 0 1 0
    outer loop
      vertex -170.865 -14 -110.196
      vertex -182.865 -14 -117.124
      vertex -184.439 -14 -115.324
    endloop
  endfacet
  facet normal 0 1 0
    outer loop
      vertex -178.149 -14 -121.176
      vertex -169.714 -14 -116.306
      vertex -169.741 -14 -118
    endloop
  endfacet
  facet normal 0 1 0
    outer loop
      vertex -170.281 -14 -112.371
      vertex -181.274 -14 -118.717
      vertex -182.865 -14 -117.124
    endloop
  endfacet
  facet normal 0 1 0
    outer loop
      vertex -176.669 -14 -122
      vertex -169.741 -14 -118
      vertex -169.975 -14 -119.471
    endloop
  endfacet
  facet normal 0 1 0
    outer loop
      vertex -169.895 -14 -114.419
      vertex -179.693 -14 -120.076
      vertex -181.274 -14 -118.717
    endloop
  endfacet
  facet normal 0 1 0
    outer loop
      vertex -175.278 -14 -122.533
      vertex -169.975 -14 -119.471
      vertex -170.413 -14 -120.695
    endloop
  endfacet
  facet normal 0 1 0
    outer loop
      vertex -169.714 -14 -116.306
      vertex -178.149 -14 -121.176
      vertex -179.693 -14 -120.076
    endloop
  endfacet
  facet normal 0 1 0
    outer loop
      vertex -173.999 -14 -122.766
      vertex -170.413 -14 -120.695
      vertex -171.047 -14 -121.65
    endloop
  endfacet
  facet normal 0 1 0
    outer loop
      vertex -169.741 -14 -118
      vertex -176.669 -14 -122
      vertex -178.149 -14 -121.176
    endloop
  endfacet
  facet normal 0 1 0
    outer loop
      vertex -172.855 -14 -122.694
      vertex -171.047 -14 -121.65
      vertex -171.865 -14 -122.321
    endloop
  endfacet
  facet normal 0 1 0
    outer loop
      vertex -169.975 -14 -119.471
      vertex -175.278 -14 -122.533
      vertex -176.669 -14 -122
    endloop
  endfacet
  facet normal 0 1 0
    outer loop
      vertex -171.047 -14 -121.65
      vertex -172.855 -14 -122.694
      vertex -173.999 -14 -122.766
    endloop
  endfacet
  facet normal 0 1 0
    outer loop
      vertex -170.413 -14 -120.695
      vertex -173.999 -14 -122.766
      vertex -175.278 -14 -122.533
    endloop
  endfacet
  facet normal 0 -1 0
    outer loop
      vertex -185.188 -104 -106.051
      vertex -182.806 -104 -101.739
      vertex -183.318 -104 -101.739
    endloop
  endfacet
  facet normal 0 -1 0
    outer loop
      vertex -185.473 -104 -105.638
      vertex -183.318 -104 -101.739
      vertex -183.805 -104 -101.795
    endloop
  endfacet
  facet normal 0 -1 0
    outer loop
      vertex -184.848 -104 -106.446
      vertex -182.806 -104 -101.739
      vertex -185.188 -104 -106.051
    endloop
  endfacet
  facet normal 0 -1 0
    outer loop
      vertex -185.695 -104 -105.215
      vertex -183.805 -104 -101.795
      vertex -184.26 -104 -101.906
    endloop
  endfacet
  facet normal 0 -1 -0
    outer loop
      vertex -182.806 -104 -101.739
      vertex -184.848 -104 -106.446
      vertex -182.277 -104 -101.795
    endloop
  endfacet
  facet normal 0 -1 0
    outer loop
      vertex -185.852 -104 -104.787
      vertex -184.26 -104 -101.906
      vertex -184.673 -104 -102.069
    endloop
  endfacet
  facet normal 0 -1 0
    outer loop
      vertex -184.456 -104 -106.816
      vertex -182.277 -104 -101.795
      vertex -184.848 -104 -106.446
    endloop
  endfacet
  facet normal 0 -1 0
    outer loop
      vertex -185.94 -104 -104.363
      vertex -184.673 -104 -102.069
      vertex -185.038 -104 -102.283
    endloop
  endfacet
  facet normal 0 -1 -0
    outer loop
      vertex -182.277 -104 -101.795
      vertex -184.456 -104 -106.816
      vertex -181.742 -104 -101.905
    endloop
  endfacet
  facet normal 0 -1 0
    outer loop
      vertex -185.94 -104 -104.363
      vertex -185.038 -104 -102.283
      vertex -185.349 -104 -102.543
    endloop
  endfacet
  facet normal 0 -1 0
    outer loop
      vertex -184.019 -104 -107.155
      vertex -181.742 -104 -101.905
      vertex -184.456 -104 -106.816
    endloop
  endfacet
  facet normal 0 -1 0
    outer loop
      vertex -185.959 -104 -103.95
      vertex -185.349 -104 -102.543
      vertex -185.6 -104 -102.846
    endloop
  endfacet
  facet normal 0 -1 -0
    outer loop
      vertex -181.742 -104 -101.905
      vertex -184.019 -104 -107.155
      vertex -181.208 -104 -102.069
    endloop
  endfacet
  facet normal 0 -1 0
    outer loop
      vertex -185.959 -104 -103.95
      vertex -185.6 -104 -102.846
      vertex -185.788 -104 -103.185
    endloop
  endfacet
  facet normal 0 -1 0
    outer loop
      vertex -183.546 -104 -107.458
      vertex -181.208 -104 -102.069
      vertex -184.019 -104 -107.155
    endloop
  endfacet
  facet normal 0 -1 0
    outer loop
      vertex -185.959 -104 -103.95
      vertex -185.788 -104 -103.185
      vertex -185.908 -104 -103.555
    endloop
  endfacet
  facet normal 0 -1 -0
    outer loop
      vertex -181.208 -104 -102.069
      vertex -183.546 -104 -107.458
      vertex -180.686 -104 -102.282
    endloop
  endfacet
  facet normal 0 -1 0
    outer loop
      vertex -185.349 -104 -102.543
      vertex -185.959 -104 -103.95
      vertex -185.94 -104 -104.363
    endloop
  endfacet
  facet normal 0 -1 0
    outer loop
      vertex -183.044 -104 -107.718
      vertex -180.686 -104 -102.282
      vertex -183.546 -104 -107.458
    endloop
  endfacet
  facet normal 0 -1 0
    outer loop
      vertex -184.673 -104 -102.069
      vertex -185.94 -104 -104.363
      vertex -185.852 -104 -104.787
    endloop
  endfacet
  facet normal 0 -1 -0
    outer loop
      vertex -180.686 -104 -102.282
      vertex -183.044 -104 -107.718
      vertex -180.184 -104 -102.542
    endloop
  endfacet
  facet normal 0 -1 0
    outer loop
      vertex -184.26 -104 -101.906
      vertex -185.852 -104 -104.787
      vertex -185.695 -104 -105.215
    endloop
  endfacet
  facet normal 0 -1 0
    outer loop
      vertex -182.522 -104 -107.931
      vertex -180.184 -104 -102.542
      vertex -183.044 -104 -107.718
    endloop
  endfacet
  facet normal 0 -1 0
    outer loop
      vertex -183.805 -104 -101.795
      vertex -185.695 -104 -105.215
      vertex -185.473 -104 -105.638
    endloop
  endfacet
  facet normal 0 -1 -0
    outer loop
      vertex -180.184 -104 -102.542
      vertex -182.522 -104 -107.931
      vertex -179.711 -104 -102.845
    endloop
  endfacet
  facet normal 0 -1 0
    outer loop
      vertex -183.318 -104 -101.739
      vertex -185.473 -104 -105.638
      vertex -185.188 -104 -106.051
    endloop
  endfacet
  facet normal 0 -1 0
    outer loop
      vertex -181.989 -104 -108.095
      vertex -179.711 -104 -102.845
      vertex -182.522 -104 -107.931
    endloop
  endfacet
  facet normal 0 -1 -0
    outer loop
      vertex -179.711 -104 -102.845
      vertex -181.989 -104 -108.095
      vertex -179.275 -104 -103.184
    endloop
  endfacet
  facet normal 0 -1 0
    outer loop
      vertex -181.453 -104 -108.205
      vertex -179.275 -104 -103.184
      vertex -181.989 -104 -108.095
    endloop
  endfacet
  facet normal 0 -1 -0
    outer loop
      vertex -179.275 -104 -103.184
      vertex -181.453 -104 -108.205
      vertex -178.883 -104 -103.554
    endloop
  endfacet
  facet normal 0 -1 0
    outer loop
      vertex -180.925 -104 -108.261
      vertex -178.883 -104 -103.554
      vertex -181.453 -104 -108.205
    endloop
  endfacet
  facet normal 0 -1 -0
    outer loop
      vertex -178.883 -104 -103.554
      vertex -180.925 -104 -108.261
      vertex -178.542 -104 -103.949
    endloop
  endfacet
  facet normal 0 -1 0
    outer loop
      vertex -180.413 -104 -108.261
      vertex -178.542 -104 -103.949
      vertex -180.925 -104 -108.261
    endloop
  endfacet
  facet normal 0 -1 -0
    outer loop
      vertex -178.542 -104 -103.949
      vertex -180.413 -104 -108.261
      vertex -178.258 -104 -104.362
    endloop
  endfacet
  facet normal -0 -1 0
    outer loop
      vertex -179.925 -104 -108.205
      vertex -178.258 -104 -104.362
      vertex -180.413 -104 -108.261
    endloop
  endfacet
  facet normal 0 -1 -0
    outer loop
      vertex -178.258 -104 -104.362
      vertex -179.925 -104 -108.205
      vertex -178.036 -104 -104.785
    endloop
  endfacet
  facet normal -0 -1 0
    outer loop
      vertex -179.471 -104 -108.094
      vertex -178.036 -104 -104.785
      vertex -179.925 -104 -108.205
    endloop
  endfacet
  facet normal 0 -1 -0
    outer loop
      vertex -178.036 -104 -104.785
      vertex -179.471 -104 -108.094
      vertex -177.879 -104 -105.213
    endloop
  endfacet
  facet normal -0 -1 0
    outer loop
      vertex -179.058 -104 -107.931
      vertex -177.879 -104 -105.213
      vertex -179.471 -104 -108.094
    endloop
  endfacet
  facet normal 0 -1 -0
    outer loop
      vertex -177.879 -104 -105.213
      vertex -179.058 -104 -107.931
      vertex -177.79 -104 -105.637
    endloop
  endfacet
  facet normal -0 -1 0
    outer loop
      vertex -178.693 -104 -107.717
      vertex -177.79 -104 -105.637
      vertex -179.058 -104 -107.931
    endloop
  endfacet
  facet normal 0 -1 -0
    outer loop
      vertex -177.79 -104 -105.637
      vertex -178.693 -104 -107.717
      vertex -177.771 -104 -106.05
    endloop
  endfacet
  facet normal 0 -1 0
    outer loop
      vertex -177.771 -104 -106.05
      vertex -178.693 -104 -107.717
      vertex -177.823 -104 -106.445
    endloop
  endfacet
  facet normal 0 -1 0
    outer loop
      vertex -177.823 -104 -106.445
      vertex -178.693 -104 -107.717
      vertex -177.943 -104 -106.815
    endloop
  endfacet
  facet normal 0 -1 0
    outer loop
      vertex -178.13 -104 -107.154
      vertex -178.693 -104 -107.717
      vertex -178.382 -104 -107.457
    endloop
  endfacet
  facet normal 0 -1 0
    outer loop
      vertex -177.943 -104 -106.815
      vertex -178.693 -104 -107.717
      vertex -178.13 -104 -107.154
    endloop
  endfacet
  facet normal -0.624184 -0.169568 0.762654
    outer loop
      vertex -188.899 -59 -95.2573
      vertex -191.865 -14 -87.6795
      vertex -192.684 -14 -88.3498
    endloop
  endfacet
  facet normal -0.664001 -0.167703 0.728683
    outer loop
      vertex -189.442 -59 -95.7521
      vertex -188.899 -59 -95.2573
      vertex -192.684 -14 -88.3498
    endloop
  endfacet
  facet normal -0.82381 -0.149305 0.546849
    outer loop
      vertex -189.442 -59 -95.7521
      vertex -192.684 -14 -88.3498
      vertex -193.318 -14 -89.3049
    endloop
  endfacet
  facet normal -0.83525 -0.147823 0.529627
    outer loop
      vertex -189.856 -59 -96.405
      vertex -189.442 -59 -95.7521
      vertex -193.318 -14 -89.3049
    endloop
  endfacet
  facet normal -0.934428 -0.124535 0.33367
    outer loop
      vertex -189.856 -59 -96.405
      vertex -193.318 -14 -89.3049
      vertex -193.755 -14 -90.5287
    endloop
  endfacet
  facet normal -0.937707 -0.123645 0.324681
    outer loop
      vertex -190.133 -59 -97.205
      vertex -189.856 -59 -96.405
      vertex -193.755 -14 -90.5287
    endloop
  endfacet
  facet normal -0.982298 -0.102341 0.156895
    outer loop
      vertex -190.133 -59 -97.205
      vertex -193.755 -14 -90.5287
      vertex -193.99 -14 -92
    endloop
  endfacet
  facet normal -0.984654 -0.100868 0.142413
    outer loop
      vertex -190.268 -59 -98.1384
      vertex -190.133 -59 -97.205
      vertex -193.99 -14 -92
    endloop
  endfacet
  facet normal -0.996307 -0.0844918 0.0152934
    outer loop
      vertex -190.268 -59 -98.1384
      vertex -193.99 -14 -92
      vertex -194.016 -14 -93.6938
    endloop
  endfacet
  facet normal -0.996583 -0.0821612 -0.00853563
    outer loop
      vertex -190.259 -59 -99.1892
      vertex -190.268 -59 -98.1384
      vertex -194.016 -14 -93.6938
    endloop
  endfacet
  facet normal -0.992901 -0.0712669 -0.0952284
    outer loop
      vertex -193.835 -14 -95.581
      vertex -190.259 -59 -99.1892
      vertex -194.016 -14 -93.6938
    endloop
  endfacet
  facet normal -0.989072 -0.0681143 -0.130752
    outer loop
      vertex -190.107 -59 -100.339
      vertex -190.259 -59 -99.1892
      vertex -193.835 -14 -95.581
    endloop
  endfacet
  facet normal -0.980831 -0.061714 -0.184828
    outer loop
      vertex -193.449 -14 -97.6294
      vertex -190.107 -59 -100.339
      vertex -193.835 -14 -95.581
    endloop
  endfacet
  facet normal -0.971132 -0.0581933 -0.231335
    outer loop
      vertex -189.814 -59 -101.569
      vertex -190.107 -59 -100.339
      vertex -193.449 -14 -97.6294
    endloop
  endfacet
  facet normal -0.9643 -0.0552202 -0.258991
    outer loop
      vertex -192.865 -14 -99.8038
      vertex -189.814 -59 -101.569
      vertex -193.449 -14 -97.6294
    endloop
  endfacet
  facet normal -0.947553 -0.0518735 -0.315361
    outer loop
      vertex -189.385 -59 -102.858
      vertex -189.814 -59 -101.569
      vertex -192.865 -14 -99.8038
    endloop
  endfacet
  facet normal -0.94521 -0.0512132 -0.322421
    outer loop
      vertex -192.093 -14 -102.067
      vertex -189.385 -59 -102.858
      vertex -192.865 -14 -99.8038
    endloop
  endfacet
  facet normal -0.920521 -0.0485807 -0.387661
    outer loop
      vertex -188.827 -59 -104.183
      vertex -189.385 -59 -102.858
      vertex -192.093 -14 -102.067
    endloop
  endfacet
  facet normal -0.924371 -0.0493004 -0.378297
    outer loop
      vertex -191.146 -14 -104.381
      vertex -188.827 -59 -104.183
      vertex -192.093 -14 -102.067
    endloop
  endfacet
  facet normal -0.891529 -0.0479253 -0.450422
    outer loop
      vertex -188.15 -59 -105.523
      vertex -188.827 -59 -104.183
      vertex -191.146 -14 -104.381
    endloop
  endfacet
  facet normal -0.90187 -0.0491523 -0.429203
    outer loop
      vertex -190.04 -14 -106.705
      vertex -188.15 -59 -105.523
      vertex -191.146 -14 -104.381
    endloop
  endfacet
  facet normal -0.860413 -0.0494596 -0.507191
    outer loop
      vertex -187.366 -59 -106.853
      vertex -188.15 -59 -105.523
      vertex -190.04 -14 -106.705
    endloop
  endfacet
  facet normal -0.877705 -0.050588 -0.476523
    outer loop
      vertex -188.794 -14 -109
      vertex -187.366 -59 -106.853
      vertex -190.04 -14 -106.705
    endloop
  endfacet
  facet normal -0.827043 -0.0529458 -0.559639
    outer loop
      vertex -186.487 -59 -108.152
      vertex -187.366 -59 -106.853
      vertex -188.794 -14 -109
    endloop
  endfacet
  facet normal -0.85137 -0.0534805 -0.521832
    outer loop
      vertex -187.429 -14 -111.227
      vertex -186.487 -59 -108.152
      vertex -188.794 -14 -109
    endloop
  endfacet
  facet normal -0.791259 -0.0581588 -0.608709
    outer loop
      vertex -185.53 -59 -109.396
      vertex -186.487 -59 -108.152
      vertex -187.429 -14 -111.227
    endloop
  endfacet
  facet normal -0.822021 -0.0616556 -0.566109
    outer loop
      vertex -185.969 -14 -113.347
      vertex -184.509 -59 -110.566
      vertex -187.429 -14 -111.227
    endloop
  endfacet
  facet normal -0.752166 -0.0584486 -0.656377
    outer loop
      vertex -184.509 -59 -110.566
      vertex -185.53 -59 -109.396
      vertex -187.429 -14 -111.227
    endloop
  endfacet
  facet normal -0.789036 -0.0674371 -0.610635
    outer loop
      vertex -184.439 -14 -115.324
      vertex -183.444 -59 -111.64
      vertex -185.969 -14 -113.347
    endloop
  endfacet
  facet normal -0.708508 -0.0664061 -0.702571
    outer loop
      vertex -183.444 -59 -111.64
      vertex -184.509 -59 -110.566
      vertex -185.969 -14 -113.347
    endloop
  endfacet
  facet normal -0.750689 -0.0745536 -0.656436
    outer loop
      vertex -182.865 -14 -117.124
      vertex -182.351 -59 -112.601
      vertex -184.439 -14 -115.324
    endloop
  endfacet
  facet normal -0.6584 -0.0758626 -0.748836
    outer loop
      vertex -182.351 -59 -112.601
      vertex -183.444 -59 -111.64
      vertex -184.439 -14 -115.324
    endloop
  endfacet
  facet normal -0.705104 -0.0830982 -0.704218
    outer loop
      vertex -181.274 -14 -118.717
      vertex -181.25 -59 -113.431
      vertex -182.865 -14 -117.124
    endloop
  endfacet
  facet normal -0.599699 -0.0868069 -0.795504
    outer loop
      vertex -181.25 -59 -113.431
      vertex -182.351 -59 -112.601
      vertex -182.865 -14 -117.124
    endloop
  endfacet
  facet normal -0.649018 -0.0932318 -0.755039
    outer loop
      vertex -179.693 -14 -120.076
      vertex -180.16 -59 -114.118
      vertex -181.274 -14 -118.717
    endloop
  endfacet
  facet normal -0.530576 -0.0991683 -0.841816
    outer loop
      vertex -180.16 -59 -114.118
      vertex -181.25 -59 -113.431
      vertex -181.274 -14 -118.717
    endloop
  endfacet
  facet normal -0.577013 -0.105311 -0.809917
    outer loop
      vertex -178.149 -14 -121.176
      vertex -179.099 -59 -114.648
      vertex -179.693 -14 -120.076
    endloop
  endfacet
  facet normal -0.44401 -0.113077 -0.888858
    outer loop
      vertex -179.693 -14 -120.076
      vertex -179.099 -59 -114.648
      vertex -180.16 -59 -114.118
    endloop
  endfacet
  facet normal -0.48296 -0.119489 -0.867452
    outer loop
      vertex -176.669 -14 -122
      vertex -178.085 -59 -115.013
      vertex -178.149 -14 -121.176
    endloop
  endfacet
  facet normal -0.335889 -0.128275 -0.933126
    outer loop
      vertex -178.149 -14 -121.176
      vertex -178.085 -59 -115.013
      vertex -179.099 -59 -114.648
    endloop
  endfacet
  facet normal -0.354486 -0.135974 -0.925122
    outer loop
      vertex -176.669 -14 -122
      vertex -175.278 -14 -122.533
      vertex -177.136 -59 -115.207
    endloop
  endfacet
  facet normal -0.198188 -0.144292 -0.969485
    outer loop
      vertex -176.669 -14 -122
      vertex -177.136 -59 -115.207
      vertex -178.085 -59 -115.013
    endloop
  endfacet
  facet normal -0.177087 -0.153952 -0.97208
    outer loop
      vertex -175.278 -14 -122.533
      vertex -173.999 -14 -122.766
      vertex -176.267 -59 -115.226
    endloop
  endfacet
  facet normal -0.0215782 -0.159779 -0.986917
    outer loop
      vertex -175.278 -14 -122.533
      vertex -176.267 -59 -115.226
      vertex -177.136 -59 -115.207
    endloop
  endfacet
  facet normal 0.061896 -0.170229 -0.983459
    outer loop
      vertex -173.999 -14 -122.766
      vertex -172.855 -14 -122.694
      vertex -175.495 -59 -115.071
    endloop
  endfacet
  facet normal 0.193928 -0.171614 -0.965888
    outer loop
      vertex -173.999 -14 -122.766
      vertex -175.495 -59 -115.071
      vertex -176.267 -59 -115.226
    endloop
  endfacet
  facet normal 0.347045 -0.176396 -0.92111
    outer loop
      vertex -172.855 -14 -122.694
      vertex -171.865 -14 -122.321
      vertex -175.495 -59 -115.071
    endloop
  endfacet
  facet normal 0.435869 -0.17732 -0.882369
    outer loop
      vertex -171.865 -14 -122.321
      vertex -174.831 -59 -114.743
      vertex -175.495 -59 -115.071
    endloop
  endfacet
  facet normal 0.625037 -0.169512 -0.761968
    outer loop
      vertex -171.865 -14 -122.321
      vertex -171.047 -14 -121.65
      vertex -174.831 -59 -114.743
    endloop
  endfacet
  facet normal 0.664151 -0.167673 -0.728553
    outer loop
      vertex -171.047 -14 -121.65
      vertex -174.288 -59 -114.248
      vertex -174.831 -59 -114.743
    endloop
  endfacet
  facet normal 0.823786 -0.149288 -0.546891
    outer loop
      vertex -171.047 -14 -121.65
      vertex -170.413 -14 -120.695
      vertex -174.288 -59 -114.248
    endloop
  endfacet
  facet normal 0.835879 -0.147718 -0.528664
    outer loop
      vertex -170.413 -14 -120.695
      vertex -173.875 -59 -113.595
      vertex -174.288 -59 -114.248
    endloop
  endfacet
  facet normal 0.934194 -0.124615 -0.334295
    outer loop
      vertex -170.413 -14 -120.695
      vertex -169.975 -14 -119.471
      vertex -173.875 -59 -113.595
    endloop
  endfacet
  facet normal 0.937705 -0.123664 -0.32468
    outer loop
      vertex -169.975 -14 -119.471
      vertex -173.598 -59 -112.795
      vertex -173.875 -59 -113.595
    endloop
  endfacet
  facet normal 0.982404 -0.102279 -0.156276
    outer loop
      vertex -169.975 -14 -119.471
      vertex -169.741 -14 -118
      vertex -173.598 -59 -112.795
    endloop
  endfacet
  facet normal 0.984645 -0.100874 -0.142473
    outer loop
      vertex -169.741 -14 -118
      vertex -173.463 -59 -111.862
      vertex -173.598 -59 -112.795
    endloop
  endfacet
  facet normal 0.996291 -0.0845703 -0.0158795
    outer loop
      vertex -169.741 -14 -118
      vertex -169.714 -14 -116.306
      vertex -173.463 -59 -111.862
    endloop
  endfacet
  facet normal 0.996581 -0.0822771 0.00758577
    outer loop
      vertex -173.463 -59 -111.862
      vertex -169.714 -14 -116.306
      vertex -173.471 -59 -110.811
    endloop
  endfacet
  facet normal 0.9929 -0.0712665 0.0952384
    outer loop
      vertex -169.714 -14 -116.306
      vertex -169.895 -14 -114.419
      vertex -173.471 -59 -110.811
    endloop
  endfacet
  facet normal 0.989075 -0.0681169 0.13073
    outer loop
      vertex -173.471 -59 -110.811
      vertex -169.895 -14 -114.419
      vertex -173.623 -59 -109.661
    endloop
  endfacet
  facet normal 0.980825 -0.0617098 0.184863
    outer loop
      vertex -169.895 -14 -114.419
      vertex -170.281 -14 -112.371
      vertex -173.623 -59 -109.661
    endloop
  endfacet
  facet normal 0.971132 -0.0581913 0.231335
    outer loop
      vertex -173.623 -59 -109.661
      vertex -170.281 -14 -112.371
      vertex -173.916 -59 -108.431
    endloop
  endfacet
  facet normal 0.964317 -0.0552251 0.258925
    outer loop
      vertex -170.281 -14 -112.371
      vertex -170.865 -14 -110.196
      vertex -173.916 -59 -108.431
    endloop
  endfacet
  facet normal 0.947334 -0.0518341 0.316023
    outer loop
      vertex -173.916 -59 -108.431
      vertex -170.865 -14 -110.196
      vertex -174.346 -59 -107.142
    endloop
  endfacet
  facet normal 0.945074 -0.051198 0.32282
    outer loop
      vertex -170.865 -14 -110.196
      vertex -171.638 -14 -107.933
      vertex -174.346 -59 -107.142
    endloop
  endfacet
  facet normal 0.920768 -0.048606 0.38707
    outer loop
      vertex -174.346 -59 -107.142
      vertex -171.638 -14 -107.933
      vertex -174.903 -59 -105.817
    endloop
  endfacet
  facet normal 0.924372 -0.0492799 0.378297
    outer loop
      vertex -171.638 -14 -107.933
      vertex -172.585 -14 -105.619
      vertex -174.903 -59 -105.817
    endloop
  endfacet
  facet normal 0.89153 -0.0479055 0.450422
    outer loop
      vertex -174.903 -59 -105.817
      vertex -172.585 -14 -105.619
      vertex -175.58 -59 -104.477
    endloop
  endfacet
  facet normal 0.901871 -0.0491323 0.429203
    outer loop
      vertex -172.585 -14 -105.619
      vertex -173.691 -14 -103.295
      vertex -175.58 -59 -104.477
    endloop
  endfacet
  facet normal 0.860131 -0.0494412 0.507671
    outer loop
      vertex -175.58 -59 -104.477
      vertex -173.691 -14 -103.295
      vertex -176.365 -59 -103.147
    endloop
  endfacet
  facet normal 0.877705 -0.050588 0.476523
    outer loop
      vertex -173.691 -14 -103.295
      vertex -174.937 -14 -101
      vertex -176.365 -59 -103.147
    endloop
  endfacet
  facet normal 0.827339 -0.0529344 0.559202
    outer loop
      vertex -176.365 -59 -103.147
      vertex -174.937 -14 -101
      vertex -177.243 -59 -101.848
    endloop
  endfacet
  facet normal 0.851329 -0.0534608 0.521901
    outer loop
      vertex -174.937 -14 -101
      vertex -176.302 -14 -98.7734
      vertex -177.243 -59 -101.848
    endloop
  endfacet
  facet normal 0.790951 -0.0581567 0.609109
    outer loop
      vertex -177.243 -59 -101.848
      vertex -176.302 -14 -98.7734
      vertex -178.201 -59 -100.604
    endloop
  endfacet
  facet normal 0.822203 -0.0616427 0.565846
    outer loop
      vertex -176.302 -14 -98.7734
      vertex -177.761 -14 -96.6534
      vertex -179.221 -59 -99.4342
    endloop
  endfacet
  facet normal 0.752429 -0.0584417 0.656076
    outer loop
      vertex -178.201 -59 -100.604
      vertex -176.302 -14 -98.7734
      vertex -179.221 -59 -99.4342
    endloop
  endfacet
  facet normal 0.789065 -0.067448 0.610596
    outer loop
      vertex -177.761 -14 -96.6534
      vertex -179.291 -14 -94.6762
      vertex -180.287 -59 -98.3599
    endloop
  endfacet
  facet normal 0.708277 -0.0664098 0.702804
    outer loop
      vertex -179.221 -59 -99.4342
      vertex -177.761 -14 -96.6534
      vertex -180.287 -59 -98.3599
    endloop
  endfacet
  facet normal 0.750797 -0.0745526 0.656312
    outer loop
      vertex -179.291 -14 -94.6762
      vertex -180.865 -14 -92.8756
      vertex -181.379 -59 -97.3993
    endloop
  endfacet
  facet normal 0.658585 -0.075863 0.748673
    outer loop
      vertex -180.287 -59 -98.3599
      vertex -179.291 -14 -94.6762
      vertex -181.379 -59 -97.3993
    endloop
  endfacet
  facet normal 0.705126 -0.0830988 0.704196
    outer loop
      vertex -180.865 -14 -92.8756
      vertex -182.456 -14 -91.2825
      vertex -182.48 -59 -96.5687
    endloop
  endfacet
  facet normal 0.599975 -0.0868015 0.795296
    outer loop
      vertex -181.379 -59 -97.3993
      vertex -180.865 -14 -92.8756
      vertex -182.48 -59 -96.5687
    endloop
  endfacet
  facet normal 0.648851 -0.0932697 0.755178
    outer loop
      vertex -183.571 -59 -95.8823
      vertex -182.456 -14 -91.2825
      vertex -184.037 -14 -89.9241
    endloop
  endfacet
  facet normal 0.529893 -0.0992215 0.84224
    outer loop
      vertex -182.48 -59 -96.5687
      vertex -182.456 -14 -91.2825
      vertex -183.571 -59 -95.8823
    endloop
  endfacet
  facet normal 0.577152 -0.105311 0.809818
    outer loop
      vertex -184.632 -59 -95.352
      vertex -184.037 -14 -89.9241
      vertex -185.581 -14 -88.8237
    endloop
  endfacet
  facet normal 0.444211 -0.113075 0.888758
    outer loop
      vertex -183.571 -59 -95.8823
      vertex -184.037 -14 -89.9241
      vertex -184.632 -59 -95.352
    endloop
  endfacet
  facet normal 0.482824 -0.119512 0.867524
    outer loop
      vertex -185.646 -59 -94.9868
      vertex -185.581 -14 -88.8237
      vertex -187.061 -14 -88
    endloop
  endfacet
  facet normal 0.336051 -0.128276 0.933067
    outer loop
      vertex -184.632 -59 -95.352
      vertex -185.581 -14 -88.8237
      vertex -185.646 -59 -94.9868
    endloop
  endfacet
  facet normal 0.354147 -0.136002 0.925248
    outer loop
      vertex -186.595 -59 -94.7929
      vertex -187.061 -14 -88
      vertex -188.453 -14 -87.4672
    endloop
  endfacet
  facet normal 0.198089 -0.144299 0.969504
    outer loop
      vertex -186.595 -59 -94.7929
      vertex -185.646 -59 -94.9868
      vertex -187.061 -14 -88
    endloop
  endfacet
  facet normal 0.177075 -0.153936 0.972084
    outer loop
      vertex -187.463 -59 -94.7736
      vertex -188.453 -14 -87.4672
      vertex -189.731 -14 -87.2344
    endloop
  endfacet
  facet normal 0.021944 -0.159757 0.986912
    outer loop
      vertex -187.463 -59 -94.7736
      vertex -186.595 -59 -94.7929
      vertex -188.453 -14 -87.4672
    endloop
  endfacet
  facet normal -0.0612111 -0.170211 0.983505
    outer loop
      vertex -188.236 -59 -94.9293
      vertex -189.731 -14 -87.2344
      vertex -190.875 -14 -87.3056
    endloop
  endfacet
  facet normal -0.194528 -0.171607 0.965769
    outer loop
      vertex -188.236 -59 -94.9293
      vertex -187.463 -59 -94.7736
      vertex -189.731 -14 -87.2344
    endloop
  endfacet
  facet normal -0.347777 -0.176399 0.920834
    outer loop
      vertex -188.236 -59 -94.9293
      vertex -190.875 -14 -87.3056
      vertex -191.865 -14 -87.6795
    endloop
  endfacet
  facet normal -0.436398 -0.177307 0.88211
    outer loop
      vertex -188.899 -59 -95.2573
      vertex -188.236 -59 -94.9293
      vertex -191.865 -14 -87.6795
    endloop
  endfacet
  facet normal -0.66366 -0.17065 0.728309
    outer loop
      vertex -185.038 -104 -102.283
      vertex -188.899 -59 -95.2573
      vertex -189.442 -59 -95.7521
    endloop
  endfacet
  facet normal -0.63189 -0.171536 0.755838
    outer loop
      vertex -185.349 -104 -102.543
      vertex -185.038 -104 -102.283
      vertex -189.442 -59 -95.7521
    endloop
  endfacet
  facet normal -0.834228 -0.155705 0.528979
    outer loop
      vertex -185.349 -104 -102.543
      vertex -189.442 -59 -95.7521
      vertex -189.856 -59 -96.405
    endloop
  endfacet
  facet normal -0.759924 -0.161975 0.629508
    outer loop
      vertex -185.6 -104 -102.846
      vertex -185.349 -104 -102.543
      vertex -189.856 -59 -96.405
    endloop
  endfacet
  facet normal -0.936313 -0.134958 0.324198
    outer loop
      vertex -185.6 -104 -102.846
      vertex -189.856 -59 -96.405
      vertex -190.133 -59 -97.205
    endloop
  endfacet
  facet normal -0.864987 -0.147266 0.479698
    outer loop
      vertex -185.788 -104 -103.185
      vertex -185.6 -104 -102.846
      vertex -190.133 -59 -97.205
    endloop
  endfacet
  facet normal -0.983268 -0.113838 0.142213
    outer loop
      vertex -185.788 -104 -103.185
      vertex -190.133 -59 -97.205
      vertex -190.268 -59 -98.1384
    endloop
  endfacet
  facet normal -0.94337 -0.12823 0.305958
    outer loop
      vertex -185.908 -104 -103.555
      vertex -185.788 -104 -103.185
      vertex -190.268 -59 -98.1384
    endloop
  endfacet
  facet normal -0.995401 -0.0954171 -0.00852551
    outer loop
      vertex -190.259 -59 -99.1892
      vertex -185.908 -104 -103.555
      vertex -190.268 -59 -98.1384
    endloop
  endfacet
  facet normal -0.986 -0.107686 0.127306
    outer loop
      vertex -185.959 -104 -103.95
      vertex -185.908 -104 -103.555
      vertex -190.259 -59 -99.1892
    endloop
  endfacet
  facet normal -0.988149 -0.080603 -0.13063
    outer loop
      vertex -190.107 -59 -100.339
      vertex -185.959 -104 -103.95
      vertex -190.259 -59 -99.1892
    endloop
  endfacet
  facet normal -0.995064 -0.0880493 -0.0457777
    outer loop
      vertex -185.94 -104 -104.363
      vertex -185.959 -104 -103.95
      vertex -190.107 -59 -100.339
    endloop
  endfacet
  facet normal -0.970449 -0.0691917 -0.231172
    outer loop
      vertex -189.814 -59 -101.569
      vertex -185.94 -104 -104.363
      vertex -190.107 -59 -100.339
    endloop
  endfacet
  facet normal -0.976628 -0.0714917 -0.202696
    outer loop
      vertex -185.852 -104 -104.787
      vertex -185.94 -104 -104.363
      vertex -189.814 -59 -101.569
    endloop
  endfacet
  facet normal -0.947072 -0.0608441 -0.315201
    outer loop
      vertex -189.385 -59 -102.858
      vertex -185.852 -104 -104.787
      vertex -189.814 -59 -101.569
    endloop
  endfacet
  facet normal -0.937202 -0.0588438 -0.343787
    outer loop
      vertex -185.695 -104 -105.215
      vertex -185.852 -104 -104.787
      vertex -189.385 -59 -102.858
    endloop
  endfacet
  facet normal -0.920206 -0.055159 -0.387528
    outer loop
      vertex -188.827 -59 -104.183
      vertex -185.695 -104 -105.215
      vertex -189.385 -59 -102.858
    endloop
  endfacet
  facet normal -0.884315 -0.0509047 -0.464108
    outer loop
      vertex -185.473 -104 -105.638
      vertex -185.695 -104 -105.215
      vertex -188.827 -59 -104.183
    endloop
  endfacet
  facet normal -0.891353 -0.0518747 -0.450333
    outer loop
      vertex -188.15 -59 -105.523
      vertex -185.473 -104 -105.638
      vertex -188.827 -59 -104.183
    endloop
  endfacet
  facet normal -0.822125 -0.0474575 -0.567326
    outer loop
      vertex -185.188 -104 -106.051
      vertex -185.473 -104 -105.638
      vertex -188.15 -59 -105.523
    endloop
  endfacet
  facet normal -0.860361 -0.0506802 -0.50716
    outer loop
      vertex -187.366 -59 -106.853
      vertex -185.188 -104 -106.051
      vertex -188.15 -59 -105.523
    endloop
  endfacet
  facet normal -0.757018 -0.0482528 -0.65161
    outer loop
      vertex -184.848 -104 -106.446
      vertex -185.188 -104 -106.051
      vertex -187.366 -59 -106.853
    endloop
  endfacet
  facet normal -0.827113 -0.0513436 -0.559686
    outer loop
      vertex -186.487 -59 -108.152
      vertex -184.848 -104 -106.446
      vertex -187.366 -59 -106.853
    endloop
  endfacet
  facet normal -0.685459 -0.0524976 -0.726216
    outer loop
      vertex -184.456 -104 -106.816
      vertex -184.848 -104 -106.446
      vertex -186.487 -59 -108.152
    endloop
  endfacet
  facet normal -0.791317 -0.0568866 -0.608754
    outer loop
      vertex -185.53 -59 -109.396
      vertex -184.019 -104 -107.155
      vertex -186.487 -59 -108.152
    endloop
  endfacet
  facet normal -0.612139 -0.0510554 -0.7891
    outer loop
      vertex -184.019 -104 -107.155
      vertex -184.456 -104 -106.816
      vertex -186.487 -59 -108.152
    endloop
  endfacet
  facet normal -0.752031 -0.0614191 -0.65626
    outer loop
      vertex -184.509 -59 -110.566
      vertex -183.546 -104 -107.458
      vertex -185.53 -59 -109.396
    endloop
  endfacet
  facet normal -0.538437 -0.059938 -0.840531
    outer loop
      vertex -183.546 -104 -107.458
      vertex -184.019 -104 -107.155
      vertex -185.53 -59 -109.396
    endloop
  endfacet
  facet normal -0.708455 -0.0675257 -0.702518
    outer loop
      vertex -183.444 -59 -111.64
      vertex -183.044 -104 -107.718
      vertex -184.509 -59 -110.566
    endloop
  endfacet
  facet normal -0.458744 -0.0709914 -0.885728
    outer loop
      vertex -183.044 -104 -107.718
      vertex -183.546 -104 -107.458
      vertex -184.509 -59 -110.566
    endloop
  endfacet
  facet normal -0.658432 -0.0752143 -0.748872
    outer loop
      vertex -182.351 -59 -112.601
      vertex -182.522 -104 -107.931
      vertex -183.444 -59 -111.64
    endloop
  endfacet
  facet normal -0.376476 -0.083759 -0.922632
    outer loop
      vertex -182.522 -104 -107.931
      vertex -183.044 -104 -107.718
      vertex -183.444 -59 -111.64
    endloop
  endfacet
  facet normal -0.599818 -0.0844975 -0.795662
    outer loop
      vertex -181.25 -59 -113.431
      vertex -181.989 -104 -108.095
      vertex -182.351 -59 -112.601
    endloop
  endfacet
  facet normal -0.292682 -0.0976028 -0.951216
    outer loop
      vertex -182.351 -59 -112.601
      vertex -181.989 -104 -108.095
      vertex -182.522 -104 -107.931
    endloop
  endfacet
  facet normal -0.530772 -0.0954047 -0.842128
    outer loop
      vertex -181.25 -59 -113.431
      vertex -180.16 -59 -114.118
      vertex -181.453 -104 -108.205
    endloop
  endfacet
  facet normal -0.199766 -0.112144 -0.973405
    outer loop
      vertex -181.25 -59 -113.431
      vertex -181.453 -104 -108.205
      vertex -181.989 -104 -108.095
    endloop
  endfacet
  facet normal -0.444253 -0.108201 -0.889344
    outer loop
      vertex -180.16 -59 -114.118
      vertex -179.099 -59 -114.648
      vertex -180.925 -104 -108.261
    endloop
  endfacet
  facet normal -0.10462 -0.12661 -0.98642
    outer loop
      vertex -180.16 -59 -114.118
      vertex -180.925 -104 -108.261
      vertex -181.453 -104 -108.205
    endloop
  endfacet
  facet normal -0.336127 -0.122721 -0.933787
    outer loop
      vertex -179.099 -59 -114.648
      vertex -178.085 -59 -115.013
      vertex -180.413 -104 -108.261
    endloop
  endfacet
  facet normal 0 -0.140525 -0.990077
    outer loop
      vertex -179.099 -59 -114.648
      vertex -180.413 -104 -108.261
      vertex -180.925 -104 -108.261
    endloop
  endfacet
  facet normal -0.198348 -0.138681 -0.970271
    outer loop
      vertex -178.085 -59 -115.013
      vertex -177.136 -59 -115.207
      vertex -179.925 -104 -108.205
    endloop
  endfacet
  facet normal 0.112661 -0.153136 -0.981762
    outer loop
      vertex -178.085 -59 -115.013
      vertex -179.925 -104 -108.205
      vertex -180.413 -104 -108.261
    endloop
  endfacet
  facet normal -0.0215948 -0.154999 -0.987679
    outer loop
      vertex -177.136 -59 -115.207
      vertex -176.267 -59 -115.226
      vertex -179.471 -104 -108.094
    endloop
  endfacet
  facet normal 0.234297 -0.163632 -0.958295
    outer loop
      vertex -177.136 -59 -115.207
      vertex -179.471 -104 -108.094
      vertex -179.925 -104 -108.205
    endloop
  endfacet
  facet normal 0.194028 -0.168695 -0.966383
    outer loop
      vertex -176.267 -59 -115.226
      vertex -175.495 -59 -115.071
      vertex -179.058 -104 -107.931
    endloop
  endfacet
  facet normal 0.361708 -0.171005 -0.916474
    outer loop
      vertex -176.267 -59 -115.226
      vertex -179.058 -104 -107.931
      vertex -179.471 -104 -108.094
    endloop
  endfacet
  facet normal 0.436085 -0.1746 -0.882805
    outer loop
      vertex -175.495 -59 -115.071
      vertex -174.831 -59 -114.743
      vertex -179.058 -104 -107.931
    endloop
  endfacet
  facet normal 0.497945 -0.175338 -0.849298
    outer loop
      vertex -174.831 -59 -114.743
      vertex -178.693 -104 -107.717
      vertex -179.058 -104 -107.931
    endloop
  endfacet
  facet normal 0.663805 -0.170661 -0.728174
    outer loop
      vertex -174.831 -59 -114.743
      vertex -174.288 -59 -114.248
      vertex -178.693 -104 -107.717
    endloop
  endfacet
  facet normal 0.631888 -0.171552 -0.755835
    outer loop
      vertex -174.288 -59 -114.248
      vertex -178.382 -104 -107.457
      vertex -178.693 -104 -107.717
    endloop
  endfacet
  facet normal 0.834852 -0.155636 -0.528015
    outer loop
      vertex -174.288 -59 -114.248
      vertex -173.875 -59 -113.595
      vertex -178.382 -104 -107.457
    endloop
  endfacet
  facet normal 0.758682 -0.162052 -0.630983
    outer loop
      vertex -173.875 -59 -113.595
      vertex -178.13 -104 -107.154
      vertex -178.382 -104 -107.457
    endloop
  endfacet
  facet normal 0.936315 -0.134938 -0.324199
    outer loop
      vertex -173.875 -59 -113.595
      vertex -173.598 -59 -112.795
      vertex -178.13 -104 -107.154
    endloop
  endfacet
  facet normal 0.866088 -0.147114 -0.477754
    outer loop
      vertex -173.598 -59 -112.795
      vertex -177.943 -104 -106.815
      vertex -178.13 -104 -107.154
    endloop
  endfacet
  facet normal 0.983259 -0.113845 -0.142272
    outer loop
      vertex -173.598 -59 -112.795
      vertex -173.463 -59 -111.862
      vertex -177.943 -104 -106.815
    endloop
  endfacet
  facet normal 0.94337 -0.128233 -0.305958
    outer loop
      vertex -173.463 -59 -111.862
      vertex -177.823 -104 -106.445
      vertex -177.943 -104 -106.815
    endloop
  endfacet
  facet normal 0.995398 -0.0955309 0.00757677
    outer loop
      vertex -173.463 -59 -111.862
      vertex -173.471 -59 -110.811
      vertex -177.823 -104 -106.445
    endloop
  endfacet
  facet normal 0.985656 -0.107913 -0.129757
    outer loop
      vertex -173.471 -59 -110.811
      vertex -177.771 -104 -106.05
      vertex -177.823 -104 -106.445
    endloop
  endfacet
  facet normal 0.988152 -0.0806051 0.130608
    outer loop
      vertex -173.471 -59 -110.811
      vertex -173.623 -59 -109.661
      vertex -177.771 -104 -106.05
    endloop
  endfacet
  facet normal 0.995064 -0.0880493 0.0457777
    outer loop
      vertex -177.771 -104 -106.05
      vertex -173.623 -59 -109.661
      vertex -177.79 -104 -105.637
    endloop
  endfacet
  facet normal 0.970449 -0.0691917 0.231172
    outer loop
      vertex -173.623 -59 -109.661
      vertex -173.916 -59 -108.431
      vertex -177.79 -104 -105.637
    endloop
  endfacet
  facet normal 0.97618 -0.0713159 0.204906
    outer loop
      vertex -177.79 -104 -105.637
      vertex -173.916 -59 -108.431
      vertex -177.879 -104 -105.213
    endloop
  endfacet
  facet normal 0.946855 -0.0607986 0.315863
    outer loop
      vertex -173.916 -59 -108.431
      vertex -174.346 -59 -107.142
      vertex -177.879 -104 -105.213
    endloop
  endfacet
  facet normal 0.937202 -0.0588438 0.343787
    outer loop
      vertex -177.879 -104 -105.213
      vertex -174.346 -59 -107.142
      vertex -178.036 -104 -104.785
    endloop
  endfacet
  facet normal 0.920452 -0.0552101 0.386937
    outer loop
      vertex -174.346 -59 -107.142
      vertex -174.903 -59 -105.817
      vertex -178.036 -104 -104.785
    endloop
  endfacet
  facet normal 0.884314 -0.0509243 0.464108
    outer loop
      vertex -178.036 -104 -104.785
      vertex -174.903 -59 -105.817
      vertex -178.258 -104 -104.362
    endloop
  endfacet
  facet normal 0.891352 -0.0518945 0.450332
    outer loop
      vertex -174.903 -59 -105.817
      vertex -175.58 -59 -104.477
      vertex -178.258 -104 -104.362
    endloop
  endfacet
  facet normal 0.823052 -0.0475344 0.565973
    outer loop
      vertex -178.258 -104 -104.362
      vertex -175.58 -59 -104.477
      vertex -178.542 -104 -103.949
    endloop
  endfacet
  facet normal 0.860079 -0.050656 0.50764
    outer loop
      vertex -175.58 -59 -104.477
      vertex -176.365 -59 -103.147
      vertex -178.542 -104 -103.949
    endloop
  endfacet
  facet normal 0.756072 -0.0482098 0.65271
    outer loop
      vertex -178.542 -104 -103.949
      vertex -176.365 -59 -103.147
      vertex -178.883 -104 -103.554
    endloop
  endfacet
  facet normal 0.827408 -0.0513562 0.559249
    outer loop
      vertex -176.365 -59 -103.147
      vertex -177.243 -59 -101.848
      vertex -178.883 -104 -103.554
    endloop
  endfacet
  facet normal 0.685459 -0.0525128 0.726216
    outer loop
      vertex -178.883 -104 -103.554
      vertex -177.243 -59 -101.848
      vertex -179.275 -104 -103.184
    endloop
  endfacet
  facet normal 0.79101 -0.0568786 0.609154
    outer loop
      vertex -177.243 -59 -101.848
      vertex -178.201 -59 -100.604
      vertex -179.711 -104 -102.845
    endloop
  endfacet
  facet normal 0.613014 -0.0510883 0.788419
    outer loop
      vertex -179.275 -104 -103.184
      vertex -177.243 -59 -101.848
      vertex -179.711 -104 -102.845
    endloop
  endfacet
  facet normal 0.752295 -0.0614011 0.655959
    outer loop
      vertex -178.201 -59 -100.604
      vertex -179.221 -59 -99.4342
      vertex -180.184 -104 -102.542
    endloop
  endfacet
  facet normal 0.538438 -0.0599261 0.840532
    outer loop
      vertex -179.711 -104 -102.845
      vertex -178.201 -59 -100.604
      vertex -180.184 -104 -102.542
    endloop
  endfacet
  facet normal 0.708223 -0.0675298 0.702751
    outer loop
      vertex -179.221 -59 -99.4342
      vertex -180.287 -59 -98.3599
      vertex -180.686 -104 -102.282
    endloop
  endfacet
  facet normal 0.458744 -0.0709875 0.885728
    outer loop
      vertex -180.184 -104 -102.542
      vertex -179.221 -59 -99.4342
      vertex -180.686 -104 -102.282
    endloop
  endfacet
  facet normal 0.658619 -0.0751918 0.748711
    outer loop
      vertex -181.208 -104 -102.069
      vertex -180.287 -59 -98.3599
      vertex -181.379 -59 -97.3993
    endloop
  endfacet
  facet normal 0.376477 -0.0837527 0.922633
    outer loop
      vertex -180.686 -104 -102.282
      vertex -180.287 -59 -98.3599
      vertex -181.208 -104 -102.069
    endloop
  endfacet
  facet normal 0.600095 -0.084487 0.795455
    outer loop
      vertex -181.742 -104 -101.905
      vertex -181.379 -59 -97.3993
      vertex -182.48 -59 -96.5687
    endloop
  endfacet
  facet normal 0.292181 -0.0976143 0.951368
    outer loop
      vertex -181.208 -104 -102.069
      vertex -181.379 -59 -97.3993
      vertex -181.742 -104 -101.905
    endloop
  endfacet
  facet normal 0.530089 -0.0954626 0.842551
    outer loop
      vertex -182.277 -104 -101.795
      vertex -182.48 -59 -96.5687
      vertex -183.571 -59 -95.8823
    endloop
  endfacet
  facet normal 0.200124 -0.11214 0.973332
    outer loop
      vertex -182.277 -104 -101.795
      vertex -181.742 -104 -101.905
      vertex -182.48 -59 -96.5687
    endloop
  endfacet
  facet normal 0.444455 -0.108179 0.889245
    outer loop
      vertex -182.806 -104 -101.739
      vertex -183.571 -59 -95.8823
      vertex -184.632 -59 -95.352
    endloop
  endfacet
  facet normal 0.104425 -0.126609 0.986441
    outer loop
      vertex -182.806 -104 -101.739
      vertex -182.277 -104 -101.795
      vertex -183.571 -59 -95.8823
    endloop
  endfacet
  facet normal 0.33629 -0.122708 0.93373
    outer loop
      vertex -183.318 -104 -101.739
      vertex -184.632 -59 -95.352
      vertex -185.646 -59 -94.9868
    endloop
  endfacet
  facet normal 0 -0.140525 0.990077
    outer loop
      vertex -183.318 -104 -101.739
      vertex -182.806 -104 -101.739
      vertex -184.632 -59 -95.352
    endloop
  endfacet
  facet normal 0.19825 -0.138688 0.97029
    outer loop
      vertex -183.805 -104 -101.795
      vertex -185.646 -59 -94.9868
      vertex -186.595 -59 -94.7929
    endloop
  endfacet
  facet normal -0.112889 -0.153148 0.981734
    outer loop
      vertex -183.805 -104 -101.795
      vertex -183.318 -104 -101.739
      vertex -185.646 -59 -94.9868
    endloop
  endfacet
  facet normal 0.0219609 -0.154981 0.987673
    outer loop
      vertex -184.26 -104 -101.906
      vertex -186.595 -59 -94.7929
      vertex -187.463 -59 -94.7736
    endloop
  endfacet
  facet normal -0.233811 -0.163628 0.958415
    outer loop
      vertex -184.26 -104 -101.906
      vertex -183.805 -104 -101.795
      vertex -186.595 -59 -94.7929
    endloop
  endfacet
  facet normal -0.194627 -0.168717 0.966258
    outer loop
      vertex -184.673 -104 -102.069
      vertex -187.463 -59 -94.7736
      vertex -188.236 -59 -94.9293
    endloop
  endfacet
  facet normal -0.361708 -0.171005 0.916474
    outer loop
      vertex -184.673 -104 -102.069
      vertex -184.26 -104 -101.906
      vertex -187.463 -59 -94.7736
    endloop
  endfacet
  facet normal -0.436613 -0.174595 0.882545
    outer loop
      vertex -184.673 -104 -102.069
      vertex -188.236 -59 -94.9293
      vertex -188.899 -59 -95.2573
    endloop
  endfacet
  facet normal -0.497946 -0.175322 0.849301
    outer loop
      vertex -185.038 -104 -102.283
      vertex -184.673 -104 -102.069
      vertex -188.899 -59 -95.2573
    endloop
  endfacet
  facet normal 0.0654022 -0.997859 0
    outer loop
      vertex 0 -20 0
      vertex 2.61052 -19.8289 30
      vertex 0 -20 30
    endloop
  endfacet
  facet normal 0.0654022 -0.997859 0
    outer loop
      vertex 2.61052 -19.8289 30
      vertex 0 -20 0
      vertex 2.61052 -19.8289 0
    endloop
  endfacet
  facet normal 0.980784 0.195097 0
    outer loop
      vertex 19.8289 2.61052 30
      vertex 19.3185 5.17638 0
      vertex 19.3185 5.17638 30
    endloop
  endfacet
  facet normal 0.980784 0.195097 0
    outer loop
      vertex 19.3185 5.17638 0
      vertex 19.8289 2.61052 30
      vertex 19.8289 2.61052 0
    endloop
  endfacet
  facet normal 0.997859 0.0654022 0
    outer loop
      vertex 20 0 30
      vertex 19.8289 2.61052 0
      vertex 19.8289 2.61052 30
    endloop
  endfacet
  facet normal 0.997859 0.0654022 0
    outer loop
      vertex 19.8289 2.61052 0
      vertex 20 0 30
      vertex 20 0 0
    endloop
  endfacet
  facet normal 0.946933 0.32143 0
    outer loop
      vertex 19.3185 5.17638 30
      vertex 18.4776 7.65367 0
      vertex 18.4776 7.65367 30
    endloop
  endfacet
  facet normal 0.946933 0.32143 0
    outer loop
      vertex 18.4776 7.65367 0
      vertex 19.3185 5.17638 30
      vertex 19.3185 5.17638 0
    endloop
  endfacet
  facet normal 0.831474 -0.555564 0
    outer loop
      vertex 15.8671 -12.1752 30
      vertex 17.3205 -10 0
      vertex 17.3205 -10 30
    endloop
  endfacet
  facet normal 0.831474 -0.555564 0
    outer loop
      vertex 17.3205 -10 0
      vertex 15.8671 -12.1752 30
      vertex 15.8671 -12.1752 0
    endloop
  endfacet
  facet normal -0.442294 -0.89687 0
    outer loop
      vertex -10 -17.3205 0
      vertex -7.65367 -18.4776 30
      vertex -10 -17.3205 30
    endloop
  endfacet
  facet normal -0.442294 -0.89687 -0
    outer loop
      vertex -7.65367 -18.4776 30
      vertex -10 -17.3205 0
      vertex -7.65367 -18.4776 0
    endloop
  endfacet
  facet normal 0.89687 0.442294 0
    outer loop
      vertex 18.4776 7.65367 30
      vertex 17.3205 10 0
      vertex 17.3205 10 30
    endloop
  endfacet
  facet normal 0.89687 0.442294 0
    outer loop
      vertex 17.3205 10 0
      vertex 18.4776 7.65367 30
      vertex 18.4776 7.65367 0
    endloop
  endfacet
  facet normal 0.659362 0.751826 -0
    outer loop
      vertex 14.1421 14.1421 0
      vertex 12.1752 15.8671 30
      vertex 14.1421 14.1421 30
    endloop
  endfacet
  facet normal 0.659362 0.751826 0
    outer loop
      vertex 12.1752 15.8671 30
      vertex 14.1421 14.1421 0
      vertex 12.1752 15.8671 0
    endloop
  endfacet
  facet normal 0.89687 -0.442294 0
    outer loop
      vertex 17.3205 -10 30
      vertex 18.4776 -7.65367 0
      vertex 18.4776 -7.65367 30
    endloop
  endfacet
  facet normal 0.89687 -0.442294 0
    outer loop
      vertex 18.4776 -7.65367 0
      vertex 17.3205 -10 30
      vertex 17.3205 -10 0
    endloop
  endfacet
  facet normal 0.442294 -0.89687 0
    outer loop
      vertex 7.65367 -18.4776 0
      vertex 10 -17.3205 30
      vertex 7.65367 -18.4776 30
    endloop
  endfacet
  facet normal 0.442294 -0.89687 0
    outer loop
      vertex 10 -17.3205 30
      vertex 7.65367 -18.4776 0
      vertex 10 -17.3205 0
    endloop
  endfacet
  facet normal -0.659362 0.751826 0
    outer loop
      vertex -12.1752 15.8671 0
      vertex -14.1421 14.1421 30
      vertex -12.1752 15.8671 30
    endloop
  endfacet
  facet normal -0.659362 0.751826 0
    outer loop
      vertex -14.1421 14.1421 30
      vertex -12.1752 15.8671 0
      vertex -14.1421 14.1421 0
    endloop
  endfacet
  facet normal -0.980784 0.195097 0
    outer loop
      vertex -19.8289 2.61052 0
      vertex -19.3185 5.17638 30
      vertex -19.3185 5.17638 0
    endloop
  endfacet
  facet normal -0.980784 0.195097 0
    outer loop
      vertex -19.3185 5.17638 30
      vertex -19.8289 2.61052 0
      vertex -19.8289 2.61052 30
    endloop
  endfacet
  facet normal -0.0654022 -0.997859 0
    outer loop
      vertex -2.61052 -19.8289 0
      vertex 0 -20 30
      vertex -2.61052 -19.8289 30
    endloop
  endfacet
  facet normal -0.0654022 -0.997859 -0
    outer loop
      vertex 0 -20 30
      vertex -2.61052 -19.8289 0
      vertex 0 -20 0
    endloop
  endfacet
  facet normal 0.442294 0.89687 -0
    outer loop
      vertex 10 17.3205 0
      vertex 7.65367 18.4776 30
      vertex 10 17.3205 30
    endloop
  endfacet
  facet normal 0.442294 0.89687 0
    outer loop
      vertex 7.65367 18.4776 30
      vertex 10 17.3205 0
      vertex 7.65367 18.4776 0
    endloop
  endfacet
  facet normal 0.32143 -0.946933 0
    outer loop
      vertex 5.17638 -19.3185 0
      vertex 7.65367 -18.4776 30
      vertex 5.17638 -19.3185 30
    endloop
  endfacet
  facet normal 0.32143 -0.946933 0
    outer loop
      vertex 7.65367 -18.4776 30
      vertex 5.17638 -19.3185 0
      vertex 7.65367 -18.4776 0
    endloop
  endfacet
  facet normal -0.997859 0.0654022 0
    outer loop
      vertex -20 0 0
      vertex -19.8289 2.61052 30
      vertex -19.8289 2.61052 0
    endloop
  endfacet
  facet normal -0.997859 0.0654022 0
    outer loop
      vertex -19.8289 2.61052 30
      vertex -20 0 0
      vertex -20 0 30
    endloop
  endfacet
  facet normal -0.751826 0.659362 0
    outer loop
      vertex -15.8671 12.1752 0
      vertex -14.1421 14.1421 30
      vertex -14.1421 14.1421 0
    endloop
  endfacet
  facet normal -0.751826 0.659362 0
    outer loop
      vertex -14.1421 14.1421 30
      vertex -15.8671 12.1752 0
      vertex -15.8671 12.1752 30
    endloop
  endfacet
  facet normal -0.442294 0.89687 0
    outer loop
      vertex -7.65367 18.4776 0
      vertex -10 17.3205 30
      vertex -7.65367 18.4776 30
    endloop
  endfacet
  facet normal -0.442294 0.89687 0
    outer loop
      vertex -10 17.3205 30
      vertex -7.65367 18.4776 0
      vertex -10 17.3205 0
    endloop
  endfacet
  facet normal 0.946933 -0.32143 0
    outer loop
      vertex 18.4776 -7.65367 30
      vertex 19.3185 -5.17638 0
      vertex 19.3185 -5.17638 30
    endloop
  endfacet
  facet normal 0.946933 -0.32143 0
    outer loop
      vertex 19.3185 -5.17638 0
      vertex 18.4776 -7.65367 30
      vertex 18.4776 -7.65367 0
    endloop
  endfacet
  facet normal 0.751826 0.659362 0
    outer loop
      vertex 15.8671 12.1752 30
      vertex 14.1421 14.1421 0
      vertex 14.1421 14.1421 30
    endloop
  endfacet
  facet normal 0.751826 0.659362 0
    outer loop
      vertex 14.1421 14.1421 0
      vertex 15.8671 12.1752 30
      vertex 15.8671 12.1752 0
    endloop
  endfacet
  facet normal 0.980784 -0.195097 0
    outer loop
      vertex 19.3185 -5.17638 30
      vertex 19.8289 -2.61052 0
      vertex 19.8289 -2.61052 30
    endloop
  endfacet
  facet normal 0.980784 -0.195097 0
    outer loop
      vertex 19.8289 -2.61052 0
      vertex 19.3185 -5.17638 30
      vertex 19.3185 -5.17638 0
    endloop
  endfacet
  facet normal -0.831474 -0.555564 0
    outer loop
      vertex -15.8671 -12.1752 0
      vertex -17.3205 -10 30
      vertex -17.3205 -10 0
    endloop
  endfacet
  facet normal -0.831474 -0.555564 0
    outer loop
      vertex -17.3205 -10 30
      vertex -15.8671 -12.1752 0
      vertex -15.8671 -12.1752 30
    endloop
  endfacet
  facet normal -0.659362 -0.751826 0
    outer loop
      vertex -14.1421 -14.1421 0
      vertex -12.1752 -15.8671 30
      vertex -14.1421 -14.1421 30
    endloop
  endfacet
  facet normal -0.659362 -0.751826 -0
    outer loop
      vertex -12.1752 -15.8671 30
      vertex -14.1421 -14.1421 0
      vertex -12.1752 -15.8671 0
    endloop
  endfacet
  facet normal 0.195097 -0.980784 0
    outer loop
      vertex 2.61052 -19.8289 0
      vertex 5.17638 -19.3185 30
      vertex 2.61052 -19.8289 30
    endloop
  endfacet
  facet normal 0.195097 -0.980784 0
    outer loop
      vertex 5.17638 -19.3185 30
      vertex 2.61052 -19.8289 0
      vertex 5.17638 -19.3185 0
    endloop
  endfacet
  facet normal 0.659362 -0.751826 0
    outer loop
      vertex 12.1752 -15.8671 0
      vertex 14.1421 -14.1421 30
      vertex 12.1752 -15.8671 30
    endloop
  endfacet
  facet normal 0.659362 -0.751826 0
    outer loop
      vertex 14.1421 -14.1421 30
      vertex 12.1752 -15.8671 0
      vertex 14.1421 -14.1421 0
    endloop
  endfacet
  facet normal 0.997859 -0.0654022 0
    outer loop
      vertex 19.8289 -2.61052 30
      vertex 20 0 0
      vertex 20 0 30
    endloop
  endfacet
  facet normal 0.997859 -0.0654022 0
    outer loop
      vertex 20 0 0
      vertex 19.8289 -2.61052 30
      vertex 19.8289 -2.61052 0
    endloop
  endfacet
  facet normal -0.980784 -0.195097 0
    outer loop
      vertex -19.3185 -5.17638 0
      vertex -19.8289 -2.61052 30
      vertex -19.8289 -2.61052 0
    endloop
  endfacet
  facet normal -0.980784 -0.195097 0
    outer loop
      vertex -19.8289 -2.61052 30
      vertex -19.3185 -5.17638 0
      vertex -19.3185 -5.17638 30
    endloop
  endfacet
  facet normal 0.751826 -0.659362 0
    outer loop
      vertex 14.1421 -14.1421 30
      vertex 15.8671 -12.1752 0
      vertex 15.8671 -12.1752 30
    endloop
  endfacet
  facet normal 0.751826 -0.659362 0
    outer loop
      vertex 15.8671 -12.1752 0
      vertex 14.1421 -14.1421 30
      vertex 14.1421 -14.1421 0
    endloop
  endfacet
  facet normal -0.0654022 0.997859 0
    outer loop
      vertex 0 20 0
      vertex -2.61052 19.8289 30
      vertex 0 20 30
    endloop
  endfacet
  facet normal -0.0654022 0.997859 0
    outer loop
      vertex -2.61052 19.8289 30
      vertex 0 20 0
      vertex -2.61052 19.8289 0
    endloop
  endfacet
  facet normal -0.89687 -0.442294 0
    outer loop
      vertex -17.3205 -10 0
      vertex -18.4776 -7.65367 30
      vertex -18.4776 -7.65367 0
    endloop
  endfacet
  facet normal -0.89687 -0.442294 0
    outer loop
      vertex -18.4776 -7.65367 30
      vertex -17.3205 -10 0
      vertex -17.3205 -10 30
    endloop
  endfacet
  facet normal -0.89687 0.442294 0
    outer loop
      vertex -18.4776 7.65367 0
      vertex -17.3205 10 30
      vertex -17.3205 10 0
    endloop
  endfacet
  facet normal -0.89687 0.442294 0
    outer loop
      vertex -17.3205 10 30
      vertex -18.4776 7.65367 0
      vertex -18.4776 7.65367 30
    endloop
  endfacet
  facet normal 0.555564 0.831474 -0
    outer loop
      vertex 12.1752 15.8671 0
      vertex 10 17.3205 30
      vertex 12.1752 15.8671 30
    endloop
  endfacet
  facet normal 0.555564 0.831474 0
    outer loop
      vertex 10 17.3205 30
      vertex 12.1752 15.8671 0
      vertex 10 17.3205 0
    endloop
  endfacet
  facet normal 0.195097 0.980784 -0
    outer loop
      vertex 5.17638 19.3185 0
      vertex 2.61052 19.8289 30
      vertex 5.17638 19.3185 30
    endloop
  endfacet
  facet normal 0.195097 0.980784 0
    outer loop
      vertex 2.61052 19.8289 30
      vertex 5.17638 19.3185 0
      vertex 2.61052 19.8289 0
    endloop
  endfacet
  facet normal -0.32143 -0.946933 0
    outer loop
      vertex -7.65367 -18.4776 0
      vertex -5.17638 -19.3185 30
      vertex -7.65367 -18.4776 30
    endloop
  endfacet
  facet normal -0.32143 -0.946933 -0
    outer loop
      vertex -5.17638 -19.3185 30
      vertex -7.65367 -18.4776 0
      vertex -5.17638 -19.3185 0
    endloop
  endfacet
  facet normal -0.555564 0.831474 0
    outer loop
      vertex -10 17.3205 0
      vertex -12.1752 15.8671 30
      vertex -10 17.3205 30
    endloop
  endfacet
  facet normal -0.555564 0.831474 0
    outer loop
      vertex -12.1752 15.8671 30
      vertex -10 17.3205 0
      vertex -12.1752 15.8671 0
    endloop
  endfacet
  facet normal 0.831474 0.555564 0
    outer loop
      vertex 17.3205 10 30
      vertex 15.8671 12.1752 0
      vertex 15.8671 12.1752 30
    endloop
  endfacet
  facet normal 0.831474 0.555564 0
    outer loop
      vertex 15.8671 12.1752 0
      vertex 17.3205 10 30
      vertex 17.3205 10 0
    endloop
  endfacet
  facet normal -0.997859 -0.0654022 0
    outer loop
      vertex -19.8289 -2.61052 0
      vertex -20 0 30
      vertex -20 0 0
    endloop
  endfacet
  facet normal -0.997859 -0.0654022 0
    outer loop
      vertex -20 0 30
      vertex -19.8289 -2.61052 0
      vertex -19.8289 -2.61052 30
    endloop
  endfacet
  facet normal 0 0 -1
    outer loop
      vertex 19.8289 -2.61052 0
      vertex 19.8289 2.61052 0
      vertex 20 0 0
    endloop
  endfacet
  facet normal 0 0 -1
    outer loop
      vertex 19.3185 -5.17638 0
      vertex 19.8289 2.61052 0
      vertex 19.8289 -2.61052 0
    endloop
  endfacet
  facet normal 0 0 -1
    outer loop
      vertex 19.3185 -5.17638 0
      vertex 19.3185 5.17638 0
      vertex 19.8289 2.61052 0
    endloop
  endfacet
  facet normal 0 0 -1
    outer loop
      vertex 18.4776 -7.65367 0
      vertex 19.3185 5.17638 0
      vertex 19.3185 -5.17638 0
    endloop
  endfacet
  facet normal 0 0 -1
    outer loop
      vertex 18.4776 -7.65367 0
      vertex 18.4776 7.65367 0
      vertex 19.3185 5.17638 0
    endloop
  endfacet
  facet normal 0 0 -1
    outer loop
      vertex 17.3205 -10 0
      vertex 18.4776 7.65367 0
      vertex 18.4776 -7.65367 0
    endloop
  endfacet
  facet normal 0 0 -1
    outer loop
      vertex 17.3205 -10 0
      vertex 17.3205 10 0
      vertex 18.4776 7.65367 0
    endloop
  endfacet
  facet normal 0 0 -1
    outer loop
      vertex 15.8671 -12.1752 0
      vertex 17.3205 10 0
      vertex 17.3205 -10 0
    endloop
  endfacet
  facet normal 0 0 -1
    outer loop
      vertex 15.8671 -12.1752 0
      vertex 15.8671 12.1752 0
      vertex 17.3205 10 0
    endloop
  endfacet
  facet normal 0 0 -1
    outer loop
      vertex 14.1421 -14.1421 0
      vertex 15.8671 12.1752 0
      vertex 15.8671 -12.1752 0
    endloop
  endfacet
  facet normal 0 0 -1
    outer loop
      vertex 14.1421 -14.1421 0
      vertex 14.1421 14.1421 0
      vertex 15.8671 12.1752 0
    endloop
  endfacet
  facet normal 0 0 -1
    outer loop
      vertex 12.1752 -15.8671 0
      vertex 14.1421 14.1421 0
      vertex 14.1421 -14.1421 0
    endloop
  endfacet
  facet normal 0 0 -1
    outer loop
      vertex 12.1752 -15.8671 0
      vertex 12.1752 15.8671 0
      vertex 14.1421 14.1421 0
    endloop
  endfacet
  facet normal 0 0 -1
    outer loop
      vertex 10 -17.3205 0
      vertex 12.1752 15.8671 0
      vertex 12.1752 -15.8671 0
    endloop
  endfacet
  facet normal 0 0 -1
    outer loop
      vertex 10 -17.3205 0
      vertex 10 17.3205 0
      vertex 12.1752 15.8671 0
    endloop
  endfacet
  facet normal 0 0 -1
    outer loop
      vertex 7.65367 -18.4776 0
      vertex 10 17.3205 0
      vertex 10 -17.3205 0
    endloop
  endfacet
  facet normal 0 0 -1
    outer loop
      vertex 7.65367 -18.4776 0
      vertex 7.65367 18.4776 0
      vertex 10 17.3205 0
    endloop
  endfacet
  facet normal 0 0 -1
    outer loop
      vertex 5.17638 -19.3185 0
      vertex 7.65367 18.4776 0
      vertex 7.65367 -18.4776 0
    endloop
  endfacet
  facet normal 0 0 -1
    outer loop
      vertex 5.17638 -19.3185 0
      vertex 5.17638 19.3185 0
      vertex 7.65367 18.4776 0
    endloop
  endfacet
  facet normal 0 0 -1
    outer loop
      vertex 2.61052 -19.8289 0
      vertex 5.17638 19.3185 0
      vertex 5.17638 -19.3185 0
    endloop
  endfacet
  facet normal 0 0 -1
    outer loop
      vertex 2.61052 -19.8289 0
      vertex 2.61052 19.8289 0
      vertex 5.17638 19.3185 0
    endloop
  endfacet
  facet normal 0 0 -1
    outer loop
      vertex 0 -20 0
      vertex 2.61052 19.8289 0
      vertex 2.61052 -19.8289 0
    endloop
  endfacet
  facet normal 0 0 -1
    outer loop
      vertex 0 -20 0
      vertex 0 20 0
      vertex 2.61052 19.8289 0
    endloop
  endfacet
  facet normal 0 0 -1
    outer loop
      vertex -2.61052 -19.8289 0
      vertex 0 20 0
      vertex 0 -20 0
    endloop
  endfacet
  facet normal 0 0 -1
    outer loop
      vertex -2.61052 -19.8289 0
      vertex -2.61052 19.8289 0
      vertex 0 20 0
    endloop
  endfacet
  facet normal 0 0 -1
    outer loop
      vertex -5.17638 -19.3185 0
      vertex -2.61052 19.8289 0
      vertex -2.61052 -19.8289 0
    endloop
  endfacet
  facet normal 0 0 -1
    outer loop
      vertex -5.17638 -19.3185 0
      vertex -5.17638 19.3185 0
      vertex -2.61052 19.8289 0
    endloop
  endfacet
  facet normal 0 0 -1
    outer loop
      vertex -7.65367 -18.4776 0
      vertex -5.17638 19.3185 0
      vertex -5.17638 -19.3185 0
    endloop
  endfacet
  facet normal 0 0 -1
    outer loop
      vertex -7.65367 -18.4776 0
      vertex -7.65367 18.4776 0
      vertex -5.17638 19.3185 0
    endloop
  endfacet
  facet normal 0 0 -1
    outer loop
      vertex -10 -17.3205 0
      vertex -7.65367 18.4776 0
      vertex -7.65367 -18.4776 0
    endloop
  endfacet
  facet normal 0 0 -1
    outer loop
      vertex -10 -17.3205 0
      vertex -10 17.3205 0
      vertex -7.65367 18.4776 0
    endloop
  endfacet
  facet normal 0 0 -1
    outer loop
      vertex -12.1752 -15.8671 0
      vertex -10 17.3205 0
      vertex -10 -17.3205 0
    endloop
  endfacet
  facet normal 0 0 -1
    outer loop
      vertex -12.1752 -15.8671 0
      vertex -12.1752 15.8671 0
      vertex -10 17.3205 0
    endloop
  endfacet
  facet normal 0 0 -1
    outer loop
      vertex -14.1421 -14.1421 0
      vertex -12.1752 15.8671 0
      vertex -12.1752 -15.8671 0
    endloop
  endfacet
  facet normal 0 0 -1
    outer loop
      vertex -14.1421 -14.1421 0
      vertex -14.1421 14.1421 0
      vertex -12.1752 15.8671 0
    endloop
  endfacet
  facet normal 0 0 -1
    outer loop
      vertex -15.8671 -12.1752 0
      vertex -14.1421 14.1421 0
      vertex -14.1421 -14.1421 0
    endloop
  endfacet
  facet normal 0 0 -1
    outer loop
      vertex -15.8671 -12.1752 0
      vertex -15.8671 12.1752 0
      vertex -14.1421 14.1421 0
    endloop
  endfacet
  facet normal 0 0 -1
    outer loop
      vertex -17.3205 -10 0
      vertex -15.8671 12.1752 0
      vertex -15.8671 -12.1752 0
    endloop
  endfacet
  facet normal 0 0 -1
    outer loop
      vertex -17.3205 -10 0
      vertex -17.3205 10 0
      vertex -15.8671 12.1752 0
    endloop
  endfacet
  facet normal 0 0 -1
    outer loop
      vertex -18.4776 -7.65367 0
      vertex -17.3205 10 0
      vertex -17.3205 -10 0
    endloop
  endfacet
  facet normal 0 0 -1
    outer loop
      vertex -18.4776 -7.65367 0
      vertex -18.4776 7.65367 0
      vertex -17.3205 10 0
    endloop
  endfacet
  facet normal 0 0 -1
    outer loop
      vertex -19.3185 -5.17638 0
      vertex -18.4776 7.65367 0
      vertex -18.4776 -7.65367 0
    endloop
  endfacet
  facet normal 0 0 -1
    outer loop
      vertex -19.3185 -5.17638 0
      vertex -19.3185 5.17638 0
      vertex -18.4776 7.65367 0
    endloop
  endfacet
  facet normal 0 0 -1
    outer loop
      vertex -19.8289 -2.61052 0
      vertex -19.3185 5.17638 0
      vertex -19.3185 -5.17638 0
    endloop
  endfacet
  facet normal 0 0 -1
    outer loop
      vertex -19.8289 -2.61052 0
      vertex -19.8289 2.61052 0
      vertex -19.3185 5.17638 0
    endloop
  endfacet
  facet normal 0 -0 -1
    outer loop
      vertex -19.8289 2.61052 0
      vertex -19.8289 -2.61052 0
      vertex -20 0 0
    endloop
  endfacet
  facet normal -0.32143 0.946933 0
    outer loop
      vertex -5.17638 19.3185 0
      vertex -7.65367 18.4776 30
      vertex -5.17638 19.3185 30
    endloop
  endfacet
  facet normal -0.32143 0.946933 0
    outer loop
      vertex -7.65367 18.4776 30
      vertex -5.17638 19.3185 0
      vertex -7.65367 18.4776 0
    endloop
  endfacet
  facet normal 0.0654022 0.997859 -0
    outer loop
      vertex 2.61052 19.8289 0
      vertex 0 20 30
      vertex 2.61052 19.8289 30
    endloop
  endfacet
  facet normal 0.0654022 0.997859 0
    outer loop
      vertex 0 20 30
      vertex 2.61052 19.8289 0
      vertex 0 20 0
    endloop
  endfacet
  facet normal -0.946933 -0.32143 0
    outer loop
      vertex -18.4776 -7.65367 0
      vertex -19.3185 -5.17638 30
      vertex -19.3185 -5.17638 0
    endloop
  endfacet
  facet normal -0.946933 -0.32143 0
    outer loop
      vertex -19.3185 -5.17638 30
      vertex -18.4776 -7.65367 0
      vertex -18.4776 -7.65367 30
    endloop
  endfacet
  facet normal -0.195097 -0.980784 0
    outer loop
      vertex -5.17638 -19.3185 0
      vertex -2.61052 -19.8289 30
      vertex -5.17638 -19.3185 30
    endloop
  endfacet
  facet normal -0.195097 -0.980784 -0
    outer loop
      vertex -2.61052 -19.8289 30
      vertex -5.17638 -19.3185 0
      vertex -2.61052 -19.8289 0
    endloop
  endfacet
  facet normal -0.195097 0.980784 0
    outer loop
      vertex -2.61052 19.8289 0
      vertex -5.17638 19.3185 30
      vertex -2.61052 19.8289 30
    endloop
  endfacet
  facet normal -0.195097 0.980784 0
    outer loop
      vertex -5.17638 19.3185 30
      vertex -2.61052 19.8289 0
      vertex -5.17638 19.3185 0
    endloop
  endfacet
  facet normal 0.555564 -0.831474 0
    outer loop
      vertex 10 -17.3205 0
      vertex 12.1752 -15.8671 30
      vertex 10 -17.3205 30
    endloop
  endfacet
  facet normal 0.555564 -0.831474 0
    outer loop
      vertex 12.1752 -15.8671 30
      vertex 10 -17.3205 0
      vertex 12.1752 -15.8671 0
    endloop
  endfacet
  facet normal -0.751826 -0.659362 0
    outer loop
      vertex -14.1421 -14.1421 0
      vertex -15.8671 -12.1752 30
      vertex -15.8671 -12.1752 0
    endloop
  endfacet
  facet normal -0.751826 -0.659362 0
    outer loop
      vertex -15.8671 -12.1752 30
      vertex -14.1421 -14.1421 0
      vertex -14.1421 -14.1421 30
    endloop
  endfacet
  facet normal -0.555564 -0.831474 0
    outer loop
      vertex -12.1752 -15.8671 0
      vertex -10 -17.3205 30
      vertex -12.1752 -15.8671 30
    endloop
  endfacet
  facet normal -0.555564 -0.831474 -0
    outer loop
      vertex -10 -17.3205 30
      vertex -12.1752 -15.8671 0
      vertex -10 -17.3205 0
    endloop
  endfacet
  facet normal -0.946933 0.32143 0
    outer loop
      vertex -19.3185 5.17638 0
      vertex -18.4776 7.65367 30
      vertex -18.4776 7.65367 0
    endloop
  endfacet
  facet normal -0.946933 0.32143 0
    outer loop
      vertex -18.4776 7.65367 30
      vertex -19.3185 5.17638 0
      vertex -19.3185 5.17638 30
    endloop
  endfacet
  facet normal 0.32143 0.946933 -0
    outer loop
      vertex 7.65367 18.4776 0
      vertex 5.17638 19.3185 30
      vertex 7.65367 18.4776 30
    endloop
  endfacet
  facet normal 0.32143 0.946933 0
    outer loop
      vertex 5.17638 19.3185 30
      vertex 7.65367 18.4776 0
      vertex 5.17638 19.3185 0
    endloop
  endfacet
  facet normal -0.831474 0.555564 0
    outer loop
      vertex -17.3205 10 0
      vertex -15.8671 12.1752 30
      vertex -15.8671 12.1752 0
    endloop
  endfacet
  facet normal -0.831474 0.555564 0
    outer loop
      vertex -15.8671 12.1752 30
      vertex -17.3205 10 0
      vertex -17.3205 10 30
    endloop
  endfacet
  facet normal -0 0 1
    outer loop
      vertex 11.0127 1.33137 30
      vertex 20 0 30
      vertex 19.8289 2.61052 30
    endloop
  endfacet
  facet normal 0 0 1
    outer loop
      vertex 11.005 1.44884 30
      vertex 19.8289 2.61052 30
      vertex 19.3185 5.17638 30
    endloop
  endfacet
  facet normal 0 0 1
    outer loop
      vertex 20 0 30
      vertex 11.0127 1.33137 30
      vertex 11.1 0 30
    endloop
  endfacet
  facet normal 0 0 1
    outer loop
      vertex 10.6839 2.98437 30
      vertex 19.3185 5.17638 30
      vertex 18.4776 7.65367 30
    endloop
  endfacet
  facet normal 0 0 1
    outer loop
      vertex 20 0 30
      vertex 11.0127 -1.33137 30
      vertex 19.8289 -2.61052 30
    endloop
  endfacet
  facet normal 0 0 1
    outer loop
      vertex 9.66495 5.44442 30
      vertex 18.4776 7.65367 30
      vertex 17.3205 10 30
    endloop
  endfacet
  facet normal -0 0 1
    outer loop
      vertex 11.005 -1.44884 30
      vertex 19.8289 -2.61052 30
      vertex 11.0127 -1.33137 30
    endloop
  endfacet
  facet normal 0 0 1
    outer loop
      vertex 8.87163 6.65937 30
      vertex 17.3205 10 30
      vertex 15.8671 12.1752 30
    endloop
  endfacet
  facet normal 0 0 1
    outer loop
      vertex 19.8289 -2.61052 30
      vertex 11.005 -1.44884 30
      vertex 19.3185 -5.17638 30
    endloop
  endfacet
  facet normal 0 0 1
    outer loop
      vertex 8.7286 6.84576 30
      vertex 15.8671 12.1752 30
      vertex 14.1421 14.1421 30
    endloop
  endfacet
  facet normal -0 0 1
    outer loop
      vertex 10.7218 -2.87289 30
      vertex 19.3185 -5.17638 30
      vertex 11.005 -1.44884 30
    endloop
  endfacet
  facet normal 0 0 1
    outer loop
      vertex 6.84576 8.7286 30
      vertex 14.1421 14.1421 30
      vertex 12.1752 15.8671 30
    endloop
  endfacet
  facet normal -0 0 1
    outer loop
      vertex 10.6839 -2.98437 30
      vertex 19.3185 -5.17638 30
      vertex 10.7218 -2.87289 30
    endloop
  endfacet
  facet normal 0 0 1
    outer loop
      vertex 19.3185 -5.17638 30
      vertex 10.6839 -2.98437 30
      vertex 18.4776 -7.65367 30
    endloop
  endfacet
  facet normal 0 0 1
    outer loop
      vertex 11.0127 -1.33137 30
      vertex 20 0 30
      vertex 11.1 0 30
    endloop
  endfacet
  facet normal 0 0 1
    outer loop
      vertex 19.8289 2.61052 30
      vertex 11.005 1.44884 30
      vertex 11.0127 1.33137 30
    endloop
  endfacet
  facet normal 0 0 1
    outer loop
      vertex 19.3185 5.17638 30
      vertex 10.7218 2.87289 30
      vertex 11.005 1.44884 30
    endloop
  endfacet
  facet normal 0 0 1
    outer loop
      vertex 19.3185 5.17638 30
      vertex 10.6839 2.98437 30
      vertex 10.7218 2.87289 30
    endloop
  endfacet
  facet normal 0 0 1
    outer loop
      vertex 18.4776 7.65367 30
      vertex 10.2551 4.24779 30
      vertex 10.6839 2.98437 30
    endloop
  endfacet
  facet normal 0 0 1
    outer loop
      vertex 6.65937 8.87163 30
      vertex 12.1752 15.8671 30
      vertex 10 17.3205 30
    endloop
  endfacet
  facet normal 0 0 1
    outer loop
      vertex 18.4776 7.65367 30
      vertex 9.66495 5.44442 30
      vertex 10.2551 4.24779 30
    endloop
  endfacet
  facet normal 0 0 1
    outer loop
      vertex 17.3205 10 30
      vertex 9.61288 5.55 30
      vertex 9.66495 5.44442 30
    endloop
  endfacet
  facet normal 0 0 1
    outer loop
      vertex 17.3205 10 30
      vertex 8.87163 6.65937 30
      vertex 9.61288 5.55 30
    endloop
  endfacet
  facet normal 0 0 1
    outer loop
      vertex 15.8671 12.1752 30
      vertex 8.80622 6.75725 30
      vertex 8.87163 6.65937 30
    endloop
  endfacet
  facet normal 0 0 1
    outer loop
      vertex 15.8671 12.1752 30
      vertex 8.7286 6.84576 30
      vertex 8.80622 6.75725 30
    endloop
  endfacet
  facet normal 0 0 1
    outer loop
      vertex 14.1421 14.1421 30
      vertex 7.84889 7.84889 30
      vertex 8.7286 6.84576 30
    endloop
  endfacet
  facet normal 0 0 1
    outer loop
      vertex 5.44442 9.66495 30
      vertex 10 17.3205 30
      vertex 7.65367 18.4776 30
    endloop
  endfacet
  facet normal 0 0 1
    outer loop
      vertex 14.1421 14.1421 30
      vertex 6.84576 8.7286 30
      vertex 7.84889 7.84889 30
    endloop
  endfacet
  facet normal 0 0 1
    outer loop
      vertex 12.1752 15.8671 30
      vertex 6.75725 8.80622 30
      vertex 6.84576 8.7286 30
    endloop
  endfacet
  facet normal 0 0 1
    outer loop
      vertex 12.1752 15.8671 30
      vertex 6.65937 8.87163 30
      vertex 6.75725 8.80622 30
    endloop
  endfacet
  facet normal 0 0 1
    outer loop
      vertex 10 17.3205 30
      vertex 5.55 9.61288 30
      vertex 6.65937 8.87163 30
    endloop
  endfacet
  facet normal 0 0 1
    outer loop
      vertex 10 17.3205 30
      vertex 5.44442 9.66495 30
      vertex 5.55 9.61288 30
    endloop
  endfacet
  facet normal 0 0 1
    outer loop
      vertex 2.98437 10.6839 30
      vertex 7.65367 18.4776 30
      vertex 5.17638 19.3185 30
    endloop
  endfacet
  facet normal 0 0 1
    outer loop
      vertex 7.65367 18.4776 30
      vertex 4.24779 10.2551 30
      vertex 5.44442 9.66495 30
    endloop
  endfacet
  facet normal 0 0 1
    outer loop
      vertex 7.65367 18.4776 30
      vertex 2.98437 10.6839 30
      vertex 4.24779 10.2551 30
    endloop
  endfacet
  facet normal 0 0 1
    outer loop
      vertex 5.17638 19.3185 30
      vertex 2.87289 10.7218 30
      vertex 2.98437 10.6839 30
    endloop
  endfacet
  facet normal 0 0 1
    outer loop
      vertex 2.61052 19.8289 30
      vertex 2.87289 10.7218 30
      vertex 5.17638 19.3185 30
    endloop
  endfacet
  facet normal 0 0 1
    outer loop
      vertex 2.61052 19.8289 30
      vertex 1.44884 11.005 30
      vertex 2.87289 10.7218 30
    endloop
  endfacet
  facet normal 0 0 1
    outer loop
      vertex 2.61052 19.8289 30
      vertex 1.33137 11.0127 30
      vertex 1.44884 11.005 30
    endloop
  endfacet
  facet normal 0 0 1
    outer loop
      vertex 0 20 30
      vertex 1.33137 11.0127 30
      vertex 2.61052 19.8289 30
    endloop
  endfacet
  facet normal 0 0 1
    outer loop
      vertex 0 20 30
      vertex 0 11.1 30
      vertex 1.33137 11.0127 30
    endloop
  endfacet
  facet normal 0 0 1
    outer loop
      vertex 0 20 30
      vertex -1.33137 11.0127 30
      vertex 0 11.1 30
    endloop
  endfacet
  facet normal -0 0 1
    outer loop
      vertex -2.61052 19.8289 30
      vertex -1.33137 11.0127 30
      vertex 0 20 30
    endloop
  endfacet
  facet normal 0 0 1
    outer loop
      vertex -1.33137 11.0127 30
      vertex -2.61052 19.8289 30
      vertex -1.44884 11.005 30
    endloop
  endfacet
  facet normal 0 0 1
    outer loop
      vertex -2.61052 19.8289 30
      vertex -2.87289 10.7218 30
      vertex -1.44884 11.005 30
    endloop
  endfacet
  facet normal -0 0 1
    outer loop
      vertex -5.17638 19.3185 30
      vertex -2.87289 10.7218 30
      vertex -2.61052 19.8289 30
    endloop
  endfacet
  facet normal 0 0 1
    outer loop
      vertex -2.87289 10.7218 30
      vertex -5.17638 19.3185 30
      vertex -2.98437 10.6839 30
    endloop
  endfacet
  facet normal -0 0 1
    outer loop
      vertex -7.65367 18.4776 30
      vertex -2.98437 10.6839 30
      vertex -5.17638 19.3185 30
    endloop
  endfacet
  facet normal 0 0 1
    outer loop
      vertex -2.98437 10.6839 30
      vertex -7.65367 18.4776 30
      vertex -4.24779 10.2551 30
    endloop
  endfacet
  facet normal 0 0 1
    outer loop
      vertex -4.24779 10.2551 30
      vertex -7.65367 18.4776 30
      vertex -5.44442 9.66495 30
    endloop
  endfacet
  facet normal -0 0 1
    outer loop
      vertex -10 17.3205 30
      vertex -5.44442 9.66495 30
      vertex -7.65367 18.4776 30
    endloop
  endfacet
  facet normal 0 0 1
    outer loop
      vertex -5.44442 9.66495 30
      vertex -10 17.3205 30
      vertex -5.55 9.61288 30
    endloop
  endfacet
  facet normal 0 0 1
    outer loop
      vertex -5.55 9.61288 30
      vertex -10 17.3205 30
      vertex -6.65937 8.87163 30
    endloop
  endfacet
  facet normal -0 0 1
    outer loop
      vertex -12.1752 15.8671 30
      vertex -6.65937 8.87163 30
      vertex -10 17.3205 30
    endloop
  endfacet
  facet normal 0 0 1
    outer loop
      vertex -6.65937 8.87163 30
      vertex -12.1752 15.8671 30
      vertex -6.75725 8.80622 30
    endloop
  endfacet
  facet normal 0 0 1
    outer loop
      vertex -6.75725 8.80622 30
      vertex -12.1752 15.8671 30
      vertex -6.84576 8.7286 30
    endloop
  endfacet
  facet normal -0 0 1
    outer loop
      vertex -14.1421 14.1421 30
      vertex -6.84576 8.7286 30
      vertex -12.1752 15.8671 30
    endloop
  endfacet
  facet normal 0 0 1
    outer loop
      vertex -6.84576 8.7286 30
      vertex -14.1421 14.1421 30
      vertex -7.84889 7.84889 30
    endloop
  endfacet
  facet normal 0 0 1
    outer loop
      vertex -7.84889 7.84889 30
      vertex -14.1421 14.1421 30
      vertex -8.7286 6.84576 30
    endloop
  endfacet
  facet normal -0 0 1
    outer loop
      vertex -15.8671 12.1752 30
      vertex -8.7286 6.84576 30
      vertex -14.1421 14.1421 30
    endloop
  endfacet
  facet normal 0 0 1
    outer loop
      vertex -8.7286 6.84576 30
      vertex -15.8671 12.1752 30
      vertex -8.80622 6.75725 30
    endloop
  endfacet
  facet normal 0 0 1
    outer loop
      vertex -8.80622 6.75725 30
      vertex -15.8671 12.1752 30
      vertex -8.87163 6.65937 30
    endloop
  endfacet
  facet normal -0 0 1
    outer loop
      vertex -17.3205 10 30
      vertex -8.87163 6.65937 30
      vertex -15.8671 12.1752 30
    endloop
  endfacet
  facet normal 0 0 1
    outer loop
      vertex -8.87163 6.65937 30
      vertex -17.3205 10 30
      vertex -9.61288 5.55 30
    endloop
  endfacet
  facet normal 0 0 1
    outer loop
      vertex -9.61288 5.55 30
      vertex -17.3205 10 30
      vertex -9.66495 5.44442 30
    endloop
  endfacet
  facet normal -0 0 1
    outer loop
      vertex -18.4776 7.65367 30
      vertex -9.66495 5.44442 30
      vertex -17.3205 10 30
    endloop
  endfacet
  facet normal 0 0 1
    outer loop
      vertex -9.66495 5.44442 30
      vertex -18.4776 7.65367 30
      vertex -10.2551 4.24779 30
    endloop
  endfacet
  facet normal 0 0 1
    outer loop
      vertex -10.2551 4.24779 30
      vertex -18.4776 7.65367 30
      vertex -10.6839 2.98437 30
    endloop
  endfacet
  facet normal -0 0 1
    outer loop
      vertex 10.2551 -4.24779 30
      vertex 18.4776 -7.65367 30
      vertex 10.6839 -2.98437 30
    endloop
  endfacet
  facet normal -0 0 1
    outer loop
      vertex 9.66495 -5.44442 30
      vertex 18.4776 -7.65367 30
      vertex 10.2551 -4.24779 30
    endloop
  endfacet
  facet normal 0 0 1
    outer loop
      vertex 18.4776 -7.65367 30
      vertex 9.66495 -5.44442 30
      vertex 17.3205 -10 30
    endloop
  endfacet
  facet normal -0 0 1
    outer loop
      vertex 9.61288 -5.55 30
      vertex 17.3205 -10 30
      vertex 9.66495 -5.44442 30
    endloop
  endfacet
  facet normal -0 0 1
    outer loop
      vertex 8.87163 -6.65937 30
      vertex 17.3205 -10 30
      vertex 9.61288 -5.55 30
    endloop
  endfacet
  facet normal 0 0 1
    outer loop
      vertex 17.3205 -10 30
      vertex 8.87163 -6.65937 30
      vertex 15.8671 -12.1752 30
    endloop
  endfacet
  facet normal -0 0 1
    outer loop
      vertex 8.80622 -6.75725 30
      vertex 15.8671 -12.1752 30
      vertex 8.87163 -6.65937 30
    endloop
  endfacet
  facet normal -0 0 1
    outer loop
      vertex 8.7286 -6.84576 30
      vertex 15.8671 -12.1752 30
      vertex 8.80622 -6.75725 30
    endloop
  endfacet
  facet normal 0 0 1
    outer loop
      vertex 15.8671 -12.1752 30
      vertex 8.7286 -6.84576 30
      vertex 14.1421 -14.1421 30
    endloop
  endfacet
  facet normal -0 0 1
    outer loop
      vertex 7.84889 -7.84889 30
      vertex 14.1421 -14.1421 30
      vertex 8.7286 -6.84576 30
    endloop
  endfacet
  facet normal -0 0 1
    outer loop
      vertex 6.84576 -8.7286 30
      vertex 14.1421 -14.1421 30
      vertex 7.84889 -7.84889 30
    endloop
  endfacet
  facet normal 0 0 1
    outer loop
      vertex 14.1421 -14.1421 30
      vertex 6.84576 -8.7286 30
      vertex 12.1752 -15.8671 30
    endloop
  endfacet
  facet normal -0 0 1
    outer loop
      vertex 6.75725 -8.80622 30
      vertex 12.1752 -15.8671 30
      vertex 6.84576 -8.7286 30
    endloop
  endfacet
  facet normal -0 0 1
    outer loop
      vertex 6.65937 -8.87163 30
      vertex 12.1752 -15.8671 30
      vertex 6.75725 -8.80622 30
    endloop
  endfacet
  facet normal 0 0 1
    outer loop
      vertex 12.1752 -15.8671 30
      vertex 6.65937 -8.87163 30
      vertex 10 -17.3205 30
    endloop
  endfacet
  facet normal -0 0 1
    outer loop
      vertex 5.55 -9.61288 30
      vertex 10 -17.3205 30
      vertex 6.65937 -8.87163 30
    endloop
  endfacet
  facet normal -0 0 1
    outer loop
      vertex 5.44442 -9.66495 30
      vertex 10 -17.3205 30
      vertex 5.55 -9.61288 30
    endloop
  endfacet
  facet normal 0 0 1
    outer loop
      vertex 10 -17.3205 30
      vertex 5.44442 -9.66495 30
      vertex 7.65367 -18.4776 30
    endloop
  endfacet
  facet normal -0 0 1
    outer loop
      vertex 4.24779 -10.2551 30
      vertex 7.65367 -18.4776 30
      vertex 5.44442 -9.66495 30
    endloop
  endfacet
  facet normal -0 0 1
    outer loop
      vertex 2.98437 -10.6839 30
      vertex 7.65367 -18.4776 30
      vertex 4.24779 -10.2551 30
    endloop
  endfacet
  facet normal 0 0 1
    outer loop
      vertex 7.65367 -18.4776 30
      vertex 2.98437 -10.6839 30
      vertex 5.17638 -19.3185 30
    endloop
  endfacet
  facet normal -0 0 1
    outer loop
      vertex 2.87289 -10.7218 30
      vertex 5.17638 -19.3185 30
      vertex 2.98437 -10.6839 30
    endloop
  endfacet
  facet normal 0 0 1
    outer loop
      vertex 2.87289 -10.7218 30
      vertex 2.61052 -19.8289 30
      vertex 5.17638 -19.3185 30
    endloop
  endfacet
  facet normal -0 0 1
    outer loop
      vertex 1.44884 -11.005 30
      vertex 2.61052 -19.8289 30
      vertex 2.87289 -10.7218 30
    endloop
  endfacet
  facet normal -0 0 1
    outer loop
      vertex 1.33137 -11.0127 30
      vertex 2.61052 -19.8289 30
      vertex 1.44884 -11.005 30
    endloop
  endfacet
  facet normal 0 0 1
    outer loop
      vertex 0 -20 30
      vertex 1.33137 -11.0127 30
      vertex 0 -11.1 30
    endloop
  endfacet
  facet normal 0 0 1
    outer loop
      vertex 1.33137 -11.0127 30
      vertex 0 -20 30
      vertex 2.61052 -19.8289 30
    endloop
  endfacet
  facet normal 0 0 1
    outer loop
      vertex -1.33137 -11.0127 30
      vertex 0 -20 30
      vertex 0 -11.1 30
    endloop
  endfacet
  facet normal 0 0 1
    outer loop
      vertex -2.61052 -19.8289 30
      vertex -1.33137 -11.0127 30
      vertex -1.44884 -11.005 30
    endloop
  endfacet
  facet normal 0 0 1
    outer loop
      vertex -1.33137 -11.0127 30
      vertex -2.61052 -19.8289 30
      vertex 0 -20 30
    endloop
  endfacet
  facet normal 0 0 1
    outer loop
      vertex -2.87289 -10.7218 30
      vertex -2.61052 -19.8289 30
      vertex -1.44884 -11.005 30
    endloop
  endfacet
  facet normal 0 0 1
    outer loop
      vertex -5.17638 -19.3185 30
      vertex -2.87289 -10.7218 30
      vertex -2.98437 -10.6839 30
    endloop
  endfacet
  facet normal 0 0 1
    outer loop
      vertex -7.65367 -18.4776 30
      vertex -2.98437 -10.6839 30
      vertex -4.24779 -10.2551 30
    endloop
  endfacet
  facet normal 0 0 1
    outer loop
      vertex -2.87289 -10.7218 30
      vertex -5.17638 -19.3185 30
      vertex -2.61052 -19.8289 30
    endloop
  endfacet
  facet normal 0 0 1
    outer loop
      vertex -7.65367 -18.4776 30
      vertex -4.24779 -10.2551 30
      vertex -5.44442 -9.66495 30
    endloop
  endfacet
  facet normal 0 0 1
    outer loop
      vertex -10 -17.3205 30
      vertex -5.44442 -9.66495 30
      vertex -5.55 -9.61288 30
    endloop
  endfacet
  facet normal 0 0 1
    outer loop
      vertex -10 -17.3205 30
      vertex -5.55 -9.61288 30
      vertex -6.65937 -8.87163 30
    endloop
  endfacet
  facet normal 0 0 1
    outer loop
      vertex -12.1752 -15.8671 30
      vertex -6.65937 -8.87163 30
      vertex -6.75725 -8.80622 30
    endloop
  endfacet
  facet normal 0 0 1
    outer loop
      vertex -12.1752 -15.8671 30
      vertex -6.75725 -8.80622 30
      vertex -6.84576 -8.7286 30
    endloop
  endfacet
  facet normal 0 0 1
    outer loop
      vertex -2.98437 -10.6839 30
      vertex -7.65367 -18.4776 30
      vertex -5.17638 -19.3185 30
    endloop
  endfacet
  facet normal 0 0 1
    outer loop
      vertex -14.1421 -14.1421 30
      vertex -6.84576 -8.7286 30
      vertex -7.84889 -7.84889 30
    endloop
  endfacet
  facet normal 0 0 1
    outer loop
      vertex -14.1421 -14.1421 30
      vertex -7.84889 -7.84889 30
      vertex -8.7286 -6.84576 30
    endloop
  endfacet
  facet normal 0 0 1
    outer loop
      vertex -15.8671 -12.1752 30
      vertex -8.7286 -6.84576 30
      vertex -8.80622 -6.75725 30
    endloop
  endfacet
  facet normal 0 0 1
    outer loop
      vertex -15.8671 -12.1752 30
      vertex -8.80622 -6.75725 30
      vertex -8.87163 -6.65937 30
    endloop
  endfacet
  facet normal 0 0 1
    outer loop
      vertex -17.3205 -10 30
      vertex -8.87163 -6.65937 30
      vertex -9.61288 -5.55 30
    endloop
  endfacet
  facet normal 0 0 1
    outer loop
      vertex -17.3205 -10 30
      vertex -9.61288 -5.55 30
      vertex -9.66495 -5.44442 30
    endloop
  endfacet
  facet normal 0 0 1
    outer loop
      vertex -5.44442 -9.66495 30
      vertex -10 -17.3205 30
      vertex -7.65367 -18.4776 30
    endloop
  endfacet
  facet normal 0 0 1
    outer loop
      vertex -18.4776 -7.65367 30
      vertex -9.66495 -5.44442 30
      vertex -10.2551 -4.24779 30
    endloop
  endfacet
  facet normal 0 0 1
    outer loop
      vertex -18.4776 -7.65367 30
      vertex -10.2551 -4.24779 30
      vertex -10.6839 -2.98437 30
    endloop
  endfacet
  facet normal 0 0 1
    outer loop
      vertex -19.3185 -5.17638 30
      vertex -10.6839 -2.98437 30
      vertex -10.7218 -2.87289 30
    endloop
  endfacet
  facet normal 0 0 1
    outer loop
      vertex -19.3185 -5.17638 30
      vertex -10.7218 -2.87289 30
      vertex -11.005 -1.44884 30
    endloop
  endfacet
  facet normal 0 0 1
    outer loop
      vertex -19.8289 -2.61052 30
      vertex -11.005 -1.44884 30
      vertex -11.0127 -1.33137 30
    endloop
  endfacet
  facet normal -0 0 1
    outer loop
      vertex -20 0 30
      vertex -11.0127 -1.33137 30
      vertex -11.1 0 30
    endloop
  endfacet
  facet normal -0 0 1
    outer loop
      vertex -19.3185 5.17638 30
      vertex -10.6839 2.98437 30
      vertex -18.4776 7.65367 30
    endloop
  endfacet
  facet normal 0 0 1
    outer loop
      vertex -6.65937 -8.87163 30
      vertex -12.1752 -15.8671 30
      vertex -10 -17.3205 30
    endloop
  endfacet
  facet normal 0 0 1
    outer loop
      vertex -10.6839 2.98437 30
      vertex -19.3185 5.17638 30
      vertex -10.7218 2.87289 30
    endloop
  endfacet
  facet normal 0 0 1
    outer loop
      vertex -6.84576 -8.7286 30
      vertex -14.1421 -14.1421 30
      vertex -12.1752 -15.8671 30
    endloop
  endfacet
  facet normal 0 0 1
    outer loop
      vertex -10.7218 2.87289 30
      vertex -19.3185 5.17638 30
      vertex -11.005 1.44884 30
    endloop
  endfacet
  facet normal 0 0 1
    outer loop
      vertex -8.7286 -6.84576 30
      vertex -15.8671 -12.1752 30
      vertex -14.1421 -14.1421 30
    endloop
  endfacet
  facet normal -0 0 1
    outer loop
      vertex -19.8289 2.61052 30
      vertex -11.005 1.44884 30
      vertex -19.3185 5.17638 30
    endloop
  endfacet
  facet normal 0 0 1
    outer loop
      vertex -8.87163 -6.65937 30
      vertex -17.3205 -10 30
      vertex -15.8671 -12.1752 30
    endloop
  endfacet
  facet normal 0 0 1
    outer loop
      vertex -11.005 1.44884 30
      vertex -19.8289 2.61052 30
      vertex -11.0127 1.33137 30
    endloop
  endfacet
  facet normal 0 0 1
    outer loop
      vertex -9.66495 -5.44442 30
      vertex -18.4776 -7.65367 30
      vertex -17.3205 -10 30
    endloop
  endfacet
  facet normal 0 0 1
    outer loop
      vertex -20 0 30
      vertex -11.0127 1.33137 30
      vertex -19.8289 2.61052 30
    endloop
  endfacet
  facet normal 0 0 1
    outer loop
      vertex -10.6839 -2.98437 30
      vertex -19.3185 -5.17638 30
      vertex -18.4776 -7.65367 30
    endloop
  endfacet
  facet normal 0 0 1
    outer loop
      vertex -11.0127 1.33137 30
      vertex -20 0 30
      vertex -11.1 0 30
    endloop
  endfacet
  facet normal 0 0 1
    outer loop
      vertex -11.005 -1.44884 30
      vertex -19.8289 -2.61052 30
      vertex -19.3185 -5.17638 30
    endloop
  endfacet
  facet normal 0 0 1
    outer loop
      vertex -11.0127 -1.33137 30
      vertex -20 0 30
      vertex -19.8289 -2.61052 30
    endloop
  endfacet
  facet normal 0.99741 0.0654017 0.0299223
    outer loop
      vertex 11.0127 1.33137 30
      vertex 6 0 200
      vertex 11.1 0 30
    endloop
  endfacet
  facet normal 0.8311 -0.555318 0.0299224
    outer loop
      vertex 9.61288 -5.55 30
      vertex 5.19615 -3 200
      vertex 8.87163 -6.65937 30
    endloop
  endfacet
  facet normal 0.659045 0.751508 0.0299224
    outer loop
      vertex 6.75725 8.80622 30
      vertex 4.24264 4.24264 200
      vertex 6.84576 8.7286 30
    endloop
  endfacet
  facet normal 0.659052 0.751502 0.0299223
    outer loop
      vertex 4.24264 4.24264 200
      vertex 6.75725 8.80622 30
      vertex 3.65257 4.76012 200
    endloop
  endfacet
  facet normal -0.659045 -0.751508 0.0299224
    outer loop
      vertex -6.75725 -8.80622 30
      vertex -4.24264 -4.24264 200
      vertex -6.84576 -8.7286 30
    endloop
  endfacet
  facet normal -0.659052 -0.751502 0.0299223
    outer loop
      vertex -4.24264 -4.24264 200
      vertex -6.75725 -8.80622 30
      vertex -3.65257 -4.76012 200
    endloop
  endfacet
  facet normal 0.194962 0.980354 0.0299224
    outer loop
      vertex 1.44884 11.005 30
      vertex 1.55291 5.79555 200
      vertex 2.87289 10.7218 30
    endloop
  endfacet
  facet normal 0.195011 0.980345 0.0299221
    outer loop
      vertex 1.55291 5.79555 200
      vertex 1.44884 11.005 30
      vertex 0.783156 5.94867 200
    endloop
  endfacet
  facet normal -0.751507 -0.659046 0.0299224
    outer loop
      vertex -4.24264 -4.24264 200
      vertex -8.7286 -6.84576 30
      vertex -7.84889 -7.84889 30
    endloop
  endfacet
  facet normal 0.89646 -0.442113 0.0299225
    outer loop
      vertex 10.2551 -4.24779 30
      vertex 5.54328 -2.2961 200
      vertex 9.66495 -5.44442 30
    endloop
  endfacet
  facet normal -0.997412 0.065379 0.0299221
    outer loop
      vertex -11.0127 1.33137 30
      vertex -5.94867 0.783156 200
      vertex -11.005 1.44884 30
    endloop
  endfacet
  facet normal -0.997412 0.0653729 0.0299221
    outer loop
      vertex -5.94867 0.783156 200
      vertex -11.0127 1.33137 30
      vertex -6 0 200
    endloop
  endfacet
  facet normal -0.946523 0.321246 0.0299225
    outer loop
      vertex -10.2551 4.24779 30
      vertex -10.6839 2.98437 30
      vertex -5.54328 2.2961 200
    endloop
  endfacet
  facet normal 0.442113 -0.89646 0.0299225
    outer loop
      vertex 5.44442 -9.66495 30
      vertex 2.2961 -5.54328 200
      vertex 4.24779 -10.2551 30
    endloop
  endfacet
  facet normal 0.321246 0.946523 0.0299225
    outer loop
      vertex 2.98437 10.6839 30
      vertex 2.2961 5.54328 200
      vertex 4.24779 10.2551 30
    endloop
  endfacet
  facet normal -0.751502 -0.659052 0.0299223
    outer loop
      vertex -8.80622 -6.75725 30
      vertex -4.24264 -4.24264 200
      vertex -4.76012 -3.65257 200
    endloop
  endfacet
  facet normal -0.751508 -0.659045 0.0299224
    outer loop
      vertex -4.24264 -4.24264 200
      vertex -8.80622 -6.75725 30
      vertex -8.7286 -6.84576 30
    endloop
  endfacet
  facet normal 0.442113 0.89646 0.0299225
    outer loop
      vertex 4.24779 10.2551 30
      vertex 2.2961 5.54328 200
      vertex 5.44442 9.66495 30
    endloop
  endfacet
  facet normal -0.99741 0.0654017 0.0299223
    outer loop
      vertex -11.0127 1.33137 30
      vertex -11.1 0 30
      vertex -6 0 200
    endloop
  endfacet
  facet normal 0.89646 0.442113 0.0299225
    outer loop
      vertex 9.66495 5.44442 30
      vertex 5.54328 2.2961 200
      vertex 10.2551 4.24779 30
    endloop
  endfacet
  facet normal -0.442096 0.896469 0.0299224
    outer loop
      vertex -5.44442 9.66495 30
      vertex -3 5.19615 200
      vertex -2.2961 5.54328 200
    endloop
  endfacet
  facet normal -0.442116 0.896459 0.0299224
    outer loop
      vertex -3 5.19615 200
      vertex -5.44442 9.66495 30
      vertex -5.55 9.61288 30
    endloop
  endfacet
  facet normal 0.980354 0.194962 0.0299224
    outer loop
      vertex 5.79555 1.55291 200
      vertex 11.005 1.44884 30
      vertex 10.7218 2.87289 30
    endloop
  endfacet
  facet normal 0.980345 0.195011 0.0299221
    outer loop
      vertex 11.005 1.44884 30
      vertex 5.79555 1.55291 200
      vertex 5.94867 0.783156 200
    endloop
  endfacet
  facet normal -0.751508 0.659045 0.0299224
    outer loop
      vertex -8.80622 6.75725 30
      vertex -4.24264 4.24264 200
      vertex -8.7286 6.84576 30
    endloop
  endfacet
  facet normal -0.751502 0.659052 0.0299223
    outer loop
      vertex -4.24264 4.24264 200
      vertex -8.80622 6.75725 30
      vertex -4.76012 3.65257 200
    endloop
  endfacet
  facet normal 0.555372 0.831063 0.0299225
    outer loop
      vertex 6.65937 8.87163 30
      vertex 3.65257 4.76012 200
      vertex 6.75725 8.80622 30
    endloop
  endfacet
  facet normal 0.555319 0.831099 0.0299224
    outer loop
      vertex 3.65257 4.76012 200
      vertex 6.65937 8.87163 30
      vertex 3 5.19615 200
    endloop
  endfacet
  facet normal 0.751502 -0.659052 0.0299223
    outer loop
      vertex 4.24264 -4.24264 200
      vertex 8.80622 -6.75725 30
      vertex 4.76012 -3.65257 200
    endloop
  endfacet
  facet normal 0.751508 -0.659045 0.0299224
    outer loop
      vertex 8.80622 -6.75725 30
      vertex 4.24264 -4.24264 200
      vertex 8.7286 -6.84576 30
    endloop
  endfacet
  facet normal -0.8311 0.555318 0.0299224
    outer loop
      vertex -8.87163 6.65937 30
      vertex -9.61288 5.55 30
      vertex -5.19615 3 200
    endloop
  endfacet
  facet normal -0.555318 -0.8311 0.0299224
    outer loop
      vertex -3 -5.19615 200
      vertex -6.65937 -8.87163 30
      vertex -5.55 -9.61288 30
    endloop
  endfacet
  facet normal -0.555372 -0.831063 0.0299225
    outer loop
      vertex -6.65937 -8.87163 30
      vertex -3.65257 -4.76012 200
      vertex -6.75725 -8.80622 30
    endloop
  endfacet
  facet normal -0.555319 -0.831099 0.0299224
    outer loop
      vertex -3.65257 -4.76012 200
      vertex -6.65937 -8.87163 30
      vertex -3 -5.19615 200
    endloop
  endfacet
  facet normal 0.555319 -0.831099 0.0299224
    outer loop
      vertex 6.65937 -8.87163 30
      vertex 3.65257 -4.76012 200
      vertex 3 -5.19615 200
    endloop
  endfacet
  facet normal 0.555372 -0.831063 0.0299225
    outer loop
      vertex 3.65257 -4.76012 200
      vertex 6.65937 -8.87163 30
      vertex 6.75725 -8.80622 30
    endloop
  endfacet
  facet normal 0.065379 0.997412 0.0299221
    outer loop
      vertex 1.33137 11.0127 30
      vertex 0.783156 5.94867 200
      vertex 1.44884 11.005 30
    endloop
  endfacet
  facet normal 0.0653729 0.997412 0.0299221
    outer loop
      vertex 0.783156 5.94867 200
      vertex 1.33137 11.0127 30
      vertex 0 6 200
    endloop
  endfacet
  facet normal -0.89646 0.442113 0.0299225
    outer loop
      vertex -9.66495 5.44442 30
      vertex -10.2551 4.24779 30
      vertex -5.54328 2.2961 200
    endloop
  endfacet
  facet normal -0.946357 0.321734 0.0299194
    outer loop
      vertex -10.7218 2.87289 30
      vertex -5.54328 2.2961 200
      vertex -10.6839 2.98437 30
    endloop
  endfacet
  facet normal -0.94651 0.321285 0.0299225
    outer loop
      vertex -5.54328 2.2961 200
      vertex -10.7218 2.87289 30
      vertex -5.79555 1.55291 200
    endloop
  endfacet
  facet normal -0.94651 -0.321285 0.0299225
    outer loop
      vertex -10.7218 -2.87289 30
      vertex -5.54328 -2.2961 200
      vertex -5.79555 -1.55291 200
    endloop
  endfacet
  facet normal -0.946357 -0.321734 0.0299194
    outer loop
      vertex -5.54328 -2.2961 200
      vertex -10.7218 -2.87289 30
      vertex -10.6839 -2.98437 30
    endloop
  endfacet
  facet normal -0.321734 -0.946357 0.0299194
    outer loop
      vertex -2.87289 -10.7218 30
      vertex -2.2961 -5.54328 200
      vertex -2.98437 -10.6839 30
    endloop
  endfacet
  facet normal -0.321285 -0.94651 0.0299225
    outer loop
      vertex -2.2961 -5.54328 200
      vertex -2.87289 -10.7218 30
      vertex -1.55291 -5.79555 200
    endloop
  endfacet
  facet normal 0.0653729 -0.997412 0.0299221
    outer loop
      vertex 1.33137 -11.0127 30
      vertex 0.783156 -5.94867 200
      vertex 0 -6 200
    endloop
  endfacet
  facet normal 0.065379 -0.997412 0.0299221
    outer loop
      vertex 0.783156 -5.94867 200
      vertex 1.33137 -11.0127 30
      vertex 1.44884 -11.005 30
    endloop
  endfacet
  facet normal 0.8311 0.555318 0.0299224
    outer loop
      vertex 8.87163 6.65937 30
      vertex 5.19615 3 200
      vertex 9.61288 5.55 30
    endloop
  endfacet
  facet normal 0.946357 0.321734 0.0299194
    outer loop
      vertex 5.54328 2.2961 200
      vertex 10.7218 2.87289 30
      vertex 10.6839 2.98437 30
    endloop
  endfacet
  facet normal 0.94651 0.321285 0.0299225
    outer loop
      vertex 10.7218 2.87289 30
      vertex 5.54328 2.2961 200
      vertex 5.79555 1.55291 200
    endloop
  endfacet
  facet normal 0.321246 -0.946523 0.0299225
    outer loop
      vertex 4.24779 -10.2551 30
      vertex 2.2961 -5.54328 200
      vertex 2.98437 -10.6839 30
    endloop
  endfacet
  facet normal -0.896469 -0.442096 0.0299224
    outer loop
      vertex -9.66495 -5.44442 30
      vertex -5.19615 -3 200
      vertex -5.54328 -2.2961 200
    endloop
  endfacet
  facet normal -0.896459 -0.442116 0.0299224
    outer loop
      vertex -5.19615 -3 200
      vertex -9.66495 -5.44442 30
      vertex -9.61288 -5.55 30
    endloop
  endfacet
  facet normal 0.99741 -0.0654017 0.0299223
    outer loop
      vertex 11.1 0 30
      vertex 6 0 200
      vertex 11.0127 -1.33137 30
    endloop
  endfacet
  facet normal 0.896469 -0.442096 0.0299224
    outer loop
      vertex 5.19615 -3 200
      vertex 9.66495 -5.44442 30
      vertex 5.54328 -2.2961 200
    endloop
  endfacet
  facet normal 0.896459 -0.442116 0.0299224
    outer loop
      vertex 9.66495 -5.44442 30
      vertex 5.19615 -3 200
      vertex 9.61288 -5.55 30
    endloop
  endfacet
  facet normal 0.751507 -0.659046 0.0299224
    outer loop
      vertex 8.7286 -6.84576 30
      vertex 4.24264 -4.24264 200
      vertex 7.84889 -7.84889 30
    endloop
  endfacet
  facet normal 0.896459 0.442116 0.0299224
    outer loop
      vertex 5.19615 3 200
      vertex 9.66495 5.44442 30
      vertex 9.61288 5.55 30
    endloop
  endfacet
  facet normal 0.896469 0.442096 0.0299224
    outer loop
      vertex 9.66495 5.44442 30
      vertex 5.19615 3 200
      vertex 5.54328 2.2961 200
    endloop
  endfacet
  facet normal 0.442096 -0.896469 0.0299224
    outer loop
      vertex 5.44442 -9.66495 30
      vertex 3 -5.19615 200
      vertex 2.2961 -5.54328 200
    endloop
  endfacet
  facet normal 0.442116 -0.896459 0.0299224
    outer loop
      vertex 3 -5.19615 200
      vertex 5.44442 -9.66495 30
      vertex 5.55 -9.61288 30
    endloop
  endfacet
  facet normal -0.659046 0.751507 0.0299224
    outer loop
      vertex -6.84576 8.7286 30
      vertex -7.84889 7.84889 30
      vertex -4.24264 4.24264 200
    endloop
  endfacet
  facet normal 0.0654017 0.99741 0.0299223
    outer loop
      vertex 0 11.1 30
      vertex 0 6 200
      vertex 1.33137 11.0127 30
    endloop
  endfacet
  facet normal 0.980345 -0.195011 0.0299221
    outer loop
      vertex 5.79555 -1.55291 200
      vertex 11.005 -1.44884 30
      vertex 5.94867 -0.783156 200
    endloop
  endfacet
  facet normal 0.980354 -0.194962 0.0299224
    outer loop
      vertex 11.005 -1.44884 30
      vertex 5.79555 -1.55291 200
      vertex 10.7218 -2.87289 30
    endloop
  endfacet
  facet normal -0.946523 -0.321246 0.0299225
    outer loop
      vertex -5.54328 -2.2961 200
      vertex -10.6839 -2.98437 30
      vertex -10.2551 -4.24779 30
    endloop
  endfacet
  facet normal -0.99741 -0.0654017 0.0299223
    outer loop
      vertex -6 0 200
      vertex -11.1 0 30
      vertex -11.0127 -1.33137 30
    endloop
  endfacet
  facet normal 0.946523 -0.321246 0.0299225
    outer loop
      vertex 10.6839 -2.98437 30
      vertex 5.54328 -2.2961 200
      vertex 10.2551 -4.24779 30
    endloop
  endfacet
  facet normal -0.89646 -0.442113 0.0299225
    outer loop
      vertex -5.54328 -2.2961 200
      vertex -10.2551 -4.24779 30
      vertex -9.66495 -5.44442 30
    endloop
  endfacet
  facet normal 0.321734 0.946357 0.0299194
    outer loop
      vertex 2.87289 10.7218 30
      vertex 2.2961 5.54328 200
      vertex 2.98437 10.6839 30
    endloop
  endfacet
  facet normal 0.321285 0.94651 0.0299225
    outer loop
      vertex 2.2961 5.54328 200
      vertex 2.87289 10.7218 30
      vertex 1.55291 5.79555 200
    endloop
  endfacet
  facet normal -0.555318 0.8311 0.0299224
    outer loop
      vertex -5.55 9.61288 30
      vertex -6.65937 8.87163 30
      vertex -3 5.19615 200
    endloop
  endfacet
  facet normal -0.8311 -0.555318 0.0299224
    outer loop
      vertex -5.19615 -3 200
      vertex -9.61288 -5.55 30
      vertex -8.87163 -6.65937 30
    endloop
  endfacet
  facet normal 0.442116 0.896459 0.0299224
    outer loop
      vertex 5.44442 9.66495 30
      vertex 3 5.19615 200
      vertex 5.55 9.61288 30
    endloop
  endfacet
  facet normal 0.442096 0.896469 0.0299224
    outer loop
      vertex 3 5.19615 200
      vertex 5.44442 9.66495 30
      vertex 2.2961 5.54328 200
    endloop
  endfacet
  facet normal -0.751507 0.659046 0.0299224
    outer loop
      vertex -7.84889 7.84889 30
      vertex -8.7286 6.84576 30
      vertex -4.24264 4.24264 200
    endloop
  endfacet
  facet normal -0.896459 0.442116 0.0299224
    outer loop
      vertex -9.66495 5.44442 30
      vertex -5.19615 3 200
      vertex -9.61288 5.55 30
    endloop
  endfacet
  facet normal -0.896469 0.442096 0.0299224
    outer loop
      vertex -5.19615 3 200
      vertex -9.66495 5.44442 30
      vertex -5.54328 2.2961 200
    endloop
  endfacet
  facet normal -0.194962 -0.980354 0.0299224
    outer loop
      vertex -1.44884 -11.005 30
      vertex -1.55291 -5.79555 200
      vertex -2.87289 -10.7218 30
    endloop
  endfacet
  facet normal -0.195011 -0.980345 0.0299221
    outer loop
      vertex -1.55291 -5.79555 200
      vertex -1.44884 -11.005 30
      vertex -0.783156 -5.94867 200
    endloop
  endfacet
  facet normal -0.321246 0.946523 0.0299225
    outer loop
      vertex -2.98437 10.6839 30
      vertex -4.24779 10.2551 30
      vertex -2.2961 5.54328 200
    endloop
  endfacet
  facet normal 0.659046 -0.751507 0.0299224
    outer loop
      vertex 7.84889 -7.84889 30
      vertex 4.24264 -4.24264 200
      vertex 6.84576 -8.7286 30
    endloop
  endfacet
  facet normal -0.321246 -0.946523 0.0299225
    outer loop
      vertex -2.2961 -5.54328 200
      vertex -4.24779 -10.2551 30
      vertex -2.98437 -10.6839 30
    endloop
  endfacet
  facet normal -0.321285 0.94651 0.0299225
    outer loop
      vertex -2.87289 10.7218 30
      vertex -2.2961 5.54328 200
      vertex -1.55291 5.79555 200
    endloop
  endfacet
  facet normal -0.321734 0.946357 0.0299194
    outer loop
      vertex -2.2961 5.54328 200
      vertex -2.87289 10.7218 30
      vertex -2.98437 10.6839 30
    endloop
  endfacet
  facet normal 0.321285 -0.94651 0.0299225
    outer loop
      vertex 2.87289 -10.7218 30
      vertex 2.2961 -5.54328 200
      vertex 1.55291 -5.79555 200
    endloop
  endfacet
  facet normal 0.321734 -0.946357 0.0299194
    outer loop
      vertex 2.2961 -5.54328 200
      vertex 2.87289 -10.7218 30
      vertex 2.98437 -10.6839 30
    endloop
  endfacet
  facet normal 0.831063 0.555372 0.0299225
    outer loop
      vertex 4.76012 3.65257 200
      vertex 8.87163 6.65937 30
      vertex 8.80622 6.75725 30
    endloop
  endfacet
  facet normal 0.831099 0.555319 0.0299224
    outer loop
      vertex 8.87163 6.65937 30
      vertex 4.76012 3.65257 200
      vertex 5.19615 3 200
    endloop
  endfacet
  facet normal -0.659046 -0.751507 0.0299224
    outer loop
      vertex -4.24264 -4.24264 200
      vertex -7.84889 -7.84889 30
      vertex -6.84576 -8.7286 30
    endloop
  endfacet
  facet normal 0.946523 0.321246 0.0299225
    outer loop
      vertex 10.2551 4.24779 30
      vertex 5.54328 2.2961 200
      vertex 10.6839 2.98437 30
    endloop
  endfacet
  facet normal 0.659052 -0.751502 0.0299223
    outer loop
      vertex 6.75725 -8.80622 30
      vertex 4.24264 -4.24264 200
      vertex 3.65257 -4.76012 200
    endloop
  endfacet
  facet normal 0.659045 -0.751508 0.0299224
    outer loop
      vertex 4.24264 -4.24264 200
      vertex 6.75725 -8.80622 30
      vertex 6.84576 -8.7286 30
    endloop
  endfacet
  facet normal 0.751508 0.659045 0.0299224
    outer loop
      vertex 4.24264 4.24264 200
      vertex 8.80622 6.75725 30
      vertex 8.7286 6.84576 30
    endloop
  endfacet
  facet normal 0.751502 0.659052 0.0299223
    outer loop
      vertex 8.80622 6.75725 30
      vertex 4.24264 4.24264 200
      vertex 4.76012 3.65257 200
    endloop
  endfacet
  facet normal -0.442113 -0.89646 0.0299225
    outer loop
      vertex -2.2961 -5.54328 200
      vertex -5.44442 -9.66495 30
      vertex -4.24779 -10.2551 30
    endloop
  endfacet
  facet normal 0.997412 -0.0653729 0.0299221
    outer loop
      vertex 5.94867 -0.783156 200
      vertex 11.0127 -1.33137 30
      vertex 6 0 200
    endloop
  endfacet
  facet normal 0.997412 -0.065379 0.0299221
    outer loop
      vertex 11.0127 -1.33137 30
      vertex 5.94867 -0.783156 200
      vertex 11.005 -1.44884 30
    endloop
  endfacet
  facet normal -0.0653729 0.997412 0.0299221
    outer loop
      vertex -1.33137 11.0127 30
      vertex -0.783156 5.94867 200
      vertex 0 6 200
    endloop
  endfacet
  facet normal -0.065379 0.997412 0.0299221
    outer loop
      vertex -0.783156 5.94867 200
      vertex -1.33137 11.0127 30
      vertex -1.44884 11.005 30
    endloop
  endfacet
  facet normal -0.0654017 0.99741 0.0299223
    outer loop
      vertex 0 11.1 30
      vertex -1.33137 11.0127 30
      vertex 0 6 200
    endloop
  endfacet
  facet normal 0.751507 0.659046 0.0299224
    outer loop
      vertex 7.84889 7.84889 30
      vertex 4.24264 4.24264 200
      vertex 8.7286 6.84576 30
    endloop
  endfacet
  facet normal -0.659052 0.751502 0.0299223
    outer loop
      vertex -6.75725 8.80622 30
      vertex -4.24264 4.24264 200
      vertex -3.65257 4.76012 200
    endloop
  endfacet
  facet normal -0.659045 0.751508 0.0299224
    outer loop
      vertex -4.24264 4.24264 200
      vertex -6.75725 8.80622 30
      vertex -6.84576 8.7286 30
    endloop
  endfacet
  facet normal 0.659046 0.751507 0.0299224
    outer loop
      vertex 6.84576 8.7286 30
      vertex 4.24264 4.24264 200
      vertex 7.84889 7.84889 30
    endloop
  endfacet
  facet normal -0.997412 -0.0653729 0.0299221
    outer loop
      vertex -11.0127 -1.33137 30
      vertex -5.94867 -0.783156 200
      vertex -6 0 200
    endloop
  endfacet
  facet normal -0.997412 -0.065379 0.0299221
    outer loop
      vertex -5.94867 -0.783156 200
      vertex -11.0127 -1.33137 30
      vertex -11.005 -1.44884 30
    endloop
  endfacet
  facet normal 0.555318 0.8311 0.0299224
    outer loop
      vertex 5.55 9.61288 30
      vertex 3 5.19615 200
      vertex 6.65937 8.87163 30
    endloop
  endfacet
  facet normal -0.065379 -0.997412 0.0299221
    outer loop
      vertex -1.33137 -11.0127 30
      vertex -0.783156 -5.94867 200
      vertex -1.44884 -11.005 30
    endloop
  endfacet
  facet normal -0.0653729 -0.997412 0.0299221
    outer loop
      vertex -0.783156 -5.94867 200
      vertex -1.33137 -11.0127 30
      vertex 0 -6 200
    endloop
  endfacet
  facet normal -0.980354 0.194962 0.0299224
    outer loop
      vertex -11.005 1.44884 30
      vertex -5.79555 1.55291 200
      vertex -10.7218 2.87289 30
    endloop
  endfacet
  facet normal -0.980345 0.195011 0.0299221
    outer loop
      vertex -5.79555 1.55291 200
      vertex -11.005 1.44884 30
      vertex -5.94867 0.783156 200
    endloop
  endfacet
  facet normal 0.195011 -0.980345 0.0299221
    outer loop
      vertex 1.44884 -11.005 30
      vertex 1.55291 -5.79555 200
      vertex 0.783156 -5.94867 200
    endloop
  endfacet
  facet normal 0.194962 -0.980354 0.0299224
    outer loop
      vertex 1.55291 -5.79555 200
      vertex 1.44884 -11.005 30
      vertex 2.87289 -10.7218 30
    endloop
  endfacet
  facet normal 0.0654017 -0.99741 0.0299223
    outer loop
      vertex 0 -6 200
      vertex 0 -11.1 30
      vertex 1.33137 -11.0127 30
    endloop
  endfacet
  facet normal 0.831099 -0.555319 0.0299224
    outer loop
      vertex 4.76012 -3.65257 200
      vertex 8.87163 -6.65937 30
      vertex 5.19615 -3 200
    endloop
  endfacet
  facet normal 0.831063 -0.555372 0.0299225
    outer loop
      vertex 8.87163 -6.65937 30
      vertex 4.76012 -3.65257 200
      vertex 8.80622 -6.75725 30
    endloop
  endfacet
  facet normal -0.831063 0.555372 0.0299225
    outer loop
      vertex -8.87163 6.65937 30
      vertex -4.76012 3.65257 200
      vertex -8.80622 6.75725 30
    endloop
  endfacet
  facet normal -0.831099 0.555319 0.0299224
    outer loop
      vertex -4.76012 3.65257 200
      vertex -8.87163 6.65937 30
      vertex -5.19615 3 200
    endloop
  endfacet
  facet normal 0.94651 -0.321285 0.0299225
    outer loop
      vertex 5.54328 -2.2961 200
      vertex 10.7218 -2.87289 30
      vertex 5.79555 -1.55291 200
    endloop
  endfacet
  facet normal 0.946357 -0.321734 0.0299194
    outer loop
      vertex 10.7218 -2.87289 30
      vertex 5.54328 -2.2961 200
      vertex 10.6839 -2.98437 30
    endloop
  endfacet
  facet normal 0 0 -1
    outer loop
      vertex 8 -14 200
      vertex 6 0 200
      vertex 8 14 200
    endloop
  endfacet
  facet normal 0 0 -1
    outer loop
      vertex 8 -14 200
      vertex 5.94867 -0.783156 200
      vertex 6 0 200
    endloop
  endfacet
  facet normal 0 0 -1
    outer loop
      vertex 8 -14 200
      vertex 5.79555 -1.55291 200
      vertex 5.94867 -0.783156 200
    endloop
  endfacet
  facet normal 0 0 -1
    outer loop
      vertex 8 -14 200
      vertex 5.54328 -2.2961 200
      vertex 5.79555 -1.55291 200
    endloop
  endfacet
  facet normal 0 0 -1
    outer loop
      vertex 8 -14 200
      vertex 5.19615 -3 200
      vertex 5.54328 -2.2961 200
    endloop
  endfacet
  facet normal 0 0 -1
    outer loop
      vertex 8 -14 200
      vertex 4.76012 -3.65257 200
      vertex 5.19615 -3 200
    endloop
  endfacet
  facet normal 0 0 -1
    outer loop
      vertex 8 -14 200
      vertex 4.24264 -4.24264 200
      vertex 4.76012 -3.65257 200
    endloop
  endfacet
  facet normal 0 0 -1
    outer loop
      vertex 8 -14 200
      vertex 3.65257 -4.76012 200
      vertex 4.24264 -4.24264 200
    endloop
  endfacet
  facet normal 0 0 -1
    outer loop
      vertex 8 -14 200
      vertex 3 -5.19615 200
      vertex 3.65257 -4.76012 200
    endloop
  endfacet
  facet normal 0 0 -1
    outer loop
      vertex 8 -14 200
      vertex 2.2961 -5.54328 200
      vertex 3 -5.19615 200
    endloop
  endfacet
  facet normal 0 0 -1
    outer loop
      vertex 8 -14 200
      vertex 1.55291 -5.79555 200
      vertex 2.2961 -5.54328 200
    endloop
  endfacet
  facet normal 0 0 -1
    outer loop
      vertex 8 -14 200
      vertex 0.783156 -5.94867 200
      vertex 1.55291 -5.79555 200
    endloop
  endfacet
  facet normal 0 0 -1
    outer loop
      vertex 8 -14 200
      vertex 0 -6 200
      vertex 0.783156 -5.94867 200
    endloop
  endfacet
  facet normal 0 0 -1
    outer loop
      vertex -8 -14 200
      vertex 0 -6 200
      vertex 8 -14 200
    endloop
  endfacet
  facet normal -0 0 -1
    outer loop
      vertex 0 -6 200
      vertex -8 -14 200
      vertex -0.783156 -5.94867 200
    endloop
  endfacet
  facet normal -0 0 -1
    outer loop
      vertex -0.783156 -5.94867 200
      vertex -8 -14 200
      vertex -1.55291 -5.79555 200
    endloop
  endfacet
  facet normal -0 0 -1
    outer loop
      vertex -1.55291 -5.79555 200
      vertex -8 -14 200
      vertex -2.2961 -5.54328 200
    endloop
  endfacet
  facet normal -0 0 -1
    outer loop
      vertex -2.2961 -5.54328 200
      vertex -8 -14 200
      vertex -3 -5.19615 200
    endloop
  endfacet
  facet normal -0 0 -1
    outer loop
      vertex -5.94867 -0.783156 200
      vertex -8 -14 200
      vertex -6 0 200
    endloop
  endfacet
  facet normal -0 0 -1
    outer loop
      vertex -5.79555 -1.55291 200
      vertex -8 -14 200
      vertex -5.94867 -0.783156 200
    endloop
  endfacet
  facet normal -0 0 -1
    outer loop
      vertex -5.54328 -2.2961 200
      vertex -8 -14 200
      vertex -5.79555 -1.55291 200
    endloop
  endfacet
  facet normal -0 0 -1
    outer loop
      vertex -5.19615 -3 200
      vertex -8 -14 200
      vertex -5.54328 -2.2961 200
    endloop
  endfacet
  facet normal -0 0 -1
    outer loop
      vertex -4.76012 -3.65257 200
      vertex -8 -14 200
      vertex -5.19615 -3 200
    endloop
  endfacet
  facet normal -0 0 -1
    outer loop
      vertex -4.24264 -4.24264 200
      vertex -8 -14 200
      vertex -4.76012 -3.65257 200
    endloop
  endfacet
  facet normal -0 0 -1
    outer loop
      vertex -3.65257 -4.76012 200
      vertex -8 -14 200
      vertex -4.24264 -4.24264 200
    endloop
  endfacet
  facet normal -0 0 -1
    outer loop
      vertex -3 -5.19615 200
      vertex -8 -14 200
      vertex -3.65257 -4.76012 200
    endloop
  endfacet
  facet normal 0 0 -1
    outer loop
      vertex 5.94867 0.783156 200
      vertex 8 14 200
      vertex 6 0 200
    endloop
  endfacet
  facet normal 0 0 -1
    outer loop
      vertex 5.79555 1.55291 200
      vertex 8 14 200
      vertex 5.94867 0.783156 200
    endloop
  endfacet
  facet normal 0 0 -1
    outer loop
      vertex 5.54328 2.2961 200
      vertex 8 14 200
      vertex 5.79555 1.55291 200
    endloop
  endfacet
  facet normal 0 0 -1
    outer loop
      vertex 5.19615 3 200
      vertex 8 14 200
      vertex 5.54328 2.2961 200
    endloop
  endfacet
  facet normal 0 0 -1
    outer loop
      vertex 4.76012 3.65257 200
      vertex 8 14 200
      vertex 5.19615 3 200
    endloop
  endfacet
  facet normal 0 0 -1
    outer loop
      vertex 4.24264 4.24264 200
      vertex 8 14 200
      vertex 4.76012 3.65257 200
    endloop
  endfacet
  facet normal 0 0 -1
    outer loop
      vertex 3.65257 4.76012 200
      vertex 8 14 200
      vertex 4.24264 4.24264 200
    endloop
  endfacet
  facet normal 0 0 -1
    outer loop
      vertex 3 5.19615 200
      vertex 8 14 200
      vertex 3.65257 4.76012 200
    endloop
  endfacet
  facet normal 0 0 -1
    outer loop
      vertex 2.2961 5.54328 200
      vertex 8 14 200
      vertex 3 5.19615 200
    endloop
  endfacet
  facet normal 0 0 -1
    outer loop
      vertex 1.55291 5.79555 200
      vertex 8 14 200
      vertex 2.2961 5.54328 200
    endloop
  endfacet
  facet normal 0 0 -1
    outer loop
      vertex 0.783156 5.94867 200
      vertex 8 14 200
      vertex 1.55291 5.79555 200
    endloop
  endfacet
  facet normal 0 0 -1
    outer loop
      vertex 0 6 200
      vertex 8 14 200
      vertex 0.783156 5.94867 200
    endloop
  endfacet
  facet normal 0 0 -1
    outer loop
      vertex -8 14 200
      vertex 0 6 200
      vertex -0.783156 5.94867 200
    endloop
  endfacet
  facet normal 0 0 -1
    outer loop
      vertex -8 14 200
      vertex -0.783156 5.94867 200
      vertex -1.55291 5.79555 200
    endloop
  endfacet
  facet normal 0 0 -1
    outer loop
      vertex -8 14 200
      vertex -1.55291 5.79555 200
      vertex -2.2961 5.54328 200
    endloop
  endfacet
  facet normal 0 0 -1
    outer loop
      vertex -8 14 200
      vertex -2.2961 5.54328 200
      vertex -3 5.19615 200
    endloop
  endfacet
  facet normal 0 0 -1
    outer loop
      vertex -8 14 200
      vertex -3 5.19615 200
      vertex -3.65257 4.76012 200
    endloop
  endfacet
  facet normal 0 0 -1
    outer loop
      vertex -8 14 200
      vertex -6 0 200
      vertex -8 -14 200
    endloop
  endfacet
  facet normal 0 0 -1
    outer loop
      vertex 0 6 200
      vertex -8 14 200
      vertex 8 14 200
    endloop
  endfacet
  facet normal 0 0 -1
    outer loop
      vertex -4.24264 4.24264 200
      vertex -8 14 200
      vertex -3.65257 4.76012 200
    endloop
  endfacet
  facet normal 0 0 -1
    outer loop
      vertex -4.76012 3.65257 200
      vertex -8 14 200
      vertex -4.24264 4.24264 200
    endloop
  endfacet
  facet normal 0 0 -1
    outer loop
      vertex -5.19615 3 200
      vertex -8 14 200
      vertex -4.76012 3.65257 200
    endloop
  endfacet
  facet normal 0 0 -1
    outer loop
      vertex -5.54328 2.2961 200
      vertex -8 14 200
      vertex -5.19615 3 200
    endloop
  endfacet
  facet normal 0 0 -1
    outer loop
      vertex -5.79555 1.55291 200
      vertex -8 14 200
      vertex -5.54328 2.2961 200
    endloop
  endfacet
  facet normal 0 0 -1
    outer loop
      vertex -5.94867 0.783156 200
      vertex -8 14 200
      vertex -5.79555 1.55291 200
    endloop
  endfacet
  facet normal 0 0 -1
    outer loop
      vertex -6 0 200
      vertex -8 14 200
      vertex -5.94867 0.783156 200
    endloop
  endfacet
  facet normal -0.980345 -0.195011 0.0299221
    outer loop
      vertex -11.005 -1.44884 30
      vertex -5.79555 -1.55291 200
      vertex -5.94867 -0.783156 200
    endloop
  endfacet
  facet normal -0.980354 -0.194962 0.0299224
    outer loop
      vertex -5.79555 -1.55291 200
      vertex -11.005 -1.44884 30
      vertex -10.7218 -2.87289 30
    endloop
  endfacet
  facet normal -0.0654017 -0.99741 0.0299223
    outer loop
      vertex 0 -6 200
      vertex -1.33137 -11.0127 30
      vertex 0 -11.1 30
    endloop
  endfacet
  facet normal 0.555318 -0.8311 0.0299224
    outer loop
      vertex 6.65937 -8.87163 30
      vertex 3 -5.19615 200
      vertex 5.55 -9.61288 30
    endloop
  endfacet
  facet normal 0.997412 0.065379 0.0299221
    outer loop
      vertex 5.94867 0.783156 200
      vertex 11.0127 1.33137 30
      vertex 11.005 1.44884 30
    endloop
  endfacet
  facet normal 0.997412 0.0653729 0.0299221
    outer loop
      vertex 11.0127 1.33137 30
      vertex 5.94867 0.783156 200
      vertex 6 0 200
    endloop
  endfacet
  facet normal -0.442116 -0.896459 0.0299224
    outer loop
      vertex -5.44442 -9.66495 30
      vertex -3 -5.19615 200
      vertex -5.55 -9.61288 30
    endloop
  endfacet
  facet normal -0.442096 -0.896469 0.0299224
    outer loop
      vertex -3 -5.19615 200
      vertex -5.44442 -9.66495 30
      vertex -2.2961 -5.54328 200
    endloop
  endfacet
  facet normal -0.442113 0.89646 0.0299225
    outer loop
      vertex -4.24779 10.2551 30
      vertex -5.44442 9.66495 30
      vertex -2.2961 5.54328 200
    endloop
  endfacet
  facet normal -0.195011 0.980345 0.0299221
    outer loop
      vertex -1.44884 11.005 30
      vertex -1.55291 5.79555 200
      vertex -0.783156 5.94867 200
    endloop
  endfacet
  facet normal -0.194962 0.980354 0.0299224
    outer loop
      vertex -1.55291 5.79555 200
      vertex -1.44884 11.005 30
      vertex -2.87289 10.7218 30
    endloop
  endfacet
  facet normal -0.555319 0.831099 0.0299224
    outer loop
      vertex -6.65937 8.87163 30
      vertex -3.65257 4.76012 200
      vertex -3 5.19615 200
    endloop
  endfacet
  facet normal -0.555372 0.831063 0.0299225
    outer loop
      vertex -3.65257 4.76012 200
      vertex -6.65937 8.87163 30
      vertex -6.75725 8.80622 30
    endloop
  endfacet
  facet normal -0.831099 -0.555319 0.0299224
    outer loop
      vertex -8.87163 -6.65937 30
      vertex -4.76012 -3.65257 200
      vertex -5.19615 -3 200
    endloop
  endfacet
  facet normal -0.831063 -0.555372 0.0299225
    outer loop
      vertex -4.76012 -3.65257 200
      vertex -8.87163 -6.65937 30
      vertex -8.80622 -6.75725 30
    endloop
  endfacet
  facet normal 0 -0.640184 0.768221
    outer loop
      vertex 0 -8 223
      vertex 0 -14 218
      vertex 8 -14 218
    endloop
  endfacet
  facet normal 0 -0.640184 0.768221
    outer loop
      vertex 0 -14 218
      vertex 0 -8 223
      vertex -8 -14 218
    endloop
  endfacet
  facet normal 0.291763 0.436658 0.851002
    outer loop
      vertex 8 14 218
      vertex 4 6.9282 223
      vertex 4.87009 6.34683 223
    endloop
  endfacet
  facet normal 0 1 -0
    outer loop
      vertex 8 14 200
      vertex -8 14 218
      vertex 8 14 218
    endloop
  endfacet
  facet normal 0 1 0
    outer loop
      vertex -8 14 218
      vertex 8 14 200
      vertex -8 14 200
    endloop
  endfacet
  facet normal 1 0 0
    outer loop
      vertex 8 0 223
      vertex 8 14 200
      vertex 8 14 218
    endloop
  endfacet
  facet normal 1 0 0
    outer loop
      vertex 8 -14 217.323
      vertex 8 0 223
      vertex 8 -14 218
    endloop
  endfacet
  facet normal 1 0 0
    outer loop
      vertex 8 -14 202.677
      vertex 8 0 223
      vertex 8 -14 217.323
    endloop
  endfacet
  facet normal 1 0 0
    outer loop
      vertex 8 0 223
      vertex 8 -14 202.677
      vertex 8 14 200
    endloop
  endfacet
  facet normal 1 0 0
    outer loop
      vertex 8 14 200
      vertex 8 -14 202.677
      vertex 8 -14 200
    endloop
  endfacet
  facet normal 0 0.640184 0.768221
    outer loop
      vertex 8 14 218
      vertex -8 14 218
      vertex 0 8 223
    endloop
  endfacet
  facet normal 0.981537 -0.0643322 0.18013
    outer loop
      vertex 8 0 223
      vertex 7.93156 -1.04421 223
      vertex 8 -14 218
    endloop
  endfacet
  facet normal -0.6103 0.300972 0.732768
    outer loop
      vertex -6.9282 4 223
      vertex -8 14 218
      vertex -7.39104 3.06147 223
    endloop
  endfacet
  facet normal 0.732755 0.248735 0.633404
    outer loop
      vertex 8 14 218
      vertex 7.39104 3.06147 223
      vertex 7.72741 2.07055 223
    endloop
  endfacet
  facet normal 0.35526 -0.405091 0.842432
    outer loop
      vertex 5.65685 -5.65685 223
      vertex 4.87009 -6.34683 223
      vertex 8 -14 218
    endloop
  endfacet
  facet normal -0.87055 -0.173162 0.460606
    outer loop
      vertex -7.93156 -1.04421 223
      vertex -8 -14 218
      vertex -7.72741 -2.07055 223
    endloop
  endfacet
  facet normal 0.426334 0.37389 0.823678
    outer loop
      vertex 8 14 218
      vertex 5.65685 5.65685 223
      vertex 6.34683 4.87009 223
    endloop
  endfacet
  facet normal -1 0 0
    outer loop
      vertex -8 14 200
      vertex -8 0 223
      vertex -8 14 218
    endloop
  endfacet
  facet normal -1 0 0
    outer loop
      vertex -8 -14 202.677
      vertex -8 14 200
      vertex -8 -14 200
    endloop
  endfacet
  facet normal -1 0 0
    outer loop
      vertex -8 14 200
      vertex -8 -14 202.677
      vertex -8 0 223
    endloop
  endfacet
  facet normal -1 0 0
    outer loop
      vertex -8 -14 217.323
      vertex -8 0 223
      vertex -8 -14 202.677
    endloop
  endfacet
  facet normal -1 0 0
    outer loop
      vertex -8 0 223
      vertex -8 -14 217.323
      vertex -8 -14 218
    endloop
  endfacet
  facet normal 0.6103 -0.300972 0.732768
    outer loop
      vertex 7.39104 -3.06147 223
      vertex 6.9282 -4 223
      vertex 8 -14 218
    endloop
  endfacet
  facet normal 0.172752 -0.508913 0.843305
    outer loop
      vertex 3.06147 -7.39104 223
      vertex 2.07055 -7.72741 223
      vertex 8 -14 218
    endloop
  endfacet
  facet normal -0.981537 -0.0643322 0.18013
    outer loop
      vertex -8 0 223
      vertex -8 -14 218
      vertex -7.93156 -1.04421 223
    endloop
  endfacet
  facet normal -0.35526 -0.405091 0.842432
    outer loop
      vertex -5.65685 -5.65685 223
      vertex -8 -14 218
      vertex -4.87009 -6.34683 223
    endloop
  endfacet
  facet normal 0.172752 0.508913 0.843305
    outer loop
      vertex 8 14 218
      vertex 2.07055 7.72741 223
      vertex 3.06147 7.39104 223
    endloop
  endfacet
  facet normal 0.509572 0.340482 0.790195
    outer loop
      vertex 8 14 218
      vertex 6.34683 4.87009 223
      vertex 6.9282 4 223
    endloop
  endfacet
  facet normal 0.6103 0.300972 0.732768
    outer loop
      vertex 8 14 218
      vertex 6.9282 4 223
      vertex 7.39104 3.06147 223
    endloop
  endfacet
  facet normal -0.426334 0.37389 0.823678
    outer loop
      vertex -5.65685 5.65685 223
      vertex -8 14 218
      vertex -6.34683 4.87009 223
    endloop
  endfacet
  facet normal -0.732755 0.248735 0.633404
    outer loop
      vertex -7.39104 3.06147 223
      vertex -8 14 218
      vertex -7.72741 2.07055 223
    endloop
  endfacet
  facet normal 0.732755 -0.248735 0.633404
    outer loop
      vertex 7.72741 -2.07055 223
      vertex 7.39104 -3.06147 223
      vertex 8 -14 218
    endloop
  endfacet
  facet normal 0.509572 -0.340482 0.790195
    outer loop
      vertex 6.9282 -4 223
      vertex 6.34683 -4.87009 223
      vertex 8 -14 218
    endloop
  endfacet
  facet normal 0.981537 0.0643322 0.18013
    outer loop
      vertex 8 14 218
      vertex 7.93156 1.04421 223
      vertex 8 0 223
    endloop
  endfacet
  facet normal 0.232082 -0.470607 0.851274
    outer loop
      vertex 4 -6.9282 223
      vertex 3.06147 -7.39104 223
      vertex 8 -14 218
    endloop
  endfacet
  facet normal 0.110152 -0.553775 0.825348
    outer loop
      vertex 2.07055 -7.72741 223
      vertex 1.04421 -7.93156 223
      vertex 8 -14 218
    endloop
  endfacet
  facet normal 0.232082 0.470607 0.851274
    outer loop
      vertex 8 14 218
      vertex 3.06147 7.39104 223
      vertex 4 6.9282 223
    endloop
  endfacet
  facet normal -0.172752 0.508913 0.843305
    outer loop
      vertex -2.07055 7.72741 223
      vertex -8 14 218
      vertex -3.06147 7.39104 223
    endloop
  endfacet
  facet normal -0.291763 -0.436658 0.851002
    outer loop
      vertex -4.87009 -6.34683 223
      vertex -8 -14 218
      vertex -4 -6.9282 223
    endloop
  endfacet
  facet normal 0.110152 0.553775 0.825348
    outer loop
      vertex 8 14 218
      vertex 1.04421 7.93156 223
      vertex 2.07055 7.72741 223
    endloop
  endfacet
  facet normal -0.6103 -0.300972 0.732768
    outer loop
      vertex -7.39104 -3.06147 223
      vertex -8 -14 218
      vertex -6.9282 -4 223
    endloop
  endfacet
  facet normal -0.291763 0.436658 0.851002
    outer loop
      vertex -4 6.9282 223
      vertex -8 14 218
      vertex -4.87009 6.34683 223
    endloop
  endfacet
  facet normal 0.35526 0.405091 0.842432
    outer loop
      vertex 8 14 218
      vertex 4.87009 6.34683 223
      vertex 5.65685 5.65685 223
    endloop
  endfacet
  facet normal 0.87055 0.173162 0.460606
    outer loop
      vertex 8 14 218
      vertex 7.72741 2.07055 223
      vertex 7.93156 1.04421 223
    endloop
  endfacet
  facet normal 0.87055 -0.173162 0.460606
    outer loop
      vertex 7.93156 -1.04421 223
      vertex 7.72741 -2.07055 223
      vertex 8 -14 218
    endloop
  endfacet
  facet normal 0.426334 -0.37389 0.823678
    outer loop
      vertex 6.34683 -4.87009 223
      vertex 5.65685 -5.65685 223
      vertex 8 -14 218
    endloop
  endfacet
  facet normal 0.291763 -0.436658 0.851002
    outer loop
      vertex 4.87009 -6.34683 223
      vertex 4 -6.9282 223
      vertex 8 -14 218
    endloop
  endfacet
  facet normal 0.0398364 -0.607796 0.793093
    outer loop
      vertex 1.04421 -7.93156 223
      vertex 0 -8 223
      vertex 8 -14 218
    endloop
  endfacet
  facet normal -0.232082 0.470607 0.851274
    outer loop
      vertex -3.06147 7.39104 223
      vertex -8 14 218
      vertex -4 6.9282 223
    endloop
  endfacet
  facet normal 0.0398364 0.607796 0.793093
    outer loop
      vertex 8 14 218
      vertex 0 8 223
      vertex 1.04421 7.93156 223
    endloop
  endfacet
  facet normal -0.0398364 0.607796 0.793093
    outer loop
      vertex 0 8 223
      vertex -8 14 218
      vertex -1.04421 7.93156 223
    endloop
  endfacet
  facet normal -0.732755 -0.248735 0.633404
    outer loop
      vertex -7.72741 -2.07055 223
      vertex -8 -14 218
      vertex -7.39104 -3.06147 223
    endloop
  endfacet
  facet normal -0.509572 0.340482 0.790195
    outer loop
      vertex -6.34683 4.87009 223
      vertex -8 14 218
      vertex -6.9282 4 223
    endloop
  endfacet
  facet normal -0.35526 0.405091 0.842432
    outer loop
      vertex -4.87009 6.34683 223
      vertex -8 14 218
      vertex -5.65685 5.65685 223
    endloop
  endfacet
  facet normal -0.110152 0.553775 0.825348
    outer loop
      vertex -1.04421 7.93156 223
      vertex -8 14 218
      vertex -2.07055 7.72741 223
    endloop
  endfacet
  facet normal -0.981537 0.0643322 0.18013
    outer loop
      vertex -8 14 218
      vertex -8 0 223
      vertex -7.93156 1.04421 223
    endloop
  endfacet
  facet normal -0.87055 0.173162 0.460606
    outer loop
      vertex -7.72741 2.07055 223
      vertex -8 14 218
      vertex -7.93156 1.04421 223
    endloop
  endfacet
  facet normal -0.232082 -0.470607 0.851274
    outer loop
      vertex -4 -6.9282 223
      vertex -8 -14 218
      vertex -3.06147 -7.39104 223
    endloop
  endfacet
  facet normal -0.172752 -0.508913 0.843305
    outer loop
      vertex -3.06147 -7.39104 223
      vertex -8 -14 218
      vertex -2.07055 -7.72741 223
    endloop
  endfacet
  facet normal -0.509572 -0.340482 0.790195
    outer loop
      vertex -6.9282 -4 223
      vertex -8 -14 218
      vertex -6.34683 -4.87009 223
    endloop
  endfacet
  facet normal -0.426334 -0.37389 0.823678
    outer loop
      vertex -6.34683 -4.87009 223
      vertex -8 -14 218
      vertex -5.65685 -5.65685 223
    endloop
  endfacet
  facet normal 0 0 1
    outer loop
      vertex 7.93156 1.04421 223
      vertex 7.93156 -1.04421 223
      vertex 8 0 223
    endloop
  endfacet
  facet normal 0 0 1
    outer loop
      vertex 7.72741 2.07055 223
      vertex 7.93156 -1.04421 223
      vertex 7.93156 1.04421 223
    endloop
  endfacet
  facet normal 0 0 1
    outer loop
      vertex 7.72741 2.07055 223
      vertex 7.72741 -2.07055 223
      vertex 7.93156 -1.04421 223
    endloop
  endfacet
  facet normal 0 0 1
    outer loop
      vertex 7.39104 3.06147 223
      vertex 7.72741 -2.07055 223
      vertex 7.72741 2.07055 223
    endloop
  endfacet
  facet normal 0 0 1
    outer loop
      vertex 7.39104 3.06147 223
      vertex 7.39104 -3.06147 223
      vertex 7.72741 -2.07055 223
    endloop
  endfacet
  facet normal 0 0 1
    outer loop
      vertex 6.9282 4 223
      vertex 7.39104 -3.06147 223
      vertex 7.39104 3.06147 223
    endloop
  endfacet
  facet normal 0 0 1
    outer loop
      vertex 6.9282 4 223
      vertex 6.9282 -4 223
      vertex 7.39104 -3.06147 223
    endloop
  endfacet
  facet normal 0 0 1
    outer loop
      vertex 6.34683 4.87009 223
      vertex 6.9282 -4 223
      vertex 6.9282 4 223
    endloop
  endfacet
  facet normal 0 0 1
    outer loop
      vertex 6.34683 4.87009 223
      vertex 6.34683 -4.87009 223
      vertex 6.9282 -4 223
    endloop
  endfacet
  facet normal 0 0 1
    outer loop
      vertex 5.65685 5.65685 223
      vertex 6.34683 -4.87009 223
      vertex 6.34683 4.87009 223
    endloop
  endfacet
  facet normal 0 0 1
    outer loop
      vertex 5.65685 5.65685 223
      vertex 5.65685 -5.65685 223
      vertex 6.34683 -4.87009 223
    endloop
  endfacet
  facet normal 0 0 1
    outer loop
      vertex 4.87009 6.34683 223
      vertex 5.65685 -5.65685 223
      vertex 5.65685 5.65685 223
    endloop
  endfacet
  facet normal 0 0 1
    outer loop
      vertex 4.87009 6.34683 223
      vertex 4.87009 -6.34683 223
      vertex 5.65685 -5.65685 223
    endloop
  endfacet
  facet normal 0 0 1
    outer loop
      vertex 4 6.9282 223
      vertex 4.87009 -6.34683 223
      vertex 4.87009 6.34683 223
    endloop
  endfacet
  facet normal 0 0 1
    outer loop
      vertex 4 6.9282 223
      vertex 4 -6.9282 223
      vertex 4.87009 -6.34683 223
    endloop
  endfacet
  facet normal 0 0 1
    outer loop
      vertex 3.06147 7.39104 223
      vertex 4 -6.9282 223
      vertex 4 6.9282 223
    endloop
  endfacet
  facet normal 0 0 1
    outer loop
      vertex 3.06147 7.39104 223
      vertex 3.06147 -7.39104 223
      vertex 4 -6.9282 223
    endloop
  endfacet
  facet normal 0 0 1
    outer loop
      vertex 2.07055 7.72741 223
      vertex 3.06147 -7.39104 223
      vertex 3.06147 7.39104 223
    endloop
  endfacet
  facet normal 0 0 1
    outer loop
      vertex 2.07055 7.72741 223
      vertex 2.07055 -7.72741 223
      vertex 3.06147 -7.39104 223
    endloop
  endfacet
  facet normal 0 0 1
    outer loop
      vertex 1.04421 7.93156 223
      vertex 2.07055 -7.72741 223
      vertex 2.07055 7.72741 223
    endloop
  endfacet
  facet normal 0 0 1
    outer loop
      vertex 1.04421 7.93156 223
      vertex 1.04421 -7.93156 223
      vertex 2.07055 -7.72741 223
    endloop
  endfacet
  facet normal 0 0 1
    outer loop
      vertex 0 8 223
      vertex 1.04421 -7.93156 223
      vertex 1.04421 7.93156 223
    endloop
  endfacet
  facet normal 0 0 1
    outer loop
      vertex 0 8 223
      vertex 0 -8 223
      vertex 1.04421 -7.93156 223
    endloop
  endfacet
  facet normal -0 0 1
    outer loop
      vertex -1.04421 7.93156 223
      vertex 0 -8 223
      vertex 0 8 223
    endloop
  endfacet
  facet normal 0 0 1
    outer loop
      vertex -1.04421 7.93156 223
      vertex -1.04421 -7.93156 223
      vertex 0 -8 223
    endloop
  endfacet
  facet normal -0 0 1
    outer loop
      vertex -2.07055 7.72741 223
      vertex -1.04421 -7.93156 223
      vertex -1.04421 7.93156 223
    endloop
  endfacet
  facet normal 0 0 1
    outer loop
      vertex -2.07055 7.72741 223
      vertex -2.07055 -7.72741 223
      vertex -1.04421 -7.93156 223
    endloop
  endfacet
  facet normal -0 0 1
    outer loop
      vertex -3.06147 7.39104 223
      vertex -2.07055 -7.72741 223
      vertex -2.07055 7.72741 223
    endloop
  endfacet
  facet normal 0 0 1
    outer loop
      vertex -3.06147 7.39104 223
      vertex -3.06147 -7.39104 223
      vertex -2.07055 -7.72741 223
    endloop
  endfacet
  facet normal -0 0 1
    outer loop
      vertex -4 6.9282 223
      vertex -3.06147 -7.39104 223
      vertex -3.06147 7.39104 223
    endloop
  endfacet
  facet normal 0 0 1
    outer loop
      vertex -4 6.9282 223
      vertex -4 -6.9282 223
      vertex -3.06147 -7.39104 223
    endloop
  endfacet
  facet normal -0 0 1
    outer loop
      vertex -4.87009 6.34683 223
      vertex -4 -6.9282 223
      vertex -4 6.9282 223
    endloop
  endfacet
  facet normal 0 0 1
    outer loop
      vertex -4.87009 6.34683 223
      vertex -4.87009 -6.34683 223
      vertex -4 -6.9282 223
    endloop
  endfacet
  facet normal -0 0 1
    outer loop
      vertex -5.65685 5.65685 223
      vertex -4.87009 -6.34683 223
      vertex -4.87009 6.34683 223
    endloop
  endfacet
  facet normal 0 0 1
    outer loop
      vertex -5.65685 5.65685 223
      vertex -5.65685 -5.65685 223
      vertex -4.87009 -6.34683 223
    endloop
  endfacet
  facet normal -0 0 1
    outer loop
      vertex -6.34683 4.87009 223
      vertex -5.65685 -5.65685 223
      vertex -5.65685 5.65685 223
    endloop
  endfacet
  facet normal 0 0 1
    outer loop
      vertex -6.34683 4.87009 223
      vertex -6.34683 -4.87009 223
      vertex -5.65685 -5.65685 223
    endloop
  endfacet
  facet normal -0 0 1
    outer loop
      vertex -6.9282 4 223
      vertex -6.34683 -4.87009 223
      vertex -6.34683 4.87009 223
    endloop
  endfacet
  facet normal 0 0 1
    outer loop
      vertex -6.9282 4 223
      vertex -6.9282 -4 223
      vertex -6.34683 -4.87009 223
    endloop
  endfacet
  facet normal -0 0 1
    outer loop
      vertex -7.39104 3.06147 223
      vertex -6.9282 -4 223
      vertex -6.9282 4 223
    endloop
  endfacet
  facet normal 0 0 1
    outer loop
      vertex -7.39104 3.06147 223
      vertex -7.39104 -3.06147 223
      vertex -6.9282 -4 223
    endloop
  endfacet
  facet normal -0 0 1
    outer loop
      vertex -7.72741 2.07055 223
      vertex -7.39104 -3.06147 223
      vertex -7.39104 3.06147 223
    endloop
  endfacet
  facet normal 0 0 1
    outer loop
      vertex -7.72741 2.07055 223
      vertex -7.72741 -2.07055 223
      vertex -7.39104 -3.06147 223
    endloop
  endfacet
  facet normal -0 0 1
    outer loop
      vertex -7.93156 1.04421 223
      vertex -7.72741 -2.07055 223
      vertex -7.72741 2.07055 223
    endloop
  endfacet
  facet normal 0 0 1
    outer loop
      vertex -7.93156 1.04421 223
      vertex -7.93156 -1.04421 223
      vertex -7.72741 -2.07055 223
    endloop
  endfacet
  facet normal 0 -0 1
    outer loop
      vertex -7.93156 -1.04421 223
      vertex -7.93156 1.04421 223
      vertex -8 0 223
    endloop
  endfacet
  facet normal -0.110152 -0.553775 0.825348
    outer loop
      vertex -2.07055 -7.72741 223
      vertex -8 -14 218
      vertex -1.04421 -7.93156 223
    endloop
  endfacet
  facet normal -0.0398364 -0.607796 0.793093
    outer loop
      vertex -1.04421 -7.93156 223
      vertex -8 -14 218
      vertex 0 -8 223
    endloop
  endfacet
  facet normal -0.19587 0 0.98063
    outer loop
      vertex -2.07055 -18.0757 217.727
      vertex -1.04421 -24 217.932
      vertex -1.04421 -14.7667 217.932
    endloop
  endfacet
  facet normal -0.19587 0 0.98063
    outer loop
      vertex -1.04421 -24 217.932
      vertex -2.07055 -18.0757 217.727
      vertex -2.07055 -24 217.727
    endloop
  endfacet
  facet normal -0.0649834 0 0.997886
    outer loop
      vertex -1.04421 -14.7667 217.932
      vertex 0 -24 218
      vertex 0 -14 218
    endloop
  endfacet
  facet normal -0.0649834 0 0.997886
    outer loop
      vertex 0 -24 218
      vertex -1.04421 -14.7667 217.932
      vertex -1.04421 -24 217.932
    endloop
  endfacet
  facet normal 0.0649834 -0 0.997886
    outer loop
      vertex 0 -24 218
      vertex 1.04421 -14.8106 217.932
      vertex 0 -14 218
    endloop
  endfacet
  facet normal 0.0649834 0 0.997886
    outer loop
      vertex 1.04421 -14.8106 217.932
      vertex 0 -24 218
      vertex 1.04421 -24 217.932
    endloop
  endfacet
  facet normal 0.321584 -0 0.946881
    outer loop
      vertex 2.07055 -24 217.727
      vertex 2.40327 -20.3664 217.614
      vertex 2.07055 -18.3092 217.727
    endloop
  endfacet
  facet normal 0.320687 0.000205383 0.947185
    outer loop
      vertex 2.6245 -21.9243 217.539
      vertex 2.07055 -24 217.727
      vertex 3.01866 -24 217.406
    endloop
  endfacet
  facet normal 0.321269 3.22227e-05 0.946988
    outer loop
      vertex 2.40327 -20.3664 217.614
      vertex 2.07055 -24 217.727
      vertex 2.6245 -21.9243 217.539
    endloop
  endfacet
  facet normal 0.442146 0 -0.896943
    outer loop
      vertex 3.33939 -24 202.746
      vertex 3.06147 -24 202.609
      vertex 3.06147 -22.1448 202.609
    endloop
  endfacet
  facet normal -0.321584 0 -0.946881
    outer loop
      vertex -2.07055 -24 202.273
      vertex -2.40327 -20.3664 202.386
      vertex -2.07055 -18.3092 202.273
    endloop
  endfacet
  facet normal -0.321269 3.22227e-05 -0.946988
    outer loop
      vertex -2.07055 -24 202.273
      vertex -2.6245 -21.9243 202.461
      vertex -2.40327 -20.3664 202.386
    endloop
  endfacet
  facet normal -0.320687 0.000205383 -0.947185
    outer loop
      vertex -2.6245 -21.9243 202.461
      vertex -2.07055 -24 202.273
      vertex -3.01866 -24 202.594
    endloop
  endfacet
  facet normal -0.0649834 -0 -0.997886
    outer loop
      vertex -1.04421 -14.8106 202.068
      vertex 0 -24 202
      vertex -1.04421 -24 202.068
    endloop
  endfacet
  facet normal -0.0649834 0 -0.997886
    outer loop
      vertex 0 -24 202
      vertex -1.04421 -14.8106 202.068
      vertex 0 -14 202
    endloop
  endfacet
  facet normal 0.321121 0 -0.947038
    outer loop
      vertex 2.07055 -24 202.273
      vertex 3.06147 -22.1448 202.609
      vertex 3.06147 -24 202.609
    endloop
  endfacet
  facet normal 0.320862 0.000153744 -0.947126
    outer loop
      vertex 3.06147 -22.1448 202.609
      vertex 2.07055 -24 202.273
      vertex 2.74499 -20.8173 202.502
    endloop
  endfacet
  facet normal 0.322088 -0.00013589 -0.94671
    outer loop
      vertex 2.74499 -20.8173 202.502
      vertex 2.07055 -24 202.273
      vertex 2.52183 -20.2817 202.426
    endloop
  endfacet
  facet normal 0.321368 -3.84477e-05 -0.946954
    outer loop
      vertex 2.52183 -20.2817 202.426
      vertex 2.07055 -24 202.273
      vertex 2.33627 -19.6297 202.363
    endloop
  endfacet
  facet normal 0.320801 0 -0.947147
    outer loop
      vertex 2.33627 -19.6297 202.363
      vertex 2.07055 -24 202.273
      vertex 2.07055 -18.0757 202.273
    endloop
  endfacet
  facet normal -0.442146 0 0.896943
    outer loop
      vertex -3.06147 -22.1448 217.391
      vertex -3.33939 -24 217.254
      vertex -3.06147 -24 217.391
    endloop
  endfacet
  facet normal 0.19587 0 -0.98063
    outer loop
      vertex 1.04421 -24 202.068
      vertex 2.07055 -18.0757 202.273
      vertex 2.07055 -24 202.273
    endloop
  endfacet
  facet normal 0.19587 0 -0.98063
    outer loop
      vertex 2.07055 -18.0757 202.273
      vertex 1.04421 -24 202.068
      vertex 1.04421 -14.7667 202.068
    endloop
  endfacet
  facet normal 0.0649834 0 -0.997886
    outer loop
      vertex 0 -24 202
      vertex 1.04421 -14.7667 202.068
      vertex 1.04421 -24 202.068
    endloop
  endfacet
  facet normal 0.0649834 0 -0.997886
    outer loop
      vertex 1.04421 -14.7667 202.068
      vertex 0 -24 202
      vertex 0 -14 202
    endloop
  endfacet
  facet normal 0.19587 -0 0.98063
    outer loop
      vertex 1.04421 -24 217.932
      vertex 2.07055 -18.3092 217.727
      vertex 1.04421 -14.8106 217.932
    endloop
  endfacet
  facet normal 0.19587 0 0.98063
    outer loop
      vertex 2.07055 -18.3092 217.727
      vertex 1.04421 -24 217.932
      vertex 2.07055 -24 217.727
    endloop
  endfacet
  facet normal -0.320801 0 0.947147
    outer loop
      vertex -2.33627 -19.6297 217.637
      vertex -2.07055 -24 217.727
      vertex -2.07055 -18.0757 217.727
    endloop
  endfacet
  facet normal -0.321368 -3.84477e-05 0.946954
    outer loop
      vertex -2.52183 -20.2817 217.574
      vertex -2.07055 -24 217.727
      vertex -2.33627 -19.6297 217.637
    endloop
  endfacet
  facet normal -0.322088 -0.00013589 0.94671
    outer loop
      vertex -2.74499 -20.8173 217.498
      vertex -2.07055 -24 217.727
      vertex -2.52183 -20.2817 217.574
    endloop
  endfacet
  facet normal -0.320862 0.000153744 0.947126
    outer loop
      vertex -3.06147 -22.1448 217.391
      vertex -2.07055 -24 217.727
      vertex -2.74499 -20.8173 217.498
    endloop
  endfacet
  facet normal -0.321121 0 0.947038
    outer loop
      vertex -2.07055 -24 217.727
      vertex -3.06147 -22.1448 217.391
      vertex -3.06147 -24 217.391
    endloop
  endfacet
  facet normal -0.19587 -0 -0.98063
    outer loop
      vertex -2.07055 -18.3092 202.273
      vertex -1.04421 -24 202.068
      vertex -2.07055 -24 202.273
    endloop
  endfacet
  facet normal -0.19587 0 -0.98063
    outer loop
      vertex -1.04421 -24 202.068
      vertex -2.07055 -18.3092 202.273
      vertex -1.04421 -14.8106 202.068
    endloop
  endfacet
  facet normal 0 -1 0
    outer loop
      vertex 2.07055 -24 217.727
      vertex 2.28498 -24 217.433
      vertex 2.62817 -24 217.437
    endloop
  endfacet
  facet normal 0 -1 0
    outer loop
      vertex -0.0929661 -24 217.462
      vertex 0 -24 218
      vertex -1.04421 -24 217.932
    endloop
  endfacet
  facet normal 0 -1 0
    outer loop
      vertex -2.12337 -24 217.409
      vertex -1.04421 -24 217.932
      vertex -2.07055 -24 217.727
    endloop
  endfacet
  facet normal 0 -1 -0
    outer loop
      vertex 0 -24 218
      vertex -0.0929661 -24 217.462
      vertex 0.254574 -24 217.487
    endloop
  endfacet
  facet normal 0 -1 0
    outer loop
      vertex 2.28498 -24 217.433
      vertex 1.04421 -24 217.932
      vertex 0.254574 -24 217.487
    endloop
  endfacet
  facet normal 0 -1 0
    outer loop
      vertex 0 -24 218
      vertex 0.254574 -24 217.487
      vertex 1.04421 -24 217.932
    endloop
  endfacet
  facet normal 0 -1 -0
    outer loop
      vertex -1.04421 -24 217.932
      vertex -2.12337 -24 217.409
      vertex -0.0929661 -24 217.462
    endloop
  endfacet
  facet normal 0 -1 0
    outer loop
      vertex -2.46932 -24 217.363
      vertex -2.07055 -24 217.727
      vertex -3.06147 -24 217.391
    endloop
  endfacet
  facet normal 0 -1 0
    outer loop
      vertex -2.07055 -24 217.727
      vertex -2.46932 -24 217.363
      vertex -2.12337 -24 217.409
    endloop
  endfacet
  facet normal 0 -1 0
    outer loop
      vertex -3.06147 -24 217.391
      vertex -2.80776 -24 217.296
      vertex -2.46932 -24 217.363
    endloop
  endfacet
  facet normal -0 -1 0
    outer loop
      vertex -2.80776 -24 217.296
      vertex -3.06147 -24 217.391
      vertex -3.33939 -24 217.254
    endloop
  endfacet
  facet normal 0 -1 0
    outer loop
      vertex 1.04421 -24 217.932
      vertex 2.28498 -24 217.433
      vertex 2.07055 -24 217.727
    endloop
  endfacet
  facet normal 0 -1 0
    outer loop
      vertex 2.07055 -24 217.727
      vertex 2.62817 -24 217.437
      vertex 3.01866 -24 217.406
    endloop
  endfacet
  facet normal 0 -1 0
    outer loop
      vertex -1.04421 -24 202.068
      vertex -2.28498 -24 202.567
      vertex -2.07055 -24 202.273
    endloop
  endfacet
  facet normal 0 -1 0
    outer loop
      vertex -2.07055 -24 202.273
      vertex -2.62817 -24 202.563
      vertex -3.01866 -24 202.594
    endloop
  endfacet
  facet normal 0 -1 0
    outer loop
      vertex -2.07055 -24 202.273
      vertex -2.28498 -24 202.567
      vertex -2.62817 -24 202.563
    endloop
  endfacet
  facet normal 0 -1 0
    outer loop
      vertex 3.06147 -24 202.609
      vertex 2.80776 -24 202.704
      vertex 2.46932 -24 202.637
    endloop
  endfacet
  facet normal 0 -1 0
    outer loop
      vertex 2.80776 -24 202.704
      vertex 3.06147 -24 202.609
      vertex 3.33939 -24 202.746
    endloop
  endfacet
  facet normal 0 -1 0
    outer loop
      vertex 2.07055 -24 202.273
      vertex 2.46932 -24 202.637
      vertex 2.12337 -24 202.591
    endloop
  endfacet
  facet normal 0 -1 0
    outer loop
      vertex 1.04421 -24 202.068
      vertex 2.12337 -24 202.591
      vertex 0.0929661 -24 202.538
    endloop
  endfacet
  facet normal 0 -1 0
    outer loop
      vertex 0 -24 202
      vertex 0.0929661 -24 202.538
      vertex -0.254574 -24 202.513
    endloop
  endfacet
  facet normal 0 -1 0
    outer loop
      vertex -2.28498 -24 202.567
      vertex -1.04421 -24 202.068
      vertex -0.254574 -24 202.513
    endloop
  endfacet
  facet normal 0 -1 -0
    outer loop
      vertex 2.46932 -24 202.637
      vertex 2.07055 -24 202.273
      vertex 3.06147 -24 202.609
    endloop
  endfacet
  facet normal 0 -1 0
    outer loop
      vertex 0 -24 202
      vertex -0.254574 -24 202.513
      vertex -1.04421 -24 202.068
    endloop
  endfacet
  facet normal 0 -1 0
    outer loop
      vertex 2.12337 -24 202.591
      vertex 1.04421 -24 202.068
      vertex 2.07055 -24 202.273
    endloop
  endfacet
  facet normal 0 -1 -0
    outer loop
      vertex 0.0929661 -24 202.538
      vertex 0 -24 202
      vertex 1.04421 -24 202.068
    endloop
  endfacet
endsolid OpenSCAD_Model
