solid OpenSCAD_Model
  facet normal 0 0 1
    outer loop
      vertex 27 22 1
      vertex 25 20 1
      vertex 27 -22 1
    endloop
  endfacet
  facet normal 0 0 1
    outer loop
      vertex 27 22 1
      vertex -25 20 1
      vertex 25 20 1
    endloop
  endfacet
  facet normal 0 0 1
    outer loop
      vertex -25 20 1
      vertex -27 22 1
      vertex -25 -20 1
    endloop
  endfacet
  facet normal -0 0 1
    outer loop
      vertex -27 22 1
      vertex -25 20 1
      vertex 27 22 1
    endloop
  endfacet
  facet normal -0 0 1
    outer loop
      vertex 25 -20 1
      vertex 27 -22 1
      vertex 25 20 1
    endloop
  endfacet
  facet normal -0 0 1
    outer loop
      vertex -25 -20 1
      vertex 27 -22 1
      vertex 25 -20 1
    endloop
  endfacet
  facet normal 0 0 1
    outer loop
      vertex -25 -20 1
      vertex -27 -22 1
      vertex 27 -22 1
    endloop
  endfacet
  facet normal 0 0 1
    outer loop
      vertex -27 -22 1
      vertex -25 -20 1
      vertex -27 22 1
    endloop
  endfacet
  facet normal 1 -0 0
    outer loop
      vertex 26 -21 6
      vertex 26 21 5
      vertex 26 21 6
    endloop
  endfacet
  facet normal 1 0 0
    outer loop
      vertex 26 21 5
      vertex 26 -21 6
      vertex 26 -21 5
    endloop
  endfacet
  facet normal 0 0 1
    outer loop
      vertex 26 21 6
      vertex 25 20 6
      vertex 26 -21 6
    endloop
  endfacet
  facet normal 0 0 1
    outer loop
      vertex 26 21 6
      vertex -25 20 6
      vertex 25 20 6
    endloop
  endfacet
  facet normal 0 0 1
    outer loop
      vertex -25 20 6
      vertex -26 21 6
      vertex -25 -20 6
    endloop
  endfacet
  facet normal -0 0 1
    outer loop
      vertex -26 21 6
      vertex -25 20 6
      vertex 26 21 6
    endloop
  endfacet
  facet normal -0 0 1
    outer loop
      vertex 25 -20 6
      vertex 26 -21 6
      vertex 25 20 6
    endloop
  endfacet
  facet normal -0 0 1
    outer loop
      vertex -25 -20 6
      vertex 26 -21 6
      vertex 25 -20 6
    endloop
  endfacet
  facet normal 0 0 1
    outer loop
      vertex -25 -20 6
      vertex -26 -21 6
      vertex 26 -21 6
    endloop
  endfacet
  facet normal 0 0 1
    outer loop
      vertex -26 -21 6
      vertex -25 -20 6
      vertex -26 21 6
    endloop
  endfacet
  facet normal 0 0 -1
    outer loop
      vertex 26 -21 5
      vertex 25 -20 5
      vertex 26 21 5
    endloop
  endfacet
  facet normal 0 0 -1
    outer loop
      vertex 26 -21 5
      vertex -25 -20 5
      vertex 25 -20 5
    endloop
  endfacet
  facet normal -0 0 -1
    outer loop
      vertex -25 -20 5
      vertex -26 -21 5
      vertex -25 20 5
    endloop
  endfacet
  facet normal 0 0 -1
    outer loop
      vertex -26 -21 5
      vertex -25 -20 5
      vertex 26 -21 5
    endloop
  endfacet
  facet normal 0 0 -1
    outer loop
      vertex 25 20 5
      vertex 26 21 5
      vertex 25 -20 5
    endloop
  endfacet
  facet normal 0 0 -1
    outer loop
      vertex -25 20 5
      vertex 26 21 5
      vertex 25 20 5
    endloop
  endfacet
  facet normal 0 0 -1
    outer loop
      vertex -25 20 5
      vertex -26 21 5
      vertex 26 21 5
    endloop
  endfacet
  facet normal 0 0 -1
    outer loop
      vertex -26 21 5
      vertex -25 20 5
      vertex -26 -21 5
    endloop
  endfacet
  facet normal -1 0 0
    outer loop
      vertex -26 -21 5
      vertex -26 21 6
      vertex -26 21 5
    endloop
  endfacet
  facet normal -1 -0 0
    outer loop
      vertex -26 21 6
      vertex -26 -21 5
      vertex -26 -21 6
    endloop
  endfacet
  facet normal 0 1 -0
    outer loop
      vertex 26 21 5
      vertex -26 21 6
      vertex 26 21 6
    endloop
  endfacet
  facet normal 0 1 0
    outer loop
      vertex -26 21 6
      vertex 26 21 5
      vertex -26 21 5
    endloop
  endfacet
  facet normal 0 -1 0
    outer loop
      vertex -26 -21 5
      vertex 26 -21 6
      vertex -26 -21 6
    endloop
  endfacet
  facet normal 0 -1 -0
    outer loop
      vertex 26 -21 6
      vertex -26 -21 5
      vertex 26 -21 5
    endloop
  endfacet
  facet normal 1 0 0
    outer loop
      vertex 26 21 11
      vertex 26 12.5 10
      vertex 26 21 10
    endloop
  endfacet
  facet normal 1 0 0
    outer loop
      vertex 26 21 11
      vertex 26 12.4692 10.3911
      vertex 26 12.5 10
    endloop
  endfacet
  facet normal 1 0 0
    outer loop
      vertex 26 21 11
      vertex 26 12.3776 10.7725
      vertex 26 12.4692 10.3911
    endloop
  endfacet
  facet normal 1 0 -0
    outer loop
      vertex 26 12.3776 10.7725
      vertex 26 21 11
      vertex 26 12.2834 11
    endloop
  endfacet
  facet normal 1 -0 0
    outer loop
      vertex 26 -21 11
      vertex 26 7.62236 10.7725
      vertex 26 7.71657 11
    endloop
  endfacet
  facet normal 1 0 0
    outer loop
      vertex 26 -21 11
      vertex 26 7.53078 10.3911
      vertex 26 7.62236 10.7725
    endloop
  endfacet
  facet normal 1 0 0
    outer loop
      vertex 26 -21 11
      vertex 26 7.5 10
      vertex 26 7.53078 10.3911
    endloop
  endfacet
  facet normal 1 0 0
    outer loop
      vertex 26 7.5 10
      vertex 26 -21 11
      vertex 26 -21 10
    endloop
  endfacet
  facet normal 0 0 1
    outer loop
      vertex 26 21 11
      vertex 25 20 11
      vertex 26 12.2834 11
    endloop
  endfacet
  facet normal 0 0 1
    outer loop
      vertex 26 21 11
      vertex -25 20 11
      vertex 25 20 11
    endloop
  endfacet
  facet normal 0 0 1
    outer loop
      vertex -25 20 11
      vertex -26 21 11
      vertex -25 -20 11
    endloop
  endfacet
  facet normal -0 0 1
    outer loop
      vertex -26 21 11
      vertex -25 20 11
      vertex 26 21 11
    endloop
  endfacet
  facet normal 0 0 1
    outer loop
      vertex 26 12.2834 11
      vertex 25 20 11
      vertex 25 12.2834 11
    endloop
  endfacet
  facet normal 0 0 1
    outer loop
      vertex 25 -20 11
      vertex 26 7.71657 11
      vertex 25 7.71657 11
    endloop
  endfacet
  facet normal 0 0 1
    outer loop
      vertex 26 7.71657 11
      vertex 25 -20 11
      vertex 26 -21 11
    endloop
  endfacet
  facet normal -0 0 1
    outer loop
      vertex -25 -20 11
      vertex 26 -21 11
      vertex 25 -20 11
    endloop
  endfacet
  facet normal 0 0 1
    outer loop
      vertex -25 -20 11
      vertex -26 -21 11
      vertex 26 -21 11
    endloop
  endfacet
  facet normal 0 0 1
    outer loop
      vertex -26 -21 11
      vertex -25 -20 11
      vertex -26 21 11
    endloop
  endfacet
  facet normal 0 0 -1
    outer loop
      vertex 26 -21 10
      vertex 25 -20 10
      vertex 26 7.5 10
    endloop
  endfacet
  facet normal 0 0 -1
    outer loop
      vertex 26 -21 10
      vertex -25 -20 10
      vertex 25 -20 10
    endloop
  endfacet
  facet normal -0 0 -1
    outer loop
      vertex -25 -20 10
      vertex -26 -21 10
      vertex -25 20 10
    endloop
  endfacet
  facet normal 0 0 -1
    outer loop
      vertex -26 -21 10
      vertex -25 -20 10
      vertex 26 -21 10
    endloop
  endfacet
  facet normal -0 0 -1
    outer loop
      vertex 26 7.5 10
      vertex 25 -20 10
      vertex 25 7.5 10
    endloop
  endfacet
  facet normal 0 0 -1
    outer loop
      vertex 25 20 10
      vertex 26 12.5 10
      vertex 25 12.5 10
    endloop
  endfacet
  facet normal 0 0 -1
    outer loop
      vertex 26 12.5 10
      vertex 25 20 10
      vertex 26 21 10
    endloop
  endfacet
  facet normal 0 0 -1
    outer loop
      vertex -25 20 10
      vertex 26 21 10
      vertex 25 20 10
    endloop
  endfacet
  facet normal 0 0 -1
    outer loop
      vertex -25 20 10
      vertex -26 21 10
      vertex 26 21 10
    endloop
  endfacet
  facet normal 0 0 -1
    outer loop
      vertex -26 21 10
      vertex -25 20 10
      vertex -26 -21 10
    endloop
  endfacet
  facet normal -1 0 0
    outer loop
      vertex -26 -21 10
      vertex -26 21 11
      vertex -26 21 10
    endloop
  endfacet
  facet normal -1 -0 0
    outer loop
      vertex -26 21 11
      vertex -26 -21 10
      vertex -26 -21 11
    endloop
  endfacet
  facet normal 0 1 -0
    outer loop
      vertex 26 21 10
      vertex -26 21 11
      vertex 26 21 11
    endloop
  endfacet
  facet normal 0 1 0
    outer loop
      vertex -26 21 11
      vertex 26 21 10
      vertex -26 21 10
    endloop
  endfacet
  facet normal 0 -1 0
    outer loop
      vertex -26 -21 10
      vertex 26 -21 11
      vertex -26 -21 11
    endloop
  endfacet
  facet normal 0 -1 -0
    outer loop
      vertex 26 -21 11
      vertex -26 -21 10
      vertex 26 -21 10
    endloop
  endfacet
  facet normal 1 -0 0
    outer loop
      vertex 26 -21 16
      vertex 26 21 15
      vertex 26 21 16
    endloop
  endfacet
  facet normal 1 0 0
    outer loop
      vertex 26 21 15
      vertex 26 -21 16
      vertex 26 -21 15
    endloop
  endfacet
  facet normal 0 0 1
    outer loop
      vertex 26 21 16
      vertex 25 20 16
      vertex 26 -21 16
    endloop
  endfacet
  facet normal 0 0 1
    outer loop
      vertex 26 21 16
      vertex -25 20 16
      vertex 25 20 16
    endloop
  endfacet
  facet normal 0 0 1
    outer loop
      vertex -25 20 16
      vertex -26 21 16
      vertex -25 -20 16
    endloop
  endfacet
  facet normal -0 0 1
    outer loop
      vertex -26 21 16
      vertex -25 20 16
      vertex 26 21 16
    endloop
  endfacet
  facet normal -0 0 1
    outer loop
      vertex 25 -20 16
      vertex 26 -21 16
      vertex 25 20 16
    endloop
  endfacet
  facet normal -0 0 1
    outer loop
      vertex -25 -20 16
      vertex 26 -21 16
      vertex 25 -20 16
    endloop
  endfacet
  facet normal 0 0 1
    outer loop
      vertex -25 -20 16
      vertex -26 -21 16
      vertex 26 -21 16
    endloop
  endfacet
  facet normal 0 0 1
    outer loop
      vertex -26 -21 16
      vertex -25 -20 16
      vertex -26 21 16
    endloop
  endfacet
  facet normal 0 0 -1
    outer loop
      vertex 26 -21 15
      vertex 25 -20 15
      vertex 26 21 15
    endloop
  endfacet
  facet normal 0 0 -1
    outer loop
      vertex 26 -21 15
      vertex -25 -20 15
      vertex 25 -20 15
    endloop
  endfacet
  facet normal -0 0 -1
    outer loop
      vertex -25 -20 15
      vertex -26 -21 15
      vertex -25 20 15
    endloop
  endfacet
  facet normal 0 0 -1
    outer loop
      vertex -26 -21 15
      vertex -25 -20 15
      vertex 26 -21 15
    endloop
  endfacet
  facet normal 0 0 -1
    outer loop
      vertex 25 20 15
      vertex 26 21 15
      vertex 25 -20 15
    endloop
  endfacet
  facet normal 0 0 -1
    outer loop
      vertex -25 20 15
      vertex 26 21 15
      vertex 25 20 15
    endloop
  endfacet
  facet normal 0 0 -1
    outer loop
      vertex -25 20 15
      vertex -26 21 15
      vertex 26 21 15
    endloop
  endfacet
  facet normal 0 0 -1
    outer loop
      vertex -26 21 15
      vertex -25 20 15
      vertex -26 -21 15
    endloop
  endfacet
  facet normal -1 0 0
    outer loop
      vertex -26 -21 15
      vertex -26 21 16
      vertex -26 21 15
    endloop
  endfacet
  facet normal -1 -0 0
    outer loop
      vertex -26 21 16
      vertex -26 -21 15
      vertex -26 -21 16
    endloop
  endfacet
  facet normal 0 1 -0
    outer loop
      vertex 26 21 15
      vertex -26 21 16
      vertex 26 21 16
    endloop
  endfacet
  facet normal 0 1 0
    outer loop
      vertex -26 21 16
      vertex 26 21 15
      vertex -26 21 15
    endloop
  endfacet
  facet normal 0 -1 0
    outer loop
      vertex -26 -21 15
      vertex 26 -21 16
      vertex -26 -21 16
    endloop
  endfacet
  facet normal 0 -1 -0
    outer loop
      vertex 26 -21 16
      vertex -26 -21 15
      vertex 26 -21 15
    endloop
  endfacet
  facet normal 1 0 0
    outer loop
      vertex 26 21 21
      vertex 26 3 20
      vertex 26 21 20
    endloop
  endfacet
  facet normal 1 0 0
    outer loop
      vertex 26 21 21
      vertex 26 2.96306 20.4693
      vertex 26 3 20
    endloop
  endfacet
  facet normal 1 0 0
    outer loop
      vertex 26 21 21
      vertex 26 2.85317 20.9271
      vertex 26 2.96306 20.4693
    endloop
  endfacet
  facet normal 1 0 -0
    outer loop
      vertex 26 2.85317 20.9271
      vertex 26 21 21
      vertex 26 2.82295 21
    endloop
  endfacet
  facet normal 1 -0 0
    outer loop
      vertex 26 -21 21
      vertex 26 -2.85317 20.9271
      vertex 26 -2.82295 21
    endloop
  endfacet
  facet normal 1 0 0
    outer loop
      vertex 26 -21 21
      vertex 26 -2.96306 20.4693
      vertex 26 -2.85317 20.9271
    endloop
  endfacet
  facet normal 1 0 0
    outer loop
      vertex 26 -21 21
      vertex 26 -3 20
      vertex 26 -2.96306 20.4693
    endloop
  endfacet
  facet normal 1 0 0
    outer loop
      vertex 26 -3 20
      vertex 26 -21 21
      vertex 26 -21 20
    endloop
  endfacet
  facet normal 0 0 1
    outer loop
      vertex 26 21 21
      vertex 25 20 21
      vertex 26 2.82295 21
    endloop
  endfacet
  facet normal 0 0 1
    outer loop
      vertex 26 21 21
      vertex -25 20 21
      vertex 25 20 21
    endloop
  endfacet
  facet normal 0 0 1
    outer loop
      vertex -25 20 21
      vertex -26 21 21
      vertex -25 -20 21
    endloop
  endfacet
  facet normal -0 0 1
    outer loop
      vertex -26 21 21
      vertex -25 20 21
      vertex 26 21 21
    endloop
  endfacet
  facet normal 0 0 1
    outer loop
      vertex 26 2.82295 21
      vertex 25 20 21
      vertex 25 2.82295 21
    endloop
  endfacet
  facet normal 0 0 1
    outer loop
      vertex 25 -20 21
      vertex 26 -2.82295 21
      vertex 25 -2.82295 21
    endloop
  endfacet
  facet normal 0 0 1
    outer loop
      vertex 26 -2.82295 21
      vertex 25 -20 21
      vertex 26 -21 21
    endloop
  endfacet
  facet normal -0 0 1
    outer loop
      vertex -25 -20 21
      vertex 26 -21 21
      vertex 25 -20 21
    endloop
  endfacet
  facet normal 0 0 1
    outer loop
      vertex -25 -20 21
      vertex -26 -21 21
      vertex 26 -21 21
    endloop
  endfacet
  facet normal 0 0 1
    outer loop
      vertex -26 -21 21
      vertex -25 -20 21
      vertex -26 21 21
    endloop
  endfacet
  facet normal 0 0 -1
    outer loop
      vertex 26 -21 20
      vertex 25 -20 20
      vertex 26 -3 20
    endloop
  endfacet
  facet normal 0 0 -1
    outer loop
      vertex 26 -21 20
      vertex -25 -20 20
      vertex 25 -20 20
    endloop
  endfacet
  facet normal -0 0 -1
    outer loop
      vertex -25 -20 20
      vertex -26 -21 20
      vertex -25 20 20
    endloop
  endfacet
  facet normal 0 0 -1
    outer loop
      vertex -26 -21 20
      vertex -25 -20 20
      vertex 26 -21 20
    endloop
  endfacet
  facet normal -0 0 -1
    outer loop
      vertex 26 -3 20
      vertex 25 -20 20
      vertex 25 -3 20
    endloop
  endfacet
  facet normal 0 0 -1
    outer loop
      vertex 25 20 20
      vertex 26 3 20
      vertex 25 3 20
    endloop
  endfacet
  facet normal 0 0 -1
    outer loop
      vertex 26 3 20
      vertex 25 20 20
      vertex 26 21 20
    endloop
  endfacet
  facet normal 0 0 -1
    outer loop
      vertex -25 20 20
      vertex 26 21 20
      vertex 25 20 20
    endloop
  endfacet
  facet normal 0 0 -1
    outer loop
      vertex -25 20 20
      vertex -26 21 20
      vertex 26 21 20
    endloop
  endfacet
  facet normal 0 0 -1
    outer loop
      vertex -26 21 20
      vertex -25 20 20
      vertex -26 -21 20
    endloop
  endfacet
  facet normal -1 0 0
    outer loop
      vertex -26 -21 20
      vertex -26 21 21
      vertex -26 21 20
    endloop
  endfacet
  facet normal -1 -0 0
    outer loop
      vertex -26 21 21
      vertex -26 -21 20
      vertex -26 -21 21
    endloop
  endfacet
  facet normal 0 1 -0
    outer loop
      vertex 26 21 20
      vertex -26 21 21
      vertex 26 21 21
    endloop
  endfacet
  facet normal 0 1 0
    outer loop
      vertex -26 21 21
      vertex 26 21 20
      vertex -26 21 20
    endloop
  endfacet
  facet normal 0 -1 0
    outer loop
      vertex -26 -21 20
      vertex 26 -21 21
      vertex -26 -21 21
    endloop
  endfacet
  facet normal 0 -1 -0
    outer loop
      vertex 26 -21 21
      vertex -26 -21 20
      vertex 26 -21 20
    endloop
  endfacet
  facet normal 1 -0 0
    outer loop
      vertex 26 -21 26
      vertex 26 21 25
      vertex 26 21 26
    endloop
  endfacet
  facet normal 1 0 0
    outer loop
      vertex 26 21 25
      vertex 26 -21 26
      vertex 26 -21 25
    endloop
  endfacet
  facet normal 0 0 1
    outer loop
      vertex 26 21 26
      vertex 25 20 26
      vertex 26 -21 26
    endloop
  endfacet
  facet normal 0 0 1
    outer loop
      vertex 26 21 26
      vertex -25 20 26
      vertex 25 20 26
    endloop
  endfacet
  facet normal 0 0 1
    outer loop
      vertex -25 20 26
      vertex -26 21 26
      vertex -25 -20 26
    endloop
  endfacet
  facet normal -0 0 1
    outer loop
      vertex -26 21 26
      vertex -25 20 26
      vertex 26 21 26
    endloop
  endfacet
  facet normal -0 0 1
    outer loop
      vertex 25 -20 26
      vertex 26 -21 26
      vertex 25 20 26
    endloop
  endfacet
  facet normal -0 0 1
    outer loop
      vertex -25 -20 26
      vertex 26 -21 26
      vertex 25 -20 26
    endloop
  endfacet
  facet normal 0 0 1
    outer loop
      vertex -25 -20 26
      vertex -26 -21 26
      vertex 26 -21 26
    endloop
  endfacet
  facet normal 0 0 1
    outer loop
      vertex -26 -21 26
      vertex -25 -20 26
      vertex -26 21 26
    endloop
  endfacet
  facet normal 0 0 -1
    outer loop
      vertex 26 -21 25
      vertex 25 -20 25
      vertex 26 21 25
    endloop
  endfacet
  facet normal 0 0 -1
    outer loop
      vertex 26 -21 25
      vertex -25 -20 25
      vertex 25 -20 25
    endloop
  endfacet
  facet normal -0 0 -1
    outer loop
      vertex -25 -20 25
      vertex -26 -21 25
      vertex -25 20 25
    endloop
  endfacet
  facet normal 0 0 -1
    outer loop
      vertex -26 -21 25
      vertex -25 -20 25
      vertex 26 -21 25
    endloop
  endfacet
  facet normal 0 0 -1
    outer loop
      vertex 25 20 25
      vertex 26 21 25
      vertex 25 -20 25
    endloop
  endfacet
  facet normal 0 0 -1
    outer loop
      vertex -25 20 25
      vertex 26 21 25
      vertex 25 20 25
    endloop
  endfacet
  facet normal 0 0 -1
    outer loop
      vertex -25 20 25
      vertex -26 21 25
      vertex 26 21 25
    endloop
  endfacet
  facet normal 0 0 -1
    outer loop
      vertex -26 21 25
      vertex -25 20 25
      vertex -26 -21 25
    endloop
  endfacet
  facet normal -1 0 0
    outer loop
      vertex -26 -21 25
      vertex -26 21 26
      vertex -26 21 25
    endloop
  endfacet
  facet normal -1 -0 0
    outer loop
      vertex -26 21 26
      vertex -26 -21 25
      vertex -26 -21 26
    endloop
  endfacet
  facet normal 0 1 -0
    outer loop
      vertex 26 21 25
      vertex -26 21 26
      vertex 26 21 26
    endloop
  endfacet
  facet normal 0 1 0
    outer loop
      vertex -26 21 26
      vertex 26 21 25
      vertex -26 21 25
    endloop
  endfacet
  facet normal 0 -1 0
    outer loop
      vertex -26 -21 25
      vertex 26 -21 26
      vertex -26 -21 26
    endloop
  endfacet
  facet normal 0 -1 -0
    outer loop
      vertex 26 -21 26
      vertex -26 -21 25
      vertex 26 -21 25
    endloop
  endfacet
  facet normal 1 -0 0
    outer loop
      vertex 26 -21 31
      vertex 26 21 30
      vertex 26 21 31
    endloop
  endfacet
  facet normal 1 0 0
    outer loop
      vertex 26 21 30
      vertex 26 -21 31
      vertex 26 -21 30
    endloop
  endfacet
  facet normal 0 0 1
    outer loop
      vertex 26 21 31
      vertex 25 20 31
      vertex 26 -21 31
    endloop
  endfacet
  facet normal 0 0 1
    outer loop
      vertex 26 21 31
      vertex -25 20 31
      vertex 25 20 31
    endloop
  endfacet
  facet normal 0 0 1
    outer loop
      vertex -25 20 31
      vertex -26 21 31
      vertex -25 -20 31
    endloop
  endfacet
  facet normal -0 0 1
    outer loop
      vertex -26 21 31
      vertex -25 20 31
      vertex 26 21 31
    endloop
  endfacet
  facet normal -0 0 1
    outer loop
      vertex 25 -20 31
      vertex 26 -21 31
      vertex 25 20 31
    endloop
  endfacet
  facet normal -0 0 1
    outer loop
      vertex -25 -20 31
      vertex 26 -21 31
      vertex 25 -20 31
    endloop
  endfacet
  facet normal 0 0 1
    outer loop
      vertex -25 -20 31
      vertex -26 -21 31
      vertex 26 -21 31
    endloop
  endfacet
  facet normal 0 0 1
    outer loop
      vertex -26 -21 31
      vertex -25 -20 31
      vertex -26 21 31
    endloop
  endfacet
  facet normal 0 0 -1
    outer loop
      vertex 26 -21 30
      vertex 25 -20 30
      vertex 26 21 30
    endloop
  endfacet
  facet normal 0 0 -1
    outer loop
      vertex 26 -21 30
      vertex -25 -20 30
      vertex 25 -20 30
    endloop
  endfacet
  facet normal -0 0 -1
    outer loop
      vertex -25 -20 30
      vertex -26 -21 30
      vertex -25 20 30
    endloop
  endfacet
  facet normal 0 0 -1
    outer loop
      vertex -26 -21 30
      vertex -25 -20 30
      vertex 26 -21 30
    endloop
  endfacet
  facet normal 0 0 -1
    outer loop
      vertex 25 20 30
      vertex 26 21 30
      vertex 25 -20 30
    endloop
  endfacet
  facet normal 0 0 -1
    outer loop
      vertex -25 20 30
      vertex 26 21 30
      vertex 25 20 30
    endloop
  endfacet
  facet normal 0 0 -1
    outer loop
      vertex -25 20 30
      vertex -26 21 30
      vertex 26 21 30
    endloop
  endfacet
  facet normal 0 0 -1
    outer loop
      vertex -26 21 30
      vertex -25 20 30
      vertex -26 -21 30
    endloop
  endfacet
  facet normal -1 0 0
    outer loop
      vertex -26 -21 30
      vertex -26 21 31
      vertex -26 21 30
    endloop
  endfacet
  facet normal -1 -0 0
    outer loop
      vertex -26 21 31
      vertex -26 -21 30
      vertex -26 -21 31
    endloop
  endfacet
  facet normal 0 1 -0
    outer loop
      vertex 26 21 30
      vertex -26 21 31
      vertex 26 21 31
    endloop
  endfacet
  facet normal 0 1 0
    outer loop
      vertex -26 21 31
      vertex 26 21 30
      vertex -26 21 30
    endloop
  endfacet
  facet normal 0 -1 0
    outer loop
      vertex -26 -21 30
      vertex 26 -21 31
      vertex -26 -21 31
    endloop
  endfacet
  facet normal 0 -1 -0
    outer loop
      vertex 26 -21 31
      vertex -26 -21 30
      vertex 26 -21 30
    endloop
  endfacet
  facet normal 1 -0 0
    outer loop
      vertex 26 -10 36
      vertex 26 21 35
      vertex 26 21 36
    endloop
  endfacet
  facet normal 1 0 0
    outer loop
      vertex 26 -21 35
      vertex 26 -10 36
      vertex 26 -21 36
    endloop
  endfacet
  facet normal 1 0 0
    outer loop
      vertex 26 -10 36
      vertex 26 -21 35
      vertex 26 21 35
    endloop
  endfacet
  facet normal 0 0 1
    outer loop
      vertex 25 -20 36
      vertex 26 -10 36
      vertex 25 -10 36
    endloop
  endfacet
  facet normal 0 0 1
    outer loop
      vertex 26 -10 36
      vertex 25 -20 36
      vertex 26 -21 36
    endloop
  endfacet
  facet normal -0 0 1
    outer loop
      vertex -25 -20 36
      vertex 26 -21 36
      vertex 25 -20 36
    endloop
  endfacet
  facet normal 0 0 1
    outer loop
      vertex -25 -20 36
      vertex -26 -21 36
      vertex 26 -21 36
    endloop
  endfacet
  facet normal 0 0 1
    outer loop
      vertex -26 -21 36
      vertex -25 -20 36
      vertex -26 21 36
    endloop
  endfacet
  facet normal 0 0 1
    outer loop
      vertex 26 21 36
      vertex 25 20 36
      vertex 26 -10 36
    endloop
  endfacet
  facet normal 0 0 1
    outer loop
      vertex 26 21 36
      vertex -25 20 36
      vertex 25 20 36
    endloop
  endfacet
  facet normal 0 0 1
    outer loop
      vertex -25 20 36
      vertex -26 21 36
      vertex -25 -20 36
    endloop
  endfacet
  facet normal -0 0 1
    outer loop
      vertex -26 21 36
      vertex -25 20 36
      vertex 26 21 36
    endloop
  endfacet
  facet normal 0 0 1
    outer loop
      vertex 26 -10 36
      vertex 25 20 36
      vertex 25 -10 36
    endloop
  endfacet
  facet normal 0 0 -1
    outer loop
      vertex 26 -21 35
      vertex 25 -20 35
      vertex 26 21 35
    endloop
  endfacet
  facet normal 0 0 -1
    outer loop
      vertex 26 -21 35
      vertex -25 -20 35
      vertex 25 -20 35
    endloop
  endfacet
  facet normal -0 0 -1
    outer loop
      vertex -25 -20 35
      vertex -26 -21 35
      vertex -25 20 35
    endloop
  endfacet
  facet normal 0 0 -1
    outer loop
      vertex -26 -21 35
      vertex -25 -20 35
      vertex 26 -21 35
    endloop
  endfacet
  facet normal 0 0 -1
    outer loop
      vertex 25 20 35
      vertex 26 21 35
      vertex 25 -20 35
    endloop
  endfacet
  facet normal 0 0 -1
    outer loop
      vertex -25 20 35
      vertex 26 21 35
      vertex 25 20 35
    endloop
  endfacet
  facet normal 0 0 -1
    outer loop
      vertex -25 20 35
      vertex -26 21 35
      vertex 26 21 35
    endloop
  endfacet
  facet normal 0 0 -1
    outer loop
      vertex -26 21 35
      vertex -25 20 35
      vertex -26 -21 35
    endloop
  endfacet
  facet normal -1 0 0
    outer loop
      vertex -26 -21 35
      vertex -26 21 36
      vertex -26 21 35
    endloop
  endfacet
  facet normal -1 -0 0
    outer loop
      vertex -26 21 36
      vertex -26 -21 35
      vertex -26 -21 36
    endloop
  endfacet
  facet normal 0 1 -0
    outer loop
      vertex 26 21 35
      vertex -26 21 36
      vertex 26 21 36
    endloop
  endfacet
  facet normal 0 1 0
    outer loop
      vertex -26 21 36
      vertex 26 21 35
      vertex -26 21 35
    endloop
  endfacet
  facet normal 0 -1 0
    outer loop
      vertex -26 -21 35
      vertex 26 -21 36
      vertex -26 -21 36
    endloop
  endfacet
  facet normal 0 -1 -0
    outer loop
      vertex 26 -21 36
      vertex -26 -21 35
      vertex 26 -21 35
    endloop
  endfacet
  facet normal 1 0 0
    outer loop
      vertex 26 21 41
      vertex 26 -6 40
      vertex 26 21 40
    endloop
  endfacet
  facet normal 1 0 0
    outer loop
      vertex 26 21 41
      vertex 26 -6.04925 40.6257
      vertex 26 -6 40
    endloop
  endfacet
  facet normal 1 0 -0
    outer loop
      vertex 26 -6.04925 40.6257
      vertex 26 21 41
      vertex 26 -6.1391 41
    endloop
  endfacet
  facet normal 1 -0 0
    outer loop
      vertex 26 -21 41
      vertex 26 -13.9508 40.6257
      vertex 26 -13.8609 41
    endloop
  endfacet
  facet normal 1 0 0
    outer loop
      vertex 26 -21 41
      vertex 26 -14 40
      vertex 26 -13.9508 40.6257
    endloop
  endfacet
  facet normal 1 0 0
    outer loop
      vertex 26 -14 40
      vertex 26 -21 41
      vertex 26 -21 40
    endloop
  endfacet
  facet normal 0 0 1
    outer loop
      vertex 26 21 41
      vertex 25 20 41
      vertex 26 -6.1391 41
    endloop
  endfacet
  facet normal 0 0 1
    outer loop
      vertex 26 21 41
      vertex -25 20 41
      vertex 25 20 41
    endloop
  endfacet
  facet normal 0 0 1
    outer loop
      vertex -25 20 41
      vertex -26 21 41
      vertex -25 -20 41
    endloop
  endfacet
  facet normal -0 0 1
    outer loop
      vertex -26 21 41
      vertex -25 20 41
      vertex 26 21 41
    endloop
  endfacet
  facet normal 0 0 1
    outer loop
      vertex 26 -6.1391 41
      vertex 25 20 41
      vertex 25 -6.1391 41
    endloop
  endfacet
  facet normal 0 0 1
    outer loop
      vertex 25 -20 41
      vertex 26 -13.8609 41
      vertex 25 -13.8609 41
    endloop
  endfacet
  facet normal 0 0 1
    outer loop
      vertex 26 -13.8609 41
      vertex 25 -20 41
      vertex 26 -21 41
    endloop
  endfacet
  facet normal -0 0 1
    outer loop
      vertex -25 -20 41
      vertex 26 -21 41
      vertex 25 -20 41
    endloop
  endfacet
  facet normal 0 0 1
    outer loop
      vertex -25 -20 41
      vertex -26 -21 41
      vertex 26 -21 41
    endloop
  endfacet
  facet normal 0 0 1
    outer loop
      vertex -26 -21 41
      vertex -25 -20 41
      vertex -26 21 41
    endloop
  endfacet
  facet normal 0 0 -1
    outer loop
      vertex 26 -21 40
      vertex 25 -20 40
      vertex 26 -14 40
    endloop
  endfacet
  facet normal 0 0 -1
    outer loop
      vertex 26 -21 40
      vertex -25 -20 40
      vertex 25 -20 40
    endloop
  endfacet
  facet normal -0 0 -1
    outer loop
      vertex -25 -20 40
      vertex -26 -21 40
      vertex -25 20 40
    endloop
  endfacet
  facet normal 0 0 -1
    outer loop
      vertex -26 -21 40
      vertex -25 -20 40
      vertex 26 -21 40
    endloop
  endfacet
  facet normal -0 0 -1
    outer loop
      vertex 26 -14 40
      vertex 25 -20 40
      vertex 25 -14 40
    endloop
  endfacet
  facet normal 0 0 -1
    outer loop
      vertex 25 20 40
      vertex 26 -6 40
      vertex 25 -6 40
    endloop
  endfacet
  facet normal 0 0 -1
    outer loop
      vertex 26 -6 40
      vertex 25 20 40
      vertex 26 21 40
    endloop
  endfacet
  facet normal 0 0 -1
    outer loop
      vertex -25 20 40
      vertex 26 21 40
      vertex 25 20 40
    endloop
  endfacet
  facet normal 0 0 -1
    outer loop
      vertex -25 20 40
      vertex -26 21 40
      vertex 26 21 40
    endloop
  endfacet
  facet normal 0 0 -1
    outer loop
      vertex -26 21 40
      vertex -25 20 40
      vertex -26 -21 40
    endloop
  endfacet
  facet normal -1 0 0
    outer loop
      vertex -26 -21 40
      vertex -26 21 41
      vertex -26 21 40
    endloop
  endfacet
  facet normal -1 -0 0
    outer loop
      vertex -26 21 41
      vertex -26 -21 40
      vertex -26 -21 41
    endloop
  endfacet
  facet normal 0 1 -0
    outer loop
      vertex 26 21 40
      vertex -26 21 41
      vertex 26 21 41
    endloop
  endfacet
  facet normal 0 1 0
    outer loop
      vertex -26 21 41
      vertex 26 21 40
      vertex -26 21 40
    endloop
  endfacet
  facet normal 0 -1 0
    outer loop
      vertex -26 -21 40
      vertex 26 -21 41
      vertex -26 -21 41
    endloop
  endfacet
  facet normal 0 -1 -0
    outer loop
      vertex 26 -21 41
      vertex -26 -21 40
      vertex 26 -21 40
    endloop
  endfacet
  facet normal 1 -0 0
    outer loop
      vertex 26 -21 46
      vertex 26 21 45
      vertex 26 21 46
    endloop
  endfacet
  facet normal 1 0 0
    outer loop
      vertex 26 21 45
      vertex 26 -21 46
      vertex 26 -21 45
    endloop
  endfacet
  facet normal 0 0 1
    outer loop
      vertex 26 21 46
      vertex 25 20 46
      vertex 26 -21 46
    endloop
  endfacet
  facet normal 0 0 1
    outer loop
      vertex 26 21 46
      vertex -25 20 46
      vertex 25 20 46
    endloop
  endfacet
  facet normal 0 0 1
    outer loop
      vertex -25 20 46
      vertex -26 21 46
      vertex -25 -20 46
    endloop
  endfacet
  facet normal -0 0 1
    outer loop
      vertex -26 21 46
      vertex -25 20 46
      vertex 26 21 46
    endloop
  endfacet
  facet normal -0 0 1
    outer loop
      vertex 25 -20 46
      vertex 26 -21 46
      vertex 25 20 46
    endloop
  endfacet
  facet normal -0 0 1
    outer loop
      vertex -25 -20 46
      vertex 26 -21 46
      vertex 25 -20 46
    endloop
  endfacet
  facet normal 0 0 1
    outer loop
      vertex -25 -20 46
      vertex -26 -21 46
      vertex 26 -21 46
    endloop
  endfacet
  facet normal 0 0 1
    outer loop
      vertex -26 -21 46
      vertex -25 -20 46
      vertex -26 21 46
    endloop
  endfacet
  facet normal 0 0 -1
    outer loop
      vertex 26 -21 45
      vertex 25 -20 45
      vertex 26 21 45
    endloop
  endfacet
  facet normal 0 0 -1
    outer loop
      vertex 26 -21 45
      vertex -25 -20 45
      vertex 25 -20 45
    endloop
  endfacet
  facet normal -0 0 -1
    outer loop
      vertex -25 -20 45
      vertex -26 -21 45
      vertex -25 20 45
    endloop
  endfacet
  facet normal 0 0 -1
    outer loop
      vertex -26 -21 45
      vertex -25 -20 45
      vertex 26 -21 45
    endloop
  endfacet
  facet normal 0 0 -1
    outer loop
      vertex 25 20 45
      vertex 26 21 45
      vertex 25 -20 45
    endloop
  endfacet
  facet normal 0 0 -1
    outer loop
      vertex -25 20 45
      vertex 26 21 45
      vertex 25 20 45
    endloop
  endfacet
  facet normal 0 0 -1
    outer loop
      vertex -25 20 45
      vertex -26 21 45
      vertex 26 21 45
    endloop
  endfacet
  facet normal 0 0 -1
    outer loop
      vertex -26 21 45
      vertex -25 20 45
      vertex -26 -21 45
    endloop
  endfacet
  facet normal -1 0 0
    outer loop
      vertex -26 -21 45
      vertex -26 21 46
      vertex -26 21 45
    endloop
  endfacet
  facet normal -1 -0 0
    outer loop
      vertex -26 21 46
      vertex -26 -21 45
      vertex -26 -21 46
    endloop
  endfacet
  facet normal 0 1 -0
    outer loop
      vertex 26 21 45
      vertex -26 21 46
      vertex 26 21 46
    endloop
  endfacet
  facet normal 0 1 0
    outer loop
      vertex -26 21 46
      vertex 26 21 45
      vertex -26 21 45
    endloop
  endfacet
  facet normal 0 -1 0
    outer loop
      vertex -26 -21 45
      vertex 26 -21 46
      vertex -26 -21 46
    endloop
  endfacet
  facet normal 0 -1 -0
    outer loop
      vertex 26 -21 46
      vertex -26 -21 45
      vertex 26 -21 45
    endloop
  endfacet
  facet normal 1 -0 0
    outer loop
      vertex 26 -21 51
      vertex 26 21 50
      vertex 26 21 51
    endloop
  endfacet
  facet normal 1 0 0
    outer loop
      vertex 26 21 50
      vertex 26 -21 51
      vertex 26 -21 50
    endloop
  endfacet
  facet normal 0 0 1
    outer loop
      vertex 26 21 51
      vertex 25 20 51
      vertex 26 -21 51
    endloop
  endfacet
  facet normal 0 0 1
    outer loop
      vertex 26 21 51
      vertex -25 20 51
      vertex 25 20 51
    endloop
  endfacet
  facet normal 0 0 1
    outer loop
      vertex -25 20 51
      vertex -26 21 51
      vertex -25 -20 51
    endloop
  endfacet
  facet normal -0 0 1
    outer loop
      vertex -26 21 51
      vertex -25 20 51
      vertex 26 21 51
    endloop
  endfacet
  facet normal -0 0 1
    outer loop
      vertex 25 -20 51
      vertex 26 -21 51
      vertex 25 20 51
    endloop
  endfacet
  facet normal -0 0 1
    outer loop
      vertex -25 -20 51
      vertex 26 -21 51
      vertex 25 -20 51
    endloop
  endfacet
  facet normal 0 0 1
    outer loop
      vertex -25 -20 51
      vertex -26 -21 51
      vertex 26 -21 51
    endloop
  endfacet
  facet normal 0 0 1
    outer loop
      vertex -26 -21 51
      vertex -25 -20 51
      vertex -26 21 51
    endloop
  endfacet
  facet normal 0 0 -1
    outer loop
      vertex 26 -21 50
      vertex 25 -20 50
      vertex 26 21 50
    endloop
  endfacet
  facet normal 0 0 -1
    outer loop
      vertex 26 -21 50
      vertex -25 -20 50
      vertex 25 -20 50
    endloop
  endfacet
  facet normal -0 0 -1
    outer loop
      vertex -25 -20 50
      vertex -26 -21 50
      vertex -25 20 50
    endloop
  endfacet
  facet normal 0 0 -1
    outer loop
      vertex -26 -21 50
      vertex -25 -20 50
      vertex 26 -21 50
    endloop
  endfacet
  facet normal 0 0 -1
    outer loop
      vertex 25 20 50
      vertex 26 21 50
      vertex 25 -20 50
    endloop
  endfacet
  facet normal 0 0 -1
    outer loop
      vertex -25 20 50
      vertex 26 21 50
      vertex 25 20 50
    endloop
  endfacet
  facet normal 0 0 -1
    outer loop
      vertex -25 20 50
      vertex -26 21 50
      vertex 26 21 50
    endloop
  endfacet
  facet normal 0 0 -1
    outer loop
      vertex -26 21 50
      vertex -25 20 50
      vertex -26 -21 50
    endloop
  endfacet
  facet normal -1 0 0
    outer loop
      vertex -26 -21 50
      vertex -26 21 51
      vertex -26 21 50
    endloop
  endfacet
  facet normal -1 -0 0
    outer loop
      vertex -26 21 51
      vertex -26 -21 50
      vertex -26 -21 51
    endloop
  endfacet
  facet normal 0 1 -0
    outer loop
      vertex 26 21 50
      vertex -26 21 51
      vertex 26 21 51
    endloop
  endfacet
  facet normal 0 1 0
    outer loop
      vertex -26 21 51
      vertex 26 21 50
      vertex -26 21 50
    endloop
  endfacet
  facet normal 0 -1 0
    outer loop
      vertex -26 -21 50
      vertex 26 -21 51
      vertex -26 -21 51
    endloop
  endfacet
  facet normal 0 -1 -0
    outer loop
      vertex 26 -21 51
      vertex -26 -21 50
      vertex 26 -21 50
    endloop
  endfacet
  facet normal 1 -0 0
    outer loop
      vertex 26 -21 56
      vertex 26 21 55
      vertex 26 21 56
    endloop
  endfacet
  facet normal 1 0 0
    outer loop
      vertex 26 21 55
      vertex 26 -21 56
      vertex 26 -21 55
    endloop
  endfacet
  facet normal 0 0 1
    outer loop
      vertex 26 21 56
      vertex 25 20 56
      vertex 26 -21 56
    endloop
  endfacet
  facet normal 0 0 1
    outer loop
      vertex 26 21 56
      vertex -25 20 56
      vertex 25 20 56
    endloop
  endfacet
  facet normal 0 0 1
    outer loop
      vertex -25 20 56
      vertex -26 21 56
      vertex -25 -20 56
    endloop
  endfacet
  facet normal -0 0 1
    outer loop
      vertex -26 21 56
      vertex -25 20 56
      vertex 26 21 56
    endloop
  endfacet
  facet normal -0 0 1
    outer loop
      vertex 25 -20 56
      vertex 26 -21 56
      vertex 25 20 56
    endloop
  endfacet
  facet normal -0 0 1
    outer loop
      vertex -25 -20 56
      vertex 26 -21 56
      vertex 25 -20 56
    endloop
  endfacet
  facet normal 0 0 1
    outer loop
      vertex -25 -20 56
      vertex -26 -21 56
      vertex 26 -21 56
    endloop
  endfacet
  facet normal 0 0 1
    outer loop
      vertex -26 -21 56
      vertex -25 -20 56
      vertex -26 21 56
    endloop
  endfacet
  facet normal 0 0 -1
    outer loop
      vertex 26 -21 55
      vertex 25 -20 55
      vertex 26 21 55
    endloop
  endfacet
  facet normal 0 0 -1
    outer loop
      vertex 26 -21 55
      vertex -25 -20 55
      vertex 25 -20 55
    endloop
  endfacet
  facet normal -0 0 -1
    outer loop
      vertex -25 -20 55
      vertex -26 -21 55
      vertex -25 20 55
    endloop
  endfacet
  facet normal 0 0 -1
    outer loop
      vertex -26 -21 55
      vertex -25 -20 55
      vertex 26 -21 55
    endloop
  endfacet
  facet normal 0 0 -1
    outer loop
      vertex 25 20 55
      vertex 26 21 55
      vertex 25 -20 55
    endloop
  endfacet
  facet normal 0 0 -1
    outer loop
      vertex -25 20 55
      vertex 26 21 55
      vertex 25 20 55
    endloop
  endfacet
  facet normal 0 0 -1
    outer loop
      vertex -25 20 55
      vertex -26 21 55
      vertex 26 21 55
    endloop
  endfacet
  facet normal 0 0 -1
    outer loop
      vertex -26 21 55
      vertex -25 20 55
      vertex -26 -21 55
    endloop
  endfacet
  facet normal -1 0 0
    outer loop
      vertex -26 -21 55
      vertex -26 21 56
      vertex -26 21 55
    endloop
  endfacet
  facet normal -1 -0 0
    outer loop
      vertex -26 21 56
      vertex -26 -21 55
      vertex -26 -21 56
    endloop
  endfacet
  facet normal 0 1 -0
    outer loop
      vertex 26 21 55
      vertex -26 21 56
      vertex 26 21 56
    endloop
  endfacet
  facet normal 0 1 0
    outer loop
      vertex -26 21 56
      vertex 26 21 55
      vertex -26 21 55
    endloop
  endfacet
  facet normal 0 -1 0
    outer loop
      vertex -26 -21 55
      vertex 26 -21 56
      vertex -26 -21 56
    endloop
  endfacet
  facet normal 0 -1 -0
    outer loop
      vertex 26 -21 56
      vertex -26 -21 55
      vertex 26 -21 55
    endloop
  endfacet
  facet normal 0 0 -1
    outer loop
      vertex 27 -22 60
      vertex 25 -20 60
      vertex 27 22 60
    endloop
  endfacet
  facet normal 0 0 -1
    outer loop
      vertex 27 -22 60
      vertex -25 -20 60
      vertex 25 -20 60
    endloop
  endfacet
  facet normal -0 0 -1
    outer loop
      vertex -25 -20 60
      vertex -27 -22 60
      vertex -25 20 60
    endloop
  endfacet
  facet normal 0 0 -1
    outer loop
      vertex -27 -22 60
      vertex -25 -20 60
      vertex 27 -22 60
    endloop
  endfacet
  facet normal 0 0 -1
    outer loop
      vertex 25 20 60
      vertex 27 22 60
      vertex 25 -20 60
    endloop
  endfacet
  facet normal 0 0 -1
    outer loop
      vertex -25 20 60
      vertex 27 22 60
      vertex 25 20 60
    endloop
  endfacet
  facet normal 0 0 -1
    outer loop
      vertex -25 20 60
      vertex -27 22 60
      vertex 27 22 60
    endloop
  endfacet
  facet normal 0 0 -1
    outer loop
      vertex -27 22 60
      vertex -25 20 60
      vertex -27 -22 60
    endloop
  endfacet
  facet normal 1 -0 0
    outer loop
      vertex 27 -22 1
      vertex 27 22 -5
      vertex 27 22 1
    endloop
  endfacet
  facet normal 1 0 0
    outer loop
      vertex 27 22 -5
      vertex 27 -22 1
      vertex 27 -22 -5
    endloop
  endfacet
  facet normal 0 0 -1
    outer loop
      vertex -27 -22 -5
      vertex 27 22 -5
      vertex 27 -22 -5
    endloop
  endfacet
  facet normal -0 0 -1
    outer loop
      vertex 27 22 -5
      vertex -27 -22 -5
      vertex -27 22 -5
    endloop
  endfacet
  facet normal -1 0 0
    outer loop
      vertex -27 -22 -5
      vertex -27 22 1
      vertex -27 22 -5
    endloop
  endfacet
  facet normal -1 -0 0
    outer loop
      vertex -27 22 1
      vertex -27 -22 -5
      vertex -27 -22 1
    endloop
  endfacet
  facet normal 0 1 -0
    outer loop
      vertex 27 22 -5
      vertex -27 22 1
      vertex 27 22 1
    endloop
  endfacet
  facet normal 0 1 0
    outer loop
      vertex -27 22 1
      vertex 27 22 -5
      vertex -27 22 -5
    endloop
  endfacet
  facet normal 0 -1 0
    outer loop
      vertex -27 -22 -5
      vertex 27 -22 1
      vertex -27 -22 1
    endloop
  endfacet
  facet normal 0 -1 -0
    outer loop
      vertex 27 -22 1
      vertex -27 -22 -5
      vertex 27 -22 -5
    endloop
  endfacet
  facet normal 1 -0 0
    outer loop
      vertex 27 -22 66
      vertex 27 22 60
      vertex 27 22 66
    endloop
  endfacet
  facet normal 1 0 0
    outer loop
      vertex 27 22 60
      vertex 27 -22 66
      vertex 27 -22 60
    endloop
  endfacet
  facet normal 0 0 1
    outer loop
      vertex 14.9384 21.2178 66
      vertex 27 22 66
      vertex 15 22 66
    endloop
  endfacet
  facet normal 0 0 1
    outer loop
      vertex 14.7553 20.4549 66
      vertex 27 22 66
      vertex 14.9384 21.2178 66
    endloop
  endfacet
  facet normal 0 0 1
    outer loop
      vertex 14.455 19.73 66
      vertex 27 22 66
      vertex 14.7553 20.4549 66
    endloop
  endfacet
  facet normal 0 0 1
    outer loop
      vertex 14.0451 19.0611 66
      vertex 27 22 66
      vertex 14.455 19.73 66
    endloop
  endfacet
  facet normal 0 0 1
    outer loop
      vertex 13.5355 18.4645 66
      vertex 27 22 66
      vertex 14.0451 19.0611 66
    endloop
  endfacet
  facet normal 0 0 1
    outer loop
      vertex 12.9389 17.9549 66
      vertex 27 22 66
      vertex 13.5355 18.4645 66
    endloop
  endfacet
  facet normal 0 0 1
    outer loop
      vertex 27 22 66
      vertex 12.9389 17.9549 66
      vertex 27 -22 66
    endloop
  endfacet
  facet normal -0 0 1
    outer loop
      vertex 12.27 17.545 66
      vertex 27 -22 66
      vertex 12.9389 17.9549 66
    endloop
  endfacet
  facet normal -0 0 1
    outer loop
      vertex 11.5451 17.2447 66
      vertex 27 -22 66
      vertex 12.27 17.545 66
    endloop
  endfacet
  facet normal -0 0 1
    outer loop
      vertex 10.7822 17.0616 66
      vertex 27 -22 66
      vertex 11.5451 17.2447 66
    endloop
  endfacet
  facet normal -0 0 1
    outer loop
      vertex 10 17 66
      vertex 27 -22 66
      vertex 10.7822 17.0616 66
    endloop
  endfacet
  facet normal 0 0 1
    outer loop
      vertex 9.21783 17.0616 66
      vertex 27 -22 66
      vertex 10 17 66
    endloop
  endfacet
  facet normal 0 0 1
    outer loop
      vertex 8.45491 17.2447 66
      vertex 27 -22 66
      vertex 9.21783 17.0616 66
    endloop
  endfacet
  facet normal 0 0 1
    outer loop
      vertex -8.45491 17.2447 66
      vertex 8.45491 17.2447 66
      vertex 7.73005 17.545 66
    endloop
  endfacet
  facet normal 0 0 1
    outer loop
      vertex -7.73005 17.545 66
      vertex 7.73005 17.545 66
      vertex 7.06107 17.9549 66
    endloop
  endfacet
  facet normal 0 0 1
    outer loop
      vertex -7.06107 17.9549 66
      vertex 7.06107 17.9549 66
      vertex 6.46447 18.4645 66
    endloop
  endfacet
  facet normal 0 0 1
    outer loop
      vertex -6.46447 18.4645 66
      vertex 6.46447 18.4645 66
      vertex 5.95491 19.0611 66
    endloop
  endfacet
  facet normal 0 0 1
    outer loop
      vertex -5.95491 19.0611 66
      vertex 5.95491 19.0611 66
      vertex 5.54497 19.73 66
    endloop
  endfacet
  facet normal -0 0 1
    outer loop
      vertex -5 22 66
      vertex 5.06156 21.2178 66
      vertex 5 22 66
    endloop
  endfacet
  facet normal 0 0 1
    outer loop
      vertex -5.06156 21.2178 66
      vertex 5.06156 21.2178 66
      vertex -5 22 66
    endloop
  endfacet
  facet normal 0 0 1
    outer loop
      vertex 5.06156 21.2178 66
      vertex -5.06156 21.2178 66
      vertex 5.24472 20.4549 66
    endloop
  endfacet
  facet normal 0 0 1
    outer loop
      vertex -5.24472 20.4549 66
      vertex 5.24472 20.4549 66
      vertex -5.06156 21.2178 66
    endloop
  endfacet
  facet normal 0 0 1
    outer loop
      vertex 5.24472 20.4549 66
      vertex -5.24472 20.4549 66
      vertex 5.54497 19.73 66
    endloop
  endfacet
  facet normal 0 0 1
    outer loop
      vertex -5.54497 19.73 66
      vertex 5.54497 19.73 66
      vertex -5.24472 20.4549 66
    endloop
  endfacet
  facet normal 0 0 1
    outer loop
      vertex -5.95491 19.0611 66
      vertex 5.54497 19.73 66
      vertex -5.54497 19.73 66
    endloop
  endfacet
  facet normal 0 0 1
    outer loop
      vertex 5.95491 19.0611 66
      vertex -5.95491 19.0611 66
      vertex -6.46447 18.4645 66
    endloop
  endfacet
  facet normal 0 0 1
    outer loop
      vertex 6.46447 18.4645 66
      vertex -6.46447 18.4645 66
      vertex -7.06107 17.9549 66
    endloop
  endfacet
  facet normal 0 0 1
    outer loop
      vertex 7.06107 17.9549 66
      vertex -7.06107 17.9549 66
      vertex -7.73005 17.545 66
    endloop
  endfacet
  facet normal 0 0 1
    outer loop
      vertex 7.73005 17.545 66
      vertex -7.73005 17.545 66
      vertex -8.45491 17.2447 66
    endloop
  endfacet
  facet normal 0 0 1
    outer loop
      vertex 8.45491 17.2447 66
      vertex -8.45491 17.2447 66
      vertex 27 -22 66
    endloop
  endfacet
  facet normal 0 0 1
    outer loop
      vertex -27 -22 66
      vertex -8.45491 17.2447 66
      vertex -9.21783 17.0616 66
    endloop
  endfacet
  facet normal 0 0 1
    outer loop
      vertex -27 -22 66
      vertex -9.21783 17.0616 66
      vertex -10 17 66
    endloop
  endfacet
  facet normal 0 0 1
    outer loop
      vertex -27 -22 66
      vertex -10 17 66
      vertex -10.7822 17.0616 66
    endloop
  endfacet
  facet normal 0 0 1
    outer loop
      vertex -27 -22 66
      vertex -10.7822 17.0616 66
      vertex -11.5451 17.2447 66
    endloop
  endfacet
  facet normal 0 0 1
    outer loop
      vertex -27 -22 66
      vertex -11.5451 17.2447 66
      vertex -12.27 17.545 66
    endloop
  endfacet
  facet normal 0 0 1
    outer loop
      vertex -27 -22 66
      vertex -12.27 17.545 66
      vertex -12.9389 17.9549 66
    endloop
  endfacet
  facet normal 0 0 1
    outer loop
      vertex -27 22 66
      vertex -12.9389 17.9549 66
      vertex -13.5355 18.4645 66
    endloop
  endfacet
  facet normal -0 0 1
    outer loop
      vertex -27 22 66
      vertex -14.9384 21.2178 66
      vertex -15 22 66
    endloop
  endfacet
  facet normal 0 0 1
    outer loop
      vertex -27 22 66
      vertex -14.7553 20.4549 66
      vertex -14.9384 21.2178 66
    endloop
  endfacet
  facet normal 0 0 1
    outer loop
      vertex -27 22 66
      vertex -14.455 19.73 66
      vertex -14.7553 20.4549 66
    endloop
  endfacet
  facet normal 0 0 1
    outer loop
      vertex -27 22 66
      vertex -14.0451 19.0611 66
      vertex -14.455 19.73 66
    endloop
  endfacet
  facet normal 0 0 1
    outer loop
      vertex -27 22 66
      vertex -13.5355 18.4645 66
      vertex -14.0451 19.0611 66
    endloop
  endfacet
  facet normal 0 0 1
    outer loop
      vertex -12.9389 17.9549 66
      vertex -27 22 66
      vertex -27 -22 66
    endloop
  endfacet
  facet normal 0 0 1
    outer loop
      vertex -8.45491 17.2447 66
      vertex -27 -22 66
      vertex 27 -22 66
    endloop
  endfacet
  facet normal -1 0 0
    outer loop
      vertex -27 -22 60
      vertex -27 22 66
      vertex -27 22 60
    endloop
  endfacet
  facet normal -1 -0 0
    outer loop
      vertex -27 22 66
      vertex -27 -22 60
      vertex -27 -22 66
    endloop
  endfacet
  facet normal 0 1 0
    outer loop
      vertex 27 22 66
      vertex 15 22 65
      vertex 15 22 66
    endloop
  endfacet
  facet normal 0 1 0
    outer loop
      vertex 27 22 60
      vertex 5 22 65
      vertex 15 22 65
    endloop
  endfacet
  facet normal 0 1 0
    outer loop
      vertex 5 22 65
      vertex 27 22 60
      vertex -5 22 65
    endloop
  endfacet
  facet normal 0 1 0
    outer loop
      vertex -27 22 60
      vertex -5 22 65
      vertex 27 22 60
    endloop
  endfacet
  facet normal 0 1 -0
    outer loop
      vertex 27 22 60
      vertex 15 22 65
      vertex 27 22 66
    endloop
  endfacet
  facet normal 0 1 -0
    outer loop
      vertex 5 22 65
      vertex -5 22 66
      vertex 5 22 66
    endloop
  endfacet
  facet normal 0 1 0
    outer loop
      vertex -5 22 66
      vertex 5 22 65
      vertex -5 22 65
    endloop
  endfacet
  facet normal 0 1 -0
    outer loop
      vertex -15 22 65
      vertex -27 22 66
      vertex -15 22 66
    endloop
  endfacet
  facet normal 0 1 0
    outer loop
      vertex -5 22 65
      vertex -27 22 60
      vertex -15 22 65
    endloop
  endfacet
  facet normal 0 1 0
    outer loop
      vertex -15 22 65
      vertex -27 22 60
      vertex -27 22 66
    endloop
  endfacet
  facet normal 0 -1 0
    outer loop
      vertex -27 -22 60
      vertex 27 -22 66
      vertex -27 -22 66
    endloop
  endfacet
  facet normal 0 -1 -0
    outer loop
      vertex 27 -22 66
      vertex -27 -22 60
      vertex 27 -22 60
    endloop
  endfacet
  facet normal 0.972375 0.233425 0
    outer loop
      vertex 73.8276 2.19008 100
      vertex 73.3148 4.32624 20
      vertex 73.3148 4.32624 100
    endloop
  endfacet
  facet normal 0.972375 0.233425 0
    outer loop
      vertex 73.3148 4.32624 20
      vertex 73.8276 2.19008 100
      vertex 73.8276 2.19008 20
    endloop
  endfacet
  facet normal 0.996916 0.0784758 0
    outer loop
      vertex 74 0 100
      vertex 73.8276 2.19008 20
      vertex 73.8276 2.19008 100
    endloop
  endfacet
  facet normal 0.996916 0.0784758 0
    outer loop
      vertex 73.8276 2.19008 20
      vertex 74 0 100
      vertex 74 0 20
    endloop
  endfacet
  facet normal 0.233431 -0.972373 0
    outer loop
      vertex 62.1901 -13.8276 20
      vertex 64.3262 -13.3148 100
      vertex 62.1901 -13.8276 100
    endloop
  endfacet
  facet normal 0.233431 -0.972373 0
    outer loop
      vertex 64.3262 -13.3148 100
      vertex 62.1901 -13.8276 20
      vertex 64.3262 -13.3148 20
    endloop
  endfacet
  facet normal 0.382672 -0.923884 0
    outer loop
      vertex 64.3262 -13.3148 20
      vertex 66.3559 -12.4741 100
      vertex 64.3262 -13.3148 100
    endloop
  endfacet
  facet normal 0.382672 -0.923884 0
    outer loop
      vertex 66.3559 -12.4741 100
      vertex 64.3262 -13.3148 20
      vertex 66.3559 -12.4741 20
    endloop
  endfacet
  facet normal -0.972375 -0.233425 0
    outer loop
      vertex 46.6852 -4.32624 20
      vertex 46.1724 -2.19008 100
      vertex 46.1724 -2.19008 20
    endloop
  endfacet
  facet normal -0.972375 -0.233425 0
    outer loop
      vertex 46.1724 -2.19008 100
      vertex 46.6852 -4.32624 20
      vertex 46.6852 -4.32624 100
    endloop
  endfacet
  facet normal -0.996901 0.0786696 0
    outer loop
      vertex 46.1724 2.19008 20
      vertex 46.1574 2 50
      vertex 46.1724 2.19008 100
    endloop
  endfacet
  facet normal -0.997025 0.0770728 -1.01792e-05
    outer loop
      vertex 46.1724 2.19008 20
      vertex 46.1555 1.97538 49.6871
      vertex 46.1574 2 50
    endloop
  endfacet
  facet normal -0.996883 0.0788995 3.11298e-06
    outer loop
      vertex 46.1724 2.19008 20
      vertex 46.1497 1.90211 49.382
      vertex 46.1555 1.97538 49.6871
    endloop
  endfacet
  facet normal -0.996887 0.0788482 2.60654e-06
    outer loop
      vertex 46.1724 2.19008 20
      vertex 46.1402 1.78201 49.092
      vertex 46.1497 1.90211 49.382
    endloop
  endfacet
  facet normal -0.99692 0.0784311 -3.27961e-06
    outer loop
      vertex 46.1724 2.19008 20
      vertex 46.1273 1.61803 48.8244
      vertex 46.1402 1.78201 49.092
    endloop
  endfacet
  facet normal -0.996932 0.0782675 -6.54762e-06
    outer loop
      vertex 46.1724 2.19008 20
      vertex 46.1113 1.41421 48.5858
      vertex 46.1273 1.61803 48.8244
    endloop
  endfacet
  facet normal -0.996911 0.0785358 7.78694e-07
    outer loop
      vertex 46.1724 2.19008 20
      vertex 46.0925 1.17557 48.382
      vertex 46.1113 1.41421 48.5858
    endloop
  endfacet
  facet normal -0.996934 0.0782439 -9.7176e-06
    outer loop
      vertex 46.1724 2.19008 20
      vertex 46.0715 0.907981 48.218
      vertex 46.0925 1.17557 48.382
    endloop
  endfacet
  facet normal -0.996896 0.0787294 1.24752e-05
    outer loop
      vertex 46.1724 2.19008 20
      vertex 46.0486 0.618033 48.0979
      vertex 46.0715 0.907981 48.218
    endloop
  endfacet
  facet normal -0.996922 0.0784053 -5.77051e-06
    outer loop
      vertex 46.1724 2.19008 20
      vertex 46.0246 0.312868 48.0246
      vertex 46.0486 0.618033 48.0979
    endloop
  endfacet
  facet normal -0.996916 0.0784758 0
    outer loop
      vertex 46 0 48
      vertex 46.1724 2.19008 20
      vertex 46 0 20
    endloop
  endfacet
  facet normal -0.996923 0.078386 -7.06622e-06
    outer loop
      vertex 46.1724 2.19008 20
      vertex 46 0 48
      vertex 46.0246 0.312868 48.0246
    endloop
  endfacet
  facet normal -0.997029 0.0770238 6.29519e-06
    outer loop
      vertex 46.1555 1.97538 50.3129
      vertex 46.1724 2.19008 100
      vertex 46.1574 2 50
    endloop
  endfacet
  facet normal -0.996882 0.0789046 -1.88209e-06
    outer loop
      vertex 46.1497 1.90211 50.618
      vertex 46.1724 2.19008 100
      vertex 46.1555 1.97538 50.3129
    endloop
  endfacet
  facet normal -0.996886 0.0788507 -1.56554e-06
    outer loop
      vertex 46.1402 1.78201 50.908
      vertex 46.1724 2.19008 100
      vertex 46.1497 1.90211 50.618
    endloop
  endfacet
  facet normal -0.99692 0.078429 1.96139e-06
    outer loop
      vertex 46.1273 1.61803 51.1756
      vertex 46.1724 2.19008 100
      vertex 46.1402 1.78201 50.908
    endloop
  endfacet
  facet normal -0.996933 0.0782644 3.9018e-06
    outer loop
      vertex 46.1113 1.41421 51.4142
      vertex 46.1724 2.19008 100
      vertex 46.1273 1.61803 51.1756
    endloop
  endfacet
  facet normal -0.996911 0.078536 -4.62463e-07
    outer loop
      vertex 46.0925 1.17557 51.618
      vertex 46.1724 2.19008 100
      vertex 46.1113 1.41421 51.4142
    endloop
  endfacet
  facet normal -0.996934 0.0782415 5.75154e-06
    outer loop
      vertex 46.0715 0.907981 51.782
      vertex 46.1724 2.19008 100
      vertex 46.0925 1.17557 51.618
    endloop
  endfacet
  facet normal -0.996896 0.0787315 -7.35708e-06
    outer loop
      vertex 46.0486 0.618033 51.9021
      vertex 46.1724 2.19008 100
      vertex 46.0715 0.907981 51.782
    endloop
  endfacet
  facet normal -0.996922 0.0784047 3.38972e-06
    outer loop
      vertex 46.0246 0.312868 51.9754
      vertex 46.1724 2.19008 100
      vertex 46.0486 0.618033 51.9021
    endloop
  endfacet
  facet normal -0.996923 0.0783858 4.13249e-06
    outer loop
      vertex 46 0 52
      vertex 46.1724 2.19008 100
      vertex 46.0246 0.312868 51.9754
    endloop
  endfacet
  facet normal -0.996916 0.0784758 0
    outer loop
      vertex 46.1724 2.19008 100
      vertex 46 0 52
      vertex 46 0 100
    endloop
  endfacet
  facet normal -0.760415 0.649437 0
    outer loop
      vertex 48.6738 8.22899 20
      vertex 50.1005 9.89949 100
      vertex 50.1005 9.89949 20
    endloop
  endfacet
  facet normal -0.760415 0.649437 0
    outer loop
      vertex 50.1005 9.89949 100
      vertex 48.6738 8.22899 20
      vertex 48.6738 8.22899 100
    endloop
  endfacet
  facet normal -0.85263 0.522515 0
    outer loop
      vertex 47.5259 6.35587 20
      vertex 48.6738 8.22899 100
      vertex 48.6738 8.22899 20
    endloop
  endfacet
  facet normal -0.85263 0.522515 0
    outer loop
      vertex 48.6738 8.22899 100
      vertex 47.5259 6.35587 20
      vertex 47.5259 6.35587 100
    endloop
  endfacet
  facet normal -0.92388 0.382683 0
    outer loop
      vertex 46.6852 4.32624 20
      vertex 47.5259 6.35587 100
      vertex 47.5259 6.35587 20
    endloop
  endfacet
  facet normal -0.92388 0.382683 0
    outer loop
      vertex 47.5259 6.35587 100
      vertex 46.6852 4.32624 20
      vertex 46.6852 4.32624 100
    endloop
  endfacet
  facet normal -0.382672 0.923884 0
    outer loop
      vertex 55.6738 13.3148 20
      vertex 53.6441 12.4741 100
      vertex 55.6738 13.3148 100
    endloop
  endfacet
  facet normal -0.382672 0.923884 0
    outer loop
      vertex 53.6441 12.4741 100
      vertex 55.6738 13.3148 20
      vertex 53.6441 12.4741 20
    endloop
  endfacet
  facet normal -0.996916 -0.0784758 0
    outer loop
      vertex 46.1724 -2.19008 20
      vertex 46 0 48
      vertex 46 0 20
    endloop
  endfacet
  facet normal -0.996923 -0.078386 -7.06622e-06
    outer loop
      vertex 46 0 48
      vertex 46.1724 -2.19008 20
      vertex 46.0246 -0.312868 48.0246
    endloop
  endfacet
  facet normal -0.996922 -0.0784053 -5.77051e-06
    outer loop
      vertex 46.0246 -0.312868 48.0246
      vertex 46.1724 -2.19008 20
      vertex 46.0486 -0.618033 48.0979
    endloop
  endfacet
  facet normal -0.996896 -0.0787294 1.24752e-05
    outer loop
      vertex 46.0486 -0.618033 48.0979
      vertex 46.1724 -2.19008 20
      vertex 46.0715 -0.907981 48.218
    endloop
  endfacet
  facet normal -0.996934 -0.0782439 -9.7176e-06
    outer loop
      vertex 46.0715 -0.907981 48.218
      vertex 46.1724 -2.19008 20
      vertex 46.0925 -1.17557 48.382
    endloop
  endfacet
  facet normal -0.996911 -0.0785358 7.78694e-07
    outer loop
      vertex 46.0925 -1.17557 48.382
      vertex 46.1724 -2.19008 20
      vertex 46.1113 -1.41421 48.5858
    endloop
  endfacet
  facet normal -0.996932 -0.0782675 -6.54762e-06
    outer loop
      vertex 46.1113 -1.41421 48.5858
      vertex 46.1724 -2.19008 20
      vertex 46.1273 -1.61803 48.8244
    endloop
  endfacet
  facet normal -0.99692 -0.0784311 -3.27961e-06
    outer loop
      vertex 46.1273 -1.61803 48.8244
      vertex 46.1724 -2.19008 20
      vertex 46.1402 -1.78201 49.092
    endloop
  endfacet
  facet normal -0.996887 -0.0788482 2.60654e-06
    outer loop
      vertex 46.1402 -1.78201 49.092
      vertex 46.1724 -2.19008 20
      vertex 46.1497 -1.90211 49.382
    endloop
  endfacet
  facet normal -0.996883 -0.0788995 3.11298e-06
    outer loop
      vertex 46.1497 -1.90211 49.382
      vertex 46.1724 -2.19008 20
      vertex 46.1555 -1.97538 49.6871
    endloop
  endfacet
  facet normal -0.997025 -0.0770728 -1.01792e-05
    outer loop
      vertex 46.1555 -1.97538 49.6871
      vertex 46.1724 -2.19008 20
      vertex 46.1574 -2 50
    endloop
  endfacet
  facet normal -0.996923 -0.0783858 4.13249e-06
    outer loop
      vertex 46.1724 -2.19008 100
      vertex 46 0 52
      vertex 46.0246 -0.312868 51.9754
    endloop
  endfacet
  facet normal -0.996922 -0.0784047 3.38972e-06
    outer loop
      vertex 46.1724 -2.19008 100
      vertex 46.0246 -0.312868 51.9754
      vertex 46.0486 -0.618033 51.9021
    endloop
  endfacet
  facet normal -0.996896 -0.0787315 -7.35708e-06
    outer loop
      vertex 46.1724 -2.19008 100
      vertex 46.0486 -0.618033 51.9021
      vertex 46.0715 -0.907981 51.782
    endloop
  endfacet
  facet normal -0.996934 -0.0782415 5.75154e-06
    outer loop
      vertex 46.1724 -2.19008 100
      vertex 46.0715 -0.907981 51.782
      vertex 46.0925 -1.17557 51.618
    endloop
  endfacet
  facet normal -0.996911 -0.078536 -4.62463e-07
    outer loop
      vertex 46.1724 -2.19008 100
      vertex 46.0925 -1.17557 51.618
      vertex 46.1113 -1.41421 51.4142
    endloop
  endfacet
  facet normal -0.996933 -0.0782644 3.9018e-06
    outer loop
      vertex 46.1724 -2.19008 100
      vertex 46.1113 -1.41421 51.4142
      vertex 46.1273 -1.61803 51.1756
    endloop
  endfacet
  facet normal -0.99692 -0.078429 1.96139e-06
    outer loop
      vertex 46.1724 -2.19008 100
      vertex 46.1273 -1.61803 51.1756
      vertex 46.1402 -1.78201 50.908
    endloop
  endfacet
  facet normal -0.996886 -0.0788507 -1.56554e-06
    outer loop
      vertex 46.1724 -2.19008 100
      vertex 46.1402 -1.78201 50.908
      vertex 46.1497 -1.90211 50.618
    endloop
  endfacet
  facet normal -0.996882 -0.0789046 -1.88209e-06
    outer loop
      vertex 46.1724 -2.19008 100
      vertex 46.1497 -1.90211 50.618
      vertex 46.1555 -1.97538 50.3129
    endloop
  endfacet
  facet normal -0.997029 -0.0770238 6.29519e-06
    outer loop
      vertex 46.1724 -2.19008 100
      vertex 46.1555 -1.97538 50.3129
      vertex 46.1574 -2 50
    endloop
  endfacet
  facet normal -0.996916 -0.0784758 0
    outer loop
      vertex 46 0 52
      vertex 46.1724 -2.19008 100
      vertex 46 0 100
    endloop
  endfacet
  facet normal -0.996901 -0.0786696 -0
    outer loop
      vertex 46.1724 -2.19008 100
      vertex 46.1574 -2 50
      vertex 46.1724 -2.19008 20
    endloop
  endfacet
  facet normal 0.64944 0.760413 -0
    outer loop
      vertex 69.8995 9.89949 20
      vertex 68.229 11.3262 100
      vertex 69.8995 9.89949 100
    endloop
  endfacet
  facet normal 0.64944 0.760413 0
    outer loop
      vertex 68.229 11.3262 100
      vertex 69.8995 9.89949 20
      vertex 68.229 11.3262 20
    endloop
  endfacet
  facet normal 0.972375 -0.233425 0
    outer loop
      vertex 73.3148 -4.32624 100
      vertex 73.8276 -2.19008 20
      vertex 73.8276 -2.19008 100
    endloop
  endfacet
  facet normal 0.972375 -0.233425 0
    outer loop
      vertex 73.8276 -2.19008 20
      vertex 73.3148 -4.32624 100
      vertex 73.3148 -4.32624 20
    endloop
  endfacet
  facet normal 0.92388 -0.382683 0
    outer loop
      vertex 72.4741 -6.35587 100
      vertex 73.3148 -4.32624 20
      vertex 73.3148 -4.32624 100
    endloop
  endfacet
  facet normal 0.92388 -0.382683 0
    outer loop
      vertex 73.3148 -4.32624 20
      vertex 72.4741 -6.35587 100
      vertex 72.4741 -6.35587 20
    endloop
  endfacet
  facet normal -0.0784751 -0.996916 0
    outer loop
      vertex 57.8099 -13.8276 20
      vertex 60 -14 100
      vertex 57.8099 -13.8276 100
    endloop
  endfacet
  facet normal -0.0784751 -0.996916 -0
    outer loop
      vertex 60 -14 100
      vertex 57.8099 -13.8276 20
      vertex 60 -14 20
    endloop
  endfacet
  facet normal -0.64944 -0.760413 0
    outer loop
      vertex 50.1005 -9.89949 20
      vertex 51.771 -11.3262 100
      vertex 50.1005 -9.89949 100
    endloop
  endfacet
  facet normal -0.64944 -0.760413 -0
    outer loop
      vertex 51.771 -11.3262 100
      vertex 50.1005 -9.89949 20
      vertex 51.771 -11.3262 20
    endloop
  endfacet
  facet normal -0.382672 -0.923884 0
    outer loop
      vertex 53.6441 -12.4741 20
      vertex 55.6738 -13.3148 100
      vertex 53.6441 -12.4741 100
    endloop
  endfacet
  facet normal -0.382672 -0.923884 -0
    outer loop
      vertex 55.6738 -13.3148 100
      vertex 53.6441 -12.4741 20
      vertex 55.6738 -13.3148 20
    endloop
  endfacet
  facet normal 0.996916 -0.0784758 0
    outer loop
      vertex 73.8276 -2.19008 100
      vertex 74 0 20
      vertex 74 0 100
    endloop
  endfacet
  facet normal 0.996916 -0.0784758 0
    outer loop
      vertex 74 0 20
      vertex 73.8276 -2.19008 100
      vertex 73.8276 -2.19008 20
    endloop
  endfacet
  facet normal -0.64944 0.760413 0
    outer loop
      vertex 51.771 11.3262 20
      vertex 50.1005 9.89949 100
      vertex 51.771 11.3262 100
    endloop
  endfacet
  facet normal -0.64944 0.760413 0
    outer loop
      vertex 50.1005 9.89949 100
      vertex 51.771 11.3262 20
      vertex 50.1005 9.89949 20
    endloop
  endfacet
  facet normal -0.972375 0.233425 0
    outer loop
      vertex 46.1724 2.19008 20
      vertex 46.6852 4.32624 100
      vertex 46.6852 4.32624 20
    endloop
  endfacet
  facet normal -0.972375 0.233425 0
    outer loop
      vertex 46.6852 4.32624 100
      vertex 46.1724 2.19008 20
      vertex 46.1724 2.19008 100
    endloop
  endfacet
  facet normal 0.760415 0.649437 0
    outer loop
      vertex 71.3262 8.22899 100
      vertex 69.8995 9.89949 20
      vertex 69.8995 9.89949 100
    endloop
  endfacet
  facet normal 0.760415 0.649437 0
    outer loop
      vertex 69.8995 9.89949 20
      vertex 71.3262 8.22899 100
      vertex 71.3262 8.22899 20
    endloop
  endfacet
  facet normal 0.382672 0.923884 -0
    outer loop
      vertex 66.3559 12.4741 20
      vertex 64.3262 13.3148 100
      vertex 66.3559 12.4741 100
    endloop
  endfacet
  facet normal 0.382672 0.923884 0
    outer loop
      vertex 64.3262 13.3148 100
      vertex 66.3559 12.4741 20
      vertex 64.3262 13.3148 20
    endloop
  endfacet
  facet normal -0.85263 -0.522515 0
    outer loop
      vertex 48.6738 -8.22899 20
      vertex 47.5259 -6.35587 100
      vertex 47.5259 -6.35587 20
    endloop
  endfacet
  facet normal -0.85263 -0.522515 0
    outer loop
      vertex 47.5259 -6.35587 100
      vertex 48.6738 -8.22899 20
      vertex 48.6738 -8.22899 100
    endloop
  endfacet
  facet normal 0.64944 -0.760413 0
    outer loop
      vertex 68.229 -11.3262 20
      vertex 69.8995 -9.89949 100
      vertex 68.229 -11.3262 100
    endloop
  endfacet
  facet normal 0.64944 -0.760413 0
    outer loop
      vertex 69.8995 -9.89949 100
      vertex 68.229 -11.3262 20
      vertex 69.8995 -9.89949 20
    endloop
  endfacet
  facet normal 0.522519 -0.852627 0
    outer loop
      vertex 66.3559 -12.4741 20
      vertex 68.229 -11.3262 100
      vertex 66.3559 -12.4741 100
    endloop
  endfacet
  facet normal 0.522519 -0.852627 0
    outer loop
      vertex 68.229 -11.3262 100
      vertex 66.3559 -12.4741 20
      vertex 68.229 -11.3262 20
    endloop
  endfacet
  facet normal 0.85263 -0.522515 0
    outer loop
      vertex 71.3262 -8.22899 100
      vertex 72.4741 -6.35587 20
      vertex 72.4741 -6.35587 100
    endloop
  endfacet
  facet normal 0.85263 -0.522515 0
    outer loop
      vertex 72.4741 -6.35587 20
      vertex 71.3262 -8.22899 100
      vertex 71.3262 -8.22899 20
    endloop
  endfacet
  facet normal 0.522519 0.852627 -0
    outer loop
      vertex 68.229 11.3262 20
      vertex 66.3559 12.4741 100
      vertex 68.229 11.3262 100
    endloop
  endfacet
  facet normal 0.522519 0.852627 0
    outer loop
      vertex 66.3559 12.4741 100
      vertex 68.229 11.3262 20
      vertex 66.3559 12.4741 20
    endloop
  endfacet
  facet normal 0.0784751 -0.996916 0
    outer loop
      vertex 60 -14 20
      vertex 62.1901 -13.8276 100
      vertex 60 -14 100
    endloop
  endfacet
  facet normal 0.0784751 -0.996916 0
    outer loop
      vertex 62.1901 -13.8276 100
      vertex 60 -14 20
      vertex 62.1901 -13.8276 20
    endloop
  endfacet
  facet normal -0.233431 0.972373 0
    outer loop
      vertex 57.8099 13.8276 20
      vertex 55.6738 13.3148 100
      vertex 57.8099 13.8276 100
    endloop
  endfacet
  facet normal -0.233431 0.972373 0
    outer loop
      vertex 55.6738 13.3148 100
      vertex 57.8099 13.8276 20
      vertex 55.6738 13.3148 20
    endloop
  endfacet
  facet normal -0.0784751 0.996916 0
    outer loop
      vertex 60 14 20
      vertex 57.8099 13.8276 100
      vertex 60 14 100
    endloop
  endfacet
  facet normal -0.0784751 0.996916 0
    outer loop
      vertex 57.8099 13.8276 100
      vertex 60 14 20
      vertex 57.8099 13.8276 20
    endloop
  endfacet
  facet normal -0.760415 -0.649437 0
    outer loop
      vertex 50.1005 -9.89949 20
      vertex 48.6738 -8.22899 100
      vertex 48.6738 -8.22899 20
    endloop
  endfacet
  facet normal -0.760415 -0.649437 0
    outer loop
      vertex 48.6738 -8.22899 100
      vertex 50.1005 -9.89949 20
      vertex 50.1005 -9.89949 100
    endloop
  endfacet
  facet normal 0.85263 0.522515 0
    outer loop
      vertex 72.4741 6.35587 100
      vertex 71.3262 8.22899 20
      vertex 71.3262 8.22899 100
    endloop
  endfacet
  facet normal 0.85263 0.522515 0
    outer loop
      vertex 71.3262 8.22899 20
      vertex 72.4741 6.35587 100
      vertex 72.4741 6.35587 20
    endloop
  endfacet
  facet normal 0.233431 0.972373 -0
    outer loop
      vertex 64.3262 13.3148 20
      vertex 62.1901 13.8276 100
      vertex 64.3262 13.3148 100
    endloop
  endfacet
  facet normal 0.233431 0.972373 0
    outer loop
      vertex 62.1901 13.8276 100
      vertex 64.3262 13.3148 20
      vertex 62.1901 13.8276 20
    endloop
  endfacet
  facet normal 0.760415 -0.649437 0
    outer loop
      vertex 69.8995 -9.89949 100
      vertex 71.3262 -8.22899 20
      vertex 71.3262 -8.22899 100
    endloop
  endfacet
  facet normal 0.760415 -0.649437 0
    outer loop
      vertex 71.3262 -8.22899 20
      vertex 69.8995 -9.89949 100
      vertex 69.8995 -9.89949 20
    endloop
  endfacet
  facet normal 0.0784751 0.996916 -0
    outer loop
      vertex 62.1901 13.8276 20
      vertex 60 14 100
      vertex 62.1901 13.8276 100
    endloop
  endfacet
  facet normal 0.0784751 0.996916 0
    outer loop
      vertex 60 14 100
      vertex 62.1901 13.8276 20
      vertex 60 14 20
    endloop
  endfacet
  facet normal 0.92388 0.382683 0
    outer loop
      vertex 73.3148 4.32624 100
      vertex 72.4741 6.35587 20
      vertex 72.4741 6.35587 100
    endloop
  endfacet
  facet normal 0.92388 0.382683 0
    outer loop
      vertex 72.4741 6.35587 20
      vertex 73.3148 4.32624 100
      vertex 73.3148 4.32624 20
    endloop
  endfacet
  facet normal -0.522519 0.852627 0
    outer loop
      vertex 53.6441 12.4741 20
      vertex 51.771 11.3262 100
      vertex 53.6441 12.4741 100
    endloop
  endfacet
  facet normal -0.522519 0.852627 0
    outer loop
      vertex 51.771 11.3262 100
      vertex 53.6441 12.4741 20
      vertex 51.771 11.3262 20
    endloop
  endfacet
  facet normal -0.233431 -0.972373 0
    outer loop
      vertex 55.6738 -13.3148 20
      vertex 57.8099 -13.8276 100
      vertex 55.6738 -13.3148 100
    endloop
  endfacet
  facet normal -0.233431 -0.972373 -0
    outer loop
      vertex 57.8099 -13.8276 100
      vertex 55.6738 -13.3148 20
      vertex 57.8099 -13.8276 20
    endloop
  endfacet
  facet normal -0.92388 -0.382683 0
    outer loop
      vertex 47.5259 -6.35587 20
      vertex 46.6852 -4.32624 100
      vertex 46.6852 -4.32624 20
    endloop
  endfacet
  facet normal -0.92388 -0.382683 0
    outer loop
      vertex 46.6852 -4.32624 100
      vertex 47.5259 -6.35587 20
      vertex 47.5259 -6.35587 100
    endloop
  endfacet
  facet normal 0 0 -1
    outer loop
      vertex 73.8276 -2.19008 20
      vertex 73.8276 2.19008 20
      vertex 74 0 20
    endloop
  endfacet
  facet normal 0 0 -1
    outer loop
      vertex 73.3148 -4.32624 20
      vertex 73.8276 2.19008 20
      vertex 73.8276 -2.19008 20
    endloop
  endfacet
  facet normal 0 0 -1
    outer loop
      vertex 73.3148 -4.32624 20
      vertex 73.3148 4.32624 20
      vertex 73.8276 2.19008 20
    endloop
  endfacet
  facet normal 0 0 -1
    outer loop
      vertex 72.4741 -6.35587 20
      vertex 73.3148 4.32624 20
      vertex 73.3148 -4.32624 20
    endloop
  endfacet
  facet normal 0 0 -1
    outer loop
      vertex 72.4741 -6.35587 20
      vertex 72.4741 6.35587 20
      vertex 73.3148 4.32624 20
    endloop
  endfacet
  facet normal 0 0 -1
    outer loop
      vertex 71.3262 -8.22899 20
      vertex 72.4741 6.35587 20
      vertex 72.4741 -6.35587 20
    endloop
  endfacet
  facet normal 0 0 -1
    outer loop
      vertex 71.3262 -8.22899 20
      vertex 71.3262 8.22899 20
      vertex 72.4741 6.35587 20
    endloop
  endfacet
  facet normal 0 0 -1
    outer loop
      vertex 69.8995 -9.89949 20
      vertex 71.3262 8.22899 20
      vertex 71.3262 -8.22899 20
    endloop
  endfacet
  facet normal 0 0 -1
    outer loop
      vertex 69.8995 -9.89949 20
      vertex 69.8995 9.89949 20
      vertex 71.3262 8.22899 20
    endloop
  endfacet
  facet normal 0 0 -1
    outer loop
      vertex 68.229 -11.3262 20
      vertex 69.8995 9.89949 20
      vertex 69.8995 -9.89949 20
    endloop
  endfacet
  facet normal 0 0 -1
    outer loop
      vertex 68.229 -11.3262 20
      vertex 68.229 11.3262 20
      vertex 69.8995 9.89949 20
    endloop
  endfacet
  facet normal 0 0 -1
    outer loop
      vertex 66.3559 -12.4741 20
      vertex 68.229 11.3262 20
      vertex 68.229 -11.3262 20
    endloop
  endfacet
  facet normal 0 0 -1
    outer loop
      vertex 66.3559 -12.4741 20
      vertex 66.3559 12.4741 20
      vertex 68.229 11.3262 20
    endloop
  endfacet
  facet normal 0 0 -1
    outer loop
      vertex 64.3262 -13.3148 20
      vertex 66.3559 12.4741 20
      vertex 66.3559 -12.4741 20
    endloop
  endfacet
  facet normal 0 0 -1
    outer loop
      vertex 64.3262 -13.3148 20
      vertex 64.3262 13.3148 20
      vertex 66.3559 12.4741 20
    endloop
  endfacet
  facet normal 0 0 -1
    outer loop
      vertex 62.1901 -13.8276 20
      vertex 64.3262 13.3148 20
      vertex 64.3262 -13.3148 20
    endloop
  endfacet
  facet normal 0 0 -1
    outer loop
      vertex 62.1901 -13.8276 20
      vertex 62.1901 13.8276 20
      vertex 64.3262 13.3148 20
    endloop
  endfacet
  facet normal 0 0 -1
    outer loop
      vertex 60 -14 20
      vertex 62.1901 13.8276 20
      vertex 62.1901 -13.8276 20
    endloop
  endfacet
  facet normal 0 0 -1
    outer loop
      vertex 60 -14 20
      vertex 60 14 20
      vertex 62.1901 13.8276 20
    endloop
  endfacet
  facet normal 0 0 -1
    outer loop
      vertex 57.8099 -13.8276 20
      vertex 60 14 20
      vertex 60 -14 20
    endloop
  endfacet
  facet normal 0 0 -1
    outer loop
      vertex 57.8099 -13.8276 20
      vertex 57.8099 13.8276 20
      vertex 60 14 20
    endloop
  endfacet
  facet normal 0 0 -1
    outer loop
      vertex 55.6738 -13.3148 20
      vertex 57.8099 13.8276 20
      vertex 57.8099 -13.8276 20
    endloop
  endfacet
  facet normal 0 0 -1
    outer loop
      vertex 55.6738 -13.3148 20
      vertex 55.6738 13.3148 20
      vertex 57.8099 13.8276 20
    endloop
  endfacet
  facet normal 0 0 -1
    outer loop
      vertex 53.6441 -12.4741 20
      vertex 55.6738 13.3148 20
      vertex 55.6738 -13.3148 20
    endloop
  endfacet
  facet normal 0 0 -1
    outer loop
      vertex 53.6441 -12.4741 20
      vertex 53.6441 12.4741 20
      vertex 55.6738 13.3148 20
    endloop
  endfacet
  facet normal 0 0 -1
    outer loop
      vertex 51.771 -11.3262 20
      vertex 53.6441 12.4741 20
      vertex 53.6441 -12.4741 20
    endloop
  endfacet
  facet normal 0 0 -1
    outer loop
      vertex 51.771 -11.3262 20
      vertex 51.771 11.3262 20
      vertex 53.6441 12.4741 20
    endloop
  endfacet
  facet normal 0 0 -1
    outer loop
      vertex 50.1005 -9.89949 20
      vertex 51.771 11.3262 20
      vertex 51.771 -11.3262 20
    endloop
  endfacet
  facet normal 0 0 -1
    outer loop
      vertex 50.1005 -9.89949 20
      vertex 50.1005 9.89949 20
      vertex 51.771 11.3262 20
    endloop
  endfacet
  facet normal 0 0 -1
    outer loop
      vertex 48.6738 -8.22899 20
      vertex 50.1005 9.89949 20
      vertex 50.1005 -9.89949 20
    endloop
  endfacet
  facet normal 0 0 -1
    outer loop
      vertex 48.6738 -8.22899 20
      vertex 48.6738 8.22899 20
      vertex 50.1005 9.89949 20
    endloop
  endfacet
  facet normal 0 0 -1
    outer loop
      vertex 47.5259 -6.35587 20
      vertex 48.6738 8.22899 20
      vertex 48.6738 -8.22899 20
    endloop
  endfacet
  facet normal 0 0 -1
    outer loop
      vertex 47.5259 -6.35587 20
      vertex 47.5259 6.35587 20
      vertex 48.6738 8.22899 20
    endloop
  endfacet
  facet normal 0 0 -1
    outer loop
      vertex 46.6852 -4.32624 20
      vertex 47.5259 6.35587 20
      vertex 47.5259 -6.35587 20
    endloop
  endfacet
  facet normal 0 0 -1
    outer loop
      vertex 46.6852 -4.32624 20
      vertex 46.6852 4.32624 20
      vertex 47.5259 6.35587 20
    endloop
  endfacet
  facet normal 0 0 -1
    outer loop
      vertex 46.1724 -2.19008 20
      vertex 46.6852 4.32624 20
      vertex 46.6852 -4.32624 20
    endloop
  endfacet
  facet normal 0 0 -1
    outer loop
      vertex 46.1724 -2.19008 20
      vertex 46.1724 2.19008 20
      vertex 46.6852 4.32624 20
    endloop
  endfacet
  facet normal 0 -0 -1
    outer loop
      vertex 46.1724 2.19008 20
      vertex 46.1724 -2.19008 20
      vertex 46 0 20
    endloop
  endfacet
  facet normal -0.522519 -0.852627 0
    outer loop
      vertex 51.771 -11.3262 20
      vertex 53.6441 -12.4741 100
      vertex 51.771 -11.3262 100
    endloop
  endfacet
  facet normal -0.522519 -0.852627 -0
    outer loop
      vertex 53.6441 -12.4741 100
      vertex 51.771 -11.3262 20
      vertex 53.6441 -12.4741 20
    endloop
  endfacet
  facet normal 0 0 1
    outer loop
      vertex 73.8276 2.19008 100
      vertex 73.9568 0 100
      vertex 74 0 100
    endloop
  endfacet
  facet normal 0 0 1
    outer loop
      vertex 73.8276 2.19008 100
      vertex 73.785 2.18333 100
      vertex 73.9568 0 100
    endloop
  endfacet
  facet normal 0 0 1
    outer loop
      vertex 73.3148 4.32624 100
      vertex 73.785 2.18333 100
      vertex 73.8276 2.19008 100
    endloop
  endfacet
  facet normal 0 0 1
    outer loop
      vertex 73.3148 4.32624 100
      vertex 73.2737 4.3129 100
      vertex 73.785 2.18333 100
    endloop
  endfacet
  facet normal 0 0 1
    outer loop
      vertex 72.4741 6.35587 100
      vertex 73.2737 4.3129 100
      vertex 73.3148 4.32624 100
    endloop
  endfacet
  facet normal 0 0 1
    outer loop
      vertex 72.4741 6.35587 100
      vertex 72.4356 6.33627 100
      vertex 73.2737 4.3129 100
    endloop
  endfacet
  facet normal 0 0 1
    outer loop
      vertex 71.3262 8.22899 100
      vertex 72.4356 6.33627 100
      vertex 72.4741 6.35587 100
    endloop
  endfacet
  facet normal 0 0 1
    outer loop
      vertex 71.3262 8.22899 100
      vertex 71.2913 8.20363 100
      vertex 72.4356 6.33627 100
    endloop
  endfacet
  facet normal 0 0 1
    outer loop
      vertex 69.8995 9.89949 100
      vertex 71.2913 8.20363 100
      vertex 71.3262 8.22899 100
    endloop
  endfacet
  facet normal 0 0 1
    outer loop
      vertex 69.8995 9.89949 100
      vertex 69.869 9.86898 100
      vertex 71.2913 8.20363 100
    endloop
  endfacet
  facet normal 0 0 1
    outer loop
      vertex 68.229 11.3262 100
      vertex 69.869 9.86898 100
      vertex 69.8995 9.89949 100
    endloop
  endfacet
  facet normal 0 0 1
    outer loop
      vertex 68.229 11.3262 100
      vertex 68.2036 11.2913 100
      vertex 69.869 9.86898 100
    endloop
  endfacet
  facet normal 0 0 1
    outer loop
      vertex 66.3559 12.4741 100
      vertex 68.2036 11.2913 100
      vertex 68.229 11.3262 100
    endloop
  endfacet
  facet normal 0 0 1
    outer loop
      vertex 66.3559 12.4741 100
      vertex 66.3363 12.4356 100
      vertex 68.2036 11.2913 100
    endloop
  endfacet
  facet normal 0 0 1
    outer loop
      vertex 64.3262 13.3148 100
      vertex 66.3363 12.4356 100
      vertex 66.3559 12.4741 100
    endloop
  endfacet
  facet normal 0 0 1
    outer loop
      vertex 64.3262 13.3148 100
      vertex 64.3129 13.2737 100
      vertex 66.3363 12.4356 100
    endloop
  endfacet
  facet normal 0 0 1
    outer loop
      vertex 62.1901 13.8276 100
      vertex 64.3129 13.2737 100
      vertex 64.3262 13.3148 100
    endloop
  endfacet
  facet normal 0 0 1
    outer loop
      vertex 62.1901 13.8276 100
      vertex 62.1833 13.785 100
      vertex 64.3129 13.2737 100
    endloop
  endfacet
  facet normal 0 0 1
    outer loop
      vertex 60 14 100
      vertex 62.1833 13.785 100
      vertex 62.1901 13.8276 100
    endloop
  endfacet
  facet normal 0 0 1
    outer loop
      vertex 60 14 100
      vertex 60 13.9568 100
      vertex 62.1833 13.785 100
    endloop
  endfacet
  facet normal 0 0 1
    outer loop
      vertex 60 14 100
      vertex 57.8167 13.785 100
      vertex 60 13.9568 100
    endloop
  endfacet
  facet normal -0 0 1
    outer loop
      vertex 57.8099 13.8276 100
      vertex 57.8167 13.785 100
      vertex 60 14 100
    endloop
  endfacet
  facet normal 0 0 1
    outer loop
      vertex 57.8099 13.8276 100
      vertex 55.6871 13.2737 100
      vertex 57.8167 13.785 100
    endloop
  endfacet
  facet normal -0 0 1
    outer loop
      vertex 55.6738 13.3148 100
      vertex 55.6871 13.2737 100
      vertex 57.8099 13.8276 100
    endloop
  endfacet
  facet normal 0 0 1
    outer loop
      vertex 55.6738 13.3148 100
      vertex 53.6637 12.4356 100
      vertex 55.6871 13.2737 100
    endloop
  endfacet
  facet normal -0 0 1
    outer loop
      vertex 53.6441 12.4741 100
      vertex 53.6637 12.4356 100
      vertex 55.6738 13.3148 100
    endloop
  endfacet
  facet normal 0 0 1
    outer loop
      vertex 53.6441 12.4741 100
      vertex 51.7964 11.2913 100
      vertex 53.6637 12.4356 100
    endloop
  endfacet
  facet normal -0 0 1
    outer loop
      vertex 51.771 11.3262 100
      vertex 51.7964 11.2913 100
      vertex 53.6441 12.4741 100
    endloop
  endfacet
  facet normal 0 0 1
    outer loop
      vertex 51.771 11.3262 100
      vertex 50.131 9.86898 100
      vertex 51.7964 11.2913 100
    endloop
  endfacet
  facet normal -0 0 1
    outer loop
      vertex 50.1005 9.89949 100
      vertex 50.131 9.86898 100
      vertex 51.771 11.3262 100
    endloop
  endfacet
  facet normal 0 0 1
    outer loop
      vertex 50.1005 9.89949 100
      vertex 48.7087 8.20363 100
      vertex 50.131 9.86898 100
    endloop
  endfacet
  facet normal -0 0 1
    outer loop
      vertex 48.6738 8.22899 100
      vertex 48.7087 8.20363 100
      vertex 50.1005 9.89949 100
    endloop
  endfacet
  facet normal 0 0 1
    outer loop
      vertex 48.6738 8.22899 100
      vertex 47.5644 6.33627 100
      vertex 48.7087 8.20363 100
    endloop
  endfacet
  facet normal -0 0 1
    outer loop
      vertex 47.5259 6.35587 100
      vertex 47.5644 6.33627 100
      vertex 48.6738 8.22899 100
    endloop
  endfacet
  facet normal 0 0 1
    outer loop
      vertex 47.5259 6.35587 100
      vertex 46.7263 4.3129 100
      vertex 47.5644 6.33627 100
    endloop
  endfacet
  facet normal -0 0 1
    outer loop
      vertex 46.6852 4.32624 100
      vertex 46.7263 4.3129 100
      vertex 47.5259 6.35587 100
    endloop
  endfacet
  facet normal 0 0 1
    outer loop
      vertex 46.6852 4.32624 100
      vertex 46.215 2.18333 100
      vertex 46.7263 4.3129 100
    endloop
  endfacet
  facet normal -0 0 1
    outer loop
      vertex 46.1724 2.19008 100
      vertex 46.215 2.18333 100
      vertex 46.6852 4.32624 100
    endloop
  endfacet
  facet normal 0 0 1
    outer loop
      vertex 46.1724 2.19008 100
      vertex 46.0432 0 100
      vertex 46.215 2.18333 100
    endloop
  endfacet
  facet normal 0 -0 1
    outer loop
      vertex 46.0432 0 100
      vertex 46.1724 2.19008 100
      vertex 46 0 100
    endloop
  endfacet
  facet normal -0 0 1
    outer loop
      vertex 73.9568 0 100
      vertex 73.8276 -2.19008 100
      vertex 74 0 100
    endloop
  endfacet
  facet normal -0 0 1
    outer loop
      vertex 73.785 -2.18333 100
      vertex 73.8276 -2.19008 100
      vertex 73.9568 0 100
    endloop
  endfacet
  facet normal 0 0 1
    outer loop
      vertex 73.785 -2.18333 100
      vertex 73.3148 -4.32624 100
      vertex 73.8276 -2.19008 100
    endloop
  endfacet
  facet normal -0 0 1
    outer loop
      vertex 73.2737 -4.3129 100
      vertex 73.3148 -4.32624 100
      vertex 73.785 -2.18333 100
    endloop
  endfacet
  facet normal 0 0 1
    outer loop
      vertex 73.2737 -4.3129 100
      vertex 72.4741 -6.35587 100
      vertex 73.3148 -4.32624 100
    endloop
  endfacet
  facet normal -0 0 1
    outer loop
      vertex 72.4356 -6.33627 100
      vertex 72.4741 -6.35587 100
      vertex 73.2737 -4.3129 100
    endloop
  endfacet
  facet normal 0 0 1
    outer loop
      vertex 72.4356 -6.33627 100
      vertex 71.3262 -8.22899 100
      vertex 72.4741 -6.35587 100
    endloop
  endfacet
  facet normal -0 0 1
    outer loop
      vertex 71.2913 -8.20363 100
      vertex 71.3262 -8.22899 100
      vertex 72.4356 -6.33627 100
    endloop
  endfacet
  facet normal 0 0 1
    outer loop
      vertex 71.2913 -8.20363 100
      vertex 69.8995 -9.89949 100
      vertex 71.3262 -8.22899 100
    endloop
  endfacet
  facet normal -0 0 1
    outer loop
      vertex 69.869 -9.86898 100
      vertex 69.8995 -9.89949 100
      vertex 71.2913 -8.20363 100
    endloop
  endfacet
  facet normal 0 0 1
    outer loop
      vertex 69.869 -9.86898 100
      vertex 68.229 -11.3262 100
      vertex 69.8995 -9.89949 100
    endloop
  endfacet
  facet normal -0 0 1
    outer loop
      vertex 68.2036 -11.2913 100
      vertex 68.229 -11.3262 100
      vertex 69.869 -9.86898 100
    endloop
  endfacet
  facet normal 0 0 1
    outer loop
      vertex 68.2036 -11.2913 100
      vertex 66.3559 -12.4741 100
      vertex 68.229 -11.3262 100
    endloop
  endfacet
  facet normal -0 0 1
    outer loop
      vertex 66.3363 -12.4356 100
      vertex 66.3559 -12.4741 100
      vertex 68.2036 -11.2913 100
    endloop
  endfacet
  facet normal 0 0 1
    outer loop
      vertex 66.3363 -12.4356 100
      vertex 64.3262 -13.3148 100
      vertex 66.3559 -12.4741 100
    endloop
  endfacet
  facet normal -0 0 1
    outer loop
      vertex 64.3129 -13.2737 100
      vertex 64.3262 -13.3148 100
      vertex 66.3363 -12.4356 100
    endloop
  endfacet
  facet normal 0 0 1
    outer loop
      vertex 64.3129 -13.2737 100
      vertex 62.1901 -13.8276 100
      vertex 64.3262 -13.3148 100
    endloop
  endfacet
  facet normal -0 0 1
    outer loop
      vertex 62.1833 -13.785 100
      vertex 62.1901 -13.8276 100
      vertex 64.3129 -13.2737 100
    endloop
  endfacet
  facet normal 0 0 1
    outer loop
      vertex 60 -13.9568 100
      vertex 62.1901 -13.8276 100
      vertex 62.1833 -13.785 100
    endloop
  endfacet
  facet normal -0 0 1
    outer loop
      vertex 60 -13.9568 100
      vertex 60 -14 100
      vertex 62.1901 -13.8276 100
    endloop
  endfacet
  facet normal 0 0 1
    outer loop
      vertex 57.8167 -13.785 100
      vertex 60 -14 100
      vertex 60 -13.9568 100
    endloop
  endfacet
  facet normal 0 0 1
    outer loop
      vertex 57.8167 -13.785 100
      vertex 57.8099 -13.8276 100
      vertex 60 -14 100
    endloop
  endfacet
  facet normal 0 0 1
    outer loop
      vertex 55.6871 -13.2737 100
      vertex 57.8099 -13.8276 100
      vertex 57.8167 -13.785 100
    endloop
  endfacet
  facet normal 0 0 1
    outer loop
      vertex 55.6871 -13.2737 100
      vertex 55.6738 -13.3148 100
      vertex 57.8099 -13.8276 100
    endloop
  endfacet
  facet normal 0 0 1
    outer loop
      vertex 53.6637 -12.4356 100
      vertex 55.6738 -13.3148 100
      vertex 55.6871 -13.2737 100
    endloop
  endfacet
  facet normal 0 0 1
    outer loop
      vertex 53.6637 -12.4356 100
      vertex 53.6441 -12.4741 100
      vertex 55.6738 -13.3148 100
    endloop
  endfacet
  facet normal 0 0 1
    outer loop
      vertex 51.7964 -11.2913 100
      vertex 53.6441 -12.4741 100
      vertex 53.6637 -12.4356 100
    endloop
  endfacet
  facet normal 0 0 1
    outer loop
      vertex 51.7964 -11.2913 100
      vertex 51.771 -11.3262 100
      vertex 53.6441 -12.4741 100
    endloop
  endfacet
  facet normal 0 0 1
    outer loop
      vertex 50.131 -9.86898 100
      vertex 51.771 -11.3262 100
      vertex 51.7964 -11.2913 100
    endloop
  endfacet
  facet normal 0 0 1
    outer loop
      vertex 50.131 -9.86898 100
      vertex 50.1005 -9.89949 100
      vertex 51.771 -11.3262 100
    endloop
  endfacet
  facet normal 0 0 1
    outer loop
      vertex 48.7087 -8.20363 100
      vertex 50.1005 -9.89949 100
      vertex 50.131 -9.86898 100
    endloop
  endfacet
  facet normal 0 0 1
    outer loop
      vertex 48.7087 -8.20363 100
      vertex 48.6738 -8.22899 100
      vertex 50.1005 -9.89949 100
    endloop
  endfacet
  facet normal 0 0 1
    outer loop
      vertex 47.5644 -6.33627 100
      vertex 48.6738 -8.22899 100
      vertex 48.7087 -8.20363 100
    endloop
  endfacet
  facet normal 0 0 1
    outer loop
      vertex 47.5644 -6.33627 100
      vertex 47.5259 -6.35587 100
      vertex 48.6738 -8.22899 100
    endloop
  endfacet
  facet normal 0 0 1
    outer loop
      vertex 46.7263 -4.3129 100
      vertex 47.5259 -6.35587 100
      vertex 47.5644 -6.33627 100
    endloop
  endfacet
  facet normal 0 0 1
    outer loop
      vertex 46.7263 -4.3129 100
      vertex 46.6852 -4.32624 100
      vertex 47.5259 -6.35587 100
    endloop
  endfacet
  facet normal 0 0 1
    outer loop
      vertex 46.215 -2.18333 100
      vertex 46.6852 -4.32624 100
      vertex 46.7263 -4.3129 100
    endloop
  endfacet
  facet normal 0 0 1
    outer loop
      vertex 46.215 -2.18333 100
      vertex 46.1724 -2.19008 100
      vertex 46.6852 -4.32624 100
    endloop
  endfacet
  facet normal 0 0 1
    outer loop
      vertex 46.0432 0 100
      vertex 46.1724 -2.19008 100
      vertex 46.215 -2.18333 100
    endloop
  endfacet
  facet normal 0 0 1
    outer loop
      vertex 46.1724 -2.19008 100
      vertex 46.0432 0 100
      vertex 46 0 100
    endloop
  endfacet
  facet normal -0.453574 -0.0357184 0.890503
    outer loop
      vertex 54.6424 0 112.934
      vertex 52.7751 -1.14431 111.937
      vertex 54.7084 -0.838108 112.934
    endloop
  endfacet
  facet normal 0.453576 -0.0357134 0.890502
    outer loop
      vertex 67.315 0 111.937
      vertex 65.3576 0 112.934
      vertex 67.2249 -1.14431 111.937
    endloop
  endfacet
  facet normal -0.420343 0.174101 0.890506
    outer loop
      vertex 55.2264 2.43228 112.934
      vertex 53.4823 3.32093 111.937
      vertex 54.9047 1.65558 112.934
    endloop
  endfacet
  facet normal 0.465823 0.760157 0.452957
    outer loop
      vertex 67.6026 10.4641 105.358
      vertex 65.4193 10.6359 107.315
      vertex 67.0164 9.6572 107.315
    endloop
  endfacet
  facet normal -0.677918 0.579024 0.452945
    outer loop
      vertex 50.8541 9.14594 105.358
      vertex 49.5359 7.6026 105.358
      vertex 51.5593 8.44071 107.315
    endloop
  endfacet
  facet normal -0.78745 -0.189064 0.586666
    outer loop
      vertex 49.4854 -1.66535 109.092
      vertex 48.21 -1.86735 107.315
      vertex 49.8754 -3.2897 109.092
    endloop
  endfacet
  facet normal 0.748208 0.309883 0.586649
    outer loop
      vertex 70.6359 5.41927 107.315
      vertex 69.4854 4.83304 109.092
      vertex 70.1246 3.2897 109.092
    endloop
  endfacet
  facet normal 0.807331 -0.063554 0.586667
    outer loop
      vertex 71.937 0 107.315
      vertex 70.6457 0 109.092
      vertex 71.79 -1.86735 107.315
    endloop
  endfacet
  facet normal -0.516109 0.842208 0.155939
    outer loop
      vertex 53.8197 12.1294 103.268
      vertex 51.7964 11.2913 101.098
      vertex 51.9984 11.0133 103.268
    endloop
  endfacet
  facet normal -0.301376 -0.072341 0.950757
    outer loop
      vertex 56.772 -0.511264 113.613
      vertex 54.7084 -0.838108 112.934
      vertex 56.8917 -1.00994 113.613
    endloop
  endfacet
  facet normal -0.522504 0.852637 0
    outer loop
      vertex 53.6637 12.4356 100
      vertex 51.7964 11.2913 101.098
      vertex 53.6637 12.4356 101.098
    endloop
  endfacet
  facet normal -0.522504 0.852637 0
    outer loop
      vertex 51.7964 11.2913 101.098
      vertex 53.6637 12.4356 100
      vertex 51.7964 11.2913 100
    endloop
  endfacet
  facet normal -0.133917 0.0820461 0.98759
    outer loop
      vertex 57.3559 1.92102 113.613
      vertex 57.088 1.48375 113.613
      vertex 59.1114 0.645638 113.957
    endloop
  endfacet
  facet normal 0.912571 0.378013 0.155948
    outer loop
      vertex 72.4356 6.33627 101.098
      vertex 72.1294 6.18025 103.268
      vertex 72.9469 4.2067 103.268
    endloop
  endfacet
  facet normal -0.152717 -0.0366576 0.98759
    outer loop
      vertex 58.9151 -0.171831 113.957
      vertex 56.772 -0.511264 113.613
      vertex 56.8917 -1.00994 113.613
    endloop
  endfacet
  facet normal -0.960472 -0.230605 0.155932
    outer loop
      vertex 47.0531 -4.2067 103.268
      vertex 46.215 -2.18333 101.098
      vertex 46.7263 -4.3129 101.098
    endloop
  endfacet
  facet normal 0.923881 0.382681 0
    outer loop
      vertex 73.2737 4.3129 101.098
      vertex 72.4356 6.33627 100
      vertex 72.4356 6.33627 101.098
    endloop
  endfacet
  facet normal 0.923881 0.382681 0
    outer loop
      vertex 72.4356 6.33627 100
      vertex 73.2737 4.3129 101.098
      vertex 73.2737 4.3129 100
    endloop
  endfacet
  facet normal -0.60395 -0.370115 0.705875
    outer loop
      vertex 51.8987 -4.1278 110.646
      vertex 51.3875 -6.25738 109.092
      vertex 52.6442 -5.3443 110.646
    endloop
  endfacet
  facet normal -0.723428 0.617858 0.308063
    outer loop
      vertex 50.374 9.62597 103.268
      vertex 48.9867 8.00163 103.268
      vertex 49.5359 7.6026 105.358
    endloop
  endfacet
  facet normal -0.118606 -0.286341 0.950758
    outer loop
      vertex 58.5163 -2.91202 113.613
      vertex 57.5677 -4.77363 112.934
      vertex 58.3444 -5.09535 112.934
    endloop
  endfacet
  facet normal 0.378005 0.912575 0.155944
    outer loop
      vertex 66.3363 12.4356 101.098
      vertex 64.2067 12.9469 103.268
      vertex 66.1803 12.1294 103.268
    endloop
  endfacet
  facet normal 0.453574 -0.0357184 0.890503
    outer loop
      vertex 65.3576 0 112.934
      vertex 65.2916 -0.838108 112.934
      vertex 67.2249 -1.14431 111.937
    endloop
  endfacet
  facet normal -0.133898 0.0820903 0.987589
    outer loop
      vertex 59.1114 0.645638 113.957
      vertex 57.088 1.48375 113.613
      vertex 59.0213 0.498675 113.957
    endloop
  endfacet
  facet normal 0.677925 0.579002 0.452962
    outer loop
      vertex 70.4641 7.6026 105.358
      vertex 68.4407 8.44071 107.315
      vertex 69.6572 7.01637 107.315
    endloop
  endfacet
  facet normal 0.688787 -0.165329 0.705861
    outer loop
      vertex 68.9803 -1.42234 110.646
      vertex 68.6473 -2.80967 110.646
      vertex 70.1246 -3.2897 109.092
    endloop
  endfacet
  facet normal 0.984724 0.0774991 0.155922
    outer loop
      vertex 73.9568 0 101.098
      vertex 73.4456 2.12957 103.268
      vertex 73.6132 0 103.268
    endloop
  endfacet
  facet normal 0.723428 0.617858 0.308063
    outer loop
      vertex 71.0133 8.00163 103.268
      vertex 69.626 9.62597 103.268
      vertex 70.4641 7.6026 105.358
    endloop
  endfacet
  facet normal 0.0746419 0.948433 0.308063
    outer loop
      vertex 62.1296 13.4456 103.268
      vertex 60 13.6132 103.268
      vertex 62.0234 12.7751 105.358
    endloop
  endfacet
  facet normal -0.286348 -0.118602 0.950757
    outer loop
      vertex 57.088 -1.48375 113.613
      vertex 54.9047 -1.65558 112.934
      vertex 55.2264 -2.43228 112.934
    endloop
  endfacet
  facet normal -0.866897 -0.20812 0.452964
    outer loop
      vertex 48.21 -1.86735 107.315
      vertex 47.2249 -2.02337 105.358
      vertex 47.6987 -3.99692 105.358
    endloop
  endfacet
  facet normal 0.811175 -0.4971 0.308038
    outer loop
      vertex 71.5246 -5.87206 105.358
      vertex 70.4641 -7.6026 105.358
      vertex 72.1294 -6.18025 103.268
    endloop
  endfacet
  facet normal -0.615798 0.52594 0.586669
    outer loop
      vertex 51.5593 8.44071 107.315
      vertex 50.3428 7.01637 107.315
      vertex 52.4724 7.52763 109.092
    endloop
  endfacet
  facet normal -0.984723 -0.0774851 0.155936
    outer loop
      vertex 46.5544 -2.12957 103.268
      vertex 46.0432 0 101.098
      vertex 46.215 -2.18333 101.098
    endloop
  endfacet
  facet normal 0.984723 -0.0774851 0.155936
    outer loop
      vertex 73.9568 0 101.098
      vertex 73.4456 -2.12957 103.268
      vertex 73.785 -2.18333 101.098
    endloop
  endfacet
  facet normal 0.948433 -0.074643 0.308063
    outer loop
      vertex 73.6132 0 103.268
      vertex 72.7751 -2.02337 105.358
      vertex 73.4456 -2.12957 103.268
    endloop
  endfacet
  facet normal 0.760155 0.465822 0.452962
    outer loop
      vertex 70.4641 7.6026 105.358
      vertex 69.6572 7.01637 107.315
      vertex 70.6359 5.41927 107.315
    endloop
  endfacet
  facet normal 0.152717 -0.0366576 0.98759
    outer loop
      vertex 63.228 -0.511264 113.613
      vertex 61.0849 -0.171831 113.957
      vertex 63.1083 -1.00994 113.613
    endloop
  endfacet
  facet normal 0.0635524 -0.807331 0.586667
    outer loop
      vertex 60 -10.6457 109.092
      vertex 60 -11.937 107.315
      vertex 61.8674 -11.79 107.315
    endloop
  endfacet
  facet normal -0.996918 -0.0784447 0
    outer loop
      vertex 46.215 -2.18333 100
      vertex 46.0432 0 101.098
      vertex 46.0432 0 100
    endloop
  endfacet
  facet normal -0.996918 -0.0784447 0
    outer loop
      vertex 46.0432 0 101.098
      vertex 46.215 -2.18333 100
      vertex 46.215 -2.18333 101.098
    endloop
  endfacet
  facet normal -0.923881 -0.382681 0
    outer loop
      vertex 47.5644 -6.33627 100
      vertex 46.7263 -4.3129 101.098
      vertex 46.7263 -4.3129 100
    endloop
  endfacet
  facet normal -0.923881 -0.382681 0
    outer loop
      vertex 46.7263 -4.3129 101.098
      vertex 47.5644 -6.33627 100
      vertex 47.5644 -6.33627 101.098
    endloop
  endfacet
  facet normal 0.0723514 0.301372 0.950758
    outer loop
      vertex 61.6556 5.09535 112.934
      vertex 60.8381 5.29161 112.934
      vertex 61.0099 3.10828 113.613
    endloop
  endfacet
  facet normal 0.165373 0.688755 0.705881
    outer loop
      vertex 61.6654 10.5146 109.092
      vertex 61.4223 8.98033 110.646
      vertex 63.2897 10.1246 109.092
    endloop
  endfacet
  facet normal -0.453576 -0.0357134 0.890502
    outer loop
      vertex 54.6424 0 112.934
      vertex 52.685 0 111.937
      vertex 52.7751 -1.14431 111.937
    endloop
  endfacet
  facet normal -0.688787 -0.165329 0.705861
    outer loop
      vertex 51.0197 -1.42234 110.646
      vertex 49.8754 -3.2897 109.092
      vertex 51.3527 -2.80967 110.646
    endloop
  endfacet
  facet normal 0.460027 0.538624 0.705875
    outer loop
      vertex 67.5276 7.52763 109.092
      vertex 65.3443 7.3558 110.646
      vertex 66.4292 6.42921 110.646
    endloop
  endfacet
  facet normal 0.538622 0.460029 0.705875
    outer loop
      vertex 67.5276 7.52763 109.092
      vertex 67.3558 5.3443 110.646
      vertex 68.6125 6.25738 109.092
    endloop
  endfacet
  facet normal 0.878957 0.364072 0.308037
    outer loop
      vertex 72.1294 6.18025 103.268
      vertex 71.5246 5.87206 105.358
      vertex 72.3013 3.99692 105.358
    endloop
  endfacet
  facet normal 0.382676 0.923883 -0
    outer loop
      vertex 66.3363 12.4356 100
      vertex 64.3129 13.2737 101.098
      vertex 66.3363 12.4356 101.098
    endloop
  endfacet
  facet normal 0.382676 0.923883 0
    outer loop
      vertex 64.3129 13.2737 101.098
      vertex 66.3363 12.4356 100
      vertex 64.3129 13.2737 100
    endloop
  endfacet
  facet normal 0.723404 0.617875 0.308088
    outer loop
      vertex 69.626 9.62597 103.268
      vertex 69.1459 9.14594 105.358
      vertex 70.4641 7.6026 105.358
    endloop
  endfacet
  facet normal 0.341159 0.823666 0.452973
    outer loop
      vertex 65.8721 11.5246 105.358
      vertex 63.9969 12.3013 105.358
      vertex 65.4193 10.6359 107.315
    endloop
  endfacet
  facet normal 0.677925 -0.579002 0.452962
    outer loop
      vertex 69.6572 -7.01637 107.315
      vertex 68.4407 -8.44071 107.315
      vertex 70.4641 -7.6026 105.358
    endloop
  endfacet
  facet normal 0.189069 -0.787449 0.586666
    outer loop
      vertex 63.2897 -10.1246 109.092
      vertex 61.6654 -10.5146 109.092
      vertex 61.8674 -11.79 107.315
    endloop
  endfacet
  facet normal -0.286345 -0.118633 0.950754
    outer loop
      vertex 56.8917 -1.00994 113.613
      vertex 54.9047 -1.65558 112.934
      vertex 57.088 -1.48375 113.613
    endloop
  endfacet
  facet normal -0.811182 -0.497074 0.308061
    outer loop
      vertex 49.5359 -7.6026 105.358
      vertex 47.8706 -6.18025 103.268
      vertex 48.9867 -8.00163 103.268
    endloop
  endfacet
  facet normal -0.925081 -0.222104 0.30805
    outer loop
      vertex 47.6987 -3.99692 105.358
      vertex 46.5544 -2.12957 103.268
      vertex 47.0531 -4.2067 103.268
    endloop
  endfacet
  facet normal 0.37009 0.603963 0.705877
    outer loop
      vertex 64.833 9.48537 109.092
      vertex 64.1278 8.10127 110.646
      vertex 66.2574 8.61254 109.092
    endloop
  endfacet
  facet normal -0.842212 0.516099 0.155948
    outer loop
      vertex 48.7087 8.20363 101.098
      vertex 47.5644 6.33627 101.098
      vertex 47.8706 6.18025 103.268
    endloop
  endfacet
  facet normal 0.760416 -0.649437 0
    outer loop
      vertex 69.869 -9.86898 101.098
      vertex 71.2913 -8.20363 100
      vertex 71.2913 -8.20363 101.098
    endloop
  endfacet
  facet normal 0.760416 -0.649437 0
    outer loop
      vertex 71.2913 -8.20363 100
      vertex 69.869 -9.86898 101.098
      vertex 69.869 -9.86898 100
    endloop
  endfacet
  facet normal 0.748208 -0.309883 0.586649
    outer loop
      vertex 70.1246 -3.2897 109.092
      vertex 69.4854 -4.83304 109.092
      vertex 70.6359 -5.41927 107.315
    endloop
  endfacet
  facet normal -0.641493 -0.751112 0.15594
    outer loop
      vertex 51.9984 -11.0133 103.268
      vertex 50.374 -9.62597 103.268
      vertex 51.7964 -11.2913 101.098
    endloop
  endfacet
  facet normal 0.852644 -0.522492 0
    outer loop
      vertex 71.2913 -8.20363 101.098
      vertex 72.4356 -6.33627 100
      vertex 72.4356 -6.33627 101.098
    endloop
  endfacet
  facet normal 0.852644 -0.522492 0
    outer loop
      vertex 72.4356 -6.33627 100
      vertex 71.2913 -8.20363 101.098
      vertex 71.2913 -8.20363 100
    endloop
  endfacet
  facet normal 0.823663 0.341164 0.452976
    outer loop
      vertex 72.3013 3.99692 105.358
      vertex 70.6359 5.41927 107.315
      vertex 71.3527 3.68872 107.315
    endloop
  endfacet
  facet normal 0.690489 -0.423163 0.58665
    outer loop
      vertex 69.4854 -4.83304 109.092
      vertex 68.6125 -6.25738 109.092
      vertex 70.6359 -5.41927 107.315
    endloop
  endfacet
  facet normal 0.760146 -0.465828 0.452971
    outer loop
      vertex 70.6359 -5.41927 107.315
      vertex 70.4641 -7.6026 105.358
      vertex 71.5246 -5.87206 105.358
    endloop
  endfacet
  facet normal 0.888779 0.0699657 0.452965
    outer loop
      vertex 72.7751 2.02337 105.358
      vertex 71.79 1.86735 107.315
      vertex 71.937 0 107.315
    endloop
  endfacet
  facet normal 0.579022 -0.677918 0.452946
    outer loop
      vertex 68.4407 -8.44071 107.315
      vertex 67.6026 -10.4641 105.358
      vertex 69.1459 -9.14594 105.358
    endloop
  endfacet
  facet normal 0.654424 -0.271041 0.70588
    outer loop
      vertex 70.1246 -3.2897 109.092
      vertex 68.1013 -4.1278 110.646
      vertex 69.4854 -4.83304 109.092
    endloop
  endfacet
  facet normal 0.912571 -0.378013 0.155948
    outer loop
      vertex 72.9469 -4.2067 103.268
      vertex 72.1294 -6.18025 103.268
      vertex 72.4356 -6.33627 101.098
    endloop
  endfacet
  facet normal 0.649431 -0.760421 0
    outer loop
      vertex 68.2036 -11.2913 100
      vertex 69.869 -9.86898 101.098
      vertex 68.2036 -11.2913 101.098
    endloop
  endfacet
  facet normal 0.649431 -0.760421 0
    outer loop
      vertex 69.869 -9.86898 101.098
      vertex 68.2036 -11.2913 100
      vertex 69.869 -9.86898 100
    endloop
  endfacet
  facet normal 0.615797 -0.525942 0.586667
    outer loop
      vertex 68.6125 -6.25738 109.092
      vertex 67.5276 -7.52763 109.092
      vertex 69.6572 -7.01637 107.315
    endloop
  endfacet
  facet normal 0.156572 0.0123012 0.98759
    outer loop
      vertex 63.2682 0 113.613
      vertex 61.0849 0.171831 113.957
      vertex 61.0984 0 113.957
    endloop
  endfacet
  facet normal 0.145098 0.0601142 0.987589
    outer loop
      vertex 62.912 1.48375 113.613
      vertex 61.0447 0.339432 113.957
      vertex 63.1083 1.00994 113.613
    endloop
  endfacet
  facet normal 0.447791 0.38245 0.808217
    outer loop
      vertex 66.4292 6.42921 110.646
      vertex 65.9179 4.29964 111.937
      vertex 67.3558 5.3443 110.646
    endloop
  endfacet
  facet normal -0.165352 -0.688773 0.705869
    outer loop
      vertex 57.1903 -8.64726 110.646
      vertex 56.7103 -10.1246 109.092
      vertex 58.5777 -8.98033 110.646
    endloop
  endfacet
  facet normal -0.748208 -0.309883 0.586649
    outer loop
      vertex 49.8754 -3.2897 109.092
      vertex 49.3641 -5.41927 107.315
      vertex 50.5146 -4.83304 109.092
    endloop
  endfacet
  facet normal -0.842218 0.516092 0.155939
    outer loop
      vertex 48.7087 8.20363 101.098
      vertex 47.8706 6.18025 103.268
      vertex 48.9867 8.00163 103.268
    endloop
  endfacet
  facet normal -0.972366 -0.233461 0
    outer loop
      vertex 46.7263 -4.3129 100
      vertex 46.215 -2.18333 101.098
      vertex 46.215 -2.18333 100
    endloop
  endfacet
  facet normal -0.972366 -0.233461 0
    outer loop
      vertex 46.215 -2.18333 101.098
      vertex 46.7263 -4.3129 100
      vertex 46.7263 -4.3129 101.098
    endloop
  endfacet
  facet normal -0.587074 -0.0462247 0.808212
    outer loop
      vertex 52.685 0 111.937
      vertex 51.0197 -1.42234 110.646
      vertex 52.7751 -1.14431 111.937
    endloop
  endfacet
  facet normal -0.237727 -0.387934 0.890501
    outer loop
      vertex 56.8509 -4.33436 112.934
      vertex 55.7004 -5.91794 111.937
      vertex 56.6791 -6.51769 111.937
    endloop
  endfacet
  facet normal -0.30898 -0.0243318 0.950757
    outer loop
      vertex 56.772 -0.511264 113.613
      vertex 54.6424 0 112.934
      vertex 54.7084 -0.838108 112.934
    endloop
  endfacet
  facet normal -0.706149 -0.0556046 0.705876
    outer loop
      vertex 50.9077 0 110.646
      vertex 49.3543 0 109.092
      vertex 51.0197 -1.42234 110.646
    endloop
  endfacet
  facet normal 0.587072 -0.0462281 0.808213
    outer loop
      vertex 69.0923 0 110.646
      vertex 67.315 0 111.937
      vertex 68.9803 -1.42234 110.646
    endloop
  endfacet
  facet normal 0.866886 0.208134 0.452977
    outer loop
      vertex 72.3013 3.99692 105.358
      vertex 71.3527 3.68872 107.315
      vertex 71.79 1.86735 107.315
    endloop
  endfacet
  facet normal 0.878947 0.364084 0.308051
    outer loop
      vertex 72.9469 4.2067 103.268
      vertex 72.1294 6.18025 103.268
      vertex 72.3013 3.99692 105.358
    endloop
  endfacet
  facet normal 0.866897 0.20812 0.452964
    outer loop
      vertex 72.3013 3.99692 105.358
      vertex 71.79 1.86735 107.315
      vertex 72.7751 2.02337 105.358
    endloop
  endfacet
  facet normal -0.587072 -0.0462281 0.808213
    outer loop
      vertex 52.685 0 111.937
      vertex 50.9077 0 110.646
      vertex 51.0197 -1.42234 110.646
    endloop
  endfacet
  facet normal 0.538624 0.460028 0.705874
    outer loop
      vertex 67.5276 7.52763 109.092
      vertex 66.4292 6.42921 110.646
      vertex 67.3558 5.3443 110.646
    endloop
  endfacet
  facet normal 0.842218 0.516092 0.155939
    outer loop
      vertex 71.2913 8.20363 101.098
      vertex 71.0133 8.00163 103.268
      vertex 72.1294 6.18025 103.268
    endloop
  endfacet
  facet normal 0.364076 0.878949 0.308054
    outer loop
      vertex 64.2067 12.9469 103.268
      vertex 63.9969 12.3013 105.358
      vertex 66.1803 12.1294 103.268
    endloop
  endfacet
  facet normal 0.0723633 -0.301373 0.950757
    outer loop
      vertex 61.0099 -3.10828 113.613
      vertex 60.5113 -3.228 113.613
      vertex 60.8381 -5.29161 112.934
    endloop
  endfacet
  facet normal -0.0123308 0.156572 0.98759
    outer loop
      vertex 60 3.26823 113.613
      vertex 59.8282 1.0849 113.957
      vertex 60 1.09843 113.957
    endloop
  endfacet
  facet normal 0.237734 -0.387933 0.8905
    outer loop
      vertex 63.1491 -4.33436 112.934
      vertex 62.4323 -4.77363 112.934
      vertex 63.3209 -6.51769 111.937
    endloop
  endfacet
  facet normal -0.38245 -0.447792 0.808217
    outer loop
      vertex 55.7004 -5.91794 111.937
      vertex 53.5708 -6.42921 110.646
      vertex 54.6557 -7.3558 110.646
    endloop
  endfacet
  facet normal -0.295479 -0.345976 0.890501
    outer loop
      vertex 56.2116 -3.78837 112.934
      vertex 55.7004 -5.91794 111.937
      vertex 56.8509 -4.33436 112.934
    endloop
  endfacet
  facet normal -0.465836 -0.76014 0.452972
    outer loop
      vertex 54.5807 -10.6359 107.315
      vertex 52.3974 -10.4641 105.358
      vertex 54.1279 -11.5246 105.358
    endloop
  endfacet
  facet normal -0.960472 -0.230601 0.155936
    outer loop
      vertex 46.5544 -2.12957 103.268
      vertex 46.215 -2.18333 101.098
      vertex 47.0531 -4.2067 103.268
    endloop
  endfacet
  facet normal -0.80733 0.0635548 0.586667
    outer loop
      vertex 49.4854 1.66535 109.092
      vertex 48.21 1.86735 107.315
      vertex 49.3543 0 109.092
    endloop
  endfacet
  facet normal -0.538622 0.460029 0.705875
    outer loop
      vertex 52.4724 7.52763 109.092
      vertex 51.3875 6.25738 109.092
      vertex 52.6442 5.3443 110.646
    endloop
  endfacet
  facet normal 0.842212 -0.516099 0.155948
    outer loop
      vertex 72.1294 -6.18025 103.268
      vertex 71.2913 -8.20363 101.098
      vertex 72.4356 -6.33627 101.098
    endloop
  endfacet
  facet normal 0.222094 -0.925079 0.308063
    outer loop
      vertex 63.9969 -12.3013 105.358
      vertex 62.0234 -12.7751 105.358
      vertex 62.1296 -13.4456 103.268
    endloop
  endfacet
  facet normal 0.377995 -0.912581 0.155933
    outer loop
      vertex 66.3363 -12.4356 101.098
      vertex 64.2067 -12.9469 103.268
      vertex 64.3129 -13.2737 101.098
    endloop
  endfacet
  facet normal 0.948429 0.074623 0.308081
    outer loop
      vertex 73.6132 0 103.268
      vertex 72.7751 2.02337 105.358
      vertex 72.9343 0 105.358
    endloop
  endfacet
  facet normal 0.888796 0.069931 0.452936
    outer loop
      vertex 72.7751 2.02337 105.358
      vertex 71.937 0 107.315
      vertex 72.9343 0 105.358
    endloop
  endfacet
  facet normal 0.690492 -0.423132 0.586669
    outer loop
      vertex 70.6359 -5.41927 107.315
      vertex 68.6125 -6.25738 109.092
      vertex 69.6572 -7.01637 107.315
    endloop
  endfacet
  facet normal 0.888779 -0.0699657 0.452965
    outer loop
      vertex 71.937 0 107.315
      vertex 71.79 -1.86735 107.315
      vertex 72.7751 -2.02337 105.358
    endloop
  endfacet
  facet normal 0.442414 -0.106183 0.890503
    outer loop
      vertex 65.2916 -0.838108 112.934
      vertex 65.0954 -1.65558 112.934
      vertex 67.2249 -1.14431 111.937
    endloop
  endfacet
  facet normal 0.572628 -0.137444 0.808211
    outer loop
      vertex 67.2249 -1.14431 111.937
      vertex 66.957 -2.26045 111.937
      vertex 68.6473 -2.80967 110.646
    endloop
  endfacet
  facet normal 0.751107 -0.641498 0.15594
    outer loop
      vertex 71.0133 -8.00163 103.268
      vertex 69.626 -9.62597 103.268
      vertex 71.2913 -8.20363 101.098
    endloop
  endfacet
  facet normal 0.842218 -0.516092 0.155939
    outer loop
      vertex 72.1294 -6.18025 103.268
      vertex 71.0133 -8.00163 103.268
      vertex 71.2913 -8.20363 101.098
    endloop
  endfacet
  facet normal 0.960472 -0.230605 0.155932
    outer loop
      vertex 73.785 -2.18333 101.098
      vertex 72.9469 -4.2067 103.268
      vertex 73.2737 -4.3129 101.098
    endloop
  endfacet
  facet normal -0.538624 -0.460028 0.705874
    outer loop
      vertex 52.6442 -5.3443 110.646
      vertex 52.4724 -7.52763 109.092
      vertex 53.5708 -6.42921 110.646
    endloop
  endfacet
  facet normal 0.309897 -0.748189 0.586666
    outer loop
      vertex 64.833 -9.48537 109.092
      vertex 63.2897 -10.1246 109.092
      vertex 65.4193 -10.6359 107.315
    endloop
  endfacet
  facet normal 0.271078 -0.654421 0.705868
    outer loop
      vertex 64.1278 -8.10127 110.646
      vertex 62.8097 -8.64726 110.646
      vertex 63.2897 -10.1246 109.092
    endloop
  endfacet
  facet normal 0.78745 -0.189062 0.586667
    outer loop
      vertex 71.79 -1.86735 107.315
      vertex 70.1246 -3.2897 109.092
      vertex 71.3527 -3.68872 107.315
    endloop
  endfacet
  facet normal -0.201281 -0.235681 0.950758
    outer loop
      vertex 58.079 -2.64406 113.613
      vertex 56.2116 -3.78837 112.934
      vertex 56.8509 -4.33436 112.934
    endloop
  endfacet
  facet normal 0.30898 0.0243318 0.950757
    outer loop
      vertex 65.2916 0.838108 112.934
      vertex 63.228 0.511264 113.613
      vertex 65.3576 0 112.934
    endloop
  endfacet
  facet normal 0.572626 0.137447 0.808213
    outer loop
      vertex 68.6473 2.80967 110.646
      vertex 67.2249 1.14431 111.937
      vertex 68.9803 1.42234 110.646
    endloop
  endfacet
  facet normal 0.237734 0.387933 0.8905
    outer loop
      vertex 63.3209 6.51769 111.937
      vertex 62.4323 4.77363 112.934
      vertex 63.1491 4.33436 112.934
    endloop
  endfacet
  facet normal -0.617874 -0.723406 0.308085
    outer loop
      vertex 50.8541 -9.14594 105.358
      vertex 50.374 -9.62597 103.268
      vertex 52.3974 -10.4641 105.358
    endloop
  endfacet
  facet normal -0.912579 -0.378 0.155933
    outer loop
      vertex 47.0531 -4.2067 103.268
      vertex 46.7263 -4.3129 101.098
      vertex 47.5644 -6.33627 101.098
    endloop
  endfacet
  facet normal -0.230604 -0.960473 0.15593
    outer loop
      vertex 57.8704 -13.4456 103.268
      vertex 55.7933 -12.9469 103.268
      vertex 57.8167 -13.785 101.098
    endloop
  endfacet
  facet normal -0.0462049 -0.587075 0.808213
    outer loop
      vertex 60 -7.31498 111.937
      vertex 58.5777 -8.98033 110.646
      vertex 60 -9.09227 110.646
    endloop
  endfacet
  facet normal -0.230602 -0.960473 0.155932
    outer loop
      vertex 55.7933 -12.9469 103.268
      vertex 55.6871 -13.2737 101.098
      vertex 57.8167 -13.785 101.098
    endloop
  endfacet
  facet normal -0.077498 -0.984724 0.155922
    outer loop
      vertex 60 -13.6132 103.268
      vertex 57.8704 -13.4456 103.268
      vertex 60 -13.9568 101.098
    endloop
  endfacet
  facet normal -0.92508 -0.222089 0.308063
    outer loop
      vertex 47.2249 -2.02337 105.358
      vertex 46.5544 -2.12957 103.268
      vertex 47.6987 -3.99692 105.358
    endloop
  endfacet
  facet normal -0.690492 0.423132 0.586669
    outer loop
      vertex 50.3428 7.01637 107.315
      vertex 49.3641 5.41927 107.315
      vertex 51.3875 6.25738 109.092
    endloop
  endfacet
  facet normal -0.649431 0.760421 0
    outer loop
      vertex 51.7964 11.2913 100
      vertex 50.131 9.86898 101.098
      vertex 51.7964 11.2913 101.098
    endloop
  endfacet
  facet normal -0.649431 0.760421 0
    outer loop
      vertex 50.131 9.86898 101.098
      vertex 51.7964 11.2913 100
      vertex 50.131 9.86898 100
    endloop
  endfacet
  facet normal -0.996918 0.0784447 0
    outer loop
      vertex 46.0432 0 100
      vertex 46.215 2.18333 101.098
      vertex 46.215 2.18333 100
    endloop
  endfacet
  facet normal -0.996918 0.0784447 0
    outer loop
      vertex 46.215 2.18333 101.098
      vertex 46.0432 0 100
      vertex 46.0432 0 101.098
    endloop
  endfacet
  facet normal -0.923881 0.382681 0
    outer loop
      vertex 46.7263 4.3129 100
      vertex 47.5644 6.33627 101.098
      vertex 47.5644 6.33627 100
    endloop
  endfacet
  facet normal -0.923881 0.382681 0
    outer loop
      vertex 47.5644 6.33627 101.098
      vertex 46.7263 4.3129 100
      vertex 46.7263 4.3129 101.098
    endloop
  endfacet
  facet normal -0.852644 0.522492 0
    outer loop
      vertex 47.5644 6.33627 100
      vertex 48.7087 8.20363 101.098
      vertex 48.7087 8.20363 100
    endloop
  endfacet
  facet normal -0.852644 0.522492 0
    outer loop
      vertex 48.7087 8.20363 101.098
      vertex 47.5644 6.33627 100
      vertex 47.5644 6.33627 101.098
    endloop
  endfacet
  facet normal -0.06993 0.888796 0.452936
    outer loop
      vertex 60 12.9343 105.358
      vertex 57.9766 12.7751 105.358
      vertex 60 11.937 107.315
    endloop
  endfacet
  facet normal -0.572628 -0.137444 0.808211
    outer loop
      vertex 52.7751 -1.14431 111.937
      vertex 51.3527 -2.80967 110.646
      vertex 53.043 -2.26045 111.937
    endloop
  endfacet
  facet normal -0.572626 -0.137447 0.808213
    outer loop
      vertex 52.7751 -1.14431 111.937
      vertex 51.0197 -1.42234 110.646
      vertex 51.3527 -2.80967 110.646
    endloop
  endfacet
  facet normal 0.423117 0.690499 0.586671
    outer loop
      vertex 65.4193 10.6359 107.315
      vertex 64.833 9.48537 109.092
      vertex 66.2574 8.61254 109.092
    endloop
  endfacet
  facet normal 0.706143 0.0555891 0.705884
    outer loop
      vertex 70.5146 1.66535 109.092
      vertex 68.9803 1.42234 110.646
      vertex 70.6457 0 109.092
    endloop
  endfacet
  facet normal 0.912579 0.378 0.155933
    outer loop
      vertex 73.2737 4.3129 101.098
      vertex 72.4356 6.33627 101.098
      vertex 72.9469 4.2067 103.268
    endloop
  endfacet
  facet normal 0.984723 0.0774851 0.155936
    outer loop
      vertex 73.785 2.18333 101.098
      vertex 73.4456 2.12957 103.268
      vertex 73.9568 0 101.098
    endloop
  endfacet
  facet normal 0.852644 0.522492 0
    outer loop
      vertex 72.4356 6.33627 101.098
      vertex 71.2913 8.20363 100
      vertex 71.2913 8.20363 101.098
    endloop
  endfacet
  facet normal 0.852644 0.522492 0
    outer loop
      vertex 71.2913 8.20363 100
      vertex 72.4356 6.33627 101.098
      vertex 72.4356 6.33627 100
    endloop
  endfacet
  facet normal 0.925081 0.222104 0.30805
    outer loop
      vertex 72.9469 4.2067 103.268
      vertex 72.3013 3.99692 105.358
      vertex 73.4456 2.12957 103.268
    endloop
  endfacet
  facet normal 0.811175 0.4971 0.308038
    outer loop
      vertex 72.1294 6.18025 103.268
      vertex 70.4641 7.6026 105.358
      vertex 71.5246 5.87206 105.358
    endloop
  endfacet
  facet normal 0.811182 0.497074 0.308061
    outer loop
      vertex 71.0133 8.00163 103.268
      vertex 70.4641 7.6026 105.358
      vertex 72.1294 6.18025 103.268
    endloop
  endfacet
  facet normal -0.960472 0.230605 0.155932
    outer loop
      vertex 46.7263 4.3129 101.098
      vertex 46.215 2.18333 101.098
      vertex 47.0531 4.2067 103.268
    endloop
  endfacet
  facet normal 0.341156 0.823666 0.452976
    outer loop
      vertex 63.9969 12.3013 105.358
      vertex 63.6887 11.3527 107.315
      vertex 65.4193 10.6359 107.315
    endloop
  endfacet
  facet normal -0.0746219 0.948429 0.308081
    outer loop
      vertex 60 13.6132 103.268
      vertex 57.9766 12.7751 105.358
      vertex 60 12.9343 105.358
    endloop
  endfacet
  facet normal -0.0784457 0.996918 0
    outer loop
      vertex 60 13.9568 100
      vertex 57.8167 13.785 101.098
      vertex 60 13.9568 101.098
    endloop
  endfacet
  facet normal -0.0784457 0.996918 0
    outer loop
      vertex 57.8167 13.785 101.098
      vertex 60 13.9568 100
      vertex 57.8167 13.785 100
    endloop
  endfacet
  facet normal -0.225376 0.544059 0.808211
    outer loop
      vertex 57.1903 8.64726 110.646
      vertex 56.6791 6.51769 111.937
      vertex 57.7395 6.95696 111.937
    endloop
  endfacet
  facet normal -0.572628 0.137444 0.808211
    outer loop
      vertex 53.043 2.26045 111.937
      vertex 51.3527 2.80967 110.646
      vertex 52.7751 1.14431 111.937
    endloop
  endfacet
  facet normal 0.309897 0.748189 0.586666
    outer loop
      vertex 65.4193 10.6359 107.315
      vertex 63.2897 10.1246 109.092
      vertex 64.833 9.48537 109.092
    endloop
  endfacet
  facet normal 0.842212 0.516099 0.155948
    outer loop
      vertex 72.4356 6.33627 101.098
      vertex 71.2913 8.20363 101.098
      vertex 72.1294 6.18025 103.268
    endloop
  endfacet
  facet normal 0.522504 0.852637 -0
    outer loop
      vertex 68.2036 11.2913 100
      vertex 66.3363 12.4356 101.098
      vertex 68.2036 11.2913 101.098
    endloop
  endfacet
  facet normal 0.522504 0.852637 0
    outer loop
      vertex 66.3363 12.4356 101.098
      vertex 68.2036 11.2913 100
      vertex 66.3363 12.4356 100
    endloop
  endfacet
  facet normal 0.0123308 0.156572 0.98759
    outer loop
      vertex 60 3.26823 113.613
      vertex 60 1.09843 113.957
      vertex 60.1718 1.0849 113.957
    endloop
  endfacet
  facet normal 0.271059 0.65442 0.705877
    outer loop
      vertex 64.833 9.48537 109.092
      vertex 63.2897 10.1246 109.092
      vertex 64.1278 8.10127 110.646
    endloop
  endfacet
  facet normal -0.516112 0.842206 0.155943
    outer loop
      vertex 53.6637 12.4356 101.098
      vertex 51.7964 11.2913 101.098
      vertex 53.8197 12.1294 103.268
    endloop
  endfacet
  facet normal 0.345981 0.295469 0.890503
    outer loop
      vertex 65.1725 5.17247 111.937
      vertex 63.7884 3.78837 112.934
      vertex 65.9179 4.29964 111.937
    endloop
  endfacet
  facet normal 0.0243111 0.30898 0.950758
    outer loop
      vertex 60 5.35757 112.934
      vertex 60 3.26823 113.613
      vertex 60.5113 3.228 113.613
    endloop
  endfacet
  facet normal -0.308972 0.0242941 0.950761
    outer loop
      vertex 56.772 0.511264 113.613
      vertex 54.6424 0 112.934
      vertex 56.7318 0 113.613
    endloop
  endfacet
  facet normal 0.544058 -0.225374 0.808212
    outer loop
      vertex 66.957 -2.26045 111.937
      vertex 66.5177 -3.32093 111.937
      vertex 68.6473 -2.80967 110.646
    endloop
  endfacet
  facet normal -0.0356972 -0.453575 0.890503
    outer loop
      vertex 59.1619 -5.29161 112.934
      vertex 58.8557 -7.22492 111.937
      vertex 60 -5.35757 112.934
    endloop
  endfacet
  facet normal -0.387941 -0.237694 0.890507
    outer loop
      vertex 55.2264 -2.43228 112.934
      vertex 53.4823 -3.32093 111.937
      vertex 55.6656 -3.1491 112.934
    endloop
  endfacet
  facet normal 0.161933 -0.264269 0.950757
    outer loop
      vertex 61.921 -2.64406 113.613
      vertex 61.4837 -2.91202 113.613
      vertex 63.1491 -4.33436 112.934
    endloop
  endfacet
  facet normal -0.264283 -0.161917 0.950756
    outer loop
      vertex 57.088 -1.48375 113.613
      vertex 55.6656 -3.1491 112.934
      vertex 57.3559 -1.92102 113.613
    endloop
  endfacet
  facet normal -0.364076 -0.878949 0.308054
    outer loop
      vertex 56.0031 -12.3013 105.358
      vertex 53.8197 -12.1294 103.268
      vertex 55.7933 -12.9469 103.268
    endloop
  endfacet
  facet normal -0.309895 -0.748192 0.586664
    outer loop
      vertex 56.7103 -10.1246 109.092
      vertex 54.5807 -10.6359 107.315
      vertex 56.3113 -11.3527 107.315
    endloop
  endfacet
  facet normal -0.888779 0.0699657 0.452965
    outer loop
      vertex 48.21 1.86735 107.315
      vertex 47.2249 2.02337 105.358
      vertex 48.063 0 107.315
    endloop
  endfacet
  facet normal -0.866886 -0.208134 0.452977
    outer loop
      vertex 48.21 -1.86735 107.315
      vertex 47.6987 -3.99692 105.358
      vertex 48.6473 -3.68872 107.315
    endloop
  endfacet
  facet normal -0.888796 0.069931 0.452936
    outer loop
      vertex 47.2249 2.02337 105.358
      vertex 47.0657 0 105.358
      vertex 48.063 0 107.315
    endloop
  endfacet
  facet normal -0.760146 -0.465828 0.452971
    outer loop
      vertex 49.3641 -5.41927 107.315
      vertex 48.4754 -5.87206 105.358
      vertex 49.5359 -7.6026 105.358
    endloop
  endfacet
  facet normal -0.0462049 0.587075 0.808213
    outer loop
      vertex 60 9.09227 110.646
      vertex 58.5777 8.98033 110.646
      vertex 60 7.31498 111.937
    endloop
  endfacet
  facet normal -0.706143 0.0555891 0.705884
    outer loop
      vertex 49.4854 1.66535 109.092
      vertex 49.3543 0 109.092
      vertex 51.0197 1.42234 110.646
    endloop
  endfacet
  facet normal -0.233458 -0.972367 0
    outer loop
      vertex 55.6871 -13.2737 100
      vertex 57.8167 -13.785 101.098
      vertex 55.6871 -13.2737 101.098
    endloop
  endfacet
  facet normal -0.233458 -0.972367 -0
    outer loop
      vertex 57.8167 -13.785 101.098
      vertex 55.6871 -13.2737 100
      vertex 57.8167 -13.785 100
    endloop
  endfacet
  facet normal 0.233458 -0.972367 0
    outer loop
      vertex 62.1833 -13.785 100
      vertex 64.3129 -13.2737 101.098
      vertex 62.1833 -13.785 101.098
    endloop
  endfacet
  facet normal 0.233458 -0.972367 0
    outer loop
      vertex 64.3129 -13.2737 101.098
      vertex 62.1833 -13.785 100
      vertex 64.3129 -13.2737 100
    endloop
  endfacet
  facet normal 0.364076 -0.878949 0.308054
    outer loop
      vertex 66.1803 -12.1294 103.268
      vertex 63.9969 -12.3013 105.358
      vertex 64.2067 -12.9469 103.268
    endloop
  endfacet
  facet normal 0.641493 -0.751112 0.15594
    outer loop
      vertex 69.626 -9.62597 103.268
      vertex 68.0016 -11.0133 103.268
      vertex 68.2036 -11.2913 101.098
    endloop
  endfacet
  facet normal 0.748187 0.309902 0.586666
    outer loop
      vertex 70.6359 5.41927 107.315
      vertex 70.1246 3.2897 109.092
      vertex 71.3527 3.68872 107.315
    endloop
  endfacet
  facet normal 0.807331 0.063554 0.586667
    outer loop
      vertex 71.79 1.86735 107.315
      vertex 70.6457 0 109.092
      vertex 71.937 0 107.315
    endloop
  endfacet
  facet normal 0.888796 -0.069931 0.452936
    outer loop
      vertex 72.9343 0 105.358
      vertex 71.937 0 107.315
      vertex 72.7751 -2.02337 105.358
    endloop
  endfacet
  facet normal 0.948429 -0.074623 0.308081
    outer loop
      vertex 72.9343 0 105.358
      vertex 72.7751 -2.02337 105.358
      vertex 73.6132 0 103.268
    endloop
  endfacet
  facet normal 0.823663 -0.341164 0.452976
    outer loop
      vertex 71.3527 -3.68872 107.315
      vertex 70.6359 -5.41927 107.315
      vertex 72.3013 -3.99692 105.358
    endloop
  endfacet
  facet normal 0.78745 -0.189064 0.586666
    outer loop
      vertex 70.5146 -1.66535 109.092
      vertex 70.1246 -3.2897 109.092
      vertex 71.79 -1.86735 107.315
    endloop
  endfacet
  facet normal 0.80733 -0.0635548 0.586667
    outer loop
      vertex 70.6457 0 109.092
      vertex 70.5146 -1.66535 109.092
      vertex 71.79 -1.86735 107.315
    endloop
  endfacet
  facet normal 0.544058 -0.225361 0.808216
    outer loop
      vertex 68.6473 -2.80967 110.646
      vertex 66.5177 -3.32093 111.937
      vertex 68.1013 -4.1278 110.646
    endloop
  endfacet
  facet normal 0.5021 0.307699 0.808218
    outer loop
      vertex 67.3558 5.3443 110.646
      vertex 65.9179 4.29964 111.937
      vertex 68.1013 4.1278 110.646
    endloop
  endfacet
  facet normal 0.688755 0.165367 0.705883
    outer loop
      vertex 70.1246 3.2897 109.092
      vertex 68.9803 1.42234 110.646
      vertex 70.5146 1.66535 109.092
    endloop
  endfacet
  facet normal 0.579011 -0.677922 0.452954
    outer loop
      vertex 68.4407 -8.44071 107.315
      vertex 67.0164 -9.6572 107.315
      vertex 67.6026 -10.4641 105.358
    endloop
  endfacet
  facet normal 0.641485 -0.751117 0.155949
    outer loop
      vertex 69.626 -9.62597 103.268
      vertex 68.2036 -11.2913 101.098
      vertex 69.869 -9.86898 101.098
    endloop
  endfacet
  facet normal 0.984724 -0.0774991 0.155922
    outer loop
      vertex 73.6132 0 103.268
      vertex 73.4456 -2.12957 103.268
      vertex 73.9568 0 101.098
    endloop
  endfacet
  facet normal 0.960472 -0.230601 0.155936
    outer loop
      vertex 73.4456 -2.12957 103.268
      vertex 72.9469 -4.2067 103.268
      vertex 73.785 -2.18333 101.098
    endloop
  endfacet
  facet normal 0.878947 -0.364084 0.308051
    outer loop
      vertex 72.3013 -3.99692 105.358
      vertex 72.1294 -6.18025 103.268
      vertex 72.9469 -4.2067 103.268
    endloop
  endfacet
  facet normal 0.923881 -0.382681 0
    outer loop
      vertex 72.4356 -6.33627 101.098
      vertex 73.2737 -4.3129 100
      vertex 73.2737 -4.3129 101.098
    endloop
  endfacet
  facet normal 0.923881 -0.382681 0
    outer loop
      vertex 73.2737 -4.3129 100
      vertex 72.4356 -6.33627 101.098
      vertex 72.4356 -6.33627 100
    endloop
  endfacet
  facet normal 0.617855 -0.723435 0.308055
    outer loop
      vertex 69.626 -9.62597 103.268
      vertex 67.6026 -10.4641 105.358
      vertex 68.0016 -11.0133 103.268
    endloop
  endfacet
  facet normal 0.516112 -0.842206 0.155943
    outer loop
      vertex 68.2036 -11.2913 101.098
      vertex 66.1803 -12.1294 103.268
      vertex 66.3363 -12.4356 101.098
    endloop
  endfacet
  facet normal -0.137468 -0.572622 0.808212
    outer loop
      vertex 58.8557 -7.22492 111.937
      vertex 57.1903 -8.64726 110.646
      vertex 58.5777 -8.98033 110.646
    endloop
  endfacet
  facet normal 0.0462047 -0.587075 0.808213
    outer loop
      vertex 61.1443 -7.22492 111.937
      vertex 60 -7.31498 111.937
      vertex 61.4223 -8.98033 110.646
    endloop
  endfacet
  facet normal -0.309897 -0.748189 0.586666
    outer loop
      vertex 55.167 -9.48537 109.092
      vertex 54.5807 -10.6359 107.315
      vertex 56.7103 -10.1246 109.092
    endloop
  endfacet
  facet normal 0.208125 -0.866896 0.452962
    outer loop
      vertex 63.9969 -12.3013 105.358
      vertex 61.8674 -11.79 107.315
      vertex 62.0234 -12.7751 105.358
    endloop
  endfacet
  facet normal 0.615798 -0.52594 0.586669
    outer loop
      vertex 69.6572 -7.01637 107.315
      vertex 67.5276 -7.52763 109.092
      vertex 68.4407 -8.44071 107.315
    endloop
  endfacet
  facet normal 0.60394 -0.370122 0.70588
    outer loop
      vertex 69.4854 -4.83304 109.092
      vertex 68.1013 -4.1278 110.646
      vertex 68.6125 -6.25738 109.092
    endloop
  endfacet
  facet normal 0.161943 0.264258 0.950759
    outer loop
      vertex 62.4323 4.77363 112.934
      vertex 61.4837 2.91202 113.613
      vertex 63.1491 4.33436 112.934
    endloop
  endfacet
  facet normal 0.133917 0.0820461 0.98759
    outer loop
      vertex 62.6441 1.92102 113.613
      vertex 60.8886 0.645638 113.957
      vertex 62.912 1.48375 113.613
    endloop
  endfacet
  facet normal 0.587072 0.0462281 0.808213
    outer loop
      vertex 68.9803 1.42234 110.646
      vertex 67.315 0 111.937
      vertex 69.0923 0 110.646
    endloop
  endfacet
  facet normal 0.453576 0.0357134 0.890502
    outer loop
      vertex 67.2249 1.14431 111.937
      vertex 65.3576 0 112.934
      vertex 67.315 0 111.937
    endloop
  endfacet
  facet normal 0.677918 0.579024 0.452945
    outer loop
      vertex 69.1459 9.14594 105.358
      vertex 68.4407 8.44071 107.315
      vertex 70.4641 7.6026 105.358
    endloop
  endfacet
  facet normal 0.579011 0.677922 0.452954
    outer loop
      vertex 67.6026 10.4641 105.358
      vertex 67.0164 9.6572 107.315
      vertex 68.4407 8.44071 107.315
    endloop
  endfacet
  facet normal -0.852644 -0.522492 0
    outer loop
      vertex 48.7087 -8.20363 100
      vertex 47.5644 -6.33627 101.098
      vertex 47.5644 -6.33627 100
    endloop
  endfacet
  facet normal -0.852644 -0.522492 0
    outer loop
      vertex 47.5644 -6.33627 101.098
      vertex 48.7087 -8.20363 100
      vertex 48.7087 -8.20363 101.098
    endloop
  endfacet
  facet normal -0.641485 -0.751117 0.155949
    outer loop
      vertex 50.374 -9.62597 103.268
      vertex 50.131 -9.86898 101.098
      vertex 51.7964 -11.2913 101.098
    endloop
  endfacet
  facet normal -0.615798 -0.52594 0.586669
    outer loop
      vertex 52.4724 -7.52763 109.092
      vertex 50.3428 -7.01637 107.315
      vertex 51.5593 -8.44071 107.315
    endloop
  endfacet
  facet normal -0.649431 -0.760421 0
    outer loop
      vertex 50.131 -9.86898 100
      vertex 51.7964 -11.2913 101.098
      vertex 50.131 -9.86898 101.098
    endloop
  endfacet
  facet normal -0.649431 -0.760421 -0
    outer loop
      vertex 51.7964 -11.2913 101.098
      vertex 50.131 -9.86898 100
      vertex 51.7964 -11.2913 100
    endloop
  endfacet
  facet normal -0.423135 -0.690497 0.58666
    outer loop
      vertex 53.7426 -8.61254 109.092
      vertex 52.9836 -9.6572 107.315
      vertex 54.5807 -10.6359 107.315
    endloop
  endfacet
  facet normal -0.377995 -0.912581 0.155933
    outer loop
      vertex 55.7933 -12.9469 103.268
      vertex 53.6637 -12.4356 101.098
      vertex 55.6871 -13.2737 101.098
    endloop
  endfacet
  facet normal -0.189069 -0.787449 0.586666
    outer loop
      vertex 58.3346 -10.5146 109.092
      vertex 56.7103 -10.1246 109.092
      vertex 58.1326 -11.79 107.315
    endloop
  endfacet
  facet normal 0.378005 -0.912575 0.155944
    outer loop
      vertex 66.1803 -12.1294 103.268
      vertex 64.2067 -12.9469 103.268
      vertex 66.3363 -12.4356 101.098
    endloop
  endfacet
  facet normal 0.751112 -0.641491 0.155949
    outer loop
      vertex 71.2913 -8.20363 101.098
      vertex 69.626 -9.62597 103.268
      vertex 69.869 -9.86898 101.098
    endloop
  endfacet
  facet normal -0.984723 0.0774851 0.155936
    outer loop
      vertex 46.215 2.18333 101.098
      vertex 46.0432 0 101.098
      vertex 46.5544 2.12957 103.268
    endloop
  endfacet
  facet normal -0.948429 0.074623 0.308081
    outer loop
      vertex 47.2249 2.02337 105.358
      vertex 46.3868 0 103.268
      vertex 47.0657 0 105.358
    endloop
  endfacet
  facet normal -0.948433 -0.074643 0.308063
    outer loop
      vertex 47.2249 -2.02337 105.358
      vertex 46.3868 0 103.268
      vertex 46.5544 -2.12957 103.268
    endloop
  endfacet
  facet normal -0.760416 0.649437 0
    outer loop
      vertex 48.7087 8.20363 100
      vertex 50.131 9.86898 101.098
      vertex 50.131 9.86898 100
    endloop
  endfacet
  facet normal -0.760416 0.649437 0
    outer loop
      vertex 50.131 9.86898 101.098
      vertex 48.7087 8.20363 100
      vertex 48.7087 8.20363 101.098
    endloop
  endfacet
  facet normal -0.377995 0.912581 0.155933
    outer loop
      vertex 55.6871 13.2737 101.098
      vertex 53.6637 12.4356 101.098
      vertex 55.7933 12.9469 103.268
    endloop
  endfacet
  facet normal 0.233458 0.972367 -0
    outer loop
      vertex 64.3129 13.2737 100
      vertex 62.1833 13.785 101.098
      vertex 64.3129 13.2737 101.098
    endloop
  endfacet
  facet normal 0.233458 0.972367 0
    outer loop
      vertex 62.1833 13.785 101.098
      vertex 64.3129 13.2737 100
      vertex 62.1833 13.785 100
    endloop
  endfacet
  facet normal -0.382676 0.923883 0
    outer loop
      vertex 55.6871 13.2737 100
      vertex 53.6637 12.4356 101.098
      vertex 55.6871 13.2737 101.098
    endloop
  endfacet
  facet normal -0.382676 0.923883 0
    outer loop
      vertex 53.6637 12.4356 101.098
      vertex 55.6871 13.2737 100
      vertex 53.6637 12.4356 100
    endloop
  endfacet
  facet normal -0.420343 -0.174101 0.890506
    outer loop
      vertex 54.9047 -1.65558 112.934
      vertex 53.4823 -3.32093 111.937
      vertex 55.2264 -2.43228 112.934
    endloop
  endfacet
  facet normal -0.842218 -0.516092 0.155939
    outer loop
      vertex 48.9867 -8.00163 103.268
      vertex 47.8706 -6.18025 103.268
      vertex 48.7087 -8.20363 101.098
    endloop
  endfacet
  facet normal 0.615798 0.52594 0.586669
    outer loop
      vertex 68.4407 8.44071 107.315
      vertex 67.5276 7.52763 109.092
      vertex 69.6572 7.01637 107.315
    endloop
  endfacet
  facet normal 0.525946 0.615793 0.586668
    outer loop
      vertex 68.4407 8.44071 107.315
      vertex 67.0164 9.6572 107.315
      vertex 67.5276 7.52763 109.092
    endloop
  endfacet
  facet normal 0.92508 0.222089 0.308063
    outer loop
      vertex 73.4456 2.12957 103.268
      vertex 72.3013 3.99692 105.358
      vertex 72.7751 2.02337 105.358
    endloop
  endfacet
  facet normal 0.948433 0.074643 0.308063
    outer loop
      vertex 73.4456 2.12957 103.268
      vertex 72.7751 2.02337 105.358
      vertex 73.6132 0 103.268
    endloop
  endfacet
  facet normal 0.760416 0.649437 0
    outer loop
      vertex 71.2913 8.20363 101.098
      vertex 69.869 9.86898 100
      vertex 69.869 9.86898 101.098
    endloop
  endfacet
  facet normal 0.760416 0.649437 0
    outer loop
      vertex 69.869 9.86898 100
      vertex 71.2913 8.20363 101.098
      vertex 71.2913 8.20363 100
    endloop
  endfacet
  facet normal 0.649431 0.760421 -0
    outer loop
      vertex 69.869 9.86898 100
      vertex 68.2036 11.2913 101.098
      vertex 69.869 9.86898 101.098
    endloop
  endfacet
  facet normal 0.649431 0.760421 0
    outer loop
      vertex 68.2036 11.2913 101.098
      vertex 69.869 9.86898 100
      vertex 68.2036 11.2913 100
    endloop
  endfacet
  facet normal 0.760146 0.465828 0.452971
    outer loop
      vertex 71.5246 5.87206 105.358
      vertex 70.4641 7.6026 105.358
      vertex 70.6359 5.41927 107.315
    endloop
  endfacet
  facet normal 0.823663 0.341169 0.452972
    outer loop
      vertex 71.5246 5.87206 105.358
      vertex 70.6359 5.41927 107.315
      vertex 72.3013 3.99692 105.358
    endloop
  endfacet
  facet normal 0.460036 0.538604 0.705884
    outer loop
      vertex 66.2574 8.61254 109.092
      vertex 65.3443 7.3558 110.646
      vertex 67.5276 7.52763 109.092
    endloop
  endfacet
  facet normal 0.525961 0.615789 0.58666
    outer loop
      vertex 67.0164 9.6572 107.315
      vertex 66.2574 8.61254 109.092
      vertex 67.5276 7.52763 109.092
    endloop
  endfacet
  facet normal 0.208142 0.866885 0.452977
    outer loop
      vertex 63.9969 12.3013 105.358
      vertex 61.8674 11.79 107.315
      vertex 63.6887 11.3527 107.315
    endloop
  endfacet
  facet normal 0.497091 0.811174 0.308055
    outer loop
      vertex 68.0016 11.0133 103.268
      vertex 66.1803 12.1294 103.268
      vertex 67.6026 10.4641 105.358
    endloop
  endfacet
  facet normal 0.364062 0.878961 0.308038
    outer loop
      vertex 66.1803 12.1294 103.268
      vertex 63.9969 12.3013 105.358
      vertex 65.8721 11.5246 105.358
    endloop
  endfacet
  facet normal -0.364076 0.878949 0.308054
    outer loop
      vertex 55.7933 12.9469 103.268
      vertex 53.8197 12.1294 103.268
      vertex 56.0031 12.3013 105.358
    endloop
  endfacet
  facet normal -0.866886 0.208134 0.452977
    outer loop
      vertex 48.6473 3.68872 107.315
      vertex 47.6987 3.99692 105.358
      vertex 48.21 1.86735 107.315
    endloop
  endfacet
  facet normal -0.572626 0.137447 0.808213
    outer loop
      vertex 51.3527 2.80967 110.646
      vertex 51.0197 1.42234 110.646
      vertex 52.7751 1.14431 111.937
    endloop
  endfacet
  facet normal 0.617855 0.723435 0.308055
    outer loop
      vertex 68.0016 11.0133 103.268
      vertex 67.6026 10.4641 105.358
      vertex 69.626 9.62597 103.268
    endloop
  endfacet
  facet normal 0.516112 0.842206 0.155943
    outer loop
      vertex 66.3363 12.4356 101.098
      vertex 66.1803 12.1294 103.268
      vertex 68.2036 11.2913 101.098
    endloop
  endfacet
  facet normal 0.641485 0.751117 0.155949
    outer loop
      vertex 69.869 9.86898 101.098
      vertex 68.2036 11.2913 101.098
      vertex 69.626 9.62597 103.268
    endloop
  endfacet
  facet normal -0.0123193 0.156572 0.98759
    outer loop
      vertex 60 3.26823 113.613
      vertex 59.4887 3.228 113.613
      vertex 59.8282 1.0849 113.957
    endloop
  endfacet
  facet normal 0.0243174 0.308981 0.950757
    outer loop
      vertex 60.8381 5.29161 112.934
      vertex 60 5.35757 112.934
      vertex 60.5113 3.228 113.613
    endloop
  endfacet
  facet normal -0.341159 0.823666 0.452973
    outer loop
      vertex 56.0031 12.3013 105.358
      vertex 54.1279 11.5246 105.358
      vertex 54.5807 10.6359 107.315
    endloop
  endfacet
  facet normal -0.465836 0.76014 0.452972
    outer loop
      vertex 54.1279 11.5246 105.358
      vertex 52.3974 10.4641 105.358
      vertex 54.5807 10.6359 107.315
    endloop
  endfacet
  facet normal -0.0462047 0.587075 0.808213
    outer loop
      vertex 60 7.31498 111.937
      vertex 58.5777 8.98033 110.646
      vertex 58.8557 7.22492 111.937
    endloop
  endfacet
  facet normal -0.30898 0.0243318 0.950757
    outer loop
      vertex 54.7084 0.838108 112.934
      vertex 54.6424 0 112.934
      vertex 56.772 0.511264 113.613
    endloop
  endfacet
  facet normal 0.156572 -0.0123012 0.98759
    outer loop
      vertex 61.0984 0 113.957
      vertex 61.0849 -0.171831 113.957
      vertex 63.2682 0 113.613
    endloop
  endfacet
  facet normal -0.308972 -0.0242941 0.950761
    outer loop
      vertex 56.7318 0 113.613
      vertex 54.6424 0 112.934
      vertex 56.772 -0.511264 113.613
    endloop
  endfacet
  facet normal -0.156573 -0.0123111 0.98759
    outer loop
      vertex 58.9151 -0.171831 113.957
      vertex 56.7318 0 113.613
      vertex 56.772 -0.511264 113.613
    endloop
  endfacet
  facet normal -0.225376 -0.544059 0.808211
    outer loop
      vertex 57.7395 -6.95696 111.937
      vertex 56.6791 -6.51769 111.937
      vertex 57.1903 -8.64726 110.646
    endloop
  endfacet
  facet normal -0.145098 -0.0601142 0.987589
    outer loop
      vertex 58.9553 -0.339432 113.957
      vertex 56.8917 -1.00994 113.613
      vertex 57.088 -1.48375 113.613
    endloop
  endfacet
  facet normal -0.11861 -0.28634 0.950758
    outer loop
      vertex 58.5163 -2.91202 113.613
      vertex 58.3444 -5.09535 112.934
      vertex 58.9901 -3.10828 113.613
    endloop
  endfacet
  facet normal -0.60394 -0.370122 0.70588
    outer loop
      vertex 51.8987 -4.1278 110.646
      vertex 50.5146 -4.83304 109.092
      vertex 51.3875 -6.25738 109.092
    endloop
  endfacet
  facet normal -0.0635529 -0.807331 0.586667
    outer loop
      vertex 58.3346 -10.5146 109.092
      vertex 58.1326 -11.79 107.315
      vertex 60 -10.6457 109.092
    endloop
  endfacet
  facet normal -0.423117 -0.690499 0.586671
    outer loop
      vertex 55.167 -9.48537 109.092
      vertex 53.7426 -8.61254 109.092
      vertex 54.5807 -10.6359 107.315
    endloop
  endfacet
  facet normal 0.442415 -0.10619 0.890502
    outer loop
      vertex 67.2249 -1.14431 111.937
      vertex 65.0954 -1.65558 112.934
      vertex 66.957 -2.26045 111.937
    endloop
  endfacet
  facet normal -0.152727 0.0366325 0.987589
    outer loop
      vertex 58.9553 0.339432 113.957
      vertex 56.8917 1.00994 113.613
      vertex 58.9151 0.171831 113.957
    endloop
  endfacet
  facet normal 0.308972 0.0242941 0.950761
    outer loop
      vertex 65.3576 0 112.934
      vertex 63.228 0.511264 113.613
      vertex 63.2682 0 113.613
    endloop
  endfacet
  facet normal -0.0366579 -0.152719 0.98759
    outer loop
      vertex 59.6606 -1.04467 113.957
      vertex 58.9901 -3.10828 113.613
      vertex 59.8282 -1.0849 113.957
    endloop
  endfacet
  facet normal -0.538622 -0.460029 0.705875
    outer loop
      vertex 52.6442 -5.3443 110.646
      vertex 51.3875 -6.25738 109.092
      vertex 52.4724 -7.52763 109.092
    endloop
  endfacet
  facet normal -0.677925 -0.579002 0.452962
    outer loop
      vertex 50.3428 -7.01637 107.315
      vertex 49.5359 -7.6026 105.358
      vertex 51.5593 -8.44071 107.315
    endloop
  endfacet
  facet normal -0.690492 -0.423132 0.586669
    outer loop
      vertex 51.3875 -6.25738 109.092
      vertex 49.3641 -5.41927 107.315
      vertex 50.3428 -7.01637 107.315
    endloop
  endfacet
  facet normal -0.690489 -0.423163 0.58665
    outer loop
      vertex 50.5146 -4.83304 109.092
      vertex 49.3641 -5.41927 107.315
      vertex 51.3875 -6.25738 109.092
    endloop
  endfacet
  facet normal -0.723428 -0.617858 0.308063
    outer loop
      vertex 49.5359 -7.6026 105.358
      vertex 48.9867 -8.00163 103.268
      vertex 50.374 -9.62597 103.268
    endloop
  endfacet
  facet normal -0.341159 -0.823666 0.452973
    outer loop
      vertex 54.5807 -10.6359 107.315
      vertex 54.1279 -11.5246 105.358
      vertex 56.0031 -12.3013 105.358
    endloop
  endfacet
  facet normal -0.948429 -0.074623 0.308081
    outer loop
      vertex 47.0657 0 105.358
      vertex 46.3868 0 103.268
      vertex 47.2249 -2.02337 105.358
    endloop
  endfacet
  facet normal -0.888779 -0.0699657 0.452965
    outer loop
      vertex 48.063 0 107.315
      vertex 47.2249 -2.02337 105.358
      vertex 48.21 -1.86735 107.315
    endloop
  endfacet
  facet normal -0.78745 -0.189062 0.586667
    outer loop
      vertex 49.8754 -3.2897 109.092
      vertex 48.21 -1.86735 107.315
      vertex 48.6473 -3.68872 107.315
    endloop
  endfacet
  facet normal -0.948433 0.074643 0.308063
    outer loop
      vertex 46.5544 2.12957 103.268
      vertex 46.3868 0 103.268
      vertex 47.2249 2.02337 105.358
    endloop
  endfacet
  facet normal -0.78745 0.189064 0.586666
    outer loop
      vertex 49.8754 3.2897 109.092
      vertex 48.21 1.86735 107.315
      vertex 49.4854 1.66535 109.092
    endloop
  endfacet
  facet normal -0.677925 0.579002 0.452962
    outer loop
      vertex 51.5593 8.44071 107.315
      vertex 49.5359 7.6026 105.358
      vertex 50.3428 7.01637 107.315
    endloop
  endfacet
  facet normal -0.587072 0.0462281 0.808213
    outer loop
      vertex 51.0197 1.42234 110.646
      vertex 50.9077 0 110.646
      vertex 52.685 0 111.937
    endloop
  endfacet
  facet normal -0.706149 0.0556046 0.705876
    outer loop
      vertex 51.0197 1.42234 110.646
      vertex 49.3543 0 109.092
      vertex 50.9077 0 110.646
    endloop
  endfacet
  facet normal 0.235665 -0.201298 0.950758
    outer loop
      vertex 62.6441 -1.92102 113.613
      vertex 62.311 -2.31099 113.613
      vertex 63.7884 -3.78837 112.934
    endloop
  endfacet
  facet normal -0.748208 0.309883 0.586649
    outer loop
      vertex 50.5146 4.83304 109.092
      vertex 49.3641 5.41927 107.315
      vertex 49.8754 3.2897 109.092
    endloop
  endfacet
  facet normal 0.382676 -0.923883 0
    outer loop
      vertex 64.3129 -13.2737 100
      vertex 66.3363 -12.4356 101.098
      vertex 64.3129 -13.2737 101.098
    endloop
  endfacet
  facet normal 0.382676 -0.923883 0
    outer loop
      vertex 66.3363 -12.4356 101.098
      vertex 64.3129 -13.2737 100
      vertex 66.3363 -12.4356 100
    endloop
  endfacet
  facet normal 0.230602 -0.960473 0.155932
    outer loop
      vertex 64.2067 -12.9469 103.268
      vertex 62.1833 -13.785 101.098
      vertex 64.3129 -13.2737 101.098
    endloop
  endfacet
  facet normal 0.0774862 -0.984724 0.155934
    outer loop
      vertex 62.1296 -13.4456 103.268
      vertex 60 -13.9568 101.098
      vertex 62.1833 -13.785 101.098
    endloop
  endfacet
  facet normal -0.0774862 -0.984724 0.155934
    outer loop
      vertex 57.8704 -13.4456 103.268
      vertex 57.8167 -13.785 101.098
      vertex 60 -13.9568 101.098
    endloop
  endfacet
  facet normal 0.723404 -0.617875 0.308088
    outer loop
      vertex 70.4641 -7.6026 105.358
      vertex 69.1459 -9.14594 105.358
      vertex 69.626 -9.62597 103.268
    endloop
  endfacet
  facet normal 0.516109 -0.842208 0.155939
    outer loop
      vertex 68.0016 -11.0133 103.268
      vertex 66.1803 -12.1294 103.268
      vertex 68.2036 -11.2913 101.098
    endloop
  endfacet
  facet normal 0.972366 0.233461 0
    outer loop
      vertex 73.785 2.18333 101.098
      vertex 73.2737 4.3129 100
      vertex 73.2737 4.3129 101.098
    endloop
  endfacet
  facet normal 0.972366 0.233461 0
    outer loop
      vertex 73.2737 4.3129 100
      vertex 73.785 2.18333 101.098
      vertex 73.785 2.18333 100
    endloop
  endfacet
  facet normal 0.866886 -0.208134 0.452977
    outer loop
      vertex 71.79 -1.86735 107.315
      vertex 71.3527 -3.68872 107.315
      vertex 72.3013 -3.99692 105.358
    endloop
  endfacet
  facet normal 0.912579 -0.378 0.155933
    outer loop
      vertex 72.9469 -4.2067 103.268
      vertex 72.4356 -6.33627 101.098
      vertex 73.2737 -4.3129 101.098
    endloop
  endfacet
  facet normal 0.748187 -0.309902 0.586666
    outer loop
      vertex 71.3527 -3.68872 107.315
      vertex 70.1246 -3.2897 109.092
      vertex 70.6359 -5.41927 107.315
    endloop
  endfacet
  facet normal 0.866897 -0.20812 0.452964
    outer loop
      vertex 72.7751 -2.02337 105.358
      vertex 71.79 -1.86735 107.315
      vertex 72.3013 -3.99692 105.358
    endloop
  endfacet
  facet normal 0.706143 -0.0555891 0.705884
    outer loop
      vertex 70.6457 0 109.092
      vertex 68.9803 -1.42234 110.646
      vertex 70.5146 -1.66535 109.092
    endloop
  endfacet
  facet normal 0.688755 -0.165367 0.705883
    outer loop
      vertex 70.5146 -1.66535 109.092
      vertex 68.9803 -1.42234 110.646
      vertex 70.1246 -3.2897 109.092
    endloop
  endfacet
  facet normal 0.80733 0.0635548 0.586667
    outer loop
      vertex 71.79 1.86735 107.315
      vertex 70.5146 1.66535 109.092
      vertex 70.6457 0 109.092
    endloop
  endfacet
  facet normal 0.572628 0.137444 0.808211
    outer loop
      vertex 68.6473 2.80967 110.646
      vertex 66.957 2.26045 111.937
      vertex 67.2249 1.14431 111.937
    endloop
  endfacet
  facet normal 0.235676 0.201291 0.950757
    outer loop
      vertex 63.7884 3.78837 112.934
      vertex 62.6441 1.92102 113.613
      vertex 64.3344 3.1491 112.934
    endloop
  endfacet
  facet normal 0.688787 0.165329 0.705861
    outer loop
      vertex 70.1246 3.2897 109.092
      vertex 68.6473 2.80967 110.646
      vertex 68.9803 1.42234 110.646
    endloop
  endfacet
  facet normal 0.760155 -0.465822 0.452962
    outer loop
      vertex 70.6359 -5.41927 107.315
      vertex 69.6572 -7.01637 107.315
      vertex 70.4641 -7.6026 105.358
    endloop
  endfacet
  facet normal 0.460036 -0.538604 0.705884
    outer loop
      vertex 67.5276 -7.52763 109.092
      vertex 65.3443 -7.3558 110.646
      vertex 66.2574 -8.61254 109.092
    endloop
  endfacet
  facet normal 0.996918 0.0784447 0
    outer loop
      vertex 73.9568 0 101.098
      vertex 73.785 2.18333 100
      vertex 73.785 2.18333 101.098
    endloop
  endfacet
  facet normal 0.996918 0.0784447 0
    outer loop
      vertex 73.785 2.18333 100
      vertex 73.9568 0 101.098
      vertex 73.9568 0 100
    endloop
  endfacet
  facet normal 0.677918 -0.579024 0.452945
    outer loop
      vertex 70.4641 -7.6026 105.358
      vertex 68.4407 -8.44071 107.315
      vertex 69.1459 -9.14594 105.358
    endloop
  endfacet
  facet normal 0.60395 -0.370115 0.705875
    outer loop
      vertex 68.1013 -4.1278 110.646
      vertex 67.3558 -5.3443 110.646
      vertex 68.6125 -6.25738 109.092
    endloop
  endfacet
  facet normal 0.189069 -0.787449 0.586666
    outer loop
      vertex 63.2897 -10.1246 109.092
      vertex 61.8674 -11.79 107.315
      vertex 63.6887 -11.3527 107.315
    endloop
  endfacet
  facet normal 0.208142 -0.866885 0.452977
    outer loop
      vertex 63.6887 -11.3527 107.315
      vertex 61.8674 -11.79 107.315
      vertex 63.9969 -12.3013 105.358
    endloop
  endfacet
  facet normal 0.237727 -0.387934 0.890501
    outer loop
      vertex 64.2996 -5.91794 111.937
      vertex 63.1491 -4.33436 112.934
      vertex 63.3209 -6.51769 111.937
    endloop
  endfacet
  facet normal 0.0462049 -0.587075 0.808213
    outer loop
      vertex 60 -7.31498 111.937
      vertex 60 -9.09227 110.646
      vertex 61.4223 -8.98033 110.646
    endloop
  endfacet
  facet normal 0.201281 -0.235681 0.950758
    outer loop
      vertex 63.7884 -3.78837 112.934
      vertex 61.921 -2.64406 113.613
      vertex 63.1491 -4.33436 112.934
    endloop
  endfacet
  facet normal 0.0356972 -0.453575 0.890503
    outer loop
      vertex 60.8381 -5.29161 112.934
      vertex 60 -5.35757 112.934
      vertex 61.1443 -7.22492 111.937
    endloop
  endfacet
  facet normal 0.225363 -0.544059 0.808215
    outer loop
      vertex 63.3209 -6.51769 111.937
      vertex 62.8097 -8.64726 110.646
      vertex 64.1278 -8.10127 110.646
    endloop
  endfacet
  facet normal 0.165373 -0.688755 0.705881
    outer loop
      vertex 63.2897 -10.1246 109.092
      vertex 61.4223 -8.98033 110.646
      vertex 61.6654 -10.5146 109.092
    endloop
  endfacet
  facet normal 0.0746419 -0.948433 0.308063
    outer loop
      vertex 62.0234 -12.7751 105.358
      vertex 60 -13.6132 103.268
      vertex 62.1296 -13.4456 103.268
    endloop
  endfacet
  facet normal 0.077498 -0.984724 0.155922
    outer loop
      vertex 60 -13.6132 103.268
      vertex 60 -13.9568 101.098
      vertex 62.1296 -13.4456 103.268
    endloop
  endfacet
  facet normal 0.420341 -0.174125 0.890502
    outer loop
      vertex 66.957 -2.26045 111.937
      vertex 65.0954 -1.65558 112.934
      vertex 66.5177 -3.32093 111.937
    endloop
  endfacet
  facet normal 0.654427 -0.271079 0.705863
    outer loop
      vertex 68.6473 -2.80967 110.646
      vertex 68.1013 -4.1278 110.646
      vertex 70.1246 -3.2897 109.092
    endloop
  endfacet
  facet normal 0.538624 -0.460028 0.705874
    outer loop
      vertex 67.3558 -5.3443 110.646
      vertex 66.4292 -6.42921 110.646
      vertex 67.5276 -7.52763 109.092
    endloop
  endfacet
  facet normal 0.447791 -0.38245 0.808217
    outer loop
      vertex 67.3558 -5.3443 110.646
      vertex 65.9179 -4.29964 111.937
      vertex 66.4292 -6.42921 110.646
    endloop
  endfacet
  facet normal 0.137466 0.572623 0.808212
    outer loop
      vertex 62.8097 8.64726 110.646
      vertex 61.1443 7.22492 111.937
      vertex 62.2605 6.95696 111.937
    endloop
  endfacet
  facet normal 0.174125 0.420337 0.890504
    outer loop
      vertex 62.2605 6.95696 111.937
      vertex 61.6556 5.09535 112.934
      vertex 63.3209 6.51769 111.937
    endloop
  endfacet
  facet normal 0.286334 -0.118628 0.950758
    outer loop
      vertex 63.1083 -1.00994 113.613
      vertex 62.912 -1.48375 113.613
      vertex 65.0954 -1.65558 112.934
    endloop
  endfacet
  facet normal -0.387933 0.237744 0.890497
    outer loop
      vertex 54.0821 4.29964 111.937
      vertex 53.4823 3.32093 111.937
      vertex 55.6656 3.1491 112.934
    endloop
  endfacet
  facet normal 0.308972 -0.0242941 0.950761
    outer loop
      vertex 63.2682 0 113.613
      vertex 63.228 -0.511264 113.613
      vertex 65.3576 0 112.934
    endloop
  endfacet
  facet normal 0.420341 0.174125 0.890502
    outer loop
      vertex 66.5177 3.32093 111.937
      vertex 65.0954 1.65558 112.934
      vertex 66.957 2.26045 111.937
    endloop
  endfacet
  facet normal 0.587074 0.0462247 0.808212
    outer loop
      vertex 68.9803 1.42234 110.646
      vertex 67.2249 1.14431 111.937
      vertex 67.315 0 111.937
    endloop
  endfacet
  facet normal 0.502099 0.30771 0.808215
    outer loop
      vertex 68.1013 4.1278 110.646
      vertex 65.9179 4.29964 111.937
      vertex 66.5177 3.32093 111.937
    endloop
  endfacet
  facet normal 0.572626 -0.137447 0.808213
    outer loop
      vertex 68.9803 -1.42234 110.646
      vertex 67.2249 -1.14431 111.937
      vertex 68.6473 -2.80967 110.646
    endloop
  endfacet
  facet normal 0.587074 -0.0462247 0.808212
    outer loop
      vertex 67.315 0 111.937
      vertex 67.2249 -1.14431 111.937
      vertex 68.9803 -1.42234 110.646
    endloop
  endfacet
  facet normal 0.706149 -0.0556046 0.705876
    outer loop
      vertex 69.0923 0 110.646
      vertex 68.9803 -1.42234 110.646
      vertex 70.6457 0 109.092
    endloop
  endfacet
  facet normal 0.706149 0.0556046 0.705876
    outer loop
      vertex 70.6457 0 109.092
      vertex 68.9803 1.42234 110.646
      vertex 69.0923 0 110.646
    endloop
  endfacet
  facet normal 0.617874 0.723406 0.308085
    outer loop
      vertex 69.626 9.62597 103.268
      vertex 67.6026 10.4641 105.358
      vertex 69.1459 9.14594 105.358
    endloop
  endfacet
  facet normal 0.579022 0.677918 0.452946
    outer loop
      vertex 69.1459 9.14594 105.358
      vertex 67.6026 10.4641 105.358
      vertex 68.4407 8.44071 107.315
    endloop
  endfacet
  facet normal -0.842212 -0.516099 0.155948
    outer loop
      vertex 47.8706 -6.18025 103.268
      vertex 47.5644 -6.33627 101.098
      vertex 48.7087 -8.20363 101.098
    endloop
  endfacet
  facet normal -0.912571 -0.378013 0.155948
    outer loop
      vertex 47.8706 -6.18025 103.268
      vertex 47.0531 -4.2067 103.268
      vertex 47.5644 -6.33627 101.098
    endloop
  endfacet
  facet normal -0.222094 -0.925079 0.308063
    outer loop
      vertex 57.9766 -12.7751 105.358
      vertex 56.0031 -12.3013 105.358
      vertex 57.8704 -13.4456 103.268
    endloop
  endfacet
  facet normal -0.222106 -0.92508 0.308052
    outer loop
      vertex 56.0031 -12.3013 105.358
      vertex 55.7933 -12.9469 103.268
      vertex 57.8704 -13.4456 103.268
    endloop
  endfacet
  facet normal -0.341156 -0.823666 0.452976
    outer loop
      vertex 56.3113 -11.3527 107.315
      vertex 54.5807 -10.6359 107.315
      vertex 56.0031 -12.3013 105.358
    endloop
  endfacet
  facet normal -0.0635524 -0.807331 0.586667
    outer loop
      vertex 60 -10.6457 109.092
      vertex 58.1326 -11.79 107.315
      vertex 60 -11.937 107.315
    endloop
  endfacet
  facet normal 0.522504 -0.852637 0
    outer loop
      vertex 66.3363 -12.4356 100
      vertex 68.2036 -11.2913 101.098
      vertex 66.3363 -12.4356 101.098
    endloop
  endfacet
  facet normal 0.522504 -0.852637 0
    outer loop
      vertex 68.2036 -11.2913 101.098
      vertex 66.3363 -12.4356 100
      vertex 68.2036 -11.2913 100
    endloop
  endfacet
  facet normal -0.579022 0.677918 0.452946
    outer loop
      vertex 52.3974 10.4641 105.358
      vertex 50.8541 9.14594 105.358
      vertex 51.5593 8.44071 107.315
    endloop
  endfacet
  facet normal -0.387933 -0.237744 0.890497
    outer loop
      vertex 55.6656 -3.1491 112.934
      vertex 53.4823 -3.32093 111.937
      vertex 54.0821 -4.29964 111.937
    endloop
  endfacet
  facet normal -0.465823 -0.760157 0.452957
    outer loop
      vertex 52.9836 -9.6572 107.315
      vertex 52.3974 -10.4641 105.358
      vertex 54.5807 -10.6359 107.315
    endloop
  endfacet
  facet normal 0.960472 0.230601 0.155936
    outer loop
      vertex 73.785 2.18333 101.098
      vertex 72.9469 4.2067 103.268
      vertex 73.4456 2.12957 103.268
    endloop
  endfacet
  facet normal 0.960472 0.230605 0.155932
    outer loop
      vertex 73.2737 4.3129 101.098
      vertex 72.9469 4.2067 103.268
      vertex 73.785 2.18333 101.098
    endloop
  endfacet
  facet normal -0.0635529 0.807331 0.586667
    outer loop
      vertex 60 10.6457 109.092
      vertex 58.1326 11.79 107.315
      vertex 58.3346 10.5146 109.092
    endloop
  endfacet
  facet normal 0.423135 0.690497 0.58666
    outer loop
      vertex 67.0164 9.6572 107.315
      vertex 65.4193 10.6359 107.315
      vertex 66.2574 8.61254 109.092
    endloop
  endfacet
  facet normal 0.077498 0.984724 0.155922
    outer loop
      vertex 60 13.9568 101.098
      vertex 60 13.6132 103.268
      vertex 62.1296 13.4456 103.268
    endloop
  endfacet
  facet normal 0.0746219 0.948429 0.308081
    outer loop
      vertex 60 13.6132 103.268
      vertex 60 12.9343 105.358
      vertex 62.0234 12.7751 105.358
    endloop
  endfacet
  facet normal -0.077498 0.984724 0.155922
    outer loop
      vertex 60 13.9568 101.098
      vertex 57.8704 13.4456 103.268
      vertex 60 13.6132 103.268
    endloop
  endfacet
  facet normal 0.377995 0.912581 0.155933
    outer loop
      vertex 64.3129 13.2737 101.098
      vertex 64.2067 12.9469 103.268
      vertex 66.3363 12.4356 101.098
    endloop
  endfacet
  facet normal -0.641485 0.751117 0.155949
    outer loop
      vertex 51.7964 11.2913 101.098
      vertex 50.131 9.86898 101.098
      vertex 50.374 9.62597 103.268
    endloop
  endfacet
  facet normal -0.723404 0.617875 0.308088
    outer loop
      vertex 50.374 9.62597 103.268
      vertex 49.5359 7.6026 105.358
      vertex 50.8541 9.14594 105.358
    endloop
  endfacet
  facet normal -0.811182 0.497074 0.308061
    outer loop
      vertex 48.9867 8.00163 103.268
      vertex 47.8706 6.18025 103.268
      vertex 49.5359 7.6026 105.358
    endloop
  endfacet
  facet normal 0.465836 0.76014 0.452972
    outer loop
      vertex 65.8721 11.5246 105.358
      vertex 65.4193 10.6359 107.315
      vertex 67.6026 10.4641 105.358
    endloop
  endfacet
  facet normal 0.497108 0.811169 0.30804
    outer loop
      vertex 66.1803 12.1294 103.268
      vertex 65.8721 11.5246 105.358
      vertex 67.6026 10.4641 105.358
    endloop
  endfacet
  facet normal 0.641493 0.751112 0.15594
    outer loop
      vertex 68.2036 11.2913 101.098
      vertex 68.0016 11.0133 103.268
      vertex 69.626 9.62597 103.268
    endloop
  endfacet
  facet normal 0.516109 0.842208 0.155939
    outer loop
      vertex 68.2036 11.2913 101.098
      vertex 66.1803 12.1294 103.268
      vertex 68.0016 11.0133 103.268
    endloop
  endfacet
  facet normal 0.751112 0.641491 0.155949
    outer loop
      vertex 69.869 9.86898 101.098
      vertex 69.626 9.62597 103.268
      vertex 71.2913 8.20363 101.098
    endloop
  endfacet
  facet normal 0.751107 0.641498 0.15594
    outer loop
      vertex 71.2913 8.20363 101.098
      vertex 69.626 9.62597 103.268
      vertex 71.0133 8.00163 103.268
    endloop
  endfacet
  facet normal -0.301378 0.07237 0.950754
    outer loop
      vertex 54.9047 1.65558 112.934
      vertex 54.7084 0.838108 112.934
      vertex 56.8917 1.00994 113.613
    endloop
  endfacet
  facet normal 0.0366579 0.152719 0.98759
    outer loop
      vertex 61.0099 3.10828 113.613
      vertex 60.1718 1.0849 113.957
      vertex 60.3394 1.04467 113.957
    endloop
  endfacet
  facet normal 0.309895 0.748192 0.586664
    outer loop
      vertex 63.6887 11.3527 107.315
      vertex 63.2897 10.1246 109.092
      vertex 65.4193 10.6359 107.315
    endloop
  endfacet
  facet normal 0.225363 0.544059 0.808215
    outer loop
      vertex 64.1278 8.10127 110.646
      vertex 62.8097 8.64726 110.646
      vertex 63.3209 6.51769 111.937
    endloop
  endfacet
  facet normal -0.525961 0.615789 0.58666
    outer loop
      vertex 52.9836 9.6572 107.315
      vertex 52.4724 7.52763 109.092
      vertex 53.7426 8.61254 109.092
    endloop
  endfacet
  facet normal 0.271078 0.654421 0.705868
    outer loop
      vertex 63.2897 10.1246 109.092
      vertex 62.8097 8.64726 110.646
      vertex 64.1278 8.10127 110.646
    endloop
  endfacet
  facet normal -0.0699639 0.888779 0.452964
    outer loop
      vertex 60 11.937 107.315
      vertex 57.9766 12.7751 105.358
      vertex 58.1326 11.79 107.315
    endloop
  endfacet
  facet normal -0.137466 0.572623 0.808212
    outer loop
      vertex 58.8557 7.22492 111.937
      vertex 57.1903 8.64726 110.646
      vertex 57.7395 6.95696 111.937
    endloop
  endfacet
  facet normal -0.0366579 0.152719 0.98759
    outer loop
      vertex 59.8282 1.0849 113.957
      vertex 58.9901 3.10828 113.613
      vertex 59.6606 1.04467 113.957
    endloop
  endfacet
  facet normal -0.161933 0.264269 0.950757
    outer loop
      vertex 58.5163 2.91202 113.613
      vertex 56.8509 4.33436 112.934
      vertex 58.079 2.64406 113.613
    endloop
  endfacet
  facet normal 0.0243174 -0.308981 0.950757
    outer loop
      vertex 60.5113 -3.228 113.613
      vertex 60 -5.35757 112.934
      vertex 60.8381 -5.29161 112.934
    endloop
  endfacet
  facet normal -0.11861 0.28634 0.950758
    outer loop
      vertex 58.9901 3.10828 113.613
      vertex 58.3444 5.09535 112.934
      vertex 58.5163 2.91202 113.613
    endloop
  endfacet
  facet normal -0.101996 -0.119429 0.98759
    outer loop
      vertex 59.2233 -0.776705 113.957
      vertex 57.689 -2.31099 113.613
      vertex 58.079 -2.64406 113.613
    endloop
  endfacet
  facet normal -0.145098 0.0601142 0.987589
    outer loop
      vertex 57.088 1.48375 113.613
      vertex 56.8917 1.00994 113.613
      vertex 58.9553 0.339432 113.957
    endloop
  endfacet
  facet normal -0.442397 -0.106186 0.890511
    outer loop
      vertex 54.9047 -1.65558 112.934
      vertex 52.7751 -1.14431 111.937
      vertex 53.043 -2.26045 111.937
    endloop
  endfacet
  facet normal -0.152727 -0.0366325 0.987589
    outer loop
      vertex 58.9151 -0.171831 113.957
      vertex 56.8917 -1.00994 113.613
      vertex 58.9553 -0.339432 113.957
    endloop
  endfacet
  facet normal -0.447817 -0.382438 0.808208
    outer loop
      vertex 54.0821 -4.29964 111.937
      vertex 53.5708 -6.42921 110.646
      vertex 54.8275 -5.17247 111.937
    endloop
  endfacet
  facet normal -0.307692 -0.502108 0.808216
    outer loop
      vertex 55.7004 -5.91794 111.937
      vertex 54.6557 -7.3558 110.646
      vertex 55.8722 -8.10127 110.646
    endloop
  endfacet
  facet normal 0.145098 -0.0601142 0.987589
    outer loop
      vertex 63.1083 -1.00994 113.613
      vertex 61.0447 -0.339432 113.957
      vertex 62.912 -1.48375 113.613
    endloop
  endfacet
  facet normal -0.0820896 0.133901 0.987589
    outer loop
      vertex 59.5013 0.978705 113.957
      vertex 58.5163 2.91202 113.613
      vertex 59.3544 0.888646 113.957
    endloop
  endfacet
  facet normal -0.0462047 -0.587075 0.808213
    outer loop
      vertex 58.8557 -7.22492 111.937
      vertex 58.5777 -8.98033 110.646
      vertex 60 -7.31498 111.937
    endloop
  endfacet
  facet normal 0.055576 -0.706143 0.705884
    outer loop
      vertex 60 -9.09227 110.646
      vertex 60 -10.6457 109.092
      vertex 61.4223 -8.98033 110.646
    endloop
  endfacet
  facet normal -0.370099 -0.603949 0.705884
    outer loop
      vertex 54.6557 -7.3558 110.646
      vertex 53.7426 -8.61254 109.092
      vertex 55.8722 -8.10127 110.646
    endloop
  endfacet
  facet normal -0.20128 -0.235683 0.950758
    outer loop
      vertex 57.689 -2.31099 113.613
      vertex 56.2116 -3.78837 112.934
      vertex 58.079 -2.64406 113.613
    endloop
  endfacet
  facet normal -0.37009 -0.603963 0.705877
    outer loop
      vertex 55.8722 -8.10127 110.646
      vertex 53.7426 -8.61254 109.092
      vertex 55.167 -9.48537 109.092
    endloop
  endfacet
  facet normal -0.615797 -0.525942 0.586667
    outer loop
      vertex 51.3875 -6.25738 109.092
      vertex 50.3428 -7.01637 107.315
      vertex 52.4724 -7.52763 109.092
    endloop
  endfacet
  facet normal -0.823663 -0.341169 0.452972
    outer loop
      vertex 49.3641 -5.41927 107.315
      vertex 47.6987 -3.99692 105.358
      vertex 48.4754 -5.87206 105.358
    endloop
  endfacet
  facet normal -0.723404 -0.617875 0.308088
    outer loop
      vertex 50.8541 -9.14594 105.358
      vertex 49.5359 -7.6026 105.358
      vertex 50.374 -9.62597 103.268
    endloop
  endfacet
  facet normal -0.516112 -0.842206 0.155943
    outer loop
      vertex 53.8197 -12.1294 103.268
      vertex 51.7964 -11.2913 101.098
      vertex 53.6637 -12.4356 101.098
    endloop
  endfacet
  facet normal -0.378005 -0.912575 0.155944
    outer loop
      vertex 53.8197 -12.1294 103.268
      vertex 53.6637 -12.4356 101.098
      vertex 55.7933 -12.9469 103.268
    endloop
  endfacet
  facet normal -0.811175 -0.4971 0.308038
    outer loop
      vertex 48.4754 -5.87206 105.358
      vertex 47.8706 -6.18025 103.268
      vertex 49.5359 -7.6026 105.358
    endloop
  endfacet
  facet normal -0.617855 -0.723435 0.308055
    outer loop
      vertex 52.3974 -10.4641 105.358
      vertex 50.374 -9.62597 103.268
      vertex 51.9984 -11.0133 103.268
    endloop
  endfacet
  facet normal -0.925081 0.222104 0.30805
    outer loop
      vertex 47.0531 4.2067 103.268
      vertex 46.5544 2.12957 103.268
      vertex 47.6987 3.99692 105.358
    endloop
  endfacet
  facet normal -0.960472 0.230601 0.155936
    outer loop
      vertex 47.0531 4.2067 103.268
      vertex 46.215 2.18333 101.098
      vertex 46.5544 2.12957 103.268
    endloop
  endfacet
  facet normal -0.80733 -0.0635548 0.586667
    outer loop
      vertex 49.3543 0 109.092
      vertex 48.21 -1.86735 107.315
      vertex 49.4854 -1.66535 109.092
    endloop
  endfacet
  facet normal -0.888796 -0.069931 0.452936
    outer loop
      vertex 48.063 0 107.315
      vertex 47.0657 0 105.358
      vertex 47.2249 -2.02337 105.358
    endloop
  endfacet
  facet normal -0.615797 0.525942 0.586667
    outer loop
      vertex 52.4724 7.52763 109.092
      vertex 50.3428 7.01637 107.315
      vertex 51.3875 6.25738 109.092
    endloop
  endfacet
  facet normal -0.688755 0.165367 0.705883
    outer loop
      vertex 49.8754 3.2897 109.092
      vertex 49.4854 1.66535 109.092
      vertex 51.0197 1.42234 110.646
    endloop
  endfacet
  facet normal -0.587074 0.0462247 0.808212
    outer loop
      vertex 52.7751 1.14431 111.937
      vertex 51.0197 1.42234 110.646
      vertex 52.685 0 111.937
    endloop
  endfacet
  facet normal -0.453576 0.0357134 0.890502
    outer loop
      vertex 52.7751 1.14431 111.937
      vertex 52.685 0 111.937
      vertex 54.6424 0 112.934
    endloop
  endfacet
  facet normal 0.230604 -0.960473 0.15593
    outer loop
      vertex 64.2067 -12.9469 103.268
      vertex 62.1296 -13.4456 103.268
      vertex 62.1833 -13.785 101.098
    endloop
  endfacet
  facet normal 0.222106 -0.92508 0.308052
    outer loop
      vertex 63.9969 -12.3013 105.358
      vertex 62.1296 -13.4456 103.268
      vertex 64.2067 -12.9469 103.268
    endloop
  endfacet
  facet normal 0.0784457 -0.996918 0
    outer loop
      vertex 60 -13.9568 100
      vertex 62.1833 -13.785 101.098
      vertex 60 -13.9568 101.098
    endloop
  endfacet
  facet normal 0.0784457 -0.996918 0
    outer loop
      vertex 62.1833 -13.785 101.098
      vertex 60 -13.9568 100
      vertex 62.1833 -13.785 100
    endloop
  endfacet
  facet normal 0.617874 -0.723406 0.308085
    outer loop
      vertex 69.1459 -9.14594 105.358
      vertex 67.6026 -10.4641 105.358
      vertex 69.626 -9.62597 103.268
    endloop
  endfacet
  facet normal 0.423135 -0.690497 0.58666
    outer loop
      vertex 66.2574 -8.61254 109.092
      vertex 65.4193 -10.6359 107.315
      vertex 67.0164 -9.6572 107.315
    endloop
  endfacet
  facet normal 0.78745 0.189064 0.586666
    outer loop
      vertex 71.79 1.86735 107.315
      vertex 70.1246 3.2897 109.092
      vertex 70.5146 1.66535 109.092
    endloop
  endfacet
  facet normal 0.78745 0.189062 0.586667
    outer loop
      vertex 71.3527 3.68872 107.315
      vertex 70.1246 3.2897 109.092
      vertex 71.79 1.86735 107.315
    endloop
  endfacet
  facet normal 0.654424 0.271041 0.70588
    outer loop
      vertex 69.4854 4.83304 109.092
      vertex 68.1013 4.1278 110.646
      vertex 70.1246 3.2897 109.092
    endloop
  endfacet
  facet normal 0.301376 0.072341 0.950757
    outer loop
      vertex 65.2916 0.838108 112.934
      vertex 63.1083 1.00994 113.613
      vertex 63.228 0.511264 113.613
    endloop
  endfacet
  facet normal 0.925081 -0.222104 0.30805
    outer loop
      vertex 73.4456 -2.12957 103.268
      vertex 72.3013 -3.99692 105.358
      vertex 72.9469 -4.2067 103.268
    endloop
  endfacet
  facet normal 0.92508 -0.222089 0.308063
    outer loop
      vertex 72.7751 -2.02337 105.358
      vertex 72.3013 -3.99692 105.358
      vertex 73.4456 -2.12957 103.268
    endloop
  endfacet
  facet normal 0.723428 -0.617858 0.308063
    outer loop
      vertex 70.4641 -7.6026 105.358
      vertex 69.626 -9.62597 103.268
      vertex 71.0133 -8.00163 103.268
    endloop
  endfacet
  facet normal 0.811182 -0.497074 0.308061
    outer loop
      vertex 72.1294 -6.18025 103.268
      vertex 70.4641 -7.6026 105.358
      vertex 71.0133 -8.00163 103.268
    endloop
  endfacet
  facet normal 0.423117 -0.690499 0.586671
    outer loop
      vertex 66.2574 -8.61254 109.092
      vertex 64.833 -9.48537 109.092
      vertex 65.4193 -10.6359 107.315
    endloop
  endfacet
  facet normal 0.271059 -0.65442 0.705877
    outer loop
      vertex 64.1278 -8.10127 110.646
      vertex 63.2897 -10.1246 109.092
      vertex 64.833 -9.48537 109.092
    endloop
  endfacet
  facet normal 0.525961 -0.615789 0.58666
    outer loop
      vertex 67.5276 -7.52763 109.092
      vertex 66.2574 -8.61254 109.092
      vertex 67.0164 -9.6572 107.315
    endloop
  endfacet
  facet normal 0.525946 -0.615793 0.586668
    outer loop
      vertex 67.5276 -7.52763 109.092
      vertex 67.0164 -9.6572 107.315
      vertex 68.4407 -8.44071 107.315
    endloop
  endfacet
  facet normal 0.309895 -0.748192 0.586664
    outer loop
      vertex 65.4193 -10.6359 107.315
      vertex 63.2897 -10.1246 109.092
      vertex 63.6887 -11.3527 107.315
    endloop
  endfacet
  facet normal 0.341156 -0.823666 0.452976
    outer loop
      vertex 65.4193 -10.6359 107.315
      vertex 63.6887 -11.3527 107.315
      vertex 63.9969 -12.3013 105.358
    endloop
  endfacet
  facet normal 0.37009 -0.603963 0.705877
    outer loop
      vertex 66.2574 -8.61254 109.092
      vertex 64.1278 -8.10127 110.646
      vertex 64.833 -9.48537 109.092
    endloop
  endfacet
  facet normal 0.370099 -0.603949 0.705884
    outer loop
      vertex 65.3443 -7.3558 110.646
      vertex 64.1278 -8.10127 110.646
      vertex 66.2574 -8.61254 109.092
    endloop
  endfacet
  facet normal 0.106206 -0.442406 0.890504
    outer loop
      vertex 61.6556 -5.09535 112.934
      vertex 61.1443 -7.22492 111.937
      vertex 62.2605 -6.95696 111.937
    endloop
  endfacet
  facet normal 0.174125 -0.420337 0.890504
    outer loop
      vertex 63.3209 -6.51769 111.937
      vertex 61.6556 -5.09535 112.934
      vertex 62.2605 -6.95696 111.937
    endloop
  endfacet
  facet normal 0.20128 -0.235683 0.950758
    outer loop
      vertex 62.311 -2.31099 113.613
      vertex 61.921 -2.64406 113.613
      vertex 63.7884 -3.78837 112.934
    endloop
  endfacet
  facet normal 0.345972 -0.295495 0.890498
    outer loop
      vertex 64.3344 -3.1491 112.934
      vertex 63.7884 -3.78837 112.934
      vertex 65.9179 -4.29964 111.937
    endloop
  endfacet
  facet normal -0.06993 -0.888796 0.452936
    outer loop
      vertex 60 -11.937 107.315
      vertex 57.9766 -12.7751 105.358
      vertex 60 -12.9343 105.358
    endloop
  endfacet
  facet normal -0.0746219 -0.948429 0.308081
    outer loop
      vertex 60 -12.9343 105.358
      vertex 57.9766 -12.7751 105.358
      vertex 60 -13.6132 103.268
    endloop
  endfacet
  facet normal 0.0746219 -0.948429 0.308081
    outer loop
      vertex 60 -12.9343 105.358
      vertex 60 -13.6132 103.268
      vertex 62.0234 -12.7751 105.358
    endloop
  endfacet
  facet normal -0.0746419 -0.948433 0.308063
    outer loop
      vertex 57.9766 -12.7751 105.358
      vertex 57.8704 -13.4456 103.268
      vertex 60 -13.6132 103.268
    endloop
  endfacet
  facet normal 0.5021 -0.307699 0.808218
    outer loop
      vertex 68.1013 -4.1278 110.646
      vertex 65.9179 -4.29964 111.937
      vertex 67.3558 -5.3443 110.646
    endloop
  endfacet
  facet normal 0.060089 -0.14511 0.987589
    outer loop
      vertex 60.4987 -0.978705 113.957
      vertex 60.3394 -1.04467 113.957
      vertex 61.4837 -2.91202 113.613
    endloop
  endfacet
  facet normal 0.156573 0.0123111 0.98759
    outer loop
      vertex 63.228 0.511264 113.613
      vertex 61.0849 0.171831 113.957
      vertex 63.2682 0 113.613
    endloop
  endfacet
  facet normal 0.502099 -0.30771 0.808215
    outer loop
      vertex 66.5177 -3.32093 111.937
      vertex 65.9179 -4.29964 111.937
      vertex 68.1013 -4.1278 110.646
    endloop
  endfacet
  facet normal 0.387933 -0.237744 0.890497
    outer loop
      vertex 66.5177 -3.32093 111.937
      vertex 64.3344 -3.1491 112.934
      vertex 65.9179 -4.29964 111.937
    endloop
  endfacet
  facet normal 0.264283 -0.161917 0.950756
    outer loop
      vertex 62.912 -1.48375 113.613
      vertex 62.6441 -1.92102 113.613
      vertex 64.3344 -3.1491 112.934
    endloop
  endfacet
  facet normal 0.307693 -0.502108 0.808215
    outer loop
      vertex 64.2996 -5.91794 111.937
      vertex 63.3209 -6.51769 111.937
      vertex 64.1278 -8.10127 110.646
    endloop
  endfacet
  facet normal 0.307692 -0.502108 0.808216
    outer loop
      vertex 64.2996 -5.91794 111.937
      vertex 64.1278 -8.10127 110.646
      vertex 65.3443 -7.3558 110.646
    endloop
  endfacet
  facet normal 0.307692 0.502108 0.808216
    outer loop
      vertex 65.3443 7.3558 110.646
      vertex 64.1278 8.10127 110.646
      vertex 64.2996 5.91794 111.937
    endloop
  endfacet
  facet normal 0.370099 0.603949 0.705884
    outer loop
      vertex 66.2574 8.61254 109.092
      vertex 64.1278 8.10127 110.646
      vertex 65.3443 7.3558 110.646
    endloop
  endfacet
  facet normal 0.106206 0.442406 0.890504
    outer loop
      vertex 62.2605 6.95696 111.937
      vertex 61.1443 7.22492 111.937
      vertex 61.6556 5.09535 112.934
    endloop
  endfacet
  facet normal 0.225376 0.544059 0.808211
    outer loop
      vertex 62.8097 8.64726 110.646
      vertex 62.2605 6.95696 111.937
      vertex 63.3209 6.51769 111.937
    endloop
  endfacet
  facet normal 0.307693 0.502108 0.808215
    outer loop
      vertex 64.1278 8.10127 110.646
      vertex 63.3209 6.51769 111.937
      vertex 64.2996 5.91794 111.937
    endloop
  endfacet
  facet normal 0.0601043 0.145101 0.98759
    outer loop
      vertex 61.0099 3.10828 113.613
      vertex 60.3394 1.04467 113.957
      vertex 61.4837 2.91202 113.613
    endloop
  endfacet
  facet normal -0.460036 0.538604 0.705884
    outer loop
      vertex 53.7426 8.61254 109.092
      vertex 52.4724 7.52763 109.092
      vertex 54.6557 7.3558 110.646
    endloop
  endfacet
  facet normal 0.055576 0.706143 0.705884
    outer loop
      vertex 60 10.6457 109.092
      vertex 60 9.09227 110.646
      vertex 61.4223 8.98033 110.646
    endloop
  endfacet
  facet normal 0.453574 0.0357184 0.890503
    outer loop
      vertex 67.2249 1.14431 111.937
      vertex 65.2916 0.838108 112.934
      vertex 65.3576 0 112.934
    endloop
  endfacet
  facet normal 0.442415 0.10619 0.890502
    outer loop
      vertex 66.957 2.26045 111.937
      vertex 65.0954 1.65558 112.934
      vertex 67.2249 1.14431 111.937
    endloop
  endfacet
  facet normal 0.301376 -0.0723327 0.950758
    outer loop
      vertex 65.2916 -0.838108 112.934
      vertex 63.1083 -1.00994 113.613
      vertex 65.0954 -1.65558 112.934
    endloop
  endfacet
  facet normal 0.30898 -0.0243318 0.950757
    outer loop
      vertex 65.3576 0 112.934
      vertex 63.228 -0.511264 113.613
      vertex 65.2916 -0.838108 112.934
    endloop
  endfacet
  facet normal -0.760416 -0.649437 0
    outer loop
      vertex 50.131 -9.86898 100
      vertex 48.7087 -8.20363 101.098
      vertex 48.7087 -8.20363 100
    endloop
  endfacet
  facet normal -0.760416 -0.649437 0
    outer loop
      vertex 48.7087 -8.20363 101.098
      vertex 50.131 -9.86898 100
      vertex 50.131 -9.86898 101.098
    endloop
  endfacet
  facet normal -0.878957 -0.364072 0.308037
    outer loop
      vertex 48.4754 -5.87206 105.358
      vertex 47.6987 -3.99692 105.358
      vertex 47.8706 -6.18025 103.268
    endloop
  endfacet
  facet normal -0.878947 -0.364084 0.308051
    outer loop
      vertex 47.6987 -3.99692 105.358
      vertex 47.0531 -4.2067 103.268
      vertex 47.8706 -6.18025 103.268
    endloop
  endfacet
  facet normal -0.165373 -0.688755 0.705881
    outer loop
      vertex 58.5777 -8.98033 110.646
      vertex 56.7103 -10.1246 109.092
      vertex 58.3346 -10.5146 109.092
    endloop
  endfacet
  facet normal -0.271059 -0.65442 0.705877
    outer loop
      vertex 55.8722 -8.10127 110.646
      vertex 55.167 -9.48537 109.092
      vertex 56.7103 -10.1246 109.092
    endloop
  endfacet
  facet normal -0.751112 0.641491 0.155949
    outer loop
      vertex 50.131 9.86898 101.098
      vertex 48.7087 8.20363 101.098
      vertex 50.374 9.62597 103.268
    endloop
  endfacet
  facet normal -0.751107 0.641498 0.15594
    outer loop
      vertex 50.374 9.62597 103.268
      vertex 48.7087 8.20363 101.098
      vertex 48.9867 8.00163 103.268
    endloop
  endfacet
  facet normal -0.230604 0.960473 0.15593
    outer loop
      vertex 57.8167 13.785 101.098
      vertex 55.7933 12.9469 103.268
      vertex 57.8704 13.4456 103.268
    endloop
  endfacet
  facet normal -0.222106 0.92508 0.308052
    outer loop
      vertex 57.8704 13.4456 103.268
      vertex 55.7933 12.9469 103.268
      vertex 56.0031 12.3013 105.358
    endloop
  endfacet
  facet normal -0.378005 0.912575 0.155944
    outer loop
      vertex 55.7933 12.9469 103.268
      vertex 53.6637 12.4356 101.098
      vertex 53.8197 12.1294 103.268
    endloop
  endfacet
  facet normal -0.0774862 0.984724 0.155934
    outer loop
      vertex 60 13.9568 101.098
      vertex 57.8167 13.785 101.098
      vertex 57.8704 13.4456 103.268
    endloop
  endfacet
  facet normal -0.654427 -0.271079 0.705863
    outer loop
      vertex 51.3527 -2.80967 110.646
      vertex 49.8754 -3.2897 109.092
      vertex 51.8987 -4.1278 110.646
    endloop
  endfacet
  facet normal -0.654424 -0.271041 0.70588
    outer loop
      vertex 51.8987 -4.1278 110.646
      vertex 49.8754 -3.2897 109.092
      vertex 50.5146 -4.83304 109.092
    endloop
  endfacet
  facet normal 0.230602 0.960473 0.155932
    outer loop
      vertex 64.3129 13.2737 101.098
      vertex 62.1833 13.785 101.098
      vertex 64.2067 12.9469 103.268
    endloop
  endfacet
  facet normal -0.690489 0.423163 0.58665
    outer loop
      vertex 51.3875 6.25738 109.092
      vertex 49.3641 5.41927 107.315
      vertex 50.5146 4.83304 109.092
    endloop
  endfacet
  facet normal -0.823663 0.341164 0.452976
    outer loop
      vertex 49.3641 5.41927 107.315
      vertex 47.6987 3.99692 105.358
      vertex 48.6473 3.68872 107.315
    endloop
  endfacet
  facet normal -0.0601043 0.145101 0.98759
    outer loop
      vertex 58.9901 3.10828 113.613
      vertex 58.5163 2.91202 113.613
      vertex 59.6606 1.04467 113.957
    endloop
  endfacet
  facet normal -0.0820573 0.133914 0.98759
    outer loop
      vertex 58.5163 2.91202 113.613
      vertex 58.079 2.64406 113.613
      vertex 59.3544 0.888646 113.957
    endloop
  endfacet
  facet normal -0.579011 0.677922 0.452954
    outer loop
      vertex 52.3974 10.4641 105.358
      vertex 51.5593 8.44071 107.315
      vertex 52.9836 9.6572 107.315
    endloop
  endfacet
  facet normal -0.309897 0.748189 0.586666
    outer loop
      vertex 56.7103 10.1246 109.092
      vertex 54.5807 10.6359 107.315
      vertex 55.167 9.48537 109.092
    endloop
  endfacet
  facet normal -0.525946 0.615793 0.586668
    outer loop
      vertex 52.9836 9.6572 107.315
      vertex 51.5593 8.44071 107.315
      vertex 52.4724 7.52763 109.092
    endloop
  endfacet
  facet normal -0.497091 0.811174 0.308055
    outer loop
      vertex 53.8197 12.1294 103.268
      vertex 51.9984 11.0133 103.268
      vertex 52.3974 10.4641 105.358
    endloop
  endfacet
  facet normal -0.208142 0.866885 0.452977
    outer loop
      vertex 58.1326 11.79 107.315
      vertex 56.0031 12.3013 105.358
      vertex 56.3113 11.3527 107.315
    endloop
  endfacet
  facet normal -0.189069 0.787449 0.586666
    outer loop
      vertex 58.1326 11.79 107.315
      vertex 56.7103 10.1246 109.092
      vertex 58.3346 10.5146 109.092
    endloop
  endfacet
  facet normal 0.165352 0.688773 0.705869
    outer loop
      vertex 63.2897 10.1246 109.092
      vertex 61.4223 8.98033 110.646
      vertex 62.8097 8.64726 110.646
    endloop
  endfacet
  facet normal -0.055576 0.706143 0.705884
    outer loop
      vertex 60 10.6457 109.092
      vertex 58.5777 8.98033 110.646
      vertex 60 9.09227 110.646
    endloop
  endfacet
  facet normal 0.161943 -0.264258 0.950759
    outer loop
      vertex 63.1491 -4.33436 112.934
      vertex 61.4837 -2.91202 113.613
      vertex 62.4323 -4.77363 112.934
    endloop
  endfacet
  facet normal -0.156572 -0.0123012 0.98759
    outer loop
      vertex 58.9016 0 113.957
      vertex 56.7318 0 113.613
      vertex 58.9151 -0.171831 113.957
    endloop
  endfacet
  facet normal 0.101996 -0.119429 0.98759
    outer loop
      vertex 62.311 -2.31099 113.613
      vertex 60.7767 -0.776705 113.957
      vertex 61.921 -2.64406 113.613
    endloop
  endfacet
  facet normal -0.10621 0.442407 0.890503
    outer loop
      vertex 58.8557 7.22492 111.937
      vertex 58.3444 5.09535 112.934
      vertex 59.1619 5.29161 112.934
    endloop
  endfacet
  facet normal 0.0820896 0.133901 0.987589
    outer loop
      vertex 61.4837 2.91202 113.613
      vertex 60.4987 0.978705 113.957
      vertex 60.6456 0.888646 113.957
    endloop
  endfacet
  facet normal -0.11942 -0.102005 0.98759
    outer loop
      vertex 59.2233 -0.776705 113.957
      vertex 57.3559 -1.92102 113.613
      vertex 57.689 -2.31099 113.613
    endloop
  endfacet
  facet normal -0.544058 0.225374 0.808212
    outer loop
      vertex 53.4823 3.32093 111.937
      vertex 51.3527 2.80967 110.646
      vertex 53.043 2.26045 111.937
    endloop
  endfacet
  facet normal -0.286345 0.118633 0.950754
    outer loop
      vertex 57.088 1.48375 113.613
      vertex 54.9047 1.65558 112.934
      vertex 56.8917 1.00994 113.613
    endloop
  endfacet
  facet normal -0.301378 -0.07237 0.950754
    outer loop
      vertex 56.8917 -1.00994 113.613
      vertex 54.7084 -0.838108 112.934
      vertex 54.9047 -1.65558 112.934
    endloop
  endfacet
  facet normal -0.442404 -0.106235 0.890501
    outer loop
      vertex 54.7084 -0.838108 112.934
      vertex 52.7751 -1.14431 111.937
      vertex 54.9047 -1.65558 112.934
    endloop
  endfacet
  facet normal 0.156573 -0.0123111 0.98759
    outer loop
      vertex 63.2682 0 113.613
      vertex 61.0849 -0.171831 113.957
      vertex 63.228 -0.511264 113.613
    endloop
  endfacet
  facet normal 0.060089 0.14511 0.987589
    outer loop
      vertex 61.4837 2.91202 113.613
      vertex 60.3394 1.04467 113.957
      vertex 60.4987 0.978705 113.957
    endloop
  endfacet
  facet normal -0.345972 -0.295495 0.890498
    outer loop
      vertex 55.6656 -3.1491 112.934
      vertex 54.0821 -4.29964 111.937
      vertex 56.2116 -3.78837 112.934
    endloop
  endfacet
  facet normal -0.502099 -0.30771 0.808215
    outer loop
      vertex 53.4823 -3.32093 111.937
      vertex 51.8987 -4.1278 110.646
      vertex 54.0821 -4.29964 111.937
    endloop
  endfacet
  facet normal -0.307693 -0.502108 0.808215
    outer loop
      vertex 56.6791 -6.51769 111.937
      vertex 55.7004 -5.91794 111.937
      vertex 55.8722 -8.10127 110.646
    endloop
  endfacet
  facet normal -0.0601043 -0.145101 0.98759
    outer loop
      vertex 59.6606 -1.04467 113.957
      vertex 58.5163 -2.91202 113.613
      vertex 58.9901 -3.10828 113.613
    endloop
  endfacet
  facet normal 0.101983 0.119437 0.98759
    outer loop
      vertex 61.921 2.64406 113.613
      vertex 60.6456 0.888646 113.957
      vertex 60.7767 0.776705 113.957
    endloop
  endfacet
  facet normal -0.133917 -0.0820461 0.98759
    outer loop
      vertex 59.1114 -0.645638 113.957
      vertex 57.088 -1.48375 113.613
      vertex 57.3559 -1.92102 113.613
    endloop
  endfacet
  facet normal 0.0366686 -0.152714 0.98759
    outer loop
      vertex 61.0099 -3.10828 113.613
      vertex 60.1718 -1.0849 113.957
      vertex 60.5113 -3.228 113.613
    endloop
  endfacet
  facet normal -0.137466 -0.572623 0.808212
    outer loop
      vertex 57.7395 -6.95696 111.937
      vertex 57.1903 -8.64726 110.646
      vertex 58.8557 -7.22492 111.937
    endloop
  endfacet
  facet normal -0.174125 -0.420337 0.890504
    outer loop
      vertex 58.3444 -5.09535 112.934
      vertex 56.6791 -6.51769 111.937
      vertex 57.7395 -6.95696 111.937
    endloop
  endfacet
  facet normal -0.0555879 -0.706148 0.705879
    outer loop
      vertex 58.5777 -8.98033 110.646
      vertex 58.3346 -10.5146 109.092
      vertex 60 -10.6457 109.092
    endloop
  endfacet
  facet normal -0.055576 -0.706143 0.705884
    outer loop
      vertex 60 -9.09227 110.646
      vertex 58.5777 -8.98033 110.646
      vertex 60 -10.6457 109.092
    endloop
  endfacet
  facet normal 0.0356977 -0.453575 0.890503
    outer loop
      vertex 60 -5.35757 112.934
      vertex 60 -7.31498 111.937
      vertex 61.1443 -7.22492 111.937
    endloop
  endfacet
  facet normal -0.0356977 -0.453575 0.890503
    outer loop
      vertex 60 -5.35757 112.934
      vertex 58.8557 -7.22492 111.937
      vertex 60 -7.31498 111.937
    endloop
  endfacet
  facet normal -0.271078 -0.654421 0.705868
    outer loop
      vertex 57.1903 -8.64726 110.646
      vertex 55.8722 -8.10127 110.646
      vertex 56.7103 -10.1246 109.092
    endloop
  endfacet
  facet normal -0.225363 -0.544059 0.808215
    outer loop
      vertex 56.6791 -6.51769 111.937
      vertex 55.8722 -8.10127 110.646
      vertex 57.1903 -8.64726 110.646
    endloop
  endfacet
  facet normal -0.460036 -0.538604 0.705884
    outer loop
      vertex 54.6557 -7.3558 110.646
      vertex 52.4724 -7.52763 109.092
      vertex 53.7426 -8.61254 109.092
    endloop
  endfacet
  facet normal -0.460027 -0.538624 0.705875
    outer loop
      vertex 53.5708 -6.42921 110.646
      vertex 52.4724 -7.52763 109.092
      vertex 54.6557 -7.3558 110.646
    endloop
  endfacet
  facet normal -0.497108 -0.811169 0.30804
    outer loop
      vertex 54.1279 -11.5246 105.358
      vertex 52.3974 -10.4641 105.358
      vertex 53.8197 -12.1294 103.268
    endloop
  endfacet
  facet normal -0.364062 -0.878961 0.308038
    outer loop
      vertex 54.1279 -11.5246 105.358
      vertex 53.8197 -12.1294 103.268
      vertex 56.0031 -12.3013 105.358
    endloop
  endfacet
  facet normal -0.751107 -0.641498 0.15594
    outer loop
      vertex 48.9867 -8.00163 103.268
      vertex 48.7087 -8.20363 101.098
      vertex 50.374 -9.62597 103.268
    endloop
  endfacet
  facet normal -0.751112 -0.641491 0.155949
    outer loop
      vertex 50.374 -9.62597 103.268
      vertex 48.7087 -8.20363 101.098
      vertex 50.131 -9.86898 101.098
    endloop
  endfacet
  facet normal -0.525961 -0.615789 0.58666
    outer loop
      vertex 53.7426 -8.61254 109.092
      vertex 52.4724 -7.52763 109.092
      vertex 52.9836 -9.6572 107.315
    endloop
  endfacet
  facet normal -0.760155 -0.465822 0.452962
    outer loop
      vertex 50.3428 -7.01637 107.315
      vertex 49.3641 -5.41927 107.315
      vertex 49.5359 -7.6026 105.358
    endloop
  endfacet
  facet normal -0.984724 0.0774991 0.155922
    outer loop
      vertex 46.5544 2.12957 103.268
      vertex 46.0432 0 101.098
      vertex 46.3868 0 103.268
    endloop
  endfacet
  facet normal -0.984724 -0.0774991 0.155922
    outer loop
      vertex 46.3868 0 103.268
      vertex 46.0432 0 101.098
      vertex 46.5544 -2.12957 103.268
    endloop
  endfacet
  facet normal -0.807331 -0.063554 0.586667
    outer loop
      vertex 49.3543 0 109.092
      vertex 48.063 0 107.315
      vertex 48.21 -1.86735 107.315
    endloop
  endfacet
  facet normal -0.807331 0.063554 0.586667
    outer loop
      vertex 48.21 1.86735 107.315
      vertex 48.063 0 107.315
      vertex 49.3543 0 109.092
    endloop
  endfacet
  facet normal -0.823663 -0.341164 0.452976
    outer loop
      vertex 48.6473 -3.68872 107.315
      vertex 47.6987 -3.99692 105.358
      vertex 49.3641 -5.41927 107.315
    endloop
  endfacet
  facet normal -0.748187 -0.309902 0.586666
    outer loop
      vertex 49.8754 -3.2897 109.092
      vertex 48.6473 -3.68872 107.315
      vertex 49.3641 -5.41927 107.315
    endloop
  endfacet
  facet normal -0.688755 -0.165367 0.705883
    outer loop
      vertex 51.0197 -1.42234 110.646
      vertex 49.4854 -1.66535 109.092
      vertex 49.8754 -3.2897 109.092
    endloop
  endfacet
  facet normal -0.706143 -0.0555891 0.705884
    outer loop
      vertex 51.0197 -1.42234 110.646
      vertex 49.3543 0 109.092
      vertex 49.4854 -1.66535 109.092
    endloop
  endfacet
  facet normal -0.823663 0.341169 0.452972
    outer loop
      vertex 48.4754 5.87206 105.358
      vertex 47.6987 3.99692 105.358
      vertex 49.3641 5.41927 107.315
    endloop
  endfacet
  facet normal -0.878947 0.364084 0.308051
    outer loop
      vertex 47.8706 6.18025 103.268
      vertex 47.0531 4.2067 103.268
      vertex 47.6987 3.99692 105.358
    endloop
  endfacet
  facet normal -0.688787 0.165329 0.705861
    outer loop
      vertex 51.3527 2.80967 110.646
      vertex 49.8754 3.2897 109.092
      vertex 51.0197 1.42234 110.646
    endloop
  endfacet
  facet normal -0.654424 0.271041 0.70588
    outer loop
      vertex 50.5146 4.83304 109.092
      vertex 49.8754 3.2897 109.092
      vertex 51.8987 4.1278 110.646
    endloop
  endfacet
  facet normal -0.60394 0.370122 0.70588
    outer loop
      vertex 51.3875 6.25738 109.092
      vertex 50.5146 4.83304 109.092
      vertex 51.8987 4.1278 110.646
    endloop
  endfacet
  facet normal -0.137468 0.572622 0.808212
    outer loop
      vertex 58.5777 8.98033 110.646
      vertex 57.1903 8.64726 110.646
      vertex 58.8557 7.22492 111.937
    endloop
  endfacet
  facet normal 0.364062 -0.878961 0.308038
    outer loop
      vertex 65.8721 -11.5246 105.358
      vertex 63.9969 -12.3013 105.358
      vertex 66.1803 -12.1294 103.268
    endloop
  endfacet
  facet normal 0.497091 -0.811174 0.308055
    outer loop
      vertex 67.6026 -10.4641 105.358
      vertex 66.1803 -12.1294 103.268
      vertex 68.0016 -11.0133 103.268
    endloop
  endfacet
  facet normal 0.996918 -0.0784447 0
    outer loop
      vertex 73.785 -2.18333 101.098
      vertex 73.9568 0 100
      vertex 73.9568 0 101.098
    endloop
  endfacet
  facet normal 0.996918 -0.0784447 0
    outer loop
      vertex 73.9568 0 100
      vertex 73.785 -2.18333 101.098
      vertex 73.785 -2.18333 100
    endloop
  endfacet
  facet normal 0.690489 0.423163 0.58665
    outer loop
      vertex 70.6359 5.41927 107.315
      vertex 68.6125 6.25738 109.092
      vertex 69.4854 4.83304 109.092
    endloop
  endfacet
  facet normal 0.654427 0.271079 0.705863
    outer loop
      vertex 70.1246 3.2897 109.092
      vertex 68.1013 4.1278 110.646
      vertex 68.6473 2.80967 110.646
    endloop
  endfacet
  facet normal 0.544058 0.225361 0.808216
    outer loop
      vertex 68.1013 4.1278 110.646
      vertex 66.5177 3.32093 111.937
      vertex 68.6473 2.80967 110.646
    endloop
  endfacet
  facet normal 0.544058 0.225374 0.808212
    outer loop
      vertex 68.6473 2.80967 110.646
      vertex 66.5177 3.32093 111.937
      vertex 66.957 2.26045 111.937
    endloop
  endfacet
  facet normal 0.447817 0.382438 0.808208
    outer loop
      vertex 66.4292 6.42921 110.646
      vertex 65.1725 5.17247 111.937
      vertex 65.9179 4.29964 111.937
    endloop
  endfacet
  facet normal 0.38245 0.447792 0.808217
    outer loop
      vertex 65.3443 7.3558 110.646
      vertex 64.2996 5.91794 111.937
      vertex 66.4292 6.42921 110.646
    endloop
  endfacet
  facet normal 0.823663 -0.341169 0.452972
    outer loop
      vertex 72.3013 -3.99692 105.358
      vertex 70.6359 -5.41927 107.315
      vertex 71.5246 -5.87206 105.358
    endloop
  endfacet
  facet normal 0.878957 -0.364072 0.308037
    outer loop
      vertex 72.3013 -3.99692 105.358
      vertex 71.5246 -5.87206 105.358
      vertex 72.1294 -6.18025 103.268
    endloop
  endfacet
  facet normal 0.972366 -0.233461 0
    outer loop
      vertex 73.2737 -4.3129 101.098
      vertex 73.785 -2.18333 100
      vertex 73.785 -2.18333 101.098
    endloop
  endfacet
  facet normal 0.972366 -0.233461 0
    outer loop
      vertex 73.785 -2.18333 100
      vertex 73.2737 -4.3129 101.098
      vertex 73.2737 -4.3129 100
    endloop
  endfacet
  facet normal 0.538622 -0.460029 0.705875
    outer loop
      vertex 68.6125 -6.25738 109.092
      vertex 67.3558 -5.3443 110.646
      vertex 67.5276 -7.52763 109.092
    endloop
  endfacet
  facet normal 0.460027 -0.538624 0.705875
    outer loop
      vertex 66.4292 -6.42921 110.646
      vertex 65.3443 -7.3558 110.646
      vertex 67.5276 -7.52763 109.092
    endloop
  endfacet
  facet normal 0.225376 -0.544059 0.808211
    outer loop
      vertex 63.3209 -6.51769 111.937
      vertex 62.2605 -6.95696 111.937
      vertex 62.8097 -8.64726 110.646
    endloop
  endfacet
  facet normal 0.137466 -0.572623 0.808212
    outer loop
      vertex 62.2605 -6.95696 111.937
      vertex 61.1443 -7.22492 111.937
      vertex 62.8097 -8.64726 110.646
    endloop
  endfacet
  facet normal 0.0723514 -0.301372 0.950758
    outer loop
      vertex 61.0099 -3.10828 113.613
      vertex 60.8381 -5.29161 112.934
      vertex 61.6556 -5.09535 112.934
    endloop
  endfacet
  facet normal 0.10621 -0.442407 0.890503
    outer loop
      vertex 61.6556 -5.09535 112.934
      vertex 60.8381 -5.29161 112.934
      vertex 61.1443 -7.22492 111.937
    endloop
  endfacet
  facet normal 0.0555879 -0.706148 0.705879
    outer loop
      vertex 61.4223 -8.98033 110.646
      vertex 60 -10.6457 109.092
      vertex 61.6654 -10.5146 109.092
    endloop
  endfacet
  facet normal 0.0635529 -0.807331 0.586667
    outer loop
      vertex 61.6654 -10.5146 109.092
      vertex 60 -10.6457 109.092
      vertex 61.8674 -11.79 107.315
    endloop
  endfacet
  facet normal 0.06993 -0.888796 0.452936
    outer loop
      vertex 60 -11.937 107.315
      vertex 60 -12.9343 105.358
      vertex 62.0234 -12.7751 105.358
    endloop
  endfacet
  facet normal 0.0699639 -0.888779 0.452964
    outer loop
      vertex 61.8674 -11.79 107.315
      vertex 60 -11.937 107.315
      vertex 62.0234 -12.7751 105.358
    endloop
  endfacet
  facet normal 0.295479 -0.345976 0.890501
    outer loop
      vertex 63.7884 -3.78837 112.934
      vertex 63.1491 -4.33436 112.934
      vertex 64.2996 -5.91794 111.937
    endloop
  endfacet
  facet normal 0.345981 -0.295469 0.890503
    outer loop
      vertex 65.9179 -4.29964 111.937
      vertex 63.7884 -3.78837 112.934
      vertex 65.1725 -5.17247 111.937
    endloop
  endfacet
  facet normal 0.295471 -0.345979 0.890503
    outer loop
      vertex 65.1725 -5.17247 111.937
      vertex 63.7884 -3.78837 112.934
      vertex 64.2996 -5.91794 111.937
    endloop
  endfacet
  facet normal 0.447817 -0.382438 0.808208
    outer loop
      vertex 65.9179 -4.29964 111.937
      vertex 65.1725 -5.17247 111.937
      vertex 66.4292 -6.42921 110.646
    endloop
  endfacet
  facet normal 0.0123193 -0.156572 0.98759
    outer loop
      vertex 60.1718 -1.0849 113.957
      vertex 60 -3.26823 113.613
      vertex 60.5113 -3.228 113.613
    endloop
  endfacet
  facet normal -0.145087 -0.0601327 0.98759
    outer loop
      vertex 58.9553 -0.339432 113.957
      vertex 57.088 -1.48375 113.613
      vertex 59.0213 -0.498675 113.957
    endloop
  endfacet
  facet normal 0.264275 0.161923 0.950757
    outer loop
      vertex 64.3344 3.1491 112.934
      vertex 62.912 1.48375 113.613
      vertex 64.7736 2.43228 112.934
    endloop
  endfacet
  facet normal 0.286333 0.118633 0.950757
    outer loop
      vertex 64.7736 2.43228 112.934
      vertex 62.912 1.48375 113.613
      vertex 65.0954 1.65558 112.934
    endloop
  endfacet
  facet normal 0.11861 0.28634 0.950758
    outer loop
      vertex 61.6556 5.09535 112.934
      vertex 61.0099 3.10828 113.613
      vertex 61.4837 2.91202 113.613
    endloop
  endfacet
  facet normal 0.0820573 0.133914 0.98759
    outer loop
      vertex 61.4837 2.91202 113.613
      vertex 60.6456 0.888646 113.957
      vertex 61.921 2.64406 113.613
    endloop
  endfacet
  facet normal -0.465823 0.760157 0.452957
    outer loop
      vertex 54.5807 10.6359 107.315
      vertex 52.3974 10.4641 105.358
      vertex 52.9836 9.6572 107.315
    endloop
  endfacet
  facet normal -0.423117 0.690499 0.586671
    outer loop
      vertex 54.5807 10.6359 107.315
      vertex 53.7426 8.61254 109.092
      vertex 55.167 9.48537 109.092
    endloop
  endfacet
  facet normal 0.235676 -0.201291 0.950757
    outer loop
      vertex 64.3344 -3.1491 112.934
      vertex 62.6441 -1.92102 113.613
      vertex 63.7884 -3.78837 112.934
    endloop
  endfacet
  facet normal -0.060089 -0.14511 0.987589
    outer loop
      vertex 59.5013 -0.978705 113.957
      vertex 58.5163 -2.91202 113.613
      vertex 59.6606 -1.04467 113.957
    endloop
  endfacet
  facet normal 0.442414 0.106183 0.890503
    outer loop
      vertex 67.2249 1.14431 111.937
      vertex 65.0954 1.65558 112.934
      vertex 65.2916 0.838108 112.934
    endloop
  endfacet
  facet normal 0.286334 0.118628 0.950758
    outer loop
      vertex 65.0954 1.65558 112.934
      vertex 62.912 1.48375 113.613
      vertex 63.1083 1.00994 113.613
    endloop
  endfacet
  facet normal -0.0123308 -0.156572 0.98759
    outer loop
      vertex 60 -1.09843 113.957
      vertex 59.8282 -1.0849 113.957
      vertex 60 -3.26823 113.613
    endloop
  endfacet
  facet normal 0.301376 -0.072341 0.950757
    outer loop
      vertex 63.228 -0.511264 113.613
      vertex 63.1083 -1.00994 113.613
      vertex 65.2916 -0.838108 112.934
    endloop
  endfacet
  facet normal -0.497108 0.811169 0.30804
    outer loop
      vertex 53.8197 12.1294 103.268
      vertex 52.3974 10.4641 105.358
      vertex 54.1279 11.5246 105.358
    endloop
  endfacet
  facet normal -0.641493 0.751112 0.15594
    outer loop
      vertex 51.7964 11.2913 101.098
      vertex 50.374 9.62597 103.268
      vertex 51.9984 11.0133 103.268
    endloop
  endfacet
  facet normal -0.423135 0.690497 0.58666
    outer loop
      vertex 54.5807 10.6359 107.315
      vertex 52.9836 9.6572 107.315
      vertex 53.7426 8.61254 109.092
    endloop
  endfacet
  facet normal -0.364062 0.878961 0.308038
    outer loop
      vertex 56.0031 12.3013 105.358
      vertex 53.8197 12.1294 103.268
      vertex 54.1279 11.5246 105.358
    endloop
  endfacet
  facet normal 0.0784457 0.996918 -0
    outer loop
      vertex 62.1833 13.785 100
      vertex 60 13.9568 101.098
      vertex 62.1833 13.785 101.098
    endloop
  endfacet
  facet normal 0.0784457 0.996918 0
    outer loop
      vertex 60 13.9568 101.098
      vertex 62.1833 13.785 100
      vertex 60 13.9568 100
    endloop
  endfacet
  facet normal -0.233458 0.972367 0
    outer loop
      vertex 57.8167 13.785 100
      vertex 55.6871 13.2737 101.098
      vertex 57.8167 13.785 101.098
    endloop
  endfacet
  facet normal -0.233458 0.972367 0
    outer loop
      vertex 55.6871 13.2737 101.098
      vertex 57.8167 13.785 100
      vertex 55.6871 13.2737 100
    endloop
  endfacet
  facet normal 0.230604 0.960473 0.15593
    outer loop
      vertex 62.1833 13.785 101.098
      vertex 62.1296 13.4456 103.268
      vertex 64.2067 12.9469 103.268
    endloop
  endfacet
  facet normal 0.0774862 0.984724 0.155934
    outer loop
      vertex 62.1833 13.785 101.098
      vertex 60 13.9568 101.098
      vertex 62.1296 13.4456 103.268
    endloop
  endfacet
  facet normal 0.10621 0.442407 0.890503
    outer loop
      vertex 61.1443 7.22492 111.937
      vertex 60.8381 5.29161 112.934
      vertex 61.6556 5.09535 112.934
    endloop
  endfacet
  facet normal 0.0356972 0.453575 0.890503
    outer loop
      vertex 61.1443 7.22492 111.937
      vertex 60 5.35757 112.934
      vertex 60.8381 5.29161 112.934
    endloop
  endfacet
  facet normal -0.11944 -0.101973 0.987591
    outer loop
      vertex 59.1114 -0.645638 113.957
      vertex 57.3559 -1.92102 113.613
      vertex 59.2233 -0.776705 113.957
    endloop
  endfacet
  facet normal -0.617855 0.723435 0.308055
    outer loop
      vertex 51.9984 11.0133 103.268
      vertex 50.374 9.62597 103.268
      vertex 52.3974 10.4641 105.358
    endloop
  endfacet
  facet normal -0.617874 0.723406 0.308085
    outer loop
      vertex 52.3974 10.4641 105.358
      vertex 50.374 9.62597 103.268
      vertex 50.8541 9.14594 105.358
    endloop
  endfacet
  facet normal -0.165373 0.688755 0.705881
    outer loop
      vertex 58.3346 10.5146 109.092
      vertex 56.7103 10.1246 109.092
      vertex 58.5777 8.98033 110.646
    endloop
  endfacet
  facet normal -0.341156 0.823666 0.452976
    outer loop
      vertex 56.0031 12.3013 105.358
      vertex 54.5807 10.6359 107.315
      vertex 56.3113 11.3527 107.315
    endloop
  endfacet
  facet normal 0.0635529 0.807331 0.586667
    outer loop
      vertex 61.8674 11.79 107.315
      vertex 60 10.6457 109.092
      vertex 61.6654 10.5146 109.092
    endloop
  endfacet
  facet normal -0.208125 0.866896 0.452962
    outer loop
      vertex 57.9766 12.7751 105.358
      vertex 56.0031 12.3013 105.358
      vertex 58.1326 11.79 107.315
    endloop
  endfacet
  facet normal -0.0555879 0.706148 0.705879
    outer loop
      vertex 60 10.6457 109.092
      vertex 58.3346 10.5146 109.092
      vertex 58.5777 8.98033 110.646
    endloop
  endfacet
  facet normal 0.137468 0.572622 0.808212
    outer loop
      vertex 61.4223 8.98033 110.646
      vertex 61.1443 7.22492 111.937
      vertex 62.8097 8.64726 110.646
    endloop
  endfacet
  facet normal -0.0820573 -0.133914 0.98759
    outer loop
      vertex 59.3544 -0.888646 113.957
      vertex 58.079 -2.64406 113.613
      vertex 58.5163 -2.91202 113.613
    endloop
  endfacet
  facet normal 0.0462049 0.587075 0.808213
    outer loop
      vertex 60 9.09227 110.646
      vertex 60 7.31498 111.937
      vertex 61.4223 8.98033 110.646
    endloop
  endfacet
  facet normal -0.0356972 0.453575 0.890503
    outer loop
      vertex 60 5.35757 112.934
      vertex 58.8557 7.22492 111.937
      vertex 59.1619 5.29161 112.934
    endloop
  endfacet
  facet normal -0.161943 0.264258 0.950759
    outer loop
      vertex 57.5677 4.77363 112.934
      vertex 56.8509 4.33436 112.934
      vertex 58.5163 2.91202 113.613
    endloop
  endfacet
  facet normal -0.447817 0.382438 0.808208
    outer loop
      vertex 54.8275 5.17247 111.937
      vertex 53.5708 6.42921 110.646
      vertex 54.0821 4.29964 111.937
    endloop
  endfacet
  facet normal -0.20128 0.235683 0.950758
    outer loop
      vertex 58.079 2.64406 113.613
      vertex 56.2116 3.78837 112.934
      vertex 57.689 2.31099 113.613
    endloop
  endfacet
  facet normal -0.235665 0.201298 0.950758
    outer loop
      vertex 57.689 2.31099 113.613
      vertex 56.2116 3.78837 112.934
      vertex 57.3559 1.92102 113.613
    endloop
  endfacet
  facet normal -0.133898 -0.0820903 0.987589
    outer loop
      vertex 59.0213 -0.498675 113.957
      vertex 57.088 -1.48375 113.613
      vertex 59.1114 -0.645638 113.957
    endloop
  endfacet
  facet normal -0.0366686 0.152714 0.98759
    outer loop
      vertex 59.4887 3.228 113.613
      vertex 58.9901 3.10828 113.613
      vertex 59.8282 1.0849 113.957
    endloop
  endfacet
  facet normal -0.442404 0.106235 0.890501
    outer loop
      vertex 54.9047 1.65558 112.934
      vertex 52.7751 1.14431 111.937
      vertex 54.7084 0.838108 112.934
    endloop
  endfacet
  facet normal -0.453574 0.0357184 0.890503
    outer loop
      vertex 54.7084 0.838108 112.934
      vertex 52.7751 1.14431 111.937
      vertex 54.6424 0 112.934
    endloop
  endfacet
  facet normal -0.301376 0.072341 0.950757
    outer loop
      vertex 56.8917 1.00994 113.613
      vertex 54.7084 0.838108 112.934
      vertex 56.772 0.511264 113.613
    endloop
  endfacet
  facet normal -0.11944 0.101973 0.987591
    outer loop
      vertex 59.2233 0.776705 113.957
      vertex 57.3559 1.92102 113.613
      vertex 59.1114 0.645638 113.957
    endloop
  endfacet
  facet normal -0.286348 0.118602 0.950757
    outer loop
      vertex 55.2264 2.43228 112.934
      vertex 54.9047 1.65558 112.934
      vertex 57.088 1.48375 113.613
    endloop
  endfacet
  facet normal -0.264283 0.161917 0.950756
    outer loop
      vertex 57.3559 1.92102 113.613
      vertex 55.6656 3.1491 112.934
      vertex 57.088 1.48375 113.613
    endloop
  endfacet
  facet normal -0.442397 0.106186 0.890511
    outer loop
      vertex 53.043 2.26045 111.937
      vertex 52.7751 1.14431 111.937
      vertex 54.9047 1.65558 112.934
    endloop
  endfacet
  facet normal -0.420326 0.174118 0.890511
    outer loop
      vertex 53.4823 3.32093 111.937
      vertex 53.043 2.26045 111.937
      vertex 54.9047 1.65558 112.934
    endloop
  endfacet
  facet normal -0.544058 -0.225361 0.808216
    outer loop
      vertex 53.4823 -3.32093 111.937
      vertex 51.3527 -2.80967 110.646
      vertex 51.8987 -4.1278 110.646
    endloop
  endfacet
  facet normal -0.264275 -0.161923 0.950757
    outer loop
      vertex 57.088 -1.48375 113.613
      vertex 55.2264 -2.43228 112.934
      vertex 55.6656 -3.1491 112.934
    endloop
  endfacet
  facet normal -0.235676 -0.201291 0.950757
    outer loop
      vertex 57.3559 -1.92102 113.613
      vertex 55.6656 -3.1491 112.934
      vertex 56.2116 -3.78837 112.934
    endloop
  endfacet
  facet normal -0.38244 -0.447814 0.808209
    outer loop
      vertex 54.8275 -5.17247 111.937
      vertex 53.5708 -6.42921 110.646
      vertex 55.7004 -5.91794 111.937
    endloop
  endfacet
  facet normal -0.5021 -0.307699 0.808218
    outer loop
      vertex 54.0821 -4.29964 111.937
      vertex 51.8987 -4.1278 110.646
      vertex 52.6442 -5.3443 110.646
    endloop
  endfacet
  facet normal -0.447791 -0.38245 0.808217
    outer loop
      vertex 54.0821 -4.29964 111.937
      vertex 52.6442 -5.3443 110.646
      vertex 53.5708 -6.42921 110.646
    endloop
  endfacet
  facet normal -0.106206 -0.442406 0.890504
    outer loop
      vertex 58.3444 -5.09535 112.934
      vertex 57.7395 -6.95696 111.937
      vertex 58.8557 -7.22492 111.937
    endloop
  endfacet
  facet normal -0.10621 -0.442407 0.890503
    outer loop
      vertex 59.1619 -5.29161 112.934
      vertex 58.3444 -5.09535 112.934
      vertex 58.8557 -7.22492 111.937
    endloop
  endfacet
  facet normal -0.345981 -0.295469 0.890503
    outer loop
      vertex 56.2116 -3.78837 112.934
      vertex 54.0821 -4.29964 111.937
      vertex 54.8275 -5.17247 111.937
    endloop
  endfacet
  facet normal -0.295471 -0.345979 0.890503
    outer loop
      vertex 56.2116 -3.78837 112.934
      vertex 54.8275 -5.17247 111.937
      vertex 55.7004 -5.91794 111.937
    endloop
  endfacet
  facet normal 0.264283 0.161917 0.950756
    outer loop
      vertex 64.3344 3.1491 112.934
      vertex 62.6441 1.92102 113.613
      vertex 62.912 1.48375 113.613
    endloop
  endfacet
  facet normal 0.20128 0.235683 0.950758
    outer loop
      vertex 63.7884 3.78837 112.934
      vertex 61.921 2.64406 113.613
      vertex 62.311 2.31099 113.613
    endloop
  endfacet
  facet normal 0.152727 -0.0366325 0.987589
    outer loop
      vertex 61.0849 -0.171831 113.957
      vertex 61.0447 -0.339432 113.957
      vertex 63.1083 -1.00994 113.613
    endloop
  endfacet
  facet normal -0.0723514 -0.301372 0.950758
    outer loop
      vertex 58.9901 -3.10828 113.613
      vertex 58.3444 -5.09535 112.934
      vertex 59.1619 -5.29161 112.934
    endloop
  endfacet
  facet normal -0.11942 0.102005 0.98759
    outer loop
      vertex 57.689 2.31099 113.613
      vertex 57.3559 1.92102 113.613
      vertex 59.2233 0.776705 113.957
    endloop
  endfacet
  facet normal -0.0243174 -0.308981 0.950757
    outer loop
      vertex 59.4887 -3.228 113.613
      vertex 59.1619 -5.29161 112.934
      vertex 60 -5.35757 112.934
    endloop
  endfacet
  facet normal 0.0243111 -0.30898 0.950758
    outer loop
      vertex 60 -3.26823 113.613
      vertex 60 -5.35757 112.934
      vertex 60.5113 -3.228 113.613
    endloop
  endfacet
  facet normal -0.677918 -0.579024 0.452945
    outer loop
      vertex 51.5593 -8.44071 107.315
      vertex 49.5359 -7.6026 105.358
      vertex 50.8541 -9.14594 105.358
    endloop
  endfacet
  facet normal -0.579022 -0.677918 0.452946
    outer loop
      vertex 51.5593 -8.44071 107.315
      vertex 50.8541 -9.14594 105.358
      vertex 52.3974 -10.4641 105.358
    endloop
  endfacet
  facet normal -0.516109 -0.842208 0.155939
    outer loop
      vertex 51.9984 -11.0133 103.268
      vertex 51.7964 -11.2913 101.098
      vertex 53.8197 -12.1294 103.268
    endloop
  endfacet
  facet normal -0.497091 -0.811174 0.308055
    outer loop
      vertex 52.3974 -10.4641 105.358
      vertex 51.9984 -11.0133 103.268
      vertex 53.8197 -12.1294 103.268
    endloop
  endfacet
  facet normal -0.748187 0.309902 0.586666
    outer loop
      vertex 49.3641 5.41927 107.315
      vertex 48.6473 3.68872 107.315
      vertex 49.8754 3.2897 109.092
    endloop
  endfacet
  facet normal -0.78745 0.189062 0.586667
    outer loop
      vertex 48.6473 3.68872 107.315
      vertex 48.21 1.86735 107.315
      vertex 49.8754 3.2897 109.092
    endloop
  endfacet
  facet normal -0.760155 0.465822 0.452962
    outer loop
      vertex 49.5359 7.6026 105.358
      vertex 49.3641 5.41927 107.315
      vertex 50.3428 7.01637 107.315
    endloop
  endfacet
  facet normal -0.878957 0.364072 0.308037
    outer loop
      vertex 47.8706 6.18025 103.268
      vertex 47.6987 3.99692 105.358
      vertex 48.4754 5.87206 105.358
    endloop
  endfacet
  facet normal -0.654427 0.271079 0.705863
    outer loop
      vertex 51.8987 4.1278 110.646
      vertex 49.8754 3.2897 109.092
      vertex 51.3527 2.80967 110.646
    endloop
  endfacet
  facet normal -0.544058 0.225361 0.808216
    outer loop
      vertex 51.8987 4.1278 110.646
      vertex 51.3527 2.80967 110.646
      vertex 53.4823 3.32093 111.937
    endloop
  endfacet
  facet normal -0.0784457 -0.996918 0
    outer loop
      vertex 57.8167 -13.785 100
      vertex 60 -13.9568 101.098
      vertex 57.8167 -13.785 101.098
    endloop
  endfacet
  facet normal -0.0784457 -0.996918 -0
    outer loop
      vertex 60 -13.9568 101.098
      vertex 57.8167 -13.785 100
      vertex 60 -13.9568 100
    endloop
  endfacet
  facet normal -0.522504 -0.852637 0
    outer loop
      vertex 51.7964 -11.2913 100
      vertex 53.6637 -12.4356 101.098
      vertex 51.7964 -11.2913 101.098
    endloop
  endfacet
  facet normal -0.522504 -0.852637 -0
    outer loop
      vertex 53.6637 -12.4356 101.098
      vertex 51.7964 -11.2913 100
      vertex 53.6637 -12.4356 100
    endloop
  endfacet
  facet normal -0.382676 -0.923883 0
    outer loop
      vertex 53.6637 -12.4356 100
      vertex 55.6871 -13.2737 101.098
      vertex 53.6637 -12.4356 101.098
    endloop
  endfacet
  facet normal -0.382676 -0.923883 -0
    outer loop
      vertex 55.6871 -13.2737 101.098
      vertex 53.6637 -12.4356 100
      vertex 55.6871 -13.2737 100
    endloop
  endfacet
  facet normal 0.465823 -0.760157 0.452957
    outer loop
      vertex 67.0164 -9.6572 107.315
      vertex 65.4193 -10.6359 107.315
      vertex 67.6026 -10.4641 105.358
    endloop
  endfacet
  facet normal 0.497108 -0.811169 0.30804
    outer loop
      vertex 67.6026 -10.4641 105.358
      vertex 65.8721 -11.5246 105.358
      vertex 66.1803 -12.1294 103.268
    endloop
  endfacet
  facet normal 0.690492 0.423132 0.586669
    outer loop
      vertex 69.6572 7.01637 107.315
      vertex 68.6125 6.25738 109.092
      vertex 70.6359 5.41927 107.315
    endloop
  endfacet
  facet normal 0.615797 0.525942 0.586667
    outer loop
      vertex 69.6572 7.01637 107.315
      vertex 67.5276 7.52763 109.092
      vertex 68.6125 6.25738 109.092
    endloop
  endfacet
  facet normal 0.60394 0.370122 0.70588
    outer loop
      vertex 68.6125 6.25738 109.092
      vertex 68.1013 4.1278 110.646
      vertex 69.4854 4.83304 109.092
    endloop
  endfacet
  facet normal 0.60395 0.370115 0.705875
    outer loop
      vertex 68.6125 6.25738 109.092
      vertex 67.3558 5.3443 110.646
      vertex 68.1013 4.1278 110.646
    endloop
  endfacet
  facet normal 0.387933 0.237744 0.890497
    outer loop
      vertex 65.9179 4.29964 111.937
      vertex 64.3344 3.1491 112.934
      vertex 66.5177 3.32093 111.937
    endloop
  endfacet
  facet normal 0.345972 0.295495 0.890498
    outer loop
      vertex 65.9179 4.29964 111.937
      vertex 63.7884 3.78837 112.934
      vertex 64.3344 3.1491 112.934
    endloop
  endfacet
  facet normal 0.295479 0.345976 0.890501
    outer loop
      vertex 64.2996 5.91794 111.937
      vertex 63.1491 4.33436 112.934
      vertex 63.7884 3.78837 112.934
    endloop
  endfacet
  facet normal 0.237727 0.387934 0.890501
    outer loop
      vertex 63.3209 6.51769 111.937
      vertex 63.1491 4.33436 112.934
      vertex 64.2996 5.91794 111.937
    endloop
  endfacet
  facet normal 0.38244 -0.447814 0.808209
    outer loop
      vertex 65.1725 -5.17247 111.937
      vertex 64.2996 -5.91794 111.937
      vertex 66.4292 -6.42921 110.646
    endloop
  endfacet
  facet normal 0.38245 -0.447792 0.808217
    outer loop
      vertex 66.4292 -6.42921 110.646
      vertex 64.2996 -5.91794 111.937
      vertex 65.3443 -7.3558 110.646
    endloop
  endfacet
  facet normal 0.165352 -0.688773 0.705869
    outer loop
      vertex 62.8097 -8.64726 110.646
      vertex 61.4223 -8.98033 110.646
      vertex 63.2897 -10.1246 109.092
    endloop
  endfacet
  facet normal 0.137468 -0.572622 0.808212
    outer loop
      vertex 62.8097 -8.64726 110.646
      vertex 61.1443 -7.22492 111.937
      vertex 61.4223 -8.98033 110.646
    endloop
  endfacet
  facet normal 0.0601043 -0.145101 0.98759
    outer loop
      vertex 61.4837 -2.91202 113.613
      vertex 60.3394 -1.04467 113.957
      vertex 61.0099 -3.10828 113.613
    endloop
  endfacet
  facet normal 0.174114 -0.420348 0.890501
    outer loop
      vertex 62.4323 -4.77363 112.934
      vertex 61.6556 -5.09535 112.934
      vertex 63.3209 -6.51769 111.937
    endloop
  endfacet
  facet normal -0.189069 -0.787449 0.586666
    outer loop
      vertex 56.7103 -10.1246 109.092
      vertex 56.3113 -11.3527 107.315
      vertex 58.1326 -11.79 107.315
    endloop
  endfacet
  facet normal -0.208142 -0.866885 0.452977
    outer loop
      vertex 56.3113 -11.3527 107.315
      vertex 56.0031 -12.3013 105.358
      vertex 58.1326 -11.79 107.315
    endloop
  endfacet
  facet normal -0.145087 0.0601327 0.98759
    outer loop
      vertex 59.0213 0.498675 113.957
      vertex 57.088 1.48375 113.613
      vertex 58.9553 0.339432 113.957
    endloop
  endfacet
  facet normal -0.152717 0.0366576 0.98759
    outer loop
      vertex 56.8917 1.00994 113.613
      vertex 56.772 0.511264 113.613
      vertex 58.9151 0.171831 113.957
    endloop
  endfacet
  facet normal -0.156573 0.0123111 0.98759
    outer loop
      vertex 56.772 0.511264 113.613
      vertex 56.7318 0 113.613
      vertex 58.9151 0.171831 113.957
    endloop
  endfacet
  facet normal -0.101983 -0.119437 0.98759
    outer loop
      vertex 59.2233 -0.776705 113.957
      vertex 58.079 -2.64406 113.613
      vertex 59.3544 -0.888646 113.957
    endloop
  endfacet
  facet normal 0.301376 0.0723327 0.950758
    outer loop
      vertex 65.0954 1.65558 112.934
      vertex 63.1083 1.00994 113.613
      vertex 65.2916 0.838108 112.934
    endloop
  endfacet
  facet normal 0.118606 0.286341 0.950758
    outer loop
      vertex 61.6556 5.09535 112.934
      vertex 61.4837 2.91202 113.613
      vertex 62.4323 4.77363 112.934
    endloop
  endfacet
  facet normal 0.174114 0.420348 0.890501
    outer loop
      vertex 63.3209 6.51769 111.937
      vertex 61.6556 5.09535 112.934
      vertex 62.4323 4.77363 112.934
    endloop
  endfacet
  facet normal -0.189069 0.787449 0.586666
    outer loop
      vertex 58.1326 11.79 107.315
      vertex 56.3113 11.3527 107.315
      vertex 56.7103 10.1246 109.092
    endloop
  endfacet
  facet normal -0.309895 0.748192 0.586664
    outer loop
      vertex 56.3113 11.3527 107.315
      vertex 54.5807 10.6359 107.315
      vertex 56.7103 10.1246 109.092
    endloop
  endfacet
  facet normal 0.387941 -0.237694 0.890507
    outer loop
      vertex 64.7736 -2.43228 112.934
      vertex 64.3344 -3.1491 112.934
      vertex 66.5177 -3.32093 111.937
    endloop
  endfacet
  facet normal 0.420321 -0.174146 0.890508
    outer loop
      vertex 65.0954 -1.65558 112.934
      vertex 64.7736 -2.43228 112.934
      vertex 66.5177 -3.32093 111.937
    endloop
  endfacet
  facet normal 0.145087 0.0601327 0.98759
    outer loop
      vertex 62.912 1.48375 113.613
      vertex 60.9787 0.498675 113.957
      vertex 61.0447 0.339432 113.957
    endloop
  endfacet
  facet normal -0.101996 0.119429 0.98759
    outer loop
      vertex 58.079 2.64406 113.613
      vertex 57.689 2.31099 113.613
      vertex 59.2233 0.776705 113.957
    endloop
  endfacet
  facet normal -0.912579 0.378 0.155933
    outer loop
      vertex 47.5644 6.33627 101.098
      vertex 46.7263 4.3129 101.098
      vertex 47.0531 4.2067 103.268
    endloop
  endfacet
  facet normal -0.912571 0.378013 0.155948
    outer loop
      vertex 47.5644 6.33627 101.098
      vertex 47.0531 4.2067 103.268
      vertex 47.8706 6.18025 103.268
    endloop
  endfacet
  facet normal -0.972366 0.233461 0
    outer loop
      vertex 46.215 2.18333 100
      vertex 46.7263 4.3129 101.098
      vertex 46.7263 4.3129 100
    endloop
  endfacet
  facet normal -0.972366 0.233461 0
    outer loop
      vertex 46.7263 4.3129 101.098
      vertex 46.215 2.18333 100
      vertex 46.215 2.18333 101.098
    endloop
  endfacet
  facet normal -0.230602 0.960473 0.155932
    outer loop
      vertex 57.8167 13.785 101.098
      vertex 55.6871 13.2737 101.098
      vertex 55.7933 12.9469 103.268
    endloop
  endfacet
  facet normal 0.222094 0.925079 0.308063
    outer loop
      vertex 62.1296 13.4456 103.268
      vertex 62.0234 12.7751 105.358
      vertex 63.9969 12.3013 105.358
    endloop
  endfacet
  facet normal 0.222106 0.92508 0.308052
    outer loop
      vertex 64.2067 12.9469 103.268
      vertex 62.1296 13.4456 103.268
      vertex 63.9969 12.3013 105.358
    endloop
  endfacet
  facet normal 0.0123193 0.156572 0.98759
    outer loop
      vertex 60.5113 3.228 113.613
      vertex 60 3.26823 113.613
      vertex 60.1718 1.0849 113.957
    endloop
  endfacet
  facet normal -0.0243111 0.30898 0.950758
    outer loop
      vertex 60 5.35757 112.934
      vertex 59.4887 3.228 113.613
      vertex 60 3.26823 113.613
    endloop
  endfacet
  facet normal 0.189069 0.787449 0.586666
    outer loop
      vertex 63.6887 11.3527 107.315
      vertex 61.8674 11.79 107.315
      vertex 63.2897 10.1246 109.092
    endloop
  endfacet
  facet normal 0.06993 0.888796 0.452936
    outer loop
      vertex 60 12.9343 105.358
      vertex 60 11.937 107.315
      vertex 62.0234 12.7751 105.358
    endloop
  endfacet
  facet normal -0.0746419 0.948433 0.308063
    outer loop
      vertex 60 13.6132 103.268
      vertex 57.8704 13.4456 103.268
      vertex 57.9766 12.7751 105.358
    endloop
  endfacet
  facet normal -0.222094 0.925079 0.308063
    outer loop
      vertex 57.8704 13.4456 103.268
      vertex 56.0031 12.3013 105.358
      vertex 57.9766 12.7751 105.358
    endloop
  endfacet
  facet normal -0.165352 0.688773 0.705869
    outer loop
      vertex 58.5777 8.98033 110.646
      vertex 56.7103 10.1246 109.092
      vertex 57.1903 8.64726 110.646
    endloop
  endfacet
  facet normal -0.0356977 0.453575 0.890503
    outer loop
      vertex 60 7.31498 111.937
      vertex 58.8557 7.22492 111.937
      vertex 60 5.35757 112.934
    endloop
  endfacet
  facet normal 0.11944 0.101973 0.987591
    outer loop
      vertex 62.6441 1.92102 113.613
      vertex 60.7767 0.776705 113.957
      vertex 60.8886 0.645638 113.957
    endloop
  endfacet
  facet normal -0.060089 0.14511 0.987589
    outer loop
      vertex 59.6606 1.04467 113.957
      vertex 58.5163 2.91202 113.613
      vertex 59.5013 0.978705 113.957
    endloop
  endfacet
  facet normal -0.156572 0.0123012 0.98759
    outer loop
      vertex 58.9151 0.171831 113.957
      vertex 56.7318 0 113.613
      vertex 58.9016 0 113.957
    endloop
  endfacet
  facet normal -0.101983 0.119437 0.98759
    outer loop
      vertex 59.3544 0.888646 113.957
      vertex 58.079 2.64406 113.613
      vertex 59.2233 0.776705 113.957
    endloop
  endfacet
  facet normal -0.370099 0.603949 0.705884
    outer loop
      vertex 55.8722 8.10127 110.646
      vertex 53.7426 8.61254 109.092
      vertex 54.6557 7.3558 110.646
    endloop
  endfacet
  facet normal -0.271078 0.654421 0.705868
    outer loop
      vertex 56.7103 10.1246 109.092
      vertex 55.8722 8.10127 110.646
      vertex 57.1903 8.64726 110.646
    endloop
  endfacet
  facet normal -0.106206 0.442406 0.890504
    outer loop
      vertex 58.8557 7.22492 111.937
      vertex 57.7395 6.95696 111.937
      vertex 58.3444 5.09535 112.934
    endloop
  endfacet
  facet normal -0.0243174 0.308981 0.950757
    outer loop
      vertex 60 5.35757 112.934
      vertex 59.1619 5.29161 112.934
      vertex 59.4887 3.228 113.613
    endloop
  endfacet
  facet normal -0.237727 0.387934 0.890501
    outer loop
      vertex 56.6791 6.51769 111.937
      vertex 55.7004 5.91794 111.937
      vertex 56.8509 4.33436 112.934
    endloop
  endfacet
  facet normal -0.345972 0.295495 0.890498
    outer loop
      vertex 56.2116 3.78837 112.934
      vertex 54.0821 4.29964 111.937
      vertex 55.6656 3.1491 112.934
    endloop
  endfacet
  facet normal 0.0123308 -0.156572 0.98759
    outer loop
      vertex 60 -1.09843 113.957
      vertex 60 -3.26823 113.613
      vertex 60.1718 -1.0849 113.957
    endloop
  endfacet
  facet normal -0.295479 0.345976 0.890501
    outer loop
      vertex 56.8509 4.33436 112.934
      vertex 55.7004 5.91794 111.937
      vertex 56.2116 3.78837 112.934
    endloop
  endfacet
  facet normal -0.201281 0.235681 0.950758
    outer loop
      vertex 56.8509 4.33436 112.934
      vertex 56.2116 3.78837 112.934
      vertex 58.079 2.64406 113.613
    endloop
  endfacet
  facet normal -0.264275 0.161923 0.950757
    outer loop
      vertex 55.6656 3.1491 112.934
      vertex 55.2264 2.43228 112.934
      vertex 57.088 1.48375 113.613
    endloop
  endfacet
  facet normal -0.387941 0.237694 0.890507
    outer loop
      vertex 55.6656 3.1491 112.934
      vertex 53.4823 3.32093 111.937
      vertex 55.2264 2.43228 112.934
    endloop
  endfacet
  facet normal -0.420326 -0.174118 0.890511
    outer loop
      vertex 54.9047 -1.65558 112.934
      vertex 53.043 -2.26045 111.937
      vertex 53.4823 -3.32093 111.937
    endloop
  endfacet
  facet normal -0.544058 -0.225374 0.808212
    outer loop
      vertex 53.043 -2.26045 111.937
      vertex 51.3527 -2.80967 110.646
      vertex 53.4823 -3.32093 111.937
    endloop
  endfacet
  facet normal -0.235665 -0.201298 0.950758
    outer loop
      vertex 57.3559 -1.92102 113.613
      vertex 56.2116 -3.78837 112.934
      vertex 57.689 -2.31099 113.613
    endloop
  endfacet
  facet normal 0.133898 0.0820903 0.987589
    outer loop
      vertex 62.912 1.48375 113.613
      vertex 60.8886 0.645638 113.957
      vertex 60.9787 0.498675 113.957
    endloop
  endfacet
  facet normal -0.161933 -0.264269 0.950757
    outer loop
      vertex 58.079 -2.64406 113.613
      vertex 56.8509 -4.33436 112.934
      vertex 58.5163 -2.91202 113.613
    endloop
  endfacet
  facet normal -0.174114 -0.420348 0.890501
    outer loop
      vertex 57.5677 -4.77363 112.934
      vertex 56.6791 -6.51769 111.937
      vertex 58.3444 -5.09535 112.934
    endloop
  endfacet
  facet normal 0.0366579 -0.152719 0.98759
    outer loop
      vertex 60.3394 -1.04467 113.957
      vertex 60.1718 -1.0849 113.957
      vertex 61.0099 -3.10828 113.613
    endloop
  endfacet
  facet normal 0.133898 -0.0820903 0.987589
    outer loop
      vertex 60.9787 -0.498675 113.957
      vertex 60.8886 -0.645638 113.957
      vertex 62.912 -1.48375 113.613
    endloop
  endfacet
  facet normal 0.133917 -0.0820461 0.98759
    outer loop
      vertex 62.912 -1.48375 113.613
      vertex 60.8886 -0.645638 113.957
      vertex 62.6441 -1.92102 113.613
    endloop
  endfacet
  facet normal -0.0123193 -0.156572 0.98759
    outer loop
      vertex 59.8282 -1.0849 113.957
      vertex 59.4887 -3.228 113.613
      vertex 60 -3.26823 113.613
    endloop
  endfacet
  facet normal -0.0243111 -0.30898 0.950758
    outer loop
      vertex 60 -3.26823 113.613
      vertex 59.4887 -3.228 113.613
      vertex 60 -5.35757 112.934
    endloop
  endfacet
  facet normal -0.525946 -0.615793 0.586668
    outer loop
      vertex 52.4724 -7.52763 109.092
      vertex 51.5593 -8.44071 107.315
      vertex 52.9836 -9.6572 107.315
    endloop
  endfacet
  facet normal -0.579011 -0.677922 0.452954
    outer loop
      vertex 52.9836 -9.6572 107.315
      vertex 51.5593 -8.44071 107.315
      vertex 52.3974 -10.4641 105.358
    endloop
  endfacet
  facet normal -0.92508 0.222089 0.308063
    outer loop
      vertex 47.6987 3.99692 105.358
      vertex 46.5544 2.12957 103.268
      vertex 47.2249 2.02337 105.358
    endloop
  endfacet
  facet normal -0.866897 0.20812 0.452964
    outer loop
      vertex 47.6987 3.99692 105.358
      vertex 47.2249 2.02337 105.358
      vertex 48.21 1.86735 107.315
    endloop
  endfacet
  facet normal 0.465836 -0.76014 0.452972
    outer loop
      vertex 67.6026 -10.4641 105.358
      vertex 65.4193 -10.6359 107.315
      vertex 65.8721 -11.5246 105.358
    endloop
  endfacet
  facet normal 0.341159 -0.823666 0.452973
    outer loop
      vertex 65.4193 -10.6359 107.315
      vertex 63.9969 -12.3013 105.358
      vertex 65.8721 -11.5246 105.358
    endloop
  endfacet
  facet normal 0.38244 0.447814 0.808209
    outer loop
      vertex 66.4292 6.42921 110.646
      vertex 64.2996 5.91794 111.937
      vertex 65.1725 5.17247 111.937
    endloop
  endfacet
  facet normal 0.295471 0.345979 0.890503
    outer loop
      vertex 64.2996 5.91794 111.937
      vertex 63.7884 3.78837 112.934
      vertex 65.1725 5.17247 111.937
    endloop
  endfacet
  facet normal 0.161933 0.264269 0.950757
    outer loop
      vertex 63.1491 4.33436 112.934
      vertex 61.4837 2.91202 113.613
      vertex 61.921 2.64406 113.613
    endloop
  endfacet
  facet normal 0.201281 0.235681 0.950758
    outer loop
      vertex 63.1491 4.33436 112.934
      vertex 61.921 2.64406 113.613
      vertex 63.7884 3.78837 112.934
    endloop
  endfacet
  facet normal -0.0699639 -0.888779 0.452964
    outer loop
      vertex 58.1326 -11.79 107.315
      vertex 57.9766 -12.7751 105.358
      vertex 60 -11.937 107.315
    endloop
  endfacet
  facet normal -0.208125 -0.866896 0.452962
    outer loop
      vertex 58.1326 -11.79 107.315
      vertex 56.0031 -12.3013 105.358
      vertex 57.9766 -12.7751 105.358
    endloop
  endfacet
  facet normal -0.0820896 -0.133901 0.987589
    outer loop
      vertex 59.3544 -0.888646 113.957
      vertex 58.5163 -2.91202 113.613
      vertex 59.5013 -0.978705 113.957
    endloop
  endfacet
  facet normal 0.235665 0.201298 0.950758
    outer loop
      vertex 63.7884 3.78837 112.934
      vertex 62.311 2.31099 113.613
      vertex 62.6441 1.92102 113.613
    endloop
  endfacet
  facet normal 0.152727 0.0366325 0.987589
    outer loop
      vertex 63.1083 1.00994 113.613
      vertex 61.0447 0.339432 113.957
      vertex 61.0849 0.171831 113.957
    endloop
  endfacet
  facet normal 0.152717 0.0366576 0.98759
    outer loop
      vertex 63.1083 1.00994 113.613
      vertex 61.0849 0.171831 113.957
      vertex 63.228 0.511264 113.613
    endloop
  endfacet
  facet normal 0.420321 0.174146 0.890508
    outer loop
      vertex 66.5177 3.32093 111.937
      vertex 64.7736 2.43228 112.934
      vertex 65.0954 1.65558 112.934
    endloop
  endfacet
  facet normal 0.387941 0.237694 0.890507
    outer loop
      vertex 66.5177 3.32093 111.937
      vertex 64.3344 3.1491 112.934
      vertex 64.7736 2.43228 112.934
    endloop
  endfacet
  facet normal 0.11942 -0.102005 0.98759
    outer loop
      vertex 62.6441 -1.92102 113.613
      vertex 60.7767 -0.776705 113.957
      vertex 62.311 -2.31099 113.613
    endloop
  endfacet
  facet normal 0.0820896 -0.133901 0.987589
    outer loop
      vertex 60.6456 -0.888646 113.957
      vertex 60.4987 -0.978705 113.957
      vertex 61.4837 -2.91202 113.613
    endloop
  endfacet
  facet normal 0.264275 -0.161923 0.950757
    outer loop
      vertex 64.7736 -2.43228 112.934
      vertex 62.912 -1.48375 113.613
      vertex 64.3344 -3.1491 112.934
    endloop
  endfacet
  facet normal 0.286333 -0.118633 0.950757
    outer loop
      vertex 65.0954 -1.65558 112.934
      vertex 62.912 -1.48375 113.613
      vertex 64.7736 -2.43228 112.934
    endloop
  endfacet
  facet normal 0.0366686 0.152714 0.98759
    outer loop
      vertex 60.5113 3.228 113.613
      vertex 60.1718 1.0849 113.957
      vertex 61.0099 3.10828 113.613
    endloop
  endfacet
  facet normal 0.0723633 0.301373 0.950757
    outer loop
      vertex 60.8381 5.29161 112.934
      vertex 60.5113 3.228 113.613
      vertex 61.0099 3.10828 113.613
    endloop
  endfacet
  facet normal 0.0635524 0.807331 0.586667
    outer loop
      vertex 60 11.937 107.315
      vertex 60 10.6457 109.092
      vertex 61.8674 11.79 107.315
    endloop
  endfacet
  facet normal -0.0635524 0.807331 0.586667
    outer loop
      vertex 60 11.937 107.315
      vertex 58.1326 11.79 107.315
      vertex 60 10.6457 109.092
    endloop
  endfacet
  facet normal -0.60395 0.370115 0.705875
    outer loop
      vertex 52.6442 5.3443 110.646
      vertex 51.3875 6.25738 109.092
      vertex 51.8987 4.1278 110.646
    endloop
  endfacet
  facet normal -0.538624 0.460028 0.705874
    outer loop
      vertex 53.5708 6.42921 110.646
      vertex 52.4724 7.52763 109.092
      vertex 52.6442 5.3443 110.646
    endloop
  endfacet
  facet normal -0.295471 0.345979 0.890503
    outer loop
      vertex 55.7004 5.91794 111.937
      vertex 54.8275 5.17247 111.937
      vertex 56.2116 3.78837 112.934
    endloop
  endfacet
  facet normal -0.237734 0.387933 0.8905
    outer loop
      vertex 57.5677 4.77363 112.934
      vertex 56.6791 6.51769 111.937
      vertex 56.8509 4.33436 112.934
    endloop
  endfacet
  facet normal 0.0356977 0.453575 0.890503
    outer loop
      vertex 60 7.31498 111.937
      vertex 60 5.35757 112.934
      vertex 61.1443 7.22492 111.937
    endloop
  endfacet
  facet normal 0.0462047 0.587075 0.808213
    outer loop
      vertex 61.4223 8.98033 110.646
      vertex 60 7.31498 111.937
      vertex 61.1443 7.22492 111.937
    endloop
  endfacet
  facet normal -0.0723514 0.301372 0.950758
    outer loop
      vertex 59.1619 5.29161 112.934
      vertex 58.3444 5.09535 112.934
      vertex 58.9901 3.10828 113.613
    endloop
  endfacet
  facet normal -0.0723633 0.301373 0.950757
    outer loop
      vertex 59.1619 5.29161 112.934
      vertex 58.9901 3.10828 113.613
      vertex 59.4887 3.228 113.613
    endloop
  endfacet
  facet normal 0.11944 -0.101973 0.987591
    outer loop
      vertex 60.8886 -0.645638 113.957
      vertex 60.7767 -0.776705 113.957
      vertex 62.6441 -1.92102 113.613
    endloop
  endfacet
  facet normal -0.447791 0.38245 0.808217
    outer loop
      vertex 53.5708 6.42921 110.646
      vertex 52.6442 5.3443 110.646
      vertex 54.0821 4.29964 111.937
    endloop
  endfacet
  facet normal -0.235676 0.201291 0.950757
    outer loop
      vertex 56.2116 3.78837 112.934
      vertex 55.6656 3.1491 112.934
      vertex 57.3559 1.92102 113.613
    endloop
  endfacet
  facet normal -0.118606 0.286341 0.950758
    outer loop
      vertex 58.3444 5.09535 112.934
      vertex 57.5677 4.77363 112.934
      vertex 58.5163 2.91202 113.613
    endloop
  endfacet
  facet normal -0.225363 0.544059 0.808215
    outer loop
      vertex 57.1903 8.64726 110.646
      vertex 55.8722 8.10127 110.646
      vertex 56.6791 6.51769 111.937
    endloop
  endfacet
  facet normal 0.11942 0.102005 0.98759
    outer loop
      vertex 62.311 2.31099 113.613
      vertex 60.7767 0.776705 113.957
      vertex 62.6441 1.92102 113.613
    endloop
  endfacet
  facet normal 0.101996 0.119429 0.98759
    outer loop
      vertex 61.921 2.64406 113.613
      vertex 60.7767 0.776705 113.957
      vertex 62.311 2.31099 113.613
    endloop
  endfacet
  facet normal -0.161943 -0.264258 0.950759
    outer loop
      vertex 58.5163 -2.91202 113.613
      vertex 56.8509 -4.33436 112.934
      vertex 57.5677 -4.77363 112.934
    endloop
  endfacet
  facet normal -0.237734 -0.387933 0.8905
    outer loop
      vertex 56.8509 -4.33436 112.934
      vertex 56.6791 -6.51769 111.937
      vertex 57.5677 -4.77363 112.934
    endloop
  endfacet
  facet normal 0.101983 -0.119437 0.98759
    outer loop
      vertex 60.7767 -0.776705 113.957
      vertex 60.6456 -0.888646 113.957
      vertex 61.921 -2.64406 113.613
    endloop
  endfacet
  facet normal -0.0366686 -0.152714 0.98759
    outer loop
      vertex 59.8282 -1.0849 113.957
      vertex 58.9901 -3.10828 113.613
      vertex 59.4887 -3.228 113.613
    endloop
  endfacet
  facet normal -0.0723633 -0.301373 0.950757
    outer loop
      vertex 59.4887 -3.228 113.613
      vertex 58.9901 -3.10828 113.613
      vertex 59.1619 -5.29161 112.934
    endloop
  endfacet
  facet normal -0.760146 0.465828 0.452971
    outer loop
      vertex 49.5359 7.6026 105.358
      vertex 48.4754 5.87206 105.358
      vertex 49.3641 5.41927 107.315
    endloop
  endfacet
  facet normal -0.811175 0.4971 0.308038
    outer loop
      vertex 49.5359 7.6026 105.358
      vertex 47.8706 6.18025 103.268
      vertex 48.4754 5.87206 105.358
    endloop
  endfacet
  facet normal 0.189069 0.787449 0.586666
    outer loop
      vertex 61.8674 11.79 107.315
      vertex 61.6654 10.5146 109.092
      vertex 63.2897 10.1246 109.092
    endloop
  endfacet
  facet normal 0.0555879 0.706148 0.705879
    outer loop
      vertex 61.6654 10.5146 109.092
      vertex 60 10.6457 109.092
      vertex 61.4223 8.98033 110.646
    endloop
  endfacet
  facet normal -0.460027 0.538624 0.705875
    outer loop
      vertex 54.6557 7.3558 110.646
      vertex 52.4724 7.52763 109.092
      vertex 53.5708 6.42921 110.646
    endloop
  endfacet
  facet normal -0.345981 0.295469 0.890503
    outer loop
      vertex 54.8275 5.17247 111.937
      vertex 54.0821 4.29964 111.937
      vertex 56.2116 3.78837 112.934
    endloop
  endfacet
  facet normal -0.271059 0.65442 0.705877
    outer loop
      vertex 56.7103 10.1246 109.092
      vertex 55.167 9.48537 109.092
      vertex 55.8722 8.10127 110.646
    endloop
  endfacet
  facet normal -0.37009 0.603963 0.705877
    outer loop
      vertex 55.167 9.48537 109.092
      vertex 53.7426 8.61254 109.092
      vertex 55.8722 8.10127 110.646
    endloop
  endfacet
  facet normal -0.174114 0.420348 0.890501
    outer loop
      vertex 58.3444 5.09535 112.934
      vertex 56.6791 6.51769 111.937
      vertex 57.5677 4.77363 112.934
    endloop
  endfacet
  facet normal -0.174125 0.420337 0.890504
    outer loop
      vertex 57.7395 6.95696 111.937
      vertex 56.6791 6.51769 111.937
      vertex 58.3444 5.09535 112.934
    endloop
  endfacet
  facet normal 0.145087 -0.0601327 0.98759
    outer loop
      vertex 61.0447 -0.339432 113.957
      vertex 60.9787 -0.498675 113.957
      vertex 62.912 -1.48375 113.613
    endloop
  endfacet
  facet normal 0.11861 -0.28634 0.950758
    outer loop
      vertex 61.4837 -2.91202 113.613
      vertex 61.0099 -3.10828 113.613
      vertex 61.6556 -5.09535 112.934
    endloop
  endfacet
  facet normal 0.118606 -0.286341 0.950758
    outer loop
      vertex 62.4323 -4.77363 112.934
      vertex 61.4837 -2.91202 113.613
      vertex 61.6556 -5.09535 112.934
    endloop
  endfacet
  facet normal 0.0820573 -0.133914 0.98759
    outer loop
      vertex 61.921 -2.64406 113.613
      vertex 60.6456 -0.888646 113.957
      vertex 61.4837 -2.91202 113.613
    endloop
  endfacet
  facet normal 0.208125 0.866896 0.452962
    outer loop
      vertex 62.0234 12.7751 105.358
      vertex 61.8674 11.79 107.315
      vertex 63.9969 12.3013 105.358
    endloop
  endfacet
  facet normal 0.0699639 0.888779 0.452964
    outer loop
      vertex 62.0234 12.7751 105.358
      vertex 60 11.937 107.315
      vertex 61.8674 11.79 107.315
    endloop
  endfacet
  facet normal -0.5021 0.307699 0.808218
    outer loop
      vertex 52.6442 5.3443 110.646
      vertex 51.8987 4.1278 110.646
      vertex 54.0821 4.29964 111.937
    endloop
  endfacet
  facet normal -0.502099 0.30771 0.808215
    outer loop
      vertex 54.0821 4.29964 111.937
      vertex 51.8987 4.1278 110.646
      vertex 53.4823 3.32093 111.937
    endloop
  endfacet
  facet normal -0.307693 0.502108 0.808215
    outer loop
      vertex 55.8722 8.10127 110.646
      vertex 55.7004 5.91794 111.937
      vertex 56.6791 6.51769 111.937
    endloop
  endfacet
  facet normal -0.307692 0.502108 0.808216
    outer loop
      vertex 55.8722 8.10127 110.646
      vertex 54.6557 7.3558 110.646
      vertex 55.7004 5.91794 111.937
    endloop
  endfacet
  facet normal -0.38244 0.447814 0.808209
    outer loop
      vertex 55.7004 5.91794 111.937
      vertex 53.5708 6.42921 110.646
      vertex 54.8275 5.17247 111.937
    endloop
  endfacet
  facet normal -0.38245 0.447792 0.808217
    outer loop
      vertex 54.6557 7.3558 110.646
      vertex 53.5708 6.42921 110.646
      vertex 55.7004 5.91794 111.937
    endloop
  endfacet
  facet normal 0 0 1
    outer loop
      vertex 61.0849 0.171831 113.957
      vertex 61.0849 -0.171831 113.957
      vertex 61.0984 0 113.957
    endloop
  endfacet
  facet normal 0 0 1
    outer loop
      vertex 61.0447 0.339432 113.957
      vertex 61.0849 -0.171831 113.957
      vertex 61.0849 0.171831 113.957
    endloop
  endfacet
  facet normal 0 0 1
    outer loop
      vertex 61.0447 0.339432 113.957
      vertex 61.0447 -0.339432 113.957
      vertex 61.0849 -0.171831 113.957
    endloop
  endfacet
  facet normal 0 0 1
    outer loop
      vertex 60.9787 0.498675 113.957
      vertex 61.0447 -0.339432 113.957
      vertex 61.0447 0.339432 113.957
    endloop
  endfacet
  facet normal 0 0 1
    outer loop
      vertex 60.9787 0.498675 113.957
      vertex 60.9787 -0.498675 113.957
      vertex 61.0447 -0.339432 113.957
    endloop
  endfacet
  facet normal 0 0 1
    outer loop
      vertex 60.8886 0.645638 113.957
      vertex 60.9787 -0.498675 113.957
      vertex 60.9787 0.498675 113.957
    endloop
  endfacet
  facet normal 0 0 1
    outer loop
      vertex 60.8886 0.645638 113.957
      vertex 60.8886 -0.645638 113.957
      vertex 60.9787 -0.498675 113.957
    endloop
  endfacet
  facet normal 0 0 1
    outer loop
      vertex 60.7767 0.776705 113.957
      vertex 60.8886 -0.645638 113.957
      vertex 60.8886 0.645638 113.957
    endloop
  endfacet
  facet normal 0 0 1
    outer loop
      vertex 60.7767 0.776705 113.957
      vertex 60.7767 -0.776705 113.957
      vertex 60.8886 -0.645638 113.957
    endloop
  endfacet
  facet normal 0 0 1
    outer loop
      vertex 60.6456 0.888646 113.957
      vertex 60.7767 -0.776705 113.957
      vertex 60.7767 0.776705 113.957
    endloop
  endfacet
  facet normal 0 0 1
    outer loop
      vertex 60.6456 0.888646 113.957
      vertex 60.6456 -0.888646 113.957
      vertex 60.7767 -0.776705 113.957
    endloop
  endfacet
  facet normal 0 0 1
    outer loop
      vertex 60.4987 0.978705 113.957
      vertex 60.6456 -0.888646 113.957
      vertex 60.6456 0.888646 113.957
    endloop
  endfacet
  facet normal 0 0 1
    outer loop
      vertex 60.4987 0.978705 113.957
      vertex 60.4987 -0.978705 113.957
      vertex 60.6456 -0.888646 113.957
    endloop
  endfacet
  facet normal 0 0 1
    outer loop
      vertex 60.3394 1.04467 113.957
      vertex 60.4987 -0.978705 113.957
      vertex 60.4987 0.978705 113.957
    endloop
  endfacet
  facet normal 0 0 1
    outer loop
      vertex 60.3394 1.04467 113.957
      vertex 60.3394 -1.04467 113.957
      vertex 60.4987 -0.978705 113.957
    endloop
  endfacet
  facet normal 0 0 1
    outer loop
      vertex 60.1718 1.0849 113.957
      vertex 60.3394 -1.04467 113.957
      vertex 60.3394 1.04467 113.957
    endloop
  endfacet
  facet normal 0 0 1
    outer loop
      vertex 60.1718 1.0849 113.957
      vertex 60.1718 -1.0849 113.957
      vertex 60.3394 -1.04467 113.957
    endloop
  endfacet
  facet normal 0 0 1
    outer loop
      vertex 60 1.09843 113.957
      vertex 60.1718 -1.0849 113.957
      vertex 60.1718 1.0849 113.957
    endloop
  endfacet
  facet normal 0 0 1
    outer loop
      vertex 60 1.09843 113.957
      vertex 60 -1.09843 113.957
      vertex 60.1718 -1.0849 113.957
    endloop
  endfacet
  facet normal -0 0 1
    outer loop
      vertex 59.8282 1.0849 113.957
      vertex 60 -1.09843 113.957
      vertex 60 1.09843 113.957
    endloop
  endfacet
  facet normal 0 0 1
    outer loop
      vertex 59.8282 1.0849 113.957
      vertex 59.8282 -1.0849 113.957
      vertex 60 -1.09843 113.957
    endloop
  endfacet
  facet normal -0 0 1
    outer loop
      vertex 59.6606 1.04467 113.957
      vertex 59.8282 -1.0849 113.957
      vertex 59.8282 1.0849 113.957
    endloop
  endfacet
  facet normal 0 0 1
    outer loop
      vertex 59.6606 1.04467 113.957
      vertex 59.6606 -1.04467 113.957
      vertex 59.8282 -1.0849 113.957
    endloop
  endfacet
  facet normal -0 0 1
    outer loop
      vertex 59.5013 0.978705 113.957
      vertex 59.6606 -1.04467 113.957
      vertex 59.6606 1.04467 113.957
    endloop
  endfacet
  facet normal 0 0 1
    outer loop
      vertex 59.5013 0.978705 113.957
      vertex 59.5013 -0.978705 113.957
      vertex 59.6606 -1.04467 113.957
    endloop
  endfacet
  facet normal -0 0 1
    outer loop
      vertex 59.3544 0.888646 113.957
      vertex 59.5013 -0.978705 113.957
      vertex 59.5013 0.978705 113.957
    endloop
  endfacet
  facet normal 0 0 1
    outer loop
      vertex 59.3544 0.888646 113.957
      vertex 59.3544 -0.888646 113.957
      vertex 59.5013 -0.978705 113.957
    endloop
  endfacet
  facet normal -0 0 1
    outer loop
      vertex 59.2233 0.776705 113.957
      vertex 59.3544 -0.888646 113.957
      vertex 59.3544 0.888646 113.957
    endloop
  endfacet
  facet normal 0 0 1
    outer loop
      vertex 59.2233 0.776705 113.957
      vertex 59.2233 -0.776705 113.957
      vertex 59.3544 -0.888646 113.957
    endloop
  endfacet
  facet normal -0 0 1
    outer loop
      vertex 59.1114 0.645638 113.957
      vertex 59.2233 -0.776705 113.957
      vertex 59.2233 0.776705 113.957
    endloop
  endfacet
  facet normal 0 0 1
    outer loop
      vertex 59.1114 0.645638 113.957
      vertex 59.1114 -0.645638 113.957
      vertex 59.2233 -0.776705 113.957
    endloop
  endfacet
  facet normal -0 0 1
    outer loop
      vertex 59.0213 0.498675 113.957
      vertex 59.1114 -0.645638 113.957
      vertex 59.1114 0.645638 113.957
    endloop
  endfacet
  facet normal 0 0 1
    outer loop
      vertex 59.0213 0.498675 113.957
      vertex 59.0213 -0.498675 113.957
      vertex 59.1114 -0.645638 113.957
    endloop
  endfacet
  facet normal -0 0 1
    outer loop
      vertex 58.9553 0.339432 113.957
      vertex 59.0213 -0.498675 113.957
      vertex 59.0213 0.498675 113.957
    endloop
  endfacet
  facet normal 0 0 1
    outer loop
      vertex 58.9553 0.339432 113.957
      vertex 58.9553 -0.339432 113.957
      vertex 59.0213 -0.498675 113.957
    endloop
  endfacet
  facet normal -0 0 1
    outer loop
      vertex 58.9151 0.171831 113.957
      vertex 58.9553 -0.339432 113.957
      vertex 58.9553 0.339432 113.957
    endloop
  endfacet
  facet normal 0 0 1
    outer loop
      vertex 58.9151 0.171831 113.957
      vertex 58.9151 -0.171831 113.957
      vertex 58.9553 -0.339432 113.957
    endloop
  endfacet
  facet normal 0 -0 1
    outer loop
      vertex 58.9151 -0.171831 113.957
      vertex 58.9151 0.171831 113.957
      vertex 58.9016 0 113.957
    endloop
  endfacet
  facet normal 0.572713 -0.137468 0.808147
    outer loop
      vertex 68.9803 -1.42234 15.6457
      vertex 67.2249 -1.14431 16.937
      vertex 68.6473 -2.80967 15.6457
    endloop
  endfacet
  facet normal -0.0123054 -0.156394 0.987618
    outer loop
      vertex 59.8282 -1.0849 18.9568
      vertex 59.4887 -3.228 18.6132
      vertex 60 -3.26823 18.6132
    endloop
  endfacet
  facet normal -0.706013 0.0555939 0.706013
    outer loop
      vertex 51.0197 1.42234 15.6457
      vertex 49.3543 0 14.0923
      vertex 50.9077 0 15.6457
    endloop
  endfacet
  facet normal -0.301336 -0.0723314 0.950771
    outer loop
      vertex 56.772 -0.511264 18.6132
      vertex 54.7084 -0.838108 17.9343
      vertex 56.8917 -1.00994 18.6132
    endloop
  endfacet
  facet normal -0.377994 0.912579 0.155946
    outer loop
      vertex 55.6871 13.2737 6.09843
      vertex 53.6637 12.4356 6.09843
      vertex 55.7933 12.9469 8.26824
    endloop
  endfacet
  facet normal -0.706015 -0.0555941 -0.706011
    outer loop
      vertex 51.0197 -1.42234 -5.64568
      vertex 49.3543 0 -4.09227
      vertex 50.9077 0 -5.64568
    endloop
  endfacet
  facet normal -0.2221 0.925052 -0.308141
    outer loop
      vertex 56.0031 12.3013 -0.357568
      vertex 55.7933 12.9469 1.73177
      vertex 57.8704 13.4456 1.73177
    endloop
  endfacet
  facet normal -0.22541 -0.544142 0.808146
    outer loop
      vertex 57.7395 -6.95696 16.937
      vertex 56.6791 -6.51769 16.937
      vertex 57.1903 -8.64726 15.6457
    endloop
  endfacet
  facet normal -0.888816 -0.0699687 0.452891
    outer loop
      vertex 48.063 0 12.315
      vertex 47.2249 -2.02337 10.3576
      vertex 48.21 -1.86735 12.315
    endloop
  endfacet
  facet normal -0.923881 -0.382681 0
    outer loop
      vertex 47.5644 -6.33627 3.90157
      vertex 46.7263 -4.3129 6.09843
      vertex 46.7263 -4.3129 3.90157
    endloop
  endfacet
  facet normal -0.923881 -0.382681 0
    outer loop
      vertex 46.7263 -4.3129 6.09843
      vertex 47.5644 -6.33627 3.90157
      vertex 47.5644 -6.33627 6.09843
    endloop
  endfacet
  facet normal -0.572715 0.137465 0.808146
    outer loop
      vertex 53.043 2.26045 16.937
      vertex 51.3527 2.80967 15.6457
      vertex 52.7751 1.14431 16.937
    endloop
  endfacet
  facet normal 0.459947 -0.538501 0.706021
    outer loop
      vertex 67.5276 -7.52763 14.0923
      vertex 65.3443 -7.3558 15.6457
      vertex 66.2574 -8.61254 14.0923
    endloop
  endfacet
  facet normal -0.842217 -0.516091 0.155952
    outer loop
      vertex 48.9867 -8.00163 8.26824
      vertex 47.8706 -6.18025 8.26824
      vertex 48.7087 -8.20363 6.09843
    endloop
  endfacet
  facet normal 0.382494 0.447877 -0.808148
    outer loop
      vertex 65.1725 5.17247 -6.93696
      vertex 64.2996 5.91794 -6.93696
      vertex 66.4292 6.42921 -5.64568
    endloop
  endfacet
  facet normal 0.301324 -0.0723201 -0.950775
    outer loop
      vertex 65.0954 -1.65558 -7.93431
      vertex 63.1083 -1.00994 -8.61318
      vertex 65.2916 -0.838108 -7.93431
    endloop
  endfacet
  facet normal 0.617856 -0.723385 0.30817
    outer loop
      vertex 69.1459 -9.14594 10.3576
      vertex 67.6026 -10.4641 10.3576
      vertex 69.626 -9.62597 8.26824
    endloop
  endfacet
  facet normal 0.823697 -0.341183 0.452899
    outer loop
      vertex 72.3013 -3.99692 10.3576
      vertex 70.6359 -5.41927 12.315
      vertex 71.5246 -5.87206 10.3576
    endloop
  endfacet
  facet normal 0.34117 -0.823702 -0.4529
    outer loop
      vertex 63.9969 -12.3013 -0.357568
      vertex 63.6887 -11.3527 -2.31498
      vertex 65.4193 -10.6359 -2.31498
    endloop
  endfacet
  facet normal 0.690531 0.423156 -0.586606
    outer loop
      vertex 70.6359 5.41927 -2.31498
      vertex 68.6125 6.25738 -4.09227
      vertex 69.6572 7.01637 -2.31498
    endloop
  endfacet
  facet normal 0.295561 0.346073 -0.890437
    outer loop
      vertex 63.7884 3.78837 -7.93431
      vertex 63.1491 4.33436 -7.93431
      vertex 64.2996 5.91794 -6.93696
    endloop
  endfacet
  facet normal -0.18908 0.787493 -0.586603
    outer loop
      vertex 56.7103 10.1246 -4.09227
      vertex 56.3113 11.3527 -2.31498
      vertex 58.1326 11.79 -2.31498
    endloop
  endfacet
  facet normal -0.308939 -0.0243286 0.950771
    outer loop
      vertex 56.772 -0.511264 18.6132
      vertex 54.6424 0 17.9343
      vertex 54.7084 -0.838108 17.9343
    endloop
  endfacet
  facet normal 0.295542 -0.346061 0.890447
    outer loop
      vertex 65.1725 -5.17247 16.937
      vertex 63.7884 -3.78837 17.9343
      vertex 64.2996 -5.91794 16.937
    endloop
  endfacet
  facet normal -0.453684 -0.0357219 0.890446
    outer loop
      vertex 54.6424 0 17.9343
      vertex 52.685 0 16.937
      vertex 52.7751 -1.14431 16.937
    endloop
  endfacet
  facet normal -0.706009 -0.0555786 -0.706018
    outer loop
      vertex 49.4854 -1.66535 -4.09227
      vertex 49.3543 0 -4.09227
      vertex 51.0197 -1.42234 -5.64568
    endloop
  endfacet
  facet normal 0.748251 -0.309901 0.586584
    outer loop
      vertex 70.1246 -3.2897 14.0923
      vertex 69.4854 -4.83304 14.0923
      vertex 70.6359 -5.41927 12.315
    endloop
  endfacet
  facet normal -0.18908 -0.787495 0.586601
    outer loop
      vertex 58.3346 -10.5146 14.0923
      vertex 56.7103 -10.1246 14.0923
      vertex 58.1326 -11.79 12.315
    endloop
  endfacet
  facet normal -0.587163 -0.0462317 0.808147
    outer loop
      vertex 52.685 0 16.937
      vertex 51.0197 -1.42234 15.6457
      vertex 52.7751 -1.14431 16.937
    endloop
  endfacet
  facet normal 0.690531 -0.423156 -0.586606
    outer loop
      vertex 69.6572 -7.01637 -2.31498
      vertex 68.6125 -6.25738 -4.09227
      vertex 70.6359 -5.41927 -2.31498
    endloop
  endfacet
  facet normal -0.74825 0.3099 -0.586587
    outer loop
      vertex 49.8754 3.2897 -4.09227
      vertex 49.3641 5.41927 -2.31498
      vertex 50.5146 4.83304 -4.09227
    endloop
  endfacet
  facet normal -0.96047 -0.230604 0.155945
    outer loop
      vertex 47.0531 -4.2067 8.26824
      vertex 46.215 -2.18333 6.09843
      vertex 46.7263 -4.3129 6.09843
    endloop
  endfacet
  facet normal -0.615833 -0.525973 0.586603
    outer loop
      vertex 51.3875 -6.25738 14.0923
      vertex 50.3428 -7.01637 12.315
      vertex 52.4724 -7.52763 14.0923
    endloop
  endfacet
  facet normal 0.807378 -0.0635577 0.586602
    outer loop
      vertex 71.937 0 12.315
      vertex 70.6457 0 14.0923
      vertex 71.79 -1.86735 12.315
    endloop
  endfacet
  facet normal 0.925053 0.222082 -0.308152
    outer loop
      vertex 72.7751 2.02337 -0.357568
      vertex 72.3013 3.99692 -0.357568
      vertex 73.4456 2.12957 1.73177
    endloop
  endfacet
  facet normal 0.069933 0.888834 -0.452861
    outer loop
      vertex 62.0234 12.7751 -0.357568
      vertex 60 11.937 -2.31498
      vertex 60 12.9343 -0.357568
    endloop
  endfacet
  facet normal 0.459939 0.53852 0.706011
    outer loop
      vertex 67.5276 7.52763 14.0923
      vertex 65.3443 7.3558 15.6457
      vertex 66.4292 6.42921 15.6457
    endloop
  endfacet
  facet normal 0.377994 0.912579 -0.155947
    outer loop
      vertex 66.3363 12.4356 3.90157
      vertex 64.2067 12.9469 1.73177
      vertex 64.3129 13.2737 3.90157
    endloop
  endfacet
  facet normal 0.984721 0.0774849 0.155949
    outer loop
      vertex 73.785 2.18333 6.09843
      vertex 73.4456 2.12957 8.26824
      vertex 73.9568 0 6.09843
    endloop
  endfacet
  facet normal 0.748231 0.30992 0.586601
    outer loop
      vertex 70.6359 5.41927 12.315
      vertex 70.1246 3.2897 14.0923
      vertex 71.3527 3.68872 12.315
    endloop
  endfacet
  facet normal 0.751106 0.641497 0.155954
    outer loop
      vertex 71.2913 8.20363 6.09843
      vertex 69.626 9.62597 8.26824
      vertex 71.0133 8.00163 8.26824
    endloop
  endfacet
  facet normal 0.923881 0.382681 0
    outer loop
      vertex 73.2737 4.3129 6.09843
      vertex 72.4356 6.33627 3.90157
      vertex 72.4356 6.33627 6.09843
    endloop
  endfacet
  facet normal 0.923881 0.382681 0
    outer loop
      vertex 72.4356 6.33627 3.90157
      vertex 73.2737 4.3129 6.09843
      vertex 73.2737 4.3129 3.90157
    endloop
  endfacet
  facet normal 0.364051 0.878934 -0.308126
    outer loop
      vertex 65.8721 11.5246 -0.357568
      vertex 63.9969 12.3013 -0.357568
      vertex 66.1803 12.1294 1.73177
    endloop
  endfacet
  facet normal 0.579036 0.677951 -0.452879
    outer loop
      vertex 68.4407 8.44071 -2.31498
      vertex 67.0164 9.6572 -2.31498
      vertex 67.6026 10.4641 -0.357568
    endloop
  endfacet
  facet normal 0.44252 0.106215 0.890446
    outer loop
      vertex 66.957 2.26045 16.937
      vertex 65.0954 1.65558 17.9343
      vertex 67.2249 1.14431 16.937
    endloop
  endfacet
  facet normal -0.378004 -0.912573 0.155958
    outer loop
      vertex 53.8197 -12.1294 8.26824
      vertex 53.6637 -12.4356 6.09843
      vertex 55.7933 -12.9469 8.26824
    endloop
  endfacet
  facet normal -0.572715 -0.137465 0.808146
    outer loop
      vertex 52.7751 -1.14431 16.937
      vertex 51.3527 -2.80967 15.6457
      vertex 53.043 -2.26045 16.937
    endloop
  endfacet
  facet normal -0.388026 -0.237801 0.890442
    outer loop
      vertex 55.6656 -3.1491 17.9343
      vertex 53.4823 -3.32093 16.937
      vertex 54.0821 -4.29964 16.937
    endloop
  endfacet
  facet normal -0.748251 -0.309901 0.586584
    outer loop
      vertex 49.8754 -3.2897 14.0923
      vertex 49.3641 -5.41927 12.315
      vertex 50.5146 -4.83304 14.0923
    endloop
  endfacet
  facet normal -0.760178 -0.465848 0.452897
    outer loop
      vertex 49.3641 -5.41927 12.315
      vertex 48.4754 -5.87206 10.3576
      vertex 49.5359 -7.6026 10.3576
    endloop
  endfacet
  facet normal 0.984722 0.077499 0.155936
    outer loop
      vertex 73.9568 0 6.09843
      vertex 73.4456 2.12957 8.26824
      vertex 73.6132 0 8.26824
    endloop
  endfacet
  facet normal 0.235635 -0.201256 -0.950775
    outer loop
      vertex 63.7884 -3.78837 -7.93431
      vertex 62.6441 -1.92102 -8.61318
      vertex 64.3344 -3.1491 -7.93431
    endloop
  endfacet
  facet normal 0.174173 -0.420454 -0.890439
    outer loop
      vertex 62.2605 -6.95696 -6.93696
      vertex 61.6556 -5.09535 -7.93431
      vertex 63.3209 -6.51769 -6.93696
    endloop
  endfacet
  facet normal 0.544135 0.225393 -0.808155
    outer loop
      vertex 68.6473 2.80967 -5.64568
      vertex 66.5177 3.32093 -6.93696
      vertex 68.1013 4.1278 -5.64568
    endloop
  endfacet
  facet normal 0.888834 0.069934 -0.45286
    outer loop
      vertex 72.9343 0 -0.357568
      vertex 71.937 0 -2.31498
      vertex 72.7751 2.02337 -0.357568
    endloop
  endfacet
  facet normal 0.823698 -0.341179 -0.4529
    outer loop
      vertex 72.3013 -3.99692 -0.357568
      vertex 70.6359 -5.41927 -2.31498
      vertex 71.3527 -3.68872 -2.31498
    endloop
  endfacet
  facet normal 0.388026 0.237801 0.890442
    outer loop
      vertex 65.9179 4.29964 16.937
      vertex 64.3344 3.1491 17.9343
      vertex 66.5177 3.32093 16.937
    endloop
  endfacet
  facet normal 0.842217 -0.516091 0.155952
    outer loop
      vertex 72.1294 -6.18025 8.26824
      vertex 71.0133 -8.00163 8.26824
      vertex 71.2913 -8.20363 6.09843
    endloop
  endfacet
  facet normal -0.309913 -0.748235 0.586599
    outer loop
      vertex 56.7103 -10.1246 14.0923
      vertex 54.5807 -10.6359 12.315
      vertex 56.3113 -11.3527 12.315
    endloop
  endfacet
  facet normal 0.0243142 -0.30894 0.950771
    outer loop
      vertex 60.5113 -3.228 18.6132
      vertex 60 -5.35757 17.9343
      vertex 60.8381 -5.29161 17.9343
    endloop
  endfacet
  facet normal 0.677947 -0.579049 -0.452869
    outer loop
      vertex 69.1459 -9.14594 -0.357568
      vertex 68.4407 -8.44071 -2.31498
      vertex 70.4641 -7.6026 -0.357568
    endloop
  endfacet
  facet normal 0.723382 -0.617856 -0.308177
    outer loop
      vertex 69.626 -9.62597 1.73177
      vertex 69.1459 -9.14594 -0.357568
      vertex 70.4641 -7.6026 -0.357568
    endloop
  endfacet
  facet normal -0.760188 -0.465842 -0.452887
    outer loop
      vertex 49.5359 -7.6026 -0.357568
      vertex 49.3641 -5.41927 -2.31498
      vertex 50.3428 -7.01637 -2.31498
    endloop
  endfacet
  facet normal -0.201247 -0.23564 -0.950775
    outer loop
      vertex 56.8509 -4.33436 -7.93431
      vertex 56.2116 -3.78837 -7.93431
      vertex 58.079 -2.64406 -8.61318
    endloop
  endfacet
  facet normal -0.617836 -0.723413 -0.308143
    outer loop
      vertex 51.9984 -11.0133 1.73177
      vertex 50.374 -9.62597 1.73177
      vertex 52.3974 -10.4641 -0.357568
    endloop
  endfacet
  facet normal 0.307735 -0.502179 -0.808155
    outer loop
      vertex 65.3443 -7.3558 -5.64568
      vertex 64.1278 -8.10127 -5.64568
      vertex 64.2996 -5.91794 -6.93696
    endloop
  endfacet
  facet normal 0.309915 -0.748231 -0.586604
    outer loop
      vertex 65.4193 -10.6359 -2.31498
      vertex 63.2897 -10.1246 -4.09227
      vertex 64.833 -9.48537 -4.09227
    endloop
  endfacet
  facet normal 0.118589 0.286291 -0.950776
    outer loop
      vertex 61.4837 2.91202 -8.61318
      vertex 61.0099 3.10828 -8.61318
      vertex 61.6556 5.09535 -7.93431
    endloop
  endfacet
  facet normal -0.453684 0.0357219 0.890446
    outer loop
      vertex 52.7751 1.14431 16.937
      vertex 52.685 0 16.937
      vertex 54.6424 0 17.9343
    endloop
  endfacet
  facet normal -0.807376 -0.0635576 -0.586604
    outer loop
      vertex 48.21 -1.86735 -2.31498
      vertex 48.063 0 -2.31498
      vertex 49.3543 0 -4.09227
    endloop
  endfacet
  facet normal -0.538522 0.459941 -0.706009
    outer loop
      vertex 52.6442 5.3443 -5.64568
      vertex 52.4724 7.52763 -4.09227
      vertex 53.5708 6.42921 -5.64568
    endloop
  endfacet
  facet normal 0.587163 -0.0462317 0.808147
    outer loop
      vertex 67.315 0 16.937
      vertex 67.2249 -1.14431 16.937
      vertex 68.9803 -1.42234 15.6457
    endloop
  endfacet
  facet normal 0.84221 0.516098 0.155961
    outer loop
      vertex 72.4356 6.33627 6.09843
      vertex 71.2913 8.20363 6.09843
      vertex 72.1294 6.18025 8.26824
    endloop
  endfacet
  facet normal 0.516108 0.842207 0.155952
    outer loop
      vertex 68.2036 11.2913 6.09843
      vertex 66.1803 12.1294 8.26824
      vertex 68.0016 11.0133 8.26824
    endloop
  endfacet
  facet normal 0.497093 0.811146 0.308125
    outer loop
      vertex 66.1803 12.1294 8.26824
      vertex 65.8721 11.5246 10.3576
      vertex 67.6026 10.4641 10.3576
    endloop
  endfacet
  facet normal 0.96047 0.230604 0.155945
    outer loop
      vertex 73.2737 4.3129 6.09843
      vertex 72.9469 4.2067 8.26824
      vertex 73.785 2.18333 6.09843
    endloop
  endfacet
  facet normal 0.972366 0.233461 0
    outer loop
      vertex 73.785 2.18333 6.09843
      vertex 73.2737 4.3129 3.90157
      vertex 73.2737 4.3129 6.09843
    endloop
  endfacet
  facet normal 0.972366 0.233461 0
    outer loop
      vertex 73.2737 4.3129 3.90157
      vertex 73.785 2.18333 6.09843
      vertex 73.785 2.18333 3.90157
    endloop
  endfacet
  facet normal -0.0784457 0.996918 0
    outer loop
      vertex 60 13.9568 3.90157
      vertex 57.8167 13.785 6.09843
      vertex 60 13.9568 6.09843
    endloop
  endfacet
  facet normal -0.0784457 0.996918 0
    outer loop
      vertex 57.8167 13.785 6.09843
      vertex 60 13.9568 3.90157
      vertex 57.8167 13.785 3.90157
    endloop
  endfacet
  facet normal 0.423159 0.690536 -0.586597
    outer loop
      vertex 66.2574 8.61254 -4.09227
      vertex 65.4193 10.6359 -2.31498
      vertex 67.0164 9.6572 -2.31498
    endloop
  endfacet
  facet normal 0.617836 0.723413 -0.308143
    outer loop
      vertex 69.626 9.62597 1.73177
      vertex 67.6026 10.4641 -0.357568
      vertex 68.0016 11.0133 1.73177
    endloop
  endfacet
  facet normal 0.617856 0.723385 0.30817
    outer loop
      vertex 69.626 9.62597 8.26824
      vertex 67.6026 10.4641 10.3576
      vertex 69.1459 9.14594 10.3576
    endloop
  endfacet
  facet normal 0.364066 0.878923 0.308139
    outer loop
      vertex 64.2067 12.9469 8.26824
      vertex 63.9969 12.3013 10.3576
      vertex 66.1803 12.1294 8.26824
    endloop
  endfacet
  facet normal 0.579046 0.677947 0.452872
    outer loop
      vertex 69.1459 9.14594 10.3576
      vertex 67.6026 10.4641 10.3576
      vertex 68.4407 8.44071 12.315
    endloop
  endfacet
  facet normal -0.225397 -0.544141 0.80815
    outer loop
      vertex 56.6791 -6.51769 16.937
      vertex 55.8722 -8.10127 15.6457
      vertex 57.1903 -8.64726 15.6457
    endloop
  endfacet
  facet normal -0.301338 -0.0723603 0.950768
    outer loop
      vertex 56.8917 -1.00994 18.6132
      vertex 54.7084 -0.838108 17.9343
      vertex 54.9047 -1.65558 17.9343
    endloop
  endfacet
  facet normal -0.420426 -0.17416 0.890455
    outer loop
      vertex 54.9047 -1.65558 17.9343
      vertex 53.043 -2.26045 16.937
      vertex 53.4823 -3.32093 16.937
    endloop
  endfacet
  facet normal -0.572713 -0.137468 0.808147
    outer loop
      vertex 52.7751 -1.14431 16.937
      vertex 51.0197 -1.42234 15.6457
      vertex 51.3527 -2.80967 15.6457
    endloop
  endfacet
  facet normal -0.984722 0.077499 0.155936
    outer loop
      vertex 46.5544 2.12957 8.26824
      vertex 46.0432 0 6.09843
      vertex 46.3868 0 8.26824
    endloop
  endfacet
  facet normal -0.688622 -0.165335 0.70602
    outer loop
      vertex 51.0197 -1.42234 15.6457
      vertex 49.4854 -1.66535 14.0923
      vertex 49.8754 -3.2897 14.0923
    endloop
  endfacet
  facet normal -0.878921 -0.364074 0.308136
    outer loop
      vertex 47.6987 -3.99692 10.3576
      vertex 47.0531 -4.2067 8.26824
      vertex 47.8706 -6.18025 8.26824
    endloop
  endfacet
  facet normal 0.286284 0.118608 -0.950775
    outer loop
      vertex 63.1083 1.00994 -8.61318
      vertex 62.912 1.48375 -8.61318
      vertex 65.0954 1.65558 -7.93431
    endloop
  endfacet
  facet normal 0.579047 0.677948 -0.45287
    outer loop
      vertex 68.4407 8.44071 -2.31498
      vertex 67.6026 10.4641 -0.357568
      vertex 69.1459 9.14594 -0.357568
    endloop
  endfacet
  facet normal -0.060031 -0.14497 -0.987613
    outer loop
      vertex 59.6606 -1.04467 -8.95684
      vertex 58.5163 -2.91202 -8.61318
      vertex 59.5013 -0.978705 -8.95684
    endloop
  endfacet
  facet normal -0.230601 -0.960471 -0.155946
    outer loop
      vertex 57.8167 -13.785 3.90157
      vertex 55.6871 -13.2737 3.90157
      vertex 55.7933 -12.9469 1.73177
    endloop
  endfacet
  facet normal 0.84221 -0.516098 -0.155962
    outer loop
      vertex 72.4356 -6.33627 3.90157
      vertex 71.2913 -8.20363 3.90157
      vertex 72.1294 -6.18025 1.73177
    endloop
  endfacet
  facet normal -0.0243079 -0.308939 0.950771
    outer loop
      vertex 60 -3.26823 18.6132
      vertex 59.4887 -3.228 18.6132
      vertex 60 -5.35757 17.9343
    endloop
  endfacet
  facet normal 0.842217 -0.516091 -0.155953
    outer loop
      vertex 71.2913 -8.20363 3.90157
      vertex 71.0133 -8.00163 1.73177
      vertex 72.1294 -6.18025 1.73177
    endloop
  endfacet
  facet normal 0.888816 -0.0699687 0.452891
    outer loop
      vertex 71.937 0 12.315
      vertex 71.79 -1.86735 12.315
      vertex 72.7751 -2.02337 10.3576
    endloop
  endfacet
  facet normal 0.96047 0.2306 0.155949
    outer loop
      vertex 73.785 2.18333 6.09843
      vertex 72.9469 4.2067 8.26824
      vertex 73.4456 2.12957 8.26824
    endloop
  endfacet
  facet normal 0.925054 0.222097 0.308136
    outer loop
      vertex 72.9469 4.2067 8.26824
      vertex 72.3013 3.99692 10.3576
      vertex 73.4456 2.12957 8.26824
    endloop
  endfacet
  facet normal 0.912578 -0.377999 0.155946
    outer loop
      vertex 72.9469 -4.2067 8.26824
      vertex 72.4356 -6.33627 6.09843
      vertex 73.2737 -4.3129 6.09843
    endloop
  endfacet
  facet normal 0.948402 -0.0746208 0.308166
    outer loop
      vertex 72.9343 0 10.3576
      vertex 72.7751 -2.02337 10.3576
      vertex 73.6132 0 8.26824
    endloop
  endfacet
  facet normal 0.152554 0.0365909 0.987617
    outer loop
      vertex 63.1083 1.00994 18.6132
      vertex 61.0447 0.339432 18.9568
      vertex 61.0849 0.171831 18.9568
    endloop
  endfacet
  facet normal 0.516108 -0.842207 0.155952
    outer loop
      vertex 68.0016 -11.0133 8.26824
      vertex 66.1803 -12.1294 8.26824
      vertex 68.2036 -11.2913 6.09843
    endloop
  endfacet
  facet normal -0.44251 -0.10626 0.890446
    outer loop
      vertex 54.7084 -0.838108 17.9343
      vertex 52.7751 -1.14431 16.937
      vertex 54.9047 -1.65558 17.9343
    endloop
  endfacet
  facet normal -0.382508 -0.44786 0.808152
    outer loop
      vertex 55.7004 -5.91794 16.937
      vertex 53.5708 -6.42921 15.6457
      vertex 54.6557 -7.3558 15.6457
    endloop
  endfacet
  facet normal 0.377994 -0.912579 -0.155947
    outer loop
      vertex 64.3129 -13.2737 3.90157
      vertex 64.2067 -12.9469 1.73177
      vertex 66.3363 -12.4356 3.90157
    endloop
  endfacet
  facet normal 0.230601 -0.960471 0.155945
    outer loop
      vertex 64.2067 -12.9469 8.26824
      vertex 62.1833 -13.785 6.09843
      vertex 64.3129 -13.2737 6.09843
    endloop
  endfacet
  facet normal 0.230604 -0.96047 -0.155944
    outer loop
      vertex 62.1833 -13.785 3.90157
      vertex 62.1296 -13.4456 1.73177
      vertex 64.2067 -12.9469 1.73177
    endloop
  endfacet
  facet normal 0.706009 -0.0555786 -0.706018
    outer loop
      vertex 70.5146 -1.66535 -4.09227
      vertex 68.9803 -1.42234 -5.64568
      vertex 70.6457 0 -4.09227
    endloop
  endfacet
  facet normal -0.948401 -0.0746207 -0.308169
    outer loop
      vertex 47.2249 -2.02337 -0.357568
      vertex 46.3868 0 1.73177
      vertex 47.0657 0 -0.357568
    endloop
  endfacet
  facet normal -0.866924 -0.208143 -0.452901
    outer loop
      vertex 48.6473 -3.68872 -2.31498
      vertex 47.6987 -3.99692 -0.357568
      vertex 48.21 -1.86735 -2.31498
    endloop
  endfacet
  facet normal -0.866933 0.208129 0.45289
    outer loop
      vertex 47.6987 3.99692 10.3576
      vertex 47.2249 2.02337 10.3576
      vertex 48.21 1.86735 12.315
    endloop
  endfacet
  facet normal -0.842217 0.516091 0.155952
    outer loop
      vertex 48.7087 8.20363 6.09843
      vertex 47.8706 6.18025 8.26824
      vertex 48.9867 8.00163 8.26824
    endloop
  endfacet
  facet normal -0.522504 0.852637 0
    outer loop
      vertex 53.6637 12.4356 3.90157
      vertex 51.7964 11.2913 6.09843
      vertex 53.6637 12.4356 6.09843
    endloop
  endfacet
  facet normal -0.522504 0.852637 0
    outer loop
      vertex 51.7964 11.2913 6.09843
      vertex 53.6637 12.4356 3.90157
      vertex 51.7964 11.2913 3.90157
    endloop
  endfacet
  facet normal -0.842217 0.516091 -0.155953
    outer loop
      vertex 48.9867 8.00163 1.73177
      vertex 47.8706 6.18025 1.73177
      vertex 48.7087 8.20363 3.90157
    endloop
  endfacet
  facet normal -0.807376 -0.0635584 -0.586604
    outer loop
      vertex 49.4854 -1.66535 -4.09227
      vertex 48.21 -1.86735 -2.31498
      vertex 49.3543 0 -4.09227
    endloop
  endfacet
  facet normal -0.2221 0.925053 0.308138
    outer loop
      vertex 57.8704 13.4456 8.26824
      vertex 55.7933 12.9469 8.26824
      vertex 56.0031 12.3013 10.3576
    endloop
  endfacet
  facet normal -0.52599 0.615823 -0.586597
    outer loop
      vertex 53.7426 8.61254 -4.09227
      vertex 52.4724 7.52763 -4.09227
      vertex 52.9836 9.6572 -2.31498
    endloop
  endfacet
  facet normal 0.2221 0.925053 0.308138
    outer loop
      vertex 64.2067 12.9469 8.26824
      vertex 62.1296 13.4456 8.26824
      vertex 63.9969 12.3013 10.3576
    endloop
  endfacet
  facet normal -0.516108 0.842207 0.155952
    outer loop
      vertex 53.8197 12.1294 8.26824
      vertex 51.7964 11.2913 6.09843
      vertex 51.9984 11.0133 8.26824
    endloop
  endfacet
  facet normal -0.0635565 0.807376 -0.586604
    outer loop
      vertex 58.3346 10.5146 -4.09227
      vertex 58.1326 11.79 -2.31498
      vertex 60 10.6457 -4.09227
    endloop
  endfacet
  facet normal -0.230601 0.960471 -0.155946
    outer loop
      vertex 55.7933 12.9469 1.73177
      vertex 55.6871 13.2737 3.90157
      vertex 57.8167 13.785 3.90157
    endloop
  endfacet
  facet normal 0.201255 -0.235649 0.950771
    outer loop
      vertex 63.7884 -3.78837 17.9343
      vertex 61.921 -2.64406 18.6132
      vertex 63.1491 -4.33436 17.9343
    endloop
  endfacet
  facet normal -0.453682 -0.0357269 0.890447
    outer loop
      vertex 54.6424 0 17.9343
      vertex 52.7751 -1.14431 16.937
      vertex 54.7084 -0.838108 17.9343
    endloop
  endfacet
  facet normal -0.807377 0.0635585 0.586602
    outer loop
      vertex 49.4854 1.66535 14.0923
      vertex 48.21 1.86735 12.315
      vertex 49.3543 0 14.0923
    endloop
  endfacet
  facet normal -0.706007 0.0555784 0.706021
    outer loop
      vertex 49.4854 1.66535 14.0923
      vertex 49.3543 0 14.0923
      vertex 51.0197 1.42234 15.6457
    endloop
  endfacet
  facet normal -0.295554 0.346075 -0.890438
    outer loop
      vertex 56.2116 3.78837 -7.93431
      vertex 54.8275 5.17247 -6.93696
      vertex 55.7004 5.91794 -6.93696
    endloop
  endfacet
  facet normal -0.0723507 0.30132 -0.950774
    outer loop
      vertex 59.4887 3.228 -8.61318
      vertex 58.9901 3.10828 -8.61318
      vertex 59.1619 5.29161 -7.93431
    endloop
  endfacet
  facet normal -0.0357071 0.453701 -0.890438
    outer loop
      vertex 59.1619 5.29161 -7.93431
      vertex 58.8557 7.22492 -6.93696
      vertex 60 5.35757 -7.93431
    endloop
  endfacet
  facet normal 0.307735 0.502179 -0.808155
    outer loop
      vertex 64.2996 5.91794 -6.93696
      vertex 64.1278 8.10127 -5.64568
      vertex 65.3443 7.3558 -5.64568
    endloop
  endfacet
  facet normal 0.787496 -0.189075 0.586601
    outer loop
      vertex 70.5146 -1.66535 14.0923
      vertex 70.1246 -3.2897 14.0923
      vertex 71.79 -1.86735 12.315
    endloop
  endfacet
  facet normal 0.144922 0.0600645 0.987618
    outer loop
      vertex 62.912 1.48375 18.6132
      vertex 60.9787 0.498675 18.9568
      vertex 61.0447 0.339432 18.9568
    endloop
  endfacet
  facet normal 0.447885 -0.382496 0.808143
    outer loop
      vertex 65.9179 -4.29964 16.937
      vertex 65.1725 -5.17247 16.937
      vertex 66.4292 -6.42921 15.6457
    endloop
  endfacet
  facet normal -0.18908 -0.787495 0.586601
    outer loop
      vertex 56.7103 -10.1246 14.0923
      vertex 56.3113 -11.3527 12.315
      vertex 58.1326 -11.79 12.315
    endloop
  endfacet
  facet normal 0.706013 -0.0555939 0.706013
    outer loop
      vertex 69.0923 0 15.6457
      vertex 68.9803 -1.42234 15.6457
      vertex 70.6457 0 14.0923
    endloop
  endfacet
  facet normal 0.723407 0.61784 0.308148
    outer loop
      vertex 71.0133 8.00163 8.26824
      vertex 69.626 9.62597 8.26824
      vertex 70.4641 7.6026 10.3576
    endloop
  endfacet
  facet normal 0.077486 0.984721 -0.155948
    outer loop
      vertex 62.1296 13.4456 1.73177
      vertex 60 13.9568 3.90157
      vertex 62.1833 13.785 3.90157
    endloop
  endfacet
  facet normal 0.690532 0.423157 0.586604
    outer loop
      vertex 69.6572 7.01637 12.315
      vertex 68.6125 6.25738 14.0923
      vertex 70.6359 5.41927 12.315
    endloop
  endfacet
  facet normal 0.96047 0.230604 -0.155946
    outer loop
      vertex 73.785 2.18333 3.90157
      vertex 72.9469 4.2067 1.73177
      vertex 73.2737 4.3129 3.90157
    endloop
  endfacet
  facet normal 0.382676 0.923883 -0
    outer loop
      vertex 66.3363 12.4356 3.90157
      vertex 64.3129 13.2737 6.09843
      vertex 66.3363 12.4356 6.09843
    endloop
  endfacet
  facet normal 0.382676 0.923883 0
    outer loop
      vertex 64.3129 13.2737 6.09843
      vertex 66.3363 12.4356 3.90157
      vertex 64.3129 13.2737 3.90157
    endloop
  endfacet
  facet normal 0.912578 0.377999 0.155946
    outer loop
      vertex 73.2737 4.3129 6.09843
      vertex 72.4356 6.33627 6.09843
      vertex 72.9469 4.2067 8.26824
    endloop
  endfacet
  facet normal 0.208134 0.866934 -0.452886
    outer loop
      vertex 63.9969 12.3013 -0.357568
      vertex 61.8674 11.79 -2.31498
      vertex 62.0234 12.7751 -0.357568
    endloop
  endfacet
  facet normal -0.654298 0.270988 0.706016
    outer loop
      vertex 50.5146 4.83304 14.0923
      vertex 49.8754 3.2897 14.0923
      vertex 51.8987 4.1278 15.6457
    endloop
  endfacet
  facet normal 0.497076 0.811149 -0.308144
    outer loop
      vertex 67.6026 10.4641 -0.357568
      vertex 66.1803 12.1294 1.73177
      vertex 68.0016 11.0133 1.73177
    endloop
  endfacet
  facet normal 0.75111 0.641489 -0.155963
    outer loop
      vertex 71.2913 8.20363 3.90157
      vertex 69.626 9.62597 1.73177
      vertex 69.869 9.86898 3.90157
    endloop
  endfacet
  facet normal 0.525976 0.615827 -0.586606
    outer loop
      vertex 67.5276 7.52763 -4.09227
      vertex 67.0164 9.6572 -2.31498
      vertex 68.4407 8.44071 -2.31498
    endloop
  endfacet
  facet normal 0.811157 0.497059 -0.30815
    outer loop
      vertex 72.1294 6.18025 1.73177
      vertex 70.4641 7.6026 -0.357568
      vertex 71.0133 8.00163 1.73177
    endloop
  endfacet
  facet normal 0.878921 0.364074 0.308136
    outer loop
      vertex 72.9469 4.2067 8.26824
      vertex 72.1294 6.18025 8.26824
      vertex 72.3013 3.99692 10.3576
    endloop
  endfacet
  facet normal -0.84221 -0.516098 0.155961
    outer loop
      vertex 47.8706 -6.18025 8.26824
      vertex 47.5644 -6.33627 6.09843
      vertex 48.7087 -8.20363 6.09843
    endloop
  endfacet
  facet normal -0.925053 -0.222082 0.308149
    outer loop
      vertex 47.2249 -2.02337 10.3576
      vertex 46.5544 -2.12957 8.26824
      vertex 47.6987 -3.99692 10.3576
    endloop
  endfacet
  facet normal -0.723407 -0.61784 0.308148
    outer loop
      vertex 49.5359 -7.6026 10.3576
      vertex 48.9867 -8.00163 8.26824
      vertex 50.374 -9.62597 8.26824
    endloop
  endfacet
  facet normal -0.912569 0.378012 0.155961
    outer loop
      vertex 47.5644 6.33627 6.09843
      vertex 47.0531 4.2067 8.26824
      vertex 47.8706 6.18025 8.26824
    endloop
  endfacet
  facet normal -0.984721 -0.0774849 0.155949
    outer loop
      vertex 46.5544 -2.12957 8.26824
      vertex 46.0432 0 6.09843
      vertex 46.215 -2.18333 6.09843
    endloop
  endfacet
  facet normal -0.308931 0.0242908 0.950774
    outer loop
      vertex 56.772 0.511264 18.6132
      vertex 54.6424 0 17.9343
      vertex 56.7318 0 18.6132
    endloop
  endfacet
  facet normal -0.442503 0.106211 0.890455
    outer loop
      vertex 53.043 2.26045 16.937
      vertex 52.7751 1.14431 16.937
      vertex 54.9047 1.65558 17.9343
    endloop
  endfacet
  facet normal -0.912569 -0.378012 0.155961
    outer loop
      vertex 47.8706 -6.18025 8.26824
      vertex 47.0531 -4.2067 8.26824
      vertex 47.5644 -6.33627 6.09843
    endloop
  endfacet
  facet normal -0.888834 -0.069934 -0.45286
    outer loop
      vertex 47.2249 -2.02337 -0.357568
      vertex 47.0657 0 -0.357568
      vertex 48.063 0 -2.31498
    endloop
  endfacet
  facet normal -0.96047 -0.230604 -0.155946
    outer loop
      vertex 46.7263 -4.3129 3.90157
      vertex 46.215 -2.18333 3.90157
      vertex 47.0531 -4.2067 1.73177
    endloop
  endfacet
  facet normal -0.74825 -0.3099 -0.586587
    outer loop
      vertex 50.5146 -4.83304 -4.09227
      vertex 49.3641 -5.41927 -2.31498
      vertex 49.8754 -3.2897 -4.09227
    endloop
  endfacet
  facet normal 0.912569 0.378012 -0.155962
    outer loop
      vertex 72.9469 4.2067 1.73177
      vertex 72.1294 6.18025 1.73177
      vertex 72.4356 6.33627 3.90157
    endloop
  endfacet
  facet normal 0.615832 0.525972 -0.586605
    outer loop
      vertex 68.6125 6.25738 -4.09227
      vertex 67.5276 7.52763 -4.09227
      vertex 69.6572 7.01637 -2.31498
    endloop
  endfacet
  facet normal 0.077486 -0.984721 -0.155948
    outer loop
      vertex 62.1833 -13.785 3.90157
      vertex 60 -13.9568 3.90157
      vertex 62.1296 -13.4456 1.73177
    endloop
  endfacet
  facet normal 0.0774979 -0.984722 -0.155936
    outer loop
      vertex 62.1296 -13.4456 1.73177
      vertex 60 -13.9568 3.90157
      vertex 60 -13.6132 1.73177
    endloop
  endfacet
  facet normal 0.423159 -0.690536 -0.586597
    outer loop
      vertex 67.0164 -9.6572 -2.31498
      vertex 65.4193 -10.6359 -2.31498
      vertex 66.2574 -8.61254 -4.09227
    endloop
  endfacet
  facet normal 0.230601 -0.960471 -0.155946
    outer loop
      vertex 64.3129 -13.2737 3.90157
      vertex 62.1833 -13.785 3.90157
      vertex 64.2067 -12.9469 1.73177
    endloop
  endfacet
  facet normal 0.453702 -0.0357234 -0.890437
    outer loop
      vertex 67.2249 -1.14431 -6.93696
      vertex 65.3576 0 -7.93431
      vertex 67.315 0 -6.93696
    endloop
  endfacet
  facet normal 0.996918 -0.0784447 0
    outer loop
      vertex 73.785 -2.18333 6.09843
      vertex 73.9568 0 3.90157
      vertex 73.9568 0 6.09843
    endloop
  endfacet
  facet normal 0.996918 -0.0784447 0
    outer loop
      vertex 73.9568 0 3.90157
      vertex 73.785 -2.18333 6.09843
      vertex 73.785 -2.18333 3.90157
    endloop
  endfacet
  facet normal 0.96047 -0.2306 0.155949
    outer loop
      vertex 73.4456 -2.12957 8.26824
      vertex 72.9469 -4.2067 8.26824
      vertex 73.785 -2.18333 6.09843
    endloop
  endfacet
  facet normal 0.807377 0.0635585 0.586602
    outer loop
      vertex 71.79 1.86735 12.315
      vertex 70.5146 1.66535 14.0923
      vertex 70.6457 0 14.0923
    endloop
  endfacet
  facet normal 0.502175 0.307757 0.80815
    outer loop
      vertex 68.1013 4.1278 15.6457
      vertex 65.9179 4.29964 16.937
      vertex 66.5177 3.32093 16.937
    endloop
  endfacet
  facet normal 0.984722 -0.0774989 -0.155936
    outer loop
      vertex 73.9568 0 3.90157
      vertex 73.4456 -2.12957 1.73177
      vertex 73.6132 0 1.73177
    endloop
  endfacet
  facet normal 0.912569 0.378012 0.155961
    outer loop
      vertex 72.4356 6.33627 6.09843
      vertex 72.1294 6.18025 8.26824
      vertex 72.9469 4.2067 8.26824
    endloop
  endfacet
  facet normal 0.751111 0.641489 0.155962
    outer loop
      vertex 69.869 9.86898 6.09843
      vertex 69.626 9.62597 8.26824
      vertex 71.2913 8.20363 6.09843
    endloop
  endfacet
  facet normal 0.823697 -0.341178 0.452902
    outer loop
      vertex 71.3527 -3.68872 12.315
      vertex 70.6359 -5.41927 12.315
      vertex 72.3013 -3.99692 10.3576
    endloop
  endfacet
  facet normal 0.502176 -0.307745 0.808153
    outer loop
      vertex 68.1013 -4.1278 15.6457
      vertex 65.9179 -4.29964 16.937
      vertex 67.3558 -5.3443 15.6457
    endloop
  endfacet
  facet normal 0.364051 -0.878935 0.308123
    outer loop
      vertex 65.8721 -11.5246 10.3576
      vertex 63.9969 -12.3013 10.3576
      vertex 66.1803 -12.1294 8.26824
    endloop
  endfacet
  facet normal 0.615833 -0.525971 0.586604
    outer loop
      vertex 69.6572 -7.01637 12.315
      vertex 67.5276 -7.52763 14.0923
      vertex 68.4407 -8.44071 12.315
    endloop
  endfacet
  facet normal -0.603824 -0.37005 0.706017
    outer loop
      vertex 51.8987 -4.1278 15.6457
      vertex 50.5146 -4.83304 14.0923
      vertex 51.3875 -6.25738 14.0923
    endloop
  endfacet
  facet normal -0.723382 -0.617857 0.308174
    outer loop
      vertex 50.8541 -9.14594 10.3576
      vertex 49.5359 -7.6026 10.3576
      vertex 50.374 -9.62597 8.26824
    endloop
  endfacet
  facet normal 0.137489 -0.572709 0.808147
    outer loop
      vertex 62.8097 -8.64726 15.6457
      vertex 61.1443 -7.22492 16.937
      vertex 61.4223 -8.98033 15.6457
    endloop
  endfacet
  facet normal 0.346064 -0.29554 0.890447
    outer loop
      vertex 65.9179 -4.29964 16.937
      vertex 63.7884 -3.78837 17.9343
      vertex 65.1725 -5.17247 16.937
    endloop
  endfacet
  facet normal -0.0357063 -0.453683 0.890448
    outer loop
      vertex 60 -5.35757 17.9343
      vertex 58.8557 -7.22492 16.937
      vertex 60 -7.31498 16.937
    endloop
  endfacet
  facet normal 0.346055 -0.295565 0.890442
    outer loop
      vertex 64.3344 -3.1491 17.9343
      vertex 63.7884 -3.78837 17.9343
      vertex 65.9179 -4.29964 16.937
    endloop
  endfacet
  facet normal 0.84221 -0.516098 0.155961
    outer loop
      vertex 72.1294 -6.18025 8.26824
      vertex 71.2913 -8.20363 6.09843
      vertex 72.4356 -6.33627 6.09843
    endloop
  endfacet
  facet normal 0.579036 -0.677951 -0.452879
    outer loop
      vertex 67.6026 -10.4641 -0.357568
      vertex 67.0164 -9.6572 -2.31498
      vertex 68.4407 -8.44071 -2.31498
    endloop
  endfacet
  facet normal 0.972366 -0.233461 0
    outer loop
      vertex 73.2737 -4.3129 6.09843
      vertex 73.785 -2.18333 3.90157
      vertex 73.785 -2.18333 6.09843
    endloop
  endfacet
  facet normal 0.972366 -0.233461 0
    outer loop
      vertex 73.785 -2.18333 3.90157
      vertex 73.2737 -4.3129 6.09843
      vertex 73.2737 -4.3129 3.90157
    endloop
  endfacet
  facet normal 0.878931 -0.364061 0.308122
    outer loop
      vertex 72.3013 -3.99692 10.3576
      vertex 71.5246 -5.87206 10.3576
      vertex 72.1294 -6.18025 8.26824
    endloop
  endfacet
  facet normal 0.34117 -0.823701 0.452902
    outer loop
      vertex 65.4193 -10.6359 12.315
      vertex 63.6887 -11.3527 12.315
      vertex 63.9969 -12.3013 10.3576
    endloop
  endfacet
  facet normal 0.208151 -0.866921 0.452903
    outer loop
      vertex 63.6887 -11.3527 12.315
      vertex 61.8674 -11.79 12.315
      vertex 63.9969 -12.3013 10.3576
    endloop
  endfacet
  facet normal -0.222088 -0.925052 0.308149
    outer loop
      vertex 57.9766 -12.7751 10.3576
      vertex 56.0031 -12.3013 10.3576
      vertex 57.8704 -13.4456 8.26824
    endloop
  endfacet
  facet normal -0.723382 -0.617856 -0.308177
    outer loop
      vertex 50.374 -9.62597 1.73177
      vertex 49.5359 -7.6026 -0.357568
      vertex 50.8541 -9.14594 -0.357568
    endloop
  endfacet
  facet normal 0.465856 -0.760173 -0.452897
    outer loop
      vertex 65.8721 -11.5246 -0.357568
      vertex 65.4193 -10.6359 -2.31498
      vertex 67.6026 -10.4641 -0.357568
    endloop
  endfacet
  facet normal 0.137487 -0.572703 -0.808151
    outer loop
      vertex 61.4223 -8.98033 -5.64568
      vertex 61.1443 -7.22492 -6.93696
      vertex 62.8097 -8.64726 -5.64568
    endloop
  endfacet
  facet normal -0.87893 -0.364061 -0.308125
    outer loop
      vertex 47.8706 -6.18025 1.73177
      vertex 47.6987 -3.99692 -0.357568
      vertex 48.4754 -5.87206 -0.357568
    endloop
  endfacet
  facet normal 0.069933 -0.888834 -0.452861
    outer loop
      vertex 62.0234 -12.7751 -0.357568
      vertex 60 -12.9343 -0.357568
      vertex 60 -11.937 -2.31498
    endloop
  endfacet
  facet normal -0.925053 0.222097 -0.308139
    outer loop
      vertex 47.6987 3.99692 -0.357568
      vertex 46.5544 2.12957 1.73177
      vertex 47.0531 4.2067 1.73177
    endloop
  endfacet
  facet normal -0.984722 -0.077499 0.155936
    outer loop
      vertex 46.3868 0 8.26824
      vertex 46.0432 0 6.09843
      vertex 46.5544 -2.12957 8.26824
    endloop
  endfacet
  facet normal -0.996918 -0.0784447 0
    outer loop
      vertex 46.215 -2.18333 3.90157
      vertex 46.0432 0 6.09843
      vertex 46.0432 0 3.90157
    endloop
  endfacet
  facet normal -0.996918 -0.0784447 0
    outer loop
      vertex 46.0432 0 6.09843
      vertex 46.215 -2.18333 3.90157
      vertex 46.215 -2.18333 6.09843
    endloop
  endfacet
  facet normal -0.878921 0.364074 0.308136
    outer loop
      vertex 47.8706 6.18025 8.26824
      vertex 47.0531 4.2067 8.26824
      vertex 47.6987 3.99692 10.3576
    endloop
  endfacet
  facet normal 0.233458 0.972367 -0
    outer loop
      vertex 64.3129 13.2737 3.90157
      vertex 62.1833 13.785 6.09843
      vertex 64.3129 13.2737 6.09843
    endloop
  endfacet
  facet normal 0.233458 0.972367 0
    outer loop
      vertex 62.1833 13.785 6.09843
      vertex 64.3129 13.2737 3.90157
      vertex 62.1833 13.785 3.90157
    endloop
  endfacet
  facet normal -0.823698 0.341179 -0.4529
    outer loop
      vertex 48.6473 3.68872 -2.31498
      vertex 47.6987 3.99692 -0.357568
      vertex 49.3641 5.41927 -2.31498
    endloop
  endfacet
  facet normal -0.96047 0.230604 0.155945
    outer loop
      vertex 46.7263 4.3129 6.09843
      vertex 46.215 2.18333 6.09843
      vertex 47.0531 4.2067 8.26824
    endloop
  endfacet
  facet normal -0.925053 -0.222097 -0.308139
    outer loop
      vertex 47.0531 -4.2067 1.73177
      vertex 46.5544 -2.12957 1.73177
      vertex 47.6987 -3.99692 -0.357568
    endloop
  endfacet
  facet normal -0.984721 0.0774849 0.155949
    outer loop
      vertex 46.215 2.18333 6.09843
      vertex 46.0432 0 6.09843
      vertex 46.5544 2.12957 8.26824
    endloop
  endfacet
  facet normal -0.87892 0.364074 -0.308139
    outer loop
      vertex 47.6987 3.99692 -0.357568
      vertex 47.0531 4.2067 1.73177
      vertex 47.8706 6.18025 1.73177
    endloop
  endfacet
  facet normal -0.688656 0.165298 -0.705995
    outer loop
      vertex 51.0197 1.42234 -5.64568
      vertex 49.8754 3.2897 -4.09227
      vertex 51.3527 2.80967 -5.64568
    endloop
  endfacet
  facet normal -0.75111 0.641489 -0.155963
    outer loop
      vertex 50.374 9.62597 1.73177
      vertex 48.7087 8.20363 3.90157
      vertex 50.131 9.86898 3.90157
    endloop
  endfacet
  facet normal -0.87893 0.364061 -0.308125
    outer loop
      vertex 48.4754 5.87206 -0.357568
      vertex 47.6987 3.99692 -0.357568
      vertex 47.8706 6.18025 1.73177
    endloop
  endfacet
  facet normal -0.760188 0.465842 -0.452887
    outer loop
      vertex 50.3428 7.01637 -2.31498
      vertex 49.3641 5.41927 -2.31498
      vertex 49.5359 7.6026 -0.357568
    endloop
  endfacet
  facet normal -0.307735 0.502179 -0.808155
    outer loop
      vertex 55.7004 5.91794 -6.93696
      vertex 54.6557 7.3558 -5.64568
      vertex 55.8722 8.10127 -5.64568
    endloop
  endfacet
  facet normal -0.388041 0.23781 -0.890433
    outer loop
      vertex 55.6656 3.1491 -7.93431
      vertex 53.4823 3.32093 -6.93696
      vertex 54.0821 4.29964 -6.93696
    endloop
  endfacet
  facet normal -0.748229 -0.309919 -0.586603
    outer loop
      vertex 49.3641 -5.41927 -2.31498
      vertex 48.6473 -3.68872 -2.31498
      vertex 49.8754 -3.2897 -4.09227
    endloop
  endfacet
  facet normal 0.156422 -0.0122993 -0.987614
    outer loop
      vertex 63.228 -0.511264 -8.61318
      vertex 61.0849 -0.171831 -8.95684
      vertex 63.2682 0 -8.61318
    endloop
  endfacet
  facet normal 0.165321 0.688642 -0.706003
    outer loop
      vertex 62.8097 8.64726 -5.64568
      vertex 61.4223 8.98033 -5.64568
      vertex 63.2897 10.1246 -4.09227
    endloop
  endfacet
  facet normal -0.544135 0.225393 -0.808155
    outer loop
      vertex 53.4823 3.32093 -6.93696
      vertex 51.3527 2.80967 -5.64568
      vertex 51.8987 4.1278 -5.64568
    endloop
  endfacet
  facet normal -0.0243132 0.308928 -0.950775
    outer loop
      vertex 59.4887 3.228 -8.61318
      vertex 59.1619 5.29161 -7.93431
      vertex 60 5.35757 -7.93431
    endloop
  endfacet
  facet normal -0.377994 0.912579 -0.155947
    outer loop
      vertex 55.7933 12.9469 1.73177
      vertex 53.6637 12.4356 3.90157
      vertex 55.6871 13.2737 3.90157
    endloop
  endfacet
  facet normal -0.615832 0.52597 -0.586606
    outer loop
      vertex 52.4724 7.52763 -4.09227
      vertex 50.3428 7.01637 -2.31498
      vertex 51.5593 8.44071 -2.31498
    endloop
  endfacet
  facet normal -0.0746196 0.948401 -0.308169
    outer loop
      vertex 60 12.9343 -0.357568
      vertex 57.9766 12.7751 -0.357568
      vertex 60 13.6132 1.73177
    endloop
  endfacet
  facet normal -0.912569 0.378012 -0.155962
    outer loop
      vertex 47.8706 6.18025 1.73177
      vertex 47.0531 4.2067 1.73177
      vertex 47.5644 6.33627 3.90157
    endloop
  endfacet
  facet normal -0.615832 0.525972 -0.586605
    outer loop
      vertex 51.3875 6.25738 -4.09227
      vertex 50.3428 7.01637 -2.31498
      vertex 52.4724 7.52763 -4.09227
    endloop
  endfacet
  facet normal -0.2378 0.388041 -0.890435
    outer loop
      vertex 56.8509 4.33436 -7.93431
      vertex 56.6791 6.51769 -6.93696
      vertex 57.5677 4.77363 -7.93431
    endloop
  endfacet
  facet normal -0.230604 0.96047 -0.155944
    outer loop
      vertex 57.8704 13.4456 1.73177
      vertex 55.7933 12.9469 1.73177
      vertex 57.8167 13.785 3.90157
    endloop
  endfacet
  facet normal -0.222087 0.925051 -0.308151
    outer loop
      vertex 57.9766 12.7751 -0.357568
      vertex 56.0031 12.3013 -0.357568
      vertex 57.8704 13.4456 1.73177
    endloop
  endfacet
  facet normal -0.654301 -0.271027 0.705999
    outer loop
      vertex 51.3527 -2.80967 15.6457
      vertex 49.8754 -3.2897 14.0923
      vertex 51.8987 -4.1278 15.6457
    endloop
  endfacet
  facet normal -0.497093 -0.811146 0.308125
    outer loop
      vertex 54.1279 -11.5246 10.3576
      vertex 52.3974 -10.4641 10.3576
      vertex 53.8197 -12.1294 8.26824
    endloop
  endfacet
  facet normal -0.44251 0.10626 0.890446
    outer loop
      vertex 54.9047 1.65558 17.9343
      vertex 52.7751 1.14431 16.937
      vertex 54.7084 0.838108 17.9343
    endloop
  endfacet
  facet normal 0.346055 0.295565 0.890442
    outer loop
      vertex 65.9179 4.29964 16.937
      vertex 63.7884 3.78837 17.9343
      vertex 64.3344 3.1491 17.9343
    endloop
  endfacet
  facet normal 0.271007 0.654296 -0.706011
    outer loop
      vertex 64.1278 8.10127 -5.64568
      vertex 63.2897 10.1246 -4.09227
      vertex 64.833 9.48537 -4.09227
    endloop
  endfacet
  facet normal 0.18908 0.787493 -0.586603
    outer loop
      vertex 63.2897 10.1246 -4.09227
      vertex 61.6654 10.5146 -4.09227
      vertex 61.8674 11.79 -2.31498
    endloop
  endfacet
  facet normal 0.447855 0.382504 -0.808157
    outer loop
      vertex 67.3558 5.3443 -5.64568
      vertex 65.9179 4.29964 -6.93696
      vertex 66.4292 6.42921 -5.64568
    endloop
  endfacet
  facet normal 0.152544 0.036616 0.987618
    outer loop
      vertex 63.1083 1.00994 18.6132
      vertex 61.0849 0.171831 18.9568
      vertex 63.228 0.511264 18.6132
    endloop
  endfacet
  facet normal 0.144933 0.060046 0.987618
    outer loop
      vertex 62.912 1.48375 18.6132
      vertex 61.0447 0.339432 18.9568
      vertex 63.1083 1.00994 18.6132
    endloop
  endfacet
  facet normal 0.587163 0.0462317 0.808147
    outer loop
      vertex 68.9803 1.42234 15.6457
      vertex 67.2249 1.14431 16.937
      vertex 67.315 0 16.937
    endloop
  endfacet
  facet normal 0.295542 0.346061 0.890447
    outer loop
      vertex 64.2996 5.91794 16.937
      vertex 63.7884 3.78837 17.9343
      vertex 65.1725 5.17247 16.937
    endloop
  endfacet
  facet normal 0.156396 0.0122972 0.987618
    outer loop
      vertex 63.228 0.511264 18.6132
      vertex 61.0849 0.171831 18.9568
      vertex 63.2682 0 18.6132
    endloop
  endfacet
  facet normal 0.688654 -0.165297 0.705997
    outer loop
      vertex 68.9803 -1.42234 15.6457
      vertex 68.6473 -2.80967 15.6457
      vertex 70.1246 -3.2897 14.0923
    endloop
  endfacet
  facet normal 0.587161 -0.0462351 0.808148
    outer loop
      vertex 69.0923 0 15.6457
      vertex 67.315 0 16.937
      vertex 68.9803 -1.42234 15.6457
    endloop
  endfacet
  facet normal 0.948402 0.0746208 0.308166
    outer loop
      vertex 73.6132 0 8.26824
      vertex 72.7751 2.02337 10.3576
      vertex 72.9343 0 10.3576
    endloop
  endfacet
  facet normal 0.615833 0.525971 0.586604
    outer loop
      vertex 68.4407 8.44071 12.315
      vertex 67.5276 7.52763 14.0923
      vertex 69.6572 7.01637 12.315
    endloop
  endfacet
  facet normal -0.572713 0.137468 0.808147
    outer loop
      vertex 51.3527 2.80967 15.6457
      vertex 51.0197 1.42234 15.6457
      vertex 52.7751 1.14431 16.937
    endloop
  endfacet
  facet normal 0.378004 0.912573 0.155958
    outer loop
      vertex 66.3363 12.4356 6.09843
      vertex 64.2067 12.9469 8.26824
      vertex 66.1803 12.1294 8.26824
    endloop
  endfacet
  facet normal -0.264247 -0.161895 0.95077
    outer loop
      vertex 57.088 -1.48375 18.6132
      vertex 55.6656 -3.1491 17.9343
      vertex 57.3559 -1.92102 18.6132
    endloop
  endfacet
  facet normal 0.641491 0.751111 0.155954
    outer loop
      vertex 68.2036 11.2913 6.09843
      vertex 68.0016 11.0133 8.26824
      vertex 69.626 9.62597 8.26824
    endloop
  endfacet
  facet normal 0.377994 0.912579 0.155946
    outer loop
      vertex 64.3129 13.2737 6.09843
      vertex 64.2067 12.9469 8.26824
      vertex 66.3363 12.4356 6.09843
    endloop
  endfacet
  facet normal 0.641484 0.751116 0.155963
    outer loop
      vertex 69.869 9.86898 6.09843
      vertex 68.2036 11.2913 6.09843
      vertex 69.626 9.62597 8.26824
    endloop
  endfacet
  facet normal 0.748229 -0.309919 -0.586603
    outer loop
      vertex 70.6359 -5.41927 -2.31498
      vertex 70.1246 -3.2897 -4.09227
      vertex 71.3527 -3.68872 -2.31498
    endloop
  endfacet
  facet normal 0.996918 0.0784447 0
    outer loop
      vertex 73.9568 0 6.09843
      vertex 73.785 2.18333 3.90157
      vertex 73.785 2.18333 6.09843
    endloop
  endfacet
  facet normal 0.996918 0.0784447 0
    outer loop
      vertex 73.785 2.18333 3.90157
      vertex 73.9568 0 6.09843
      vertex 73.9568 0 3.90157
    endloop
  endfacet
  facet normal 0.516111 0.842204 -0.155957
    outer loop
      vertex 68.2036 11.2913 3.90157
      vertex 66.1803 12.1294 1.73177
      vertex 66.3363 12.4356 3.90157
    endloop
  endfacet
  facet normal 0.516108 0.842206 -0.155953
    outer loop
      vertex 68.0016 11.0133 1.73177
      vertex 66.1803 12.1294 1.73177
      vertex 68.2036 11.2913 3.90157
    endloop
  endfacet
  facet normal 0.751106 0.641497 -0.155954
    outer loop
      vertex 71.0133 8.00163 1.73177
      vertex 69.626 9.62597 1.73177
      vertex 71.2913 8.20363 3.90157
    endloop
  endfacet
  facet normal 0.912577 0.377999 -0.155947
    outer loop
      vertex 72.9469 4.2067 1.73177
      vertex 72.4356 6.33627 3.90157
      vertex 73.2737 4.3129 3.90157
    endloop
  endfacet
  facet normal 0.852644 0.522492 0
    outer loop
      vertex 72.4356 6.33627 6.09843
      vertex 71.2913 8.20363 3.90157
      vertex 71.2913 8.20363 6.09843
    endloop
  endfacet
  facet normal 0.852644 0.522492 0
    outer loop
      vertex 71.2913 8.20363 3.90157
      vertex 72.4356 6.33627 6.09843
      vertex 72.4356 6.33627 3.90157
    endloop
  endfacet
  facet normal 0.760416 0.649437 0
    outer loop
      vertex 71.2913 8.20363 6.09843
      vertex 69.869 9.86898 3.90157
      vertex 69.869 9.86898 6.09843
    endloop
  endfacet
  facet normal 0.760416 0.649437 0
    outer loop
      vertex 69.869 9.86898 3.90157
      vertex 71.2913 8.20363 6.09843
      vertex 71.2913 8.20363 3.90157
    endloop
  endfacet
  facet normal 0.649431 0.760421 -0
    outer loop
      vertex 69.869 9.86898 3.90157
      vertex 68.2036 11.2913 6.09843
      vertex 69.869 9.86898 6.09843
    endloop
  endfacet
  facet normal 0.649431 0.760421 0
    outer loop
      vertex 68.2036 11.2913 6.09843
      vertex 69.869 9.86898 3.90157
      vertex 68.2036 11.2913 3.90157
    endloop
  endfacet
  facet normal 0.723382 0.617857 0.308174
    outer loop
      vertex 69.626 9.62597 8.26824
      vertex 69.1459 9.14594 10.3576
      vertex 70.4641 7.6026 10.3576
    endloop
  endfacet
  facet normal 0.538519 0.45994 0.706012
    outer loop
      vertex 67.5276 7.52763 14.0923
      vertex 67.3558 5.3443 15.6457
      vertex 68.6125 6.25738 14.0923
    endloop
  endfacet
  facet normal -0.760416 -0.649437 0
    outer loop
      vertex 50.131 -9.86898 3.90157
      vertex 48.7087 -8.20363 6.09843
      vertex 48.7087 -8.20363 3.90157
    endloop
  endfacet
  facet normal -0.760416 -0.649437 0
    outer loop
      vertex 48.7087 -8.20363 6.09843
      vertex 50.131 -9.86898 3.90157
      vertex 50.131 -9.86898 6.09843
    endloop
  endfacet
  facet normal -0.641484 -0.751116 0.155963
    outer loop
      vertex 50.374 -9.62597 8.26824
      vertex 50.131 -9.86898 6.09843
      vertex 51.7964 -11.2913 6.09843
    endloop
  endfacet
  facet normal -0.516111 -0.842204 0.155957
    outer loop
      vertex 53.8197 -12.1294 8.26824
      vertex 51.7964 -11.2913 6.09843
      vertex 53.6637 -12.4356 6.09843
    endloop
  endfacet
  facet normal 0.0462112 -0.587158 -0.808152
    outer loop
      vertex 61.4223 -8.98033 -5.64568
      vertex 60 -7.31498 -6.93696
      vertex 61.1443 -7.22492 -6.93696
    endloop
  endfacet
  facet normal -0.760187 -0.465841 0.452889
    outer loop
      vertex 50.3428 -7.01637 12.315
      vertex 49.3641 -5.41927 12.315
      vertex 49.5359 -7.6026 10.3576
    endloop
  endfacet
  facet normal -0.654298 -0.270988 0.706016
    outer loop
      vertex 51.8987 -4.1278 15.6457
      vertex 49.8754 -3.2897 14.0923
      vertex 50.5146 -4.83304 14.0923
    endloop
  endfacet
  facet normal -0.878931 -0.364061 0.308122
    outer loop
      vertex 48.4754 -5.87206 10.3576
      vertex 47.6987 -3.99692 10.3576
      vertex 47.8706 -6.18025 8.26824
    endloop
  endfacet
  facet normal -0.525991 -0.615825 0.586595
    outer loop
      vertex 53.7426 -8.61254 14.0923
      vertex 52.4724 -7.52763 14.0923
      vertex 52.9836 -9.6572 12.315
    endloop
  endfacet
  facet normal -0.925053 0.222082 0.308149
    outer loop
      vertex 47.6987 3.99692 10.3576
      vertex 46.5544 2.12957 8.26824
      vertex 47.2249 2.02337 10.3576
    endloop
  endfacet
  facet normal -0.866933 -0.208129 0.45289
    outer loop
      vertex 48.21 -1.86735 12.315
      vertex 47.2249 -2.02337 10.3576
      vertex 47.6987 -3.99692 10.3576
    endloop
  endfacet
  facet normal -0.748251 0.309901 0.586584
    outer loop
      vertex 50.5146 4.83304 14.0923
      vertex 49.3641 5.41927 12.315
      vertex 49.8754 3.2897 14.0923
    endloop
  endfacet
  facet normal 0.370028 0.603832 0.706021
    outer loop
      vertex 66.2574 8.61254 14.0923
      vertex 64.1278 8.10127 15.6457
      vertex 65.3443 7.3558 15.6457
    endloop
  endfacet
  facet normal -0.923881 0.382681 0
    outer loop
      vertex 46.7263 4.3129 3.90157
      vertex 47.5644 6.33627 6.09843
      vertex 47.5644 6.33627 3.90157
    endloop
  endfacet
  facet normal -0.923881 0.382681 0
    outer loop
      vertex 47.5644 6.33627 6.09843
      vertex 46.7263 4.3129 3.90157
      vertex 46.7263 4.3129 6.09843
    endloop
  endfacet
  facet normal 0.119305 0.101907 -0.987614
    outer loop
      vertex 62.6441 1.92102 -8.61318
      vertex 60.7767 0.776705 -8.95684
      vertex 62.311 2.31099 -8.61318
    endloop
  endfacet
  facet normal 0.442538 0.10622 -0.890437
    outer loop
      vertex 67.2249 1.14431 -6.93696
      vertex 65.0954 1.65558 -7.93431
      vertex 66.957 2.26045 -6.93696
    endloop
  endfacet
  facet normal 0.52599 0.615823 -0.586597
    outer loop
      vertex 67.5276 7.52763 -4.09227
      vertex 66.2574 8.61254 -4.09227
      vertex 67.0164 9.6572 -2.31498
    endloop
  endfacet
  facet normal 0.603836 0.370045 -0.706009
    outer loop
      vertex 68.1013 4.1278 -5.64568
      vertex 67.3558 5.3443 -5.64568
      vertex 68.6125 6.25738 -4.09227
    endloop
  endfacet
  facet normal 0.688656 0.165298 -0.705995
    outer loop
      vertex 68.9803 1.42234 -5.64568
      vertex 68.6473 2.80967 -5.64568
      vertex 70.1246 3.2897 -4.09227
    endloop
  endfacet
  facet normal 0.807376 0.0635576 -0.586604
    outer loop
      vertex 71.937 0 -2.31498
      vertex 70.6457 0 -4.09227
      vertex 71.79 1.86735 -2.31498
    endloop
  endfacet
  facet normal -0.388041 -0.23781 -0.890433
    outer loop
      vertex 54.0821 -4.29964 -6.93696
      vertex 53.4823 -3.32093 -6.93696
      vertex 55.6656 -3.1491 -7.93431
    endloop
  endfacet
  facet normal 0.222087 -0.925051 -0.308151
    outer loop
      vertex 62.1296 -13.4456 1.73177
      vertex 62.0234 -12.7751 -0.357568
      vertex 63.9969 -12.3013 -0.357568
    endloop
  endfacet
  facet normal 0.459949 -0.538502 -0.706019
    outer loop
      vertex 66.2574 -8.61254 -4.09227
      vertex 65.3443 -7.3558 -5.64568
      vertex 67.5276 -7.52763 -4.09227
    endloop
  endfacet
  facet normal 0.888817 0.0699687 -0.452889
    outer loop
      vertex 71.937 0 -2.31498
      vertex 71.79 1.86735 -2.31498
      vertex 72.7751 2.02337 -0.357568
    endloop
  endfacet
  facet normal 0.706015 -0.0555941 -0.706011
    outer loop
      vertex 70.6457 0 -4.09227
      vertex 68.9803 -1.42234 -5.64568
      vertex 69.0923 0 -5.64568
    endloop
  endfacet
  facet normal 0.0635559 -0.807376 -0.586604
    outer loop
      vertex 61.8674 -11.79 -2.31498
      vertex 60 -11.937 -2.31498
      vertex 60 -10.6457 -4.09227
    endloop
  endfacet
  facet normal 0.346069 -0.295577 -0.890433
    outer loop
      vertex 65.9179 -4.29964 -6.93696
      vertex 63.7884 -3.78837 -7.93431
      vertex 64.3344 -3.1491 -7.93431
    endloop
  endfacet
  facet normal 0.57271 0.137464 -0.808151
    outer loop
      vertex 67.2249 1.14431 -6.93696
      vertex 66.957 2.26045 -6.93696
      vertex 68.6473 2.80967 -5.64568
    endloop
  endfacet
  facet normal 0.787494 -0.189073 -0.586604
    outer loop
      vertex 71.3527 -3.68872 -2.31498
      vertex 70.1246 -3.2897 -4.09227
      vertex 71.79 -1.86735 -2.31498
    endloop
  endfacet
  facet normal 0.2378 -0.388041 -0.890435
    outer loop
      vertex 63.3209 -6.51769 -6.93696
      vertex 62.4323 -4.77363 -7.93431
      vertex 63.1491 -4.33436 -7.93431
    endloop
  endfacet
  facet normal 0.688656 -0.165298 -0.705995
    outer loop
      vertex 70.1246 -3.2897 -4.09227
      vertex 68.6473 -2.80967 -5.64568
      vertex 68.9803 -1.42234 -5.64568
    endloop
  endfacet
  facet normal 0.807376 -0.0635584 -0.586604
    outer loop
      vertex 71.79 -1.86735 -2.31498
      vertex 70.5146 -1.66535 -4.09227
      vertex 70.6457 0 -4.09227
    endloop
  endfacet
  facet normal 0.925053 0.222097 -0.308139
    outer loop
      vertex 73.4456 2.12957 1.73177
      vertex 72.3013 3.99692 -0.357568
      vertex 72.9469 4.2067 1.73177
    endloop
  endfacet
  facet normal 0.984722 0.0774989 -0.155936
    outer loop
      vertex 73.6132 0 1.73177
      vertex 73.4456 2.12957 1.73177
      vertex 73.9568 0 3.90157
    endloop
  endfacet
  facet normal 0.96047 -0.230604 -0.155946
    outer loop
      vertex 73.2737 -4.3129 3.90157
      vertex 72.9469 -4.2067 1.73177
      vertex 73.785 -2.18333 3.90157
    endloop
  endfacet
  facet normal 0.984722 -0.077499 0.155936
    outer loop
      vertex 73.6132 0 8.26824
      vertex 73.4456 -2.12957 8.26824
      vertex 73.9568 0 6.09843
    endloop
  endfacet
  facet normal 0.948406 -0.0746408 0.308148
    outer loop
      vertex 73.6132 0 8.26824
      vertex 72.7751 -2.02337 10.3576
      vertex 73.4456 -2.12957 8.26824
    endloop
  endfacet
  facet normal 0.948406 0.0746408 0.308148
    outer loop
      vertex 73.4456 2.12957 8.26824
      vertex 72.7751 2.02337 10.3576
      vertex 73.6132 0 8.26824
    endloop
  endfacet
  facet normal 0.925053 0.222082 0.308149
    outer loop
      vertex 73.4456 2.12957 8.26824
      vertex 72.3013 3.99692 10.3576
      vertex 72.7751 2.02337 10.3576
    endloop
  endfacet
  facet normal 0.677946 -0.579048 0.452871
    outer loop
      vertex 70.4641 -7.6026 10.3576
      vertex 68.4407 -8.44071 12.315
      vertex 69.1459 -9.14594 10.3576
    endloop
  endfacet
  facet normal 0.760187 -0.465841 0.452889
    outer loop
      vertex 70.6359 -5.41927 12.315
      vertex 69.6572 -7.01637 12.315
      vertex 70.4641 -7.6026 10.3576
    endloop
  endfacet
  facet normal 0.912569 -0.378012 0.155961
    outer loop
      vertex 72.9469 -4.2067 8.26824
      vertex 72.1294 -6.18025 8.26824
      vertex 72.4356 -6.33627 6.09843
    endloop
  endfacet
  facet normal 0.925053 -0.222082 0.308149
    outer loop
      vertex 72.7751 -2.02337 10.3576
      vertex 72.3013 -3.99692 10.3576
      vertex 73.4456 -2.12957 8.26824
    endloop
  endfacet
  facet normal 0.53852 -0.459939 0.706011
    outer loop
      vertex 67.3558 -5.3443 15.6457
      vertex 66.4292 -6.42921 15.6457
      vertex 67.5276 -7.52763 14.0923
    endloop
  endfacet
  facet normal 0.615833 -0.525973 0.586603
    outer loop
      vertex 68.6125 -6.25738 14.0923
      vertex 67.5276 -7.52763 14.0923
      vertex 69.6572 -7.01637 12.315
    endloop
  endfacet
  facet normal 0.522504 -0.852637 0
    outer loop
      vertex 66.3363 -12.4356 3.90157
      vertex 68.2036 -11.2913 6.09843
      vertex 66.3363 -12.4356 6.09843
    endloop
  endfacet
  facet normal 0.522504 -0.852637 0
    outer loop
      vertex 68.2036 -11.2913 6.09843
      vertex 66.3363 -12.4356 3.90157
      vertex 68.2036 -11.2913 3.90157
    endloop
  endfacet
  facet normal -0.823697 -0.341183 0.452899
    outer loop
      vertex 49.3641 -5.41927 12.315
      vertex 47.6987 -3.99692 10.3576
      vertex 48.4754 -5.87206 10.3576
    endloop
  endfacet
  facet normal -0.208134 -0.866933 0.452889
    outer loop
      vertex 58.1326 -11.79 12.315
      vertex 56.0031 -12.3013 10.3576
      vertex 57.9766 -12.7751 10.3576
    endloop
  endfacet
  facet normal -0.271025 -0.654295 0.706005
    outer loop
      vertex 57.1903 -8.64726 15.6457
      vertex 55.8722 -8.10127 15.6457
      vertex 56.7103 -10.1246 14.0923
    endloop
  endfacet
  facet normal -0.377994 -0.912579 0.155946
    outer loop
      vertex 55.7933 -12.9469 8.26824
      vertex 53.6637 -12.4356 6.09843
      vertex 55.6871 -13.2737 6.09843
    endloop
  endfacet
  facet normal 0.22541 -0.544142 0.808146
    outer loop
      vertex 63.3209 -6.51769 16.937
      vertex 62.2605 -6.95696 16.937
      vertex 62.8097 -8.64726 15.6457
    endloop
  endfacet
  facet normal 0.423142 -0.690539 0.586606
    outer loop
      vertex 66.2574 -8.61254 14.0923
      vertex 64.833 -9.48537 14.0923
      vertex 65.4193 -10.6359 12.315
    endloop
  endfacet
  facet normal -0.152544 -0.036616 0.987618
    outer loop
      vertex 58.9151 -0.171831 18.9568
      vertex 56.772 -0.511264 18.6132
      vertex 56.8917 -1.00994 18.6132
    endloop
  endfacet
  facet normal -0.370028 -0.603832 0.706021
    outer loop
      vertex 54.6557 -7.3558 15.6457
      vertex 53.7426 -8.61254 14.0923
      vertex 55.8722 -8.10127 15.6457
    endloop
  endfacet
  facet normal -0.26424 -0.161902 0.950771
    outer loop
      vertex 57.088 -1.48375 18.6132
      vertex 55.2264 -2.43228 17.9343
      vertex 55.6656 -3.1491 17.9343
    endloop
  endfacet
  facet normal 0.0123054 0.156394 0.987618
    outer loop
      vertex 60.5113 3.228 18.6132
      vertex 60 3.26823 18.6132
      vertex 60.1718 1.0849 18.9568
    endloop
  endfacet
  facet normal 0.0555772 -0.706012 0.706015
    outer loop
      vertex 61.4223 -8.98033 15.6457
      vertex 60 -10.6457 14.0923
      vertex 61.6654 -10.5146 14.0923
    endloop
  endfacet
  facet normal -0.28631 -0.118586 0.95077
    outer loop
      vertex 57.088 -1.48375 18.6132
      vertex 54.9047 -1.65558 17.9343
      vertex 55.2264 -2.43228 17.9343
    endloop
  endfacet
  facet normal 0.723407 -0.61784 -0.308151
    outer loop
      vertex 71.0133 -8.00163 1.73177
      vertex 69.626 -9.62597 1.73177
      vertex 70.4641 -7.6026 -0.357568
    endloop
  endfacet
  facet normal 0.948405 -0.0746407 -0.308151
    outer loop
      vertex 73.4456 -2.12957 1.73177
      vertex 72.7751 -2.02337 -0.357568
      vertex 73.6132 0 1.73177
    endloop
  endfacet
  facet normal 0.497076 -0.81115 0.308141
    outer loop
      vertex 67.6026 -10.4641 10.3576
      vertex 66.1803 -12.1294 8.26824
      vertex 68.0016 -11.0133 8.26824
    endloop
  endfacet
  facet normal 0.2221 -0.925053 0.308138
    outer loop
      vertex 63.9969 -12.3013 10.3576
      vertex 62.1296 -13.4456 8.26824
      vertex 64.2067 -12.9469 8.26824
    endloop
  endfacet
  facet normal 0.617837 -0.723414 0.30814
    outer loop
      vertex 69.626 -9.62597 8.26824
      vertex 67.6026 -10.4641 10.3576
      vertex 68.0016 -11.0133 8.26824
    endloop
  endfacet
  facet normal 0.75111 -0.641489 -0.155963
    outer loop
      vertex 69.869 -9.86898 3.90157
      vertex 69.626 -9.62597 1.73177
      vertex 71.2913 -8.20363 3.90157
    endloop
  endfacet
  facet normal -0.230601 -0.960471 0.155945
    outer loop
      vertex 55.7933 -12.9469 8.26824
      vertex 55.6871 -13.2737 6.09843
      vertex 57.8167 -13.785 6.09843
    endloop
  endfacet
  facet normal -0.0699329 -0.888833 0.452863
    outer loop
      vertex 60 -11.937 12.315
      vertex 57.9766 -12.7751 10.3576
      vertex 60 -12.9343 10.3576
    endloop
  endfacet
  facet normal 0.377994 -0.912579 0.155946
    outer loop
      vertex 66.3363 -12.4356 6.09843
      vertex 64.2067 -12.9469 8.26824
      vertex 64.3129 -13.2737 6.09843
    endloop
  endfacet
  facet normal 0.497093 -0.811146 0.308125
    outer loop
      vertex 67.6026 -10.4641 10.3576
      vertex 65.8721 -11.5246 10.3576
      vertex 66.1803 -12.1294 8.26824
    endloop
  endfacet
  facet normal 0.617855 -0.723384 -0.308173
    outer loop
      vertex 69.626 -9.62597 1.73177
      vertex 67.6026 -10.4641 -0.357568
      vertex 69.1459 -9.14594 -0.357568
    endloop
  endfacet
  facet normal 0.579047 -0.677948 -0.45287
    outer loop
      vertex 69.1459 -9.14594 -0.357568
      vertex 67.6026 -10.4641 -0.357568
      vertex 68.4407 -8.44071 -2.31498
    endloop
  endfacet
  facet normal 0.364051 -0.878934 -0.308126
    outer loop
      vertex 66.1803 -12.1294 1.73177
      vertex 63.9969 -12.3013 -0.357568
      vertex 65.8721 -11.5246 -0.357568
    endloop
  endfacet
  facet normal 0.341174 -0.823702 -0.452898
    outer loop
      vertex 65.8721 -11.5246 -0.357568
      vertex 63.9969 -12.3013 -0.357568
      vertex 65.4193 -10.6359 -2.31498
    endloop
  endfacet
  facet normal 0.641491 -0.751111 -0.155954
    outer loop
      vertex 68.2036 -11.2913 3.90157
      vertex 68.0016 -11.0133 1.73177
      vertex 69.626 -9.62597 1.73177
    endloop
  endfacet
  facet normal 0.497093 -0.811145 -0.308128
    outer loop
      vertex 66.1803 -12.1294 1.73177
      vertex 65.8721 -11.5246 -0.357568
      vertex 67.6026 -10.4641 -0.357568
    endloop
  endfacet
  facet normal -0.0635559 -0.807376 -0.586604
    outer loop
      vertex 60 -11.937 -2.31498
      vertex 58.1326 -11.79 -2.31498
      vertex 60 -10.6457 -4.09227
    endloop
  endfacet
  facet normal -0.497076 -0.811149 -0.308144
    outer loop
      vertex 53.8197 -12.1294 1.73177
      vertex 51.9984 -11.0133 1.73177
      vertex 52.3974 -10.4641 -0.357568
    endloop
  endfacet
  facet normal -0.866934 -0.208129 -0.452888
    outer loop
      vertex 47.6987 -3.99692 -0.357568
      vertex 47.2249 -2.02337 -0.357568
      vertex 48.21 -1.86735 -2.31498
    endloop
  endfacet
  facet normal -0.0699669 -0.888818 -0.452888
    outer loop
      vertex 60 -11.937 -2.31498
      vertex 57.9766 -12.7751 -0.357568
      vertex 58.1326 -11.79 -2.31498
    endloop
  endfacet
  facet normal -0.96047 -0.2306 0.155949
    outer loop
      vertex 46.5544 -2.12957 8.26824
      vertex 46.215 -2.18333 6.09843
      vertex 47.0531 -4.2067 8.26824
    endloop
  endfacet
  facet normal -0.925054 -0.222097 0.308136
    outer loop
      vertex 47.6987 -3.99692 10.3576
      vertex 46.5544 -2.12957 8.26824
      vertex 47.0531 -4.2067 8.26824
    endloop
  endfacet
  facet normal -0.948406 0.0746408 0.308148
    outer loop
      vertex 46.5544 2.12957 8.26824
      vertex 46.3868 0 8.26824
      vertex 47.2249 2.02337 10.3576
    endloop
  endfacet
  facet normal -0.84221 0.516098 0.155961
    outer loop
      vertex 48.7087 8.20363 6.09843
      vertex 47.5644 6.33627 6.09843
      vertex 47.8706 6.18025 8.26824
    endloop
  endfacet
  facet normal 0.423142 0.690539 0.586606
    outer loop
      vertex 65.4193 10.6359 12.315
      vertex 64.833 9.48537 14.0923
      vertex 66.2574 8.61254 14.0923
    endloop
  endfacet
  facet normal -0.787496 0.189073 0.586602
    outer loop
      vertex 48.6473 3.68872 12.315
      vertex 48.21 1.86735 12.315
      vertex 49.8754 3.2897 14.0923
    endloop
  endfacet
  facet normal -0.760416 0.649437 0
    outer loop
      vertex 48.7087 8.20363 3.90157
      vertex 50.131 9.86898 6.09843
      vertex 50.131 9.86898 3.90157
    endloop
  endfacet
  facet normal -0.760416 0.649437 0
    outer loop
      vertex 50.131 9.86898 6.09843
      vertex 48.7087 8.20363 3.90157
      vertex 48.7087 8.20363 6.09843
    endloop
  endfacet
  facet normal -0.811157 0.497059 -0.30815
    outer loop
      vertex 49.5359 7.6026 -0.357568
      vertex 47.8706 6.18025 1.73177
      vertex 48.9867 8.00163 1.73177
    endloop
  endfacet
  facet normal -0.912577 0.377999 -0.155947
    outer loop
      vertex 47.0531 4.2067 1.73177
      vertex 46.7263 4.3129 3.90157
      vertex 47.5644 6.33627 3.90157
    endloop
  endfacet
  facet normal -0.96047 0.2306 0.155949
    outer loop
      vertex 47.0531 4.2067 8.26824
      vertex 46.215 2.18333 6.09843
      vertex 46.5544 2.12957 8.26824
    endloop
  endfacet
  facet normal -0.96047 0.230604 -0.155946
    outer loop
      vertex 47.0531 4.2067 1.73177
      vertex 46.215 2.18333 3.90157
      vertex 46.7263 4.3129 3.90157
    endloop
  endfacet
  facet normal -0.96047 0.2306 -0.15595
    outer loop
      vertex 46.5544 2.12957 1.73177
      vertex 46.215 2.18333 3.90157
      vertex 47.0531 4.2067 1.73177
    endloop
  endfacet
  facet normal -0.888817 -0.0699687 -0.452889
    outer loop
      vertex 48.21 -1.86735 -2.31498
      vertex 47.2249 -2.02337 -0.357568
      vertex 48.063 0 -2.31498
    endloop
  endfacet
  facet normal -0.748229 0.309919 -0.586603
    outer loop
      vertex 49.8754 3.2897 -4.09227
      vertex 48.6473 3.68872 -2.31498
      vertex 49.3641 5.41927 -2.31498
    endloop
  endfacet
  facet normal -0.948405 0.0746407 -0.308151
    outer loop
      vertex 47.2249 2.02337 -0.357568
      vertex 46.3868 0 1.73177
      vertex 46.5544 2.12957 1.73177
    endloop
  endfacet
  facet normal -0.948401 0.0746207 -0.308169
    outer loop
      vertex 47.0657 0 -0.357568
      vertex 46.3868 0 1.73177
      vertex 47.2249 2.02337 -0.357568
    endloop
  endfacet
  facet normal -0.690531 0.423156 -0.586606
    outer loop
      vertex 51.3875 6.25738 -4.09227
      vertex 49.3641 5.41927 -2.31498
      vertex 50.3428 7.01637 -2.31498
    endloop
  endfacet
  facet normal -0.447881 0.382492 -0.808148
    outer loop
      vertex 54.0821 4.29964 -6.93696
      vertex 53.5708 6.42921 -5.64568
      vertex 54.8275 5.17247 -6.93696
    endloop
  endfacet
  facet normal -0.603836 0.370045 -0.706009
    outer loop
      vertex 51.8987 4.1278 -5.64568
      vertex 51.3875 6.25738 -4.09227
      vertex 52.6442 5.3443 -5.64568
    endloop
  endfacet
  facet normal -0.823698 0.341183 -0.452896
    outer loop
      vertex 49.3641 5.41927 -2.31498
      vertex 47.6987 3.99692 -0.357568
      vertex 48.4754 5.87206 -0.357568
    endloop
  endfacet
  facet normal -0.706015 0.0555941 -0.706011
    outer loop
      vertex 50.9077 0 -5.64568
      vertex 49.3543 0 -4.09227
      vertex 51.0197 1.42234 -5.64568
    endloop
  endfacet
  facet normal -0.587155 -0.0462347 -0.808153
    outer loop
      vertex 51.0197 -1.42234 -5.64568
      vertex 50.9077 0 -5.64568
      vertex 52.685 0 -6.93696
    endloop
  endfacet
  facet normal -0.4537 -0.0357283 -0.890438
    outer loop
      vertex 54.7084 -0.838108 -7.93431
      vertex 52.7751 -1.14431 -6.93696
      vertex 54.6424 0 -7.93431
    endloop
  endfacet
  facet normal -0.587155 0.0462347 -0.808153
    outer loop
      vertex 52.685 0 -6.93696
      vertex 50.9077 0 -5.64568
      vertex 51.0197 1.42234 -5.64568
    endloop
  endfacet
  facet normal -0.544135 -0.225406 -0.808151
    outer loop
      vertex 53.4823 -3.32093 -6.93696
      vertex 51.3527 -2.80967 -5.64568
      vertex 53.043 -2.26045 -6.93696
    endloop
  endfacet
  facet normal 0.060031 -0.14497 -0.987613
    outer loop
      vertex 61.4837 -2.91202 -8.61318
      vertex 60.3394 -1.04467 -8.95684
      vertex 60.4987 -0.978705 -8.95684
    endloop
  endfacet
  facet normal -0.208151 0.866922 -0.452901
    outer loop
      vertex 56.3113 11.3527 -2.31498
      vertex 56.0031 12.3013 -0.357568
      vertex 58.1326 11.79 -2.31498
    endloop
  endfacet
  facet normal -0.382504 0.447856 -0.808156
    outer loop
      vertex 55.7004 5.91794 -6.93696
      vertex 53.5708 6.42921 -5.64568
      vertex 54.6557 7.3558 -5.64568
    endloop
  endfacet
  facet normal -0.077486 0.984721 -0.155948
    outer loop
      vertex 57.8704 13.4456 1.73177
      vertex 57.8167 13.785 3.90157
      vertex 60 13.9568 3.90157
    endloop
  endfacet
  facet normal 0.0746197 0.948402 0.308166
    outer loop
      vertex 60 13.6132 8.26824
      vertex 60 12.9343 10.3576
      vertex 62.0234 12.7751 10.3576
    endloop
  endfacet
  facet normal -0.649431 0.760421 0
    outer loop
      vertex 51.7964 11.2913 3.90157
      vertex 50.131 9.86898 6.09843
      vertex 51.7964 11.2913 6.09843
    endloop
  endfacet
  facet normal -0.649431 0.760421 0
    outer loop
      vertex 50.131 9.86898 6.09843
      vertex 51.7964 11.2913 3.90157
      vertex 50.131 9.86898 3.90157
    endloop
  endfacet
  facet normal -0.579035 0.677951 0.452881
    outer loop
      vertex 52.3974 10.4641 10.3576
      vertex 51.5593 8.44071 12.315
      vertex 52.9836 9.6572 12.315
    endloop
  endfacet
  facet normal -0.18908 0.787493 -0.586603
    outer loop
      vertex 58.3346 10.5146 -4.09227
      vertex 56.7103 10.1246 -4.09227
      vertex 58.1326 11.79 -2.31498
    endloop
  endfacet
  facet normal -0.423159 0.690536 -0.586597
    outer loop
      vertex 53.7426 8.61254 -4.09227
      vertex 52.9836 9.6572 -2.31498
      vertex 54.5807 10.6359 -2.31498
    endloop
  endfacet
  facet normal 0.230604 0.96047 -0.155944
    outer loop
      vertex 64.2067 12.9469 1.73177
      vertex 62.1296 13.4456 1.73177
      vertex 62.1833 13.785 3.90157
    endloop
  endfacet
  facet normal 0.2221 0.925052 -0.308141
    outer loop
      vertex 63.9969 12.3013 -0.357568
      vertex 62.1296 13.4456 1.73177
      vertex 64.2067 12.9469 1.73177
    endloop
  endfacet
  facet normal 0.45994 0.538522 -0.706009
    outer loop
      vertex 66.4292 6.42921 -5.64568
      vertex 65.3443 7.3558 -5.64568
      vertex 67.5276 7.52763 -4.09227
    endloop
  endfacet
  facet normal 0.0635565 0.807376 -0.586604
    outer loop
      vertex 61.6654 10.5146 -4.09227
      vertex 60 10.6457 -4.09227
      vertex 61.8674 11.79 -2.31498
    endloop
  endfacet
  facet normal -0.688654 -0.165297 0.705997
    outer loop
      vertex 51.0197 -1.42234 15.6457
      vertex 49.8754 -3.2897 14.0923
      vertex 51.3527 -2.80967 15.6457
    endloop
  endfacet
  facet normal -0.447885 -0.382496 0.808143
    outer loop
      vertex 54.0821 -4.29964 16.937
      vertex 53.5708 -6.42921 15.6457
      vertex 54.8275 -5.17247 16.937
    endloop
  endfacet
  facet normal -0.156396 0.0122972 0.987618
    outer loop
      vertex 56.772 0.511264 18.6132
      vertex 56.7318 0 18.6132
      vertex 58.9151 0.171831 18.9568
    endloop
  endfacet
  facet normal -0.308931 -0.0242908 0.950774
    outer loop
      vertex 56.7318 0 18.6132
      vertex 54.6424 0 17.9343
      vertex 56.772 -0.511264 18.6132
    endloop
  endfacet
  facet normal 0.235645 0.201264 0.95077
    outer loop
      vertex 63.7884 3.78837 17.9343
      vertex 62.6441 1.92102 18.6132
      vertex 64.3344 3.1491 17.9343
    endloop
  endfacet
  facet normal 0.447885 0.382496 0.808143
    outer loop
      vertex 66.4292 6.42921 15.6457
      vertex 65.1725 5.17247 16.937
      vertex 65.9179 4.29964 16.937
    endloop
  endfacet
  facet normal 0.34117 0.823702 -0.4529
    outer loop
      vertex 65.4193 10.6359 -2.31498
      vertex 63.6887 11.3527 -2.31498
      vertex 63.9969 12.3013 -0.357568
    endloop
  endfacet
  facet normal 0.309912 0.748234 -0.586601
    outer loop
      vertex 65.4193 10.6359 -2.31498
      vertex 63.2897 10.1246 -4.09227
      vertex 63.6887 11.3527 -2.31498
    endloop
  endfacet
  facet normal 0.106236 0.44253 -0.890439
    outer loop
      vertex 61.6556 5.09535 -7.93431
      vertex 61.1443 7.22492 -6.93696
      vertex 62.2605 6.95696 -6.93696
    endloop
  endfacet
  facet normal -0.137486 0.572704 -0.808151
    outer loop
      vertex 57.7395 6.95696 -6.93696
      vertex 57.1903 8.64726 -5.64568
      vertex 58.8557 7.22492 -6.93696
    endloop
  endfacet
  facet normal 0.0555654 0.70601 -0.706019
    outer loop
      vertex 61.4223 8.98033 -5.64568
      vertex 60 9.09227 -5.64568
      vertex 60 10.6457 -4.09227
    endloop
  endfacet
  facet normal -0.201245 -0.235643 -0.950775
    outer loop
      vertex 58.079 -2.64406 -8.61318
      vertex 56.2116 -3.78837 -7.93431
      vertex 57.689 -2.31099 -8.61318
    endloop
  endfacet
  facet normal 0.133769 0.0820112 -0.987613
    outer loop
      vertex 60.9787 0.498675 -8.95684
      vertex 60.8886 0.645638 -8.95684
      vertex 62.912 1.48375 -8.61318
    endloop
  endfacet
  facet normal 0.453682 0.0357269 0.890447
    outer loop
      vertex 67.2249 1.14431 16.937
      vertex 65.2916 0.838108 17.9343
      vertex 65.3576 0 17.9343
    endloop
  endfacet
  facet normal 0.544141 -0.225408 0.808147
    outer loop
      vertex 66.957 -2.26045 16.937
      vertex 66.5177 -3.32093 16.937
      vertex 68.6473 -2.80967 15.6457
    endloop
  endfacet
  facet normal 0.235634 0.201271 0.950772
    outer loop
      vertex 63.7884 3.78837 17.9343
      vertex 62.311 2.31099 18.6132
      vertex 62.6441 1.92102 18.6132
    endloop
  endfacet
  facet normal -0.420426 0.17416 0.890455
    outer loop
      vertex 53.4823 3.32093 16.937
      vertex 53.043 2.26045 16.937
      vertex 54.9047 1.65558 17.9343
    endloop
  endfacet
  facet normal 0.156395 0.0122873 0.987618
    outer loop
      vertex 63.2682 0 18.6132
      vertex 61.0849 0.171831 18.9568
      vertex 61.0984 0 18.9568
    endloop
  endfacet
  facet normal 0.308931 -0.0242908 0.950774
    outer loop
      vertex 63.2682 0 18.6132
      vertex 63.228 -0.511264 18.6132
      vertex 65.3576 0 17.9343
    endloop
  endfacet
  facet normal 0.420442 0.174166 0.890446
    outer loop
      vertex 66.5177 3.32093 16.937
      vertex 65.0954 1.65558 17.9343
      vertex 66.957 2.26045 16.937
    endloop
  endfacet
  facet normal 0.26424 0.161902 0.950771
    outer loop
      vertex 64.3344 3.1491 17.9343
      vertex 62.912 1.48375 18.6132
      vertex 64.7736 2.43228 17.9343
    endloop
  endfacet
  facet normal 0.690529 0.423187 0.586586
    outer loop
      vertex 70.6359 5.41927 12.315
      vertex 68.6125 6.25738 14.0923
      vertex 69.4854 4.83304 14.0923
    endloop
  endfacet
  facet normal 0.579035 0.677951 0.452881
    outer loop
      vertex 67.6026 10.4641 10.3576
      vertex 67.0164 9.6572 12.315
      vertex 68.4407 8.44071 12.315
    endloop
  endfacet
  facet normal 0.807377 -0.0635585 0.586602
    outer loop
      vertex 70.6457 0 14.0923
      vertex 70.5146 -1.66535 14.0923
      vertex 71.79 -1.86735 12.315
    endloop
  endfacet
  facet normal 0.603824 0.37005 0.706017
    outer loop
      vertex 68.6125 6.25738 14.0923
      vertex 68.1013 4.1278 15.6457
      vertex 69.4854 4.83304 14.0923
    endloop
  endfacet
  facet normal 0.748251 0.309901 0.586584
    outer loop
      vertex 70.6359 5.41927 12.315
      vertex 69.4854 4.83304 14.0923
      vertex 70.1246 3.2897 14.0923
    endloop
  endfacet
  facet normal 0.823697 0.341178 0.452902
    outer loop
      vertex 72.3013 3.99692 10.3576
      vertex 70.6359 5.41927 12.315
      vertex 71.3527 3.68872 12.315
    endloop
  endfacet
  facet normal 0.787496 0.189073 0.586602
    outer loop
      vertex 71.3527 3.68872 12.315
      vertex 70.1246 3.2897 14.0923
      vertex 71.79 1.86735 12.315
    endloop
  endfacet
  facet normal 0.866923 0.208143 0.452903
    outer loop
      vertex 72.3013 3.99692 10.3576
      vertex 71.3527 3.68872 12.315
      vertex 71.79 1.86735 12.315
    endloop
  endfacet
  facet normal 0.617837 0.723414 0.30814
    outer loop
      vertex 68.0016 11.0133 8.26824
      vertex 67.6026 10.4641 10.3576
      vertex 69.626 9.62597 8.26824
    endloop
  endfacet
  facet normal 0.615833 0.525973 0.586603
    outer loop
      vertex 69.6572 7.01637 12.315
      vertex 67.5276 7.52763 14.0923
      vertex 68.6125 6.25738 14.0923
    endloop
  endfacet
  facet normal 0.465855 0.760172 0.452899
    outer loop
      vertex 65.8721 11.5246 10.3576
      vertex 65.4193 10.6359 12.315
      vertex 67.6026 10.4641 10.3576
    endloop
  endfacet
  facet normal 0.497076 0.81115 0.308141
    outer loop
      vertex 68.0016 11.0133 8.26824
      vertex 66.1803 12.1294 8.26824
      vertex 67.6026 10.4641 10.3576
    endloop
  endfacet
  facet normal 0.516111 0.842204 0.155957
    outer loop
      vertex 66.3363 12.4356 6.09843
      vertex 66.1803 12.1294 8.26824
      vertex 68.2036 11.2913 6.09843
    endloop
  endfacet
  facet normal 0.617855 0.723384 -0.308173
    outer loop
      vertex 69.1459 9.14594 -0.357568
      vertex 67.6026 10.4641 -0.357568
      vertex 69.626 9.62597 1.73177
    endloop
  endfacet
  facet normal 0.497093 0.811145 -0.308128
    outer loop
      vertex 67.6026 10.4641 -0.357568
      vertex 65.8721 11.5246 -0.357568
      vertex 66.1803 12.1294 1.73177
    endloop
  endfacet
  facet normal 0.364065 0.878923 -0.308142
    outer loop
      vertex 66.1803 12.1294 1.73177
      vertex 63.9969 12.3013 -0.357568
      vertex 64.2067 12.9469 1.73177
    endloop
  endfacet
  facet normal 0.378004 0.912573 -0.155958
    outer loop
      vertex 66.1803 12.1294 1.73177
      vertex 64.2067 12.9469 1.73177
      vertex 66.3363 12.4356 3.90157
    endloop
  endfacet
  facet normal 0.641491 0.751111 -0.155954
    outer loop
      vertex 69.626 9.62597 1.73177
      vertex 68.0016 11.0133 1.73177
      vertex 68.2036 11.2913 3.90157
    endloop
  endfacet
  facet normal 0.641483 0.751115 -0.155963
    outer loop
      vertex 69.626 9.62597 1.73177
      vertex 68.2036 11.2913 3.90157
      vertex 69.869 9.86898 3.90157
    endloop
  endfacet
  facet normal 0.842217 0.516091 0.155952
    outer loop
      vertex 71.2913 8.20363 6.09843
      vertex 71.0133 8.00163 8.26824
      vertex 72.1294 6.18025 8.26824
    endloop
  endfacet
  facet normal 0.522504 0.852637 -0
    outer loop
      vertex 68.2036 11.2913 3.90157
      vertex 66.3363 12.4356 6.09843
      vertex 68.2036 11.2913 6.09843
    endloop
  endfacet
  facet normal 0.522504 0.852637 0
    outer loop
      vertex 66.3363 12.4356 6.09843
      vertex 68.2036 11.2913 3.90157
      vertex 66.3363 12.4356 3.90157
    endloop
  endfacet
  facet normal 0.878931 0.364061 0.308122
    outer loop
      vertex 72.1294 6.18025 8.26824
      vertex 71.5246 5.87206 10.3576
      vertex 72.3013 3.99692 10.3576
    endloop
  endfacet
  facet normal 0.811158 0.497059 0.308147
    outer loop
      vertex 71.0133 8.00163 8.26824
      vertex 70.4641 7.6026 10.3576
      vertex 72.1294 6.18025 8.26824
    endloop
  endfacet
  facet normal -0.751111 -0.641489 0.155962
    outer loop
      vertex 50.374 -9.62597 8.26824
      vertex 48.7087 -8.20363 6.09843
      vertex 50.131 -9.86898 6.09843
    endloop
  endfacet
  facet normal -0.751106 -0.641497 0.155954
    outer loop
      vertex 48.9867 -8.00163 8.26824
      vertex 48.7087 -8.20363 6.09843
      vertex 50.374 -9.62597 8.26824
    endloop
  endfacet
  facet normal 0.077486 -0.984722 0.155947
    outer loop
      vertex 62.1296 -13.4456 8.26824
      vertex 60 -13.9568 6.09843
      vertex 62.1833 -13.785 6.09843
    endloop
  endfacet
  facet normal -0.522504 -0.852637 0
    outer loop
      vertex 51.7964 -11.2913 3.90157
      vertex 53.6637 -12.4356 6.09843
      vertex 51.7964 -11.2913 6.09843
    endloop
  endfacet
  facet normal -0.522504 -0.852637 -0
    outer loop
      vertex 53.6637 -12.4356 6.09843
      vertex 51.7964 -11.2913 3.90157
      vertex 53.6637 -12.4356 3.90157
    endloop
  endfacet
  facet normal -0.641491 -0.751111 0.155954
    outer loop
      vertex 51.9984 -11.0133 8.26824
      vertex 50.374 -9.62597 8.26824
      vertex 51.7964 -11.2913 6.09843
    endloop
  endfacet
  facet normal -0.516108 -0.842207 0.155952
    outer loop
      vertex 51.9984 -11.0133 8.26824
      vertex 51.7964 -11.2913 6.09843
      vertex 53.8197 -12.1294 8.26824
    endloop
  endfacet
  facet normal -0.811151 -0.497085 0.308123
    outer loop
      vertex 48.4754 -5.87206 10.3576
      vertex 47.8706 -6.18025 8.26824
      vertex 49.5359 -7.6026 10.3576
    endloop
  endfacet
  facet normal -0.811158 -0.497059 0.308147
    outer loop
      vertex 49.5359 -7.6026 10.3576
      vertex 47.8706 -6.18025 8.26824
      vertex 48.9867 -8.00163 8.26824
    endloop
  endfacet
  facet normal -0.787496 -0.189075 0.586601
    outer loop
      vertex 49.4854 -1.66535 14.0923
      vertex 48.21 -1.86735 12.315
      vertex 49.8754 -3.2897 14.0923
    endloop
  endfacet
  facet normal -0.866923 -0.208143 0.452903
    outer loop
      vertex 48.21 -1.86735 12.315
      vertex 47.6987 -3.99692 10.3576
      vertex 48.6473 -3.68872 12.315
    endloop
  endfacet
  facet normal -0.587161 0.0462351 0.808148
    outer loop
      vertex 51.0197 1.42234 15.6457
      vertex 50.9077 0 15.6457
      vertex 52.685 0 16.937
    endloop
  endfacet
  facet normal -0.174166 0.420438 0.890448
    outer loop
      vertex 57.7395 6.95696 16.937
      vertex 56.6791 6.51769 16.937
      vertex 58.3444 5.09535 17.9343
    endloop
  endfacet
  facet normal -0.502175 0.307757 0.80815
    outer loop
      vertex 54.0821 4.29964 16.937
      vertex 51.8987 4.1278 15.6457
      vertex 53.4823 3.32093 16.937
    endloop
  endfacet
  facet normal -0.587163 0.0462317 0.808147
    outer loop
      vertex 52.7751 1.14431 16.937
      vertex 51.0197 1.42234 15.6457
      vertex 52.685 0 16.937
    endloop
  endfacet
  facet normal 0.50217 0.307754 -0.808154
    outer loop
      vertex 66.5177 3.32093 -6.93696
      vertex 65.9179 4.29964 -6.93696
      vertex 68.1013 4.1278 -5.64568
    endloop
  endfacet
  facet normal 0.502171 0.307742 -0.808158
    outer loop
      vertex 68.1013 4.1278 -5.64568
      vertex 65.9179 4.29964 -6.93696
      vertex 67.3558 5.3443 -5.64568
    endloop
  endfacet
  facet normal 0.459949 0.538502 -0.706019
    outer loop
      vertex 67.5276 7.52763 -4.09227
      vertex 65.3443 7.3558 -5.64568
      vertex 66.2574 8.61254 -4.09227
    endloop
  endfacet
  facet normal 0.382504 0.447856 -0.808156
    outer loop
      vertex 66.4292 6.42921 -5.64568
      vertex 64.2996 5.91794 -6.93696
      vertex 65.3443 7.3558 -5.64568
    endloop
  endfacet
  facet normal 0.823698 0.341179 -0.4529
    outer loop
      vertex 71.3527 3.68872 -2.31498
      vertex 70.6359 5.41927 -2.31498
      vertex 72.3013 3.99692 -0.357568
    endloop
  endfacet
  facet normal 0.87892 0.364074 -0.308139
    outer loop
      vertex 72.3013 3.99692 -0.357568
      vertex 72.1294 6.18025 1.73177
      vertex 72.9469 4.2067 1.73177
    endloop
  endfacet
  facet normal 0.144947 -0.0600747 -0.987614
    outer loop
      vertex 62.912 -1.48375 -8.61318
      vertex 60.9787 -0.498675 -8.95684
      vertex 61.0447 -0.339432 -8.95684
    endloop
  endfacet
  facet normal 0.0366332 -0.152567 -0.987614
    outer loop
      vertex 60.5113 -3.228 -8.61318
      vertex 60.1718 -1.0849 -8.95684
      vertex 61.0099 -3.10828 -8.61318
    endloop
  endfacet
  facet normal -0.118589 -0.286291 -0.950776
    outer loop
      vertex 58.9901 -3.10828 -8.61318
      vertex 58.3444 -5.09535 -7.93431
      vertex 58.5163 -2.91202 -8.61318
    endloop
  endfacet
  facet normal -0.137486 -0.572704 -0.808151
    outer loop
      vertex 58.8557 -7.22492 -6.93696
      vertex 57.1903 -8.64726 -5.64568
      vertex 57.7395 -6.95696 -6.93696
    endloop
  endfacet
  facet normal 0.0555654 -0.70601 -0.706019
    outer loop
      vertex 61.4223 -8.98033 -5.64568
      vertex 60 -10.6457 -4.09227
      vertex 60 -9.09227 -5.64568
    endloop
  endfacet
  facet normal 0.0243069 -0.308927 -0.950775
    outer loop
      vertex 60.5113 -3.228 -8.61318
      vertex 60 -5.35757 -7.93431
      vertex 60 -3.26823 -8.61318
    endloop
  endfacet
  facet normal 0.453702 0.0357234 -0.890437
    outer loop
      vertex 67.315 0 -6.93696
      vertex 65.3576 0 -7.93431
      vertex 67.2249 1.14431 -6.93696
    endloop
  endfacet
  facet normal 0.0820105 -0.133772 -0.987613
    outer loop
      vertex 61.4837 -2.91202 -8.61318
      vertex 60.4987 -0.978705 -8.95684
      vertex 60.6456 -0.888646 -8.95684
    endloop
  endfacet
  facet normal 0.370029 -0.603834 -0.706019
    outer loop
      vertex 66.2574 -8.61254 -4.09227
      vertex 64.1278 -8.10127 -5.64568
      vertex 65.3443 -7.3558 -5.64568
    endloop
  endfacet
  facet normal 0.37002 -0.603848 -0.706011
    outer loop
      vertex 64.833 -9.48537 -4.09227
      vertex 64.1278 -8.10127 -5.64568
      vertex 66.2574 -8.61254 -4.09227
    endloop
  endfacet
  facet normal 0.688624 0.165336 -0.706017
    outer loop
      vertex 70.5146 1.66535 -4.09227
      vertex 68.9803 1.42234 -5.64568
      vertex 70.1246 3.2897 -4.09227
    endloop
  endfacet
  facet normal 0.572707 0.137467 -0.808152
    outer loop
      vertex 68.9803 1.42234 -5.64568
      vertex 67.2249 1.14431 -6.93696
      vertex 68.6473 2.80967 -5.64568
    endloop
  endfacet
  facet normal 0.690527 -0.423186 -0.586588
    outer loop
      vertex 70.6359 -5.41927 -2.31498
      vertex 68.6125 -6.25738 -4.09227
      vertex 69.4854 -4.83304 -4.09227
    endloop
  endfacet
  facet normal 0.615832 -0.52597 -0.586606
    outer loop
      vertex 68.4407 -8.44071 -2.31498
      vertex 67.5276 -7.52763 -4.09227
      vertex 69.6572 -7.01637 -2.31498
    endloop
  endfacet
  facet normal 0.74825 -0.3099 -0.586587
    outer loop
      vertex 70.6359 -5.41927 -2.31498
      vertex 69.4854 -4.83304 -4.09227
      vertex 70.1246 -3.2897 -4.09227
    endloop
  endfacet
  facet normal 0.307737 -0.502179 -0.808155
    outer loop
      vertex 64.1278 -8.10127 -5.64568
      vertex 63.3209 -6.51769 -6.93696
      vertex 64.2996 -5.91794 -6.93696
    endloop
  endfacet
  facet normal 0.677947 0.579049 -0.452869
    outer loop
      vertex 70.4641 7.6026 -0.357568
      vertex 68.4407 8.44071 -2.31498
      vertex 69.1459 9.14594 -0.357568
    endloop
  endfacet
  facet normal 0.96047 0.2306 -0.15595
    outer loop
      vertex 73.4456 2.12957 1.73177
      vertex 72.9469 4.2067 1.73177
      vertex 73.785 2.18333 3.90157
    endloop
  endfacet
  facet normal 0.807376 -0.0635576 -0.586604
    outer loop
      vertex 71.79 -1.86735 -2.31498
      vertex 70.6457 0 -4.09227
      vertex 71.937 0 -2.31498
    endloop
  endfacet
  facet normal 0.6543 0.270989 -0.706014
    outer loop
      vertex 70.1246 3.2897 -4.09227
      vertex 68.1013 4.1278 -5.64568
      vertex 69.4854 4.83304 -4.09227
    endloop
  endfacet
  facet normal 0.912577 -0.377999 -0.155947
    outer loop
      vertex 73.2737 -4.3129 3.90157
      vertex 72.4356 -6.33627 3.90157
      vertex 72.9469 -4.2067 1.73177
    endloop
  endfacet
  facet normal 0.984721 -0.0774849 0.155949
    outer loop
      vertex 73.9568 0 6.09843
      vertex 73.4456 -2.12957 8.26824
      vertex 73.785 -2.18333 6.09843
    endloop
  endfacet
  facet normal 0.96047 -0.230604 0.155945
    outer loop
      vertex 73.785 -2.18333 6.09843
      vertex 72.9469 -4.2067 8.26824
      vertex 73.2737 -4.3129 6.09843
    endloop
  endfacet
  facet normal 0.888833 0.069934 0.452863
    outer loop
      vertex 72.7751 2.02337 10.3576
      vertex 71.937 0 12.315
      vertex 72.9343 0 10.3576
    endloop
  endfacet
  facet normal 0.888833 -0.069934 0.452863
    outer loop
      vertex 72.9343 0 10.3576
      vertex 71.937 0 12.315
      vertex 72.7751 -2.02337 10.3576
    endloop
  endfacet
  facet normal 0.538519 -0.45994 0.706012
    outer loop
      vertex 68.6125 -6.25738 14.0923
      vertex 67.3558 -5.3443 15.6457
      vertex 67.5276 -7.52763 14.0923
    endloop
  endfacet
  facet normal 0.677953 -0.579026 0.452888
    outer loop
      vertex 69.6572 -7.01637 12.315
      vertex 68.4407 -8.44071 12.315
      vertex 70.4641 -7.6026 10.3576
    endloop
  endfacet
  facet normal 0.866923 -0.208143 0.452903
    outer loop
      vertex 71.79 -1.86735 12.315
      vertex 71.3527 -3.68872 12.315
      vertex 72.3013 -3.99692 10.3576
    endloop
  endfacet
  facet normal 0.866933 -0.208129 0.45289
    outer loop
      vertex 72.7751 -2.02337 10.3576
      vertex 71.79 -1.86735 12.315
      vertex 72.3013 -3.99692 10.3576
    endloop
  endfacet
  facet normal 0.760178 -0.465848 0.452897
    outer loop
      vertex 70.6359 -5.41927 12.315
      vertex 70.4641 -7.6026 10.3576
      vertex 71.5246 -5.87206 10.3576
    endloop
  endfacet
  facet normal 0.811151 -0.497085 0.308123
    outer loop
      vertex 71.5246 -5.87206 10.3576
      vertex 70.4641 -7.6026 10.3576
      vertex 72.1294 -6.18025 8.26824
    endloop
  endfacet
  facet normal 0.925054 -0.222097 0.308136
    outer loop
      vertex 73.4456 -2.12957 8.26824
      vertex 72.3013 -3.99692 10.3576
      vertex 72.9469 -4.2067 8.26824
    endloop
  endfacet
  facet normal 0.878921 -0.364074 0.308136
    outer loop
      vertex 72.3013 -3.99692 10.3576
      vertex 72.1294 -6.18025 8.26824
      vertex 72.9469 -4.2067 8.26824
    endloop
  endfacet
  facet normal 0.688622 -0.165335 0.70602
    outer loop
      vertex 70.5146 -1.66535 14.0923
      vertex 68.9803 -1.42234 15.6457
      vertex 70.1246 -3.2897 14.0923
    endloop
  endfacet
  facet normal 0.447859 -0.382508 0.808152
    outer loop
      vertex 67.3558 -5.3443 15.6457
      vertex 65.9179 -4.29964 16.937
      vertex 66.4292 -6.42921 15.6457
    endloop
  endfacet
  facet normal 0.641491 -0.751111 0.155954
    outer loop
      vertex 69.626 -9.62597 8.26824
      vertex 68.0016 -11.0133 8.26824
      vertex 68.2036 -11.2913 6.09843
    endloop
  endfacet
  facet normal 0.751106 -0.641497 0.155954
    outer loop
      vertex 71.0133 -8.00163 8.26824
      vertex 69.626 -9.62597 8.26824
      vertex 71.2913 -8.20363 6.09843
    endloop
  endfacet
  facet normal -0.459947 -0.538501 0.706021
    outer loop
      vertex 54.6557 -7.3558 15.6457
      vertex 52.4724 -7.52763 14.0923
      vertex 53.7426 -8.61254 14.0923
    endloop
  endfacet
  facet normal -0.459939 -0.53852 0.706011
    outer loop
      vertex 53.5708 -6.42921 15.6457
      vertex 52.4724 -7.52763 14.0923
      vertex 54.6557 -7.3558 15.6457
    endloop
  endfacet
  facet normal 0.18908 -0.787495 0.586601
    outer loop
      vertex 63.2897 -10.1246 14.0923
      vertex 61.6654 -10.5146 14.0923
      vertex 61.8674 -11.79 12.315
    endloop
  endfacet
  facet normal -0.0462119 -0.587164 0.808148
    outer loop
      vertex 60 -7.31498 16.937
      vertex 58.5777 -8.98033 15.6457
      vertex 60 -9.09227 15.6457
    endloop
  endfacet
  facet normal -0.0635566 -0.807378 0.586602
    outer loop
      vertex 58.3346 -10.5146 14.0923
      vertex 58.1326 -11.79 12.315
      vertex 60 -10.6457 14.0923
    endloop
  endfacet
  facet normal -0.063556 -0.807378 0.586602
    outer loop
      vertex 60 -10.6457 14.0923
      vertex 58.1326 -11.79 12.315
      vertex 60 -11.937 12.315
    endloop
  endfacet
  facet normal 0.0555653 -0.706008 0.706021
    outer loop
      vertex 60 -9.09227 15.6457
      vertex 60 -10.6457 14.0923
      vertex 61.4223 -8.98033 15.6457
    endloop
  endfacet
  facet normal 0.309913 -0.748235 0.586599
    outer loop
      vertex 65.4193 -10.6359 12.315
      vertex 63.2897 -10.1246 14.0923
      vertex 63.6887 -11.3527 12.315
    endloop
  endfacet
  facet normal 0.459939 -0.53852 0.706011
    outer loop
      vertex 66.4292 -6.42921 15.6457
      vertex 65.3443 -7.3558 15.6457
      vertex 67.5276 -7.52763 14.0923
    endloop
  endfacet
  facet normal 0.225397 -0.544141 0.80815
    outer loop
      vertex 63.3209 -6.51769 16.937
      vertex 62.8097 -8.64726 15.6457
      vertex 64.1278 -8.10127 15.6457
    endloop
  endfacet
  facet normal -0.119285 -0.101889 0.987618
    outer loop
      vertex 59.2233 -0.776705 18.9568
      vertex 57.3559 -1.92102 18.6132
      vertex 57.689 -2.31099 18.6132
    endloop
  endfacet
  facet normal 0.0462119 -0.587164 0.808148
    outer loop
      vertex 60 -7.31498 16.937
      vertex 60 -9.09227 15.6457
      vertex 61.4223 -8.98033 15.6457
    endloop
  endfacet
  facet normal 0.161912 -0.264234 0.950771
    outer loop
      vertex 61.921 -2.64406 18.6132
      vertex 61.4837 -2.91202 18.6132
      vertex 63.1491 -4.33436 17.9343
    endloop
  endfacet
  facet normal 0.119285 0.101889 0.987618
    outer loop
      vertex 62.311 2.31099 18.6132
      vertex 60.7767 0.776705 18.9568
      vertex 62.6441 1.92102 18.6132
    endloop
  endfacet
  facet normal -0.0366164 0.152545 0.987618
    outer loop
      vertex 59.8282 1.0849 18.9568
      vertex 58.9901 3.10828 18.6132
      vertex 59.6606 1.04467 18.9568
    endloop
  endfacet
  facet normal -0.382498 -0.447882 0.808144
    outer loop
      vertex 54.8275 -5.17247 16.937
      vertex 53.5708 -6.42921 15.6457
      vertex 55.7004 -5.91794 16.937
    endloop
  endfacet
  facet normal -0.237784 -0.388027 0.890446
    outer loop
      vertex 56.8509 -4.33436 17.9343
      vertex 55.7004 -5.91794 16.937
      vertex 56.6791 -6.51769 16.937
    endloop
  endfacet
  facet normal -0.271006 -0.654294 0.706014
    outer loop
      vertex 55.8722 -8.10127 15.6457
      vertex 55.167 -9.48537 14.0923
      vertex 56.7103 -10.1246 14.0923
    endloop
  endfacet
  facet normal -0.137487 -0.57271 0.808146
    outer loop
      vertex 57.7395 -6.95696 16.937
      vertex 57.1903 -8.64726 15.6457
      vertex 58.8557 -7.22492 16.937
    endloop
  endfacet
  facet normal 0.0723536 -0.301332 0.95077
    outer loop
      vertex 61.0099 -3.10828 18.6132
      vertex 60.5113 -3.228 18.6132
      vertex 60.8381 -5.29161 17.9343
    endloop
  endfacet
  facet normal 0.751106 -0.641497 -0.155954
    outer loop
      vertex 71.2913 -8.20363 3.90157
      vertex 69.626 -9.62597 1.73177
      vertex 71.0133 -8.00163 1.73177
    endloop
  endfacet
  facet normal 0.811157 -0.497059 -0.30815
    outer loop
      vertex 71.0133 -8.00163 1.73177
      vertex 70.4641 -7.6026 -0.357568
      vertex 72.1294 -6.18025 1.73177
    endloop
  endfacet
  facet normal 0.811158 -0.497059 0.308147
    outer loop
      vertex 72.1294 -6.18025 8.26824
      vertex 70.4641 -7.6026 10.3576
      vertex 71.0133 -8.00163 8.26824
    endloop
  endfacet
  facet normal 0.751111 -0.641489 0.155962
    outer loop
      vertex 71.2913 -8.20363 6.09843
      vertex 69.626 -9.62597 8.26824
      vertex 69.869 -9.86898 6.09843
    endloop
  endfacet
  facet normal -0.617856 -0.723385 0.30817
    outer loop
      vertex 50.8541 -9.14594 10.3576
      vertex 50.374 -9.62597 8.26824
      vertex 52.3974 -10.4641 10.3576
    endloop
  endfacet
  facet normal -0.208151 -0.866921 0.452903
    outer loop
      vertex 56.3113 -11.3527 12.315
      vertex 56.0031 -12.3013 10.3576
      vertex 58.1326 -11.79 12.315
    endloop
  endfacet
  facet normal -0.690532 -0.423157 0.586604
    outer loop
      vertex 51.3875 -6.25738 14.0923
      vertex 49.3641 -5.41927 12.315
      vertex 50.3428 -7.01637 12.315
    endloop
  endfacet
  facet normal -0.677946 -0.579048 0.452871
    outer loop
      vertex 51.5593 -8.44071 12.315
      vertex 49.5359 -7.6026 10.3576
      vertex 50.8541 -9.14594 10.3576
    endloop
  endfacet
  facet normal 0.233458 -0.972367 0
    outer loop
      vertex 62.1833 -13.785 3.90157
      vertex 64.3129 -13.2737 6.09843
      vertex 62.1833 -13.785 6.09843
    endloop
  endfacet
  facet normal 0.233458 -0.972367 0
    outer loop
      vertex 64.3129 -13.2737 6.09843
      vertex 62.1833 -13.785 3.90157
      vertex 64.3129 -13.2737 3.90157
    endloop
  endfacet
  facet normal 0.423141 -0.690538 -0.586608
    outer loop
      vertex 65.4193 -10.6359 -2.31498
      vertex 64.833 -9.48537 -4.09227
      vertex 66.2574 -8.61254 -4.09227
    endloop
  endfacet
  facet normal 0.465843 -0.76019 -0.452881
    outer loop
      vertex 67.6026 -10.4641 -0.357568
      vertex 65.4193 -10.6359 -2.31498
      vertex 67.0164 -9.6572 -2.31498
    endloop
  endfacet
  facet normal 0.516108 -0.842206 -0.155953
    outer loop
      vertex 68.2036 -11.2913 3.90157
      vertex 66.1803 -12.1294 1.73177
      vertex 68.0016 -11.0133 1.73177
    endloop
  endfacet
  facet normal 0.516111 -0.842204 -0.155957
    outer loop
      vertex 66.3363 -12.4356 3.90157
      vertex 66.1803 -12.1294 1.73177
      vertex 68.2036 -11.2913 3.90157
    endloop
  endfacet
  facet normal -0.309912 -0.748234 -0.586601
    outer loop
      vertex 56.3113 -11.3527 -2.31498
      vertex 54.5807 -10.6359 -2.31498
      vertex 56.7103 -10.1246 -4.09227
    endloop
  endfacet
  facet normal -0.688624 -0.165336 -0.706017
    outer loop
      vertex 49.8754 -3.2897 -4.09227
      vertex 49.4854 -1.66535 -4.09227
      vertex 51.0197 -1.42234 -5.64568
    endloop
  endfacet
  facet normal -0.96047 -0.2306 -0.15595
    outer loop
      vertex 47.0531 -4.2067 1.73177
      vertex 46.215 -2.18333 3.90157
      vertex 46.5544 -2.12957 1.73177
    endloop
  endfacet
  facet normal -0.87892 -0.364074 -0.308139
    outer loop
      vertex 47.8706 -6.18025 1.73177
      vertex 47.0531 -4.2067 1.73177
      vertex 47.6987 -3.99692 -0.357568
    endloop
  endfacet
  facet normal -0.925054 0.222097 0.308136
    outer loop
      vertex 47.0531 4.2067 8.26824
      vertex 46.5544 2.12957 8.26824
      vertex 47.6987 3.99692 10.3576
    endloop
  endfacet
  facet normal -0.948406 -0.0746408 0.308148
    outer loop
      vertex 47.2249 -2.02337 10.3576
      vertex 46.3868 0 8.26824
      vertex 46.5544 -2.12957 8.26824
    endloop
  endfacet
  facet normal -0.888833 -0.069934 0.452863
    outer loop
      vertex 48.063 0 12.315
      vertex 47.0657 0 10.3576
      vertex 47.2249 -2.02337 10.3576
    endloop
  endfacet
  facet normal 0.18908 0.787495 0.586601
    outer loop
      vertex 61.8674 11.79 12.315
      vertex 61.6654 10.5146 14.0923
      vertex 63.2897 10.1246 14.0923
    endloop
  endfacet
  facet normal -0.286307 0.118617 0.950767
    outer loop
      vertex 57.088 1.48375 18.6132
      vertex 54.9047 1.65558 17.9343
      vertex 56.8917 1.00994 18.6132
    endloop
  endfacet
  facet normal -0.760187 0.465841 0.452889
    outer loop
      vertex 49.5359 7.6026 10.3576
      vertex 49.3641 5.41927 12.315
      vertex 50.3428 7.01637 12.315
    endloop
  endfacet
  facet normal -0.382498 0.447882 0.808144
    outer loop
      vertex 55.7004 5.91794 16.937
      vertex 53.5708 6.42921 15.6457
      vertex 54.8275 5.17247 16.937
    endloop
  endfacet
  facet normal 0.0600208 0.144945 0.987618
    outer loop
      vertex 61.4837 2.91202 18.6132
      vertex 60.3394 1.04467 18.9568
      vertex 60.4987 0.978705 18.9568
    endloop
  endfacet
  facet normal 0.137489 0.572709 0.808147
    outer loop
      vertex 61.4223 8.98033 15.6457
      vertex 61.1443 7.22492 16.937
      vertex 62.8097 8.64726 15.6457
    endloop
  endfacet
  facet normal -0.516108 0.842206 -0.155953
    outer loop
      vertex 51.9984 11.0133 1.73177
      vertex 51.7964 11.2913 3.90157
      vertex 53.8197 12.1294 1.73177
    endloop
  endfacet
  facet normal -0.516111 0.842204 -0.155957
    outer loop
      vertex 53.8197 12.1294 1.73177
      vertex 51.7964 11.2913 3.90157
      vertex 53.6637 12.4356 3.90157
    endloop
  endfacet
  facet normal -0.641484 0.751116 0.155963
    outer loop
      vertex 51.7964 11.2913 6.09843
      vertex 50.131 9.86898 6.09843
      vertex 50.374 9.62597 8.26824
    endloop
  endfacet
  facet normal -0.641491 0.751111 -0.155954
    outer loop
      vertex 51.9984 11.0133 1.73177
      vertex 50.374 9.62597 1.73177
      vertex 51.7964 11.2913 3.90157
    endloop
  endfacet
  facet normal -0.641483 0.751115 -0.155963
    outer loop
      vertex 50.374 9.62597 1.73177
      vertex 50.131 9.86898 3.90157
      vertex 51.7964 11.2913 3.90157
    endloop
  endfacet
  facet normal -0.888834 0.069934 -0.45286
    outer loop
      vertex 48.063 0 -2.31498
      vertex 47.0657 0 -0.357568
      vertex 47.2249 2.02337 -0.357568
    endloop
  endfacet
  facet normal -0.925053 -0.222082 -0.308152
    outer loop
      vertex 47.6987 -3.99692 -0.357568
      vertex 46.5544 -2.12957 1.73177
      vertex 47.2249 -2.02337 -0.357568
    endloop
  endfacet
  facet normal -0.984722 0.0774989 -0.155936
    outer loop
      vertex 46.3868 0 1.73177
      vertex 46.0432 0 3.90157
      vertex 46.5544 2.12957 1.73177
    endloop
  endfacet
  facet normal -0.984722 -0.0774989 -0.155936
    outer loop
      vertex 46.5544 -2.12957 1.73177
      vertex 46.0432 0 3.90157
      vertex 46.3868 0 1.73177
    endloop
  endfacet
  facet normal -0.654303 0.271027 -0.705997
    outer loop
      vertex 51.3527 2.80967 -5.64568
      vertex 49.8754 3.2897 -4.09227
      vertex 51.8987 4.1278 -5.64568
    endloop
  endfacet
  facet normal -0.706009 0.0555786 -0.706018
    outer loop
      vertex 51.0197 1.42234 -5.64568
      vertex 49.3543 0 -4.09227
      vertex 49.4854 1.66535 -4.09227
    endloop
  endfacet
  facet normal -0.723407 0.61784 -0.308151
    outer loop
      vertex 49.5359 7.6026 -0.357568
      vertex 48.9867 8.00163 1.73177
      vertex 50.374 9.62597 1.73177
    endloop
  endfacet
  facet normal -0.751106 0.641497 -0.155954
    outer loop
      vertex 48.9867 8.00163 1.73177
      vertex 48.7087 8.20363 3.90157
      vertex 50.374 9.62597 1.73177
    endloop
  endfacet
  facet normal -0.888817 0.0699687 -0.452889
    outer loop
      vertex 48.063 0 -2.31498
      vertex 47.2249 2.02337 -0.357568
      vertex 48.21 1.86735 -2.31498
    endloop
  endfacet
  facet normal -0.807376 0.0635576 -0.586604
    outer loop
      vertex 49.3543 0 -4.09227
      vertex 48.063 0 -2.31498
      vertex 48.21 1.86735 -2.31498
    endloop
  endfacet
  facet normal -0.688624 0.165336 -0.706017
    outer loop
      vertex 51.0197 1.42234 -5.64568
      vertex 49.4854 1.66535 -4.09227
      vertex 49.8754 3.2897 -4.09227
    endloop
  endfacet
  facet normal -0.587157 0.0462313 -0.808151
    outer loop
      vertex 52.685 0 -6.93696
      vertex 51.0197 1.42234 -5.64568
      vertex 52.7751 1.14431 -6.93696
    endloop
  endfacet
  facet normal 0.0243069 0.308927 -0.950775
    outer loop
      vertex 60.5113 3.228 -8.61318
      vertex 60 3.26823 -8.61318
      vertex 60 5.35757 -7.93431
    endloop
  endfacet
  facet normal -0.53852 0.459942 -0.706009
    outer loop
      vertex 52.6442 5.3443 -5.64568
      vertex 51.3875 6.25738 -4.09227
      vertex 52.4724 7.52763 -4.09227
    endloop
  endfacet
  facet normal -0.587157 -0.0462313 -0.808151
    outer loop
      vertex 52.7751 -1.14431 -6.93696
      vertex 51.0197 -1.42234 -5.64568
      vertex 52.685 0 -6.93696
    endloop
  endfacet
  facet normal -0.286295 0.118613 -0.950771
    outer loop
      vertex 56.8917 1.00994 -8.61318
      vertex 54.9047 1.65558 -7.93431
      vertex 57.088 1.48375 -8.61318
    endloop
  endfacet
  facet normal -0.525976 0.615827 -0.586606
    outer loop
      vertex 52.4724 7.52763 -4.09227
      vertex 51.5593 8.44071 -2.31498
      vertex 52.9836 9.6572 -2.31498
    endloop
  endfacet
  facet normal -0.423141 0.690538 -0.586608
    outer loop
      vertex 55.167 9.48537 -4.09227
      vertex 53.7426 8.61254 -4.09227
      vertex 54.5807 10.6359 -2.31498
    endloop
  endfacet
  facet normal -0.0774979 0.984722 -0.155936
    outer loop
      vertex 60 13.6132 1.73177
      vertex 57.8704 13.4456 1.73177
      vertex 60 13.9568 3.90157
    endloop
  endfacet
  facet normal -0.0746397 0.948405 -0.308151
    outer loop
      vertex 57.9766 12.7751 -0.357568
      vertex 57.8704 13.4456 1.73177
      vertex 60 13.6132 1.73177
    endloop
  endfacet
  facet normal -0.0635559 0.807376 -0.586604
    outer loop
      vertex 60 10.6457 -4.09227
      vertex 58.1326 11.79 -2.31498
      vertex 60 11.937 -2.31498
    endloop
  endfacet
  facet normal -0.0699669 0.888818 -0.452888
    outer loop
      vertex 58.1326 11.79 -2.31498
      vertex 57.9766 12.7751 -0.357568
      vertex 60 11.937 -2.31498
    endloop
  endfacet
  facet normal 0.0774979 0.984722 -0.155936
    outer loop
      vertex 62.1296 13.4456 1.73177
      vertex 60 13.6132 1.73177
      vertex 60 13.9568 3.90157
    endloop
  endfacet
  facet normal 0.222087 0.925051 -0.308151
    outer loop
      vertex 63.9969 12.3013 -0.357568
      vertex 62.0234 12.7751 -0.357568
      vertex 62.1296 13.4456 1.73177
    endloop
  endfacet
  facet normal 0.165341 0.688625 -0.706015
    outer loop
      vertex 63.2897 10.1246 -4.09227
      vertex 61.4223 8.98033 -5.64568
      vertex 61.6654 10.5146 -4.09227
    endloop
  endfacet
  facet normal 0.0555773 0.706015 -0.706013
    outer loop
      vertex 61.4223 8.98033 -5.64568
      vertex 60 10.6457 -4.09227
      vertex 61.6654 10.5146 -4.09227
    endloop
  endfacet
  facet normal 0.133746 0.0819972 0.987618
    outer loop
      vertex 62.912 1.48375 18.6132
      vertex 60.8886 0.645638 18.9568
      vertex 60.9787 0.498675 18.9568
    endloop
  endfacet
  facet normal -0.364051 0.878935 0.308123
    outer loop
      vertex 56.0031 12.3013 10.3576
      vertex 53.8197 12.1294 8.26824
      vertex 54.1279 11.5246 10.3576
    endloop
  endfacet
  facet normal 0.465856 0.760173 -0.452897
    outer loop
      vertex 67.6026 10.4641 -0.357568
      vertex 65.4193 10.6359 -2.31498
      vertex 65.8721 11.5246 -0.357568
    endloop
  endfacet
  facet normal 0.341174 0.823702 -0.452898
    outer loop
      vertex 65.4193 10.6359 -2.31498
      vertex 63.9969 12.3013 -0.357568
      vertex 65.8721 11.5246 -0.357568
    endloop
  endfacet
  facet normal 0.309915 0.748231 -0.586604
    outer loop
      vertex 64.833 9.48537 -4.09227
      vertex 63.2897 10.1246 -4.09227
      vertex 65.4193 10.6359 -2.31498
    endloop
  endfacet
  facet normal 0.465843 0.76019 -0.452881
    outer loop
      vertex 67.0164 9.6572 -2.31498
      vertex 65.4193 10.6359 -2.31498
      vertex 67.6026 10.4641 -0.357568
    endloop
  endfacet
  facet normal 0.18908 0.787493 -0.586603
    outer loop
      vertex 63.2897 10.1246 -4.09227
      vertex 61.8674 11.79 -2.31498
      vertex 63.6887 11.3527 -2.31498
    endloop
  endfacet
  facet normal 0.208151 0.866922 -0.452901
    outer loop
      vertex 63.6887 11.3527 -2.31498
      vertex 61.8674 11.79 -2.31498
      vertex 63.9969 12.3013 -0.357568
    endloop
  endfacet
  facet normal 0.271026 0.654297 -0.706003
    outer loop
      vertex 64.1278 8.10127 -5.64568
      vertex 62.8097 8.64726 -5.64568
      vertex 63.2897 10.1246 -4.09227
    endloop
  endfacet
  facet normal 0.0243132 0.308928 -0.950775
    outer loop
      vertex 60.5113 3.228 -8.61318
      vertex 60 5.35757 -7.93431
      vertex 60.8381 5.29161 -7.93431
    endloop
  endfacet
  facet normal 0.237793 0.388042 -0.890437
    outer loop
      vertex 64.2996 5.91794 -6.93696
      vertex 63.1491 4.33436 -7.93431
      vertex 63.3209 6.51769 -6.93696
    endloop
  endfacet
  facet normal 0.174162 0.420465 -0.890436
    outer loop
      vertex 62.4323 4.77363 -7.93431
      vertex 61.6556 5.09535 -7.93431
      vertex 63.3209 6.51769 -6.93696
    endloop
  endfacet
  facet normal 0.286284 0.118612 -0.950775
    outer loop
      vertex 65.0954 1.65558 -7.93431
      vertex 62.912 1.48375 -8.61318
      vertex 64.7736 2.43228 -7.93431
    endloop
  endfacet
  facet normal 0.447881 0.382492 -0.808148
    outer loop
      vertex 65.9179 4.29964 -6.93696
      vertex 65.1725 5.17247 -6.93696
      vertex 66.4292 6.42921 -5.64568
    endloop
  endfacet
  facet normal 0.133788 0.081967 -0.987614
    outer loop
      vertex 62.912 1.48375 -8.61318
      vertex 60.8886 0.645638 -8.95684
      vertex 62.6441 1.92102 -8.61318
    endloop
  endfacet
  facet normal 0.346069 0.295577 -0.890433
    outer loop
      vertex 64.3344 3.1491 -7.93431
      vertex 63.7884 3.78837 -7.93431
      vertex 65.9179 4.29964 -6.93696
    endloop
  endfacet
  facet normal -0.364066 0.878923 0.308139
    outer loop
      vertex 55.7933 12.9469 8.26824
      vertex 53.8197 12.1294 8.26824
      vertex 56.0031 12.3013 10.3576
    endloop
  endfacet
  facet normal -0.152554 -0.0365909 0.987617
    outer loop
      vertex 58.9151 -0.171831 18.9568
      vertex 56.8917 -1.00994 18.6132
      vertex 58.9553 -0.339432 18.9568
    endloop
  endfacet
  facet normal 0.286295 0.118613 0.950771
    outer loop
      vertex 65.0954 1.65558 17.9343
      vertex 62.912 1.48375 18.6132
      vertex 63.1083 1.00994 18.6132
    endloop
  endfacet
  facet normal 0.286295 0.118617 0.950771
    outer loop
      vertex 64.7736 2.43228 17.9343
      vertex 62.912 1.48375 18.6132
      vertex 65.0954 1.65558 17.9343
    endloop
  endfacet
  facet normal 0.54414 -0.225396 0.808151
    outer loop
      vertex 68.6473 -2.80967 15.6457
      vertex 66.5177 -3.32093 16.937
      vertex 68.1013 -4.1278 15.6457
    endloop
  endfacet
  facet normal 0.572715 -0.137465 0.808146
    outer loop
      vertex 67.2249 -1.14431 16.937
      vertex 66.957 -2.26045 16.937
      vertex 68.6473 -2.80967 15.6457
    endloop
  endfacet
  facet normal 0.308939 0.0243286 0.950771
    outer loop
      vertex 65.2916 0.838108 17.9343
      vertex 63.228 0.511264 18.6132
      vertex 65.3576 0 17.9343
    endloop
  endfacet
  facet normal 0.301336 0.0723314 0.950771
    outer loop
      vertex 65.2916 0.838108 17.9343
      vertex 63.1083 1.00994 18.6132
      vertex 63.228 0.511264 18.6132
    endloop
  endfacet
  facet normal 0.54414 0.225396 0.808151
    outer loop
      vertex 68.1013 4.1278 15.6457
      vertex 66.5177 3.32093 16.937
      vertex 68.6473 2.80967 15.6457
    endloop
  endfacet
  facet normal 0.544141 0.225408 0.808147
    outer loop
      vertex 68.6473 2.80967 15.6457
      vertex 66.5177 3.32093 16.937
      vertex 66.957 2.26045 16.937
    endloop
  endfacet
  facet normal 0.301336 0.072323 0.950771
    outer loop
      vertex 65.0954 1.65558 17.9343
      vertex 63.1083 1.00994 18.6132
      vertex 65.2916 0.838108 17.9343
    endloop
  endfacet
  facet normal 0.453684 0.0357219 0.890446
    outer loop
      vertex 67.2249 1.14431 16.937
      vertex 65.3576 0 17.9343
      vertex 67.315 0 16.937
    endloop
  endfacet
  facet normal 0.603834 0.370044 0.706011
    outer loop
      vertex 68.6125 6.25738 14.0923
      vertex 67.3558 5.3443 15.6457
      vertex 68.1013 4.1278 15.6457
    endloop
  endfacet
  facet normal 0.502176 0.307745 0.808153
    outer loop
      vertex 67.3558 5.3443 15.6457
      vertex 65.9179 4.29964 16.937
      vertex 68.1013 4.1278 15.6457
    endloop
  endfacet
  facet normal 0.688654 0.165297 0.705997
    outer loop
      vertex 70.1246 3.2897 14.0923
      vertex 68.6473 2.80967 15.6457
      vertex 68.9803 1.42234 15.6457
    endloop
  endfacet
  facet normal 0.442519 0.106208 0.890447
    outer loop
      vertex 67.2249 1.14431 16.937
      vertex 65.0954 1.65558 17.9343
      vertex 65.2916 0.838108 17.9343
    endloop
  endfacet
  facet normal 0.787496 0.189075 0.586601
    outer loop
      vertex 71.79 1.86735 12.315
      vertex 70.1246 3.2897 14.0923
      vertex 70.5146 1.66535 14.0923
    endloop
  endfacet
  facet normal 0.807378 0.0635577 0.586602
    outer loop
      vertex 71.79 1.86735 12.315
      vertex 70.6457 0 14.0923
      vertex 71.937 0 12.315
    endloop
  endfacet
  facet normal 0.42316 0.690537 0.586595
    outer loop
      vertex 67.0164 9.6572 12.315
      vertex 65.4193 10.6359 12.315
      vertex 66.2574 8.61254 14.0923
    endloop
  endfacet
  facet normal -0.603824 0.37005 0.706017
    outer loop
      vertex 51.3875 6.25738 14.0923
      vertex 50.5146 4.83304 14.0923
      vertex 51.8987 4.1278 15.6457
    endloop
  endfacet
  facet normal 0.465843 0.760189 0.452883
    outer loop
      vertex 67.6026 10.4641 10.3576
      vertex 65.4193 10.6359 12.315
      vertex 67.0164 9.6572 12.315
    endloop
  endfacet
  facet normal 0.525977 0.615828 0.586603
    outer loop
      vertex 68.4407 8.44071 12.315
      vertex 67.0164 9.6572 12.315
      vertex 67.5276 7.52763 14.0923
    endloop
  endfacet
  facet normal 0.0784457 0.996918 -0
    outer loop
      vertex 62.1833 13.785 3.90157
      vertex 60 13.9568 6.09843
      vertex 62.1833 13.785 6.09843
    endloop
  endfacet
  facet normal 0.0784457 0.996918 0
    outer loop
      vertex 60 13.9568 6.09843
      vertex 62.1833 13.785 3.90157
      vertex 60 13.9568 3.90157
    endloop
  endfacet
  facet normal 0.230601 0.960471 -0.155946
    outer loop
      vertex 64.2067 12.9469 1.73177
      vertex 62.1833 13.785 3.90157
      vertex 64.3129 13.2737 3.90157
    endloop
  endfacet
  facet normal -0.208134 0.866933 0.452889
    outer loop
      vertex 57.9766 12.7751 10.3576
      vertex 56.0031 12.3013 10.3576
      vertex 58.1326 11.79 12.315
    endloop
  endfacet
  facet normal 0.0635566 0.807378 0.586602
    outer loop
      vertex 61.8674 11.79 12.315
      vertex 60 10.6457 14.0923
      vertex 61.6654 10.5146 14.0923
    endloop
  endfacet
  facet normal -0.233458 0.972367 0
    outer loop
      vertex 57.8167 13.785 3.90157
      vertex 55.6871 13.2737 6.09843
      vertex 57.8167 13.785 6.09843
    endloop
  endfacet
  facet normal -0.233458 0.972367 0
    outer loop
      vertex 55.6871 13.2737 6.09843
      vertex 57.8167 13.785 3.90157
      vertex 55.6871 13.2737 3.90157
    endloop
  endfacet
  facet normal 0.760187 0.465841 0.452889
    outer loop
      vertex 70.4641 7.6026 10.3576
      vertex 69.6572 7.01637 12.315
      vertex 70.6359 5.41927 12.315
    endloop
  endfacet
  facet normal 0.811151 0.497085 0.308123
    outer loop
      vertex 72.1294 6.18025 8.26824
      vertex 70.4641 7.6026 10.3576
      vertex 71.5246 5.87206 10.3576
    endloop
  endfacet
  facet normal -0.972366 -0.233461 0
    outer loop
      vertex 46.7263 -4.3129 3.90157
      vertex 46.215 -2.18333 6.09843
      vertex 46.215 -2.18333 3.90157
    endloop
  endfacet
  facet normal -0.972366 -0.233461 0
    outer loop
      vertex 46.215 -2.18333 6.09843
      vertex 46.7263 -4.3129 3.90157
      vertex 46.7263 -4.3129 6.09843
    endloop
  endfacet
  facet normal -0.641491 -0.751111 -0.155954
    outer loop
      vertex 51.7964 -11.2913 3.90157
      vertex 50.374 -9.62597 1.73177
      vertex 51.9984 -11.0133 1.73177
    endloop
  endfacet
  facet normal -0.34117 -0.823701 0.452902
    outer loop
      vertex 56.3113 -11.3527 12.315
      vertex 54.5807 -10.6359 12.315
      vertex 56.0031 -12.3013 10.3576
    endloop
  endfacet
  facet normal -0.077486 -0.984722 0.155947
    outer loop
      vertex 57.8704 -13.4456 8.26824
      vertex 57.8167 -13.785 6.09843
      vertex 60 -13.9568 6.09843
    endloop
  endfacet
  facet normal -0.465855 -0.760172 0.452899
    outer loop
      vertex 54.5807 -10.6359 12.315
      vertex 52.3974 -10.4641 10.3576
      vertex 54.1279 -11.5246 10.3576
    endloop
  endfacet
  facet normal -0.465843 -0.760189 0.452883
    outer loop
      vertex 52.9836 -9.6572 12.315
      vertex 52.3974 -10.4641 10.3576
      vertex 54.5807 -10.6359 12.315
    endloop
  endfacet
  facet normal -0.787496 -0.189073 0.586602
    outer loop
      vertex 49.8754 -3.2897 14.0923
      vertex 48.21 -1.86735 12.315
      vertex 48.6473 -3.68872 12.315
    endloop
  endfacet
  facet normal -0.690529 -0.423187 0.586586
    outer loop
      vertex 50.5146 -4.83304 14.0923
      vertex 49.3641 -5.41927 12.315
      vertex 51.3875 -6.25738 14.0923
    endloop
  endfacet
  facet normal -0.807378 -0.0635577 0.586602
    outer loop
      vertex 49.3543 0 14.0923
      vertex 48.063 0 12.315
      vertex 48.21 -1.86735 12.315
    endloop
  endfacet
  facet normal -0.807378 0.0635577 0.586602
    outer loop
      vertex 48.21 1.86735 12.315
      vertex 48.063 0 12.315
      vertex 49.3543 0 14.0923
    endloop
  endfacet
  facet normal -0.706013 -0.0555939 0.706013
    outer loop
      vertex 50.9077 0 15.6457
      vertex 49.3543 0 14.0923
      vertex 51.0197 -1.42234 15.6457
    endloop
  endfacet
  facet normal -0.587161 -0.0462351 0.808148
    outer loop
      vertex 52.685 0 16.937
      vertex 50.9077 0 15.6457
      vertex 51.0197 -1.42234 15.6457
    endloop
  endfacet
  facet normal 0.307738 0.502185 0.808151
    outer loop
      vertex 65.3443 7.3558 15.6457
      vertex 64.1278 8.10127 15.6457
      vertex 64.2996 5.91794 16.937
    endloop
  endfacet
  facet normal -0.453682 0.0357269 0.890447
    outer loop
      vertex 54.7084 0.838108 17.9343
      vertex 52.7751 1.14431 16.937
      vertex 54.6424 0 17.9343
    endloop
  endfacet
  facet normal 0.690527 0.423186 -0.586588
    outer loop
      vertex 69.4854 4.83304 -4.09227
      vertex 68.6125 6.25738 -4.09227
      vertex 70.6359 5.41927 -2.31498
    endloop
  endfacet
  facet normal 0.603826 0.370052 -0.706015
    outer loop
      vertex 69.4854 4.83304 -4.09227
      vertex 68.1013 4.1278 -5.64568
      vertex 68.6125 6.25738 -4.09227
    endloop
  endfacet
  facet normal 0.615832 0.52597 -0.586606
    outer loop
      vertex 69.6572 7.01637 -2.31498
      vertex 67.5276 7.52763 -4.09227
      vertex 68.4407 8.44071 -2.31498
    endloop
  endfacet
  facet normal 0.370029 0.603834 -0.706019
    outer loop
      vertex 65.3443 7.3558 -5.64568
      vertex 64.1278 8.10127 -5.64568
      vertex 66.2574 8.61254 -4.09227
    endloop
  endfacet
  facet normal 0.723382 0.617856 -0.308177
    outer loop
      vertex 70.4641 7.6026 -0.357568
      vertex 69.1459 9.14594 -0.357568
      vertex 69.626 9.62597 1.73177
    endloop
  endfacet
  facet normal 0.723407 0.61784 -0.308151
    outer loop
      vertex 70.4641 7.6026 -0.357568
      vertex 69.626 9.62597 1.73177
      vertex 71.0133 8.00163 1.73177
    endloop
  endfacet
  facet normal 0.442537 0.106212 -0.890438
    outer loop
      vertex 65.2916 0.838108 -7.93431
      vertex 65.0954 1.65558 -7.93431
      vertex 67.2249 1.14431 -6.93696
    endloop
  endfacet
  facet normal -0.677947 -0.579049 -0.452869
    outer loop
      vertex 50.8541 -9.14594 -0.357568
      vertex 49.5359 -7.6026 -0.357568
      vertex 51.5593 -8.44071 -2.31498
    endloop
  endfacet
  facet normal 0.235624 0.201263 -0.950776
    outer loop
      vertex 62.6441 1.92102 -8.61318
      vertex 62.311 2.31099 -8.61318
      vertex 63.7884 3.78837 -7.93431
    endloop
  endfacet
  facet normal -0.237793 -0.388042 -0.890437
    outer loop
      vertex 56.6791 -6.51769 -6.93696
      vertex 55.7004 -5.91794 -6.93696
      vertex 56.8509 -4.33436 -7.93431
    endloop
  endfacet
  facet normal 0.0123075 -0.156421 -0.987614
    outer loop
      vertex 60.5113 -3.228 -8.61318
      vertex 60 -3.26823 -8.61318
      vertex 60.1718 -1.0849 -8.95684
    endloop
  endfacet
  facet normal -0.0357071 -0.453701 -0.890438
    outer loop
      vertex 60 -5.35757 -7.93431
      vertex 58.8557 -7.22492 -6.93696
      vertex 59.1619 -5.29161 -7.93431
    endloop
  endfacet
  facet normal 0.688624 -0.165336 -0.706017
    outer loop
      vertex 70.1246 -3.2897 -4.09227
      vertex 68.9803 -1.42234 -5.64568
      vertex 70.5146 -1.66535 -4.09227
    endloop
  endfacet
  facet normal 0.346077 -0.295551 -0.890438
    outer loop
      vertex 65.1725 -5.17247 -6.93696
      vertex 63.7884 -3.78837 -7.93431
      vertex 65.9179 -4.29964 -6.93696
    endloop
  endfacet
  facet normal 0.118589 -0.286291 -0.950776
    outer loop
      vertex 61.6556 -5.09535 -7.93431
      vertex 61.0099 -3.10828 -8.61318
      vertex 61.4837 -2.91202 -8.61318
    endloop
  endfacet
  facet normal 0.10624 -0.44253 -0.890438
    outer loop
      vertex 61.1443 -7.22492 -6.93696
      vertex 60.8381 -5.29161 -7.93431
      vertex 61.6556 -5.09535 -7.93431
    endloop
  endfacet
  facet normal 0.442538 -0.10622 -0.890437
    outer loop
      vertex 66.957 -2.26045 -6.93696
      vertex 65.0954 -1.65558 -7.93431
      vertex 67.2249 -1.14431 -6.93696
    endloop
  endfacet
  facet normal 0.161905 -0.264223 -0.950775
    outer loop
      vertex 63.1491 -4.33436 -7.93431
      vertex 61.4837 -2.91202 -8.61318
      vertex 61.921 -2.64406 -8.61318
    endloop
  endfacet
  facet normal 0.208151 -0.866922 -0.452901
    outer loop
      vertex 63.9969 -12.3013 -0.357568
      vertex 61.8674 -11.79 -2.31498
      vertex 63.6887 -11.3527 -2.31498
    endloop
  endfacet
  facet normal 0.165341 -0.688625 -0.706015
    outer loop
      vertex 61.6654 -10.5146 -4.09227
      vertex 61.4223 -8.98033 -5.64568
      vertex 63.2897 -10.1246 -4.09227
    endloop
  endfacet
  facet normal 0.6543 -0.270989 -0.706014
    outer loop
      vertex 69.4854 -4.83304 -4.09227
      vertex 68.1013 -4.1278 -5.64568
      vertex 70.1246 -3.2897 -4.09227
    endloop
  endfacet
  facet normal 0.237793 -0.388042 -0.890437
    outer loop
      vertex 63.3209 -6.51769 -6.93696
      vertex 63.1491 -4.33436 -7.93431
      vertex 64.2996 -5.91794 -6.93696
    endloop
  endfacet
  facet normal 0.654303 0.271027 -0.705997
    outer loop
      vertex 68.6473 2.80967 -5.64568
      vertex 68.1013 4.1278 -5.64568
      vertex 70.1246 3.2897 -4.09227
    endloop
  endfacet
  facet normal 0.706015 0.0555941 -0.706011
    outer loop
      vertex 69.0923 0 -5.64568
      vertex 68.9803 1.42234 -5.64568
      vertex 70.6457 0 -4.09227
    endloop
  endfacet
  facet normal 0.74825 0.3099 -0.586587
    outer loop
      vertex 70.1246 3.2897 -4.09227
      vertex 69.4854 4.83304 -4.09227
      vertex 70.6359 5.41927 -2.31498
    endloop
  endfacet
  facet normal 0.748229 0.309919 -0.586603
    outer loop
      vertex 71.3527 3.68872 -2.31498
      vertex 70.1246 3.2897 -4.09227
      vertex 70.6359 5.41927 -2.31498
    endloop
  endfacet
  facet normal 0.603836 -0.370045 -0.706009
    outer loop
      vertex 68.6125 -6.25738 -4.09227
      vertex 67.3558 -5.3443 -5.64568
      vertex 68.1013 -4.1278 -5.64568
    endloop
  endfacet
  facet normal 0.615832 -0.525972 -0.586605
    outer loop
      vertex 69.6572 -7.01637 -2.31498
      vertex 67.5276 -7.52763 -4.09227
      vertex 68.6125 -6.25738 -4.09227
    endloop
  endfacet
  facet normal 0.760188 -0.465842 -0.452887
    outer loop
      vertex 70.4641 -7.6026 -0.357568
      vertex 69.6572 -7.01637 -2.31498
      vertex 70.6359 -5.41927 -2.31498
    endloop
  endfacet
  facet normal 0.677954 -0.579027 -0.452886
    outer loop
      vertex 70.4641 -7.6026 -0.357568
      vertex 68.4407 -8.44071 -2.31498
      vertex 69.6572 -7.01637 -2.31498
    endloop
  endfacet
  facet normal 0.787495 -0.189074 -0.586603
    outer loop
      vertex 71.79 -1.86735 -2.31498
      vertex 70.1246 -3.2897 -4.09227
      vertex 70.5146 -1.66535 -4.09227
    endloop
  endfacet
  facet normal 0.50217 -0.307754 -0.808154
    outer loop
      vertex 68.1013 -4.1278 -5.64568
      vertex 65.9179 -4.29964 -6.93696
      vertex 66.5177 -3.32093 -6.93696
    endloop
  endfacet
  facet normal 0.925053 -0.222097 -0.308139
    outer loop
      vertex 72.9469 -4.2067 1.73177
      vertex 72.3013 -3.99692 -0.357568
      vertex 73.4456 -2.12957 1.73177
    endloop
  endfacet
  facet normal 0.984721 0.0774849 -0.15595
    outer loop
      vertex 73.9568 0 3.90157
      vertex 73.4456 2.12957 1.73177
      vertex 73.785 2.18333 3.90157
    endloop
  endfacet
  facet normal 0.706009 0.0555786 -0.706018
    outer loop
      vertex 70.6457 0 -4.09227
      vertex 68.9803 1.42234 -5.64568
      vertex 70.5146 1.66535 -4.09227
    endloop
  endfacet
  facet normal 0.787494 0.189073 -0.586604
    outer loop
      vertex 71.79 1.86735 -2.31498
      vertex 70.1246 3.2897 -4.09227
      vertex 71.3527 3.68872 -2.31498
    endloop
  endfacet
  facet normal 0.888834 -0.069934 -0.45286
    outer loop
      vertex 72.7751 -2.02337 -0.357568
      vertex 71.937 0 -2.31498
      vertex 72.9343 0 -0.357568
    endloop
  endfacet
  facet normal 0.912569 -0.378012 -0.155962
    outer loop
      vertex 72.4356 -6.33627 3.90157
      vertex 72.1294 -6.18025 1.73177
      vertex 72.9469 -4.2067 1.73177
    endloop
  endfacet
  facet normal 0.888817 -0.0699687 -0.452889
    outer loop
      vertex 72.7751 -2.02337 -0.357568
      vertex 71.79 -1.86735 -2.31498
      vertex 71.937 0 -2.31498
    endloop
  endfacet
  facet normal 0.87892 -0.364074 -0.308139
    outer loop
      vertex 72.9469 -4.2067 1.73177
      vertex 72.1294 -6.18025 1.73177
      vertex 72.3013 -3.99692 -0.357568
    endloop
  endfacet
  facet normal 0.948401 -0.0746207 -0.308169
    outer loop
      vertex 73.6132 0 1.73177
      vertex 72.7751 -2.02337 -0.357568
      vertex 72.9343 0 -0.357568
    endloop
  endfacet
  facet normal 0.925053 -0.222082 -0.308152
    outer loop
      vertex 73.4456 -2.12957 1.73177
      vertex 72.3013 -3.99692 -0.357568
      vertex 72.7751 -2.02337 -0.357568
    endloop
  endfacet
  facet normal 0.923881 -0.382681 0
    outer loop
      vertex 72.4356 -6.33627 6.09843
      vertex 73.2737 -4.3129 3.90157
      vertex 73.2737 -4.3129 6.09843
    endloop
  endfacet
  facet normal 0.923881 -0.382681 0
    outer loop
      vertex 73.2737 -4.3129 3.90157
      vertex 72.4356 -6.33627 6.09843
      vertex 72.4356 -6.33627 3.90157
    endloop
  endfacet
  facet normal 0.271006 -0.654294 0.706014
    outer loop
      vertex 64.1278 -8.10127 15.6457
      vertex 63.2897 -10.1246 14.0923
      vertex 64.833 -9.48537 14.0923
    endloop
  endfacet
  facet normal 0.579046 -0.677947 0.452872
    outer loop
      vertex 68.4407 -8.44071 12.315
      vertex 67.6026 -10.4641 10.3576
      vertex 69.1459 -9.14594 10.3576
    endloop
  endfacet
  facet normal 0.690532 -0.423157 0.586604
    outer loop
      vertex 70.6359 -5.41927 12.315
      vertex 68.6125 -6.25738 14.0923
      vertex 69.6572 -7.01637 12.315
    endloop
  endfacet
  facet normal 0.690529 -0.423187 0.586586
    outer loop
      vertex 69.4854 -4.83304 14.0923
      vertex 68.6125 -6.25738 14.0923
      vertex 70.6359 -5.41927 12.315
    endloop
  endfacet
  facet normal 0.706007 -0.0555784 0.706021
    outer loop
      vertex 70.6457 0 14.0923
      vertex 68.9803 -1.42234 15.6457
      vertex 70.5146 -1.66535 14.0923
    endloop
  endfacet
  facet normal 0.453684 -0.0357219 0.890446
    outer loop
      vertex 67.315 0 16.937
      vertex 65.3576 0 17.9343
      vertex 67.2249 -1.14431 16.937
    endloop
  endfacet
  facet normal 0.442519 -0.106208 0.890447
    outer loop
      vertex 65.2916 -0.838108 17.9343
      vertex 65.0954 -1.65558 17.9343
      vertex 67.2249 -1.14431 16.937
    endloop
  endfacet
  facet normal 0.308939 -0.0243286 0.950771
    outer loop
      vertex 65.3576 0 17.9343
      vertex 63.228 -0.511264 18.6132
      vertex 65.2916 -0.838108 17.9343
    endloop
  endfacet
  facet normal 0.388026 -0.237801 0.890442
    outer loop
      vertex 66.5177 -3.32093 16.937
      vertex 64.3344 -3.1491 17.9343
      vertex 65.9179 -4.29964 16.937
    endloop
  endfacet
  facet normal 0.502175 -0.307757 0.80815
    outer loop
      vertex 66.5177 -3.32093 16.937
      vertex 65.9179 -4.29964 16.937
      vertex 68.1013 -4.1278 15.6457
    endloop
  endfacet
  facet normal 0.723407 -0.61784 0.308148
    outer loop
      vertex 70.4641 -7.6026 10.3576
      vertex 69.626 -9.62597 8.26824
      vertex 71.0133 -8.00163 8.26824
    endloop
  endfacet
  facet normal 0.723382 -0.617857 0.308174
    outer loop
      vertex 70.4641 -7.6026 10.3576
      vertex 69.1459 -9.14594 10.3576
      vertex 69.626 -9.62597 8.26824
    endloop
  endfacet
  facet normal 0.230604 -0.960471 0.155943
    outer loop
      vertex 64.2067 -12.9469 8.26824
      vertex 62.1296 -13.4456 8.26824
      vertex 62.1833 -13.785 6.09843
    endloop
  endfacet
  facet normal 0.649431 -0.760421 0
    outer loop
      vertex 68.2036 -11.2913 3.90157
      vertex 69.869 -9.86898 6.09843
      vertex 68.2036 -11.2913 6.09843
    endloop
  endfacet
  facet normal 0.649431 -0.760421 0
    outer loop
      vertex 69.869 -9.86898 6.09843
      vertex 68.2036 -11.2913 3.90157
      vertex 69.869 -9.86898 3.90157
    endloop
  endfacet
  facet normal -0.525977 -0.615828 0.586603
    outer loop
      vertex 52.4724 -7.52763 14.0923
      vertex 51.5593 -8.44071 12.315
      vertex 52.9836 -9.6572 12.315
    endloop
  endfacet
  facet normal -0.603834 -0.370044 0.706011
    outer loop
      vertex 51.8987 -4.1278 15.6457
      vertex 51.3875 -6.25738 14.0923
      vertex 52.6442 -5.3443 15.6457
    endloop
  endfacet
  facet normal -0.16532 -0.68864 0.706006
    outer loop
      vertex 57.1903 -8.64726 15.6457
      vertex 56.7103 -10.1246 14.0923
      vertex 58.5777 -8.98033 15.6457
    endloop
  endfacet
  facet normal -0.165341 -0.688623 0.706018
    outer loop
      vertex 58.5777 -8.98033 15.6457
      vertex 56.7103 -10.1246 14.0923
      vertex 58.3346 -10.5146 14.0923
    endloop
  endfacet
  facet normal -0.0699668 -0.888817 0.452891
    outer loop
      vertex 58.1326 -11.79 12.315
      vertex 57.9766 -12.7751 10.3576
      vertex 60 -11.937 12.315
    endloop
  endfacet
  facet normal 0.063556 -0.807378 0.586602
    outer loop
      vertex 60 -10.6457 14.0923
      vertex 60 -11.937 12.315
      vertex 61.8674 -11.79 12.315
    endloop
  endfacet
  facet normal 0.0784457 -0.996918 0
    outer loop
      vertex 60 -13.9568 3.90157
      vertex 62.1833 -13.785 6.09843
      vertex 60 -13.9568 6.09843
    endloop
  endfacet
  facet normal 0.0784457 -0.996918 0
    outer loop
      vertex 62.1833 -13.785 6.09843
      vertex 60 -13.9568 3.90157
      vertex 62.1833 -13.785 3.90157
    endloop
  endfacet
  facet normal 0.18908 -0.787495 0.586601
    outer loop
      vertex 63.2897 -10.1246 14.0923
      vertex 61.8674 -11.79 12.315
      vertex 63.6887 -11.3527 12.315
    endloop
  endfacet
  facet normal 0.137487 -0.57271 0.808146
    outer loop
      vertex 62.2605 -6.95696 16.937
      vertex 61.1443 -7.22492 16.937
      vertex 62.8097 -8.64726 15.6457
    endloop
  endfacet
  facet normal 0.0699329 -0.888833 0.452863
    outer loop
      vertex 60 -11.937 12.315
      vertex 60 -12.9343 10.3576
      vertex 62.0234 -12.7751 10.3576
    endloop
  endfacet
  facet normal -0.0555653 -0.706008 0.706021
    outer loop
      vertex 60 -9.09227 15.6457
      vertex 58.5777 -8.98033 15.6457
      vertex 60 -10.6457 14.0923
    endloop
  endfacet
  facet normal -0.0555772 -0.706012 0.706015
    outer loop
      vertex 58.5777 -8.98033 15.6457
      vertex 58.3346 -10.5146 14.0923
      vertex 60 -10.6457 14.0923
    endloop
  endfacet
  facet normal 0.465855 -0.760172 0.452899
    outer loop
      vertex 67.6026 -10.4641 10.3576
      vertex 65.4193 -10.6359 12.315
      vertex 65.8721 -11.5246 10.3576
    endloop
  endfacet
  facet normal 0.341173 -0.823701 0.4529
    outer loop
      vertex 65.4193 -10.6359 12.315
      vertex 63.9969 -12.3013 10.3576
      vertex 65.8721 -11.5246 10.3576
    endloop
  endfacet
  facet normal 0.307738 -0.502185 0.808151
    outer loop
      vertex 64.2996 -5.91794 16.937
      vertex 64.1278 -8.10127 15.6457
      vertex 65.3443 -7.3558 15.6457
    endloop
  endfacet
  facet normal 0.295549 -0.346059 0.890446
    outer loop
      vertex 63.7884 -3.78837 17.9343
      vertex 63.1491 -4.33436 17.9343
      vertex 64.2996 -5.91794 16.937
    endloop
  endfacet
  facet normal 0.309915 -0.748232 0.586601
    outer loop
      vertex 64.833 -9.48537 14.0923
      vertex 63.2897 -10.1246 14.0923
      vertex 65.4193 -10.6359 12.315
    endloop
  endfacet
  facet normal 0.465843 -0.760189 0.452883
    outer loop
      vertex 67.0164 -9.6572 12.315
      vertex 65.4193 -10.6359 12.315
      vertex 67.6026 -10.4641 10.3576
    endloop
  endfacet
  facet normal -0.0600362 -0.144936 0.987618
    outer loop
      vertex 59.6606 -1.04467 18.9568
      vertex 58.5163 -2.91202 18.6132
      vertex 58.9901 -3.10828 18.6132
    endloop
  endfacet
  facet normal 0.237784 -0.388027 0.890446
    outer loop
      vertex 64.2996 -5.91794 16.937
      vertex 63.1491 -4.33436 17.9343
      vertex 63.3209 -6.51769 16.937
    endloop
  endfacet
  facet normal 0.174155 -0.420448 0.890446
    outer loop
      vertex 62.4323 -4.77363 17.9343
      vertex 61.6556 -5.09535 17.9343
      vertex 63.3209 -6.51769 16.937
    endloop
  endfacet
  facet normal 0.23779 -0.388026 0.890445
    outer loop
      vertex 63.1491 -4.33436 17.9343
      vertex 62.4323 -4.77363 17.9343
      vertex 63.3209 -6.51769 16.937
    endloop
  endfacet
  facet normal -0.156395 -0.0122873 0.987618
    outer loop
      vertex 58.9016 0 18.9568
      vertex 56.7318 0 18.6132
      vertex 58.9151 -0.171831 18.9568
    endloop
  endfacet
  facet normal -0.156396 -0.0122972 0.987618
    outer loop
      vertex 58.9151 -0.171831 18.9568
      vertex 56.7318 0 18.6132
      vertex 56.772 -0.511264 18.6132
    endloop
  endfacet
  facet normal 0.0723418 -0.301332 0.950771
    outer loop
      vertex 61.0099 -3.10828 18.6132
      vertex 60.8381 -5.29161 17.9343
      vertex 61.6556 -5.09535 17.9343
    endloop
  endfacet
  facet normal -0.144922 -0.0600645 0.987618
    outer loop
      vertex 58.9553 -0.339432 18.9568
      vertex 57.088 -1.48375 18.6132
      vertex 59.0213 -0.498675 18.9568
    endloop
  endfacet
  facet normal -0.54414 -0.225396 0.808151
    outer loop
      vertex 53.4823 -3.32093 16.937
      vertex 51.3527 -2.80967 15.6457
      vertex 51.8987 -4.1278 15.6457
    endloop
  endfacet
  facet normal -0.538519 -0.45994 0.706012
    outer loop
      vertex 52.6442 -5.3443 15.6457
      vertex 51.3875 -6.25738 14.0923
      vertex 52.4724 -7.52763 14.0923
    endloop
  endfacet
  facet normal -0.53852 -0.459939 0.706011
    outer loop
      vertex 52.6442 -5.3443 15.6457
      vertex 52.4724 -7.52763 14.0923
      vertex 53.5708 -6.42921 15.6457
    endloop
  endfacet
  facet normal -0.346055 -0.295565 0.890442
    outer loop
      vertex 55.6656 -3.1491 17.9343
      vertex 54.0821 -4.29964 16.937
      vertex 56.2116 -3.78837 17.9343
    endloop
  endfacet
  facet normal -0.295542 -0.346061 0.890447
    outer loop
      vertex 56.2116 -3.78837 17.9343
      vertex 54.8275 -5.17247 16.937
      vertex 55.7004 -5.91794 16.937
    endloop
  endfacet
  facet normal -0.30774 -0.502184 0.80815
    outer loop
      vertex 56.6791 -6.51769 16.937
      vertex 55.7004 -5.91794 16.937
      vertex 55.8722 -8.10127 15.6457
    endloop
  endfacet
  facet normal -0.307738 -0.502185 0.808151
    outer loop
      vertex 55.7004 -5.91794 16.937
      vertex 54.6557 -7.3558 15.6457
      vertex 55.8722 -8.10127 15.6457
    endloop
  endfacet
  facet normal 0.264247 -0.161895 0.95077
    outer loop
      vertex 62.912 -1.48375 18.6132
      vertex 62.6441 -1.92102 18.6132
      vertex 64.3344 -3.1491 17.9343
    endloop
  endfacet
  facet normal 0.106235 -0.442513 0.890447
    outer loop
      vertex 61.6556 -5.09535 17.9343
      vertex 60.8381 -5.29161 17.9343
      vertex 61.1443 -7.22492 16.937
    endloop
  endfacet
  facet normal 0.760416 -0.649437 0
    outer loop
      vertex 69.869 -9.86898 6.09843
      vertex 71.2913 -8.20363 3.90157
      vertex 71.2913 -8.20363 6.09843
    endloop
  endfacet
  facet normal 0.760416 -0.649437 0
    outer loop
      vertex 71.2913 -8.20363 3.90157
      vertex 69.869 -9.86898 6.09843
      vertex 69.869 -9.86898 3.90157
    endloop
  endfacet
  facet normal 0.852644 -0.522492 0
    outer loop
      vertex 71.2913 -8.20363 6.09843
      vertex 72.4356 -6.33627 3.90157
      vertex 72.4356 -6.33627 6.09843
    endloop
  endfacet
  facet normal 0.852644 -0.522492 0
    outer loop
      vertex 72.4356 -6.33627 3.90157
      vertex 71.2913 -8.20363 6.09843
      vertex 71.2913 -8.20363 3.90157
    endloop
  endfacet
  facet normal 0.641484 -0.751116 0.155963
    outer loop
      vertex 69.626 -9.62597 8.26824
      vertex 68.2036 -11.2913 6.09843
      vertex 69.869 -9.86898 6.09843
    endloop
  endfacet
  facet normal 0.641483 -0.751115 -0.155963
    outer loop
      vertex 69.869 -9.86898 3.90157
      vertex 68.2036 -11.2913 3.90157
      vertex 69.626 -9.62597 1.73177
    endloop
  endfacet
  facet normal -0.370019 -0.603847 0.706014
    outer loop
      vertex 55.8722 -8.10127 15.6457
      vertex 53.7426 -8.61254 14.0923
      vertex 55.167 -9.48537 14.0923
    endloop
  endfacet
  facet normal -0.42316 -0.690537 0.586595
    outer loop
      vertex 53.7426 -8.61254 14.0923
      vertex 52.9836 -9.6572 12.315
      vertex 54.5807 -10.6359 12.315
    endloop
  endfacet
  facet normal -0.341173 -0.823701 0.4529
    outer loop
      vertex 54.5807 -10.6359 12.315
      vertex 54.1279 -11.5246 10.3576
      vertex 56.0031 -12.3013 10.3576
    endloop
  endfacet
  facet normal -0.364051 -0.878935 0.308123
    outer loop
      vertex 54.1279 -11.5246 10.3576
      vertex 53.8197 -12.1294 8.26824
      vertex 56.0031 -12.3013 10.3576
    endloop
  endfacet
  facet normal 0.0774979 -0.984722 0.155936
    outer loop
      vertex 60 -13.6132 8.26824
      vertex 60 -13.9568 6.09843
      vertex 62.1296 -13.4456 8.26824
    endloop
  endfacet
  facet normal -0.2221 -0.925053 0.308138
    outer loop
      vertex 56.0031 -12.3013 10.3576
      vertex 55.7933 -12.9469 8.26824
      vertex 57.8704 -13.4456 8.26824
    endloop
  endfacet
  facet normal 0.2221 -0.925052 -0.308141
    outer loop
      vertex 64.2067 -12.9469 1.73177
      vertex 62.1296 -13.4456 1.73177
      vertex 63.9969 -12.3013 -0.357568
    endloop
  endfacet
  facet normal 0.52599 -0.615823 -0.586597
    outer loop
      vertex 67.0164 -9.6572 -2.31498
      vertex 66.2574 -8.61254 -4.09227
      vertex 67.5276 -7.52763 -4.09227
    endloop
  endfacet
  facet normal 0.525976 -0.615827 -0.586606
    outer loop
      vertex 68.4407 -8.44071 -2.31498
      vertex 67.0164 -9.6572 -2.31498
      vertex 67.5276 -7.52763 -4.09227
    endloop
  endfacet
  facet normal 0.165321 -0.688642 -0.706003
    outer loop
      vertex 63.2897 -10.1246 -4.09227
      vertex 61.4223 -8.98033 -5.64568
      vertex 62.8097 -8.64726 -5.64568
    endloop
  endfacet
  facet normal 0.106236 -0.44253 -0.890439
    outer loop
      vertex 62.2605 -6.95696 -6.93696
      vertex 61.1443 -7.22492 -6.93696
      vertex 61.6556 -5.09535 -7.93431
    endloop
  endfacet
  facet normal 0.364065 -0.878923 -0.308142
    outer loop
      vertex 64.2067 -12.9469 1.73177
      vertex 63.9969 -12.3013 -0.357568
      vertex 66.1803 -12.1294 1.73177
    endloop
  endfacet
  facet normal 0.378004 -0.912573 -0.155958
    outer loop
      vertex 66.3363 -12.4356 3.90157
      vertex 64.2067 -12.9469 1.73177
      vertex 66.1803 -12.1294 1.73177
    endloop
  endfacet
  facet normal 0.497076 -0.811149 -0.308144
    outer loop
      vertex 68.0016 -11.0133 1.73177
      vertex 66.1803 -12.1294 1.73177
      vertex 67.6026 -10.4641 -0.357568
    endloop
  endfacet
  facet normal 0.617836 -0.723413 -0.308143
    outer loop
      vertex 68.0016 -11.0133 1.73177
      vertex 67.6026 -10.4641 -0.357568
      vertex 69.626 -9.62597 1.73177
    endloop
  endfacet
  facet normal -0.308927 0.0243276 -0.950775
    outer loop
      vertex 56.772 0.511264 -8.61318
      vertex 54.6424 0 -7.93431
      vertex 54.7084 0.838108 -7.93431
    endloop
  endfacet
  facet normal -0.688656 -0.165298 -0.705995
    outer loop
      vertex 51.3527 -2.80967 -5.64568
      vertex 49.8754 -3.2897 -4.09227
      vertex 51.0197 -1.42234 -5.64568
    endloop
  endfacet
  facet normal -0.57271 -0.137464 -0.808151
    outer loop
      vertex 53.043 -2.26045 -6.93696
      vertex 51.3527 -2.80967 -5.64568
      vertex 52.7751 -1.14431 -6.93696
    endloop
  endfacet
  facet normal -0.572707 -0.137467 -0.808152
    outer loop
      vertex 51.3527 -2.80967 -5.64568
      vertex 51.0197 -1.42234 -5.64568
      vertex 52.7751 -1.14431 -6.93696
    endloop
  endfacet
  facet normal -0.787494 -0.189073 -0.586604
    outer loop
      vertex 48.6473 -3.68872 -2.31498
      vertex 48.21 -1.86735 -2.31498
      vertex 49.8754 -3.2897 -4.09227
    endloop
  endfacet
  facet normal -0.787495 -0.189074 -0.586603
    outer loop
      vertex 49.8754 -3.2897 -4.09227
      vertex 48.21 -1.86735 -2.31498
      vertex 49.4854 -1.66535 -4.09227
    endloop
  endfacet
  facet normal -0.811158 0.497059 0.308147
    outer loop
      vertex 48.9867 8.00163 8.26824
      vertex 47.8706 6.18025 8.26824
      vertex 49.5359 7.6026 10.3576
    endloop
  endfacet
  facet normal -0.878931 0.364061 0.308122
    outer loop
      vertex 47.8706 6.18025 8.26824
      vertex 47.6987 3.99692 10.3576
      vertex 48.4754 5.87206 10.3576
    endloop
  endfacet
  facet normal -0.823697 0.341178 0.452902
    outer loop
      vertex 49.3641 5.41927 12.315
      vertex 47.6987 3.99692 10.3576
      vertex 48.6473 3.68872 12.315
    endloop
  endfacet
  facet normal -0.866923 0.208143 0.452903
    outer loop
      vertex 48.6473 3.68872 12.315
      vertex 47.6987 3.99692 10.3576
      vertex 48.21 1.86735 12.315
    endloop
  endfacet
  facet normal -0.641491 0.751111 0.155954
    outer loop
      vertex 51.7964 11.2913 6.09843
      vertex 50.374 9.62597 8.26824
      vertex 51.9984 11.0133 8.26824
    endloop
  endfacet
  facet normal -0.370028 0.603832 0.706021
    outer loop
      vertex 55.8722 8.10127 15.6457
      vertex 53.7426 8.61254 14.0923
      vertex 54.6557 7.3558 15.6457
    endloop
  endfacet
  facet normal -0.688622 0.165335 0.70602
    outer loop
      vertex 49.8754 3.2897 14.0923
      vertex 49.4854 1.66535 14.0923
      vertex 51.0197 1.42234 15.6457
    endloop
  endfacet
  facet normal -0.787496 0.189075 0.586601
    outer loop
      vertex 49.8754 3.2897 14.0923
      vertex 48.21 1.86735 12.315
      vertex 49.4854 1.66535 14.0923
    endloop
  endfacet
  facet normal 0.133765 0.0819531 0.987619
    outer loop
      vertex 62.6441 1.92102 18.6132
      vertex 60.8886 0.645638 18.9568
      vertex 62.912 1.48375 18.6132
    endloop
  endfacet
  facet normal 0.10188 0.119294 0.987618
    outer loop
      vertex 61.921 2.64406 18.6132
      vertex 60.7767 0.776705 18.9568
      vertex 62.311 2.31099 18.6132
    endloop
  endfacet
  facet normal -0.654301 0.271027 0.705999
    outer loop
      vertex 51.8987 4.1278 15.6457
      vertex 49.8754 3.2897 14.0923
      vertex 51.3527 2.80967 15.6457
    endloop
  endfacet
  facet normal -0.688654 0.165297 0.705997
    outer loop
      vertex 51.3527 2.80967 15.6457
      vertex 49.8754 3.2897 14.0923
      vertex 51.0197 1.42234 15.6457
    endloop
  endfacet
  facet normal -0.852644 0.522492 0
    outer loop
      vertex 47.5644 6.33627 3.90157
      vertex 48.7087 8.20363 6.09843
      vertex 48.7087 8.20363 3.90157
    endloop
  endfacet
  facet normal -0.852644 0.522492 0
    outer loop
      vertex 48.7087 8.20363 6.09843
      vertex 47.5644 6.33627 3.90157
      vertex 47.5644 6.33627 6.09843
    endloop
  endfacet
  facet normal -0.84221 0.516098 -0.155962
    outer loop
      vertex 47.8706 6.18025 1.73177
      vertex 47.5644 6.33627 3.90157
      vertex 48.7087 8.20363 3.90157
    endloop
  endfacet
  facet normal -0.807376 0.0635584 -0.586604
    outer loop
      vertex 49.3543 0 -4.09227
      vertex 48.21 1.86735 -2.31498
      vertex 49.4854 1.66535 -4.09227
    endloop
  endfacet
  facet normal -0.925053 0.222082 -0.308152
    outer loop
      vertex 47.2249 2.02337 -0.357568
      vertex 46.5544 2.12957 1.73177
      vertex 47.6987 3.99692 -0.357568
    endloop
  endfacet
  facet normal -0.866934 0.208129 -0.452888
    outer loop
      vertex 48.21 1.86735 -2.31498
      vertex 47.2249 2.02337 -0.357568
      vertex 47.6987 3.99692 -0.357568
    endloop
  endfacet
  facet normal -0.866924 0.208143 -0.452901
    outer loop
      vertex 48.21 1.86735 -2.31498
      vertex 47.6987 3.99692 -0.357568
      vertex 48.6473 3.68872 -2.31498
    endloop
  endfacet
  facet normal -0.984721 -0.0774849 -0.15595
    outer loop
      vertex 46.215 -2.18333 3.90157
      vertex 46.0432 0 3.90157
      vertex 46.5544 -2.12957 1.73177
    endloop
  endfacet
  facet normal -0.948405 -0.0746407 -0.308151
    outer loop
      vertex 46.5544 -2.12957 1.73177
      vertex 46.3868 0 1.73177
      vertex 47.2249 -2.02337 -0.357568
    endloop
  endfacet
  facet normal -0.996918 0.0784447 0
    outer loop
      vertex 46.0432 0 3.90157
      vertex 46.215 2.18333 6.09843
      vertex 46.215 2.18333 3.90157
    endloop
  endfacet
  facet normal -0.996918 0.0784447 0
    outer loop
      vertex 46.215 2.18333 6.09843
      vertex 46.0432 0 3.90157
      vertex 46.0432 0 6.09843
    endloop
  endfacet
  facet normal -0.984721 0.0774849 -0.15595
    outer loop
      vertex 46.5544 2.12957 1.73177
      vertex 46.0432 0 3.90157
      vertex 46.215 2.18333 3.90157
    endloop
  endfacet
  facet normal -0.603826 0.370052 -0.706015
    outer loop
      vertex 51.8987 4.1278 -5.64568
      vertex 50.5146 4.83304 -4.09227
      vertex 51.3875 6.25738 -4.09227
    endloop
  endfacet
  facet normal -0.690527 0.423186 -0.586588
    outer loop
      vertex 50.5146 4.83304 -4.09227
      vertex 49.3641 5.41927 -2.31498
      vertex 51.3875 6.25738 -4.09227
    endloop
  endfacet
  facet normal -0.465843 0.76019 -0.452881
    outer loop
      vertex 52.9836 9.6572 -2.31498
      vertex 52.3974 10.4641 -0.357568
      vertex 54.5807 10.6359 -2.31498
    endloop
  endfacet
  facet normal -0.497093 0.811145 -0.308128
    outer loop
      vertex 54.1279 11.5246 -0.357568
      vertex 52.3974 10.4641 -0.357568
      vertex 53.8197 12.1294 1.73177
    endloop
  endfacet
  facet normal -0.760179 0.465848 -0.452895
    outer loop
      vertex 49.3641 5.41927 -2.31498
      vertex 48.4754 5.87206 -0.357568
      vertex 49.5359 7.6026 -0.357568
    endloop
  endfacet
  facet normal -0.81115 0.497085 -0.308126
    outer loop
      vertex 48.4754 5.87206 -0.357568
      vertex 47.8706 6.18025 1.73177
      vertex 49.5359 7.6026 -0.357568
    endloop
  endfacet
  facet normal -0.787495 0.189074 -0.586603
    outer loop
      vertex 49.4854 1.66535 -4.09227
      vertex 48.21 1.86735 -2.31498
      vertex 49.8754 3.2897 -4.09227
    endloop
  endfacet
  facet normal -0.787494 0.189073 -0.586604
    outer loop
      vertex 49.8754 3.2897 -4.09227
      vertex 48.21 1.86735 -2.31498
      vertex 48.6473 3.68872 -2.31498
    endloop
  endfacet
  facet normal -0.346077 0.295551 -0.890438
    outer loop
      vertex 56.2116 3.78837 -7.93431
      vertex 54.0821 4.29964 -6.93696
      vertex 54.8275 5.17247 -6.93696
    endloop
  endfacet
  facet normal -0.295561 0.346073 -0.890437
    outer loop
      vertex 56.2116 3.78837 -7.93431
      vertex 55.7004 5.91794 -6.93696
      vertex 56.8509 4.33436 -7.93431
    endloop
  endfacet
  facet normal -0.382494 0.447877 -0.808148
    outer loop
      vertex 54.8275 5.17247 -6.93696
      vertex 53.5708 6.42921 -5.64568
      vertex 55.7004 5.91794 -6.93696
    endloop
  endfacet
  facet normal -0.45994 0.538522 -0.706009
    outer loop
      vertex 53.5708 6.42921 -5.64568
      vertex 52.4724 7.52763 -4.09227
      vertex 54.6557 7.3558 -5.64568
    endloop
  endfacet
  facet normal -0.286299 -0.118582 -0.950774
    outer loop
      vertex 55.2264 -2.43228 -7.93431
      vertex 54.9047 -1.65558 -7.93431
      vertex 57.088 -1.48375 -8.61318
    endloop
  endfacet
  facet normal -0.301325 0.0723575 -0.950772
    outer loop
      vertex 56.8917 1.00994 -8.61318
      vertex 54.7084 0.838108 -7.93431
      vertex 54.9047 1.65558 -7.93431
    endloop
  endfacet
  facet normal -0.572707 0.137467 -0.808152
    outer loop
      vertex 52.7751 1.14431 -6.93696
      vertex 51.0197 1.42234 -5.64568
      vertex 51.3527 2.80967 -5.64568
    endloop
  endfacet
  facet normal -0.442528 0.106264 -0.890437
    outer loop
      vertex 54.7084 0.838108 -7.93431
      vertex 52.7751 1.14431 -6.93696
      vertex 54.9047 1.65558 -7.93431
    endloop
  endfacet
  facet normal -0.459949 0.538502 -0.706019
    outer loop
      vertex 54.6557 7.3558 -5.64568
      vertex 52.4724 7.52763 -4.09227
      vertex 53.7426 8.61254 -4.09227
    endloop
  endfacet
  facet normal -0.370029 0.603834 -0.706019
    outer loop
      vertex 54.6557 7.3558 -5.64568
      vertex 53.7426 8.61254 -4.09227
      vertex 55.8722 8.10127 -5.64568
    endloop
  endfacet
  facet normal -0.341174 0.823702 -0.452898
    outer loop
      vertex 54.5807 10.6359 -2.31498
      vertex 54.1279 11.5246 -0.357568
      vertex 56.0031 12.3013 -0.357568
    endloop
  endfacet
  facet normal -0.37002 0.603848 -0.706011
    outer loop
      vertex 55.8722 8.10127 -5.64568
      vertex 53.7426 8.61254 -4.09227
      vertex 55.167 9.48537 -4.09227
    endloop
  endfacet
  facet normal -0.364065 0.878923 -0.308142
    outer loop
      vertex 56.0031 12.3013 -0.357568
      vertex 53.8197 12.1294 1.73177
      vertex 55.7933 12.9469 1.73177
    endloop
  endfacet
  facet normal -0.378004 0.912573 -0.155958
    outer loop
      vertex 53.8197 12.1294 1.73177
      vertex 53.6637 12.4356 3.90157
      vertex 55.7933 12.9469 1.73177
    endloop
  endfacet
  facet normal 0.0746397 0.948405 -0.308151
    outer loop
      vertex 62.0234 12.7751 -0.357568
      vertex 60 13.6132 1.73177
      vertex 62.1296 13.4456 1.73177
    endloop
  endfacet
  facet normal 0.0746196 0.948401 -0.308169
    outer loop
      vertex 62.0234 12.7751 -0.357568
      vertex 60 12.9343 -0.357568
      vertex 60 13.6132 1.73177
    endloop
  endfacet
  facet normal -0.069933 0.888834 -0.452861
    outer loop
      vertex 60 11.937 -2.31498
      vertex 57.9766 12.7751 -0.357568
      vertex 60 12.9343 -0.357568
    endloop
  endfacet
  facet normal -0.208134 0.866934 -0.452886
    outer loop
      vertex 58.1326 11.79 -2.31498
      vertex 56.0031 12.3013 -0.357568
      vertex 57.9766 12.7751 -0.357568
    endloop
  endfacet
  facet normal 0.0699669 0.888818 -0.452888
    outer loop
      vertex 61.8674 11.79 -2.31498
      vertex 60 11.937 -2.31498
      vertex 62.0234 12.7751 -0.357568
    endloop
  endfacet
  facet normal 0.0635559 0.807376 -0.586604
    outer loop
      vertex 61.8674 11.79 -2.31498
      vertex 60 10.6457 -4.09227
      vertex 60 11.937 -2.31498
    endloop
  endfacet
  facet normal -0.0819965 0.133749 0.987617
    outer loop
      vertex 59.5013 0.978705 18.9568
      vertex 58.5163 2.91202 18.6132
      vertex 59.3544 0.888646 18.9568
    endloop
  endfacet
  facet normal -0.0462119 0.587164 0.808148
    outer loop
      vertex 60 9.09227 15.6457
      vertex 58.5777 8.98033 15.6457
      vertex 60 7.31498 16.937
    endloop
  endfacet
  facet normal -0.301338 0.0723603 0.950768
    outer loop
      vertex 54.9047 1.65558 17.9343
      vertex 54.7084 0.838108 17.9343
      vertex 56.8917 1.00994 18.6132
    endloop
  endfacet
  facet normal -0.156395 0.0122873 0.987618
    outer loop
      vertex 58.9151 0.171831 18.9568
      vertex 56.7318 0 18.6132
      vertex 58.9016 0 18.9568
    endloop
  endfacet
  facet normal 0.174173 0.420454 -0.890439
    outer loop
      vertex 63.3209 6.51769 -6.93696
      vertex 61.6556 5.09535 -7.93431
      vertex 62.2605 6.95696 -6.93696
    endloop
  endfacet
  facet normal 0.10624 0.44253 -0.890438
    outer loop
      vertex 61.6556 5.09535 -7.93431
      vertex 60.8381 5.29161 -7.93431
      vertex 61.1443 7.22492 -6.93696
    endloop
  endfacet
  facet normal -0.161905 0.264223 -0.950775
    outer loop
      vertex 58.079 2.64406 -8.61318
      vertex 56.8509 4.33436 -7.93431
      vertex 58.5163 2.91202 -8.61318
    endloop
  endfacet
  facet normal 0.137486 0.572704 -0.808151
    outer loop
      vertex 62.2605 6.95696 -6.93696
      vertex 61.1443 7.22492 -6.93696
      vertex 62.8097 8.64726 -5.64568
    endloop
  endfacet
  facet normal 0.225408 0.544136 -0.80815
    outer loop
      vertex 63.3209 6.51769 -6.93696
      vertex 62.2605 6.95696 -6.93696
      vertex 62.8097 8.64726 -5.64568
    endloop
  endfacet
  facet normal 0.2378 0.388041 -0.890435
    outer loop
      vertex 63.1491 4.33436 -7.93431
      vertex 62.4323 4.77363 -7.93431
      vertex 63.3209 6.51769 -6.93696
    endloop
  endfacet
  facet normal 0.346077 0.295551 -0.890438
    outer loop
      vertex 65.9179 4.29964 -6.93696
      vertex 63.7884 3.78837 -7.93431
      vertex 65.1725 5.17247 -6.93696
    endloop
  endfacet
  facet normal 0.295554 0.346075 -0.890438
    outer loop
      vertex 65.1725 5.17247 -6.93696
      vertex 63.7884 3.78837 -7.93431
      vertex 64.2996 5.91794 -6.93696
    endloop
  endfacet
  facet normal 0.544135 0.225406 -0.808151
    outer loop
      vertex 66.957 2.26045 -6.93696
      vertex 66.5177 3.32093 -6.93696
      vertex 68.6473 2.80967 -5.64568
    endloop
  endfacet
  facet normal 0.420458 0.174173 -0.890437
    outer loop
      vertex 66.957 2.26045 -6.93696
      vertex 65.0954 1.65558 -7.93431
      vertex 66.5177 3.32093 -6.93696
    endloop
  endfacet
  facet normal 0.388041 0.23781 -0.890433
    outer loop
      vertex 66.5177 3.32093 -6.93696
      vertex 64.3344 3.1491 -7.93431
      vertex 65.9179 4.29964 -6.93696
    endloop
  endfacet
  facet normal 0.26423 0.161895 -0.950775
    outer loop
      vertex 64.7736 2.43228 -7.93431
      vertex 62.912 1.48375 -8.61318
      vertex 64.3344 3.1491 -7.93431
    endloop
  endfacet
  facet normal 0.301324 -0.0723285 -0.950775
    outer loop
      vertex 65.2916 -0.838108 -7.93431
      vertex 63.1083 -1.00994 -8.61318
      vertex 63.228 -0.511264 -8.61318
    endloop
  endfacet
  facet normal 0.144958 0.0600562 -0.987614
    outer loop
      vertex 63.1083 1.00994 -8.61318
      vertex 61.0447 0.339432 -8.95684
      vertex 62.912 1.48375 -8.61318
    endloop
  endfacet
  facet normal -0.133765 -0.0819531 0.987619
    outer loop
      vertex 59.1114 -0.645638 18.9568
      vertex 57.088 -1.48375 18.6132
      vertex 57.3559 -1.92102 18.6132
    endloop
  endfacet
  facet normal -0.271025 0.654295 0.706005
    outer loop
      vertex 56.7103 10.1246 14.0923
      vertex 55.8722 8.10127 15.6457
      vertex 57.1903 8.64726 15.6457
    endloop
  endfacet
  facet normal 0.201253 0.235652 0.950771
    outer loop
      vertex 63.7884 3.78837 17.9343
      vertex 61.921 2.64406 18.6132
      vertex 62.311 2.31099 18.6132
    endloop
  endfacet
  facet normal -0.690532 0.423157 0.586604
    outer loop
      vertex 50.3428 7.01637 12.315
      vertex 49.3641 5.41927 12.315
      vertex 51.3875 6.25738 14.0923
    endloop
  endfacet
  facet normal 0.264247 0.161895 0.95077
    outer loop
      vertex 64.3344 3.1491 17.9343
      vertex 62.6441 1.92102 18.6132
      vertex 62.912 1.48375 18.6132
    endloop
  endfacet
  facet normal -0.133746 0.0819972 0.987618
    outer loop
      vertex 59.1114 0.645638 18.9568
      vertex 57.088 1.48375 18.6132
      vertex 59.0213 0.498675 18.9568
    endloop
  endfacet
  facet normal 0.201253 -0.235652 0.950771
    outer loop
      vertex 62.311 -2.31099 18.6132
      vertex 61.921 -2.64406 18.6132
      vertex 63.7884 -3.78837 17.9343
    endloop
  endfacet
  facet normal 0.654301 0.271027 0.705999
    outer loop
      vertex 70.1246 3.2897 14.0923
      vertex 68.1013 4.1278 15.6457
      vertex 68.6473 2.80967 15.6457
    endloop
  endfacet
  facet normal 0.654298 0.270988 0.706016
    outer loop
      vertex 69.4854 4.83304 14.0923
      vertex 68.1013 4.1278 15.6457
      vertex 70.1246 3.2897 14.0923
    endloop
  endfacet
  facet normal 0.420421 0.174188 0.890452
    outer loop
      vertex 66.5177 3.32093 16.937
      vertex 64.7736 2.43228 17.9343
      vertex 65.0954 1.65558 17.9343
    endloop
  endfacet
  facet normal 0.388034 0.237751 0.890452
    outer loop
      vertex 66.5177 3.32093 16.937
      vertex 64.3344 3.1491 17.9343
      vertex 64.7736 2.43228 17.9343
    endloop
  endfacet
  facet normal 0.572713 0.137468 0.808147
    outer loop
      vertex 68.6473 2.80967 15.6457
      vertex 67.2249 1.14431 16.937
      vertex 68.9803 1.42234 15.6457
    endloop
  endfacet
  facet normal 0.572715 0.137465 0.808146
    outer loop
      vertex 68.6473 2.80967 15.6457
      vertex 66.957 2.26045 16.937
      vertex 67.2249 1.14431 16.937
    endloop
  endfacet
  facet normal 0.308931 0.0242908 0.950774
    outer loop
      vertex 65.3576 0 17.9343
      vertex 63.228 0.511264 18.6132
      vertex 63.2682 0 18.6132
    endloop
  endfacet
  facet normal 0.144933 -0.060046 0.987618
    outer loop
      vertex 63.1083 -1.00994 18.6132
      vertex 61.0447 -0.339432 18.9568
      vertex 62.912 -1.48375 18.6132
    endloop
  endfacet
  facet normal 0.453682 -0.0357269 0.890447
    outer loop
      vertex 65.3576 0 17.9343
      vertex 65.2916 -0.838108 17.9343
      vertex 67.2249 -1.14431 16.937
    endloop
  endfacet
  facet normal 0.44252 -0.106215 0.890446
    outer loop
      vertex 67.2249 -1.14431 16.937
      vertex 65.0954 -1.65558 17.9343
      vertex 66.957 -2.26045 16.937
    endloop
  endfacet
  facet normal 0.888816 0.0699687 0.452891
    outer loop
      vertex 72.7751 2.02337 10.3576
      vertex 71.79 1.86735 12.315
      vertex 71.937 0 12.315
    endloop
  endfacet
  facet normal 0.866933 0.208129 0.45289
    outer loop
      vertex 72.3013 3.99692 10.3576
      vertex 71.79 1.86735 12.315
      vertex 72.7751 2.02337 10.3576
    endloop
  endfacet
  facet normal 0.525991 0.615825 0.586595
    outer loop
      vertex 67.0164 9.6572 12.315
      vertex 66.2574 8.61254 14.0923
      vertex 67.5276 7.52763 14.0923
    endloop
  endfacet
  facet normal 0.459947 0.538501 0.706021
    outer loop
      vertex 66.2574 8.61254 14.0923
      vertex 65.3443 7.3558 15.6457
      vertex 67.5276 7.52763 14.0923
    endloop
  endfacet
  facet normal 0.230604 0.960471 0.155943
    outer loop
      vertex 62.1833 13.785 6.09843
      vertex 62.1296 13.4456 8.26824
      vertex 64.2067 12.9469 8.26824
    endloop
  endfacet
  facet normal 0.230601 0.960471 0.155945
    outer loop
      vertex 64.3129 13.2737 6.09843
      vertex 62.1833 13.785 6.09843
      vertex 64.2067 12.9469 8.26824
    endloop
  endfacet
  facet normal 0.760178 0.465848 0.452897
    outer loop
      vertex 71.5246 5.87206 10.3576
      vertex 70.4641 7.6026 10.3576
      vertex 70.6359 5.41927 12.315
    endloop
  endfacet
  facet normal 0.823697 0.341183 0.452899
    outer loop
      vertex 71.5246 5.87206 10.3576
      vertex 70.6359 5.41927 12.315
      vertex 72.3013 3.99692 10.3576
    endloop
  endfacet
  facet normal -0.912577 -0.377999 -0.155947
    outer loop
      vertex 47.5644 -6.33627 3.90157
      vertex 46.7263 -4.3129 3.90157
      vertex 47.0531 -4.2067 1.73177
    endloop
  endfacet
  facet normal -0.912569 -0.378012 -0.155962
    outer loop
      vertex 47.5644 -6.33627 3.90157
      vertex 47.0531 -4.2067 1.73177
      vertex 47.8706 -6.18025 1.73177
    endloop
  endfacet
  facet normal -0.912578 -0.377999 0.155946
    outer loop
      vertex 47.0531 -4.2067 8.26824
      vertex 46.7263 -4.3129 6.09843
      vertex 47.5644 -6.33627 6.09843
    endloop
  endfacet
  facet normal -0.230604 -0.960471 0.155943
    outer loop
      vertex 57.8704 -13.4456 8.26824
      vertex 55.7933 -12.9469 8.26824
      vertex 57.8167 -13.785 6.09843
    endloop
  endfacet
  facet normal -0.364066 -0.878923 0.308139
    outer loop
      vertex 56.0031 -12.3013 10.3576
      vertex 53.8197 -12.1294 8.26824
      vertex 55.7933 -12.9469 8.26824
    endloop
  endfacet
  facet normal -0.617837 -0.723414 0.30814
    outer loop
      vertex 52.3974 -10.4641 10.3576
      vertex 50.374 -9.62597 8.26824
      vertex 51.9984 -11.0133 8.26824
    endloop
  endfacet
  facet normal -0.497076 -0.81115 0.308141
    outer loop
      vertex 52.3974 -10.4641 10.3576
      vertex 51.9984 -11.0133 8.26824
      vertex 53.8197 -12.1294 8.26824
    endloop
  endfacet
  facet normal -0.706007 -0.0555784 0.706021
    outer loop
      vertex 51.0197 -1.42234 15.6457
      vertex 49.3543 0 14.0923
      vertex 49.4854 -1.66535 14.0923
    endloop
  endfacet
  facet normal -0.807377 -0.0635585 0.586602
    outer loop
      vertex 49.3543 0 14.0923
      vertex 48.21 -1.86735 12.315
      vertex 49.4854 -1.66535 14.0923
    endloop
  endfacet
  facet normal -0.888833 0.069934 0.452863
    outer loop
      vertex 47.2249 2.02337 10.3576
      vertex 47.0657 0 10.3576
      vertex 48.063 0 12.315
    endloop
  endfacet
  facet normal -0.888816 0.0699687 0.452891
    outer loop
      vertex 48.21 1.86735 12.315
      vertex 47.2249 2.02337 10.3576
      vertex 48.063 0 12.315
    endloop
  endfacet
  facet normal -0.152544 0.036616 0.987618
    outer loop
      vertex 56.8917 1.00994 18.6132
      vertex 56.772 0.511264 18.6132
      vertex 58.9151 0.171831 18.9568
    endloop
  endfacet
  facet normal -0.308939 0.0243286 0.950771
    outer loop
      vertex 54.7084 0.838108 17.9343
      vertex 54.6424 0 17.9343
      vertex 56.772 0.511264 18.6132
    endloop
  endfacet
  facet normal 0.677954 0.579027 -0.452886
    outer loop
      vertex 69.6572 7.01637 -2.31498
      vertex 68.4407 8.44071 -2.31498
      vertex 70.4641 7.6026 -0.357568
    endloop
  endfacet
  facet normal 0.760188 0.465842 -0.452887
    outer loop
      vertex 70.6359 5.41927 -2.31498
      vertex 69.6572 7.01637 -2.31498
      vertex 70.4641 7.6026 -0.357568
    endloop
  endfacet
  facet normal 0.423141 0.690538 -0.586608
    outer loop
      vertex 66.2574 8.61254 -4.09227
      vertex 64.833 9.48537 -4.09227
      vertex 65.4193 10.6359 -2.31498
    endloop
  endfacet
  facet normal 0.37002 0.603848 -0.706011
    outer loop
      vertex 66.2574 8.61254 -4.09227
      vertex 64.1278 8.10127 -5.64568
      vertex 64.833 9.48537 -4.09227
    endloop
  endfacet
  facet normal 0.53852 0.459942 -0.706009
    outer loop
      vertex 68.6125 6.25738 -4.09227
      vertex 67.3558 5.3443 -5.64568
      vertex 67.5276 7.52763 -4.09227
    endloop
  endfacet
  facet normal 0.538522 0.459941 -0.706009
    outer loop
      vertex 67.3558 5.3443 -5.64568
      vertex 66.4292 6.42921 -5.64568
      vertex 67.5276 7.52763 -4.09227
    endloop
  endfacet
  facet normal 0.823698 0.341183 -0.452896
    outer loop
      vertex 72.3013 3.99692 -0.357568
      vertex 70.6359 5.41927 -2.31498
      vertex 71.5246 5.87206 -0.357568
    endloop
  endfacet
  facet normal 0.81115 0.497085 -0.308126
    outer loop
      vertex 71.5246 5.87206 -0.357568
      vertex 70.4641 7.6026 -0.357568
      vertex 72.1294 6.18025 1.73177
    endloop
  endfacet
  facet normal 0.0699669 -0.888818 -0.452888
    outer loop
      vertex 62.0234 -12.7751 -0.357568
      vertex 60 -11.937 -2.31498
      vertex 61.8674 -11.79 -2.31498
    endloop
  endfacet
  facet normal 0.208134 -0.866934 -0.452886
    outer loop
      vertex 62.0234 -12.7751 -0.357568
      vertex 61.8674 -11.79 -2.31498
      vertex 63.9969 -12.3013 -0.357568
    endloop
  endfacet
  facet normal 0.0746196 -0.948401 -0.308169
    outer loop
      vertex 62.0234 -12.7751 -0.357568
      vertex 60 -13.6132 1.73177
      vertex 60 -12.9343 -0.357568
    endloop
  endfacet
  facet normal 0.0746397 -0.948405 -0.308151
    outer loop
      vertex 62.1296 -13.4456 1.73177
      vertex 60 -13.6132 1.73177
      vertex 62.0234 -12.7751 -0.357568
    endloop
  endfacet
  facet normal -0.75111 -0.641489 -0.155963
    outer loop
      vertex 50.131 -9.86898 3.90157
      vertex 48.7087 -8.20363 3.90157
      vertex 50.374 -9.62597 1.73177
    endloop
  endfacet
  facet normal -0.6543 -0.270989 -0.706014
    outer loop
      vertex 50.5146 -4.83304 -4.09227
      vertex 49.8754 -3.2897 -4.09227
      vertex 51.8987 -4.1278 -5.64568
    endloop
  endfacet
  facet normal -0.654303 -0.271027 -0.705997
    outer loop
      vertex 51.8987 -4.1278 -5.64568
      vertex 49.8754 -3.2897 -4.09227
      vertex 51.3527 -2.80967 -5.64568
    endloop
  endfacet
  facet normal -0.0723389 -0.30132 -0.950775
    outer loop
      vertex 59.1619 -5.29161 -7.93431
      vertex 58.3444 -5.09535 -7.93431
      vertex 58.9901 -3.10828 -8.61318
    endloop
  endfacet
  facet normal -0.0462112 -0.587158 -0.808152
    outer loop
      vertex 60 -7.31498 -6.93696
      vertex 58.5777 -8.98033 -5.64568
      vertex 58.8557 -7.22492 -6.93696
    endloop
  endfacet
  facet normal -0.346069 -0.295577 -0.890433
    outer loop
      vertex 56.2116 -3.78837 -7.93431
      vertex 54.0821 -4.29964 -6.93696
      vertex 55.6656 -3.1491 -7.93431
    endloop
  endfacet
  facet normal -0.37002 -0.603848 -0.706011
    outer loop
      vertex 55.167 -9.48537 -4.09227
      vertex 53.7426 -8.61254 -4.09227
      vertex 55.8722 -8.10127 -5.64568
    endloop
  endfacet
  facet normal -0.10624 -0.44253 -0.890438
    outer loop
      vertex 58.8557 -7.22492 -6.93696
      vertex 58.3444 -5.09535 -7.93431
      vertex 59.1619 -5.29161 -7.93431
    endloop
  endfacet
  facet normal 0.060031 0.14497 -0.987613
    outer loop
      vertex 60.4987 0.978705 -8.95684
      vertex 60.3394 1.04467 -8.95684
      vertex 61.4837 2.91202 -8.61318
    endloop
  endfacet
  facet normal -0.0123075 0.156421 -0.987614
    outer loop
      vertex 59.8282 1.0849 -8.95684
      vertex 59.4887 3.228 -8.61318
      vertex 60 3.26823 -8.61318
    endloop
  endfacet
  facet normal 0.0600464 -0.144961 -0.987614
    outer loop
      vertex 61.0099 -3.10828 -8.61318
      vertex 60.3394 -1.04467 -8.95684
      vertex 61.4837 -2.91202 -8.61318
    endloop
  endfacet
  facet normal 0.544135 -0.225406 -0.808151
    outer loop
      vertex 68.6473 -2.80967 -5.64568
      vertex 66.5177 -3.32093 -6.93696
      vertex 66.957 -2.26045 -6.93696
    endloop
  endfacet
  facet normal 0.26423 -0.161895 -0.950775
    outer loop
      vertex 64.3344 -3.1491 -7.93431
      vertex 62.912 -1.48375 -8.61318
      vertex 64.7736 -2.43228 -7.93431
    endloop
  endfacet
  facet normal 0.544135 -0.225393 -0.808155
    outer loop
      vertex 68.1013 -4.1278 -5.64568
      vertex 66.5177 -3.32093 -6.93696
      vertex 68.6473 -2.80967 -5.64568
    endloop
  endfacet
  facet normal 0.654303 -0.271027 -0.705997
    outer loop
      vertex 70.1246 -3.2897 -4.09227
      vertex 68.1013 -4.1278 -5.64568
      vertex 68.6473 -2.80967 -5.64568
    endloop
  endfacet
  facet normal 0.587157 0.0462313 -0.808151
    outer loop
      vertex 67.315 0 -6.93696
      vertex 67.2249 1.14431 -6.93696
      vertex 68.9803 1.42234 -5.64568
    endloop
  endfacet
  facet normal 0.587155 0.0462347 -0.808153
    outer loop
      vertex 69.0923 0 -5.64568
      vertex 67.315 0 -6.93696
      vertex 68.9803 1.42234 -5.64568
    endloop
  endfacet
  facet normal 0.174162 -0.420465 -0.890436
    outer loop
      vertex 63.3209 -6.51769 -6.93696
      vertex 61.6556 -5.09535 -7.93431
      vertex 62.4323 -4.77363 -7.93431
    endloop
  endfacet
  facet normal 0.0366226 -0.152571 -0.987614
    outer loop
      vertex 61.0099 -3.10828 -8.61318
      vertex 60.1718 -1.0849 -8.95684
      vertex 60.3394 -1.04467 -8.95684
    endloop
  endfacet
  facet normal 0.0357071 -0.453701 -0.890438
    outer loop
      vertex 61.1443 -7.22492 -6.93696
      vertex 60 -5.35757 -7.93431
      vertex 60.8381 -5.29161 -7.93431
    endloop
  endfacet
  facet normal 0.0243132 -0.308928 -0.950775
    outer loop
      vertex 60.8381 -5.29161 -7.93431
      vertex 60 -5.35757 -7.93431
      vertex 60.5113 -3.228 -8.61318
    endloop
  endfacet
  facet normal 0.308927 -0.0243276 -0.950775
    outer loop
      vertex 65.2916 -0.838108 -7.93431
      vertex 63.228 -0.511264 -8.61318
      vertex 65.3576 0 -7.93431
    endloop
  endfacet
  facet normal -0.119325 0.101875 -0.987615
    outer loop
      vertex 59.1114 0.645638 -8.95684
      vertex 57.3559 1.92102 -8.61318
      vertex 59.2233 0.776705 -8.95684
    endloop
  endfacet
  facet normal 0.442537 -0.106212 -0.890438
    outer loop
      vertex 67.2249 -1.14431 -6.93696
      vertex 65.0954 -1.65558 -7.93431
      vertex 65.2916 -0.838108 -7.93431
    endloop
  endfacet
  facet normal 0.4537 -0.0357283 -0.890438
    outer loop
      vertex 67.2249 -1.14431 -6.93696
      vertex 65.2916 -0.838108 -7.93431
      vertex 65.3576 0 -7.93431
    endloop
  endfacet
  facet normal 0.225395 -0.544136 -0.808154
    outer loop
      vertex 64.1278 -8.10127 -5.64568
      vertex 62.8097 -8.64726 -5.64568
      vertex 63.3209 -6.51769 -6.93696
    endloop
  endfacet
  facet normal 0.0555773 -0.706015 -0.706013
    outer loop
      vertex 61.6654 -10.5146 -4.09227
      vertex 60 -10.6457 -4.09227
      vertex 61.4223 -8.98033 -5.64568
    endloop
  endfacet
  facet normal 0.0123189 -0.156421 -0.987614
    outer loop
      vertex 60.1718 -1.0849 -8.95684
      vertex 60 -3.26823 -8.61318
      vertex 60 -1.09843 -8.95684
    endloop
  endfacet
  facet normal 0.502171 -0.307742 -0.808158
    outer loop
      vertex 67.3558 -5.3443 -5.64568
      vertex 65.9179 -4.29964 -6.93696
      vertex 68.1013 -4.1278 -5.64568
    endloop
  endfacet
  facet normal 0.118586 -0.286291 -0.950776
    outer loop
      vertex 61.6556 -5.09535 -7.93431
      vertex 61.4837 -2.91202 -8.61318
      vertex 62.4323 -4.77363 -7.93431
    endloop
  endfacet
  facet normal 0.161915 -0.264213 -0.950776
    outer loop
      vertex 62.4323 -4.77363 -7.93431
      vertex 61.4837 -2.91202 -8.61318
      vertex 63.1491 -4.33436 -7.93431
    endloop
  endfacet
  facet normal 0.787495 0.189074 -0.586603
    outer loop
      vertex 70.5146 1.66535 -4.09227
      vertex 70.1246 3.2897 -4.09227
      vertex 71.79 1.86735 -2.31498
    endloop
  endfacet
  facet normal 0.807376 0.0635584 -0.586604
    outer loop
      vertex 70.6457 0 -4.09227
      vertex 70.5146 1.66535 -4.09227
      vertex 71.79 1.86735 -2.31498
    endloop
  endfacet
  facet normal 0.81115 -0.497085 -0.308126
    outer loop
      vertex 72.1294 -6.18025 1.73177
      vertex 70.4641 -7.6026 -0.357568
      vertex 71.5246 -5.87206 -0.357568
    endloop
  endfacet
  facet normal 0.760179 -0.465848 -0.452895
    outer loop
      vertex 71.5246 -5.87206 -0.357568
      vertex 70.4641 -7.6026 -0.357568
      vertex 70.6359 -5.41927 -2.31498
    endloop
  endfacet
  facet normal 0.866924 -0.208143 -0.452901
    outer loop
      vertex 72.3013 -3.99692 -0.357568
      vertex 71.3527 -3.68872 -2.31498
      vertex 71.79 -1.86735 -2.31498
    endloop
  endfacet
  facet normal 0.866934 -0.208129 -0.452888
    outer loop
      vertex 72.3013 -3.99692 -0.357568
      vertex 71.79 -1.86735 -2.31498
      vertex 72.7751 -2.02337 -0.357568
    endloop
  endfacet
  facet normal 0.948401 0.0746207 -0.308169
    outer loop
      vertex 72.9343 0 -0.357568
      vertex 72.7751 2.02337 -0.357568
      vertex 73.6132 0 1.73177
    endloop
  endfacet
  facet normal 0.948405 0.0746407 -0.308151
    outer loop
      vertex 73.6132 0 1.73177
      vertex 72.7751 2.02337 -0.357568
      vertex 73.4456 2.12957 1.73177
    endloop
  endfacet
  facet normal 0.579035 -0.677951 0.452881
    outer loop
      vertex 68.4407 -8.44071 12.315
      vertex 67.0164 -9.6572 12.315
      vertex 67.6026 -10.4641 10.3576
    endloop
  endfacet
  facet normal 0.525977 -0.615828 0.586603
    outer loop
      vertex 67.5276 -7.52763 14.0923
      vertex 67.0164 -9.6572 12.315
      vertex 68.4407 -8.44071 12.315
    endloop
  endfacet
  facet normal 0.787496 -0.189073 0.586602
    outer loop
      vertex 71.79 -1.86735 12.315
      vertex 70.1246 -3.2897 14.0923
      vertex 71.3527 -3.68872 12.315
    endloop
  endfacet
  facet normal 0.748231 -0.30992 0.586601
    outer loop
      vertex 71.3527 -3.68872 12.315
      vertex 70.1246 -3.2897 14.0923
      vertex 70.6359 -5.41927 12.315
    endloop
  endfacet
  facet normal 0.603834 -0.370044 0.706011
    outer loop
      vertex 68.1013 -4.1278 15.6457
      vertex 67.3558 -5.3443 15.6457
      vertex 68.6125 -6.25738 14.0923
    endloop
  endfacet
  facet normal 0.603824 -0.37005 0.706017
    outer loop
      vertex 69.4854 -4.83304 14.0923
      vertex 68.1013 -4.1278 15.6457
      vertex 68.6125 -6.25738 14.0923
    endloop
  endfacet
  facet normal 0.382676 -0.923883 0
    outer loop
      vertex 64.3129 -13.2737 3.90157
      vertex 66.3363 -12.4356 6.09843
      vertex 64.3129 -13.2737 6.09843
    endloop
  endfacet
  facet normal 0.382676 -0.923883 0
    outer loop
      vertex 66.3363 -12.4356 6.09843
      vertex 64.3129 -13.2737 3.90157
      vertex 66.3363 -12.4356 3.90157
    endloop
  endfacet
  facet normal 0.378004 -0.912573 0.155958
    outer loop
      vertex 66.1803 -12.1294 8.26824
      vertex 64.2067 -12.9469 8.26824
      vertex 66.3363 -12.4356 6.09843
    endloop
  endfacet
  facet normal 0.364066 -0.878923 0.308139
    outer loop
      vertex 66.1803 -12.1294 8.26824
      vertex 63.9969 -12.3013 10.3576
      vertex 64.2067 -12.9469 8.26824
    endloop
  endfacet
  facet normal -0.748231 -0.30992 0.586601
    outer loop
      vertex 49.8754 -3.2897 14.0923
      vertex 48.6473 -3.68872 12.315
      vertex 49.3641 -5.41927 12.315
    endloop
  endfacet
  facet normal -0.823697 -0.341178 0.452902
    outer loop
      vertex 48.6473 -3.68872 12.315
      vertex 47.6987 -3.99692 10.3576
      vertex 49.3641 -5.41927 12.315
    endloop
  endfacet
  facet normal -0.579046 -0.677947 0.452872
    outer loop
      vertex 51.5593 -8.44071 12.315
      vertex 50.8541 -9.14594 10.3576
      vertex 52.3974 -10.4641 10.3576
    endloop
  endfacet
  facet normal -0.579035 -0.677951 0.452881
    outer loop
      vertex 52.9836 -9.6572 12.315
      vertex 51.5593 -8.44071 12.315
      vertex 52.3974 -10.4641 10.3576
    endloop
  endfacet
  facet normal -0.137489 -0.572709 0.808147
    outer loop
      vertex 58.8557 -7.22492 16.937
      vertex 57.1903 -8.64726 15.6457
      vertex 58.5777 -8.98033 15.6457
    endloop
  endfacet
  facet normal -0.0462117 -0.587164 0.808148
    outer loop
      vertex 58.8557 -7.22492 16.937
      vertex 58.5777 -8.98033 15.6457
      vertex 60 -7.31498 16.937
    endloop
  endfacet
  facet normal 0.0746397 -0.948406 0.308148
    outer loop
      vertex 62.0234 -12.7751 10.3576
      vertex 60 -13.6132 8.26824
      vertex 62.1296 -13.4456 8.26824
    endloop
  endfacet
  facet normal 0.222088 -0.925052 0.308149
    outer loop
      vertex 63.9969 -12.3013 10.3576
      vertex 62.0234 -12.7751 10.3576
      vertex 62.1296 -13.4456 8.26824
    endloop
  endfacet
  facet normal 0.0635566 -0.807378 0.586602
    outer loop
      vertex 61.6654 -10.5146 14.0923
      vertex 60 -10.6457 14.0923
      vertex 61.8674 -11.79 12.315
    endloop
  endfacet
  facet normal 0.165341 -0.688623 0.706018
    outer loop
      vertex 63.2897 -10.1246 14.0923
      vertex 61.4223 -8.98033 15.6457
      vertex 61.6654 -10.5146 14.0923
    endloop
  endfacet
  facet normal 0.382508 -0.44786 0.808152
    outer loop
      vertex 66.4292 -6.42921 15.6457
      vertex 64.2996 -5.91794 16.937
      vertex 65.3443 -7.3558 15.6457
    endloop
  endfacet
  facet normal 0.382498 -0.447882 0.808144
    outer loop
      vertex 65.1725 -5.17247 16.937
      vertex 64.2996 -5.91794 16.937
      vertex 66.4292 -6.42921 15.6457
    endloop
  endfacet
  facet normal 0.0357057 -0.453683 0.890447
    outer loop
      vertex 60.8381 -5.29161 17.9343
      vertex 60 -5.35757 17.9343
      vertex 61.1443 -7.22492 16.937
    endloop
  endfacet
  facet normal 0.0357063 -0.453683 0.890448
    outer loop
      vertex 60 -5.35757 17.9343
      vertex 60 -7.31498 16.937
      vertex 61.1443 -7.22492 16.937
    endloop
  endfacet
  facet normal -0.119304 -0.101857 0.987619
    outer loop
      vertex 59.1114 -0.645638 18.9568
      vertex 57.3559 -1.92102 18.6132
      vertex 59.2233 -0.776705 18.9568
    endloop
  endfacet
  facet normal -0.161912 -0.264234 0.950771
    outer loop
      vertex 58.079 -2.64406 18.6132
      vertex 56.8509 -4.33436 17.9343
      vertex 58.5163 -2.91202 18.6132
    endloop
  endfacet
  facet normal -0.295549 -0.346059 0.890446
    outer loop
      vertex 56.2116 -3.78837 17.9343
      vertex 55.7004 -5.91794 16.937
      vertex 56.8509 -4.33436 17.9343
    endloop
  endfacet
  facet normal -0.174155 -0.420448 0.890446
    outer loop
      vertex 57.5677 -4.77363 17.9343
      vertex 56.6791 -6.51769 16.937
      vertex 58.3444 -5.09535 17.9343
    endloop
  endfacet
  facet normal -0.118591 -0.286303 0.950772
    outer loop
      vertex 58.5163 -2.91202 18.6132
      vertex 57.5677 -4.77363 17.9343
      vertex 58.3444 -5.09535 17.9343
    endloop
  endfacet
  facet normal -0.502175 -0.307757 0.80815
    outer loop
      vertex 53.4823 -3.32093 16.937
      vertex 51.8987 -4.1278 15.6457
      vertex 54.0821 -4.29964 16.937
    endloop
  endfacet
  facet normal -0.442503 -0.106211 0.890455
    outer loop
      vertex 54.9047 -1.65558 17.9343
      vertex 52.7751 -1.14431 16.937
      vertex 53.043 -2.26045 16.937
    endloop
  endfacet
  facet normal -0.346064 -0.29554 0.890447
    outer loop
      vertex 56.2116 -3.78837 17.9343
      vertex 54.0821 -4.29964 16.937
      vertex 54.8275 -5.17247 16.937
    endloop
  endfacet
  facet normal -0.544141 -0.225408 0.808147
    outer loop
      vertex 53.043 -2.26045 16.937
      vertex 51.3527 -2.80967 15.6457
      vertex 53.4823 -3.32093 16.937
    endloop
  endfacet
  facet normal -0.423142 -0.690539 0.586606
    outer loop
      vertex 55.167 -9.48537 14.0923
      vertex 53.7426 -8.61254 14.0923
      vertex 54.5807 -10.6359 12.315
    endloop
  endfacet
  facet normal -0.309915 -0.748232 0.586601
    outer loop
      vertex 55.167 -9.48537 14.0923
      vertex 54.5807 -10.6359 12.315
      vertex 56.7103 -10.1246 14.0923
    endloop
  endfacet
  facet normal 0.118594 -0.286302 0.950772
    outer loop
      vertex 61.4837 -2.91202 18.6132
      vertex 61.0099 -3.10828 18.6132
      vertex 61.6556 -5.09535 17.9343
    endloop
  endfacet
  facet normal 0.10188 -0.119294 0.987618
    outer loop
      vertex 62.311 -2.31099 18.6132
      vertex 60.7767 -0.776705 18.9568
      vertex 61.921 -2.64406 18.6132
    endloop
  endfacet
  facet normal 0.0746197 -0.948402 0.308166
    outer loop
      vertex 60 -12.9343 10.3576
      vertex 60 -13.6132 8.26824
      vertex 62.0234 -12.7751 10.3576
    endloop
  endfacet
  facet normal -0.0746197 -0.948402 0.308166
    outer loop
      vertex 60 -12.9343 10.3576
      vertex 57.9766 -12.7751 10.3576
      vertex 60 -13.6132 8.26824
    endloop
  endfacet
  facet normal 0.18908 -0.787493 -0.586603
    outer loop
      vertex 63.6887 -11.3527 -2.31498
      vertex 61.8674 -11.79 -2.31498
      vertex 63.2897 -10.1246 -4.09227
    endloop
  endfacet
  facet normal 0.309912 -0.748234 -0.586601
    outer loop
      vertex 63.6887 -11.3527 -2.31498
      vertex 63.2897 -10.1246 -4.09227
      vertex 65.4193 -10.6359 -2.31498
    endloop
  endfacet
  facet normal -0.0746196 -0.948401 -0.308169
    outer loop
      vertex 60 -13.6132 1.73177
      vertex 57.9766 -12.7751 -0.357568
      vertex 60 -12.9343 -0.357568
    endloop
  endfacet
  facet normal -0.069933 -0.888834 -0.452861
    outer loop
      vertex 60 -12.9343 -0.357568
      vertex 57.9766 -12.7751 -0.357568
      vertex 60 -11.937 -2.31498
    endloop
  endfacet
  facet normal -0.308919 0.0242899 -0.950778
    outer loop
      vertex 56.7318 0 -8.61318
      vertex 54.6424 0 -7.93431
      vertex 56.772 0.511264 -8.61318
    endloop
  endfacet
  facet normal -0.44252 -0.106215 -0.890446
    outer loop
      vertex 53.043 -2.26045 -6.93696
      vertex 52.7751 -1.14431 -6.93696
      vertex 54.9047 -1.65558 -7.93431
    endloop
  endfacet
  facet normal -0.748231 0.30992 0.586601
    outer loop
      vertex 49.3641 5.41927 12.315
      vertex 48.6473 3.68872 12.315
      vertex 49.8754 3.2897 14.0923
    endloop
  endfacet
  facet normal -0.811151 0.497085 0.308123
    outer loop
      vertex 49.5359 7.6026 10.3576
      vertex 47.8706 6.18025 8.26824
      vertex 48.4754 5.87206 10.3576
    endloop
  endfacet
  facet normal -0.751111 0.641489 0.155962
    outer loop
      vertex 50.131 9.86898 6.09843
      vertex 48.7087 8.20363 6.09843
      vertex 50.374 9.62597 8.26824
    endloop
  endfacet
  facet normal -0.751106 0.641497 0.155954
    outer loop
      vertex 50.374 9.62597 8.26824
      vertex 48.7087 8.20363 6.09843
      vertex 48.9867 8.00163 8.26824
    endloop
  endfacet
  facet normal -0.382676 0.923883 0
    outer loop
      vertex 55.6871 13.2737 3.90157
      vertex 53.6637 12.4356 6.09843
      vertex 55.6871 13.2737 6.09843
    endloop
  endfacet
  facet normal -0.382676 0.923883 0
    outer loop
      vertex 53.6637 12.4356 6.09843
      vertex 55.6871 13.2737 3.90157
      vertex 53.6637 12.4356 3.90157
    endloop
  endfacet
  facet normal 0.165341 0.688623 0.706018
    outer loop
      vertex 61.6654 10.5146 14.0923
      vertex 61.4223 8.98033 15.6457
      vertex 63.2897 10.1246 14.0923
    endloop
  endfacet
  facet normal 0.208134 0.866933 0.452889
    outer loop
      vertex 62.0234 12.7751 10.3576
      vertex 61.8674 11.79 12.315
      vertex 63.9969 12.3013 10.3576
    endloop
  endfacet
  facet normal -0.230604 0.960471 0.155943
    outer loop
      vertex 57.8167 13.785 6.09843
      vertex 55.7933 12.9469 8.26824
      vertex 57.8704 13.4456 8.26824
    endloop
  endfacet
  facet normal -0.617856 0.723385 0.30817
    outer loop
      vertex 52.3974 10.4641 10.3576
      vertex 50.374 9.62597 8.26824
      vertex 50.8541 9.14594 10.3576
    endloop
  endfacet
  facet normal -0.690529 0.423187 0.586586
    outer loop
      vertex 51.3875 6.25738 14.0923
      vertex 49.3641 5.41927 12.315
      vertex 50.5146 4.83304 14.0923
    endloop
  endfacet
  facet normal -0.912578 0.377999 0.155946
    outer loop
      vertex 47.5644 6.33627 6.09843
      vertex 46.7263 4.3129 6.09843
      vertex 47.0531 4.2067 8.26824
    endloop
  endfacet
  facet normal -0.447855 0.382504 -0.808157
    outer loop
      vertex 54.0821 4.29964 -6.93696
      vertex 52.6442 5.3443 -5.64568
      vertex 53.5708 6.42921 -5.64568
    endloop
  endfacet
  facet normal -0.6543 0.270989 -0.706014
    outer loop
      vertex 51.8987 4.1278 -5.64568
      vertex 49.8754 3.2897 -4.09227
      vertex 50.5146 4.83304 -4.09227
    endloop
  endfacet
  facet normal -0.101897 0.119314 -0.987614
    outer loop
      vertex 59.2233 0.776705 -8.95684
      vertex 57.689 2.31099 -8.61318
      vertex 58.079 2.64406 -8.61318
    endloop
  endfacet
  facet normal -0.346069 0.295577 -0.890433
    outer loop
      vertex 55.6656 3.1491 -7.93431
      vertex 54.0821 4.29964 -6.93696
      vertex 56.2116 3.78837 -7.93431
    endloop
  endfacet
  facet normal 0.235624 -0.201263 -0.950776
    outer loop
      vertex 63.7884 -3.78837 -7.93431
      vertex 62.311 -2.31099 -8.61318
      vertex 62.6441 -1.92102 -8.61318
    endloop
  endfacet
  facet normal -0.201247 0.23564 -0.950775
    outer loop
      vertex 58.079 2.64406 -8.61318
      vertex 56.2116 3.78837 -7.93431
      vertex 56.8509 4.33436 -7.93431
    endloop
  endfacet
  facet normal -0.137487 0.572703 -0.808151
    outer loop
      vertex 58.8557 7.22492 -6.93696
      vertex 57.1903 8.64726 -5.64568
      vertex 58.5777 8.98033 -5.64568
    endloop
  endfacet
  facet normal -0.57271 0.137464 -0.808151
    outer loop
      vertex 52.7751 1.14431 -6.93696
      vertex 51.3527 2.80967 -5.64568
      vertex 53.043 2.26045 -6.93696
    endloop
  endfacet
  facet normal -0.544135 0.225406 -0.808151
    outer loop
      vertex 53.043 2.26045 -6.93696
      vertex 51.3527 2.80967 -5.64568
      vertex 53.4823 3.32093 -6.93696
    endloop
  endfacet
  facet normal -0.579047 0.677948 -0.45287
    outer loop
      vertex 51.5593 8.44071 -2.31498
      vertex 50.8541 9.14594 -0.357568
      vertex 52.3974 10.4641 -0.357568
    endloop
  endfacet
  facet normal -0.579036 0.677951 -0.452879
    outer loop
      vertex 52.9836 9.6572 -2.31498
      vertex 51.5593 8.44071 -2.31498
      vertex 52.3974 10.4641 -0.357568
    endloop
  endfacet
  facet normal -0.677954 0.579027 -0.452886
    outer loop
      vertex 50.3428 7.01637 -2.31498
      vertex 49.5359 7.6026 -0.357568
      vertex 51.5593 8.44071 -2.31498
    endloop
  endfacet
  facet normal -0.465856 0.760173 -0.452897
    outer loop
      vertex 54.5807 10.6359 -2.31498
      vertex 52.3974 10.4641 -0.357568
      vertex 54.1279 11.5246 -0.357568
    endloop
  endfacet
  facet normal -0.301336 0.0723314 0.950771
    outer loop
      vertex 56.8917 1.00994 18.6132
      vertex 54.7084 0.838108 17.9343
      vertex 56.772 0.511264 18.6132
    endloop
  endfacet
  facet normal -0.0819643 0.133762 0.987618
    outer loop
      vertex 58.5163 2.91202 18.6132
      vertex 58.079 2.64406 18.6132
      vertex 59.3544 0.888646 18.9568
    endloop
  endfacet
  facet normal -0.0462112 0.587158 -0.808152
    outer loop
      vertex 58.8557 7.22492 -6.93696
      vertex 58.5777 8.98033 -5.64568
      vertex 60 7.31498 -6.93696
    endloop
  endfacet
  facet normal 0.161905 0.264223 -0.950775
    outer loop
      vertex 61.921 2.64406 -8.61318
      vertex 61.4837 2.91202 -8.61318
      vertex 63.1491 4.33436 -7.93431
    endloop
  endfacet
  facet normal -0.0123075 -0.156421 -0.987614
    outer loop
      vertex 60 -3.26823 -8.61318
      vertex 59.4887 -3.228 -8.61318
      vertex 59.8282 -1.0849 -8.95684
    endloop
  endfacet
  facet normal -0.271026 0.654297 -0.706003
    outer loop
      vertex 57.1903 8.64726 -5.64568
      vertex 55.8722 8.10127 -5.64568
      vertex 56.7103 10.1246 -4.09227
    endloop
  endfacet
  facet normal -0.106236 0.44253 -0.890439
    outer loop
      vertex 58.3444 5.09535 -7.93431
      vertex 57.7395 6.95696 -6.93696
      vertex 58.8557 7.22492 -6.93696
    endloop
  endfacet
  facet normal -0.10624 0.44253 -0.890438
    outer loop
      vertex 59.1619 5.29161 -7.93431
      vertex 58.3444 5.09535 -7.93431
      vertex 58.8557 7.22492 -6.93696
    endloop
  endfacet
  facet normal -0.0723389 0.30132 -0.950775
    outer loop
      vertex 58.9901 3.10828 -8.61318
      vertex 58.3444 5.09535 -7.93431
      vertex 59.1619 5.29161 -7.93431
    endloop
  endfacet
  facet normal 0.225395 0.544136 -0.808154
    outer loop
      vertex 63.3209 6.51769 -6.93696
      vertex 62.8097 8.64726 -5.64568
      vertex 64.1278 8.10127 -5.64568
    endloop
  endfacet
  facet normal 0.307737 0.502179 -0.808155
    outer loop
      vertex 64.2996 5.91794 -6.93696
      vertex 63.3209 6.51769 -6.93696
      vertex 64.1278 8.10127 -5.64568
    endloop
  endfacet
  facet normal 0.388049 0.23776 -0.890442
    outer loop
      vertex 64.7736 2.43228 -7.93431
      vertex 64.3344 3.1491 -7.93431
      vertex 66.5177 3.32093 -6.93696
    endloop
  endfacet
  facet normal 0.420438 0.174194 -0.890443
    outer loop
      vertex 65.0954 1.65558 -7.93431
      vertex 64.7736 2.43228 -7.93431
      vertex 66.5177 3.32093 -6.93696
    endloop
  endfacet
  facet normal 0.144947 0.0600747 -0.987614
    outer loop
      vertex 61.0447 0.339432 -8.95684
      vertex 60.9787 0.498675 -8.95684
      vertex 62.912 1.48375 -8.61318
    endloop
  endfacet
  facet normal 0.15258 0.0365972 -0.987613
    outer loop
      vertex 61.0849 0.171831 -8.95684
      vertex 61.0447 0.339432 -8.95684
      vertex 63.1083 1.00994 -8.61318
    endloop
  endfacet
  facet normal -0.0366332 -0.152567 -0.987614
    outer loop
      vertex 59.4887 -3.228 -8.61318
      vertex 58.9901 -3.10828 -8.61318
      vertex 59.8282 -1.0849 -8.95684
    endloop
  endfacet
  facet normal -0.15258 -0.0365972 -0.987613
    outer loop
      vertex 58.9553 -0.339432 -8.95684
      vertex 56.8917 -1.00994 -8.61318
      vertex 58.9151 -0.171831 -8.95684
    endloop
  endfacet
  facet normal -0.118594 -0.286302 0.950772
    outer loop
      vertex 58.5163 -2.91202 18.6132
      vertex 58.3444 -5.09535 17.9343
      vertex 58.9901 -3.10828 18.6132
    endloop
  endfacet
  facet normal 0.0819643 -0.133762 0.987618
    outer loop
      vertex 61.921 -2.64406 18.6132
      vertex 60.6456 -0.888646 18.9568
      vertex 61.4837 -2.91202 18.6132
    endloop
  endfacet
  facet normal 0.156395 -0.0122873 0.987618
    outer loop
      vertex 61.0984 0 18.9568
      vertex 61.0849 -0.171831 18.9568
      vertex 63.2682 0 18.6132
    endloop
  endfacet
  facet normal -0.144933 0.060046 0.987618
    outer loop
      vertex 57.088 1.48375 18.6132
      vertex 56.8917 1.00994 18.6132
      vertex 58.9553 0.339432 18.9568
    endloop
  endfacet
  facet normal -0.0123168 -0.156395 0.987618
    outer loop
      vertex 60 -1.09843 18.9568
      vertex 59.8282 -1.0849 18.9568
      vertex 60 -3.26823 18.6132
    endloop
  endfacet
  facet normal -0.161921 0.264223 0.950772
    outer loop
      vertex 57.5677 4.77363 17.9343
      vertex 56.8509 4.33436 17.9343
      vertex 58.5163 2.91202 18.6132
    endloop
  endfacet
  facet normal 0.119285 -0.101889 0.987618
    outer loop
      vertex 62.6441 -1.92102 18.6132
      vertex 60.7767 -0.776705 18.9568
      vertex 62.311 -2.31099 18.6132
    endloop
  endfacet
  facet normal 0.420421 -0.174188 0.890452
    outer loop
      vertex 65.0954 -1.65558 17.9343
      vertex 64.7736 -2.43228 17.9343
      vertex 66.5177 -3.32093 16.937
    endloop
  endfacet
  facet normal 0.152544 -0.036616 0.987618
    outer loop
      vertex 63.228 -0.511264 18.6132
      vertex 61.0849 -0.171831 18.9568
      vertex 63.1083 -1.00994 18.6132
    endloop
  endfacet
  facet normal 0.53852 0.459939 0.706011
    outer loop
      vertex 67.5276 7.52763 14.0923
      vertex 66.4292 6.42921 15.6457
      vertex 67.3558 5.3443 15.6457
    endloop
  endfacet
  facet normal 0.447859 0.382508 0.808152
    outer loop
      vertex 66.4292 6.42921 15.6457
      vertex 65.9179 4.29964 16.937
      vertex 67.3558 5.3443 15.6457
    endloop
  endfacet
  facet normal 0.706007 0.0555784 0.706021
    outer loop
      vertex 70.5146 1.66535 14.0923
      vertex 68.9803 1.42234 15.6457
      vertex 70.6457 0 14.0923
    endloop
  endfacet
  facet normal 0.688622 0.165335 0.70602
    outer loop
      vertex 70.1246 3.2897 14.0923
      vertex 68.9803 1.42234 15.6457
      vertex 70.5146 1.66535 14.0923
    endloop
  endfacet
  facet normal 0.677953 0.579026 0.452888
    outer loop
      vertex 70.4641 7.6026 10.3576
      vertex 68.4407 8.44071 12.315
      vertex 69.6572 7.01637 12.315
    endloop
  endfacet
  facet normal 0.677946 0.579048 0.452871
    outer loop
      vertex 69.1459 9.14594 10.3576
      vertex 68.4407 8.44071 12.315
      vertex 70.4641 7.6026 10.3576
    endloop
  endfacet
  facet normal 0.077486 0.984722 0.155947
    outer loop
      vertex 62.1833 13.785 6.09843
      vertex 60 13.9568 6.09843
      vertex 62.1296 13.4456 8.26824
    endloop
  endfacet
  facet normal -0.852644 -0.522492 0
    outer loop
      vertex 48.7087 -8.20363 3.90157
      vertex 47.5644 -6.33627 6.09843
      vertex 47.5644 -6.33627 3.90157
    endloop
  endfacet
  facet normal -0.852644 -0.522492 0
    outer loop
      vertex 47.5644 -6.33627 6.09843
      vertex 48.7087 -8.20363 3.90157
      vertex 48.7087 -8.20363 6.09843
    endloop
  endfacet
  facet normal -0.84221 -0.516098 -0.155962
    outer loop
      vertex 48.7087 -8.20363 3.90157
      vertex 47.5644 -6.33627 3.90157
      vertex 47.8706 -6.18025 1.73177
    endloop
  endfacet
  facet normal -0.948402 0.0746208 0.308166
    outer loop
      vertex 47.2249 2.02337 10.3576
      vertex 46.3868 0 8.26824
      vertex 47.0657 0 10.3576
    endloop
  endfacet
  facet normal -0.948402 -0.0746208 0.308166
    outer loop
      vertex 47.0657 0 10.3576
      vertex 46.3868 0 8.26824
      vertex 47.2249 -2.02337 10.3576
    endloop
  endfacet
  facet normal -0.119285 0.101889 0.987618
    outer loop
      vertex 57.689 2.31099 18.6132
      vertex 57.3559 1.92102 18.6132
      vertex 59.2233 0.776705 18.9568
    endloop
  endfacet
  facet normal 0.0600362 -0.144936 0.987618
    outer loop
      vertex 61.4837 -2.91202 18.6132
      vertex 60.3394 -1.04467 18.9568
      vertex 61.0099 -3.10828 18.6132
    endloop
  endfacet
  facet normal 0.866934 0.208129 -0.452888
    outer loop
      vertex 72.7751 2.02337 -0.357568
      vertex 71.79 1.86735 -2.31498
      vertex 72.3013 3.99692 -0.357568
    endloop
  endfacet
  facet normal 0.866924 0.208143 -0.452901
    outer loop
      vertex 71.79 1.86735 -2.31498
      vertex 71.3527 3.68872 -2.31498
      vertex 72.3013 3.99692 -0.357568
    endloop
  endfacet
  facet normal -0.0784457 -0.996918 0
    outer loop
      vertex 57.8167 -13.785 3.90157
      vertex 60 -13.9568 6.09843
      vertex 57.8167 -13.785 6.09843
    endloop
  endfacet
  facet normal -0.0784457 -0.996918 -0
    outer loop
      vertex 60 -13.9568 6.09843
      vertex 57.8167 -13.785 3.90157
      vertex 60 -13.9568 3.90157
    endloop
  endfacet
  facet normal -0.077486 -0.984721 -0.155948
    outer loop
      vertex 60 -13.9568 3.90157
      vertex 57.8167 -13.785 3.90157
      vertex 57.8704 -13.4456 1.73177
    endloop
  endfacet
  facet normal -0.811157 -0.497059 -0.30815
    outer loop
      vertex 48.9867 -8.00163 1.73177
      vertex 47.8706 -6.18025 1.73177
      vertex 49.5359 -7.6026 -0.357568
    endloop
  endfacet
  facet normal -0.690531 -0.423156 -0.586606
    outer loop
      vertex 50.3428 -7.01637 -2.31498
      vertex 49.3641 -5.41927 -2.31498
      vertex 51.3875 -6.25738 -4.09227
    endloop
  endfacet
  facet normal -0.760179 -0.465848 -0.452895
    outer loop
      vertex 49.5359 -7.6026 -0.357568
      vertex 48.4754 -5.87206 -0.357568
      vertex 49.3641 -5.41927 -2.31498
    endloop
  endfacet
  facet normal -0.388049 -0.23776 -0.890442
    outer loop
      vertex 55.6656 -3.1491 -7.93431
      vertex 53.4823 -3.32093 -6.93696
      vertex 55.2264 -2.43228 -7.93431
    endloop
  endfacet
  facet normal -0.233458 -0.972367 0
    outer loop
      vertex 55.6871 -13.2737 3.90157
      vertex 57.8167 -13.785 6.09843
      vertex 55.6871 -13.2737 6.09843
    endloop
  endfacet
  facet normal -0.233458 -0.972367 -0
    outer loop
      vertex 57.8167 -13.785 6.09843
      vertex 55.6871 -13.2737 3.90157
      vertex 57.8167 -13.785 3.90157
    endloop
  endfacet
  facet normal -0.53852 -0.459942 -0.706009
    outer loop
      vertex 52.4724 -7.52763 -4.09227
      vertex 51.3875 -6.25738 -4.09227
      vertex 52.6442 -5.3443 -5.64568
    endloop
  endfacet
  facet normal -0.544135 -0.225393 -0.808155
    outer loop
      vertex 51.8987 -4.1278 -5.64568
      vertex 51.3527 -2.80967 -5.64568
      vertex 53.4823 -3.32093 -6.93696
    endloop
  endfacet
  facet normal -0.118586 -0.286291 -0.950776
    outer loop
      vertex 58.3444 -5.09535 -7.93431
      vertex 57.5677 -4.77363 -7.93431
      vertex 58.5163 -2.91202 -8.61318
    endloop
  endfacet
  facet normal -0.174162 -0.420465 -0.890436
    outer loop
      vertex 58.3444 -5.09535 -7.93431
      vertex 56.6791 -6.51769 -6.93696
      vertex 57.5677 -4.77363 -7.93431
    endloop
  endfacet
  facet normal -0.465856 -0.760173 -0.452897
    outer loop
      vertex 54.1279 -11.5246 -0.357568
      vertex 52.3974 -10.4641 -0.357568
      vertex 54.5807 -10.6359 -2.31498
    endloop
  endfacet
  facet normal 0.0462114 -0.587158 -0.808152
    outer loop
      vertex 61.4223 -8.98033 -5.64568
      vertex 60 -9.09227 -5.64568
      vertex 60 -7.31498 -6.93696
    endloop
  endfacet
  facet normal -0.308919 -0.0242899 -0.950778
    outer loop
      vertex 56.772 -0.511264 -8.61318
      vertex 54.6424 0 -7.93431
      vertex 56.7318 0 -8.61318
    endloop
  endfacet
  facet normal -0.0243069 -0.308927 -0.950775
    outer loop
      vertex 60 -5.35757 -7.93431
      vertex 59.4887 -3.228 -8.61318
      vertex 60 -3.26823 -8.61318
    endloop
  endfacet
  facet normal 0.0819782 -0.133785 -0.987614
    outer loop
      vertex 61.4837 -2.91202 -8.61318
      vertex 60.6456 -0.888646 -8.95684
      vertex 61.921 -2.64406 -8.61318
    endloop
  endfacet
  facet normal -0.144947 -0.0600747 -0.987614
    outer loop
      vertex 59.0213 -0.498675 -8.95684
      vertex 57.088 -1.48375 -8.61318
      vertex 58.9553 -0.339432 -8.95684
    endloop
  endfacet
  facet normal 0.133769 -0.0820112 -0.987613
    outer loop
      vertex 62.912 -1.48375 -8.61318
      vertex 60.8886 -0.645638 -8.95684
      vertex 60.9787 -0.498675 -8.95684
    endloop
  endfacet
  facet normal 0.587155 -0.0462347 -0.808153
    outer loop
      vertex 68.9803 -1.42234 -5.64568
      vertex 67.315 0 -6.93696
      vertex 69.0923 0 -5.64568
    endloop
  endfacet
  facet normal 0.603826 -0.370052 -0.706015
    outer loop
      vertex 68.6125 -6.25738 -4.09227
      vertex 68.1013 -4.1278 -5.64568
      vertex 69.4854 -4.83304 -4.09227
    endloop
  endfacet
  facet normal 0.295554 -0.346075 -0.890438
    outer loop
      vertex 64.2996 -5.91794 -6.93696
      vertex 63.7884 -3.78837 -7.93431
      vertex 65.1725 -5.17247 -6.93696
    endloop
  endfacet
  facet normal 0.382504 -0.447856 -0.808156
    outer loop
      vertex 65.3443 -7.3558 -5.64568
      vertex 64.2996 -5.91794 -6.93696
      vertex 66.4292 -6.42921 -5.64568
    endloop
  endfacet
  facet normal 0.295561 -0.346073 -0.890437
    outer loop
      vertex 64.2996 -5.91794 -6.93696
      vertex 63.1491 -4.33436 -7.93431
      vertex 63.7884 -3.78837 -7.93431
    endloop
  endfacet
  facet normal 0.0723389 -0.30132 -0.950775
    outer loop
      vertex 61.6556 -5.09535 -7.93431
      vertex 60.8381 -5.29161 -7.93431
      vertex 61.0099 -3.10828 -8.61318
    endloop
  endfacet
  facet normal 0.0723507 -0.30132 -0.950774
    outer loop
      vertex 60.8381 -5.29161 -7.93431
      vertex 60.5113 -3.228 -8.61318
      vertex 61.0099 -3.10828 -8.61318
    endloop
  endfacet
  facet normal -0.101884 0.119322 -0.987614
    outer loop
      vertex 59.2233 0.776705 -8.95684
      vertex 58.079 2.64406 -8.61318
      vertex 59.3544 0.888646 -8.95684
    endloop
  endfacet
  facet normal 0.119325 0.101875 -0.987615
    outer loop
      vertex 60.8886 0.645638 -8.95684
      vertex 60.7767 0.776705 -8.95684
      vertex 62.6441 1.92102 -8.61318
    endloop
  endfacet
  facet normal 0.201245 -0.235643 -0.950775
    outer loop
      vertex 63.7884 -3.78837 -7.93431
      vertex 61.921 -2.64406 -8.61318
      vertex 62.311 -2.31099 -8.61318
    endloop
  endfacet
  facet normal 0.201247 -0.23564 -0.950775
    outer loop
      vertex 63.1491 -4.33436 -7.93431
      vertex 61.921 -2.64406 -8.61318
      vertex 63.7884 -3.78837 -7.93431
    endloop
  endfacet
  facet normal 0.156422 -0.0122893 -0.987614
    outer loop
      vertex 63.2682 0 -8.61318
      vertex 61.0849 -0.171831 -8.95684
      vertex 61.0984 0 -8.95684
    endloop
  endfacet
  facet normal 0.156422 0.0122893 -0.987614
    outer loop
      vertex 61.0984 0 -8.95684
      vertex 61.0849 0.171831 -8.95684
      vertex 63.2682 0 -8.61318
    endloop
  endfacet
  facet normal 0.4537 0.0357283 -0.890438
    outer loop
      vertex 65.3576 0 -7.93431
      vertex 65.2916 0.838108 -7.93431
      vertex 67.2249 1.14431 -6.93696
    endloop
  endfacet
  facet normal 0.308919 -0.0242899 -0.950778
    outer loop
      vertex 65.3576 0 -7.93431
      vertex 63.228 -0.511264 -8.61318
      vertex 63.2682 0 -8.61318
    endloop
  endfacet
  facet normal 0.225408 -0.544136 -0.80815
    outer loop
      vertex 62.8097 -8.64726 -5.64568
      vertex 62.2605 -6.95696 -6.93696
      vertex 63.3209 -6.51769 -6.93696
    endloop
  endfacet
  facet normal 0.137486 -0.572704 -0.808151
    outer loop
      vertex 62.8097 -8.64726 -5.64568
      vertex 61.1443 -7.22492 -6.93696
      vertex 62.2605 -6.95696 -6.93696
    endloop
  endfacet
  facet normal 0.87893 -0.364061 -0.308125
    outer loop
      vertex 72.1294 -6.18025 1.73177
      vertex 71.5246 -5.87206 -0.357568
      vertex 72.3013 -3.99692 -0.357568
    endloop
  endfacet
  facet normal 0.823698 -0.341183 -0.452896
    outer loop
      vertex 71.5246 -5.87206 -0.357568
      vertex 70.6359 -5.41927 -2.31498
      vertex 72.3013 -3.99692 -0.357568
    endloop
  endfacet
  facet normal 0.984721 -0.0774849 -0.15595
    outer loop
      vertex 73.785 -2.18333 3.90157
      vertex 73.4456 -2.12957 1.73177
      vertex 73.9568 0 3.90157
    endloop
  endfacet
  facet normal 0.96047 -0.2306 -0.15595
    outer loop
      vertex 73.785 -2.18333 3.90157
      vertex 72.9469 -4.2067 1.73177
      vertex 73.4456 -2.12957 1.73177
    endloop
  endfacet
  facet normal 0.42316 -0.690537 0.586595
    outer loop
      vertex 66.2574 -8.61254 14.0923
      vertex 65.4193 -10.6359 12.315
      vertex 67.0164 -9.6572 12.315
    endloop
  endfacet
  facet normal 0.525991 -0.615825 0.586595
    outer loop
      vertex 67.5276 -7.52763 14.0923
      vertex 66.2574 -8.61254 14.0923
      vertex 67.0164 -9.6572 12.315
    endloop
  endfacet
  facet normal 0.654301 -0.271027 0.705999
    outer loop
      vertex 68.6473 -2.80967 15.6457
      vertex 68.1013 -4.1278 15.6457
      vertex 70.1246 -3.2897 14.0923
    endloop
  endfacet
  facet normal 0.654298 -0.270988 0.706016
    outer loop
      vertex 70.1246 -3.2897 14.0923
      vertex 68.1013 -4.1278 15.6457
      vertex 69.4854 -4.83304 14.0923
    endloop
  endfacet
  facet normal 0.420442 -0.174166 0.890446
    outer loop
      vertex 66.957 -2.26045 16.937
      vertex 65.0954 -1.65558 17.9343
      vertex 66.5177 -3.32093 16.937
    endloop
  endfacet
  facet normal 0.388034 -0.237751 0.890452
    outer loop
      vertex 64.7736 -2.43228 17.9343
      vertex 64.3344 -3.1491 17.9343
      vertex 66.5177 -3.32093 16.937
    endloop
  endfacet
  facet normal 0.516111 -0.842204 0.155957
    outer loop
      vertex 68.2036 -11.2913 6.09843
      vertex 66.1803 -12.1294 8.26824
      vertex 66.3363 -12.4356 6.09843
    endloop
  endfacet
  facet normal -0.677953 -0.579026 0.452888
    outer loop
      vertex 50.3428 -7.01637 12.315
      vertex 49.5359 -7.6026 10.3576
      vertex 51.5593 -8.44071 12.315
    endloop
  endfacet
  facet normal -0.615833 -0.525971 0.586604
    outer loop
      vertex 52.4724 -7.52763 14.0923
      vertex 50.3428 -7.01637 12.315
      vertex 51.5593 -8.44071 12.315
    endloop
  endfacet
  facet normal 0.0699668 -0.888817 0.452891
    outer loop
      vertex 61.8674 -11.79 12.315
      vertex 60 -11.937 12.315
      vertex 62.0234 -12.7751 10.3576
    endloop
  endfacet
  facet normal 0.208134 -0.866933 0.452889
    outer loop
      vertex 63.9969 -12.3013 10.3576
      vertex 61.8674 -11.79 12.315
      vertex 62.0234 -12.7751 10.3576
    endloop
  endfacet
  facet normal 0.16532 -0.68864 0.706006
    outer loop
      vertex 62.8097 -8.64726 15.6457
      vertex 61.4223 -8.98033 15.6457
      vertex 63.2897 -10.1246 14.0923
    endloop
  endfacet
  facet normal 0.0462117 -0.587164 0.808148
    outer loop
      vertex 61.1443 -7.22492 16.937
      vertex 60 -7.31498 16.937
      vertex 61.4223 -8.98033 15.6457
    endloop
  endfacet
  facet normal -0.144933 -0.060046 0.987618
    outer loop
      vertex 58.9553 -0.339432 18.9568
      vertex 56.8917 -1.00994 18.6132
      vertex 57.088 -1.48375 18.6132
    endloop
  endfacet
  facet normal -0.286307 -0.118617 0.950767
    outer loop
      vertex 56.8917 -1.00994 18.6132
      vertex 54.9047 -1.65558 17.9343
      vertex 57.088 -1.48375 18.6132
    endloop
  endfacet
  facet normal -0.201253 -0.235652 0.950771
    outer loop
      vertex 57.689 -2.31099 18.6132
      vertex 56.2116 -3.78837 17.9343
      vertex 58.079 -2.64406 18.6132
    endloop
  endfacet
  facet normal -0.0600208 -0.144945 0.987618
    outer loop
      vertex 59.5013 -0.978705 18.9568
      vertex 58.5163 -2.91202 18.6132
      vertex 59.6606 -1.04467 18.9568
    endloop
  endfacet
  facet normal -0.106231 -0.442512 0.890448
    outer loop
      vertex 58.3444 -5.09535 17.9343
      vertex 57.7395 -6.95696 16.937
      vertex 58.8557 -7.22492 16.937
    endloop
  endfacet
  facet normal -0.174166 -0.420438 0.890448
    outer loop
      vertex 58.3444 -5.09535 17.9343
      vertex 56.6791 -6.51769 16.937
      vertex 57.7395 -6.95696 16.937
    endloop
  endfacet
  facet normal -0.106235 -0.442513 0.890447
    outer loop
      vertex 59.1619 -5.29161 17.9343
      vertex 58.3444 -5.09535 17.9343
      vertex 58.8557 -7.22492 16.937
    endloop
  endfacet
  facet normal -0.0357057 -0.453683 0.890447
    outer loop
      vertex 59.1619 -5.29161 17.9343
      vertex 58.8557 -7.22492 16.937
      vertex 60 -5.35757 17.9343
    endloop
  endfacet
  facet normal -0.161921 -0.264223 0.950772
    outer loop
      vertex 58.5163 -2.91202 18.6132
      vertex 56.8509 -4.33436 17.9343
      vertex 57.5677 -4.77363 17.9343
    endloop
  endfacet
  facet normal -0.23779 -0.388026 0.890445
    outer loop
      vertex 56.8509 -4.33436 17.9343
      vertex 56.6791 -6.51769 16.937
      vertex 57.5677 -4.77363 17.9343
    endloop
  endfacet
  facet normal -0.235634 -0.201271 0.950772
    outer loop
      vertex 57.3559 -1.92102 18.6132
      vertex 56.2116 -3.78837 17.9343
      vertex 57.689 -2.31099 18.6132
    endloop
  endfacet
  facet normal -0.235645 -0.201264 0.95077
    outer loop
      vertex 57.3559 -1.92102 18.6132
      vertex 55.6656 -3.1491 17.9343
      vertex 56.2116 -3.78837 17.9343
    endloop
  endfacet
  facet normal -0.502176 -0.307745 0.808153
    outer loop
      vertex 54.0821 -4.29964 16.937
      vertex 51.8987 -4.1278 15.6457
      vertex 52.6442 -5.3443 15.6457
    endloop
  endfacet
  facet normal -0.447859 -0.382508 0.808152
    outer loop
      vertex 54.0821 -4.29964 16.937
      vertex 52.6442 -5.3443 15.6457
      vertex 53.5708 -6.42921 15.6457
    endloop
  endfacet
  facet normal -0.0819965 -0.133749 0.987617
    outer loop
      vertex 59.3544 -0.888646 18.9568
      vertex 58.5163 -2.91202 18.6132
      vertex 59.5013 -0.978705 18.9568
    endloop
  endfacet
  facet normal -0.101867 -0.119302 0.987618
    outer loop
      vertex 59.2233 -0.776705 18.9568
      vertex 58.079 -2.64406 18.6132
      vertex 59.3544 -0.888646 18.9568
    endloop
  endfacet
  facet normal 0.301336 -0.0723314 0.950771
    outer loop
      vertex 63.228 -0.511264 18.6132
      vertex 63.1083 -1.00994 18.6132
      vertex 65.2916 -0.838108 17.9343
    endloop
  endfacet
  facet normal 0.119304 0.101857 0.987619
    outer loop
      vertex 62.6441 1.92102 18.6132
      vertex 60.7767 0.776705 18.9568
      vertex 60.8886 0.645638 18.9568
    endloop
  endfacet
  facet normal -0.0774979 -0.984722 0.155936
    outer loop
      vertex 60 -13.6132 8.26824
      vertex 57.8704 -13.4456 8.26824
      vertex 60 -13.9568 6.09843
    endloop
  endfacet
  facet normal -0.0746397 -0.948406 0.308148
    outer loop
      vertex 57.9766 -12.7751 10.3576
      vertex 57.8704 -13.4456 8.26824
      vertex 60 -13.6132 8.26824
    endloop
  endfacet
  facet normal 0.271026 -0.654297 -0.706003
    outer loop
      vertex 63.2897 -10.1246 -4.09227
      vertex 62.8097 -8.64726 -5.64568
      vertex 64.1278 -8.10127 -5.64568
    endloop
  endfacet
  facet normal 0.271007 -0.654296 -0.706011
    outer loop
      vertex 64.833 -9.48537 -4.09227
      vertex 63.2897 -10.1246 -4.09227
      vertex 64.1278 -8.10127 -5.64568
    endloop
  endfacet
  facet normal -0.525977 0.615828 0.586603
    outer loop
      vertex 52.9836 9.6572 12.315
      vertex 51.5593 8.44071 12.315
      vertex 52.4724 7.52763 14.0923
    endloop
  endfacet
  facet normal -0.723407 0.61784 0.308148
    outer loop
      vertex 50.374 9.62597 8.26824
      vertex 48.9867 8.00163 8.26824
      vertex 49.5359 7.6026 10.3576
    endloop
  endfacet
  facet normal -0.760178 0.465848 0.452897
    outer loop
      vertex 49.5359 7.6026 10.3576
      vertex 48.4754 5.87206 10.3576
      vertex 49.3641 5.41927 12.315
    endloop
  endfacet
  facet normal -0.823697 0.341183 0.452899
    outer loop
      vertex 48.4754 5.87206 10.3576
      vertex 47.6987 3.99692 10.3576
      vertex 49.3641 5.41927 12.315
    endloop
  endfacet
  facet normal 0.34117 0.823701 0.452902
    outer loop
      vertex 63.9969 12.3013 10.3576
      vertex 63.6887 11.3527 12.315
      vertex 65.4193 10.6359 12.315
    endloop
  endfacet
  facet normal 0.271006 0.654294 0.706014
    outer loop
      vertex 64.833 9.48537 14.0923
      vertex 63.2897 10.1246 14.0923
      vertex 64.1278 8.10127 15.6457
    endloop
  endfacet
  facet normal 0.18908 0.787495 0.586601
    outer loop
      vertex 63.6887 11.3527 12.315
      vertex 61.8674 11.79 12.315
      vertex 63.2897 10.1246 14.0923
    endloop
  endfacet
  facet normal 0.222088 0.925052 0.308149
    outer loop
      vertex 62.1296 13.4456 8.26824
      vertex 62.0234 12.7751 10.3576
      vertex 63.9969 12.3013 10.3576
    endloop
  endfacet
  facet normal 0.346064 0.29554 0.890447
    outer loop
      vertex 65.1725 5.17247 16.937
      vertex 63.7884 3.78837 17.9343
      vertex 65.9179 4.29964 16.937
    endloop
  endfacet
  facet normal -0.063556 0.807378 0.586602
    outer loop
      vertex 60 11.937 12.315
      vertex 58.1326 11.79 12.315
      vertex 60 10.6457 14.0923
    endloop
  endfacet
  facet normal 0.0746397 0.948406 0.308148
    outer loop
      vertex 62.1296 13.4456 8.26824
      vertex 60 13.6132 8.26824
      vertex 62.0234 12.7751 10.3576
    endloop
  endfacet
  facet normal -0.230601 0.960471 0.155945
    outer loop
      vertex 57.8167 13.785 6.09843
      vertex 55.6871 13.2737 6.09843
      vertex 55.7933 12.9469 8.26824
    endloop
  endfacet
  facet normal -0.42316 0.690537 0.586595
    outer loop
      vertex 54.5807 10.6359 12.315
      vertex 52.9836 9.6572 12.315
      vertex 53.7426 8.61254 14.0923
    endloop
  endfacet
  facet normal -0.497093 0.811146 0.308125
    outer loop
      vertex 53.8197 12.1294 8.26824
      vertex 52.3974 10.4641 10.3576
      vertex 54.1279 11.5246 10.3576
    endloop
  endfacet
  facet normal -0.309915 0.748232 0.586601
    outer loop
      vertex 56.7103 10.1246 14.0923
      vertex 54.5807 10.6359 12.315
      vertex 55.167 9.48537 14.0923
    endloop
  endfacet
  facet normal -0.0699668 0.888817 0.452891
    outer loop
      vertex 60 11.937 12.315
      vertex 57.9766 12.7751 10.3576
      vertex 58.1326 11.79 12.315
    endloop
  endfacet
  facet normal -0.502176 0.307745 0.808153
    outer loop
      vertex 52.6442 5.3443 15.6457
      vertex 51.8987 4.1278 15.6457
      vertex 54.0821 4.29964 16.937
    endloop
  endfacet
  facet normal 0.0819965 0.133749 0.987617
    outer loop
      vertex 61.4837 2.91202 18.6132
      vertex 60.4987 0.978705 18.9568
      vertex 60.6456 0.888646 18.9568
    endloop
  endfacet
  facet normal -0.615833 0.525973 0.586603
    outer loop
      vertex 52.4724 7.52763 14.0923
      vertex 50.3428 7.01637 12.315
      vertex 51.3875 6.25738 14.0923
    endloop
  endfacet
  facet normal -0.459939 0.53852 0.706011
    outer loop
      vertex 54.6557 7.3558 15.6457
      vertex 52.4724 7.52763 14.0923
      vertex 53.5708 6.42921 15.6457
    endloop
  endfacet
  facet normal -0.972366 0.233461 0
    outer loop
      vertex 46.215 2.18333 3.90157
      vertex 46.7263 4.3129 6.09843
      vertex 46.7263 4.3129 3.90157
    endloop
  endfacet
  facet normal -0.972366 0.233461 0
    outer loop
      vertex 46.7263 4.3129 6.09843
      vertex 46.215 2.18333 3.90157
      vertex 46.215 2.18333 6.09843
    endloop
  endfacet
  facet normal -0.502171 0.307742 -0.808158
    outer loop
      vertex 54.0821 4.29964 -6.93696
      vertex 51.8987 4.1278 -5.64568
      vertex 52.6442 5.3443 -5.64568
    endloop
  endfacet
  facet normal -0.50217 0.307754 -0.808154
    outer loop
      vertex 53.4823 3.32093 -6.93696
      vertex 51.8987 4.1278 -5.64568
      vertex 54.0821 4.29964 -6.93696
    endloop
  endfacet
  facet normal -0.388049 0.23776 -0.890442
    outer loop
      vertex 55.2264 2.43228 -7.93431
      vertex 53.4823 3.32093 -6.93696
      vertex 55.6656 3.1491 -7.93431
    endloop
  endfacet
  facet normal -0.26423 0.161895 -0.950775
    outer loop
      vertex 57.088 1.48375 -8.61318
      vertex 55.2264 2.43228 -7.93431
      vertex 55.6656 3.1491 -7.93431
    endloop
  endfacet
  facet normal -0.442528 -0.106264 -0.890437
    outer loop
      vertex 54.9047 -1.65558 -7.93431
      vertex 52.7751 -1.14431 -6.93696
      vertex 54.7084 -0.838108 -7.93431
    endloop
  endfacet
  facet normal -0.453702 -0.0357234 -0.890437
    outer loop
      vertex 52.7751 -1.14431 -6.93696
      vertex 52.685 0 -6.93696
      vertex 54.6424 0 -7.93431
    endloop
  endfacet
  facet normal -0.308927 -0.0243276 -0.950775
    outer loop
      vertex 54.7084 -0.838108 -7.93431
      vertex 54.6424 0 -7.93431
      vertex 56.772 -0.511264 -8.61318
    endloop
  endfacet
  facet normal -0.201245 0.235643 -0.950775
    outer loop
      vertex 57.689 2.31099 -8.61318
      vertex 56.2116 3.78837 -7.93431
      vertex 58.079 2.64406 -8.61318
    endloop
  endfacet
  facet normal -0.309912 0.748234 -0.586601
    outer loop
      vertex 56.7103 10.1246 -4.09227
      vertex 54.5807 10.6359 -2.31498
      vertex 56.3113 11.3527 -2.31498
    endloop
  endfacet
  facet normal -0.34117 0.823702 -0.4529
    outer loop
      vertex 56.3113 11.3527 -2.31498
      vertex 54.5807 10.6359 -2.31498
      vertex 56.0031 12.3013 -0.357568
    endloop
  endfacet
  facet normal -0.309915 0.748231 -0.586604
    outer loop
      vertex 55.167 9.48537 -4.09227
      vertex 54.5807 10.6359 -2.31498
      vertex 56.7103 10.1246 -4.09227
    endloop
  endfacet
  facet normal -0.271007 0.654296 -0.706011
    outer loop
      vertex 55.8722 8.10127 -5.64568
      vertex 55.167 9.48537 -4.09227
      vertex 56.7103 10.1246 -4.09227
    endloop
  endfacet
  facet normal -0.617855 0.723384 -0.308173
    outer loop
      vertex 50.8541 9.14594 -0.357568
      vertex 50.374 9.62597 1.73177
      vertex 52.3974 10.4641 -0.357568
    endloop
  endfacet
  facet normal -0.364051 0.878934 -0.308126
    outer loop
      vertex 54.1279 11.5246 -0.357568
      vertex 53.8197 12.1294 1.73177
      vertex 56.0031 12.3013 -0.357568
    endloop
  endfacet
  facet normal -0.617836 0.723413 -0.308143
    outer loop
      vertex 52.3974 10.4641 -0.357568
      vertex 50.374 9.62597 1.73177
      vertex 51.9984 11.0133 1.73177
    endloop
  endfacet
  facet normal -0.497076 0.811149 -0.308144
    outer loop
      vertex 52.3974 10.4641 -0.357568
      vertex 51.9984 11.0133 1.73177
      vertex 53.8197 12.1294 1.73177
    endloop
  endfacet
  facet normal -0.144922 0.0600645 0.987618
    outer loop
      vertex 59.0213 0.498675 18.9568
      vertex 57.088 1.48375 18.6132
      vertex 58.9553 0.339432 18.9568
    endloop
  endfacet
  facet normal 0.201247 0.23564 -0.950775
    outer loop
      vertex 63.7884 3.78837 -7.93431
      vertex 61.921 2.64406 -8.61318
      vertex 63.1491 4.33436 -7.93431
    endloop
  endfacet
  facet normal 0.0723389 0.30132 -0.950775
    outer loop
      vertex 61.0099 3.10828 -8.61318
      vertex 60.8381 5.29161 -7.93431
      vertex 61.6556 5.09535 -7.93431
    endloop
  endfacet
  facet normal -0.144947 0.0600747 -0.987614
    outer loop
      vertex 58.9553 0.339432 -8.95684
      vertex 57.088 1.48375 -8.61318
      vertex 59.0213 0.498675 -8.95684
    endloop
  endfacet
  facet normal -0.0357077 0.453701 -0.890438
    outer loop
      vertex 60 5.35757 -7.93431
      vertex 58.8557 7.22492 -6.93696
      vertex 60 7.31498 -6.93696
    endloop
  endfacet
  facet normal 0.101884 -0.119322 -0.987614
    outer loop
      vertex 61.921 -2.64406 -8.61318
      vertex 60.6456 -0.888646 -8.95684
      vertex 60.7767 -0.776705 -8.95684
    endloop
  endfacet
  facet normal -0.165341 0.688625 -0.706015
    outer loop
      vertex 58.5777 8.98033 -5.64568
      vertex 56.7103 10.1246 -4.09227
      vertex 58.3346 10.5146 -4.09227
    endloop
  endfacet
  facet normal -0.0555773 0.706015 -0.706013
    outer loop
      vertex 58.5777 8.98033 -5.64568
      vertex 58.3346 10.5146 -4.09227
      vertex 60 10.6457 -4.09227
    endloop
  endfacet
  facet normal 0.0462114 0.587158 -0.808152
    outer loop
      vertex 61.4223 8.98033 -5.64568
      vertex 60 7.31498 -6.93696
      vertex 60 9.09227 -5.64568
    endloop
  endfacet
  facet normal 0.137487 0.572703 -0.808151
    outer loop
      vertex 62.8097 8.64726 -5.64568
      vertex 61.1443 7.22492 -6.93696
      vertex 61.4223 8.98033 -5.64568
    endloop
  endfacet
  facet normal -0.165321 0.688642 -0.706003
    outer loop
      vertex 57.1903 8.64726 -5.64568
      vertex 56.7103 10.1246 -4.09227
      vertex 58.5777 8.98033 -5.64568
    endloop
  endfacet
  facet normal -0.161915 0.264213 -0.950776
    outer loop
      vertex 58.5163 2.91202 -8.61318
      vertex 56.8509 4.33436 -7.93431
      vertex 57.5677 4.77363 -7.93431
    endloop
  endfacet
  facet normal -0.174173 0.420454 -0.890439
    outer loop
      vertex 58.3444 5.09535 -7.93431
      vertex 56.6791 6.51769 -6.93696
      vertex 57.7395 6.95696 -6.93696
    endloop
  endfacet
  facet normal -0.174162 0.420465 -0.890436
    outer loop
      vertex 57.5677 4.77363 -7.93431
      vertex 56.6791 6.51769 -6.93696
      vertex 58.3444 5.09535 -7.93431
    endloop
  endfacet
  facet normal 0.156396 -0.0122972 0.987618
    outer loop
      vertex 63.2682 0 18.6132
      vertex 61.0849 -0.171831 18.9568
      vertex 63.228 -0.511264 18.6132
    endloop
  endfacet
  facet normal -0.346064 0.29554 0.890447
    outer loop
      vertex 54.8275 5.17247 16.937
      vertex 54.0821 4.29964 16.937
      vertex 56.2116 3.78837 17.9343
    endloop
  endfacet
  facet normal 0.101867 0.119302 0.987618
    outer loop
      vertex 61.921 2.64406 18.6132
      vertex 60.6456 0.888646 18.9568
      vertex 60.7767 0.776705 18.9568
    endloop
  endfacet
  facet normal -0.22541 0.544142 0.808146
    outer loop
      vertex 57.1903 8.64726 15.6457
      vertex 56.6791 6.51769 16.937
      vertex 57.7395 6.95696 16.937
    endloop
  endfacet
  facet normal -0.0600362 0.144936 0.987618
    outer loop
      vertex 58.9901 3.10828 18.6132
      vertex 58.5163 2.91202 18.6132
      vertex 59.6606 1.04467 18.9568
    endloop
  endfacet
  facet normal -0.201255 -0.235649 0.950771
    outer loop
      vertex 58.079 -2.64406 18.6132
      vertex 56.2116 -3.78837 17.9343
      vertex 56.8509 -4.33436 17.9343
    endloop
  endfacet
  facet normal 0.706013 0.0555939 0.706013
    outer loop
      vertex 70.6457 0 14.0923
      vertex 68.9803 1.42234 15.6457
      vertex 69.0923 0 15.6457
    endloop
  endfacet
  facet normal 0.587161 0.0462351 0.808148
    outer loop
      vertex 68.9803 1.42234 15.6457
      vertex 67.315 0 16.937
      vertex 69.0923 0 15.6457
    endloop
  endfacet
  facet normal -0.152554 0.0365909 0.987617
    outer loop
      vertex 58.9553 0.339432 18.9568
      vertex 56.8917 1.00994 18.6132
      vertex 58.9151 0.171831 18.9568
    endloop
  endfacet
  facet normal -0.133746 -0.0819972 0.987618
    outer loop
      vertex 59.0213 -0.498675 18.9568
      vertex 57.088 -1.48375 18.6132
      vertex 59.1114 -0.645638 18.9568
    endloop
  endfacet
  facet normal 0.760179 0.465848 -0.452895
    outer loop
      vertex 70.6359 5.41927 -2.31498
      vertex 70.4641 7.6026 -0.357568
      vertex 71.5246 5.87206 -0.357568
    endloop
  endfacet
  facet normal 0.87893 0.364061 -0.308125
    outer loop
      vertex 72.3013 3.99692 -0.357568
      vertex 71.5246 5.87206 -0.357568
      vertex 72.1294 6.18025 1.73177
    endloop
  endfacet
  facet normal -0.230604 -0.96047 -0.155944
    outer loop
      vertex 57.8167 -13.785 3.90157
      vertex 55.7933 -12.9469 1.73177
      vertex 57.8704 -13.4456 1.73177
    endloop
  endfacet
  facet normal -0.45994 -0.538522 -0.706009
    outer loop
      vertex 54.6557 -7.3558 -5.64568
      vertex 52.4724 -7.52763 -4.09227
      vertex 53.5708 -6.42921 -5.64568
    endloop
  endfacet
  facet normal -0.81115 -0.497085 -0.308126
    outer loop
      vertex 49.5359 -7.6026 -0.357568
      vertex 47.8706 -6.18025 1.73177
      vertex 48.4754 -5.87206 -0.357568
    endloop
  endfacet
  facet normal -0.222087 -0.925051 -0.308151
    outer loop
      vertex 57.8704 -13.4456 1.73177
      vertex 56.0031 -12.3013 -0.357568
      vertex 57.9766 -12.7751 -0.357568
    endloop
  endfacet
  facet normal -0.208151 -0.866922 -0.452901
    outer loop
      vertex 58.1326 -11.79 -2.31498
      vertex 56.0031 -12.3013 -0.357568
      vertex 56.3113 -11.3527 -2.31498
    endloop
  endfacet
  facet normal -0.723407 -0.61784 -0.308151
    outer loop
      vertex 50.374 -9.62597 1.73177
      vertex 48.9867 -8.00163 1.73177
      vertex 49.5359 -7.6026 -0.357568
    endloop
  endfacet
  facet normal -0.641483 -0.751115 -0.155963
    outer loop
      vertex 51.7964 -11.2913 3.90157
      vertex 50.131 -9.86898 3.90157
      vertex 50.374 -9.62597 1.73177
    endloop
  endfacet
  facet normal -0.649431 -0.760421 0
    outer loop
      vertex 50.131 -9.86898 3.90157
      vertex 51.7964 -11.2913 6.09843
      vertex 50.131 -9.86898 6.09843
    endloop
  endfacet
  facet normal -0.649431 -0.760421 -0
    outer loop
      vertex 51.7964 -11.2913 6.09843
      vertex 50.131 -9.86898 3.90157
      vertex 51.7964 -11.2913 3.90157
    endloop
  endfacet
  facet normal -0.370029 -0.603834 -0.706019
    outer loop
      vertex 55.8722 -8.10127 -5.64568
      vertex 53.7426 -8.61254 -4.09227
      vertex 54.6557 -7.3558 -5.64568
    endloop
  endfacet
  facet normal -0.161905 -0.264223 -0.950775
    outer loop
      vertex 58.5163 -2.91202 -8.61318
      vertex 56.8509 -4.33436 -7.93431
      vertex 58.079 -2.64406 -8.61318
    endloop
  endfacet
  facet normal -0.2378 -0.388041 -0.890435
    outer loop
      vertex 57.5677 -4.77363 -7.93431
      vertex 56.6791 -6.51769 -6.93696
      vertex 56.8509 -4.33436 -7.93431
    endloop
  endfacet
  facet normal -0.161915 -0.264213 -0.950776
    outer loop
      vertex 57.5677 -4.77363 -7.93431
      vertex 56.8509 -4.33436 -7.93431
      vertex 58.5163 -2.91202 -8.61318
    endloop
  endfacet
  facet normal -0.0357077 -0.453701 -0.890438
    outer loop
      vertex 60 -7.31498 -6.93696
      vertex 58.8557 -7.22492 -6.93696
      vertex 60 -5.35757 -7.93431
    endloop
  endfacet
  facet normal 0.0357077 -0.453701 -0.890438
    outer loop
      vertex 61.1443 -7.22492 -6.93696
      vertex 60 -7.31498 -6.93696
      vertex 60 -5.35757 -7.93431
    endloop
  endfacet
  facet normal -0.0723507 -0.30132 -0.950774
    outer loop
      vertex 59.1619 -5.29161 -7.93431
      vertex 58.9901 -3.10828 -8.61318
      vertex 59.4887 -3.228 -8.61318
    endloop
  endfacet
  facet normal -0.0243132 -0.308928 -0.950775
    outer loop
      vertex 60 -5.35757 -7.93431
      vertex 59.1619 -5.29161 -7.93431
      vertex 59.4887 -3.228 -8.61318
    endloop
  endfacet
  facet normal -0.235635 -0.201256 -0.950775
    outer loop
      vertex 56.2116 -3.78837 -7.93431
      vertex 55.6656 -3.1491 -7.93431
      vertex 57.3559 -1.92102 -8.61318
    endloop
  endfacet
  facet normal 0.101884 0.119322 -0.987614
    outer loop
      vertex 60.7767 0.776705 -8.95684
      vertex 60.6456 0.888646 -8.95684
      vertex 61.921 2.64406 -8.61318
    endloop
  endfacet
  facet normal -0.156422 0.0122993 -0.987614
    outer loop
      vertex 58.9151 0.171831 -8.95684
      vertex 56.7318 0 -8.61318
      vertex 56.772 0.511264 -8.61318
    endloop
  endfacet
  facet normal 0.587157 -0.0462313 -0.808151
    outer loop
      vertex 68.9803 -1.42234 -5.64568
      vertex 67.2249 -1.14431 -6.93696
      vertex 67.315 0 -6.93696
    endloop
  endfacet
  facet normal 0.572707 -0.137467 -0.808152
    outer loop
      vertex 68.6473 -2.80967 -5.64568
      vertex 67.2249 -1.14431 -6.93696
      vertex 68.9803 -1.42234 -5.64568
    endloop
  endfacet
  facet normal 0.53852 -0.459942 -0.706009
    outer loop
      vertex 67.5276 -7.52763 -4.09227
      vertex 67.3558 -5.3443 -5.64568
      vertex 68.6125 -6.25738 -4.09227
    endloop
  endfacet
  facet normal 0.447855 -0.382504 -0.808157
    outer loop
      vertex 66.4292 -6.42921 -5.64568
      vertex 65.9179 -4.29964 -6.93696
      vertex 67.3558 -5.3443 -5.64568
    endloop
  endfacet
  facet normal 0.447881 -0.382492 -0.808148
    outer loop
      vertex 66.4292 -6.42921 -5.64568
      vertex 65.1725 -5.17247 -6.93696
      vertex 65.9179 -4.29964 -6.93696
    endloop
  endfacet
  facet normal 0.382494 -0.447877 -0.808148
    outer loop
      vertex 66.4292 -6.42921 -5.64568
      vertex 64.2996 -5.91794 -6.93696
      vertex 65.1725 -5.17247 -6.93696
    endloop
  endfacet
  facet normal -0.15257 -0.0366222 -0.987614
    outer loop
      vertex 56.8917 -1.00994 -8.61318
      vertex 56.772 -0.511264 -8.61318
      vertex 58.9151 -0.171831 -8.95684
    endloop
  endfacet
  facet normal -0.0366332 0.152567 -0.987614
    outer loop
      vertex 59.8282 1.0849 -8.95684
      vertex 58.9901 3.10828 -8.61318
      vertex 59.4887 3.228 -8.61318
    endloop
  endfacet
  facet normal 0.0123075 0.156421 -0.987614
    outer loop
      vertex 60.1718 1.0849 -8.95684
      vertex 60 3.26823 -8.61318
      vertex 60.5113 3.228 -8.61318
    endloop
  endfacet
  facet normal 0.308919 0.0242899 -0.950778
    outer loop
      vertex 63.2682 0 -8.61318
      vertex 63.228 0.511264 -8.61318
      vertex 65.3576 0 -7.93431
    endloop
  endfacet
  facet normal 0.156422 0.0122993 -0.987614
    outer loop
      vertex 63.2682 0 -8.61318
      vertex 61.0849 0.171831 -8.95684
      vertex 63.228 0.511264 -8.61318
    endloop
  endfacet
  facet normal 0.420438 -0.174194 -0.890443
    outer loop
      vertex 66.5177 -3.32093 -6.93696
      vertex 64.7736 -2.43228 -7.93431
      vertex 65.0954 -1.65558 -7.93431
    endloop
  endfacet
  facet normal 0.15257 -0.0366222 -0.987614
    outer loop
      vertex 63.1083 -1.00994 -8.61318
      vertex 61.0849 -0.171831 -8.95684
      vertex 63.228 -0.511264 -8.61318
    endloop
  endfacet
  facet normal 0.15257 0.0366222 -0.987614
    outer loop
      vertex 63.228 0.511264 -8.61318
      vertex 61.0849 0.171831 -8.95684
      vertex 63.1083 1.00994 -8.61318
    endloop
  endfacet
  facet normal 0.308927 0.0243276 -0.950775
    outer loop
      vertex 65.3576 0 -7.93431
      vertex 63.228 0.511264 -8.61318
      vertex 65.2916 0.838108 -7.93431
    endloop
  endfacet
  facet normal 0.286295 -0.118617 0.950771
    outer loop
      vertex 65.0954 -1.65558 17.9343
      vertex 62.912 -1.48375 18.6132
      vertex 64.7736 -2.43228 17.9343
    endloop
  endfacet
  facet normal 0.26424 -0.161902 0.950771
    outer loop
      vertex 64.7736 -2.43228 17.9343
      vertex 62.912 -1.48375 18.6132
      vertex 64.3344 -3.1491 17.9343
    endloop
  endfacet
  facet normal 0.271025 -0.654295 0.706005
    outer loop
      vertex 64.1278 -8.10127 15.6457
      vertex 62.8097 -8.64726 15.6457
      vertex 63.2897 -10.1246 14.0923
    endloop
  endfacet
  facet normal 0.30774 -0.502184 0.80815
    outer loop
      vertex 64.2996 -5.91794 16.937
      vertex 63.3209 -6.51769 16.937
      vertex 64.1278 -8.10127 15.6457
    endloop
  endfacet
  facet normal -0.0123168 0.156395 0.987618
    outer loop
      vertex 60 3.26823 18.6132
      vertex 59.8282 1.0849 18.9568
      vertex 60 1.09843 18.9568
    endloop
  endfacet
  facet normal 0.101867 -0.119302 0.987618
    outer loop
      vertex 60.7767 -0.776705 18.9568
      vertex 60.6456 -0.888646 18.9568
      vertex 61.921 -2.64406 18.6132
    endloop
  endfacet
  facet normal -0.10188 -0.119294 0.987618
    outer loop
      vertex 59.2233 -0.776705 18.9568
      vertex 57.689 -2.31099 18.6132
      vertex 58.079 -2.64406 18.6132
    endloop
  endfacet
  facet normal -0.0723418 -0.301332 0.950771
    outer loop
      vertex 58.9901 -3.10828 18.6132
      vertex 58.3444 -5.09535 17.9343
      vertex 59.1619 -5.29161 17.9343
    endloop
  endfacet
  facet normal -0.388034 -0.237751 0.890452
    outer loop
      vertex 55.2264 -2.43228 17.9343
      vertex 53.4823 -3.32093 16.937
      vertex 55.6656 -3.1491 17.9343
    endloop
  endfacet
  facet normal -0.420443 -0.174143 0.890451
    outer loop
      vertex 54.9047 -1.65558 17.9343
      vertex 53.4823 -3.32093 16.937
      vertex 55.2264 -2.43228 17.9343
    endloop
  endfacet
  facet normal 0.235634 -0.201271 0.950772
    outer loop
      vertex 62.6441 -1.92102 18.6132
      vertex 62.311 -2.31099 18.6132
      vertex 63.7884 -3.78837 17.9343
    endloop
  endfacet
  facet normal 0.235645 -0.201264 0.95077
    outer loop
      vertex 64.3344 -3.1491 17.9343
      vertex 62.6441 -1.92102 18.6132
      vertex 63.7884 -3.78837 17.9343
    endloop
  endfacet
  facet normal 0.118591 -0.286303 0.950772
    outer loop
      vertex 62.4323 -4.77363 17.9343
      vertex 61.4837 -2.91202 18.6132
      vertex 61.6556 -5.09535 17.9343
    endloop
  endfacet
  facet normal 0.161921 -0.264223 0.950772
    outer loop
      vertex 63.1491 -4.33436 17.9343
      vertex 61.4837 -2.91202 18.6132
      vertex 62.4323 -4.77363 17.9343
    endloop
  endfacet
  facet normal 0.18908 -0.787493 -0.586603
    outer loop
      vertex 61.8674 -11.79 -2.31498
      vertex 61.6654 -10.5146 -4.09227
      vertex 63.2897 -10.1246 -4.09227
    endloop
  endfacet
  facet normal 0.0635565 -0.807376 -0.586604
    outer loop
      vertex 61.8674 -11.79 -2.31498
      vertex 60 -10.6457 -4.09227
      vertex 61.6654 -10.5146 -4.09227
    endloop
  endfacet
  facet normal 0.309915 0.748232 0.586601
    outer loop
      vertex 65.4193 10.6359 12.315
      vertex 63.2897 10.1246 14.0923
      vertex 64.833 9.48537 14.0923
    endloop
  endfacet
  facet normal 0.370019 0.603847 0.706014
    outer loop
      vertex 64.833 9.48537 14.0923
      vertex 64.1278 8.10127 15.6457
      vertex 66.2574 8.61254 14.0923
    endloop
  endfacet
  facet normal -0.118594 0.286302 0.950772
    outer loop
      vertex 58.9901 3.10828 18.6132
      vertex 58.3444 5.09535 17.9343
      vertex 58.5163 2.91202 18.6132
    endloop
  endfacet
  facet normal 0.16532 0.68864 0.706006
    outer loop
      vertex 63.2897 10.1246 14.0923
      vertex 61.4223 8.98033 15.6457
      vertex 62.8097 8.64726 15.6457
    endloop
  endfacet
  facet normal 0.341173 0.823701 0.4529
    outer loop
      vertex 65.8721 11.5246 10.3576
      vertex 63.9969 12.3013 10.3576
      vertex 65.4193 10.6359 12.315
    endloop
  endfacet
  facet normal 0.364051 0.878935 0.308123
    outer loop
      vertex 66.1803 12.1294 8.26824
      vertex 63.9969 12.3013 10.3576
      vertex 65.8721 11.5246 10.3576
    endloop
  endfacet
  facet normal -0.378004 0.912573 0.155958
    outer loop
      vertex 55.7933 12.9469 8.26824
      vertex 53.6637 12.4356 6.09843
      vertex 53.8197 12.1294 8.26824
    endloop
  endfacet
  facet normal -0.516111 0.842204 0.155957
    outer loop
      vertex 53.6637 12.4356 6.09843
      vertex 51.7964 11.2913 6.09843
      vertex 53.8197 12.1294 8.26824
    endloop
  endfacet
  facet normal -0.0774979 0.984722 0.155936
    outer loop
      vertex 60 13.9568 6.09843
      vertex 57.8704 13.4456 8.26824
      vertex 60 13.6132 8.26824
    endloop
  endfacet
  facet normal -0.077486 0.984722 0.155947
    outer loop
      vertex 60 13.9568 6.09843
      vertex 57.8167 13.785 6.09843
      vertex 57.8704 13.4456 8.26824
    endloop
  endfacet
  facet normal -0.307738 0.502185 0.808151
    outer loop
      vertex 55.8722 8.10127 15.6457
      vertex 54.6557 7.3558 15.6457
      vertex 55.7004 5.91794 16.937
    endloop
  endfacet
  facet normal -0.465843 0.760189 0.452883
    outer loop
      vertex 54.5807 10.6359 12.315
      vertex 52.3974 10.4641 10.3576
      vertex 52.9836 9.6572 12.315
    endloop
  endfacet
  facet normal -0.723382 0.617857 0.308174
    outer loop
      vertex 50.374 9.62597 8.26824
      vertex 49.5359 7.6026 10.3576
      vertex 50.8541 9.14594 10.3576
    endloop
  endfacet
  facet normal -0.579046 0.677947 0.452872
    outer loop
      vertex 52.3974 10.4641 10.3576
      vertex 50.8541 9.14594 10.3576
      vertex 51.5593 8.44071 12.315
    endloop
  endfacet
  facet normal -0.30774 0.502184 0.80815
    outer loop
      vertex 55.8722 8.10127 15.6457
      vertex 55.7004 5.91794 16.937
      vertex 56.6791 6.51769 16.937
    endloop
  endfacet
  facet normal -0.18908 0.787495 0.586601
    outer loop
      vertex 58.1326 11.79 12.315
      vertex 56.7103 10.1246 14.0923
      vertex 58.3346 10.5146 14.0923
    endloop
  endfacet
  facet normal -0.447885 0.382496 0.808143
    outer loop
      vertex 54.8275 5.17247 16.937
      vertex 53.5708 6.42921 15.6457
      vertex 54.0821 4.29964 16.937
    endloop
  endfacet
  facet normal -0.388026 0.237801 0.890442
    outer loop
      vertex 54.0821 4.29964 16.937
      vertex 53.4823 3.32093 16.937
      vertex 55.6656 3.1491 17.9343
    endloop
  endfacet
  facet normal -0.133765 0.0819531 0.987619
    outer loop
      vertex 57.3559 1.92102 18.6132
      vertex 57.088 1.48375 18.6132
      vertex 59.1114 0.645638 18.9568
    endloop
  endfacet
  facet normal -0.346055 0.295565 0.890442
    outer loop
      vertex 56.2116 3.78837 17.9343
      vertex 54.0821 4.29964 16.937
      vertex 55.6656 3.1491 17.9343
    endloop
  endfacet
  facet normal -0.423142 0.690539 0.586606
    outer loop
      vertex 54.5807 10.6359 12.315
      vertex 53.7426 8.61254 14.0923
      vertex 55.167 9.48537 14.0923
    endloop
  endfacet
  facet normal -0.615833 0.525971 0.586604
    outer loop
      vertex 51.5593 8.44071 12.315
      vertex 50.3428 7.01637 12.315
      vertex 52.4724 7.52763 14.0923
    endloop
  endfacet
  facet normal -0.44252 0.106215 -0.890446
    outer loop
      vertex 54.9047 1.65558 -7.93431
      vertex 52.7751 1.14431 -6.93696
      vertex 53.043 2.26045 -6.93696
    endloop
  endfacet
  facet normal -0.420443 0.174167 -0.890446
    outer loop
      vertex 54.9047 1.65558 -7.93431
      vertex 53.043 2.26045 -6.93696
      vertex 53.4823 3.32093 -6.93696
    endloop
  endfacet
  facet normal -0.301325 -0.0723575 -0.950772
    outer loop
      vertex 54.9047 -1.65558 -7.93431
      vertex 54.7084 -0.838108 -7.93431
      vertex 56.8917 -1.00994 -8.61318
    endloop
  endfacet
  facet normal -0.301324 -0.0723285 -0.950775
    outer loop
      vertex 56.8917 -1.00994 -8.61318
      vertex 54.7084 -0.838108 -7.93431
      vertex 56.772 -0.511264 -8.61318
    endloop
  endfacet
  facet normal -0.453702 0.0357234 -0.890437
    outer loop
      vertex 54.6424 0 -7.93431
      vertex 52.685 0 -6.93696
      vertex 52.7751 1.14431 -6.93696
    endloop
  endfacet
  facet normal -0.4537 0.0357283 -0.890438
    outer loop
      vertex 54.6424 0 -7.93431
      vertex 52.7751 1.14431 -6.93696
      vertex 54.7084 0.838108 -7.93431
    endloop
  endfacet
  facet normal -0.156422 -0.0122893 -0.987614
    outer loop
      vertex 58.9151 -0.171831 -8.95684
      vertex 56.7318 0 -8.61318
      vertex 58.9016 0 -8.95684
    endloop
  endfacet
  facet normal -0.0123189 0.156421 -0.987614
    outer loop
      vertex 60 1.09843 -8.95684
      vertex 59.8282 1.0849 -8.95684
      vertex 60 3.26823 -8.61318
    endloop
  endfacet
  facet normal -0.264237 0.161889 -0.950774
    outer loop
      vertex 57.088 1.48375 -8.61318
      vertex 55.6656 3.1491 -7.93431
      vertex 57.3559 1.92102 -8.61318
    endloop
  endfacet
  facet normal -0.235635 0.201256 -0.950775
    outer loop
      vertex 57.3559 1.92102 -8.61318
      vertex 55.6656 3.1491 -7.93431
      vertex 56.2116 3.78837 -7.93431
    endloop
  endfacet
  facet normal -0.118586 0.286291 -0.950776
    outer loop
      vertex 58.5163 2.91202 -8.61318
      vertex 57.5677 4.77363 -7.93431
      vertex 58.3444 5.09535 -7.93431
    endloop
  endfacet
  facet normal -0.118589 0.286291 -0.950776
    outer loop
      vertex 58.5163 2.91202 -8.61318
      vertex 58.3444 5.09535 -7.93431
      vertex 58.9901 3.10828 -8.61318
    endloop
  endfacet
  facet normal -0.677947 0.579049 -0.452869
    outer loop
      vertex 51.5593 8.44071 -2.31498
      vertex 49.5359 7.6026 -0.357568
      vertex 50.8541 9.14594 -0.357568
    endloop
  endfacet
  facet normal -0.723382 0.617856 -0.308177
    outer loop
      vertex 50.8541 9.14594 -0.357568
      vertex 49.5359 7.6026 -0.357568
      vertex 50.374 9.62597 1.73177
    endloop
  endfacet
  facet normal 0.144922 -0.0600645 0.987618
    outer loop
      vertex 61.0447 -0.339432 18.9568
      vertex 60.9787 -0.498675 18.9568
      vertex 62.912 -1.48375 18.6132
    endloop
  endfacet
  facet normal 0.235635 0.201256 -0.950775
    outer loop
      vertex 64.3344 3.1491 -7.93431
      vertex 62.6441 1.92102 -8.61318
      vertex 63.7884 3.78837 -7.93431
    endloop
  endfacet
  facet normal 0.264237 0.161889 -0.950774
    outer loop
      vertex 62.912 1.48375 -8.61318
      vertex 62.6441 1.92102 -8.61318
      vertex 64.3344 3.1491 -7.93431
    endloop
  endfacet
  facet normal 0.119325 -0.101875 -0.987615
    outer loop
      vertex 62.6441 -1.92102 -8.61318
      vertex 60.7767 -0.776705 -8.95684
      vertex 60.8886 -0.645638 -8.95684
    endloop
  endfacet
  facet normal 0.119305 -0.101907 -0.987614
    outer loop
      vertex 62.311 -2.31099 -8.61318
      vertex 60.7767 -0.776705 -8.95684
      vertex 62.6441 -1.92102 -8.61318
    endloop
  endfacet
  facet normal 0.118586 0.286291 -0.950776
    outer loop
      vertex 62.4323 4.77363 -7.93431
      vertex 61.4837 2.91202 -8.61318
      vertex 61.6556 5.09535 -7.93431
    endloop
  endfacet
  facet normal 0.161915 0.264213 -0.950776
    outer loop
      vertex 63.1491 4.33436 -7.93431
      vertex 61.4837 2.91202 -8.61318
      vertex 62.4323 4.77363 -7.93431
    endloop
  endfacet
  facet normal -0.0123189 -0.156421 -0.987614
    outer loop
      vertex 60 -3.26823 -8.61318
      vertex 59.8282 -1.0849 -8.95684
      vertex 60 -1.09843 -8.95684
    endloop
  endfacet
  facet normal -0.0820105 0.133772 -0.987613
    outer loop
      vertex 59.3544 0.888646 -8.95684
      vertex 58.5163 2.91202 -8.61318
      vertex 59.5013 0.978705 -8.95684
    endloop
  endfacet
  facet normal 0.101897 -0.119314 -0.987614
    outer loop
      vertex 61.921 -2.64406 -8.61318
      vertex 60.7767 -0.776705 -8.95684
      vertex 62.311 -2.31099 -8.61318
    endloop
  endfacet
  facet normal -0.144958 -0.0600562 -0.987614
    outer loop
      vertex 57.088 -1.48375 -8.61318
      vertex 56.8917 -1.00994 -8.61318
      vertex 58.9553 -0.339432 -8.95684
    endloop
  endfacet
  facet normal -0.0462114 0.587158 -0.808152
    outer loop
      vertex 60 7.31498 -6.93696
      vertex 58.5777 8.98033 -5.64568
      vertex 60 9.09227 -5.64568
    endloop
  endfacet
  facet normal -0.0555654 0.70601 -0.706019
    outer loop
      vertex 60 9.09227 -5.64568
      vertex 58.5777 8.98033 -5.64568
      vertex 60 10.6457 -4.09227
    endloop
  endfacet
  facet normal 0.0462112 0.587158 -0.808152
    outer loop
      vertex 61.1443 7.22492 -6.93696
      vertex 60 7.31498 -6.93696
      vertex 61.4223 8.98033 -5.64568
    endloop
  endfacet
  facet normal -0.0243069 0.308927 -0.950775
    outer loop
      vertex 60 3.26823 -8.61318
      vertex 59.4887 3.228 -8.61318
      vertex 60 5.35757 -7.93431
    endloop
  endfacet
  facet normal -0.237793 0.388042 -0.890437
    outer loop
      vertex 56.8509 4.33436 -7.93431
      vertex 55.7004 5.91794 -6.93696
      vertex 56.6791 6.51769 -6.93696
    endloop
  endfacet
  facet normal -0.307737 0.502179 -0.808155
    outer loop
      vertex 56.6791 6.51769 -6.93696
      vertex 55.7004 5.91794 -6.93696
      vertex 55.8722 8.10127 -5.64568
    endloop
  endfacet
  facet normal -0.225408 0.544136 -0.80815
    outer loop
      vertex 57.7395 6.95696 -6.93696
      vertex 56.6791 6.51769 -6.93696
      vertex 57.1903 8.64726 -5.64568
    endloop
  endfacet
  facet normal -0.225395 0.544136 -0.808154
    outer loop
      vertex 56.6791 6.51769 -6.93696
      vertex 55.8722 8.10127 -5.64568
      vertex 57.1903 8.64726 -5.64568
    endloop
  endfacet
  facet normal 0.0123054 -0.156394 0.987618
    outer loop
      vertex 60.1718 -1.0849 18.9568
      vertex 60 -3.26823 18.6132
      vertex 60.5113 -3.228 18.6132
    endloop
  endfacet
  facet normal 0.036627 -0.152541 0.987618
    outer loop
      vertex 61.0099 -3.10828 18.6132
      vertex 60.1718 -1.0849 18.9568
      vertex 60.5113 -3.228 18.6132
    endloop
  endfacet
  facet normal 0.286295 -0.118613 0.950771
    outer loop
      vertex 63.1083 -1.00994 18.6132
      vertex 62.912 -1.48375 18.6132
      vertex 65.0954 -1.65558 17.9343
    endloop
  endfacet
  facet normal 0.301336 -0.072323 0.950771
    outer loop
      vertex 65.2916 -0.838108 17.9343
      vertex 63.1083 -1.00994 18.6132
      vertex 65.0954 -1.65558 17.9343
    endloop
  endfacet
  facet normal 0.842217 0.516091 -0.155953
    outer loop
      vertex 72.1294 6.18025 1.73177
      vertex 71.0133 8.00163 1.73177
      vertex 71.2913 8.20363 3.90157
    endloop
  endfacet
  facet normal 0.84221 0.516098 -0.155962
    outer loop
      vertex 72.1294 6.18025 1.73177
      vertex 71.2913 8.20363 3.90157
      vertex 72.4356 6.33627 3.90157
    endloop
  endfacet
  facet normal -0.382676 -0.923883 0
    outer loop
      vertex 53.6637 -12.4356 3.90157
      vertex 55.6871 -13.2737 6.09843
      vertex 53.6637 -12.4356 6.09843
    endloop
  endfacet
  facet normal -0.382676 -0.923883 -0
    outer loop
      vertex 55.6871 -13.2737 6.09843
      vertex 53.6637 -12.4356 3.90157
      vertex 55.6871 -13.2737 3.90157
    endloop
  endfacet
  facet normal -0.0746397 -0.948405 -0.308151
    outer loop
      vertex 60 -13.6132 1.73177
      vertex 57.8704 -13.4456 1.73177
      vertex 57.9766 -12.7751 -0.357568
    endloop
  endfacet
  facet normal -0.0774979 -0.984722 -0.155936
    outer loop
      vertex 60 -13.9568 3.90157
      vertex 57.8704 -13.4456 1.73177
      vertex 60 -13.6132 1.73177
    endloop
  endfacet
  facet normal -0.823698 -0.341183 -0.452896
    outer loop
      vertex 48.4754 -5.87206 -0.357568
      vertex 47.6987 -3.99692 -0.357568
      vertex 49.3641 -5.41927 -2.31498
    endloop
  endfacet
  facet normal -0.823698 -0.341179 -0.4529
    outer loop
      vertex 49.3641 -5.41927 -2.31498
      vertex 47.6987 -3.99692 -0.357568
      vertex 48.6473 -3.68872 -2.31498
    endloop
  endfacet
  facet normal -0.307737 -0.502179 -0.808155
    outer loop
      vertex 55.8722 -8.10127 -5.64568
      vertex 55.7004 -5.91794 -6.93696
      vertex 56.6791 -6.51769 -6.93696
    endloop
  endfacet
  facet normal -0.271026 -0.654297 -0.706003
    outer loop
      vertex 56.7103 -10.1246 -4.09227
      vertex 55.8722 -8.10127 -5.64568
      vertex 57.1903 -8.64726 -5.64568
    endloop
  endfacet
  facet normal -0.309915 -0.748231 -0.586604
    outer loop
      vertex 56.7103 -10.1246 -4.09227
      vertex 54.5807 -10.6359 -2.31498
      vertex 55.167 -9.48537 -4.09227
    endloop
  endfacet
  facet normal -0.208134 -0.866934 -0.452886
    outer loop
      vertex 57.9766 -12.7751 -0.357568
      vertex 56.0031 -12.3013 -0.357568
      vertex 58.1326 -11.79 -2.31498
    endloop
  endfacet
  facet normal -0.690527 -0.423186 -0.586588
    outer loop
      vertex 51.3875 -6.25738 -4.09227
      vertex 49.3641 -5.41927 -2.31498
      vertex 50.5146 -4.83304 -4.09227
    endloop
  endfacet
  facet normal -0.603836 -0.370045 -0.706009
    outer loop
      vertex 52.6442 -5.3443 -5.64568
      vertex 51.3875 -6.25738 -4.09227
      vertex 51.8987 -4.1278 -5.64568
    endloop
  endfacet
  facet normal -0.0462114 -0.587158 -0.808152
    outer loop
      vertex 60 -9.09227 -5.64568
      vertex 58.5777 -8.98033 -5.64568
      vertex 60 -7.31498 -6.93696
    endloop
  endfacet
  facet normal -0.0555654 -0.70601 -0.706019
    outer loop
      vertex 60 -10.6457 -4.09227
      vertex 58.5777 -8.98033 -5.64568
      vertex 60 -9.09227 -5.64568
    endloop
  endfacet
  facet normal -0.751106 -0.641497 -0.155954
    outer loop
      vertex 50.374 -9.62597 1.73177
      vertex 48.7087 -8.20363 3.90157
      vertex 48.9867 -8.00163 1.73177
    endloop
  endfacet
  facet normal -0.842217 -0.516091 -0.155953
    outer loop
      vertex 48.7087 -8.20363 3.90157
      vertex 47.8706 -6.18025 1.73177
      vertex 48.9867 -8.00163 1.73177
    endloop
  endfacet
  facet normal -0.346077 -0.295551 -0.890438
    outer loop
      vertex 54.8275 -5.17247 -6.93696
      vertex 54.0821 -4.29964 -6.93696
      vertex 56.2116 -3.78837 -7.93431
    endloop
  endfacet
  facet normal -0.295561 -0.346073 -0.890437
    outer loop
      vertex 56.8509 -4.33436 -7.93431
      vertex 55.7004 -5.91794 -6.93696
      vertex 56.2116 -3.78837 -7.93431
    endloop
  endfacet
  facet normal -0.156422 0.0122893 -0.987614
    outer loop
      vertex 58.9016 0 -8.95684
      vertex 56.7318 0 -8.61318
      vertex 58.9151 0.171831 -8.95684
    endloop
  endfacet
  facet normal -0.156422 -0.0122993 -0.987614
    outer loop
      vertex 56.772 -0.511264 -8.61318
      vertex 56.7318 0 -8.61318
      vertex 58.9151 -0.171831 -8.95684
    endloop
  endfacet
  facet normal -0.235624 -0.201263 -0.950776
    outer loop
      vertex 57.689 -2.31099 -8.61318
      vertex 56.2116 -3.78837 -7.93431
      vertex 57.3559 -1.92102 -8.61318
    endloop
  endfacet
  facet normal -0.0366226 -0.152571 -0.987614
    outer loop
      vertex 59.8282 -1.0849 -8.95684
      vertex 58.9901 -3.10828 -8.61318
      vertex 59.6606 -1.04467 -8.95684
    endloop
  endfacet
  facet normal -0.0600464 -0.144961 -0.987614
    outer loop
      vertex 58.9901 -3.10828 -8.61318
      vertex 58.5163 -2.91202 -8.61318
      vertex 59.6606 -1.04467 -8.95684
    endloop
  endfacet
  facet normal 0.420458 -0.174173 -0.890437
    outer loop
      vertex 66.5177 -3.32093 -6.93696
      vertex 65.0954 -1.65558 -7.93431
      vertex 66.957 -2.26045 -6.93696
    endloop
  endfacet
  facet normal 0.57271 -0.137464 -0.808151
    outer loop
      vertex 68.6473 -2.80967 -5.64568
      vertex 66.957 -2.26045 -6.93696
      vertex 67.2249 -1.14431 -6.93696
    endloop
  endfacet
  facet normal 0.538522 -0.459941 -0.706009
    outer loop
      vertex 67.5276 -7.52763 -4.09227
      vertex 66.4292 -6.42921 -5.64568
      vertex 67.3558 -5.3443 -5.64568
    endloop
  endfacet
  facet normal 0.45994 -0.538522 -0.706009
    outer loop
      vertex 67.5276 -7.52763 -4.09227
      vertex 65.3443 -7.3558 -5.64568
      vertex 66.4292 -6.42921 -5.64568
    endloop
  endfacet
  facet normal 0.0820105 0.133772 -0.987613
    outer loop
      vertex 60.6456 0.888646 -8.95684
      vertex 60.4987 0.978705 -8.95684
      vertex 61.4837 2.91202 -8.61318
    endloop
  endfacet
  facet normal 0.0819782 0.133785 -0.987614
    outer loop
      vertex 61.921 2.64406 -8.61318
      vertex 60.6456 0.888646 -8.95684
      vertex 61.4837 2.91202 -8.61318
    endloop
  endfacet
  facet normal 0.301324 0.0723285 -0.950775
    outer loop
      vertex 63.228 0.511264 -8.61318
      vertex 63.1083 1.00994 -8.61318
      vertex 65.2916 0.838108 -7.93431
    endloop
  endfacet
  facet normal 0.301324 0.0723201 -0.950775
    outer loop
      vertex 65.2916 0.838108 -7.93431
      vertex 63.1083 1.00994 -8.61318
      vertex 65.0954 1.65558 -7.93431
    endloop
  endfacet
  facet normal 0.388049 -0.23776 -0.890442
    outer loop
      vertex 66.5177 -3.32093 -6.93696
      vertex 64.3344 -3.1491 -7.93431
      vertex 64.7736 -2.43228 -7.93431
    endloop
  endfacet
  facet normal 0.388041 -0.23781 -0.890433
    outer loop
      vertex 65.9179 -4.29964 -6.93696
      vertex 64.3344 -3.1491 -7.93431
      vertex 66.5177 -3.32093 -6.93696
    endloop
  endfacet
  facet normal 0.264237 -0.161889 -0.950774
    outer loop
      vertex 64.3344 -3.1491 -7.93431
      vertex 62.6441 -1.92102 -8.61318
      vertex 62.912 -1.48375 -8.61318
    endloop
  endfacet
  facet normal 0.133788 -0.081967 -0.987614
    outer loop
      vertex 62.6441 -1.92102 -8.61318
      vertex 60.8886 -0.645638 -8.95684
      vertex 62.912 -1.48375 -8.61318
    endloop
  endfacet
  facet normal 0.370019 -0.603847 0.706014
    outer loop
      vertex 66.2574 -8.61254 14.0923
      vertex 64.1278 -8.10127 15.6457
      vertex 64.833 -9.48537 14.0923
    endloop
  endfacet
  facet normal 0.370028 -0.603832 0.706021
    outer loop
      vertex 65.3443 -7.3558 15.6457
      vertex 64.1278 -8.10127 15.6457
      vertex 66.2574 -8.61254 14.0923
    endloop
  endfacet
  facet normal 0.174166 -0.420438 0.890448
    outer loop
      vertex 63.3209 -6.51769 16.937
      vertex 61.6556 -5.09535 17.9343
      vertex 62.2605 -6.95696 16.937
    endloop
  endfacet
  facet normal 0.106231 -0.442512 0.890448
    outer loop
      vertex 61.6556 -5.09535 17.9343
      vertex 61.1443 -7.22492 16.937
      vertex 62.2605 -6.95696 16.937
    endloop
  endfacet
  facet normal 0.133765 -0.0819531 0.987619
    outer loop
      vertex 62.912 -1.48375 18.6132
      vertex 60.8886 -0.645638 18.9568
      vertex 62.6441 -1.92102 18.6132
    endloop
  endfacet
  facet normal 0.0819965 -0.133749 0.987617
    outer loop
      vertex 60.6456 -0.888646 18.9568
      vertex 60.4987 -0.978705 18.9568
      vertex 61.4837 -2.91202 18.6132
    endloop
  endfacet
  facet normal -0.0819643 -0.133762 0.987618
    outer loop
      vertex 59.3544 -0.888646 18.9568
      vertex 58.079 -2.64406 18.6132
      vertex 58.5163 -2.91202 18.6132
    endloop
  endfacet
  facet normal -0.0600208 0.144945 0.987618
    outer loop
      vertex 59.6606 1.04467 18.9568
      vertex 58.5163 2.91202 18.6132
      vertex 59.5013 0.978705 18.9568
    endloop
  endfacet
  facet normal 0.152554 -0.0365909 0.987617
    outer loop
      vertex 61.0849 -0.171831 18.9568
      vertex 61.0447 -0.339432 18.9568
      vertex 63.1083 -1.00994 18.6132
    endloop
  endfacet
  facet normal -0.16532 0.68864 0.706006
    outer loop
      vertex 58.5777 8.98033 15.6457
      vertex 56.7103 10.1246 14.0923
      vertex 57.1903 8.64726 15.6457
    endloop
  endfacet
  facet normal -0.106235 0.442513 0.890447
    outer loop
      vertex 58.8557 7.22492 16.937
      vertex 58.3444 5.09535 17.9343
      vertex 59.1619 5.29161 17.9343
    endloop
  endfacet
  facet normal -0.0357057 0.453683 0.890447
    outer loop
      vertex 60 5.35757 17.9343
      vertex 58.8557 7.22492 16.937
      vertex 59.1619 5.29161 17.9343
    endloop
  endfacet
  facet normal -0.0635566 0.807378 0.586602
    outer loop
      vertex 60 10.6457 14.0923
      vertex 58.1326 11.79 12.315
      vertex 58.3346 10.5146 14.0923
    endloop
  endfacet
  facet normal 0.382498 0.447882 0.808144
    outer loop
      vertex 66.4292 6.42921 15.6457
      vertex 64.2996 5.91794 16.937
      vertex 65.1725 5.17247 16.937
    endloop
  endfacet
  facet normal 0.382508 0.44786 0.808152
    outer loop
      vertex 65.3443 7.3558 15.6457
      vertex 64.2996 5.91794 16.937
      vertex 66.4292 6.42921 15.6457
    endloop
  endfacet
  facet normal 0.208151 0.866921 0.452903
    outer loop
      vertex 63.9969 12.3013 10.3576
      vertex 61.8674 11.79 12.315
      vertex 63.6887 11.3527 12.315
    endloop
  endfacet
  facet normal 0.309913 0.748235 0.586599
    outer loop
      vertex 63.6887 11.3527 12.315
      vertex 63.2897 10.1246 14.0923
      vertex 65.4193 10.6359 12.315
    endloop
  endfacet
  facet normal -0.497076 0.81115 0.308141
    outer loop
      vertex 53.8197 12.1294 8.26824
      vertex 51.9984 11.0133 8.26824
      vertex 52.3974 10.4641 10.3576
    endloop
  endfacet
  facet normal -0.617837 0.723414 0.30814
    outer loop
      vertex 51.9984 11.0133 8.26824
      vertex 50.374 9.62597 8.26824
      vertex 52.3974 10.4641 10.3576
    endloop
  endfacet
  facet normal -0.0699329 0.888833 0.452863
    outer loop
      vertex 60 12.9343 10.3576
      vertex 57.9766 12.7751 10.3576
      vertex 60 11.937 12.315
    endloop
  endfacet
  facet normal -0.222088 0.925052 0.308149
    outer loop
      vertex 57.8704 13.4456 8.26824
      vertex 56.0031 12.3013 10.3576
      vertex 57.9766 12.7751 10.3576
    endloop
  endfacet
  facet normal -0.34117 0.823701 0.452902
    outer loop
      vertex 56.0031 12.3013 10.3576
      vertex 54.5807 10.6359 12.315
      vertex 56.3113 11.3527 12.315
    endloop
  endfacet
  facet normal -0.309913 0.748235 0.586599
    outer loop
      vertex 56.3113 11.3527 12.315
      vertex 54.5807 10.6359 12.315
      vertex 56.7103 10.1246 14.0923
    endloop
  endfacet
  facet normal -0.54414 0.225396 0.808151
    outer loop
      vertex 51.8987 4.1278 15.6457
      vertex 51.3527 2.80967 15.6457
      vertex 53.4823 3.32093 16.937
    endloop
  endfacet
  facet normal -0.544141 0.225408 0.808147
    outer loop
      vertex 53.4823 3.32093 16.937
      vertex 51.3527 2.80967 15.6457
      vertex 53.043 2.26045 16.937
    endloop
  endfacet
  facet normal -0.53852 0.459939 0.706011
    outer loop
      vertex 53.5708 6.42921 15.6457
      vertex 52.4724 7.52763 14.0923
      vertex 52.6442 5.3443 15.6457
    endloop
  endfacet
  facet normal -0.447859 0.382508 0.808152
    outer loop
      vertex 53.5708 6.42921 15.6457
      vertex 52.6442 5.3443 15.6457
      vertex 54.0821 4.29964 16.937
    endloop
  endfacet
  facet normal 0.201255 0.235649 0.950771
    outer loop
      vertex 63.1491 4.33436 17.9343
      vertex 61.921 2.64406 18.6132
      vertex 63.7884 3.78837 17.9343
    endloop
  endfacet
  facet normal -0.26424 0.161902 0.950771
    outer loop
      vertex 55.6656 3.1491 17.9343
      vertex 55.2264 2.43228 17.9343
      vertex 57.088 1.48375 18.6132
    endloop
  endfacet
  facet normal -0.388034 0.237751 0.890452
    outer loop
      vertex 55.6656 3.1491 17.9343
      vertex 53.4823 3.32093 16.937
      vertex 55.2264 2.43228 17.9343
    endloop
  endfacet
  facet normal -0.525991 0.615825 0.586595
    outer loop
      vertex 52.9836 9.6572 12.315
      vertex 52.4724 7.52763 14.0923
      vertex 53.7426 8.61254 14.0923
    endloop
  endfacet
  facet normal -0.459947 0.538501 0.706021
    outer loop
      vertex 53.7426 8.61254 14.0923
      vertex 52.4724 7.52763 14.0923
      vertex 54.6557 7.3558 15.6457
    endloop
  endfacet
  facet normal -0.677946 0.579048 0.452871
    outer loop
      vertex 50.8541 9.14594 10.3576
      vertex 49.5359 7.6026 10.3576
      vertex 51.5593 8.44071 12.315
    endloop
  endfacet
  facet normal -0.677953 0.579026 0.452888
    outer loop
      vertex 51.5593 8.44071 12.315
      vertex 49.5359 7.6026 10.3576
      vertex 50.3428 7.01637 12.315
    endloop
  endfacet
  facet normal -0.286299 0.118582 -0.950774
    outer loop
      vertex 57.088 1.48375 -8.61318
      vertex 54.9047 1.65558 -7.93431
      vertex 55.2264 2.43228 -7.93431
    endloop
  endfacet
  facet normal -0.42046 0.174149 -0.890441
    outer loop
      vertex 54.9047 1.65558 -7.93431
      vertex 53.4823 3.32093 -6.93696
      vertex 55.2264 2.43228 -7.93431
    endloop
  endfacet
  facet normal -0.119305 0.101907 -0.987614
    outer loop
      vertex 59.2233 0.776705 -8.95684
      vertex 57.3559 1.92102 -8.61318
      vertex 57.689 2.31099 -8.61318
    endloop
  endfacet
  facet normal -0.301324 0.0723285 -0.950775
    outer loop
      vertex 56.772 0.511264 -8.61318
      vertex 54.7084 0.838108 -7.93431
      vertex 56.8917 1.00994 -8.61318
    endloop
  endfacet
  facet normal -0.133788 0.081967 -0.987614
    outer loop
      vertex 59.1114 0.645638 -8.95684
      vertex 57.088 1.48375 -8.61318
      vertex 57.3559 1.92102 -8.61318
    endloop
  endfacet
  facet normal -0.286295 -0.118613 -0.950771
    outer loop
      vertex 57.088 -1.48375 -8.61318
      vertex 54.9047 -1.65558 -7.93431
      vertex 56.8917 -1.00994 -8.61318
    endloop
  endfacet
  facet normal -0.101897 -0.119314 -0.987614
    outer loop
      vertex 58.079 -2.64406 -8.61318
      vertex 57.689 -2.31099 -8.61318
      vertex 59.2233 -0.776705 -8.95684
    endloop
  endfacet
  facet normal -0.144958 0.0600562 -0.987614
    outer loop
      vertex 58.9553 0.339432 -8.95684
      vertex 56.8917 1.00994 -8.61318
      vertex 57.088 1.48375 -8.61318
    endloop
  endfacet
  facet normal -0.15257 0.0366222 -0.987614
    outer loop
      vertex 58.9151 0.171831 -8.95684
      vertex 56.772 0.511264 -8.61318
      vertex 56.8917 1.00994 -8.61318
    endloop
  endfacet
  facet normal -0.235624 0.201263 -0.950776
    outer loop
      vertex 57.3559 1.92102 -8.61318
      vertex 56.2116 3.78837 -7.93431
      vertex 57.689 2.31099 -8.61318
    endloop
  endfacet
  facet normal -0.0819782 0.133785 -0.987614
    outer loop
      vertex 59.3544 0.888646 -8.95684
      vertex 58.079 2.64406 -8.61318
      vertex 58.5163 2.91202 -8.61318
    endloop
  endfacet
  facet normal 0.0123189 0.156421 -0.987614
    outer loop
      vertex 60.1718 1.0849 -8.95684
      vertex 60 1.09843 -8.95684
      vertex 60 3.26823 -8.61318
    endloop
  endfacet
  facet normal 0.101897 0.119314 -0.987614
    outer loop
      vertex 62.311 2.31099 -8.61318
      vertex 60.7767 0.776705 -8.95684
      vertex 61.921 2.64406 -8.61318
    endloop
  endfacet
  facet normal 0.201245 0.235643 -0.950775
    outer loop
      vertex 62.311 2.31099 -8.61318
      vertex 61.921 2.64406 -8.61318
      vertex 63.7884 3.78837 -7.93431
    endloop
  endfacet
  facet normal -0.0366226 0.152571 -0.987614
    outer loop
      vertex 59.6606 1.04467 -8.95684
      vertex 58.9901 3.10828 -8.61318
      vertex 59.8282 1.0849 -8.95684
    endloop
  endfacet
  facet normal 0.0366332 0.152567 -0.987614
    outer loop
      vertex 61.0099 3.10828 -8.61318
      vertex 60.1718 1.0849 -8.95684
      vertex 60.5113 3.228 -8.61318
    endloop
  endfacet
  facet normal 0.0723507 0.30132 -0.950774
    outer loop
      vertex 61.0099 3.10828 -8.61318
      vertex 60.5113 3.228 -8.61318
      vertex 60.8381 5.29161 -7.93431
    endloop
  endfacet
  facet normal 0.0357077 0.453701 -0.890438
    outer loop
      vertex 61.1443 7.22492 -6.93696
      vertex 60 5.35757 -7.93431
      vertex 60 7.31498 -6.93696
    endloop
  endfacet
  facet normal 0.0357071 0.453701 -0.890438
    outer loop
      vertex 60.8381 5.29161 -7.93431
      vertex 60 5.35757 -7.93431
      vertex 61.1443 7.22492 -6.93696
    endloop
  endfacet
  facet normal -0.516111 -0.842204 -0.155957
    outer loop
      vertex 53.6637 -12.4356 3.90157
      vertex 51.7964 -11.2913 3.90157
      vertex 53.8197 -12.1294 1.73177
    endloop
  endfacet
  facet normal -0.516108 -0.842206 -0.155953
    outer loop
      vertex 53.8197 -12.1294 1.73177
      vertex 51.7964 -11.2913 3.90157
      vertex 51.9984 -11.0133 1.73177
    endloop
  endfacet
  facet normal -0.377994 -0.912579 -0.155947
    outer loop
      vertex 55.6871 -13.2737 3.90157
      vertex 53.6637 -12.4356 3.90157
      vertex 55.7933 -12.9469 1.73177
    endloop
  endfacet
  facet normal -0.378004 -0.912573 -0.155958
    outer loop
      vertex 55.7933 -12.9469 1.73177
      vertex 53.6637 -12.4356 3.90157
      vertex 53.8197 -12.1294 1.73177
    endloop
  endfacet
  facet normal -0.0635565 -0.807376 -0.586604
    outer loop
      vertex 60 -10.6457 -4.09227
      vertex 58.1326 -11.79 -2.31498
      vertex 58.3346 -10.5146 -4.09227
    endloop
  endfacet
  facet normal -0.18908 -0.787493 -0.586603
    outer loop
      vertex 58.1326 -11.79 -2.31498
      vertex 56.3113 -11.3527 -2.31498
      vertex 56.7103 -10.1246 -4.09227
    endloop
  endfacet
  facet normal -0.579047 -0.677948 -0.45287
    outer loop
      vertex 52.3974 -10.4641 -0.357568
      vertex 50.8541 -9.14594 -0.357568
      vertex 51.5593 -8.44071 -2.31498
    endloop
  endfacet
  facet normal -0.617855 -0.723384 -0.308173
    outer loop
      vertex 52.3974 -10.4641 -0.357568
      vertex 50.374 -9.62597 1.73177
      vertex 50.8541 -9.14594 -0.357568
    endloop
  endfacet
  facet normal -0.603826 -0.370052 -0.706015
    outer loop
      vertex 51.3875 -6.25738 -4.09227
      vertex 50.5146 -4.83304 -4.09227
      vertex 51.8987 -4.1278 -5.64568
    endloop
  endfacet
  facet normal -0.677954 -0.579027 -0.452886
    outer loop
      vertex 51.5593 -8.44071 -2.31498
      vertex 49.5359 -7.6026 -0.357568
      vertex 50.3428 -7.01637 -2.31498
    endloop
  endfacet
  facet normal -0.420443 -0.174167 -0.890446
    outer loop
      vertex 53.4823 -3.32093 -6.93696
      vertex 53.043 -2.26045 -6.93696
      vertex 54.9047 -1.65558 -7.93431
    endloop
  endfacet
  facet normal -0.42046 -0.174149 -0.890441
    outer loop
      vertex 55.2264 -2.43228 -7.93431
      vertex 53.4823 -3.32093 -6.93696
      vertex 54.9047 -1.65558 -7.93431
    endloop
  endfacet
  facet normal -0.465843 -0.76019 -0.452881
    outer loop
      vertex 54.5807 -10.6359 -2.31498
      vertex 52.3974 -10.4641 -0.357568
      vertex 52.9836 -9.6572 -2.31498
    endloop
  endfacet
  facet normal -0.615832 -0.525972 -0.586605
    outer loop
      vertex 52.4724 -7.52763 -4.09227
      vertex 50.3428 -7.01637 -2.31498
      vertex 51.3875 -6.25738 -4.09227
    endloop
  endfacet
  facet normal -0.174173 -0.420454 -0.890439
    outer loop
      vertex 57.7395 -6.95696 -6.93696
      vertex 56.6791 -6.51769 -6.93696
      vertex 58.3444 -5.09535 -7.93431
    endloop
  endfacet
  facet normal -0.106236 -0.44253 -0.890439
    outer loop
      vertex 58.8557 -7.22492 -6.93696
      vertex 57.7395 -6.95696 -6.93696
      vertex 58.3444 -5.09535 -7.93431
    endloop
  endfacet
  facet normal -0.137487 -0.572703 -0.808151
    outer loop
      vertex 58.5777 -8.98033 -5.64568
      vertex 57.1903 -8.64726 -5.64568
      vertex 58.8557 -7.22492 -6.93696
    endloop
  endfacet
  facet normal -0.271007 -0.654296 -0.706011
    outer loop
      vertex 56.7103 -10.1246 -4.09227
      vertex 55.167 -9.48537 -4.09227
      vertex 55.8722 -8.10127 -5.64568
    endloop
  endfacet
  facet normal -0.119305 -0.101907 -0.987614
    outer loop
      vertex 57.689 -2.31099 -8.61318
      vertex 57.3559 -1.92102 -8.61318
      vertex 59.2233 -0.776705 -8.95684
    endloop
  endfacet
  facet normal -0.0819782 -0.133785 -0.987614
    outer loop
      vertex 58.5163 -2.91202 -8.61318
      vertex 58.079 -2.64406 -8.61318
      vertex 59.3544 -0.888646 -8.95684
    endloop
  endfacet
  facet normal 0.144958 -0.0600562 -0.987614
    outer loop
      vertex 62.912 -1.48375 -8.61318
      vertex 61.0447 -0.339432 -8.95684
      vertex 63.1083 -1.00994 -8.61318
    endloop
  endfacet
  facet normal 0.15258 -0.0365972 -0.987613
    outer loop
      vertex 63.1083 -1.00994 -8.61318
      vertex 61.0447 -0.339432 -8.95684
      vertex 61.0849 -0.171831 -8.95684
    endloop
  endfacet
  facet normal -0.0366164 -0.152545 0.987618
    outer loop
      vertex 59.6606 -1.04467 18.9568
      vertex 58.9901 -3.10828 18.6132
      vertex 59.8282 -1.0849 18.9568
    endloop
  endfacet
  facet normal 0.0366164 -0.152545 0.987618
    outer loop
      vertex 60.3394 -1.04467 18.9568
      vertex 60.1718 -1.0849 18.9568
      vertex 61.0099 -3.10828 18.6132
    endloop
  endfacet
  facet normal 0.0243079 -0.308939 0.950771
    outer loop
      vertex 60 -3.26823 18.6132
      vertex 60 -5.35757 17.9343
      vertex 60.5113 -3.228 18.6132
    endloop
  endfacet
  facet normal -0.0723536 -0.301332 0.95077
    outer loop
      vertex 59.4887 -3.228 18.6132
      vertex 58.9901 -3.10828 18.6132
      vertex 59.1619 -5.29161 17.9343
    endloop
  endfacet
  facet normal -0.0243142 -0.30894 0.950771
    outer loop
      vertex 59.4887 -3.228 18.6132
      vertex 59.1619 -5.29161 17.9343
      vertex 60 -5.35757 17.9343
    endloop
  endfacet
  facet normal -0.036627 -0.152541 0.987618
    outer loop
      vertex 59.8282 -1.0849 18.9568
      vertex 58.9901 -3.10828 18.6132
      vertex 59.4887 -3.228 18.6132
    endloop
  endfacet
  facet normal 0.106231 0.442512 0.890448
    outer loop
      vertex 62.2605 6.95696 16.937
      vertex 61.1443 7.22492 16.937
      vertex 61.6556 5.09535 17.9343
    endloop
  endfacet
  facet normal 0.271025 0.654295 0.706005
    outer loop
      vertex 63.2897 10.1246 14.0923
      vertex 62.8097 8.64726 15.6457
      vertex 64.1278 8.10127 15.6457
    endloop
  endfacet
  facet normal -0.0555653 0.706008 0.706021
    outer loop
      vertex 60 10.6457 14.0923
      vertex 58.5777 8.98033 15.6457
      vertex 60 9.09227 15.6457
    endloop
  endfacet
  facet normal 0.0555772 0.706012 0.706015
    outer loop
      vertex 61.6654 10.5146 14.0923
      vertex 60 10.6457 14.0923
      vertex 61.4223 8.98033 15.6457
    endloop
  endfacet
  facet normal -0.370019 0.603847 0.706014
    outer loop
      vertex 55.167 9.48537 14.0923
      vertex 53.7426 8.61254 14.0923
      vertex 55.8722 8.10127 15.6457
    endloop
  endfacet
  facet normal -0.271006 0.654294 0.706014
    outer loop
      vertex 56.7103 10.1246 14.0923
      vertex 55.167 9.48537 14.0923
      vertex 55.8722 8.10127 15.6457
    endloop
  endfacet
  facet normal 0.0699668 0.888817 0.452891
    outer loop
      vertex 62.0234 12.7751 10.3576
      vertex 60 11.937 12.315
      vertex 61.8674 11.79 12.315
    endloop
  endfacet
  facet normal 0.063556 0.807378 0.586602
    outer loop
      vertex 60 11.937 12.315
      vertex 60 10.6457 14.0923
      vertex 61.8674 11.79 12.315
    endloop
  endfacet
  facet normal 0.0699329 0.888833 0.452863
    outer loop
      vertex 60 12.9343 10.3576
      vertex 60 11.937 12.315
      vertex 62.0234 12.7751 10.3576
    endloop
  endfacet
  facet normal 0.0774979 0.984722 0.155936
    outer loop
      vertex 60 13.9568 6.09843
      vertex 60 13.6132 8.26824
      vertex 62.1296 13.4456 8.26824
    endloop
  endfacet
  facet normal -0.465855 0.760172 0.452899
    outer loop
      vertex 54.1279 11.5246 10.3576
      vertex 52.3974 10.4641 10.3576
      vertex 54.5807 10.6359 12.315
    endloop
  endfacet
  facet normal -0.341173 0.823701 0.4529
    outer loop
      vertex 56.0031 12.3013 10.3576
      vertex 54.1279 11.5246 10.3576
      vertex 54.5807 10.6359 12.315
    endloop
  endfacet
  facet normal -0.18908 0.787495 0.586601
    outer loop
      vertex 58.1326 11.79 12.315
      vertex 56.3113 11.3527 12.315
      vertex 56.7103 10.1246 14.0923
    endloop
  endfacet
  facet normal -0.208151 0.866921 0.452903
    outer loop
      vertex 58.1326 11.79 12.315
      vertex 56.0031 12.3013 10.3576
      vertex 56.3113 11.3527 12.315
    endloop
  endfacet
  facet normal -0.538519 0.45994 0.706012
    outer loop
      vertex 52.4724 7.52763 14.0923
      vertex 51.3875 6.25738 14.0923
      vertex 52.6442 5.3443 15.6457
    endloop
  endfacet
  facet normal -0.603834 0.370044 0.706011
    outer loop
      vertex 52.6442 5.3443 15.6457
      vertex 51.3875 6.25738 14.0923
      vertex 51.8987 4.1278 15.6457
    endloop
  endfacet
  facet normal -0.295549 0.346059 0.890446
    outer loop
      vertex 56.8509 4.33436 17.9343
      vertex 55.7004 5.91794 16.937
      vertex 56.2116 3.78837 17.9343
    endloop
  endfacet
  facet normal -0.119304 0.101857 0.987619
    outer loop
      vertex 59.2233 0.776705 18.9568
      vertex 57.3559 1.92102 18.6132
      vertex 59.1114 0.645638 18.9568
    endloop
  endfacet
  facet normal 0.119304 -0.101857 0.987619
    outer loop
      vertex 60.8886 -0.645638 18.9568
      vertex 60.7767 -0.776705 18.9568
      vertex 62.6441 -1.92102 18.6132
    endloop
  endfacet
  facet normal 0.0123168 0.156395 0.987618
    outer loop
      vertex 60 3.26823 18.6132
      vertex 60 1.09843 18.9568
      vertex 60.1718 1.0849 18.9568
    endloop
  endfacet
  facet normal 0.0819643 0.133762 0.987618
    outer loop
      vertex 61.4837 2.91202 18.6132
      vertex 60.6456 0.888646 18.9568
      vertex 61.921 2.64406 18.6132
    endloop
  endfacet
  facet normal -0.420443 0.174143 0.890451
    outer loop
      vertex 55.2264 2.43228 17.9343
      vertex 53.4823 3.32093 16.937
      vertex 54.9047 1.65558 17.9343
    endloop
  endfacet
  facet normal -0.28631 0.118586 0.95077
    outer loop
      vertex 55.2264 2.43228 17.9343
      vertex 54.9047 1.65558 17.9343
      vertex 57.088 1.48375 18.6132
    endloop
  endfacet
  facet normal -0.264237 -0.161889 -0.950774
    outer loop
      vertex 57.3559 -1.92102 -8.61318
      vertex 55.6656 -3.1491 -7.93431
      vertex 57.088 -1.48375 -8.61318
    endloop
  endfacet
  facet normal -0.26423 -0.161895 -0.950775
    outer loop
      vertex 55.6656 -3.1491 -7.93431
      vertex 55.2264 -2.43228 -7.93431
      vertex 57.088 -1.48375 -8.61318
    endloop
  endfacet
  facet normal 0 0 -1
    outer loop
      vertex 61.0849 -0.171831 -8.95684
      vertex 61.0849 0.171831 -8.95684
      vertex 61.0984 0 -8.95684
    endloop
  endfacet
  facet normal 0 0 -1
    outer loop
      vertex 61.0447 -0.339432 -8.95684
      vertex 61.0849 0.171831 -8.95684
      vertex 61.0849 -0.171831 -8.95684
    endloop
  endfacet
  facet normal 0 0 -1
    outer loop
      vertex 61.0447 -0.339432 -8.95684
      vertex 61.0447 0.339432 -8.95684
      vertex 61.0849 0.171831 -8.95684
    endloop
  endfacet
  facet normal 0 0 -1
    outer loop
      vertex 60.9787 -0.498675 -8.95684
      vertex 61.0447 0.339432 -8.95684
      vertex 61.0447 -0.339432 -8.95684
    endloop
  endfacet
  facet normal 0 0 -1
    outer loop
      vertex 60.9787 -0.498675 -8.95684
      vertex 60.9787 0.498675 -8.95684
      vertex 61.0447 0.339432 -8.95684
    endloop
  endfacet
  facet normal 0 0 -1
    outer loop
      vertex 60.8886 -0.645638 -8.95684
      vertex 60.9787 0.498675 -8.95684
      vertex 60.9787 -0.498675 -8.95684
    endloop
  endfacet
  facet normal 0 0 -1
    outer loop
      vertex 60.8886 -0.645638 -8.95684
      vertex 60.8886 0.645638 -8.95684
      vertex 60.9787 0.498675 -8.95684
    endloop
  endfacet
  facet normal 0 0 -1
    outer loop
      vertex 60.7767 -0.776705 -8.95684
      vertex 60.8886 0.645638 -8.95684
      vertex 60.8886 -0.645638 -8.95684
    endloop
  endfacet
  facet normal 0 0 -1
    outer loop
      vertex 60.7767 -0.776705 -8.95684
      vertex 60.7767 0.776705 -8.95684
      vertex 60.8886 0.645638 -8.95684
    endloop
  endfacet
  facet normal 0 0 -1
    outer loop
      vertex 60.6456 -0.888646 -8.95684
      vertex 60.7767 0.776705 -8.95684
      vertex 60.7767 -0.776705 -8.95684
    endloop
  endfacet
  facet normal 0 0 -1
    outer loop
      vertex 60.6456 -0.888646 -8.95684
      vertex 60.6456 0.888646 -8.95684
      vertex 60.7767 0.776705 -8.95684
    endloop
  endfacet
  facet normal 0 0 -1
    outer loop
      vertex 60.4987 -0.978705 -8.95684
      vertex 60.6456 0.888646 -8.95684
      vertex 60.6456 -0.888646 -8.95684
    endloop
  endfacet
  facet normal 0 0 -1
    outer loop
      vertex 60.4987 -0.978705 -8.95684
      vertex 60.4987 0.978705 -8.95684
      vertex 60.6456 0.888646 -8.95684
    endloop
  endfacet
  facet normal 0 0 -1
    outer loop
      vertex 60.3394 -1.04467 -8.95684
      vertex 60.4987 0.978705 -8.95684
      vertex 60.4987 -0.978705 -8.95684
    endloop
  endfacet
  facet normal 0 0 -1
    outer loop
      vertex 60.3394 -1.04467 -8.95684
      vertex 60.3394 1.04467 -8.95684
      vertex 60.4987 0.978705 -8.95684
    endloop
  endfacet
  facet normal 0 0 -1
    outer loop
      vertex 60.1718 -1.0849 -8.95684
      vertex 60.3394 1.04467 -8.95684
      vertex 60.3394 -1.04467 -8.95684
    endloop
  endfacet
  facet normal 0 0 -1
    outer loop
      vertex 60.1718 -1.0849 -8.95684
      vertex 60.1718 1.0849 -8.95684
      vertex 60.3394 1.04467 -8.95684
    endloop
  endfacet
  facet normal 0 0 -1
    outer loop
      vertex 60 -1.09843 -8.95684
      vertex 60.1718 1.0849 -8.95684
      vertex 60.1718 -1.0849 -8.95684
    endloop
  endfacet
  facet normal 0 0 -1
    outer loop
      vertex 60 -1.09843 -8.95684
      vertex 60 1.09843 -8.95684
      vertex 60.1718 1.0849 -8.95684
    endloop
  endfacet
  facet normal 0 0 -1
    outer loop
      vertex 59.8282 -1.0849 -8.95684
      vertex 60 1.09843 -8.95684
      vertex 60 -1.09843 -8.95684
    endloop
  endfacet
  facet normal 0 0 -1
    outer loop
      vertex 59.8282 -1.0849 -8.95684
      vertex 59.8282 1.0849 -8.95684
      vertex 60 1.09843 -8.95684
    endloop
  endfacet
  facet normal 0 0 -1
    outer loop
      vertex 59.6606 -1.04467 -8.95684
      vertex 59.8282 1.0849 -8.95684
      vertex 59.8282 -1.0849 -8.95684
    endloop
  endfacet
  facet normal 0 0 -1
    outer loop
      vertex 59.6606 -1.04467 -8.95684
      vertex 59.6606 1.04467 -8.95684
      vertex 59.8282 1.0849 -8.95684
    endloop
  endfacet
  facet normal 0 0 -1
    outer loop
      vertex 59.5013 -0.978705 -8.95684
      vertex 59.6606 1.04467 -8.95684
      vertex 59.6606 -1.04467 -8.95684
    endloop
  endfacet
  facet normal 0 0 -1
    outer loop
      vertex 59.5013 -0.978705 -8.95684
      vertex 59.5013 0.978705 -8.95684
      vertex 59.6606 1.04467 -8.95684
    endloop
  endfacet
  facet normal 0 0 -1
    outer loop
      vertex 59.3544 -0.888646 -8.95684
      vertex 59.5013 0.978705 -8.95684
      vertex 59.5013 -0.978705 -8.95684
    endloop
  endfacet
  facet normal 0 0 -1
    outer loop
      vertex 59.3544 -0.888646 -8.95684
      vertex 59.3544 0.888646 -8.95684
      vertex 59.5013 0.978705 -8.95684
    endloop
  endfacet
  facet normal 0 0 -1
    outer loop
      vertex 59.2233 -0.776705 -8.95684
      vertex 59.3544 0.888646 -8.95684
      vertex 59.3544 -0.888646 -8.95684
    endloop
  endfacet
  facet normal 0 0 -1
    outer loop
      vertex 59.2233 -0.776705 -8.95684
      vertex 59.2233 0.776705 -8.95684
      vertex 59.3544 0.888646 -8.95684
    endloop
  endfacet
  facet normal 0 0 -1
    outer loop
      vertex 59.1114 -0.645638 -8.95684
      vertex 59.2233 0.776705 -8.95684
      vertex 59.2233 -0.776705 -8.95684
    endloop
  endfacet
  facet normal 0 0 -1
    outer loop
      vertex 59.1114 -0.645638 -8.95684
      vertex 59.1114 0.645638 -8.95684
      vertex 59.2233 0.776705 -8.95684
    endloop
  endfacet
  facet normal 0 0 -1
    outer loop
      vertex 59.0213 -0.498675 -8.95684
      vertex 59.1114 0.645638 -8.95684
      vertex 59.1114 -0.645638 -8.95684
    endloop
  endfacet
  facet normal 0 0 -1
    outer loop
      vertex 59.0213 -0.498675 -8.95684
      vertex 59.0213 0.498675 -8.95684
      vertex 59.1114 0.645638 -8.95684
    endloop
  endfacet
  facet normal 0 0 -1
    outer loop
      vertex 58.9553 -0.339432 -8.95684
      vertex 59.0213 0.498675 -8.95684
      vertex 59.0213 -0.498675 -8.95684
    endloop
  endfacet
  facet normal 0 0 -1
    outer loop
      vertex 58.9553 -0.339432 -8.95684
      vertex 58.9553 0.339432 -8.95684
      vertex 59.0213 0.498675 -8.95684
    endloop
  endfacet
  facet normal 0 0 -1
    outer loop
      vertex 58.9151 -0.171831 -8.95684
      vertex 58.9553 0.339432 -8.95684
      vertex 58.9553 -0.339432 -8.95684
    endloop
  endfacet
  facet normal 0 0 -1
    outer loop
      vertex 58.9151 -0.171831 -8.95684
      vertex 58.9151 0.171831 -8.95684
      vertex 58.9553 0.339432 -8.95684
    endloop
  endfacet
  facet normal 0 -0 -1
    outer loop
      vertex 58.9151 0.171831 -8.95684
      vertex 58.9151 -0.171831 -8.95684
      vertex 58.9016 0 -8.95684
    endloop
  endfacet
  facet normal -0.133769 0.0820112 -0.987613
    outer loop
      vertex 59.0213 0.498675 -8.95684
      vertex 57.088 1.48375 -8.61318
      vertex 59.1114 0.645638 -8.95684
    endloop
  endfacet
  facet normal -0.101884 -0.119322 -0.987614
    outer loop
      vertex 59.3544 -0.888646 -8.95684
      vertex 58.079 -2.64406 -8.61318
      vertex 59.2233 -0.776705 -8.95684
    endloop
  endfacet
  facet normal 0.0600464 0.144961 -0.987614
    outer loop
      vertex 61.4837 2.91202 -8.61318
      vertex 60.3394 1.04467 -8.95684
      vertex 61.0099 3.10828 -8.61318
    endloop
  endfacet
  facet normal 0.0366226 0.152571 -0.987614
    outer loop
      vertex 60.3394 1.04467 -8.95684
      vertex 60.1718 1.0849 -8.95684
      vertex 61.0099 3.10828 -8.61318
    endloop
  endfacet
  facet normal -0.060031 0.14497 -0.987613
    outer loop
      vertex 59.5013 0.978705 -8.95684
      vertex 58.5163 2.91202 -8.61318
      vertex 59.6606 1.04467 -8.95684
    endloop
  endfacet
  facet normal -0.0600464 0.144961 -0.987614
    outer loop
      vertex 59.6606 1.04467 -8.95684
      vertex 58.5163 2.91202 -8.61318
      vertex 58.9901 3.10828 -8.61318
    endloop
  endfacet
  facet normal -0.165321 -0.688642 -0.706003
    outer loop
      vertex 58.5777 -8.98033 -5.64568
      vertex 56.7103 -10.1246 -4.09227
      vertex 57.1903 -8.64726 -5.64568
    endloop
  endfacet
  facet normal -0.18908 -0.787493 -0.586603
    outer loop
      vertex 58.1326 -11.79 -2.31498
      vertex 56.7103 -10.1246 -4.09227
      vertex 58.3346 -10.5146 -4.09227
    endloop
  endfacet
  facet normal -0.579036 -0.677951 -0.452879
    outer loop
      vertex 52.3974 -10.4641 -0.357568
      vertex 51.5593 -8.44071 -2.31498
      vertex 52.9836 -9.6572 -2.31498
    endloop
  endfacet
  facet normal -0.497093 -0.811145 -0.308128
    outer loop
      vertex 53.8197 -12.1294 1.73177
      vertex 52.3974 -10.4641 -0.357568
      vertex 54.1279 -11.5246 -0.357568
    endloop
  endfacet
  facet normal -0.447881 -0.382492 -0.808148
    outer loop
      vertex 54.8275 -5.17247 -6.93696
      vertex 53.5708 -6.42921 -5.64568
      vertex 54.0821 -4.29964 -6.93696
    endloop
  endfacet
  facet normal -0.459949 -0.538502 -0.706019
    outer loop
      vertex 53.7426 -8.61254 -4.09227
      vertex 52.4724 -7.52763 -4.09227
      vertex 54.6557 -7.3558 -5.64568
    endloop
  endfacet
  facet normal -0.502171 -0.307742 -0.808158
    outer loop
      vertex 52.6442 -5.3443 -5.64568
      vertex 51.8987 -4.1278 -5.64568
      vertex 54.0821 -4.29964 -6.93696
    endloop
  endfacet
  facet normal -0.50217 -0.307754 -0.808154
    outer loop
      vertex 54.0821 -4.29964 -6.93696
      vertex 51.8987 -4.1278 -5.64568
      vertex 53.4823 -3.32093 -6.93696
    endloop
  endfacet
  facet normal -0.295554 -0.346075 -0.890438
    outer loop
      vertex 55.7004 -5.91794 -6.93696
      vertex 54.8275 -5.17247 -6.93696
      vertex 56.2116 -3.78837 -7.93431
    endloop
  endfacet
  facet normal -0.307735 -0.502179 -0.808155
    outer loop
      vertex 55.8722 -8.10127 -5.64568
      vertex 54.6557 -7.3558 -5.64568
      vertex 55.7004 -5.91794 -6.93696
    endloop
  endfacet
  facet normal -0.225395 -0.544136 -0.808154
    outer loop
      vertex 57.1903 -8.64726 -5.64568
      vertex 55.8722 -8.10127 -5.64568
      vertex 56.6791 -6.51769 -6.93696
    endloop
  endfacet
  facet normal -0.225408 -0.544136 -0.80815
    outer loop
      vertex 57.1903 -8.64726 -5.64568
      vertex 56.6791 -6.51769 -6.93696
      vertex 57.7395 -6.95696 -6.93696
    endloop
  endfacet
  facet normal -0.133769 -0.0820112 -0.987613
    outer loop
      vertex 59.1114 -0.645638 -8.95684
      vertex 57.088 -1.48375 -8.61318
      vertex 59.0213 -0.498675 -8.95684
    endloop
  endfacet
  facet normal -0.119325 -0.101875 -0.987615
    outer loop
      vertex 59.2233 -0.776705 -8.95684
      vertex 57.3559 -1.92102 -8.61318
      vertex 59.1114 -0.645638 -8.95684
    endloop
  endfacet
  facet normal 0.286284 -0.118612 -0.950775
    outer loop
      vertex 64.7736 -2.43228 -7.93431
      vertex 62.912 -1.48375 -8.61318
      vertex 65.0954 -1.65558 -7.93431
    endloop
  endfacet
  facet normal 0.286284 -0.118608 -0.950775
    outer loop
      vertex 65.0954 -1.65558 -7.93431
      vertex 62.912 -1.48375 -8.61318
      vertex 63.1083 -1.00994 -8.61318
    endloop
  endfacet
  facet normal 0.0123168 -0.156395 0.987618
    outer loop
      vertex 60 -1.09843 18.9568
      vertex 60 -3.26823 18.6132
      vertex 60.1718 -1.0849 18.9568
    endloop
  endfacet
  facet normal 0.0600208 -0.144945 0.987618
    outer loop
      vertex 60.4987 -0.978705 18.9568
      vertex 60.3394 -1.04467 18.9568
      vertex 61.4837 -2.91202 18.6132
    endloop
  endfacet
  facet normal -0.165341 0.688623 0.706018
    outer loop
      vertex 58.3346 10.5146 14.0923
      vertex 56.7103 10.1246 14.0923
      vertex 58.5777 8.98033 15.6457
    endloop
  endfacet
  facet normal -0.0555772 0.706012 0.706015
    outer loop
      vertex 60 10.6457 14.0923
      vertex 58.3346 10.5146 14.0923
      vertex 58.5777 8.98033 15.6457
    endloop
  endfacet
  facet normal 0.106235 0.442513 0.890447
    outer loop
      vertex 61.1443 7.22492 16.937
      vertex 60.8381 5.29161 17.9343
      vertex 61.6556 5.09535 17.9343
    endloop
  endfacet
  facet normal 0.0555653 0.706008 0.706021
    outer loop
      vertex 60 10.6457 14.0923
      vertex 60 9.09227 15.6457
      vertex 61.4223 8.98033 15.6457
    endloop
  endfacet
  facet normal 0.295549 0.346059 0.890446
    outer loop
      vertex 64.2996 5.91794 16.937
      vertex 63.1491 4.33436 17.9343
      vertex 63.7884 3.78837 17.9343
    endloop
  endfacet
  facet normal 0.0243079 0.308939 0.950771
    outer loop
      vertex 60 5.35757 17.9343
      vertex 60 3.26823 18.6132
      vertex 60.5113 3.228 18.6132
    endloop
  endfacet
  facet normal -0.0746397 0.948406 0.308148
    outer loop
      vertex 60 13.6132 8.26824
      vertex 57.8704 13.4456 8.26824
      vertex 57.9766 12.7751 10.3576
    endloop
  endfacet
  facet normal -0.0746197 0.948402 0.308166
    outer loop
      vertex 60 13.6132 8.26824
      vertex 57.9766 12.7751 10.3576
      vertex 60 12.9343 10.3576
    endloop
  endfacet
  facet normal -0.235634 0.201271 0.950772
    outer loop
      vertex 57.689 2.31099 18.6132
      vertex 56.2116 3.78837 17.9343
      vertex 57.3559 1.92102 18.6132
    endloop
  endfacet
  facet normal -0.237784 0.388027 0.890446
    outer loop
      vertex 56.6791 6.51769 16.937
      vertex 55.7004 5.91794 16.937
      vertex 56.8509 4.33436 17.9343
    endloop
  endfacet
  facet normal 0.036627 0.152541 0.987618
    outer loop
      vertex 60.5113 3.228 18.6132
      vertex 60.1718 1.0849 18.9568
      vertex 61.0099 3.10828 18.6132
    endloop
  endfacet
  facet normal 0.0366164 0.152545 0.987618
    outer loop
      vertex 61.0099 3.10828 18.6132
      vertex 60.1718 1.0849 18.9568
      vertex 60.3394 1.04467 18.9568
    endloop
  endfacet
  facet normal -0.15258 0.0365972 -0.987613
    outer loop
      vertex 58.9151 0.171831 -8.95684
      vertex 56.8917 1.00994 -8.61318
      vertex 58.9553 0.339432 -8.95684
    endloop
  endfacet
  facet normal -0.133788 -0.081967 -0.987614
    outer loop
      vertex 57.3559 -1.92102 -8.61318
      vertex 57.088 -1.48375 -8.61318
      vertex 59.1114 -0.645638 -8.95684
    endloop
  endfacet
  facet normal -0.165341 -0.688625 -0.706015
    outer loop
      vertex 58.3346 -10.5146 -4.09227
      vertex 56.7103 -10.1246 -4.09227
      vertex 58.5777 -8.98033 -5.64568
    endloop
  endfacet
  facet normal -0.0555773 -0.706015 -0.706013
    outer loop
      vertex 60 -10.6457 -4.09227
      vertex 58.3346 -10.5146 -4.09227
      vertex 58.5777 -8.98033 -5.64568
    endloop
  endfacet
  facet normal -0.52599 -0.615823 -0.586597
    outer loop
      vertex 52.9836 -9.6572 -2.31498
      vertex 52.4724 -7.52763 -4.09227
      vertex 53.7426 -8.61254 -4.09227
    endloop
  endfacet
  facet normal -0.34117 -0.823702 -0.4529
    outer loop
      vertex 56.0031 -12.3013 -0.357568
      vertex 54.5807 -10.6359 -2.31498
      vertex 56.3113 -11.3527 -2.31498
    endloop
  endfacet
  facet normal -0.2221 -0.925052 -0.308141
    outer loop
      vertex 57.8704 -13.4456 1.73177
      vertex 55.7933 -12.9469 1.73177
      vertex 56.0031 -12.3013 -0.357568
    endloop
  endfacet
  facet normal -0.364065 -0.878923 -0.308142
    outer loop
      vertex 55.7933 -12.9469 1.73177
      vertex 53.8197 -12.1294 1.73177
      vertex 56.0031 -12.3013 -0.357568
    endloop
  endfacet
  facet normal -0.382494 -0.447877 -0.808148
    outer loop
      vertex 55.7004 -5.91794 -6.93696
      vertex 53.5708 -6.42921 -5.64568
      vertex 54.8275 -5.17247 -6.93696
    endloop
  endfacet
  facet normal -0.382504 -0.447856 -0.808156
    outer loop
      vertex 54.6557 -7.3558 -5.64568
      vertex 53.5708 -6.42921 -5.64568
      vertex 55.7004 -5.91794 -6.93696
    endloop
  endfacet
  facet normal -0.525976 -0.615827 -0.586606
    outer loop
      vertex 52.9836 -9.6572 -2.31498
      vertex 51.5593 -8.44071 -2.31498
      vertex 52.4724 -7.52763 -4.09227
    endloop
  endfacet
  facet normal -0.615832 -0.52597 -0.586606
    outer loop
      vertex 51.5593 -8.44071 -2.31498
      vertex 50.3428 -7.01637 -2.31498
      vertex 52.4724 -7.52763 -4.09227
    endloop
  endfacet
  facet normal -0.0820105 -0.133772 -0.987613
    outer loop
      vertex 59.5013 -0.978705 -8.95684
      vertex 58.5163 -2.91202 -8.61318
      vertex 59.3544 -0.888646 -8.95684
    endloop
  endfacet
  facet normal 0.133746 -0.0819972 0.987618
    outer loop
      vertex 60.9787 -0.498675 18.9568
      vertex 60.8886 -0.645638 18.9568
      vertex 62.912 -1.48375 18.6132
    endloop
  endfacet
  facet normal -0.382508 0.44786 0.808152
    outer loop
      vertex 54.6557 7.3558 15.6457
      vertex 53.5708 6.42921 15.6457
      vertex 55.7004 5.91794 16.937
    endloop
  endfacet
  facet normal -0.225397 0.544141 0.80815
    outer loop
      vertex 57.1903 8.64726 15.6457
      vertex 55.8722 8.10127 15.6457
      vertex 56.6791 6.51769 16.937
    endloop
  endfacet
  facet normal -0.295542 0.346061 0.890447
    outer loop
      vertex 55.7004 5.91794 16.937
      vertex 54.8275 5.17247 16.937
      vertex 56.2116 3.78837 17.9343
    endloop
  endfacet
  facet normal 0.22541 0.544142 0.808146
    outer loop
      vertex 62.8097 8.64726 15.6457
      vertex 62.2605 6.95696 16.937
      vertex 63.3209 6.51769 16.937
    endloop
  endfacet
  facet normal -0.23779 0.388026 0.890445
    outer loop
      vertex 57.5677 4.77363 17.9343
      vertex 56.6791 6.51769 16.937
      vertex 56.8509 4.33436 17.9343
    endloop
  endfacet
  facet normal -0.201253 0.235652 0.950771
    outer loop
      vertex 58.079 2.64406 18.6132
      vertex 56.2116 3.78837 17.9343
      vertex 57.689 2.31099 18.6132
    endloop
  endfacet
  facet normal -0.10188 0.119294 0.987618
    outer loop
      vertex 58.079 2.64406 18.6132
      vertex 57.689 2.31099 18.6132
      vertex 59.2233 0.776705 18.9568
    endloop
  endfacet
  facet normal -0.101867 0.119302 0.987618
    outer loop
      vertex 59.3544 0.888646 18.9568
      vertex 58.079 2.64406 18.6132
      vertex 59.2233 0.776705 18.9568
    endloop
  endfacet
  facet normal -0.235645 0.201264 0.95077
    outer loop
      vertex 56.2116 3.78837 17.9343
      vertex 55.6656 3.1491 17.9343
      vertex 57.3559 1.92102 18.6132
    endloop
  endfacet
  facet normal -0.264247 0.161895 0.95077
    outer loop
      vertex 57.3559 1.92102 18.6132
      vertex 55.6656 3.1491 17.9343
      vertex 57.088 1.48375 18.6132
    endloop
  endfacet
  facet normal 0.161912 0.264234 0.950771
    outer loop
      vertex 63.1491 4.33436 17.9343
      vertex 61.4837 2.91202 18.6132
      vertex 61.921 2.64406 18.6132
    endloop
  endfacet
  facet normal 0.0600362 0.144936 0.987618
    outer loop
      vertex 61.0099 3.10828 18.6132
      vertex 60.3394 1.04467 18.9568
      vertex 61.4837 2.91202 18.6132
    endloop
  endfacet
  facet normal 0.23779 0.388026 0.890445
    outer loop
      vertex 63.3209 6.51769 16.937
      vertex 62.4323 4.77363 17.9343
      vertex 63.1491 4.33436 17.9343
    endloop
  endfacet
  facet normal 0.237784 0.388027 0.890446
    outer loop
      vertex 63.3209 6.51769 16.937
      vertex 63.1491 4.33436 17.9343
      vertex 64.2996 5.91794 16.937
    endloop
  endfacet
  facet normal -0.423159 -0.690536 -0.586597
    outer loop
      vertex 54.5807 -10.6359 -2.31498
      vertex 52.9836 -9.6572 -2.31498
      vertex 53.7426 -8.61254 -4.09227
    endloop
  endfacet
  facet normal -0.423141 -0.690538 -0.586608
    outer loop
      vertex 54.5807 -10.6359 -2.31498
      vertex 53.7426 -8.61254 -4.09227
      vertex 55.167 -9.48537 -4.09227
    endloop
  endfacet
  facet normal -0.341174 -0.823702 -0.452898
    outer loop
      vertex 56.0031 -12.3013 -0.357568
      vertex 54.1279 -11.5246 -0.357568
      vertex 54.5807 -10.6359 -2.31498
    endloop
  endfacet
  facet normal -0.364051 -0.878934 -0.308126
    outer loop
      vertex 56.0031 -12.3013 -0.357568
      vertex 53.8197 -12.1294 1.73177
      vertex 54.1279 -11.5246 -0.357568
    endloop
  endfacet
  facet normal -0.538522 -0.459941 -0.706009
    outer loop
      vertex 53.5708 -6.42921 -5.64568
      vertex 52.4724 -7.52763 -4.09227
      vertex 52.6442 -5.3443 -5.64568
    endloop
  endfacet
  facet normal -0.447855 -0.382504 -0.808157
    outer loop
      vertex 53.5708 -6.42921 -5.64568
      vertex 52.6442 -5.3443 -5.64568
      vertex 54.0821 -4.29964 -6.93696
    endloop
  endfacet
  facet normal 0 0 1
    outer loop
      vertex 61.0849 0.171831 18.9568
      vertex 61.0849 -0.171831 18.9568
      vertex 61.0984 0 18.9568
    endloop
  endfacet
  facet normal 0 0 1
    outer loop
      vertex 61.0447 0.339432 18.9568
      vertex 61.0849 -0.171831 18.9568
      vertex 61.0849 0.171831 18.9568
    endloop
  endfacet
  facet normal 0 0 1
    outer loop
      vertex 61.0447 0.339432 18.9568
      vertex 61.0447 -0.339432 18.9568
      vertex 61.0849 -0.171831 18.9568
    endloop
  endfacet
  facet normal 0 0 1
    outer loop
      vertex 60.9787 0.498675 18.9568
      vertex 61.0447 -0.339432 18.9568
      vertex 61.0447 0.339432 18.9568
    endloop
  endfacet
  facet normal 0 0 1
    outer loop
      vertex 60.9787 0.498675 18.9568
      vertex 60.9787 -0.498675 18.9568
      vertex 61.0447 -0.339432 18.9568
    endloop
  endfacet
  facet normal 0 0 1
    outer loop
      vertex 60.8886 0.645638 18.9568
      vertex 60.9787 -0.498675 18.9568
      vertex 60.9787 0.498675 18.9568
    endloop
  endfacet
  facet normal 0 0 1
    outer loop
      vertex 60.8886 0.645638 18.9568
      vertex 60.8886 -0.645638 18.9568
      vertex 60.9787 -0.498675 18.9568
    endloop
  endfacet
  facet normal 0 0 1
    outer loop
      vertex 60.7767 0.776705 18.9568
      vertex 60.8886 -0.645638 18.9568
      vertex 60.8886 0.645638 18.9568
    endloop
  endfacet
  facet normal 0 0 1
    outer loop
      vertex 60.7767 0.776705 18.9568
      vertex 60.7767 -0.776705 18.9568
      vertex 60.8886 -0.645638 18.9568
    endloop
  endfacet
  facet normal 0 0 1
    outer loop
      vertex 60.6456 0.888646 18.9568
      vertex 60.7767 -0.776705 18.9568
      vertex 60.7767 0.776705 18.9568
    endloop
  endfacet
  facet normal 0 0 1
    outer loop
      vertex 60.6456 0.888646 18.9568
      vertex 60.6456 -0.888646 18.9568
      vertex 60.7767 -0.776705 18.9568
    endloop
  endfacet
  facet normal 0 0 1
    outer loop
      vertex 60.4987 0.978705 18.9568
      vertex 60.6456 -0.888646 18.9568
      vertex 60.6456 0.888646 18.9568
    endloop
  endfacet
  facet normal 0 0 1
    outer loop
      vertex 60.4987 0.978705 18.9568
      vertex 60.4987 -0.978705 18.9568
      vertex 60.6456 -0.888646 18.9568
    endloop
  endfacet
  facet normal 0 0 1
    outer loop
      vertex 60.3394 1.04467 18.9568
      vertex 60.4987 -0.978705 18.9568
      vertex 60.4987 0.978705 18.9568
    endloop
  endfacet
  facet normal 0 0 1
    outer loop
      vertex 60.3394 1.04467 18.9568
      vertex 60.3394 -1.04467 18.9568
      vertex 60.4987 -0.978705 18.9568
    endloop
  endfacet
  facet normal 0 0 1
    outer loop
      vertex 60.1718 1.0849 18.9568
      vertex 60.3394 -1.04467 18.9568
      vertex 60.3394 1.04467 18.9568
    endloop
  endfacet
  facet normal 0 0 1
    outer loop
      vertex 60.1718 1.0849 18.9568
      vertex 60.1718 -1.0849 18.9568
      vertex 60.3394 -1.04467 18.9568
    endloop
  endfacet
  facet normal 0 0 1
    outer loop
      vertex 60 1.09843 18.9568
      vertex 60.1718 -1.0849 18.9568
      vertex 60.1718 1.0849 18.9568
    endloop
  endfacet
  facet normal 0 0 1
    outer loop
      vertex 60 1.09843 18.9568
      vertex 60 -1.09843 18.9568
      vertex 60.1718 -1.0849 18.9568
    endloop
  endfacet
  facet normal -0 0 1
    outer loop
      vertex 59.8282 1.0849 18.9568
      vertex 60 -1.09843 18.9568
      vertex 60 1.09843 18.9568
    endloop
  endfacet
  facet normal 0 0 1
    outer loop
      vertex 59.8282 1.0849 18.9568
      vertex 59.8282 -1.0849 18.9568
      vertex 60 -1.09843 18.9568
    endloop
  endfacet
  facet normal -0 0 1
    outer loop
      vertex 59.6606 1.04467 18.9568
      vertex 59.8282 -1.0849 18.9568
      vertex 59.8282 1.0849 18.9568
    endloop
  endfacet
  facet normal 0 0 1
    outer loop
      vertex 59.6606 1.04467 18.9568
      vertex 59.6606 -1.04467 18.9568
      vertex 59.8282 -1.0849 18.9568
    endloop
  endfacet
  facet normal -0 0 1
    outer loop
      vertex 59.5013 0.978705 18.9568
      vertex 59.6606 -1.04467 18.9568
      vertex 59.6606 1.04467 18.9568
    endloop
  endfacet
  facet normal 0 0 1
    outer loop
      vertex 59.5013 0.978705 18.9568
      vertex 59.5013 -0.978705 18.9568
      vertex 59.6606 -1.04467 18.9568
    endloop
  endfacet
  facet normal -0 0 1
    outer loop
      vertex 59.3544 0.888646 18.9568
      vertex 59.5013 -0.978705 18.9568
      vertex 59.5013 0.978705 18.9568
    endloop
  endfacet
  facet normal 0 0 1
    outer loop
      vertex 59.3544 0.888646 18.9568
      vertex 59.3544 -0.888646 18.9568
      vertex 59.5013 -0.978705 18.9568
    endloop
  endfacet
  facet normal -0 0 1
    outer loop
      vertex 59.2233 0.776705 18.9568
      vertex 59.3544 -0.888646 18.9568
      vertex 59.3544 0.888646 18.9568
    endloop
  endfacet
  facet normal 0 0 1
    outer loop
      vertex 59.2233 0.776705 18.9568
      vertex 59.2233 -0.776705 18.9568
      vertex 59.3544 -0.888646 18.9568
    endloop
  endfacet
  facet normal -0 0 1
    outer loop
      vertex 59.1114 0.645638 18.9568
      vertex 59.2233 -0.776705 18.9568
      vertex 59.2233 0.776705 18.9568
    endloop
  endfacet
  facet normal 0 0 1
    outer loop
      vertex 59.1114 0.645638 18.9568
      vertex 59.1114 -0.645638 18.9568
      vertex 59.2233 -0.776705 18.9568
    endloop
  endfacet
  facet normal -0 0 1
    outer loop
      vertex 59.0213 0.498675 18.9568
      vertex 59.1114 -0.645638 18.9568
      vertex 59.1114 0.645638 18.9568
    endloop
  endfacet
  facet normal 0 0 1
    outer loop
      vertex 59.0213 0.498675 18.9568
      vertex 59.0213 -0.498675 18.9568
      vertex 59.1114 -0.645638 18.9568
    endloop
  endfacet
  facet normal -0 0 1
    outer loop
      vertex 58.9553 0.339432 18.9568
      vertex 59.0213 -0.498675 18.9568
      vertex 59.0213 0.498675 18.9568
    endloop
  endfacet
  facet normal 0 0 1
    outer loop
      vertex 58.9553 0.339432 18.9568
      vertex 58.9553 -0.339432 18.9568
      vertex 59.0213 -0.498675 18.9568
    endloop
  endfacet
  facet normal -0 0 1
    outer loop
      vertex 58.9151 0.171831 18.9568
      vertex 58.9553 -0.339432 18.9568
      vertex 58.9553 0.339432 18.9568
    endloop
  endfacet
  facet normal 0 0 1
    outer loop
      vertex 58.9151 0.171831 18.9568
      vertex 58.9151 -0.171831 18.9568
      vertex 58.9553 -0.339432 18.9568
    endloop
  endfacet
  facet normal 0 -0 1
    outer loop
      vertex 58.9151 -0.171831 18.9568
      vertex 58.9151 0.171831 18.9568
      vertex 58.9016 0 18.9568
    endloop
  endfacet
  facet normal -0.036627 0.152541 0.987618
    outer loop
      vertex 59.4887 3.228 18.6132
      vertex 58.9901 3.10828 18.6132
      vertex 59.8282 1.0849 18.9568
    endloop
  endfacet
  facet normal -0.0123054 0.156394 0.987618
    outer loop
      vertex 60 3.26823 18.6132
      vertex 59.4887 3.228 18.6132
      vertex 59.8282 1.0849 18.9568
    endloop
  endfacet
  facet normal -0.201255 0.235649 0.950771
    outer loop
      vertex 56.8509 4.33436 17.9343
      vertex 56.2116 3.78837 17.9343
      vertex 58.079 2.64406 18.6132
    endloop
  endfacet
  facet normal -0.161912 0.264234 0.950771
    outer loop
      vertex 58.5163 2.91202 18.6132
      vertex 56.8509 4.33436 17.9343
      vertex 58.079 2.64406 18.6132
    endloop
  endfacet
  facet normal 0.174166 0.420438 0.890448
    outer loop
      vertex 62.2605 6.95696 16.937
      vertex 61.6556 5.09535 17.9343
      vertex 63.3209 6.51769 16.937
    endloop
  endfacet
  facet normal 0.118594 0.286302 0.950772
    outer loop
      vertex 61.6556 5.09535 17.9343
      vertex 61.0099 3.10828 18.6132
      vertex 61.4837 2.91202 18.6132
    endloop
  endfacet
  facet normal 0.161921 0.264223 0.950772
    outer loop
      vertex 62.4323 4.77363 17.9343
      vertex 61.4837 2.91202 18.6132
      vertex 63.1491 4.33436 17.9343
    endloop
  endfacet
  facet normal 0.137487 0.57271 0.808146
    outer loop
      vertex 62.8097 8.64726 15.6457
      vertex 61.1443 7.22492 16.937
      vertex 62.2605 6.95696 16.937
    endloop
  endfacet
  facet normal 0.0243142 0.30894 0.950771
    outer loop
      vertex 60.8381 5.29161 17.9343
      vertex 60 5.35757 17.9343
      vertex 60.5113 3.228 18.6132
    endloop
  endfacet
  facet normal 0.0723418 0.301332 0.950771
    outer loop
      vertex 61.6556 5.09535 17.9343
      vertex 60.8381 5.29161 17.9343
      vertex 61.0099 3.10828 18.6132
    endloop
  endfacet
  facet normal 0.0462117 0.587164 0.808148
    outer loop
      vertex 61.4223 8.98033 15.6457
      vertex 60 7.31498 16.937
      vertex 61.1443 7.22492 16.937
    endloop
  endfacet
  facet normal 0.0462119 0.587164 0.808148
    outer loop
      vertex 60 9.09227 15.6457
      vertex 60 7.31498 16.937
      vertex 61.4223 8.98033 15.6457
    endloop
  endfacet
  facet normal -0.106231 0.442512 0.890448
    outer loop
      vertex 58.8557 7.22492 16.937
      vertex 57.7395 6.95696 16.937
      vertex 58.3444 5.09535 17.9343
    endloop
  endfacet
  facet normal -0.0723418 0.301332 0.950771
    outer loop
      vertex 59.1619 5.29161 17.9343
      vertex 58.3444 5.09535 17.9343
      vertex 58.9901 3.10828 18.6132
    endloop
  endfacet
  facet normal 0.174155 0.420448 0.890446
    outer loop
      vertex 63.3209 6.51769 16.937
      vertex 61.6556 5.09535 17.9343
      vertex 62.4323 4.77363 17.9343
    endloop
  endfacet
  facet normal 0.118591 0.286303 0.950772
    outer loop
      vertex 61.6556 5.09535 17.9343
      vertex 61.4837 2.91202 18.6132
      vertex 62.4323 4.77363 17.9343
    endloop
  endfacet
  facet normal -0.0462117 0.587164 0.808148
    outer loop
      vertex 60 7.31498 16.937
      vertex 58.5777 8.98033 15.6457
      vertex 58.8557 7.22492 16.937
    endloop
  endfacet
  facet normal -0.137489 0.572709 0.808147
    outer loop
      vertex 58.5777 8.98033 15.6457
      vertex 57.1903 8.64726 15.6457
      vertex 58.8557 7.22492 16.937
    endloop
  endfacet
  facet normal 0.0723536 0.301332 0.95077
    outer loop
      vertex 60.8381 5.29161 17.9343
      vertex 60.5113 3.228 18.6132
      vertex 61.0099 3.10828 18.6132
    endloop
  endfacet
  facet normal 0.0357063 0.453683 0.890448
    outer loop
      vertex 60 7.31498 16.937
      vertex 60 5.35757 17.9343
      vertex 61.1443 7.22492 16.937
    endloop
  endfacet
  facet normal 0.30774 0.502184 0.80815
    outer loop
      vertex 64.1278 8.10127 15.6457
      vertex 63.3209 6.51769 16.937
      vertex 64.2996 5.91794 16.937
    endloop
  endfacet
  facet normal 0.225397 0.544141 0.80815
    outer loop
      vertex 64.1278 8.10127 15.6457
      vertex 62.8097 8.64726 15.6457
      vertex 63.3209 6.51769 16.937
    endloop
  endfacet
  facet normal -0.0357063 0.453683 0.890448
    outer loop
      vertex 60 7.31498 16.937
      vertex 58.8557 7.22492 16.937
      vertex 60 5.35757 17.9343
    endloop
  endfacet
  facet normal -0.137487 0.57271 0.808146
    outer loop
      vertex 58.8557 7.22492 16.937
      vertex 57.1903 8.64726 15.6457
      vertex 57.7395 6.95696 16.937
    endloop
  endfacet
  facet normal -0.0723536 0.301332 0.95077
    outer loop
      vertex 59.1619 5.29161 17.9343
      vertex 58.9901 3.10828 18.6132
      vertex 59.4887 3.228 18.6132
    endloop
  endfacet
  facet normal 0.0357057 0.453683 0.890447
    outer loop
      vertex 61.1443 7.22492 16.937
      vertex 60 5.35757 17.9343
      vertex 60.8381 5.29161 17.9343
    endloop
  endfacet
  facet normal -0.174155 0.420448 0.890446
    outer loop
      vertex 58.3444 5.09535 17.9343
      vertex 56.6791 6.51769 16.937
      vertex 57.5677 4.77363 17.9343
    endloop
  endfacet
  facet normal -0.118591 0.286303 0.950772
    outer loop
      vertex 58.3444 5.09535 17.9343
      vertex 57.5677 4.77363 17.9343
      vertex 58.5163 2.91202 18.6132
    endloop
  endfacet
  facet normal -0.0243142 0.30894 0.950771
    outer loop
      vertex 60 5.35757 17.9343
      vertex 59.1619 5.29161 17.9343
      vertex 59.4887 3.228 18.6132
    endloop
  endfacet
  facet normal -0.0243079 0.308939 0.950771
    outer loop
      vertex 60 5.35757 17.9343
      vertex 59.4887 3.228 18.6132
      vertex 60 3.26823 18.6132
    endloop
  endfacet
  facet normal 1 -0 0
    outer loop
      vertex 25 12.2275 11.135
      vertex 25 20 11
      vertex 25 20 15
    endloop
  endfacet
  facet normal 1 0 0
    outer loop
      vertex 25 20 11
      vertex 25 12.2275 11.135
      vertex 25 12.2834 11
    endloop
  endfacet
  facet normal 1 0 0
    outer loop
      vertex 25 20 15
      vertex 25 12.0225 11.4695
      vertex 25 12.2275 11.135
    endloop
  endfacet
  facet normal 1 0 0
    outer loop
      vertex 25 20 15
      vertex 25 11.7678 11.7678
      vertex 25 12.0225 11.4695
    endloop
  endfacet
  facet normal 1 0 0
    outer loop
      vertex 25 20 15
      vertex 25 11.4695 12.0225
      vertex 25 11.7678 11.7678
    endloop
  endfacet
  facet normal 1 0 0
    outer loop
      vertex 25 20 15
      vertex 25 11.135 12.2275
      vertex 25 11.4695 12.0225
    endloop
  endfacet
  facet normal 1 0 0
    outer loop
      vertex 25 20 15
      vertex 25 10.7725 12.3776
      vertex 25 11.135 12.2275
    endloop
  endfacet
  facet normal 1 0 0
    outer loop
      vertex 25 20 15
      vertex 25 10.3911 12.4692
      vertex 25 10.7725 12.3776
    endloop
  endfacet
  facet normal 1 0 0
    outer loop
      vertex 25 20 15
      vertex 25 10 12.5
      vertex 25 10.3911 12.4692
    endloop
  endfacet
  facet normal 1 0 0
    outer loop
      vertex 25 20 15
      vertex 25 9.60891 12.4692
      vertex 25 10 12.5
    endloop
  endfacet
  facet normal 1 -0 0
    outer loop
      vertex 25 -20 15
      vertex 25 9.60891 12.4692
      vertex 25 20 15
    endloop
  endfacet
  facet normal 1 0 0
    outer loop
      vertex 25 9.60891 12.4692
      vertex 25 -20 15
      vertex 25 9.22746 12.3776
    endloop
  endfacet
  facet normal 1 0 0
    outer loop
      vertex 25 -20 15
      vertex 25 8.86502 12.2275
      vertex 25 9.22746 12.3776
    endloop
  endfacet
  facet normal 1 0 0
    outer loop
      vertex 25 -20 15
      vertex 25 8.53054 12.0225
      vertex 25 8.86502 12.2275
    endloop
  endfacet
  facet normal 1 0 0
    outer loop
      vertex 25 -20 15
      vertex 25 8.23223 11.7678
      vertex 25 8.53054 12.0225
    endloop
  endfacet
  facet normal 1 0 0
    outer loop
      vertex 25 -20 15
      vertex 25 7.97746 11.4695
      vertex 25 8.23223 11.7678
    endloop
  endfacet
  facet normal 1 0 0
    outer loop
      vertex 25 -20 15
      vertex 25 7.77248 11.135
      vertex 25 7.97746 11.4695
    endloop
  endfacet
  facet normal 1 0 0
    outer loop
      vertex 25 -20 15
      vertex 25 7.71657 11
      vertex 25 7.77248 11.135
    endloop
  endfacet
  facet normal 1 0 0
    outer loop
      vertex 25 7.71657 11
      vertex 25 -20 15
      vertex 25 -20 11
    endloop
  endfacet
  facet normal 1 0 0
    outer loop
      vertex 25 12.4692 9.60891
      vertex 25 20 10
      vertex 25 12.5 10
    endloop
  endfacet
  facet normal 1 0 0
    outer loop
      vertex 25 12.3776 9.22746
      vertex 25 20 10
      vertex 25 12.4692 9.60891
    endloop
  endfacet
  facet normal 1 0 0
    outer loop
      vertex 25 20 10
      vertex 25 12.3776 9.22746
      vertex 25 20 6
    endloop
  endfacet
  facet normal 1 -0 0
    outer loop
      vertex 25 12.2275 8.86502
      vertex 25 20 6
      vertex 25 12.3776 9.22746
    endloop
  endfacet
  facet normal 1 -0 0
    outer loop
      vertex 25 12.0225 8.53054
      vertex 25 20 6
      vertex 25 12.2275 8.86502
    endloop
  endfacet
  facet normal 1 -0 0
    outer loop
      vertex 25 11.7678 8.23223
      vertex 25 20 6
      vertex 25 12.0225 8.53054
    endloop
  endfacet
  facet normal 1 -0 0
    outer loop
      vertex 25 11.4695 7.97746
      vertex 25 20 6
      vertex 25 11.7678 8.23223
    endloop
  endfacet
  facet normal 1 -0 0
    outer loop
      vertex 25 11.135 7.77248
      vertex 25 20 6
      vertex 25 11.4695 7.97746
    endloop
  endfacet
  facet normal 1 -0 0
    outer loop
      vertex 25 10.7725 7.62236
      vertex 25 20 6
      vertex 25 11.135 7.77248
    endloop
  endfacet
  facet normal 1 -0 0
    outer loop
      vertex 25 10.3911 7.53078
      vertex 25 20 6
      vertex 25 10.7725 7.62236
    endloop
  endfacet
  facet normal 1 -0 0
    outer loop
      vertex 25 10 7.5
      vertex 25 20 6
      vertex 25 10.3911 7.53078
    endloop
  endfacet
  facet normal 1 0 0
    outer loop
      vertex 25 9.60891 7.53078
      vertex 25 20 6
      vertex 25 10 7.5
    endloop
  endfacet
  facet normal 1 -0 0
    outer loop
      vertex 25 -20 10
      vertex 25 7.53078 9.60891
      vertex 25 7.5 10
    endloop
  endfacet
  facet normal 1 0 0
    outer loop
      vertex 25 -20 6
      vertex 25 7.53078 9.60891
      vertex 25 -20 10
    endloop
  endfacet
  facet normal 1 0 0
    outer loop
      vertex 25 7.53078 9.60891
      vertex 25 -20 6
      vertex 25 7.62236 9.22746
    endloop
  endfacet
  facet normal 1 0 0
    outer loop
      vertex 25 7.62236 9.22746
      vertex 25 -20 6
      vertex 25 7.77248 8.86502
    endloop
  endfacet
  facet normal 1 0 0
    outer loop
      vertex 25 7.77248 8.86502
      vertex 25 -20 6
      vertex 25 7.97746 8.53054
    endloop
  endfacet
  facet normal 1 0 0
    outer loop
      vertex 25 7.97746 8.53054
      vertex 25 -20 6
      vertex 25 8.23223 8.23223
    endloop
  endfacet
  facet normal 1 0 0
    outer loop
      vertex 25 8.23223 8.23223
      vertex 25 -20 6
      vertex 25 8.53054 7.97746
    endloop
  endfacet
  facet normal 1 0 0
    outer loop
      vertex 25 8.53054 7.97746
      vertex 25 -20 6
      vertex 25 8.86502 7.77248
    endloop
  endfacet
  facet normal 1 0 0
    outer loop
      vertex 25 8.86502 7.77248
      vertex 25 -20 6
      vertex 25 9.22746 7.62236
    endloop
  endfacet
  facet normal 1 0 0
    outer loop
      vertex 25 9.22746 7.62236
      vertex 25 -20 6
      vertex 25 9.60891 7.53078
    endloop
  endfacet
  facet normal 1 0 0
    outer loop
      vertex 25 9.60891 7.53078
      vertex 25 -20 6
      vertex 25 20 6
    endloop
  endfacet
  facet normal 1 0 0
    outer loop
      vertex 25 -6.04925 39.3743
      vertex 25 20 40
      vertex 25 -6 40
    endloop
  endfacet
  facet normal 1 0 0
    outer loop
      vertex 25 20 40
      vertex 25 -6.04925 39.3743
      vertex 25 20 36
    endloop
  endfacet
  facet normal 1 -0 0
    outer loop
      vertex 25 -6.19577 38.7639
      vertex 25 20 36
      vertex 25 -6.04925 39.3743
    endloop
  endfacet
  facet normal 1 -0 0
    outer loop
      vertex 25 -6.43597 38.184
      vertex 25 20 36
      vertex 25 -6.19577 38.7639
    endloop
  endfacet
  facet normal 1 -0 0
    outer loop
      vertex 25 -6.76393 37.6489
      vertex 25 20 36
      vertex 25 -6.43597 38.184
    endloop
  endfacet
  facet normal 1 -0 0
    outer loop
      vertex 25 -7.17157 37.1716
      vertex 25 20 36
      vertex 25 -6.76393 37.6489
    endloop
  endfacet
  facet normal 1 -0 0
    outer loop
      vertex 25 -7.64886 36.7639
      vertex 25 20 36
      vertex 25 -7.17157 37.1716
    endloop
  endfacet
  facet normal 1 -0 0
    outer loop
      vertex 25 -8.18404 36.436
      vertex 25 20 36
      vertex 25 -7.64886 36.7639
    endloop
  endfacet
  facet normal 1 -0 0
    outer loop
      vertex 25 -8.76393 36.1958
      vertex 25 20 36
      vertex 25 -8.18404 36.436
    endloop
  endfacet
  facet normal 1 -0 0
    outer loop
      vertex 25 -9.37426 36.0492
      vertex 25 20 36
      vertex 25 -8.76393 36.1958
    endloop
  endfacet
  facet normal 1 0 0
    outer loop
      vertex 25 20 36
      vertex 25 -9.37426 36.0492
      vertex 25 -10 36
    endloop
  endfacet
  facet normal 1 -0 0
    outer loop
      vertex 25 -20 40
      vertex 25 -13.9508 39.3743
      vertex 25 -14 40
    endloop
  endfacet
  facet normal 1 0 0
    outer loop
      vertex 25 -20 40
      vertex 25 -13.8042 38.7639
      vertex 25 -13.9508 39.3743
    endloop
  endfacet
  facet normal 1 0 0
    outer loop
      vertex 25 -20 36
      vertex 25 -13.8042 38.7639
      vertex 25 -20 40
    endloop
  endfacet
  facet normal 1 0 0
    outer loop
      vertex 25 -13.8042 38.7639
      vertex 25 -20 36
      vertex 25 -13.564 38.184
    endloop
  endfacet
  facet normal 1 0 0
    outer loop
      vertex 25 -13.564 38.184
      vertex 25 -20 36
      vertex 25 -13.2361 37.6489
    endloop
  endfacet
  facet normal 1 0 0
    outer loop
      vertex 25 -13.2361 37.6489
      vertex 25 -20 36
      vertex 25 -12.8284 37.1716
    endloop
  endfacet
  facet normal 1 0 0
    outer loop
      vertex 25 -12.8284 37.1716
      vertex 25 -20 36
      vertex 25 -12.3511 36.7639
    endloop
  endfacet
  facet normal 1 0 0
    outer loop
      vertex 25 -10.6257 36.0492
      vertex 25 -20 36
      vertex 25 -10 36
    endloop
  endfacet
  facet normal 1 0 0
    outer loop
      vertex 25 -11.2361 36.1958
      vertex 25 -20 36
      vertex 25 -10.6257 36.0492
    endloop
  endfacet
  facet normal 1 0 0
    outer loop
      vertex 25 -11.816 36.436
      vertex 25 -20 36
      vertex 25 -11.2361 36.1958
    endloop
  endfacet
  facet normal 1 0 0
    outer loop
      vertex 25 -12.3511 36.7639
      vertex 25 -20 36
      vertex 25 -11.816 36.436
    endloop
  endfacet
  facet normal 1 0 0
    outer loop
      vertex 25 20 45
      vertex 25 -6.1391 41
      vertex 25 20 41
    endloop
  endfacet
  facet normal 1 0 0
    outer loop
      vertex 25 20 45
      vertex 25 -6.19577 41.2361
      vertex 25 -6.1391 41
    endloop
  endfacet
  facet normal 1 0 0
    outer loop
      vertex 25 20 45
      vertex 25 -6.43597 41.816
      vertex 25 -6.19577 41.2361
    endloop
  endfacet
  facet normal 1 0 0
    outer loop
      vertex 25 20 45
      vertex 25 -6.76393 42.3511
      vertex 25 -6.43597 41.816
    endloop
  endfacet
  facet normal 1 0 0
    outer loop
      vertex 25 20 45
      vertex 25 -7.17157 42.8284
      vertex 25 -6.76393 42.3511
    endloop
  endfacet
  facet normal 1 0 0
    outer loop
      vertex 25 20 45
      vertex 25 -7.64886 43.2361
      vertex 25 -7.17157 42.8284
    endloop
  endfacet
  facet normal 1 0 0
    outer loop
      vertex 25 20 45
      vertex 25 -8.18404 43.564
      vertex 25 -7.64886 43.2361
    endloop
  endfacet
  facet normal 1 0 0
    outer loop
      vertex 25 20 45
      vertex 25 -8.76393 43.8042
      vertex 25 -8.18404 43.564
    endloop
  endfacet
  facet normal 1 0 0
    outer loop
      vertex 25 20 45
      vertex 25 -9.37426 43.9508
      vertex 25 -8.76393 43.8042
    endloop
  endfacet
  facet normal 1 0 0
    outer loop
      vertex 25 20 45
      vertex 25 -10 44
      vertex 25 -9.37426 43.9508
    endloop
  endfacet
  facet normal 1 -0 0
    outer loop
      vertex 25 -20 45
      vertex 25 -10 44
      vertex 25 20 45
    endloop
  endfacet
  facet normal 1 0 0
    outer loop
      vertex 25 -20 45
      vertex 25 -10.6257 43.9508
      vertex 25 -10 44
    endloop
  endfacet
  facet normal 1 0 0
    outer loop
      vertex 25 -20 45
      vertex 25 -11.2361 43.8042
      vertex 25 -10.6257 43.9508
    endloop
  endfacet
  facet normal 1 0 0
    outer loop
      vertex 25 -20 45
      vertex 25 -11.816 43.564
      vertex 25 -11.2361 43.8042
    endloop
  endfacet
  facet normal 1 0 0
    outer loop
      vertex 25 -20 45
      vertex 25 -12.3511 43.2361
      vertex 25 -11.816 43.564
    endloop
  endfacet
  facet normal 1 0 0
    outer loop
      vertex 25 -20 45
      vertex 25 -12.8284 42.8284
      vertex 25 -12.3511 43.2361
    endloop
  endfacet
  facet normal 1 0 0
    outer loop
      vertex 25 -20 45
      vertex 25 -13.2361 42.3511
      vertex 25 -12.8284 42.8284
    endloop
  endfacet
  facet normal 1 0 0
    outer loop
      vertex 25 -20 45
      vertex 25 -13.564 41.816
      vertex 25 -13.2361 42.3511
    endloop
  endfacet
  facet normal 1 0 0
    outer loop
      vertex 25 -20 41
      vertex 25 -13.564 41.816
      vertex 25 -20 45
    endloop
  endfacet
  facet normal 1 0 0
    outer loop
      vertex 25 -13.564 41.816
      vertex 25 -20 41
      vertex 25 -13.8042 41.2361
    endloop
  endfacet
  facet normal 1 0 0
    outer loop
      vertex 25 -13.8042 41.2361
      vertex 25 -20 41
      vertex 25 -13.8609 41
    endloop
  endfacet
  facet normal 1 -0 0
    outer loop
      vertex 25 -20 60
      vertex 25 20 56
      vertex 25 20 60
    endloop
  endfacet
  facet normal 1 0 0
    outer loop
      vertex 25 20 56
      vertex 25 -20 60
      vertex 25 -20 56
    endloop
  endfacet
  facet normal 1 -0 0
    outer loop
      vertex 25 -20 5
      vertex 25 20 1
      vertex 25 20 5
    endloop
  endfacet
  facet normal 1 0 0
    outer loop
      vertex 25 20 1
      vertex 25 -20 5
      vertex 25 -20 1
    endloop
  endfacet
  facet normal 1 0 0
    outer loop
      vertex 25 20 25
      vertex 25 2.82295 21
      vertex 25 20 21
    endloop
  endfacet
  facet normal 1 0 0
    outer loop
      vertex 25 20 25
      vertex 25 2.67302 21.362
      vertex 25 2.82295 21
    endloop
  endfacet
  facet normal 1 0 0
    outer loop
      vertex 25 20 25
      vertex 25 2.42705 21.7634
      vertex 25 2.67302 21.362
    endloop
  endfacet
  facet normal 1 0 0
    outer loop
      vertex 25 20 25
      vertex 25 2.12132 22.1213
      vertex 25 2.42705 21.7634
    endloop
  endfacet
  facet normal 1 0 0
    outer loop
      vertex 25 20 25
      vertex 25 1.76336 22.4271
      vertex 25 2.12132 22.1213
    endloop
  endfacet
  facet normal 1 0 0
    outer loop
      vertex 25 20 25
      vertex 25 1.36197 22.673
      vertex 25 1.76336 22.4271
    endloop
  endfacet
  facet normal 1 0 0
    outer loop
      vertex 25 20 25
      vertex 25 0.927051 22.8532
      vertex 25 1.36197 22.673
    endloop
  endfacet
  facet normal 1 0 0
    outer loop
      vertex 25 20 25
      vertex 25 0.469303 22.9631
      vertex 25 0.927051 22.8532
    endloop
  endfacet
  facet normal 1 0 0
    outer loop
      vertex 25 20 25
      vertex 25 0 23
      vertex 25 0.469303 22.9631
    endloop
  endfacet
  facet normal 1 -0 0
    outer loop
      vertex 25 -20 25
      vertex 25 0 23
      vertex 25 20 25
    endloop
  endfacet
  facet normal 1 0 0
    outer loop
      vertex 25 0 23
      vertex 25 -20 25
      vertex 25 -0.469303 22.9631
    endloop
  endfacet
  facet normal 1 0 0
    outer loop
      vertex 25 -20 25
      vertex 25 -0.927051 22.8532
      vertex 25 -0.469303 22.9631
    endloop
  endfacet
  facet normal 1 0 0
    outer loop
      vertex 25 -20 25
      vertex 25 -1.36197 22.673
      vertex 25 -0.927051 22.8532
    endloop
  endfacet
  facet normal 1 0 0
    outer loop
      vertex 25 -20 25
      vertex 25 -1.76336 22.4271
      vertex 25 -1.36197 22.673
    endloop
  endfacet
  facet normal 1 0 0
    outer loop
      vertex 25 -20 25
      vertex 25 -2.12132 22.1213
      vertex 25 -1.76336 22.4271
    endloop
  endfacet
  facet normal 1 0 0
    outer loop
      vertex 25 -20 25
      vertex 25 -2.42705 21.7634
      vertex 25 -2.12132 22.1213
    endloop
  endfacet
  facet normal 1 0 0
    outer loop
      vertex 25 -20 25
      vertex 25 -2.67302 21.362
      vertex 25 -2.42705 21.7634
    endloop
  endfacet
  facet normal 1 0 0
    outer loop
      vertex 25 -20 25
      vertex 25 -2.82295 21
      vertex 25 -2.67302 21.362
    endloop
  endfacet
  facet normal 1 0 0
    outer loop
      vertex 25 -2.82295 21
      vertex 25 -20 25
      vertex 25 -20 21
    endloop
  endfacet
  facet normal 1 0 0
    outer loop
      vertex 25 2.96306 19.5307
      vertex 25 20 20
      vertex 25 3 20
    endloop
  endfacet
  facet normal 1 0 0
    outer loop
      vertex 25 20 20
      vertex 25 2.96306 19.5307
      vertex 25 20 16
    endloop
  endfacet
  facet normal 1 -0 0
    outer loop
      vertex 25 2.85317 19.0729
      vertex 25 20 16
      vertex 25 2.96306 19.5307
    endloop
  endfacet
  facet normal 1 -0 0
    outer loop
      vertex 25 2.67302 18.638
      vertex 25 20 16
      vertex 25 2.85317 19.0729
    endloop
  endfacet
  facet normal 1 -0 0
    outer loop
      vertex 25 2.42705 18.2366
      vertex 25 20 16
      vertex 25 2.67302 18.638
    endloop
  endfacet
  facet normal 1 -0 0
    outer loop
      vertex 25 2.12132 17.8787
      vertex 25 20 16
      vertex 25 2.42705 18.2366
    endloop
  endfacet
  facet normal 1 -0 0
    outer loop
      vertex 25 1.76336 17.5729
      vertex 25 20 16
      vertex 25 2.12132 17.8787
    endloop
  endfacet
  facet normal 1 -0 0
    outer loop
      vertex 25 1.36197 17.327
      vertex 25 20 16
      vertex 25 1.76336 17.5729
    endloop
  endfacet
  facet normal 1 -0 0
    outer loop
      vertex 25 0.927051 17.1468
      vertex 25 20 16
      vertex 25 1.36197 17.327
    endloop
  endfacet
  facet normal 1 -0 0
    outer loop
      vertex 25 0.469303 17.0369
      vertex 25 20 16
      vertex 25 0.927051 17.1468
    endloop
  endfacet
  facet normal 1 -0 0
    outer loop
      vertex 25 0 17
      vertex 25 20 16
      vertex 25 0.469303 17.0369
    endloop
  endfacet
  facet normal 1 -0 0
    outer loop
      vertex 25 -20 20
      vertex 25 -2.96306 19.5307
      vertex 25 -3 20
    endloop
  endfacet
  facet normal 1 0 0
    outer loop
      vertex 25 -20 16
      vertex 25 -2.96306 19.5307
      vertex 25 -20 20
    endloop
  endfacet
  facet normal 1 0 0
    outer loop
      vertex 25 -2.96306 19.5307
      vertex 25 -20 16
      vertex 25 -2.85317 19.0729
    endloop
  endfacet
  facet normal 1 0 0
    outer loop
      vertex 25 -2.85317 19.0729
      vertex 25 -20 16
      vertex 25 -2.67302 18.638
    endloop
  endfacet
  facet normal 1 0 0
    outer loop
      vertex 25 -2.67302 18.638
      vertex 25 -20 16
      vertex 25 -2.42705 18.2366
    endloop
  endfacet
  facet normal 1 0 0
    outer loop
      vertex 25 -2.42705 18.2366
      vertex 25 -20 16
      vertex 25 -2.12132 17.8787
    endloop
  endfacet
  facet normal 1 0 0
    outer loop
      vertex 25 -2.12132 17.8787
      vertex 25 -20 16
      vertex 25 -1.76336 17.5729
    endloop
  endfacet
  facet normal 1 0 0
    outer loop
      vertex 25 -1.76336 17.5729
      vertex 25 -20 16
      vertex 25 -1.36197 17.327
    endloop
  endfacet
  facet normal 1 0 0
    outer loop
      vertex 25 -1.36197 17.327
      vertex 25 -20 16
      vertex 25 -0.927051 17.1468
    endloop
  endfacet
  facet normal 1 0 0
    outer loop
      vertex 25 0 17
      vertex 25 -20 16
      vertex 25 20 16
    endloop
  endfacet
  facet normal 1 0 0
    outer loop
      vertex 25 -0.469303 17.0369
      vertex 25 -20 16
      vertex 25 0 17
    endloop
  endfacet
  facet normal 1 0 0
    outer loop
      vertex 25 -0.927051 17.1468
      vertex 25 -20 16
      vertex 25 -0.469303 17.0369
    endloop
  endfacet
  facet normal 1 -0 0
    outer loop
      vertex 25 -20 30
      vertex 25 20 26
      vertex 25 20 30
    endloop
  endfacet
  facet normal 1 0 0
    outer loop
      vertex 25 20 26
      vertex 25 -20 30
      vertex 25 -20 26
    endloop
  endfacet
  facet normal 1 -0 0
    outer loop
      vertex 25 -20 35
      vertex 25 20 31
      vertex 25 20 35
    endloop
  endfacet
  facet normal 1 0 0
    outer loop
      vertex 25 20 31
      vertex 25 -20 35
      vertex 25 -20 31
    endloop
  endfacet
  facet normal 1 -0 0
    outer loop
      vertex 25 -20 50
      vertex 25 20 46
      vertex 25 20 50
    endloop
  endfacet
  facet normal 1 0 0
    outer loop
      vertex 25 20 46
      vertex 25 -20 50
      vertex 25 -20 46
    endloop
  endfacet
  facet normal 1 -0 0
    outer loop
      vertex 25 -20 55
      vertex 25 20 51
      vertex 25 20 55
    endloop
  endfacet
  facet normal 1 0 0
    outer loop
      vertex 25 20 51
      vertex 25 -20 55
      vertex 25 -20 51
    endloop
  endfacet
  facet normal -1 0 0
    outer loop
      vertex -25 -20 56
      vertex -25 20 60
      vertex -25 20 56
    endloop
  endfacet
  facet normal -1 -0 0
    outer loop
      vertex -25 20 60
      vertex -25 -20 56
      vertex -25 -20 60
    endloop
  endfacet
  facet normal -1 0 0
    outer loop
      vertex -25 -20 1
      vertex -25 20 5
      vertex -25 20 1
    endloop
  endfacet
  facet normal -1 -0 0
    outer loop
      vertex -25 20 5
      vertex -25 -20 1
      vertex -25 -20 5
    endloop
  endfacet
  facet normal -1 0 0
    outer loop
      vertex -25 -20 6
      vertex -25 20 10
      vertex -25 20 6
    endloop
  endfacet
  facet normal -1 -0 0
    outer loop
      vertex -25 20 10
      vertex -25 -20 6
      vertex -25 -20 10
    endloop
  endfacet
  facet normal -1 0 0
    outer loop
      vertex -25 -20 11
      vertex -25 20 15
      vertex -25 20 11
    endloop
  endfacet
  facet normal -1 -0 0
    outer loop
      vertex -25 20 15
      vertex -25 -20 11
      vertex -25 -20 15
    endloop
  endfacet
  facet normal -1 0 0
    outer loop
      vertex -25 -20 16
      vertex -25 20 20
      vertex -25 20 16
    endloop
  endfacet
  facet normal -1 -0 0
    outer loop
      vertex -25 20 20
      vertex -25 -20 16
      vertex -25 -20 20
    endloop
  endfacet
  facet normal -1 0 0
    outer loop
      vertex -25 -20 21
      vertex -25 20 25
      vertex -25 20 21
    endloop
  endfacet
  facet normal -1 -0 0
    outer loop
      vertex -25 20 25
      vertex -25 -20 21
      vertex -25 -20 25
    endloop
  endfacet
  facet normal -1 0 0
    outer loop
      vertex -25 -20 26
      vertex -25 20 30
      vertex -25 20 26
    endloop
  endfacet
  facet normal -1 -0 0
    outer loop
      vertex -25 20 30
      vertex -25 -20 26
      vertex -25 -20 30
    endloop
  endfacet
  facet normal -1 0 0
    outer loop
      vertex -25 -20 31
      vertex -25 20 35
      vertex -25 20 31
    endloop
  endfacet
  facet normal -1 -0 0
    outer loop
      vertex -25 20 35
      vertex -25 -20 31
      vertex -25 -20 35
    endloop
  endfacet
  facet normal -1 0 0
    outer loop
      vertex -25 -20 36
      vertex -25 20 40
      vertex -25 20 36
    endloop
  endfacet
  facet normal -1 -0 0
    outer loop
      vertex -25 20 40
      vertex -25 -20 36
      vertex -25 -20 40
    endloop
  endfacet
  facet normal -1 0 0
    outer loop
      vertex -25 -20 41
      vertex -25 20 45
      vertex -25 20 41
    endloop
  endfacet
  facet normal -1 -0 0
    outer loop
      vertex -25 20 45
      vertex -25 -20 41
      vertex -25 -20 45
    endloop
  endfacet
  facet normal -1 0 0
    outer loop
      vertex -25 -20 46
      vertex -25 20 50
      vertex -25 20 46
    endloop
  endfacet
  facet normal -1 -0 0
    outer loop
      vertex -25 20 50
      vertex -25 -20 46
      vertex -25 -20 50
    endloop
  endfacet
  facet normal -1 0 0
    outer loop
      vertex -25 -20 51
      vertex -25 20 55
      vertex -25 20 51
    endloop
  endfacet
  facet normal -1 -0 0
    outer loop
      vertex -25 20 55
      vertex -25 -20 51
      vertex -25 -20 55
    endloop
  endfacet
  facet normal 0 1 -0
    outer loop
      vertex 25 20 56
      vertex -25 20 60
      vertex 25 20 60
    endloop
  endfacet
  facet normal 0 1 0
    outer loop
      vertex -25 20 60
      vertex 25 20 56
      vertex -25 20 56
    endloop
  endfacet
  facet normal 0 1 -0
    outer loop
      vertex 25 20 1
      vertex -25 20 5
      vertex 25 20 5
    endloop
  endfacet
  facet normal 0 1 0
    outer loop
      vertex -25 20 5
      vertex 25 20 1
      vertex -25 20 1
    endloop
  endfacet
  facet normal 0 1 -0
    outer loop
      vertex 25 20 6
      vertex -25 20 10
      vertex 25 20 10
    endloop
  endfacet
  facet normal 0 1 0
    outer loop
      vertex -25 20 10
      vertex 25 20 6
      vertex -25 20 6
    endloop
  endfacet
  facet normal 0 1 -0
    outer loop
      vertex 25 20 11
      vertex -25 20 15
      vertex 25 20 15
    endloop
  endfacet
  facet normal 0 1 0
    outer loop
      vertex -25 20 15
      vertex 25 20 11
      vertex -25 20 11
    endloop
  endfacet
  facet normal 0 1 -0
    outer loop
      vertex 25 20 16
      vertex -25 20 20
      vertex 25 20 20
    endloop
  endfacet
  facet normal 0 1 0
    outer loop
      vertex -25 20 20
      vertex 25 20 16
      vertex -25 20 16
    endloop
  endfacet
  facet normal 0 1 -0
    outer loop
      vertex 25 20 21
      vertex -25 20 25
      vertex 25 20 25
    endloop
  endfacet
  facet normal 0 1 0
    outer loop
      vertex -25 20 25
      vertex 25 20 21
      vertex -25 20 21
    endloop
  endfacet
  facet normal 0 1 -0
    outer loop
      vertex 25 20 26
      vertex -25 20 30
      vertex 25 20 30
    endloop
  endfacet
  facet normal 0 1 0
    outer loop
      vertex -25 20 30
      vertex 25 20 26
      vertex -25 20 26
    endloop
  endfacet
  facet normal 0 1 -0
    outer loop
      vertex 25 20 31
      vertex -25 20 35
      vertex 25 20 35
    endloop
  endfacet
  facet normal 0 1 0
    outer loop
      vertex -25 20 35
      vertex 25 20 31
      vertex -25 20 31
    endloop
  endfacet
  facet normal 0 1 -0
    outer loop
      vertex 25 20 36
      vertex -25 20 40
      vertex 25 20 40
    endloop
  endfacet
  facet normal 0 1 0
    outer loop
      vertex -25 20 40
      vertex 25 20 36
      vertex -25 20 36
    endloop
  endfacet
  facet normal 0 1 -0
    outer loop
      vertex 25 20 41
      vertex -25 20 45
      vertex 25 20 45
    endloop
  endfacet
  facet normal 0 1 0
    outer loop
      vertex -25 20 45
      vertex 25 20 41
      vertex -25 20 41
    endloop
  endfacet
  facet normal 0 1 -0
    outer loop
      vertex 25 20 46
      vertex -25 20 50
      vertex 25 20 50
    endloop
  endfacet
  facet normal 0 1 0
    outer loop
      vertex -25 20 50
      vertex 25 20 46
      vertex -25 20 46
    endloop
  endfacet
  facet normal 0 1 -0
    outer loop
      vertex 25 20 51
      vertex -25 20 55
      vertex 25 20 55
    endloop
  endfacet
  facet normal 0 1 0
    outer loop
      vertex -25 20 55
      vertex 25 20 51
      vertex -25 20 51
    endloop
  endfacet
  facet normal 0 -1 0
    outer loop
      vertex -25 -20 56
      vertex 25 -20 60
      vertex -25 -20 60
    endloop
  endfacet
  facet normal 0 -1 -0
    outer loop
      vertex 25 -20 60
      vertex -25 -20 56
      vertex 25 -20 56
    endloop
  endfacet
  facet normal 0 -1 0
    outer loop
      vertex -25 -20 1
      vertex 25 -20 5
      vertex -25 -20 5
    endloop
  endfacet
  facet normal 0 -1 -0
    outer loop
      vertex 25 -20 5
      vertex -25 -20 1
      vertex 25 -20 1
    endloop
  endfacet
  facet normal 0 -1 0
    outer loop
      vertex -25 -20 6
      vertex 25 -20 10
      vertex -25 -20 10
    endloop
  endfacet
  facet normal 0 -1 -0
    outer loop
      vertex 25 -20 10
      vertex -25 -20 6
      vertex 25 -20 6
    endloop
  endfacet
  facet normal 0 -1 0
    outer loop
      vertex -25 -20 11
      vertex 25 -20 15
      vertex -25 -20 15
    endloop
  endfacet
  facet normal 0 -1 -0
    outer loop
      vertex 25 -20 15
      vertex -25 -20 11
      vertex 25 -20 11
    endloop
  endfacet
  facet normal 0 -1 0
    outer loop
      vertex -25 -20 16
      vertex 25 -20 20
      vertex -25 -20 20
    endloop
  endfacet
  facet normal 0 -1 -0
    outer loop
      vertex 25 -20 20
      vertex -25 -20 16
      vertex 25 -20 16
    endloop
  endfacet
  facet normal 0 -1 0
    outer loop
      vertex -25 -20 21
      vertex 25 -20 25
      vertex -25 -20 25
    endloop
  endfacet
  facet normal 0 -1 -0
    outer loop
      vertex 25 -20 25
      vertex -25 -20 21
      vertex 25 -20 21
    endloop
  endfacet
  facet normal 0 -1 0
    outer loop
      vertex -25 -20 26
      vertex 25 -20 30
      vertex -25 -20 30
    endloop
  endfacet
  facet normal 0 -1 -0
    outer loop
      vertex 25 -20 30
      vertex -25 -20 26
      vertex 25 -20 26
    endloop
  endfacet
  facet normal 0 -1 0
    outer loop
      vertex -25 -20 31
      vertex 25 -20 35
      vertex -25 -20 35
    endloop
  endfacet
  facet normal 0 -1 -0
    outer loop
      vertex 25 -20 35
      vertex -25 -20 31
      vertex 25 -20 31
    endloop
  endfacet
  facet normal 0 -1 0
    outer loop
      vertex -25 -20 36
      vertex 25 -20 40
      vertex -25 -20 40
    endloop
  endfacet
  facet normal 0 -1 -0
    outer loop
      vertex 25 -20 40
      vertex -25 -20 36
      vertex 25 -20 36
    endloop
  endfacet
  facet normal 0 -1 0
    outer loop
      vertex -25 -20 41
      vertex 25 -20 45
      vertex -25 -20 45
    endloop
  endfacet
  facet normal 0 -1 -0
    outer loop
      vertex 25 -20 45
      vertex -25 -20 41
      vertex 25 -20 41
    endloop
  endfacet
  facet normal 0 -1 0
    outer loop
      vertex -25 -20 46
      vertex 25 -20 50
      vertex -25 -20 50
    endloop
  endfacet
  facet normal 0 -1 -0
    outer loop
      vertex 25 -20 50
      vertex -25 -20 46
      vertex 25 -20 46
    endloop
  endfacet
  facet normal 0 -1 0
    outer loop
      vertex -25 -20 51
      vertex 25 -20 55
      vertex -25 -20 55
    endloop
  endfacet
  facet normal 0 -1 -0
    outer loop
      vertex 25 -20 55
      vertex -25 -20 51
      vertex 25 -20 51
    endloop
  endfacet
  facet normal -0.972386 -0.233378 0
    outer loop
      vertex -14.7553 20.4549 66
      vertex -14.9384 21.2178 79
      vertex -14.9384 21.2178 66
    endloop
  endfacet
  facet normal -0.972386 -0.233378 0
    outer loop
      vertex -14.9384 21.2178 79
      vertex -14.7553 20.4549 66
      vertex -14.7553 20.4549 79
    endloop
  endfacet
  facet normal 0.0785122 -0.996913 0
    outer loop
      vertex -10 17 66
      vertex -9.21783 17.0616 79
      vertex -10 17 79
    endloop
  endfacet
  facet normal 0.0785122 -0.996913 0
    outer loop
      vertex -9.21783 17.0616 79
      vertex -10 17 66
      vertex -9.21783 17.0616 66
    endloop
  endfacet
  facet normal 0.972369 0.23345 0
    outer loop
      vertex -5.06156 22.7822 79
      vertex -5.24472 23.5451 65
      vertex -5.24472 23.5451 79
    endloop
  endfacet
  facet normal 0.972369 0.23345 0
    outer loop
      vertex -5.24472 23.5451 65
      vertex -5.06156 22.7822 79
      vertex -5.06156 22.7822 65
    endloop
  endfacet
  facet normal 0.522451 0.852669 -0
    outer loop
      vertex -7.06107 26.0451 65
      vertex -7.73005 26.455 79
      vertex -7.06107 26.0451 79
    endloop
  endfacet
  facet normal 0.522451 0.852669 0
    outer loop
      vertex -7.73005 26.455 79
      vertex -7.06107 26.0451 65
      vertex -7.73005 26.455 65
    endloop
  endfacet
  facet normal -0.522496 0.852642 0
    outer loop
      vertex -12.27 26.455 65
      vertex -12.9389 26.0451 79
      vertex -12.27 26.455 79
    endloop
  endfacet
  facet normal -0.522496 0.852642 0
    outer loop
      vertex -12.9389 26.0451 79
      vertex -12.27 26.455 65
      vertex -12.9389 26.0451 65
    endloop
  endfacet
  facet normal -0.760371 0.649489 0
    outer loop
      vertex -14.0451 24.9389 65
      vertex -13.5355 25.5355 79
      vertex -13.5355 25.5355 65
    endloop
  endfacet
  facet normal -0.760371 0.649489 0
    outer loop
      vertex -13.5355 25.5355 79
      vertex -14.0451 24.9389 65
      vertex -14.0451 24.9389 79
    endloop
  endfacet
  facet normal -0.233378 -0.972386 0
    outer loop
      vertex -11.5451 17.2447 66
      vertex -10.7822 17.0616 79
      vertex -11.5451 17.2447 79
    endloop
  endfacet
  facet normal -0.233378 -0.972386 -0
    outer loop
      vertex -10.7822 17.0616 79
      vertex -11.5451 17.2447 66
      vertex -10.7822 17.0616 66
    endloop
  endfacet
  facet normal 0 0 1
    outer loop
      vertex -5.06156 22.7822 79
      vertex -5.06156 21.2178 79
      vertex -5 22 79
    endloop
  endfacet
  facet normal 0 0 1
    outer loop
      vertex -5.24472 23.5451 79
      vertex -5.06156 21.2178 79
      vertex -5.06156 22.7822 79
    endloop
  endfacet
  facet normal 0 0 1
    outer loop
      vertex -5.24472 23.5451 79
      vertex -5.24472 20.4549 79
      vertex -5.06156 21.2178 79
    endloop
  endfacet
  facet normal 0 0 1
    outer loop
      vertex -5.54497 24.27 79
      vertex -5.24472 20.4549 79
      vertex -5.24472 23.5451 79
    endloop
  endfacet
  facet normal 0 0 1
    outer loop
      vertex -5.54497 24.27 79
      vertex -5.54497 19.73 79
      vertex -5.24472 20.4549 79
    endloop
  endfacet
  facet normal 0 0 1
    outer loop
      vertex -5.95491 24.9389 79
      vertex -5.54497 19.73 79
      vertex -5.54497 24.27 79
    endloop
  endfacet
  facet normal 0 0 1
    outer loop
      vertex -5.95491 24.9389 79
      vertex -5.95491 19.0611 79
      vertex -5.54497 19.73 79
    endloop
  endfacet
  facet normal 0 0 1
    outer loop
      vertex -6.46447 25.5355 79
      vertex -5.95491 19.0611 79
      vertex -5.95491 24.9389 79
    endloop
  endfacet
  facet normal 0 0 1
    outer loop
      vertex -6.46447 25.5355 79
      vertex -6.46447 18.4645 79
      vertex -5.95491 19.0611 79
    endloop
  endfacet
  facet normal 0 0 1
    outer loop
      vertex -7.06107 26.0451 79
      vertex -6.46447 18.4645 79
      vertex -6.46447 25.5355 79
    endloop
  endfacet
  facet normal 0 0 1
    outer loop
      vertex -7.06107 26.0451 79
      vertex -7.06107 17.9549 79
      vertex -6.46447 18.4645 79
    endloop
  endfacet
  facet normal 0 0 1
    outer loop
      vertex -7.73005 26.455 79
      vertex -7.06107 17.9549 79
      vertex -7.06107 26.0451 79
    endloop
  endfacet
  facet normal 0 0 1
    outer loop
      vertex -7.73005 26.455 79
      vertex -7.73005 17.545 79
      vertex -7.06107 17.9549 79
    endloop
  endfacet
  facet normal 0 0 1
    outer loop
      vertex -8.45491 26.7553 79
      vertex -7.73005 17.545 79
      vertex -7.73005 26.455 79
    endloop
  endfacet
  facet normal 0 0 1
    outer loop
      vertex -8.45491 26.7553 79
      vertex -8.45491 17.2447 79
      vertex -7.73005 17.545 79
    endloop
  endfacet
  facet normal 0 0 1
    outer loop
      vertex -9.21783 26.9384 79
      vertex -8.45491 17.2447 79
      vertex -8.45491 26.7553 79
    endloop
  endfacet
  facet normal 0 0 1
    outer loop
      vertex -9.21783 26.9384 79
      vertex -9.21783 17.0616 79
      vertex -8.45491 17.2447 79
    endloop
  endfacet
  facet normal 0 0 1
    outer loop
      vertex -10 27 79
      vertex -9.21783 17.0616 79
      vertex -9.21783 26.9384 79
    endloop
  endfacet
  facet normal 0 0 1
    outer loop
      vertex -10 27 79
      vertex -10 17 79
      vertex -9.21783 17.0616 79
    endloop
  endfacet
  facet normal -0 0 1
    outer loop
      vertex -10.7822 26.9384 79
      vertex -10 17 79
      vertex -10 27 79
    endloop
  endfacet
  facet normal 0 0 1
    outer loop
      vertex -10.7822 26.9384 79
      vertex -10.7822 17.0616 79
      vertex -10 17 79
    endloop
  endfacet
  facet normal -0 0 1
    outer loop
      vertex -11.5451 26.7553 79
      vertex -10.7822 17.0616 79
      vertex -10.7822 26.9384 79
    endloop
  endfacet
  facet normal 0 0 1
    outer loop
      vertex -11.5451 26.7553 79
      vertex -11.5451 17.2447 79
      vertex -10.7822 17.0616 79
    endloop
  endfacet
  facet normal -0 0 1
    outer loop
      vertex -12.27 26.455 79
      vertex -11.5451 17.2447 79
      vertex -11.5451 26.7553 79
    endloop
  endfacet
  facet normal 0 0 1
    outer loop
      vertex -12.27 26.455 79
      vertex -12.27 17.545 79
      vertex -11.5451 17.2447 79
    endloop
  endfacet
  facet normal -0 0 1
    outer loop
      vertex -12.9389 26.0451 79
      vertex -12.27 17.545 79
      vertex -12.27 26.455 79
    endloop
  endfacet
  facet normal 0 0 1
    outer loop
      vertex -12.9389 26.0451 79
      vertex -12.9389 17.9549 79
      vertex -12.27 17.545 79
    endloop
  endfacet
  facet normal -0 0 1
    outer loop
      vertex -13.5355 25.5355 79
      vertex -12.9389 17.9549 79
      vertex -12.9389 26.0451 79
    endloop
  endfacet
  facet normal 0 0 1
    outer loop
      vertex -13.5355 25.5355 79
      vertex -13.5355 18.4645 79
      vertex -12.9389 17.9549 79
    endloop
  endfacet
  facet normal -0 0 1
    outer loop
      vertex -14.0451 24.9389 79
      vertex -13.5355 18.4645 79
      vertex -13.5355 25.5355 79
    endloop
  endfacet
  facet normal 0 0 1
    outer loop
      vertex -14.0451 24.9389 79
      vertex -14.0451 19.0611 79
      vertex -13.5355 18.4645 79
    endloop
  endfacet
  facet normal -0 0 1
    outer loop
      vertex -14.455 24.27 79
      vertex -14.0451 19.0611 79
      vertex -14.0451 24.9389 79
    endloop
  endfacet
  facet normal 0 0 1
    outer loop
      vertex -14.455 24.27 79
      vertex -14.455 19.73 79
      vertex -14.0451 19.0611 79
    endloop
  endfacet
  facet normal -0 0 1
    outer loop
      vertex -14.7553 23.5451 79
      vertex -14.455 19.73 79
      vertex -14.455 24.27 79
    endloop
  endfacet
  facet normal 0 0 1
    outer loop
      vertex -14.7553 23.5451 79
      vertex -14.7553 20.4549 79
      vertex -14.455 19.73 79
    endloop
  endfacet
  facet normal -0 0 1
    outer loop
      vertex -14.9384 22.7822 79
      vertex -14.7553 20.4549 79
      vertex -14.7553 23.5451 79
    endloop
  endfacet
  facet normal 0 0 1
    outer loop
      vertex -14.9384 22.7822 79
      vertex -14.9384 21.2178 79
      vertex -14.7553 20.4549 79
    endloop
  endfacet
  facet normal 0 -0 1
    outer loop
      vertex -14.9384 21.2178 79
      vertex -14.9384 22.7822 79
      vertex -15 22 79
    endloop
  endfacet
  facet normal -0.996913 0.0785092 0
    outer loop
      vertex -15 22 66
      vertex -14.9384 22.7822 65
      vertex -15 22 65
    endloop
  endfacet
  facet normal -0.996913 0.0785092 0
    outer loop
      vertex -14.9384 22.7822 65
      vertex -15 22 66
      vertex -14.9384 22.7822 79
    endloop
  endfacet
  facet normal -0.996913 0.0785092 0
    outer loop
      vertex -14.9384 22.7822 79
      vertex -15 22 66
      vertex -15 22 79
    endloop
  endfacet
  facet normal -0.0785092 0.996913 0
    outer loop
      vertex -10 27 65
      vertex -10.7822 26.9384 79
      vertex -10 27 79
    endloop
  endfacet
  facet normal -0.0785092 0.996913 0
    outer loop
      vertex -10.7822 26.9384 79
      vertex -10 27 65
      vertex -10.7822 26.9384 65
    endloop
  endfacet
  facet normal 0.923886 0.382669 0
    outer loop
      vertex -5.24472 23.5451 79
      vertex -5.54497 24.27 65
      vertex -5.54497 24.27 79
    endloop
  endfacet
  facet normal 0.923886 0.382669 0
    outer loop
      vertex -5.54497 24.27 65
      vertex -5.24472 23.5451 79
      vertex -5.24472 23.5451 65
    endloop
  endfacet
  facet normal 0.760396 0.649459 0
    outer loop
      vertex -5.95491 24.9389 79
      vertex -6.46447 25.5355 65
      vertex -6.46447 25.5355 79
    endloop
  endfacet
  facet normal 0.760396 0.649459 0
    outer loop
      vertex -6.46447 25.5355 65
      vertex -5.95491 24.9389 79
      vertex -5.95491 24.9389 65
    endloop
  endfacet
  facet normal 0.233372 0.972388 -0
    outer loop
      vertex -8.45491 26.7553 65
      vertex -9.21783 26.9384 79
      vertex -8.45491 26.7553 79
    endloop
  endfacet
  facet normal 0.233372 0.972388 0
    outer loop
      vertex -9.21783 26.9384 79
      vertex -8.45491 26.7553 65
      vertex -9.21783 26.9384 65
    endloop
  endfacet
  facet normal -0.382723 0.923863 0
    outer loop
      vertex -11.5451 26.7553 65
      vertex -12.27 26.455 79
      vertex -11.5451 26.7553 79
    endloop
  endfacet
  facet normal -0.382723 0.923863 0
    outer loop
      vertex -12.27 26.455 79
      vertex -11.5451 26.7553 65
      vertex -12.27 26.455 65
    endloop
  endfacet
  facet normal 0.996917 0.0784585 -0
    outer loop
      vertex -5 22 66
      vertex -5.06156 22.7822 79
      vertex -5 22 79
    endloop
  endfacet
  facet normal 0.996917 0.0784585 0
    outer loop
      vertex -5.06156 22.7822 79
      vertex -5 22 66
      vertex -5.06156 22.7822 65
    endloop
  endfacet
  facet normal 0.996917 0.0784585 0
    outer loop
      vertex -5.06156 22.7822 65
      vertex -5 22 66
      vertex -5 22 65
    endloop
  endfacet
  facet normal 0.649489 0.760371 -0
    outer loop
      vertex -6.46447 25.5355 65
      vertex -7.06107 26.0451 79
      vertex -6.46447 25.5355 79
    endloop
  endfacet
  facet normal 0.649489 0.760371 0
    outer loop
      vertex -7.06107 26.0451 79
      vertex -6.46447 25.5355 65
      vertex -7.06107 26.0451 65
    endloop
  endfacet
  facet normal -0.649489 -0.760371 0
    outer loop
      vertex -13.5355 18.4645 66
      vertex -12.9389 17.9549 79
      vertex -13.5355 18.4645 79
    endloop
  endfacet
  facet normal -0.649489 -0.760371 -0
    outer loop
      vertex -12.9389 17.9549 79
      vertex -13.5355 18.4645 66
      vertex -12.9389 17.9549 66
    endloop
  endfacet
  facet normal 0.760396 -0.649459 0
    outer loop
      vertex -6.46447 18.4645 79
      vertex -5.95491 19.0611 66
      vertex -5.95491 19.0611 79
    endloop
  endfacet
  facet normal 0.760396 -0.649459 0
    outer loop
      vertex -5.95491 19.0611 66
      vertex -6.46447 18.4645 79
      vertex -6.46447 18.4645 66
    endloop
  endfacet
  facet normal 0.996917 -0.0784585 0
    outer loop
      vertex -5.06156 21.2178 79
      vertex -5 22 66
      vertex -5 22 79
    endloop
  endfacet
  facet normal 0.996917 -0.0784585 0
    outer loop
      vertex -5 22 66
      vertex -5.06156 21.2178 79
      vertex -5.06156 21.2178 66
    endloop
  endfacet
  facet normal 0.522451 -0.852669 0
    outer loop
      vertex -7.73005 17.545 66
      vertex -7.06107 17.9549 79
      vertex -7.73005 17.545 79
    endloop
  endfacet
  facet normal 0.522451 -0.852669 0
    outer loop
      vertex -7.06107 17.9549 79
      vertex -7.73005 17.545 66
      vertex -7.06107 17.9549 66
    endloop
  endfacet
  facet normal 0.852619 -0.522533 0
    outer loop
      vertex -5.95491 19.0611 79
      vertex -5.54497 19.73 66
      vertex -5.54497 19.73 79
    endloop
  endfacet
  facet normal 0.852619 -0.522533 0
    outer loop
      vertex -5.54497 19.73 66
      vertex -5.95491 19.0611 79
      vertex -5.95491 19.0611 66
    endloop
  endfacet
  facet normal 0.972369 -0.23345 0
    outer loop
      vertex -5.24472 20.4549 79
      vertex -5.06156 21.2178 66
      vertex -5.06156 21.2178 79
    endloop
  endfacet
  facet normal 0.972369 -0.23345 0
    outer loop
      vertex -5.06156 21.2178 66
      vertex -5.24472 20.4549 79
      vertex -5.24472 20.4549 66
    endloop
  endfacet
  facet normal 0.852619 0.522533 0
    outer loop
      vertex -5.54497 24.27 79
      vertex -5.95491 24.9389 65
      vertex -5.95491 24.9389 79
    endloop
  endfacet
  facet normal 0.852619 0.522533 0
    outer loop
      vertex -5.95491 24.9389 65
      vertex -5.54497 24.27 79
      vertex -5.54497 24.27 65
    endloop
  endfacet
  facet normal -0.649489 0.760371 0
    outer loop
      vertex -12.9389 26.0451 65
      vertex -13.5355 25.5355 79
      vertex -12.9389 26.0451 79
    endloop
  endfacet
  facet normal -0.649489 0.760371 0
    outer loop
      vertex -13.5355 25.5355 79
      vertex -12.9389 26.0451 65
      vertex -13.5355 25.5355 65
    endloop
  endfacet
  facet normal -0.972386 0.233378 0
    outer loop
      vertex -14.9384 22.7822 65
      vertex -14.7553 23.5451 79
      vertex -14.7553 23.5451 65
    endloop
  endfacet
  facet normal -0.972386 0.233378 0
    outer loop
      vertex -14.7553 23.5451 79
      vertex -14.9384 22.7822 65
      vertex -14.9384 22.7822 79
    endloop
  endfacet
  facet normal -0.852642 0.522496 0
    outer loop
      vertex -14.455 24.27 65
      vertex -14.0451 24.9389 79
      vertex -14.0451 24.9389 65
    endloop
  endfacet
  facet normal -0.852642 0.522496 0
    outer loop
      vertex -14.0451 24.9389 79
      vertex -14.455 24.27 65
      vertex -14.455 24.27 79
    endloop
  endfacet
  facet normal 0.382741 0.923856 -0
    outer loop
      vertex -7.73005 26.455 65
      vertex -8.45491 26.7553 79
      vertex -7.73005 26.455 79
    endloop
  endfacet
  facet normal 0.382741 0.923856 0
    outer loop
      vertex -8.45491 26.7553 79
      vertex -7.73005 26.455 65
      vertex -8.45491 26.7553 65
    endloop
  endfacet
  facet normal 0.649489 -0.760371 0
    outer loop
      vertex -7.06107 17.9549 66
      vertex -6.46447 18.4645 79
      vertex -7.06107 17.9549 79
    endloop
  endfacet
  facet normal 0.649489 -0.760371 0
    outer loop
      vertex -6.46447 18.4645 79
      vertex -7.06107 17.9549 66
      vertex -6.46447 18.4645 66
    endloop
  endfacet
  facet normal -0.233378 0.972386 0
    outer loop
      vertex -10.7822 26.9384 65
      vertex -11.5451 26.7553 79
      vertex -10.7822 26.9384 79
    endloop
  endfacet
  facet normal -0.233378 0.972386 0
    outer loop
      vertex -11.5451 26.7553 79
      vertex -10.7822 26.9384 65
      vertex -11.5451 26.7553 65
    endloop
  endfacet
  facet normal -0.382723 -0.923863 0
    outer loop
      vertex -12.27 17.545 66
      vertex -11.5451 17.2447 79
      vertex -12.27 17.545 79
    endloop
  endfacet
  facet normal -0.382723 -0.923863 -0
    outer loop
      vertex -11.5451 17.2447 79
      vertex -12.27 17.545 66
      vertex -11.5451 17.2447 66
    endloop
  endfacet
  facet normal -0.760371 -0.649489 0
    outer loop
      vertex -13.5355 18.4645 66
      vertex -14.0451 19.0611 79
      vertex -14.0451 19.0611 66
    endloop
  endfacet
  facet normal -0.760371 -0.649489 0
    outer loop
      vertex -14.0451 19.0611 79
      vertex -13.5355 18.4645 66
      vertex -13.5355 18.4645 79
    endloop
  endfacet
  facet normal 0.923886 -0.382669 0
    outer loop
      vertex -5.54497 19.73 79
      vertex -5.24472 20.4549 66
      vertex -5.24472 20.4549 79
    endloop
  endfacet
  facet normal 0.923886 -0.382669 0
    outer loop
      vertex -5.24472 20.4549 66
      vertex -5.54497 19.73 79
      vertex -5.54497 19.73 66
    endloop
  endfacet
  facet normal -0.996913 -0.0785092 0
    outer loop
      vertex -14.9384 21.2178 66
      vertex -15 22 79
      vertex -15 22 66
    endloop
  endfacet
  facet normal -0.996913 -0.0785092 0
    outer loop
      vertex -15 22 79
      vertex -14.9384 21.2178 66
      vertex -14.9384 21.2178 79
    endloop
  endfacet
  facet normal 0.233372 -0.972388 0
    outer loop
      vertex -9.21783 17.0616 66
      vertex -8.45491 17.2447 79
      vertex -9.21783 17.0616 79
    endloop
  endfacet
  facet normal 0.233372 -0.972388 0
    outer loop
      vertex -8.45491 17.2447 79
      vertex -9.21783 17.0616 66
      vertex -8.45491 17.2447 66
    endloop
  endfacet
  facet normal 0.382741 -0.923856 0
    outer loop
      vertex -8.45491 17.2447 66
      vertex -7.73005 17.545 79
      vertex -8.45491 17.2447 79
    endloop
  endfacet
  facet normal 0.382741 -0.923856 0
    outer loop
      vertex -7.73005 17.545 79
      vertex -8.45491 17.2447 66
      vertex -7.73005 17.545 66
    endloop
  endfacet
  facet normal -0.522496 -0.852642 0
    outer loop
      vertex -12.9389 17.9549 66
      vertex -12.27 17.545 79
      vertex -12.9389 17.9549 79
    endloop
  endfacet
  facet normal -0.522496 -0.852642 -0
    outer loop
      vertex -12.27 17.545 79
      vertex -12.9389 17.9549 66
      vertex -12.27 17.545 66
    endloop
  endfacet
  facet normal -0.923863 -0.382723 0
    outer loop
      vertex -14.455 19.73 66
      vertex -14.7553 20.4549 79
      vertex -14.7553 20.4549 66
    endloop
  endfacet
  facet normal -0.923863 -0.382723 0
    outer loop
      vertex -14.7553 20.4549 79
      vertex -14.455 19.73 66
      vertex -14.455 19.73 79
    endloop
  endfacet
  facet normal -0.852642 -0.522496 0
    outer loop
      vertex -14.0451 19.0611 66
      vertex -14.455 19.73 79
      vertex -14.455 19.73 66
    endloop
  endfacet
  facet normal -0.852642 -0.522496 0
    outer loop
      vertex -14.455 19.73 79
      vertex -14.0451 19.0611 66
      vertex -14.0451 19.0611 79
    endloop
  endfacet
  facet normal 0.0785122 0.996913 -0
    outer loop
      vertex -9.21783 26.9384 65
      vertex -10 27 79
      vertex -9.21783 26.9384 79
    endloop
  endfacet
  facet normal 0.0785122 0.996913 0
    outer loop
      vertex -10 27 79
      vertex -9.21783 26.9384 65
      vertex -10 27 65
    endloop
  endfacet
  facet normal -0.923863 0.382723 0
    outer loop
      vertex -14.7553 23.5451 65
      vertex -14.455 24.27 79
      vertex -14.455 24.27 65
    endloop
  endfacet
  facet normal -0.923863 0.382723 0
    outer loop
      vertex -14.455 24.27 79
      vertex -14.7553 23.5451 65
      vertex -14.7553 23.5451 79
    endloop
  endfacet
  facet normal -0.0785092 -0.996913 0
    outer loop
      vertex -10.7822 17.0616 66
      vertex -10 17 79
      vertex -10.7822 17.0616 79
    endloop
  endfacet
  facet normal -0.0785092 -0.996913 -0
    outer loop
      vertex -10 17 79
      vertex -10.7822 17.0616 66
      vertex -10 17 66
    endloop
  endfacet
  facet normal 0 0 -1
    outer loop
      vertex -5 22 65
      vertex -5.24472 23.5451 65
      vertex -5.06156 22.7822 65
    endloop
  endfacet
  facet normal 0 0 -1
    outer loop
      vertex -5 22 65
      vertex -5.54497 24.27 65
      vertex -5.24472 23.5451 65
    endloop
  endfacet
  facet normal 0 0 -1
    outer loop
      vertex -5 22 65
      vertex -5.95491 24.9389 65
      vertex -5.54497 24.27 65
    endloop
  endfacet
  facet normal 0 0 -1
    outer loop
      vertex -5 22 65
      vertex -6.46447 25.5355 65
      vertex -5.95491 24.9389 65
    endloop
  endfacet
  facet normal 0 0 -1
    outer loop
      vertex -5 22 65
      vertex -7.06107 26.0451 65
      vertex -6.46447 25.5355 65
    endloop
  endfacet
  facet normal 0 0 -1
    outer loop
      vertex -5 22 65
      vertex -7.73005 26.455 65
      vertex -7.06107 26.0451 65
    endloop
  endfacet
  facet normal 0 0 -1
    outer loop
      vertex -5 22 65
      vertex -8.45491 26.7553 65
      vertex -7.73005 26.455 65
    endloop
  endfacet
  facet normal 0 0 -1
    outer loop
      vertex -5 22 65
      vertex -9.21783 26.9384 65
      vertex -8.45491 26.7553 65
    endloop
  endfacet
  facet normal 0 0 -1
    outer loop
      vertex -5 22 65
      vertex -10 27 65
      vertex -9.21783 26.9384 65
    endloop
  endfacet
  facet normal 0 0 -1
    outer loop
      vertex -5 22 65
      vertex -10.7822 26.9384 65
      vertex -10 27 65
    endloop
  endfacet
  facet normal 0 0 -1
    outer loop
      vertex -5 22 65
      vertex -11.5451 26.7553 65
      vertex -10.7822 26.9384 65
    endloop
  endfacet
  facet normal 0 0 -1
    outer loop
      vertex -5 22 65
      vertex -12.27 26.455 65
      vertex -11.5451 26.7553 65
    endloop
  endfacet
  facet normal 0 0 -1
    outer loop
      vertex -5 22 65
      vertex -12.9389 26.0451 65
      vertex -12.27 26.455 65
    endloop
  endfacet
  facet normal 0 0 -1
    outer loop
      vertex -5 22 65
      vertex -13.5355 25.5355 65
      vertex -12.9389 26.0451 65
    endloop
  endfacet
  facet normal 0 0 -1
    outer loop
      vertex -5 22 65
      vertex -14.0451 24.9389 65
      vertex -13.5355 25.5355 65
    endloop
  endfacet
  facet normal 0 0 -1
    outer loop
      vertex -5 22 65
      vertex -14.455 24.27 65
      vertex -14.0451 24.9389 65
    endloop
  endfacet
  facet normal 0 0 -1
    outer loop
      vertex -5 22 65
      vertex -14.7553 23.5451 65
      vertex -14.455 24.27 65
    endloop
  endfacet
  facet normal 0 0 -1
    outer loop
      vertex -5 22 65
      vertex -14.9384 22.7822 65
      vertex -14.7553 23.5451 65
    endloop
  endfacet
  facet normal 0 -0 -1
    outer loop
      vertex -14.9384 22.7822 65
      vertex -5 22 65
      vertex -15 22 65
    endloop
  endfacet
  facet normal 0.760371 -0.649489 0
    outer loop
      vertex 13.5355 18.4645 79
      vertex 14.0451 19.0611 66
      vertex 14.0451 19.0611 79
    endloop
  endfacet
  facet normal 0.760371 -0.649489 0
    outer loop
      vertex 14.0451 19.0611 66
      vertex 13.5355 18.4645 79
      vertex 13.5355 18.4645 66
    endloop
  endfacet
  facet normal 0.852642 0.522496 0
    outer loop
      vertex 14.455 24.27 79
      vertex 14.0451 24.9389 65
      vertex 14.0451 24.9389 79
    endloop
  endfacet
  facet normal 0.852642 0.522496 0
    outer loop
      vertex 14.0451 24.9389 65
      vertex 14.455 24.27 79
      vertex 14.455 24.27 65
    endloop
  endfacet
  facet normal 0.233378 0.972386 -0
    outer loop
      vertex 11.5451 26.7553 65
      vertex 10.7822 26.9384 79
      vertex 11.5451 26.7553 79
    endloop
  endfacet
  facet normal 0.233378 0.972386 0
    outer loop
      vertex 10.7822 26.9384 79
      vertex 11.5451 26.7553 65
      vertex 10.7822 26.9384 65
    endloop
  endfacet
  facet normal 0.972386 0.233378 0
    outer loop
      vertex 14.9384 22.7822 79
      vertex 14.7553 23.5451 65
      vertex 14.7553 23.5451 79
    endloop
  endfacet
  facet normal 0.972386 0.233378 0
    outer loop
      vertex 14.7553 23.5451 65
      vertex 14.9384 22.7822 79
      vertex 14.9384 22.7822 65
    endloop
  endfacet
  facet normal -0.233372 -0.972388 0
    outer loop
      vertex 8.45491 17.2447 66
      vertex 9.21783 17.0616 79
      vertex 8.45491 17.2447 79
    endloop
  endfacet
  facet normal -0.233372 -0.972388 -0
    outer loop
      vertex 9.21783 17.0616 79
      vertex 8.45491 17.2447 66
      vertex 9.21783 17.0616 66
    endloop
  endfacet
  facet normal 0.649489 0.760371 -0
    outer loop
      vertex 13.5355 25.5355 65
      vertex 12.9389 26.0451 79
      vertex 13.5355 25.5355 79
    endloop
  endfacet
  facet normal 0.649489 0.760371 0
    outer loop
      vertex 12.9389 26.0451 79
      vertex 13.5355 25.5355 65
      vertex 12.9389 26.0451 65
    endloop
  endfacet
  facet normal 0.852642 -0.522496 0
    outer loop
      vertex 14.0451 19.0611 79
      vertex 14.455 19.73 66
      vertex 14.455 19.73 79
    endloop
  endfacet
  facet normal 0.852642 -0.522496 0
    outer loop
      vertex 14.455 19.73 66
      vertex 14.0451 19.0611 79
      vertex 14.0451 19.0611 66
    endloop
  endfacet
  facet normal -0.760396 0.649459 0
    outer loop
      vertex 5.95491 24.9389 65
      vertex 6.46447 25.5355 79
      vertex 6.46447 25.5355 65
    endloop
  endfacet
  facet normal -0.760396 0.649459 0
    outer loop
      vertex 6.46447 25.5355 79
      vertex 5.95491 24.9389 65
      vertex 5.95491 24.9389 79
    endloop
  endfacet
  facet normal 0.0785092 -0.996913 0
    outer loop
      vertex 10 17 66
      vertex 10.7822 17.0616 79
      vertex 10 17 79
    endloop
  endfacet
  facet normal 0.0785092 -0.996913 0
    outer loop
      vertex 10.7822 17.0616 79
      vertex 10 17 66
      vertex 10.7822 17.0616 66
    endloop
  endfacet
  facet normal 0.233378 -0.972386 0
    outer loop
      vertex 10.7822 17.0616 66
      vertex 11.5451 17.2447 79
      vertex 10.7822 17.0616 79
    endloop
  endfacet
  facet normal 0.233378 -0.972386 0
    outer loop
      vertex 11.5451 17.2447 79
      vertex 10.7822 17.0616 66
      vertex 11.5451 17.2447 66
    endloop
  endfacet
  facet normal -0.972369 -0.23345 0
    outer loop
      vertex 5.24472 20.4549 66
      vertex 5.06156 21.2178 79
      vertex 5.06156 21.2178 66
    endloop
  endfacet
  facet normal -0.972369 -0.23345 0
    outer loop
      vertex 5.06156 21.2178 79
      vertex 5.24472 20.4549 66
      vertex 5.24472 20.4549 79
    endloop
  endfacet
  facet normal 0.382723 0.923863 -0
    outer loop
      vertex 12.27 26.455 65
      vertex 11.5451 26.7553 79
      vertex 12.27 26.455 79
    endloop
  endfacet
  facet normal 0.382723 0.923863 0
    outer loop
      vertex 11.5451 26.7553 79
      vertex 12.27 26.455 65
      vertex 11.5451 26.7553 65
    endloop
  endfacet
  facet normal 0.522496 -0.852642 0
    outer loop
      vertex 12.27 17.545 66
      vertex 12.9389 17.9549 79
      vertex 12.27 17.545 79
    endloop
  endfacet
  facet normal 0.522496 -0.852642 0
    outer loop
      vertex 12.9389 17.9549 79
      vertex 12.27 17.545 66
      vertex 12.9389 17.9549 66
    endloop
  endfacet
  facet normal 0.996913 0.0785092 -0
    outer loop
      vertex 15 22 66
      vertex 14.9384 22.7822 79
      vertex 15 22 79
    endloop
  endfacet
  facet normal 0.996913 0.0785092 0
    outer loop
      vertex 14.9384 22.7822 79
      vertex 15 22 66
      vertex 14.9384 22.7822 65
    endloop
  endfacet
  facet normal 0.996913 0.0785092 0
    outer loop
      vertex 14.9384 22.7822 65
      vertex 15 22 66
      vertex 15 22 65
    endloop
  endfacet
  facet normal -0.0785122 0.996913 0
    outer loop
      vertex 10 27 65
      vertex 9.21783 26.9384 79
      vertex 10 27 79
    endloop
  endfacet
  facet normal -0.0785122 0.996913 0
    outer loop
      vertex 9.21783 26.9384 79
      vertex 10 27 65
      vertex 9.21783 26.9384 65
    endloop
  endfacet
  facet normal -0.996917 -0.0784585 0
    outer loop
      vertex 5.06156 21.2178 66
      vertex 5 22 79
      vertex 5 22 66
    endloop
  endfacet
  facet normal -0.996917 -0.0784585 0
    outer loop
      vertex 5 22 79
      vertex 5.06156 21.2178 66
      vertex 5.06156 21.2178 79
    endloop
  endfacet
  facet normal -0.522451 -0.852669 0
    outer loop
      vertex 7.06107 17.9549 66
      vertex 7.73005 17.545 79
      vertex 7.06107 17.9549 79
    endloop
  endfacet
  facet normal -0.522451 -0.852669 -0
    outer loop
      vertex 7.73005 17.545 79
      vertex 7.06107 17.9549 66
      vertex 7.73005 17.545 66
    endloop
  endfacet
  facet normal 0.382723 -0.923863 0
    outer loop
      vertex 11.5451 17.2447 66
      vertex 12.27 17.545 79
      vertex 11.5451 17.2447 79
    endloop
  endfacet
  facet normal 0.382723 -0.923863 0
    outer loop
      vertex 12.27 17.545 79
      vertex 11.5451 17.2447 66
      vertex 12.27 17.545 66
    endloop
  endfacet
  facet normal -0.233372 0.972388 0
    outer loop
      vertex 9.21783 26.9384 65
      vertex 8.45491 26.7553 79
      vertex 9.21783 26.9384 79
    endloop
  endfacet
  facet normal -0.233372 0.972388 0
    outer loop
      vertex 8.45491 26.7553 79
      vertex 9.21783 26.9384 65
      vertex 8.45491 26.7553 65
    endloop
  endfacet
  facet normal 0.0785092 0.996913 -0
    outer loop
      vertex 10.7822 26.9384 65
      vertex 10 27 79
      vertex 10.7822 26.9384 79
    endloop
  endfacet
  facet normal 0.0785092 0.996913 0
    outer loop
      vertex 10 27 79
      vertex 10.7822 26.9384 65
      vertex 10 27 65
    endloop
  endfacet
  facet normal 0.923863 -0.382723 0
    outer loop
      vertex 14.455 19.73 79
      vertex 14.7553 20.4549 66
      vertex 14.7553 20.4549 79
    endloop
  endfacet
  facet normal 0.923863 -0.382723 0
    outer loop
      vertex 14.7553 20.4549 66
      vertex 14.455 19.73 79
      vertex 14.455 19.73 66
    endloop
  endfacet
  facet normal -0.972369 0.23345 0
    outer loop
      vertex 5.06156 22.7822 65
      vertex 5.24472 23.5451 79
      vertex 5.24472 23.5451 65
    endloop
  endfacet
  facet normal -0.972369 0.23345 0
    outer loop
      vertex 5.24472 23.5451 79
      vertex 5.06156 22.7822 65
      vertex 5.06156 22.7822 79
    endloop
  endfacet
  facet normal -0.996917 0.0784585 0
    outer loop
      vertex 5 22 66
      vertex 5.06156 22.7822 65
      vertex 5 22 65
    endloop
  endfacet
  facet normal -0.996917 0.0784585 0
    outer loop
      vertex 5.06156 22.7822 65
      vertex 5 22 66
      vertex 5.06156 22.7822 79
    endloop
  endfacet
  facet normal -0.996917 0.0784585 0
    outer loop
      vertex 5.06156 22.7822 79
      vertex 5 22 66
      vertex 5 22 79
    endloop
  endfacet
  facet normal 0.760371 0.649489 0
    outer loop
      vertex 14.0451 24.9389 79
      vertex 13.5355 25.5355 65
      vertex 13.5355 25.5355 79
    endloop
  endfacet
  facet normal 0.760371 0.649489 0
    outer loop
      vertex 13.5355 25.5355 65
      vertex 14.0451 24.9389 79
      vertex 14.0451 24.9389 65
    endloop
  endfacet
  facet normal 0.522496 0.852642 -0
    outer loop
      vertex 12.9389 26.0451 65
      vertex 12.27 26.455 79
      vertex 12.9389 26.0451 79
    endloop
  endfacet
  facet normal 0.522496 0.852642 0
    outer loop
      vertex 12.27 26.455 79
      vertex 12.9389 26.0451 65
      vertex 12.27 26.455 65
    endloop
  endfacet
  facet normal 0.923863 0.382723 0
    outer loop
      vertex 14.7553 23.5451 79
      vertex 14.455 24.27 65
      vertex 14.455 24.27 79
    endloop
  endfacet
  facet normal 0.923863 0.382723 0
    outer loop
      vertex 14.455 24.27 65
      vertex 14.7553 23.5451 79
      vertex 14.7553 23.5451 65
    endloop
  endfacet
  facet normal -0.852619 0.522533 0
    outer loop
      vertex 5.54497 24.27 65
      vertex 5.95491 24.9389 79
      vertex 5.95491 24.9389 65
    endloop
  endfacet
  facet normal -0.852619 0.522533 0
    outer loop
      vertex 5.95491 24.9389 79
      vertex 5.54497 24.27 65
      vertex 5.54497 24.27 79
    endloop
  endfacet
  facet normal -0.649489 0.760371 0
    outer loop
      vertex 7.06107 26.0451 65
      vertex 6.46447 25.5355 79
      vertex 7.06107 26.0451 79
    endloop
  endfacet
  facet normal -0.649489 0.760371 0
    outer loop
      vertex 6.46447 25.5355 79
      vertex 7.06107 26.0451 65
      vertex 6.46447 25.5355 65
    endloop
  endfacet
  facet normal -0.0785122 -0.996913 0
    outer loop
      vertex 9.21783 17.0616 66
      vertex 10 17 79
      vertex 9.21783 17.0616 79
    endloop
  endfacet
  facet normal -0.0785122 -0.996913 -0
    outer loop
      vertex 10 17 79
      vertex 9.21783 17.0616 66
      vertex 10 17 66
    endloop
  endfacet
  facet normal -0.760396 -0.649459 0
    outer loop
      vertex 6.46447 18.4645 66
      vertex 5.95491 19.0611 79
      vertex 5.95491 19.0611 66
    endloop
  endfacet
  facet normal -0.760396 -0.649459 0
    outer loop
      vertex 5.95491 19.0611 79
      vertex 6.46447 18.4645 66
      vertex 6.46447 18.4645 79
    endloop
  endfacet
  facet normal -0.649489 -0.760371 0
    outer loop
      vertex 6.46447 18.4645 66
      vertex 7.06107 17.9549 79
      vertex 6.46447 18.4645 79
    endloop
  endfacet
  facet normal -0.649489 -0.760371 -0
    outer loop
      vertex 7.06107 17.9549 79
      vertex 6.46447 18.4645 66
      vertex 7.06107 17.9549 66
    endloop
  endfacet
  facet normal 0.996913 -0.0785092 0
    outer loop
      vertex 14.9384 21.2178 79
      vertex 15 22 66
      vertex 15 22 79
    endloop
  endfacet
  facet normal 0.996913 -0.0785092 0
    outer loop
      vertex 15 22 66
      vertex 14.9384 21.2178 79
      vertex 14.9384 21.2178 66
    endloop
  endfacet
  facet normal -0.382741 0.923856 0
    outer loop
      vertex 8.45491 26.7553 65
      vertex 7.73005 26.455 79
      vertex 8.45491 26.7553 79
    endloop
  endfacet
  facet normal -0.382741 0.923856 0
    outer loop
      vertex 7.73005 26.455 79
      vertex 8.45491 26.7553 65
      vertex 7.73005 26.455 65
    endloop
  endfacet
  facet normal 0.649489 -0.760371 0
    outer loop
      vertex 12.9389 17.9549 66
      vertex 13.5355 18.4645 79
      vertex 12.9389 17.9549 79
    endloop
  endfacet
  facet normal 0.649489 -0.760371 0
    outer loop
      vertex 13.5355 18.4645 79
      vertex 12.9389 17.9549 66
      vertex 13.5355 18.4645 66
    endloop
  endfacet
  facet normal 0.972386 -0.233378 0
    outer loop
      vertex 14.7553 20.4549 79
      vertex 14.9384 21.2178 66
      vertex 14.9384 21.2178 79
    endloop
  endfacet
  facet normal 0.972386 -0.233378 0
    outer loop
      vertex 14.9384 21.2178 66
      vertex 14.7553 20.4549 79
      vertex 14.7553 20.4549 66
    endloop
  endfacet
  facet normal -0.923886 -0.382669 0
    outer loop
      vertex 5.54497 19.73 66
      vertex 5.24472 20.4549 79
      vertex 5.24472 20.4549 66
    endloop
  endfacet
  facet normal -0.923886 -0.382669 0
    outer loop
      vertex 5.24472 20.4549 79
      vertex 5.54497 19.73 66
      vertex 5.54497 19.73 79
    endloop
  endfacet
  facet normal -0.852619 -0.522533 0
    outer loop
      vertex 5.95491 19.0611 66
      vertex 5.54497 19.73 79
      vertex 5.54497 19.73 66
    endloop
  endfacet
  facet normal -0.852619 -0.522533 0
    outer loop
      vertex 5.54497 19.73 79
      vertex 5.95491 19.0611 66
      vertex 5.95491 19.0611 79
    endloop
  endfacet
  facet normal 0 0 1
    outer loop
      vertex 14.9384 22.7822 79
      vertex 14.9384 21.2178 79
      vertex 15 22 79
    endloop
  endfacet
  facet normal 0 0 1
    outer loop
      vertex 14.7553 23.5451 79
      vertex 14.9384 21.2178 79
      vertex 14.9384 22.7822 79
    endloop
  endfacet
  facet normal 0 0 1
    outer loop
      vertex 14.7553 23.5451 79
      vertex 14.7553 20.4549 79
      vertex 14.9384 21.2178 79
    endloop
  endfacet
  facet normal 0 0 1
    outer loop
      vertex 14.455 24.27 79
      vertex 14.7553 20.4549 79
      vertex 14.7553 23.5451 79
    endloop
  endfacet
  facet normal 0 0 1
    outer loop
      vertex 14.455 24.27 79
      vertex 14.455 19.73 79
      vertex 14.7553 20.4549 79
    endloop
  endfacet
  facet normal 0 0 1
    outer loop
      vertex 14.0451 24.9389 79
      vertex 14.455 19.73 79
      vertex 14.455 24.27 79
    endloop
  endfacet
  facet normal 0 0 1
    outer loop
      vertex 14.0451 24.9389 79
      vertex 14.0451 19.0611 79
      vertex 14.455 19.73 79
    endloop
  endfacet
  facet normal 0 0 1
    outer loop
      vertex 13.5355 25.5355 79
      vertex 14.0451 19.0611 79
      vertex 14.0451 24.9389 79
    endloop
  endfacet
  facet normal 0 0 1
    outer loop
      vertex 13.5355 25.5355 79
      vertex 13.5355 18.4645 79
      vertex 14.0451 19.0611 79
    endloop
  endfacet
  facet normal 0 0 1
    outer loop
      vertex 12.9389 26.0451 79
      vertex 13.5355 18.4645 79
      vertex 13.5355 25.5355 79
    endloop
  endfacet
  facet normal 0 0 1
    outer loop
      vertex 12.9389 26.0451 79
      vertex 12.9389 17.9549 79
      vertex 13.5355 18.4645 79
    endloop
  endfacet
  facet normal 0 0 1
    outer loop
      vertex 12.27 26.455 79
      vertex 12.9389 17.9549 79
      vertex 12.9389 26.0451 79
    endloop
  endfacet
  facet normal 0 0 1
    outer loop
      vertex 12.27 26.455 79
      vertex 12.27 17.545 79
      vertex 12.9389 17.9549 79
    endloop
  endfacet
  facet normal 0 0 1
    outer loop
      vertex 11.5451 26.7553 79
      vertex 12.27 17.545 79
      vertex 12.27 26.455 79
    endloop
  endfacet
  facet normal 0 0 1
    outer loop
      vertex 11.5451 26.7553 79
      vertex 11.5451 17.2447 79
      vertex 12.27 17.545 79
    endloop
  endfacet
  facet normal 0 0 1
    outer loop
      vertex 10.7822 26.9384 79
      vertex 11.5451 17.2447 79
      vertex 11.5451 26.7553 79
    endloop
  endfacet
  facet normal 0 0 1
    outer loop
      vertex 10.7822 26.9384 79
      vertex 10.7822 17.0616 79
      vertex 11.5451 17.2447 79
    endloop
  endfacet
  facet normal 0 0 1
    outer loop
      vertex 10 27 79
      vertex 10.7822 17.0616 79
      vertex 10.7822 26.9384 79
    endloop
  endfacet
  facet normal 0 0 1
    outer loop
      vertex 10 27 79
      vertex 10 17 79
      vertex 10.7822 17.0616 79
    endloop
  endfacet
  facet normal -0 0 1
    outer loop
      vertex 9.21783 26.9384 79
      vertex 10 17 79
      vertex 10 27 79
    endloop
  endfacet
  facet normal 0 0 1
    outer loop
      vertex 9.21783 26.9384 79
      vertex 9.21783 17.0616 79
      vertex 10 17 79
    endloop
  endfacet
  facet normal -0 0 1
    outer loop
      vertex 8.45491 26.7553 79
      vertex 9.21783 17.0616 79
      vertex 9.21783 26.9384 79
    endloop
  endfacet
  facet normal 0 0 1
    outer loop
      vertex 8.45491 26.7553 79
      vertex 8.45491 17.2447 79
      vertex 9.21783 17.0616 79
    endloop
  endfacet
  facet normal -0 0 1
    outer loop
      vertex 7.73005 26.455 79
      vertex 8.45491 17.2447 79
      vertex 8.45491 26.7553 79
    endloop
  endfacet
  facet normal 0 0 1
    outer loop
      vertex 7.73005 26.455 79
      vertex 7.73005 17.545 79
      vertex 8.45491 17.2447 79
    endloop
  endfacet
  facet normal -0 0 1
    outer loop
      vertex 7.06107 26.0451 79
      vertex 7.73005 17.545 79
      vertex 7.73005 26.455 79
    endloop
  endfacet
  facet normal 0 0 1
    outer loop
      vertex 7.06107 26.0451 79
      vertex 7.06107 17.9549 79
      vertex 7.73005 17.545 79
    endloop
  endfacet
  facet normal -0 0 1
    outer loop
      vertex 6.46447 25.5355 79
      vertex 7.06107 17.9549 79
      vertex 7.06107 26.0451 79
    endloop
  endfacet
  facet normal 0 0 1
    outer loop
      vertex 6.46447 25.5355 79
      vertex 6.46447 18.4645 79
      vertex 7.06107 17.9549 79
    endloop
  endfacet
  facet normal -0 0 1
    outer loop
      vertex 5.95491 24.9389 79
      vertex 6.46447 18.4645 79
      vertex 6.46447 25.5355 79
    endloop
  endfacet
  facet normal 0 0 1
    outer loop
      vertex 5.95491 24.9389 79
      vertex 5.95491 19.0611 79
      vertex 6.46447 18.4645 79
    endloop
  endfacet
  facet normal -0 0 1
    outer loop
      vertex 5.54497 24.27 79
      vertex 5.95491 19.0611 79
      vertex 5.95491 24.9389 79
    endloop
  endfacet
  facet normal 0 0 1
    outer loop
      vertex 5.54497 24.27 79
      vertex 5.54497 19.73 79
      vertex 5.95491 19.0611 79
    endloop
  endfacet
  facet normal -0 0 1
    outer loop
      vertex 5.24472 23.5451 79
      vertex 5.54497 19.73 79
      vertex 5.54497 24.27 79
    endloop
  endfacet
  facet normal 0 0 1
    outer loop
      vertex 5.24472 23.5451 79
      vertex 5.24472 20.4549 79
      vertex 5.54497 19.73 79
    endloop
  endfacet
  facet normal -0 0 1
    outer loop
      vertex 5.06156 22.7822 79
      vertex 5.24472 20.4549 79
      vertex 5.24472 23.5451 79
    endloop
  endfacet
  facet normal 0 0 1
    outer loop
      vertex 5.06156 22.7822 79
      vertex 5.06156 21.2178 79
      vertex 5.24472 20.4549 79
    endloop
  endfacet
  facet normal 0 -0 1
    outer loop
      vertex 5.06156 21.2178 79
      vertex 5.06156 22.7822 79
      vertex 5 22 79
    endloop
  endfacet
  facet normal -0.522451 0.852669 0
    outer loop
      vertex 7.73005 26.455 65
      vertex 7.06107 26.0451 79
      vertex 7.73005 26.455 79
    endloop
  endfacet
  facet normal -0.522451 0.852669 0
    outer loop
      vertex 7.06107 26.0451 79
      vertex 7.73005 26.455 65
      vertex 7.06107 26.0451 65
    endloop
  endfacet
  facet normal -0.382741 -0.923856 0
    outer loop
      vertex 7.73005 17.545 66
      vertex 8.45491 17.2447 79
      vertex 7.73005 17.545 79
    endloop
  endfacet
  facet normal -0.382741 -0.923856 -0
    outer loop
      vertex 8.45491 17.2447 79
      vertex 7.73005 17.545 66
      vertex 8.45491 17.2447 66
    endloop
  endfacet
  facet normal -0.923886 0.382669 0
    outer loop
      vertex 5.24472 23.5451 65
      vertex 5.54497 24.27 79
      vertex 5.54497 24.27 65
    endloop
  endfacet
  facet normal -0.923886 0.382669 0
    outer loop
      vertex 5.54497 24.27 79
      vertex 5.24472 23.5451 65
      vertex 5.24472 23.5451 79
    endloop
  endfacet
  facet normal 0 0 -1
    outer loop
      vertex 15 22 65
      vertex 14.7553 23.5451 65
      vertex 14.9384 22.7822 65
    endloop
  endfacet
  facet normal 0 0 -1
    outer loop
      vertex 15 22 65
      vertex 14.455 24.27 65
      vertex 14.7553 23.5451 65
    endloop
  endfacet
  facet normal 0 0 -1
    outer loop
      vertex 15 22 65
      vertex 14.0451 24.9389 65
      vertex 14.455 24.27 65
    endloop
  endfacet
  facet normal 0 0 -1
    outer loop
      vertex 15 22 65
      vertex 13.5355 25.5355 65
      vertex 14.0451 24.9389 65
    endloop
  endfacet
  facet normal 0 0 -1
    outer loop
      vertex 15 22 65
      vertex 12.9389 26.0451 65
      vertex 13.5355 25.5355 65
    endloop
  endfacet
  facet normal 0 0 -1
    outer loop
      vertex 15 22 65
      vertex 12.27 26.455 65
      vertex 12.9389 26.0451 65
    endloop
  endfacet
  facet normal 0 0 -1
    outer loop
      vertex 15 22 65
      vertex 11.5451 26.7553 65
      vertex 12.27 26.455 65
    endloop
  endfacet
  facet normal 0 0 -1
    outer loop
      vertex 15 22 65
      vertex 10.7822 26.9384 65
      vertex 11.5451 26.7553 65
    endloop
  endfacet
  facet normal 0 0 -1
    outer loop
      vertex 15 22 65
      vertex 10 27 65
      vertex 10.7822 26.9384 65
    endloop
  endfacet
  facet normal 0 0 -1
    outer loop
      vertex 15 22 65
      vertex 9.21783 26.9384 65
      vertex 10 27 65
    endloop
  endfacet
  facet normal 0 0 -1
    outer loop
      vertex 15 22 65
      vertex 8.45491 26.7553 65
      vertex 9.21783 26.9384 65
    endloop
  endfacet
  facet normal 0 0 -1
    outer loop
      vertex 15 22 65
      vertex 7.73005 26.455 65
      vertex 8.45491 26.7553 65
    endloop
  endfacet
  facet normal 0 0 -1
    outer loop
      vertex 15 22 65
      vertex 7.06107 26.0451 65
      vertex 7.73005 26.455 65
    endloop
  endfacet
  facet normal 0 0 -1
    outer loop
      vertex 15 22 65
      vertex 6.46447 25.5355 65
      vertex 7.06107 26.0451 65
    endloop
  endfacet
  facet normal 0 0 -1
    outer loop
      vertex 15 22 65
      vertex 5.95491 24.9389 65
      vertex 6.46447 25.5355 65
    endloop
  endfacet
  facet normal 0 0 -1
    outer loop
      vertex 15 22 65
      vertex 5.54497 24.27 65
      vertex 5.95491 24.9389 65
    endloop
  endfacet
  facet normal 0 0 -1
    outer loop
      vertex 15 22 65
      vertex 5.24472 23.5451 65
      vertex 5.54497 24.27 65
    endloop
  endfacet
  facet normal 0 0 -1
    outer loop
      vertex 15 22 65
      vertex 5.06156 22.7822 65
      vertex 5.24472 23.5451 65
    endloop
  endfacet
  facet normal 0 -0 -1
    outer loop
      vertex 5.06156 22.7822 65
      vertex 15 22 65
      vertex 5 22 65
    endloop
  endfacet
  facet normal 0 0.233454 -0.972368
    outer loop
      vertex 25 0.469303 17.0369
      vertex 45 0.927051 17.1468
      vertex 45 0.469303 17.0369
    endloop
  endfacet
  facet normal 0 0.233454 -0.972368
    outer loop
      vertex 45 0.927051 17.1468
      vertex 25 0.469303 17.0369
      vertex 25 0.927051 17.1468
    endloop
  endfacet
  facet normal 0 0.760349 0.649515
    outer loop
      vertex 45 2.42705 21.7634
      vertex 25 2.12132 22.1213
      vertex 45 2.12132 22.1213
    endloop
  endfacet
  facet normal 0 0.760349 0.649515
    outer loop
      vertex 25 2.12132 22.1213
      vertex 45 2.42705 21.7634
      vertex 25 2.42705 21.7634
    endloop
  endfacet
  facet normal 0 -0.522387 -0.852708
    outer loop
      vertex 25 -1.76336 17.5729
      vertex 45 -1.36197 17.327
      vertex 45 -1.76336 17.5729
    endloop
  endfacet
  facet normal -0 -0.522387 -0.852708
    outer loop
      vertex 45 -1.36197 17.327
      vertex 25 -1.76336 17.5729
      vertex 25 -1.36197 17.327
    endloop
  endfacet
  facet normal 0 0.972379 -0.233409
    outer loop
      vertex 45 2.85317 19.0729
      vertex 25 2.96306 19.5307
      vertex 45 2.96306 19.5307
    endloop
  endfacet
  facet normal 0 0.972379 -0.233409
    outer loop
      vertex 25 2.96306 19.5307
      vertex 45 2.85317 19.0729
      vertex 25 2.85317 19.0729
    endloop
  endfacet
  facet normal 0 0.649538 -0.760329
    outer loop
      vertex 25 1.76336 17.5729
      vertex 45 2.12132 17.8787
      vertex 45 1.76336 17.5729
    endloop
  endfacet
  facet normal 0 0.649538 -0.760329
    outer loop
      vertex 45 2.12132 17.8787
      vertex 25 1.76336 17.5729
      vertex 25 2.12132 17.8787
    endloop
  endfacet
  facet normal 0 -0.996916 -0.0784703
    outer loop
      vertex 25 -2.96306 19.5307
      vertex 26 -3 20
      vertex 25 -3 20
    endloop
  endfacet
  facet normal -0 -0.996916 -0.0784703
    outer loop
      vertex 45 -2.96306 19.5307
      vertex 26 -3 20
      vertex 25 -2.96306 19.5307
    endloop
  endfacet
  facet normal 0 -0.996916 -0.0784703
    outer loop
      vertex 26 -3 20
      vertex 45 -2.96306 19.5307
      vertex 45 -3 20
    endloop
  endfacet
  facet normal -0 0.649538 0.760329
    outer loop
      vertex 25 2.12132 22.1213
      vertex 45 1.76336 22.4271
      vertex 45 2.12132 22.1213
    endloop
  endfacet
  facet normal 0 0.649538 0.760329
    outer loop
      vertex 45 1.76336 22.4271
      vertex 25 2.12132 22.1213
      vertex 25 1.76336 22.4271
    endloop
  endfacet
  facet normal 0 -0.760349 -0.649515
    outer loop
      vertex 25 -2.12132 17.8787
      vertex 45 -2.42705 18.2366
      vertex 25 -2.42705 18.2366
    endloop
  endfacet
  facet normal 0 -0.760349 -0.649515
    outer loop
      vertex 45 -2.42705 18.2366
      vertex 25 -2.12132 17.8787
      vertex 45 -2.12132 17.8787
    endloop
  endfacet
  facet normal 0 0.382775 -0.923841
    outer loop
      vertex 25 0.927051 17.1468
      vertex 45 1.36197 17.327
      vertex 45 0.927051 17.1468
    endloop
  endfacet
  facet normal 0 0.382775 -0.923841
    outer loop
      vertex 45 1.36197 17.327
      vertex 25 0.927051 17.1468
      vertex 25 1.36197 17.327
    endloop
  endfacet
  facet normal 0 0.0783853 -0.996923
    outer loop
      vertex 25 0 17
      vertex 45 0.469303 17.0369
      vertex 45 0 17
    endloop
  endfacet
  facet normal 0 0.0783853 -0.996923
    outer loop
      vertex 45 0.469303 17.0369
      vertex 25 0 17
      vertex 25 0.469303 17.0369
    endloop
  endfacet
  facet normal 0 0.923893 0.38265
    outer loop
      vertex 45 2.67302 21.362
      vertex 26 2.82295 21
      vertex 25 2.67302 21.362
    endloop
  endfacet
  facet normal -1.08934e-06 0.923873 0.382699
    outer loop
      vertex 45 2.85317 20.9271
      vertex 26 2.82295 21
      vertex 45 2.67302 21.362
    endloop
  endfacet
  facet normal 0 0.923773 0.382941
    outer loop
      vertex 26 2.82295 21
      vertex 45 2.85317 20.9271
      vertex 26 2.85317 20.9271
    endloop
  endfacet
  facet normal 0 0.923893 0.38265
    outer loop
      vertex 25 2.67302 21.362
      vertex 26 2.82295 21
      vertex 25 2.82295 21
    endloop
  endfacet
  facet normal 0 -0.382775 -0.923841
    outer loop
      vertex 25 -1.36197 17.327
      vertex 45 -0.927051 17.1468
      vertex 45 -1.36197 17.327
    endloop
  endfacet
  facet normal -0 -0.382775 -0.923841
    outer loop
      vertex 45 -0.927051 17.1468
      vertex 25 -1.36197 17.327
      vertex 25 -0.927051 17.1468
    endloop
  endfacet
  facet normal 0 0.760349 -0.649515
    outer loop
      vertex 45 2.12132 17.8787
      vertex 25 2.42705 18.2366
      vertex 45 2.42705 18.2366
    endloop
  endfacet
  facet normal 0 0.760349 -0.649515
    outer loop
      vertex 25 2.42705 18.2366
      vertex 45 2.12132 17.8787
      vertex 25 2.12132 17.8787
    endloop
  endfacet
  facet normal 0 -0.0783853 -0.996923
    outer loop
      vertex 25 -0.469303 17.0369
      vertex 45 0 17
      vertex 45 -0.469303 17.0369
    endloop
  endfacet
  facet normal -0 -0.0783853 -0.996923
    outer loop
      vertex 45 0 17
      vertex 25 -0.469303 17.0369
      vertex 25 0 17
    endloop
  endfacet
  facet normal 1 0 0
    outer loop
      vertex 45 2.96306 20.4693
      vertex 45 2.96306 19.5307
      vertex 45 3 20
    endloop
  endfacet
  facet normal 1 0 0
    outer loop
      vertex 45 2.85317 20.9271
      vertex 45 2.96306 19.5307
      vertex 45 2.96306 20.4693
    endloop
  endfacet
  facet normal 1 0 0
    outer loop
      vertex 45 2.85317 20.9271
      vertex 45 2.85317 19.0729
      vertex 45 2.96306 19.5307
    endloop
  endfacet
  facet normal 1 0 0
    outer loop
      vertex 45 2.67302 21.362
      vertex 45 2.85317 19.0729
      vertex 45 2.85317 20.9271
    endloop
  endfacet
  facet normal 1 0 0
    outer loop
      vertex 45 2.67302 21.362
      vertex 45 2.67302 18.638
      vertex 45 2.85317 19.0729
    endloop
  endfacet
  facet normal 1 0 0
    outer loop
      vertex 45 2.42705 21.7634
      vertex 45 2.67302 18.638
      vertex 45 2.67302 21.362
    endloop
  endfacet
  facet normal 1 0 0
    outer loop
      vertex 45 2.42705 21.7634
      vertex 45 2.42705 18.2366
      vertex 45 2.67302 18.638
    endloop
  endfacet
  facet normal 1 0 0
    outer loop
      vertex 45 2.12132 22.1213
      vertex 45 2.42705 18.2366
      vertex 45 2.42705 21.7634
    endloop
  endfacet
  facet normal 1 0 0
    outer loop
      vertex 45 2.12132 22.1213
      vertex 45 2.12132 17.8787
      vertex 45 2.42705 18.2366
    endloop
  endfacet
  facet normal 1 0 0
    outer loop
      vertex 45 1.76336 22.4271
      vertex 45 2.12132 17.8787
      vertex 45 2.12132 22.1213
    endloop
  endfacet
  facet normal 1 0 0
    outer loop
      vertex 45 1.76336 22.4271
      vertex 45 1.76336 17.5729
      vertex 45 2.12132 17.8787
    endloop
  endfacet
  facet normal 1 0 0
    outer loop
      vertex 45 1.36197 22.673
      vertex 45 1.76336 17.5729
      vertex 45 1.76336 22.4271
    endloop
  endfacet
  facet normal 1 0 0
    outer loop
      vertex 45 1.36197 22.673
      vertex 45 1.36197 17.327
      vertex 45 1.76336 17.5729
    endloop
  endfacet
  facet normal 1 0 0
    outer loop
      vertex 45 0.927051 22.8532
      vertex 45 1.36197 17.327
      vertex 45 1.36197 22.673
    endloop
  endfacet
  facet normal 1 0 0
    outer loop
      vertex 45 0.927051 22.8532
      vertex 45 0.927051 17.1468
      vertex 45 1.36197 17.327
    endloop
  endfacet
  facet normal 1 0 0
    outer loop
      vertex 45 0.469303 22.9631
      vertex 45 0.927051 17.1468
      vertex 45 0.927051 22.8532
    endloop
  endfacet
  facet normal 1 0 0
    outer loop
      vertex 45 0.469303 22.9631
      vertex 45 0.469303 17.0369
      vertex 45 0.927051 17.1468
    endloop
  endfacet
  facet normal 1 0 0
    outer loop
      vertex 45 0 23
      vertex 45 0.469303 17.0369
      vertex 45 0.469303 22.9631
    endloop
  endfacet
  facet normal 1 0 0
    outer loop
      vertex 45 0 23
      vertex 45 0 17
      vertex 45 0.469303 17.0369
    endloop
  endfacet
  facet normal 1 -0 0
    outer loop
      vertex 45 -0.469303 22.9631
      vertex 45 0 17
      vertex 45 0 23
    endloop
  endfacet
  facet normal 1 0 0
    outer loop
      vertex 45 -0.469303 22.9631
      vertex 45 -0.469303 17.0369
      vertex 45 0 17
    endloop
  endfacet
  facet normal 1 -0 0
    outer loop
      vertex 45 -0.927051 22.8532
      vertex 45 -0.469303 17.0369
      vertex 45 -0.469303 22.9631
    endloop
  endfacet
  facet normal 1 0 0
    outer loop
      vertex 45 -0.927051 22.8532
      vertex 45 -0.927051 17.1468
      vertex 45 -0.469303 17.0369
    endloop
  endfacet
  facet normal 1 -0 0
    outer loop
      vertex 45 -1.36197 22.673
      vertex 45 -0.927051 17.1468
      vertex 45 -0.927051 22.8532
    endloop
  endfacet
  facet normal 1 0 0
    outer loop
      vertex 45 -1.36197 22.673
      vertex 45 -1.36197 17.327
      vertex 45 -0.927051 17.1468
    endloop
  endfacet
  facet normal 1 -0 0
    outer loop
      vertex 45 -1.76336 22.4271
      vertex 45 -1.36197 17.327
      vertex 45 -1.36197 22.673
    endloop
  endfacet
  facet normal 1 0 0
    outer loop
      vertex 45 -1.76336 22.4271
      vertex 45 -1.76336 17.5729
      vertex 45 -1.36197 17.327
    endloop
  endfacet
  facet normal 1 -0 0
    outer loop
      vertex 45 -2.12132 22.1213
      vertex 45 -1.76336 17.5729
      vertex 45 -1.76336 22.4271
    endloop
  endfacet
  facet normal 1 0 0
    outer loop
      vertex 45 -2.12132 22.1213
      vertex 45 -2.12132 17.8787
      vertex 45 -1.76336 17.5729
    endloop
  endfacet
  facet normal 1 -0 0
    outer loop
      vertex 45 -2.42705 21.7634
      vertex 45 -2.12132 17.8787
      vertex 45 -2.12132 22.1213
    endloop
  endfacet
  facet normal 1 0 0
    outer loop
      vertex 45 -2.42705 21.7634
      vertex 45 -2.42705 18.2366
      vertex 45 -2.12132 17.8787
    endloop
  endfacet
  facet normal 1 -0 0
    outer loop
      vertex 45 -2.67302 21.362
      vertex 45 -2.42705 18.2366
      vertex 45 -2.42705 21.7634
    endloop
  endfacet
  facet normal 1 0 0
    outer loop
      vertex 45 -2.67302 21.362
      vertex 45 -2.67302 18.638
      vertex 45 -2.42705 18.2366
    endloop
  endfacet
  facet normal 1 -0 0
    outer loop
      vertex 45 -2.85317 20.9271
      vertex 45 -2.67302 18.638
      vertex 45 -2.67302 21.362
    endloop
  endfacet
  facet normal 1 0 0
    outer loop
      vertex 45 -2.85317 20.9271
      vertex 45 -2.85317 19.0729
      vertex 45 -2.67302 18.638
    endloop
  endfacet
  facet normal 1 -0 0
    outer loop
      vertex 45 -2.96306 20.4693
      vertex 45 -2.85317 19.0729
      vertex 45 -2.85317 20.9271
    endloop
  endfacet
  facet normal 1 0 0
    outer loop
      vertex 45 -2.96306 20.4693
      vertex 45 -2.96306 19.5307
      vertex 45 -2.85317 19.0729
    endloop
  endfacet
  facet normal 1 0 -0
    outer loop
      vertex 45 -2.96306 19.5307
      vertex 45 -2.96306 20.4693
      vertex 45 -3 20
    endloop
  endfacet
  facet normal -0 0.382775 0.923841
    outer loop
      vertex 25 1.36197 22.673
      vertex 45 0.927051 22.8532
      vertex 45 1.36197 22.673
    endloop
  endfacet
  facet normal 0 0.382775 0.923841
    outer loop
      vertex 45 0.927051 22.8532
      vertex 25 1.36197 22.673
      vertex 25 0.927051 22.8532
    endloop
  endfacet
  facet normal 0 -0.760349 0.649515
    outer loop
      vertex 25 -2.42705 21.7634
      vertex 45 -2.12132 22.1213
      vertex 25 -2.12132 22.1213
    endloop
  endfacet
  facet normal 0 -0.760349 0.649515
    outer loop
      vertex 45 -2.12132 22.1213
      vertex 25 -2.42705 21.7634
      vertex 45 -2.42705 21.7634
    endloop
  endfacet
  facet normal 0 -0.649538 0.760329
    outer loop
      vertex 25 -1.76336 22.4271
      vertex 45 -2.12132 22.1213
      vertex 45 -1.76336 22.4271
    endloop
  endfacet
  facet normal 0 -0.649538 0.760329
    outer loop
      vertex 45 -2.12132 22.1213
      vertex 25 -1.76336 22.4271
      vertex 25 -2.12132 22.1213
    endloop
  endfacet
  facet normal 0 -0.923873 -0.382699
    outer loop
      vertex 25 -2.67302 18.638
      vertex 45 -2.85317 19.0729
      vertex 25 -2.85317 19.0729
    endloop
  endfacet
  facet normal 0 -0.923873 -0.382699
    outer loop
      vertex 45 -2.85317 19.0729
      vertex 25 -2.67302 18.638
      vertex 45 -2.67302 18.638
    endloop
  endfacet
  facet normal 0 -0.0783853 0.996923
    outer loop
      vertex 25 0 23
      vertex 45 -0.469303 22.9631
      vertex 45 0 23
    endloop
  endfacet
  facet normal 0 -0.0783853 0.996923
    outer loop
      vertex 45 -0.469303 22.9631
      vertex 25 0 23
      vertex 25 -0.469303 22.9631
    endloop
  endfacet
  facet normal 0 0.522387 -0.852708
    outer loop
      vertex 25 1.36197 17.327
      vertex 45 1.76336 17.5729
      vertex 45 1.36197 17.327
    endloop
  endfacet
  facet normal 0 0.522387 -0.852708
    outer loop
      vertex 45 1.76336 17.5729
      vertex 25 1.36197 17.327
      vertex 25 1.76336 17.5729
    endloop
  endfacet
  facet normal 0 0.852648 -0.522486
    outer loop
      vertex 45 2.42705 18.2366
      vertex 25 2.67302 18.638
      vertex 45 2.67302 18.638
    endloop
  endfacet
  facet normal 0 0.852648 -0.522486
    outer loop
      vertex 25 2.67302 18.638
      vertex 45 2.42705 18.2366
      vertex 25 2.42705 18.2366
    endloop
  endfacet
  facet normal 0 0.923873 -0.382699
    outer loop
      vertex 45 2.67302 18.638
      vertex 25 2.85317 19.0729
      vertex 45 2.85317 19.0729
    endloop
  endfacet
  facet normal 0 0.923873 -0.382699
    outer loop
      vertex 25 2.85317 19.0729
      vertex 45 2.67302 18.638
      vertex 25 2.67302 18.638
    endloop
  endfacet
  facet normal 0 0.972379 0.233409
    outer loop
      vertex 45 2.96306 20.4693
      vertex 26 2.85317 20.9271
      vertex 45 2.85317 20.9271
    endloop
  endfacet
  facet normal 0 0.972379 0.233409
    outer loop
      vertex 26 2.85317 20.9271
      vertex 45 2.96306 20.4693
      vertex 26 2.96306 20.4693
    endloop
  endfacet
  facet normal 0 -0.382775 0.923841
    outer loop
      vertex 25 -0.927051 22.8532
      vertex 45 -1.36197 22.673
      vertex 45 -0.927051 22.8532
    endloop
  endfacet
  facet normal 0 -0.382775 0.923841
    outer loop
      vertex 45 -1.36197 22.673
      vertex 25 -0.927051 22.8532
      vertex 25 -1.36197 22.673
    endloop
  endfacet
  facet normal 0 0.852648 0.522486
    outer loop
      vertex 45 2.67302 21.362
      vertex 25 2.42705 21.7634
      vertex 45 2.42705 21.7634
    endloop
  endfacet
  facet normal 0 0.852648 0.522486
    outer loop
      vertex 25 2.42705 21.7634
      vertex 45 2.67302 21.362
      vertex 25 2.67302 21.362
    endloop
  endfacet
  facet normal 0 -0.233454 0.972368
    outer loop
      vertex 25 -0.469303 22.9631
      vertex 45 -0.927051 22.8532
      vertex 45 -0.469303 22.9631
    endloop
  endfacet
  facet normal 0 -0.233454 0.972368
    outer loop
      vertex 45 -0.927051 22.8532
      vertex 25 -0.469303 22.9631
      vertex 25 -0.927051 22.8532
    endloop
  endfacet
  facet normal 0 -0.522387 0.852708
    outer loop
      vertex 25 -1.36197 22.673
      vertex 45 -1.76336 22.4271
      vertex 45 -1.36197 22.673
    endloop
  endfacet
  facet normal 0 -0.522387 0.852708
    outer loop
      vertex 45 -1.76336 22.4271
      vertex 25 -1.36197 22.673
      vertex 25 -1.76336 22.4271
    endloop
  endfacet
  facet normal 0 -0.972379 -0.233409
    outer loop
      vertex 25 -2.85317 19.0729
      vertex 45 -2.96306 19.5307
      vertex 25 -2.96306 19.5307
    endloop
  endfacet
  facet normal 0 -0.972379 -0.233409
    outer loop
      vertex 45 -2.96306 19.5307
      vertex 25 -2.85317 19.0729
      vertex 45 -2.85317 19.0729
    endloop
  endfacet
  facet normal 0 0.996916 -0.0784703
    outer loop
      vertex 45 2.96306 19.5307
      vertex 26 3 20
      vertex 45 3 20
    endloop
  endfacet
  facet normal 0 0.996916 -0.0784703
    outer loop
      vertex 25 2.96306 19.5307
      vertex 26 3 20
      vertex 45 2.96306 19.5307
    endloop
  endfacet
  facet normal 0 0.996916 -0.0784703
    outer loop
      vertex 26 3 20
      vertex 25 2.96306 19.5307
      vertex 25 3 20
    endloop
  endfacet
  facet normal 0 -0.923893 0.38265
    outer loop
      vertex 26 -2.82295 21
      vertex 25 -2.67302 21.362
      vertex 25 -2.82295 21
    endloop
  endfacet
  facet normal 0 -0.923893 0.38265
    outer loop
      vertex 25 -2.67302 21.362
      vertex 26 -2.82295 21
      vertex 45 -2.67302 21.362
    endloop
  endfacet
  facet normal 0 -0.923773 0.382941
    outer loop
      vertex 45 -2.85317 20.9271
      vertex 26 -2.82295 21
      vertex 26 -2.85317 20.9271
    endloop
  endfacet
  facet normal -1.08934e-06 -0.923873 0.382699
    outer loop
      vertex 26 -2.82295 21
      vertex 45 -2.85317 20.9271
      vertex 45 -2.67302 21.362
    endloop
  endfacet
  facet normal 0 -0.852648 -0.522486
    outer loop
      vertex 25 -2.42705 18.2366
      vertex 45 -2.67302 18.638
      vertex 25 -2.67302 18.638
    endloop
  endfacet
  facet normal 0 -0.852648 -0.522486
    outer loop
      vertex 45 -2.67302 18.638
      vertex 25 -2.42705 18.2366
      vertex 45 -2.42705 18.2366
    endloop
  endfacet
  facet normal 0 -0.233454 -0.972368
    outer loop
      vertex 25 -0.927051 17.1468
      vertex 45 -0.469303 17.0369
      vertex 45 -0.927051 17.1468
    endloop
  endfacet
  facet normal -0 -0.233454 -0.972368
    outer loop
      vertex 45 -0.469303 17.0369
      vertex 25 -0.927051 17.1468
      vertex 25 -0.469303 17.0369
    endloop
  endfacet
  facet normal -0 0.0783853 0.996923
    outer loop
      vertex 25 0.469303 22.9631
      vertex 45 0 23
      vertex 45 0.469303 22.9631
    endloop
  endfacet
  facet normal 0 0.0783853 0.996923
    outer loop
      vertex 45 0 23
      vertex 25 0.469303 22.9631
      vertex 25 0 23
    endloop
  endfacet
  facet normal -0 0.522387 0.852708
    outer loop
      vertex 25 1.76336 22.4271
      vertex 45 1.36197 22.673
      vertex 45 1.76336 22.4271
    endloop
  endfacet
  facet normal 0 0.522387 0.852708
    outer loop
      vertex 45 1.36197 22.673
      vertex 25 1.76336 22.4271
      vertex 25 1.36197 22.673
    endloop
  endfacet
  facet normal 0 0.996916 0.0784703
    outer loop
      vertex 45 3 20
      vertex 26 2.96306 20.4693
      vertex 45 2.96306 20.4693
    endloop
  endfacet
  facet normal 0 0.996916 0.0784703
    outer loop
      vertex 26 2.96306 20.4693
      vertex 45 3 20
      vertex 26 3 20
    endloop
  endfacet
  facet normal 0 -0.852648 0.522486
    outer loop
      vertex 25 -2.67302 21.362
      vertex 45 -2.42705 21.7634
      vertex 25 -2.42705 21.7634
    endloop
  endfacet
  facet normal 0 -0.852648 0.522486
    outer loop
      vertex 45 -2.42705 21.7634
      vertex 25 -2.67302 21.362
      vertex 45 -2.67302 21.362
    endloop
  endfacet
  facet normal -0 0.233454 0.972368
    outer loop
      vertex 25 0.927051 22.8532
      vertex 45 0.469303 22.9631
      vertex 45 0.927051 22.8532
    endloop
  endfacet
  facet normal 0 0.233454 0.972368
    outer loop
      vertex 45 0.469303 22.9631
      vertex 25 0.927051 22.8532
      vertex 25 0.469303 22.9631
    endloop
  endfacet
  facet normal 0 -0.996916 0.0784703
    outer loop
      vertex 26 -3 20
      vertex 45 -2.96306 20.4693
      vertex 26 -2.96306 20.4693
    endloop
  endfacet
  facet normal 0 -0.996916 0.0784703
    outer loop
      vertex 45 -2.96306 20.4693
      vertex 26 -3 20
      vertex 45 -3 20
    endloop
  endfacet
  facet normal 0 -0.649538 -0.760329
    outer loop
      vertex 25 -2.12132 17.8787
      vertex 45 -1.76336 17.5729
      vertex 45 -2.12132 17.8787
    endloop
  endfacet
  facet normal -0 -0.649538 -0.760329
    outer loop
      vertex 45 -1.76336 17.5729
      vertex 25 -2.12132 17.8787
      vertex 25 -1.76336 17.5729
    endloop
  endfacet
  facet normal 0 -0.972379 0.233409
    outer loop
      vertex 26 -2.96306 20.4693
      vertex 45 -2.85317 20.9271
      vertex 26 -2.85317 20.9271
    endloop
  endfacet
  facet normal 0 -0.972379 0.233409
    outer loop
      vertex 45 -2.85317 20.9271
      vertex 26 -2.96306 20.4693
      vertex 45 -2.96306 20.4693
    endloop
  endfacet
  facet normal 0 0.923881 -0.38268
    outer loop
      vertex 45 -6.43597 38.184
      vertex 25 -6.19577 38.7639
      vertex 45 -6.19577 38.7639
    endloop
  endfacet
  facet normal 0 0.923881 -0.38268
    outer loop
      vertex 25 -6.19577 38.7639
      vertex 45 -6.43597 38.184
      vertex 25 -6.43597 38.184
    endloop
  endfacet
  facet normal 0 0.078385 -0.996923
    outer loop
      vertex 26 -10 36
      vertex 45 -9.37426 36.0492
      vertex 45 -10 36
    endloop
  endfacet
  facet normal 0 0.078385 -0.996923
    outer loop
      vertex 25 -9.37426 36.0492
      vertex 26 -10 36
      vertex 25 -10 36
    endloop
  endfacet
  facet normal 0 0.078385 -0.996923
    outer loop
      vertex 26 -10 36
      vertex 25 -9.37426 36.0492
      vertex 45 -9.37426 36.0492
    endloop
  endfacet
  facet normal 0 -0.972354 0.233513
    outer loop
      vertex 26 -13.8609 41
      vertex 25 -13.8042 41.2361
      vertex 25 -13.8609 41
    endloop
  endfacet
  facet normal 0 -0.972354 0.233513
    outer loop
      vertex 25 -13.8042 41.2361
      vertex 26 -13.8609 41
      vertex 45 -13.8042 41.2361
    endloop
  endfacet
  facet normal 0 -0.972347 0.23354
    outer loop
      vertex 45 -13.9508 40.6257
      vertex 26 -13.8609 41
      vertex 26 -13.9508 40.6257
    endloop
  endfacet
  facet normal -2.16309e-07 -0.97235 0.23353
    outer loop
      vertex 26 -13.8609 41
      vertex 45 -13.9508 40.6257
      vertex 45 -13.8042 41.2361
    endloop
  endfacet
  facet normal 0 -0.23353 -0.97235
    outer loop
      vertex 25 -11.2361 36.1958
      vertex 45 -10.6257 36.0492
      vertex 45 -11.2361 36.1958
    endloop
  endfacet
  facet normal -0 -0.23353 -0.97235
    outer loop
      vertex 45 -10.6257 36.0492
      vertex 25 -11.2361 36.1958
      vertex 25 -10.6257 36.0492
    endloop
  endfacet
  facet normal -0 0.078385 0.996923
    outer loop
      vertex 25 -9.37426 43.9508
      vertex 45 -10 44
      vertex 45 -9.37426 43.9508
    endloop
  endfacet
  facet normal 0 0.078385 0.996923
    outer loop
      vertex 45 -10 44
      vertex 25 -9.37426 43.9508
      vertex 25 -10 44
    endloop
  endfacet
  facet normal -0 0.382686 0.923879
    outer loop
      vertex 25 -8.18404 43.564
      vertex 45 -8.76393 43.8042
      vertex 45 -8.18404 43.564
    endloop
  endfacet
  facet normal 0 0.382686 0.923879
    outer loop
      vertex 45 -8.76393 43.8042
      vertex 25 -8.18404 43.564
      vertex 25 -8.76393 43.8042
    endloop
  endfacet
  facet normal 0 -0.996923 -0.07839
    outer loop
      vertex 25 -13.9508 39.3743
      vertex 26 -14 40
      vertex 25 -14 40
    endloop
  endfacet
  facet normal -0 -0.996923 -0.07839
    outer loop
      vertex 45 -13.9508 39.3743
      vertex 26 -14 40
      vertex 25 -13.9508 39.3743
    endloop
  endfacet
  facet normal 0 -0.996923 -0.07839
    outer loop
      vertex 26 -14 40
      vertex 45 -13.9508 39.3743
      vertex 45 -14 40
    endloop
  endfacet
  facet normal 0 -0.38268 -0.923881
    outer loop
      vertex 25 -11.816 36.436
      vertex 45 -11.2361 36.1958
      vertex 45 -11.816 36.436
    endloop
  endfacet
  facet normal -0 -0.38268 -0.923881
    outer loop
      vertex 45 -11.2361 36.1958
      vertex 25 -11.816 36.436
      vertex 25 -11.2361 36.1958
    endloop
  endfacet
  facet normal 0 -0.38268 0.923881
    outer loop
      vertex 25 -11.2361 43.8042
      vertex 45 -11.816 43.564
      vertex 45 -11.2361 43.8042
    endloop
  endfacet
  facet normal 0 -0.38268 0.923881
    outer loop
      vertex 45 -11.816 43.564
      vertex 25 -11.2361 43.8042
      vertex 25 -11.816 43.564
    endloop
  endfacet
  facet normal -0 0.649499 0.760362
    outer loop
      vertex 25 -7.17157 42.8284
      vertex 45 -7.64886 43.2361
      vertex 45 -7.17157 42.8284
    endloop
  endfacet
  facet normal 0 0.649499 0.760362
    outer loop
      vertex 45 -7.64886 43.2361
      vertex 25 -7.17157 42.8284
      vertex 25 -7.64886 43.2361
    endloop
  endfacet
  facet normal 0 -0.522487 -0.852647
    outer loop
      vertex 25 -12.3511 36.7639
      vertex 45 -11.816 36.436
      vertex 45 -12.3511 36.7639
    endloop
  endfacet
  facet normal -0 -0.522487 -0.852647
    outer loop
      vertex 45 -11.816 36.436
      vertex 25 -12.3511 36.7639
      vertex 25 -11.816 36.436
    endloop
  endfacet
  facet normal 0 -0.923881 -0.38268
    outer loop
      vertex 25 -13.564 38.184
      vertex 45 -13.8042 38.7639
      vertex 25 -13.8042 38.7639
    endloop
  endfacet
  facet normal 0 -0.923881 -0.38268
    outer loop
      vertex 45 -13.8042 38.7639
      vertex 25 -13.564 38.184
      vertex 45 -13.564 38.184
    endloop
  endfacet
  facet normal -0 0.233555 0.972344
    outer loop
      vertex 25 -8.76393 43.8042
      vertex 45 -9.37426 43.9508
      vertex 45 -8.76393 43.8042
    endloop
  endfacet
  facet normal 0 0.233555 0.972344
    outer loop
      vertex 45 -9.37426 43.9508
      vertex 25 -8.76393 43.8042
      vertex 25 -9.37426 43.9508
    endloop
  endfacet
  facet normal 0 0.233555 -0.972344
    outer loop
      vertex 25 -9.37426 36.0492
      vertex 45 -8.76393 36.1958
      vertex 45 -9.37426 36.0492
    endloop
  endfacet
  facet normal 0 0.233555 -0.972344
    outer loop
      vertex 45 -8.76393 36.1958
      vertex 25 -9.37426 36.0492
      vertex 25 -8.76393 36.1958
    endloop
  endfacet
  facet normal 0 0.972379 -0.233409
    outer loop
      vertex 45 -6.19577 38.7639
      vertex 25 -6.04925 39.3743
      vertex 45 -6.04925 39.3743
    endloop
  endfacet
  facet normal 0 0.972379 -0.233409
    outer loop
      vertex 25 -6.04925 39.3743
      vertex 45 -6.19577 38.7639
      vertex 25 -6.19577 38.7639
    endloop
  endfacet
  facet normal 0 0.649499 -0.760362
    outer loop
      vertex 25 -7.64886 36.7639
      vertex 45 -7.17157 37.1716
      vertex 45 -7.64886 36.7639
    endloop
  endfacet
  facet normal 0 0.649499 -0.760362
    outer loop
      vertex 45 -7.17157 37.1716
      vertex 25 -7.64886 36.7639
      vertex 25 -7.17157 37.1716
    endloop
  endfacet
  facet normal 0 0.760416 0.649436
    outer loop
      vertex 45 -6.76393 42.3511
      vertex 25 -7.17157 42.8284
      vertex 45 -7.17157 42.8284
    endloop
  endfacet
  facet normal 0 0.760416 0.649436
    outer loop
      vertex 25 -7.17157 42.8284
      vertex 45 -6.76393 42.3511
      vertex 25 -6.76393 42.3511
    endloop
  endfacet
  facet normal 0 0.996917 -0.0784691
    outer loop
      vertex 45 -6.04925 39.3743
      vertex 26 -6 40
      vertex 45 -6 40
    endloop
  endfacet
  facet normal 0 0.996917 -0.0784691
    outer loop
      vertex 25 -6.04925 39.3743
      vertex 26 -6 40
      vertex 45 -6.04925 39.3743
    endloop
  endfacet
  facet normal 0 0.996917 -0.0784691
    outer loop
      vertex 26 -6 40
      vertex 25 -6.04925 39.3743
      vertex 25 -6 40
    endloop
  endfacet
  facet normal 0 -0.852647 -0.522487
    outer loop
      vertex 25 -13.2361 37.6489
      vertex 45 -13.564 38.184
      vertex 25 -13.564 38.184
    endloop
  endfacet
  facet normal 0 -0.852647 -0.522487
    outer loop
      vertex 45 -13.564 38.184
      vertex 25 -13.2361 37.6489
      vertex 45 -13.2361 37.6489
    endloop
  endfacet
  facet normal 0 0.760416 -0.649436
    outer loop
      vertex 45 -7.17157 37.1716
      vertex 25 -6.76393 37.6489
      vertex 45 -6.76393 37.6489
    endloop
  endfacet
  facet normal 0 0.760416 -0.649436
    outer loop
      vertex 25 -6.76393 37.6489
      vertex 45 -7.17157 37.1716
      vertex 25 -7.17157 37.1716
    endloop
  endfacet
  facet normal 0 -0.07839 -0.996923
    outer loop
      vertex 45 -10.6257 36.0492
      vertex 26 -10 36
      vertex 45 -10 36
    endloop
  endfacet
  facet normal 0 -0.07839 -0.996923
    outer loop
      vertex 25 -10.6257 36.0492
      vertex 26 -10 36
      vertex 45 -10.6257 36.0492
    endloop
  endfacet
  facet normal -0 -0.07839 -0.996923
    outer loop
      vertex 26 -10 36
      vertex 25 -10.6257 36.0492
      vertex 25 -10 36
    endloop
  endfacet
  facet normal 0 0.852604 -0.522557
    outer loop
      vertex 45 -6.76393 37.6489
      vertex 25 -6.43597 38.184
      vertex 45 -6.43597 38.184
    endloop
  endfacet
  facet normal 0 0.852604 -0.522557
    outer loop
      vertex 25 -6.43597 38.184
      vertex 45 -6.76393 37.6489
      vertex 25 -6.76393 37.6489
    endloop
  endfacet
  facet normal 0 -0.97235 -0.23353
    outer loop
      vertex 25 -13.8042 38.7639
      vertex 45 -13.9508 39.3743
      vertex 25 -13.9508 39.3743
    endloop
  endfacet
  facet normal 0 -0.97235 -0.23353
    outer loop
      vertex 45 -13.9508 39.3743
      vertex 25 -13.8042 38.7639
      vertex 45 -13.8042 38.7639
    endloop
  endfacet
  facet normal 0 -0.07839 0.996923
    outer loop
      vertex 25 -10 44
      vertex 45 -10.6257 43.9508
      vertex 45 -10 44
    endloop
  endfacet
  facet normal 0 -0.07839 0.996923
    outer loop
      vertex 45 -10.6257 43.9508
      vertex 25 -10 44
      vertex 25 -10.6257 43.9508
    endloop
  endfacet
  facet normal 0 0.522431 -0.852682
    outer loop
      vertex 25 -8.18404 36.436
      vertex 45 -7.64886 36.7639
      vertex 45 -8.18404 36.436
    endloop
  endfacet
  facet normal 0 0.522431 -0.852682
    outer loop
      vertex 45 -7.64886 36.7639
      vertex 25 -8.18404 36.436
      vertex 25 -7.64886 36.7639
    endloop
  endfacet
  facet normal 0 0.972382 0.233396
    outer loop
      vertex 45 -6.19577 41.2361
      vertex 26 -6.1391 41
      vertex 25 -6.19577 41.2361
    endloop
  endfacet
  facet normal -1.68022e-07 0.972379 0.233409
    outer loop
      vertex 45 -6.04925 40.6257
      vertex 26 -6.1391 41
      vertex 45 -6.19577 41.2361
    endloop
  endfacet
  facet normal 0 0.972377 0.233417
    outer loop
      vertex 26 -6.1391 41
      vertex 45 -6.04925 40.6257
      vertex 26 -6.04925 40.6257
    endloop
  endfacet
  facet normal 0 0.972382 0.233396
    outer loop
      vertex 25 -6.19577 41.2361
      vertex 26 -6.1391 41
      vertex 25 -6.1391 41
    endloop
  endfacet
  facet normal 0 -0.522487 0.852647
    outer loop
      vertex 25 -11.816 43.564
      vertex 45 -12.3511 43.2361
      vertex 45 -11.816 43.564
    endloop
  endfacet
  facet normal 0 -0.522487 0.852647
    outer loop
      vertex 45 -12.3511 43.2361
      vertex 25 -11.816 43.564
      vertex 25 -12.3511 43.2361
    endloop
  endfacet
  facet normal 0 -0.996923 0.07839
    outer loop
      vertex 26 -14 40
      vertex 45 -13.9508 40.6257
      vertex 26 -13.9508 40.6257
    endloop
  endfacet
  facet normal 0 -0.996923 0.07839
    outer loop
      vertex 45 -13.9508 40.6257
      vertex 26 -14 40
      vertex 45 -14 40
    endloop
  endfacet
  facet normal 0 -0.649492 0.760369
    outer loop
      vertex 25 -12.3511 43.2361
      vertex 45 -12.8284 42.8284
      vertex 45 -12.3511 43.2361
    endloop
  endfacet
  facet normal 0 -0.649492 0.760369
    outer loop
      vertex 45 -12.8284 42.8284
      vertex 25 -12.3511 43.2361
      vertex 25 -12.8284 42.8284
    endloop
  endfacet
  facet normal 0 0.996917 0.0784691
    outer loop
      vertex 45 -6 40
      vertex 26 -6.04925 40.6257
      vertex 45 -6.04925 40.6257
    endloop
  endfacet
  facet normal 0 0.996917 0.0784691
    outer loop
      vertex 26 -6.04925 40.6257
      vertex 45 -6 40
      vertex 26 -6 40
    endloop
  endfacet
  facet normal -0 0.522431 0.852682
    outer loop
      vertex 25 -7.64886 43.2361
      vertex 45 -8.18404 43.564
      vertex 45 -7.64886 43.2361
    endloop
  endfacet
  facet normal 0 0.522431 0.852682
    outer loop
      vertex 45 -8.18404 43.564
      vertex 25 -7.64886 43.2361
      vertex 25 -8.18404 43.564
    endloop
  endfacet
  facet normal 0 0.923881 0.38268
    outer loop
      vertex 45 -6.19577 41.2361
      vertex 25 -6.43597 41.816
      vertex 45 -6.43597 41.816
    endloop
  endfacet
  facet normal 0 0.923881 0.38268
    outer loop
      vertex 25 -6.43597 41.816
      vertex 45 -6.19577 41.2361
      vertex 25 -6.19577 41.2361
    endloop
  endfacet
  facet normal 0 0.852604 0.522557
    outer loop
      vertex 45 -6.43597 41.816
      vertex 25 -6.76393 42.3511
      vertex 45 -6.76393 42.3511
    endloop
  endfacet
  facet normal 0 0.852604 0.522557
    outer loop
      vertex 25 -6.76393 42.3511
      vertex 45 -6.43597 41.816
      vertex 25 -6.43597 41.816
    endloop
  endfacet
  facet normal 0 -0.23353 0.97235
    outer loop
      vertex 25 -10.6257 43.9508
      vertex 45 -11.2361 43.8042
      vertex 45 -10.6257 43.9508
    endloop
  endfacet
  facet normal 0 -0.23353 0.97235
    outer loop
      vertex 45 -11.2361 43.8042
      vertex 25 -10.6257 43.9508
      vertex 25 -11.2361 43.8042
    endloop
  endfacet
  facet normal 0 0.382686 -0.923879
    outer loop
      vertex 25 -8.76393 36.1958
      vertex 45 -8.18404 36.436
      vertex 45 -8.76393 36.1958
    endloop
  endfacet
  facet normal 0 0.382686 -0.923879
    outer loop
      vertex 45 -8.18404 36.436
      vertex 25 -8.76393 36.1958
      vertex 25 -8.18404 36.436
    endloop
  endfacet
  facet normal 0 -0.923881 0.38268
    outer loop
      vertex 25 -13.8042 41.2361
      vertex 45 -13.564 41.816
      vertex 25 -13.564 41.816
    endloop
  endfacet
  facet normal 0 -0.923881 0.38268
    outer loop
      vertex 45 -13.564 41.816
      vertex 25 -13.8042 41.2361
      vertex 45 -13.8042 41.2361
    endloop
  endfacet
  facet normal 0 -0.760369 0.649492
    outer loop
      vertex 25 -13.2361 42.3511
      vertex 45 -12.8284 42.8284
      vertex 25 -12.8284 42.8284
    endloop
  endfacet
  facet normal 0 -0.760369 0.649492
    outer loop
      vertex 45 -12.8284 42.8284
      vertex 25 -13.2361 42.3511
      vertex 45 -13.2361 42.3511
    endloop
  endfacet
  facet normal 0 -0.852647 0.522487
    outer loop
      vertex 25 -13.564 41.816
      vertex 45 -13.2361 42.3511
      vertex 25 -13.2361 42.3511
    endloop
  endfacet
  facet normal 0 -0.852647 0.522487
    outer loop
      vertex 45 -13.2361 42.3511
      vertex 25 -13.564 41.816
      vertex 45 -13.564 41.816
    endloop
  endfacet
  facet normal 1 0 0
    outer loop
      vertex 45 -6.04925 40.6257
      vertex 45 -6.04925 39.3743
      vertex 45 -6 40
    endloop
  endfacet
  facet normal 1 0 0
    outer loop
      vertex 45 -6.19577 41.2361
      vertex 45 -6.04925 39.3743
      vertex 45 -6.04925 40.6257
    endloop
  endfacet
  facet normal 1 0 0
    outer loop
      vertex 45 -6.19577 41.2361
      vertex 45 -6.19577 38.7639
      vertex 45 -6.04925 39.3743
    endloop
  endfacet
  facet normal 1 0 0
    outer loop
      vertex 45 -6.43597 41.816
      vertex 45 -6.19577 38.7639
      vertex 45 -6.19577 41.2361
    endloop
  endfacet
  facet normal 1 0 0
    outer loop
      vertex 45 -6.43597 41.816
      vertex 45 -6.43597 38.184
      vertex 45 -6.19577 38.7639
    endloop
  endfacet
  facet normal 1 0 0
    outer loop
      vertex 45 -6.76393 42.3511
      vertex 45 -6.43597 38.184
      vertex 45 -6.43597 41.816
    endloop
  endfacet
  facet normal 1 0 0
    outer loop
      vertex 45 -6.76393 42.3511
      vertex 45 -6.76393 37.6489
      vertex 45 -6.43597 38.184
    endloop
  endfacet
  facet normal 1 0 0
    outer loop
      vertex 45 -7.17157 42.8284
      vertex 45 -6.76393 37.6489
      vertex 45 -6.76393 42.3511
    endloop
  endfacet
  facet normal 1 0 0
    outer loop
      vertex 45 -7.17157 42.8284
      vertex 45 -7.17157 37.1716
      vertex 45 -6.76393 37.6489
    endloop
  endfacet
  facet normal 1 0 0
    outer loop
      vertex 45 -7.64886 43.2361
      vertex 45 -7.17157 37.1716
      vertex 45 -7.17157 42.8284
    endloop
  endfacet
  facet normal 1 0 0
    outer loop
      vertex 45 -7.64886 43.2361
      vertex 45 -7.64886 36.7639
      vertex 45 -7.17157 37.1716
    endloop
  endfacet
  facet normal 1 0 0
    outer loop
      vertex 45 -8.18404 43.564
      vertex 45 -7.64886 36.7639
      vertex 45 -7.64886 43.2361
    endloop
  endfacet
  facet normal 1 0 0
    outer loop
      vertex 45 -8.18404 43.564
      vertex 45 -8.18404 36.436
      vertex 45 -7.64886 36.7639
    endloop
  endfacet
  facet normal 1 0 0
    outer loop
      vertex 45 -8.76393 43.8042
      vertex 45 -8.18404 36.436
      vertex 45 -8.18404 43.564
    endloop
  endfacet
  facet normal 1 0 0
    outer loop
      vertex 45 -8.76393 43.8042
      vertex 45 -8.76393 36.1958
      vertex 45 -8.18404 36.436
    endloop
  endfacet
  facet normal 1 0 0
    outer loop
      vertex 45 -9.37426 43.9508
      vertex 45 -8.76393 36.1958
      vertex 45 -8.76393 43.8042
    endloop
  endfacet
  facet normal 1 0 0
    outer loop
      vertex 45 -9.37426 43.9508
      vertex 45 -9.37426 36.0492
      vertex 45 -8.76393 36.1958
    endloop
  endfacet
  facet normal 1 0 0
    outer loop
      vertex 45 -10 44
      vertex 45 -9.37426 36.0492
      vertex 45 -9.37426 43.9508
    endloop
  endfacet
  facet normal 1 0 0
    outer loop
      vertex 45 -10 44
      vertex 45 -10 36
      vertex 45 -9.37426 36.0492
    endloop
  endfacet
  facet normal 1 -0 0
    outer loop
      vertex 45 -10.6257 43.9508
      vertex 45 -10 36
      vertex 45 -10 44
    endloop
  endfacet
  facet normal 1 0 0
    outer loop
      vertex 45 -10.6257 43.9508
      vertex 45 -10.6257 36.0492
      vertex 45 -10 36
    endloop
  endfacet
  facet normal 1 -0 0
    outer loop
      vertex 45 -11.2361 43.8042
      vertex 45 -10.6257 36.0492
      vertex 45 -10.6257 43.9508
    endloop
  endfacet
  facet normal 1 0 0
    outer loop
      vertex 45 -11.2361 43.8042
      vertex 45 -11.2361 36.1958
      vertex 45 -10.6257 36.0492
    endloop
  endfacet
  facet normal 1 -0 0
    outer loop
      vertex 45 -11.816 43.564
      vertex 45 -11.2361 36.1958
      vertex 45 -11.2361 43.8042
    endloop
  endfacet
  facet normal 1 0 0
    outer loop
      vertex 45 -11.816 43.564
      vertex 45 -11.816 36.436
      vertex 45 -11.2361 36.1958
    endloop
  endfacet
  facet normal 1 -0 0
    outer loop
      vertex 45 -12.3511 43.2361
      vertex 45 -11.816 36.436
      vertex 45 -11.816 43.564
    endloop
  endfacet
  facet normal 1 0 0
    outer loop
      vertex 45 -12.3511 43.2361
      vertex 45 -12.3511 36.7639
      vertex 45 -11.816 36.436
    endloop
  endfacet
  facet normal 1 -0 0
    outer loop
      vertex 45 -12.8284 42.8284
      vertex 45 -12.3511 36.7639
      vertex 45 -12.3511 43.2361
    endloop
  endfacet
  facet normal 1 0 0
    outer loop
      vertex 45 -12.8284 42.8284
      vertex 45 -12.8284 37.1716
      vertex 45 -12.3511 36.7639
    endloop
  endfacet
  facet normal 1 -0 0
    outer loop
      vertex 45 -13.2361 42.3511
      vertex 45 -12.8284 37.1716
      vertex 45 -12.8284 42.8284
    endloop
  endfacet
  facet normal 1 0 0
    outer loop
      vertex 45 -13.2361 42.3511
      vertex 45 -13.2361 37.6489
      vertex 45 -12.8284 37.1716
    endloop
  endfacet
  facet normal 1 -0 0
    outer loop
      vertex 45 -13.564 41.816
      vertex 45 -13.2361 37.6489
      vertex 45 -13.2361 42.3511
    endloop
  endfacet
  facet normal 1 0 0
    outer loop
      vertex 45 -13.564 41.816
      vertex 45 -13.564 38.184
      vertex 45 -13.2361 37.6489
    endloop
  endfacet
  facet normal 1 -0 0
    outer loop
      vertex 45 -13.8042 41.2361
      vertex 45 -13.564 38.184
      vertex 45 -13.564 41.816
    endloop
  endfacet
  facet normal 1 0 0
    outer loop
      vertex 45 -13.8042 41.2361
      vertex 45 -13.8042 38.7639
      vertex 45 -13.564 38.184
    endloop
  endfacet
  facet normal 1 -0 0
    outer loop
      vertex 45 -13.9508 40.6257
      vertex 45 -13.8042 38.7639
      vertex 45 -13.8042 41.2361
    endloop
  endfacet
  facet normal 1 0 0
    outer loop
      vertex 45 -13.9508 40.6257
      vertex 45 -13.9508 39.3743
      vertex 45 -13.8042 38.7639
    endloop
  endfacet
  facet normal 1 0 -0
    outer loop
      vertex 45 -13.9508 39.3743
      vertex 45 -13.9508 40.6257
      vertex 45 -14 40
    endloop
  endfacet
  facet normal 0 -0.760369 -0.649492
    outer loop
      vertex 25 -12.8284 37.1716
      vertex 45 -13.2361 37.6489
      vertex 25 -13.2361 37.6489
    endloop
  endfacet
  facet normal 0 -0.760369 -0.649492
    outer loop
      vertex 45 -13.2361 37.6489
      vertex 25 -12.8284 37.1716
      vertex 45 -12.8284 37.1716
    endloop
  endfacet
  facet normal 0 -0.649492 -0.760369
    outer loop
      vertex 25 -12.8284 37.1716
      vertex 45 -12.3511 36.7639
      vertex 45 -12.8284 37.1716
    endloop
  endfacet
  facet normal -0 -0.649492 -0.760369
    outer loop
      vertex 45 -12.3511 36.7639
      vertex 25 -12.8284 37.1716
      vertex 25 -12.3511 36.7639
    endloop
  endfacet
  facet normal 0 -0.522555 0.852606
    outer loop
      vertex 25 8.86502 12.2275
      vertex 45 8.53054 12.0225
      vertex 45 8.86502 12.2275
    endloop
  endfacet
  facet normal 0 -0.522555 0.852606
    outer loop
      vertex 45 8.53054 12.0225
      vertex 25 8.86502 12.2275
      vertex 25 8.53054 12.0225
    endloop
  endfacet
  facet normal 0 0.923904 -0.382623
    outer loop
      vertex 45 12.2275 8.86502
      vertex 25 12.3776 9.22746
      vertex 45 12.3776 9.22746
    endloop
  endfacet
  facet normal 0 0.923904 -0.382623
    outer loop
      vertex 25 12.3776 9.22746
      vertex 45 12.2275 8.86502
      vertex 25 12.2275 8.86502
    endloop
  endfacet
  facet normal 0 -0.996917 -0.0784605
    outer loop
      vertex 25 7.53078 9.60891
      vertex 26 7.5 10
      vertex 25 7.5 10
    endloop
  endfacet
  facet normal -0 -0.996917 -0.0784605
    outer loop
      vertex 45 7.53078 9.60891
      vertex 26 7.5 10
      vertex 25 7.53078 9.60891
    endloop
  endfacet
  facet normal 0 -0.996917 -0.0784605
    outer loop
      vertex 26 7.5 10
      vertex 45 7.53078 9.60891
      vertex 45 7.5 10
    endloop
  endfacet
  facet normal 0 0.233479 -0.972362
    outer loop
      vertex 25 10.3911 7.53078
      vertex 45 10.7725 7.62236
      vertex 45 10.3911 7.53078
    endloop
  endfacet
  facet normal 0 0.233479 -0.972362
    outer loop
      vertex 45 10.7725 7.62236
      vertex 25 10.3911 7.53078
      vertex 25 10.7725 7.62236
    endloop
  endfacet
  facet normal 0 0.649445 -0.760409
    outer loop
      vertex 25 11.4695 7.97746
      vertex 45 11.7678 8.23223
      vertex 45 11.4695 7.97746
    endloop
  endfacet
  facet normal 0 0.649445 -0.760409
    outer loop
      vertex 45 11.7678 8.23223
      vertex 25 11.4695 7.97746
      vertex 25 11.7678 8.23223
    endloop
  endfacet
  facet normal 1 0 0
    outer loop
      vertex 45 12.4692 10.3911
      vertex 45 12.4692 9.60891
      vertex 45 12.5 10
    endloop
  endfacet
  facet normal 1 0 0
    outer loop
      vertex 45 12.3776 10.7725
      vertex 45 12.4692 9.60891
      vertex 45 12.4692 10.3911
    endloop
  endfacet
  facet normal 1 0 0
    outer loop
      vertex 45 12.3776 10.7725
      vertex 45 12.3776 9.22746
      vertex 45 12.4692 9.60891
    endloop
  endfacet
  facet normal 1 0 0
    outer loop
      vertex 45 12.2275 11.135
      vertex 45 12.3776 9.22746
      vertex 45 12.3776 10.7725
    endloop
  endfacet
  facet normal 1 0 0
    outer loop
      vertex 45 12.2275 11.135
      vertex 45 12.2275 8.86502
      vertex 45 12.3776 9.22746
    endloop
  endfacet
  facet normal 1 0 0
    outer loop
      vertex 45 12.0225 11.4695
      vertex 45 12.2275 8.86502
      vertex 45 12.2275 11.135
    endloop
  endfacet
  facet normal 1 0 0
    outer loop
      vertex 45 12.0225 11.4695
      vertex 45 12.0225 8.53054
      vertex 45 12.2275 8.86502
    endloop
  endfacet
  facet normal 1 0 0
    outer loop
      vertex 45 11.7678 11.7678
      vertex 45 12.0225 8.53054
      vertex 45 12.0225 11.4695
    endloop
  endfacet
  facet normal 1 0 0
    outer loop
      vertex 45 11.7678 11.7678
      vertex 45 11.7678 8.23223
      vertex 45 12.0225 8.53054
    endloop
  endfacet
  facet normal 1 0 0
    outer loop
      vertex 45 11.4695 12.0225
      vertex 45 11.7678 8.23223
      vertex 45 11.7678 11.7678
    endloop
  endfacet
  facet normal 1 0 0
    outer loop
      vertex 45 11.4695 12.0225
      vertex 45 11.4695 7.97746
      vertex 45 11.7678 8.23223
    endloop
  endfacet
  facet normal 1 0 0
    outer loop
      vertex 45 11.135 12.2275
      vertex 45 11.4695 7.97746
      vertex 45 11.4695 12.0225
    endloop
  endfacet
  facet normal 1 0 0
    outer loop
      vertex 45 11.135 12.2275
      vertex 45 11.135 7.77248
      vertex 45 11.4695 7.97746
    endloop
  endfacet
  facet normal 1 0 0
    outer loop
      vertex 45 10.7725 12.3776
      vertex 45 11.135 7.77248
      vertex 45 11.135 12.2275
    endloop
  endfacet
  facet normal 1 0 0
    outer loop
      vertex 45 10.7725 12.3776
      vertex 45 10.7725 7.62236
      vertex 45 11.135 7.77248
    endloop
  endfacet
  facet normal 1 0 0
    outer loop
      vertex 45 10.3911 12.4692
      vertex 45 10.7725 7.62236
      vertex 45 10.7725 12.3776
    endloop
  endfacet
  facet normal 1 0 0
    outer loop
      vertex 45 10.3911 12.4692
      vertex 45 10.3911 7.53078
      vertex 45 10.7725 7.62236
    endloop
  endfacet
  facet normal 1 0 0
    outer loop
      vertex 45 10 12.5
      vertex 45 10.3911 7.53078
      vertex 45 10.3911 12.4692
    endloop
  endfacet
  facet normal 1 0 0
    outer loop
      vertex 45 10 12.5
      vertex 45 10 7.5
      vertex 45 10.3911 7.53078
    endloop
  endfacet
  facet normal 1 -0 0
    outer loop
      vertex 45 9.60891 12.4692
      vertex 45 10 7.5
      vertex 45 10 12.5
    endloop
  endfacet
  facet normal 1 0 0
    outer loop
      vertex 45 9.60891 12.4692
      vertex 45 9.60891 7.53078
      vertex 45 10 7.5
    endloop
  endfacet
  facet normal 1 -0 0
    outer loop
      vertex 45 9.22746 12.3776
      vertex 45 9.60891 7.53078
      vertex 45 9.60891 12.4692
    endloop
  endfacet
  facet normal 1 0 0
    outer loop
      vertex 45 9.22746 12.3776
      vertex 45 9.22746 7.62236
      vertex 45 9.60891 7.53078
    endloop
  endfacet
  facet normal 1 -0 0
    outer loop
      vertex 45 8.86502 12.2275
      vertex 45 9.22746 7.62236
      vertex 45 9.22746 12.3776
    endloop
  endfacet
  facet normal 1 0 0
    outer loop
      vertex 45 8.86502 12.2275
      vertex 45 8.86502 7.77248
      vertex 45 9.22746 7.62236
    endloop
  endfacet
  facet normal 1 -0 0
    outer loop
      vertex 45 8.53054 12.0225
      vertex 45 8.86502 7.77248
      vertex 45 8.86502 12.2275
    endloop
  endfacet
  facet normal 1 0 0
    outer loop
      vertex 45 8.53054 12.0225
      vertex 45 8.53054 7.97746
      vertex 45 8.86502 7.77248
    endloop
  endfacet
  facet normal 1 -0 0
    outer loop
      vertex 45 8.23223 11.7678
      vertex 45 8.53054 7.97746
      vertex 45 8.53054 12.0225
    endloop
  endfacet
  facet normal 1 0 0
    outer loop
      vertex 45 8.23223 11.7678
      vertex 45 8.23223 8.23223
      vertex 45 8.53054 7.97746
    endloop
  endfacet
  facet normal 1 -0 0
    outer loop
      vertex 45 7.97746 11.4695
      vertex 45 8.23223 8.23223
      vertex 45 8.23223 11.7678
    endloop
  endfacet
  facet normal 1 0 0
    outer loop
      vertex 45 7.97746 11.4695
      vertex 45 7.97746 8.53054
      vertex 45 8.23223 8.23223
    endloop
  endfacet
  facet normal 1 -0 0
    outer loop
      vertex 45 7.77248 11.135
      vertex 45 7.97746 8.53054
      vertex 45 7.97746 11.4695
    endloop
  endfacet
  facet normal 1 0 0
    outer loop
      vertex 45 7.77248 11.135
      vertex 45 7.77248 8.86502
      vertex 45 7.97746 8.53054
    endloop
  endfacet
  facet normal 1 -0 0
    outer loop
      vertex 45 7.62236 10.7725
      vertex 45 7.77248 8.86502
      vertex 45 7.77248 11.135
    endloop
  endfacet
  facet normal 1 0 0
    outer loop
      vertex 45 7.62236 10.7725
      vertex 45 7.62236 9.22746
      vertex 45 7.77248 8.86502
    endloop
  endfacet
  facet normal 1 -0 0
    outer loop
      vertex 45 7.53078 10.3911
      vertex 45 7.62236 9.22746
      vertex 45 7.62236 10.7725
    endloop
  endfacet
  facet normal 1 0 0
    outer loop
      vertex 45 7.53078 10.3911
      vertex 45 7.53078 9.60891
      vertex 45 7.62236 9.22746
    endloop
  endfacet
  facet normal 1 0 -0
    outer loop
      vertex 45 7.53078 9.60891
      vertex 45 7.53078 10.3911
      vertex 45 7.5 10
    endloop
  endfacet
  facet normal 0 0.382613 -0.923909
    outer loop
      vertex 25 10.7725 7.62236
      vertex 45 11.135 7.77248
      vertex 45 10.7725 7.62236
    endloop
  endfacet
  facet normal 0 0.382613 -0.923909
    outer loop
      vertex 45 11.135 7.77248
      vertex 25 10.7725 7.62236
      vertex 25 11.135 7.77248
    endloop
  endfacet
  facet normal 0 0.852606 -0.522555
    outer loop
      vertex 45 12.0225 8.53054
      vertex 25 12.2275 8.86502
      vertex 45 12.2275 8.86502
    endloop
  endfacet
  facet normal 0 0.852606 -0.522555
    outer loop
      vertex 25 12.2275 8.86502
      vertex 45 12.0225 8.53054
      vertex 25 12.0225 8.53054
    endloop
  endfacet
  facet normal 0 -0.852628 -0.522518
    outer loop
      vertex 25 7.97746 8.53054
      vertex 45 7.77248 8.86502
      vertex 25 7.77248 8.86502
    endloop
  endfacet
  facet normal 0 -0.852628 -0.522518
    outer loop
      vertex 45 7.77248 8.86502
      vertex 25 7.97746 8.53054
      vertex 45 7.97746 8.53054
    endloop
  endfacet
  facet normal -0 0.233527 0.97235
    outer loop
      vertex 25 10.7725 12.3776
      vertex 45 10.3911 12.4692
      vertex 45 10.7725 12.3776
    endloop
  endfacet
  facet normal 0 0.233527 0.97235
    outer loop
      vertex 45 10.3911 12.4692
      vertex 25 10.7725 12.3776
      vertex 25 10.3911 12.4692
    endloop
  endfacet
  facet normal 0 -0.760409 0.649445
    outer loop
      vertex 25 7.97746 11.4695
      vertex 45 8.23223 11.7678
      vertex 25 8.23223 11.7678
    endloop
  endfacet
  facet normal 0 -0.760409 0.649445
    outer loop
      vertex 45 8.23223 11.7678
      vertex 25 7.97746 11.4695
      vertex 45 7.97746 11.4695
    endloop
  endfacet
  facet normal 0 0.0784585 -0.996917
    outer loop
      vertex 25 10 7.5
      vertex 45 10.3911 7.53078
      vertex 45 10 7.5
    endloop
  endfacet
  facet normal 0 0.0784585 -0.996917
    outer loop
      vertex 45 10.3911 7.53078
      vertex 25 10 7.5
      vertex 25 10.3911 7.53078
    endloop
  endfacet
  facet normal 0 -0.923886 -0.382667
    outer loop
      vertex 25 7.77248 8.86502
      vertex 45 7.62236 9.22746
      vertex 25 7.62236 9.22746
    endloop
  endfacet
  facet normal 0 -0.923886 -0.382667
    outer loop
      vertex 45 7.62236 9.22746
      vertex 25 7.77248 8.86502
      vertex 45 7.77248 8.86502
    endloop
  endfacet
  facet normal 0 -0.233498 0.972357
    outer loop
      vertex 25 9.60891 12.4692
      vertex 45 9.22746 12.3776
      vertex 45 9.60891 12.4692
    endloop
  endfacet
  facet normal 0 -0.233498 0.972357
    outer loop
      vertex 45 9.22746 12.3776
      vertex 25 9.60891 12.4692
      vertex 25 9.22746 12.3776
    endloop
  endfacet
  facet normal 0 -0.852642 0.522495
    outer loop
      vertex 25 7.77248 11.135
      vertex 45 7.97746 11.4695
      vertex 25 7.97746 11.4695
    endloop
  endfacet
  facet normal 0 -0.852642 0.522495
    outer loop
      vertex 45 7.97746 11.4695
      vertex 25 7.77248 11.135
      vertex 45 7.77248 11.135
    endloop
  endfacet
  facet normal 0 -0.0784605 -0.996917
    outer loop
      vertex 25 9.60891 7.53078
      vertex 45 10 7.5
      vertex 45 9.60891 7.53078
    endloop
  endfacet
  facet normal -0 -0.0784605 -0.996917
    outer loop
      vertex 45 10 7.5
      vertex 25 9.60891 7.53078
      vertex 25 10 7.5
    endloop
  endfacet
  facet normal 0 -0.996917 0.0784585
    outer loop
      vertex 26 7.5 10
      vertex 45 7.53078 10.3911
      vertex 26 7.53078 10.3911
    endloop
  endfacet
  facet normal 0 -0.996917 0.0784585
    outer loop
      vertex 45 7.53078 10.3911
      vertex 26 7.5 10
      vertex 45 7.5 10
    endloop
  endfacet
  facet normal 0 0.760508 -0.649329
    outer loop
      vertex 45 11.7678 8.23223
      vertex 25 12.0225 8.53054
      vertex 45 12.0225 8.53054
    endloop
  endfacet
  facet normal 0 0.760508 -0.649329
    outer loop
      vertex 25 12.0225 8.53054
      vertex 45 11.7678 8.23223
      vertex 25 11.7678 8.23223
    endloop
  endfacet
  facet normal 0 -0.972369 -0.23345
    outer loop
      vertex 25 7.62236 9.22746
      vertex 45 7.53078 9.60891
      vertex 25 7.53078 9.60891
    endloop
  endfacet
  facet normal 0 -0.972369 -0.23345
    outer loop
      vertex 45 7.53078 9.60891
      vertex 25 7.62236 9.22746
      vertex 45 7.62236 9.22746
    endloop
  endfacet
  facet normal 0 0.760497 0.649342
    outer loop
      vertex 45 12.0225 11.4695
      vertex 25 11.7678 11.7678
      vertex 45 11.7678 11.7678
    endloop
  endfacet
  facet normal 0 0.760497 0.649342
    outer loop
      vertex 25 11.7678 11.7678
      vertex 45 12.0225 11.4695
      vertex 25 12.0225 11.4695
    endloop
  endfacet
  facet normal 0 -0.923901 0.382632
    outer loop
      vertex 26 7.71657 11
      vertex 25 7.77248 11.135
      vertex 25 7.71657 11
    endloop
  endfacet
  facet normal 0 -0.923901 0.382632
    outer loop
      vertex 25 7.77248 11.135
      vertex 26 7.71657 11
      vertex 45 7.77248 11.135
    endloop
  endfacet
  facet normal 2.51151e-07 -0.923913 0.382602
    outer loop
      vertex 26 7.62236 10.7725
      vertex 45 7.77248 11.135
      vertex 26 7.71657 11
    endloop
  endfacet
  facet normal 0 -0.923909 0.382613
    outer loop
      vertex 45 7.77248 11.135
      vertex 26 7.62236 10.7725
      vertex 45 7.62236 10.7725
    endloop
  endfacet
  facet normal -0 0.382569 0.923927
    outer loop
      vertex 25 11.135 12.2275
      vertex 45 10.7725 12.3776
      vertex 45 11.135 12.2275
    endloop
  endfacet
  facet normal 0 0.382569 0.923927
    outer loop
      vertex 45 10.7725 12.3776
      vertex 25 11.135 12.2275
      vertex 25 10.7725 12.3776
    endloop
  endfacet
  facet normal 0 -0.972362 0.233479
    outer loop
      vertex 26 7.53078 10.3911
      vertex 45 7.62236 10.7725
      vertex 26 7.62236 10.7725
    endloop
  endfacet
  facet normal 0 -0.972362 0.233479
    outer loop
      vertex 45 7.62236 10.7725
      vertex 26 7.53078 10.3911
      vertex 45 7.53078 10.3911
    endloop
  endfacet
  facet normal -0 0.0785092 0.996913
    outer loop
      vertex 25 10.3911 12.4692
      vertex 45 10 12.5
      vertex 45 10.3911 12.4692
    endloop
  endfacet
  facet normal 0 0.0785092 0.996913
    outer loop
      vertex 45 10 12.5
      vertex 25 10.3911 12.4692
      vertex 25 10 12.5
    endloop
  endfacet
  facet normal 0 -0.649432 -0.76042
    outer loop
      vertex 25 8.23223 8.23223
      vertex 45 8.53054 7.97746
      vertex 45 8.23223 8.23223
    endloop
  endfacet
  facet normal -0 -0.649432 -0.76042
    outer loop
      vertex 45 8.53054 7.97746
      vertex 25 8.23223 8.23223
      vertex 25 8.53054 7.97746
    endloop
  endfacet
  facet normal 0 -0.382667 -0.923886
    outer loop
      vertex 25 8.86502 7.77248
      vertex 45 9.22746 7.62236
      vertex 45 8.86502 7.77248
    endloop
  endfacet
  facet normal -0 -0.382667 -0.923886
    outer loop
      vertex 45 9.22746 7.62236
      vertex 25 8.86502 7.77248
      vertex 25 9.22746 7.62236
    endloop
  endfacet
  facet normal 0 0.522495 -0.852642
    outer loop
      vertex 25 11.135 7.77248
      vertex 45 11.4695 7.97746
      vertex 45 11.135 7.77248
    endloop
  endfacet
  facet normal 0 0.522495 -0.852642
    outer loop
      vertex 45 11.4695 7.97746
      vertex 25 11.135 7.77248
      vertex 25 11.4695 7.97746
    endloop
  endfacet
  facet normal -0 0.522532 0.85262
    outer loop
      vertex 25 11.4695 12.0225
      vertex 45 11.135 12.2275
      vertex 45 11.4695 12.0225
    endloop
  endfacet
  facet normal 0 0.522532 0.85262
    outer loop
      vertex 45 11.135 12.2275
      vertex 25 11.4695 12.0225
      vertex 25 11.135 12.2275
    endloop
  endfacet
  facet normal 0 0.996913 0.0785092
    outer loop
      vertex 45 12.5 10
      vertex 26 12.4692 10.3911
      vertex 45 12.4692 10.3911
    endloop
  endfacet
  facet normal 0 0.996913 0.0785092
    outer loop
      vertex 26 12.4692 10.3911
      vertex 45 12.5 10
      vertex 26 12.5 10
    endloop
  endfacet
  facet normal 0 -0.649329 0.760508
    outer loop
      vertex 25 8.53054 12.0225
      vertex 45 8.23223 11.7678
      vertex 45 8.53054 12.0225
    endloop
  endfacet
  facet normal 0 -0.649329 0.760508
    outer loop
      vertex 45 8.23223 11.7678
      vertex 25 8.53054 12.0225
      vertex 25 8.23223 11.7678
    endloop
  endfacet
  facet normal 0 0.85262 0.522532
    outer loop
      vertex 45 12.2275 11.135
      vertex 25 12.0225 11.4695
      vertex 45 12.0225 11.4695
    endloop
  endfacet
  facet normal 0 0.85262 0.522532
    outer loop
      vertex 25 12.0225 11.4695
      vertex 45 12.2275 11.135
      vertex 25 12.2275 11.135
    endloop
  endfacet
  facet normal 0 -0.522518 -0.852628
    outer loop
      vertex 25 8.53054 7.97746
      vertex 45 8.86502 7.77248
      vertex 45 8.53054 7.97746
    endloop
  endfacet
  facet normal -0 -0.522518 -0.852628
    outer loop
      vertex 45 8.86502 7.77248
      vertex 25 8.53054 7.97746
      vertex 25 8.86502 7.77248
    endloop
  endfacet
  facet normal 0 0.923925 0.382573
    outer loop
      vertex 45 12.2275 11.135
      vertex 26 12.2834 11
      vertex 25 12.2275 11.135
    endloop
  endfacet
  facet normal 3.35364e-08 0.923927 0.382569
    outer loop
      vertex 45 12.3776 10.7725
      vertex 26 12.2834 11
      vertex 45 12.2275 11.135
    endloop
  endfacet
  facet normal 0 0.923928 0.382567
    outer loop
      vertex 26 12.2834 11
      vertex 45 12.3776 10.7725
      vertex 26 12.3776 10.7725
    endloop
  endfacet
  facet normal 0 0.923925 0.382573
    outer loop
      vertex 25 12.2275 11.135
      vertex 26 12.2834 11
      vertex 25 12.2834 11
    endloop
  endfacet
  facet normal 0 -0.382623 0.923904
    outer loop
      vertex 25 9.22746 12.3776
      vertex 45 8.86502 12.2275
      vertex 45 9.22746 12.3776
    endloop
  endfacet
  facet normal 0 -0.382623 0.923904
    outer loop
      vertex 45 8.86502 12.2275
      vertex 25 9.22746 12.3776
      vertex 25 8.86502 12.2275
    endloop
  endfacet
  facet normal 0 -0.23345 -0.972369
    outer loop
      vertex 25 9.22746 7.62236
      vertex 45 9.60891 7.53078
      vertex 45 9.22746 7.62236
    endloop
  endfacet
  facet normal -0 -0.23345 -0.972369
    outer loop
      vertex 45 9.60891 7.53078
      vertex 25 9.22746 7.62236
      vertex 25 9.60891 7.53078
    endloop
  endfacet
  facet normal 0 -0.76042 -0.649432
    outer loop
      vertex 25 8.23223 8.23223
      vertex 45 7.97746 8.53054
      vertex 25 7.97746 8.53054
    endloop
  endfacet
  facet normal 0 -0.76042 -0.649432
    outer loop
      vertex 45 7.97746 8.53054
      vertex 25 8.23223 8.23223
      vertex 45 8.23223 8.23223
    endloop
  endfacet
  facet normal 0 0.97235 0.233527
    outer loop
      vertex 45 12.4692 10.3911
      vertex 26 12.3776 10.7725
      vertex 45 12.3776 10.7725
    endloop
  endfacet
  facet normal 0 0.97235 0.233527
    outer loop
      vertex 26 12.3776 10.7725
      vertex 45 12.4692 10.3911
      vertex 26 12.4692 10.3911
    endloop
  endfacet
  facet normal 0 0.972357 -0.233498
    outer loop
      vertex 45 12.3776 9.22746
      vertex 25 12.4692 9.60891
      vertex 45 12.4692 9.60891
    endloop
  endfacet
  facet normal 0 0.972357 -0.233498
    outer loop
      vertex 25 12.4692 9.60891
      vertex 45 12.3776 9.22746
      vertex 25 12.3776 9.22746
    endloop
  endfacet
  facet normal 0 -0.0785112 0.996913
    outer loop
      vertex 25 10 12.5
      vertex 45 9.60891 12.4692
      vertex 45 10 12.5
    endloop
  endfacet
  facet normal 0 -0.0785112 0.996913
    outer loop
      vertex 45 9.60891 12.4692
      vertex 25 10 12.5
      vertex 25 9.60891 12.4692
    endloop
  endfacet
  facet normal 0 0.996913 -0.0785112
    outer loop
      vertex 45 12.4692 9.60891
      vertex 26 12.5 10
      vertex 45 12.5 10
    endloop
  endfacet
  facet normal 0 0.996913 -0.0785112
    outer loop
      vertex 25 12.4692 9.60891
      vertex 26 12.5 10
      vertex 45 12.4692 9.60891
    endloop
  endfacet
  facet normal 0 0.996913 -0.0785112
    outer loop
      vertex 26 12.5 10
      vertex 25 12.4692 9.60891
      vertex 25 12.5 10
    endloop
  endfacet
  facet normal -0 0.649342 0.760497
    outer loop
      vertex 25 11.7678 11.7678
      vertex 45 11.4695 12.0225
      vertex 45 11.7678 11.7678
    endloop
  endfacet
  facet normal 0 0.649342 0.760497
    outer loop
      vertex 45 11.4695 12.0225
      vertex 25 11.7678 11.7678
      vertex 25 11.4695 12.0225
    endloop
  endfacet
  facet normal 0 -0.649415 0.760434
    outer loop
      vertex 46 -1.41421 51.4142
      vertex 46.0925 -1.17557 51.618
      vertex 46 -1.17557 51.618
    endloop
  endfacet
  facet normal 0 -0.649415 0.760434
    outer loop
      vertex 46.0925 -1.17557 51.618
      vertex 46 -1.41421 51.4142
      vertex 46.1113 -1.41421 51.4142
    endloop
  endfacet
  facet normal 0 0.233555 -0.972344
    outer loop
      vertex 46 0.618033 48.0979
      vertex 46.0246 0.312868 48.0246
      vertex 46 0.312868 48.0246
    endloop
  endfacet
  facet normal 0 0.233555 -0.972344
    outer loop
      vertex 46.0246 0.312868 48.0246
      vertex 46 0.618033 48.0979
      vertex 46.0486 0.618033 48.0979
    endloop
  endfacet
  facet normal 0 0.0783855 -0.996923
    outer loop
      vertex 46.0246 0.312868 48.0246
      vertex 46 0 48
      vertex 46 0.312868 48.0246
    endloop
  endfacet
  facet normal 0 -0.923904 0.382624
    outer loop
      vertex 46 -1.90211 50.618
      vertex 46.1402 -1.78201 50.908
      vertex 46 -1.78201 50.908
    endloop
  endfacet
  facet normal 0 -0.923904 0.382624
    outer loop
      vertex 46.1402 -1.78201 50.908
      vertex 46 -1.90211 50.618
      vertex 46.1497 -1.90211 50.618
    endloop
  endfacet
  facet normal 0 0.923904 -0.382624
    outer loop
      vertex 46.1402 1.78201 49.092
      vertex 46 1.90211 49.382
      vertex 46.1497 1.90211 49.382
    endloop
  endfacet
  facet normal 0 0.923904 -0.382624
    outer loop
      vertex 46 1.90211 49.382
      vertex 46.1402 1.78201 49.092
      vertex 46 1.78201 49.092
    endloop
  endfacet
  facet normal 0 0.972354 -0.233512
    outer loop
      vertex 46.1497 1.90211 49.382
      vertex 46 1.97538 49.6871
      vertex 46.1555 1.97538 49.6871
    endloop
  endfacet
  facet normal 0 0.972354 -0.233512
    outer loop
      vertex 46 1.97538 49.6871
      vertex 46.1497 1.90211 49.382
      vertex 46 1.90211 49.382
    endloop
  endfacet
  facet normal 0 -0.233555 0.972344
    outer loop
      vertex 46 -0.618033 51.9021
      vertex 46.0246 -0.312868 51.9754
      vertex 46 -0.312868 51.9754
    endloop
  endfacet
  facet normal 0 -0.233555 0.972344
    outer loop
      vertex 46.0246 -0.312868 51.9754
      vertex 46 -0.618033 51.9021
      vertex 46.0486 -0.618033 51.9021
    endloop
  endfacet
  facet normal -0 0.760349 0.649515
    outer loop
      vertex 46 1.61803 51.1756
      vertex 46.1113 1.41421 51.4142
      vertex 46.1273 1.61803 51.1756
    endloop
  endfacet
  facet normal 0 0.760349 0.649515
    outer loop
      vertex 46.1113 1.41421 51.4142
      vertex 46 1.61803 51.1756
      vertex 46 1.41421 51.4142
    endloop
  endfacet
  facet normal 0 0.649415 -0.760434
    outer loop
      vertex 46 1.41421 48.5858
      vertex 46.0925 1.17557 48.382
      vertex 46 1.17557 48.382
    endloop
  endfacet
  facet normal 0 0.649415 -0.760434
    outer loop
      vertex 46.0925 1.17557 48.382
      vertex 46 1.41421 48.5858
      vertex 46.1113 1.41421 48.5858
    endloop
  endfacet
  facet normal 0 -0.996919 -0.0784408
    outer loop
      vertex 46 -1.97538 49.6871
      vertex 46.1574 -2 50
      vertex 46 -2 50
    endloop
  endfacet
  facet normal 0 -0.996919 -0.0784408
    outer loop
      vertex 46.1574 -2 50
      vertex 46 -1.97538 49.6871
      vertex 46.1555 -1.97538 49.6871
    endloop
  endfacet
  facet normal 0 -0.522548 -0.85261
    outer loop
      vertex 46 -1.17557 48.382
      vertex 46.0715 -0.907981 48.218
      vertex 46.0925 -1.17557 48.382
    endloop
  endfacet
  facet normal -0 -0.522548 -0.85261
    outer loop
      vertex 46.0715 -0.907981 48.218
      vertex 46 -1.17557 48.382
      vertex 46 -0.907981 48.218
    endloop
  endfacet
  facet normal -0 -0.760349 -0.649515
    outer loop
      vertex 46.1113 -1.41421 48.5858
      vertex 46 -1.61803 48.8244
      vertex 46 -1.41421 48.5858
    endloop
  endfacet
  facet normal 0 -0.760349 -0.649515
    outer loop
      vertex 46 -1.61803 48.8244
      vertex 46.1113 -1.41421 48.5858
      vertex 46.1273 -1.61803 48.8244
    endloop
  endfacet
  facet normal 0 0.382682 -0.92388
    outer loop
      vertex 46 0.907981 48.218
      vertex 46.0486 0.618033 48.0979
      vertex 46 0.618033 48.0979
    endloop
  endfacet
  facet normal 0 0.382682 -0.92388
    outer loop
      vertex 46.0486 0.618033 48.0979
      vertex 46 0.907981 48.218
      vertex 46.0715 0.907981 48.218
    endloop
  endfacet
  facet normal 0 0.852648 -0.522486
    outer loop
      vertex 46.1273 1.61803 48.8244
      vertex 46 1.78201 49.092
      vertex 46.1402 1.78201 49.092
    endloop
  endfacet
  facet normal 0 0.852648 -0.522486
    outer loop
      vertex 46 1.78201 49.092
      vertex 46.1273 1.61803 48.8244
      vertex 46 1.61803 48.8244
    endloop
  endfacet
  facet normal 0 -0.0783855 0.996923
    outer loop
      vertex 46 0 52
      vertex 46 -0.312868 51.9754
      vertex 46.0246 -0.312868 51.9754
    endloop
  endfacet
  facet normal 0 -0.382682 -0.92388
    outer loop
      vertex 46 -0.907981 48.218
      vertex 46.0486 -0.618033 48.0979
      vertex 46.0715 -0.907981 48.218
    endloop
  endfacet
  facet normal -0 -0.382682 -0.92388
    outer loop
      vertex 46.0486 -0.618033 48.0979
      vertex 46 -0.907981 48.218
      vertex 46 -0.618033 48.0979
    endloop
  endfacet
  facet normal 0 0.760349 -0.649515
    outer loop
      vertex 46.1113 1.41421 48.5858
      vertex 46 1.61803 48.8244
      vertex 46.1273 1.61803 48.8244
    endloop
  endfacet
  facet normal 0 0.760349 -0.649515
    outer loop
      vertex 46 1.61803 48.8244
      vertex 46.1113 1.41421 48.5858
      vertex 46 1.41421 48.5858
    endloop
  endfacet
  facet normal -0 0.382682 0.92388
    outer loop
      vertex 46 0.907981 51.782
      vertex 46.0486 0.618033 51.9021
      vertex 46.0715 0.907981 51.782
    endloop
  endfacet
  facet normal 0 0.382682 0.92388
    outer loop
      vertex 46.0486 0.618033 51.9021
      vertex 46 0.907981 51.782
      vertex 46 0.618033 51.9021
    endloop
  endfacet
  facet normal -0 -0.0783855 -0.996923
    outer loop
      vertex 46.0246 -0.312868 48.0246
      vertex 46 -0.312868 48.0246
      vertex 46 0 48
    endloop
  endfacet
  facet normal 0 0.522548 -0.85261
    outer loop
      vertex 46 1.17557 48.382
      vertex 46.0715 0.907981 48.218
      vertex 46 0.907981 48.218
    endloop
  endfacet
  facet normal 0 0.522548 -0.85261
    outer loop
      vertex 46.0715 0.907981 48.218
      vertex 46 1.17557 48.382
      vertex 46.0925 1.17557 48.382
    endloop
  endfacet
  facet normal -0 -0.852648 -0.522486
    outer loop
      vertex 46.1273 -1.61803 48.8244
      vertex 46 -1.78201 49.092
      vertex 46 -1.61803 48.8244
    endloop
  endfacet
  facet normal 0 -0.852648 -0.522486
    outer loop
      vertex 46 -1.78201 49.092
      vertex 46.1273 -1.61803 48.8244
      vertex 46.1402 -1.78201 49.092
    endloop
  endfacet
  facet normal -0 -0.923904 -0.382624
    outer loop
      vertex 46.1402 -1.78201 49.092
      vertex 46 -1.90211 49.382
      vertex 46 -1.78201 49.092
    endloop
  endfacet
  facet normal 0 -0.923904 -0.382624
    outer loop
      vertex 46 -1.90211 49.382
      vertex 46.1402 -1.78201 49.092
      vertex 46.1497 -1.90211 49.382
    endloop
  endfacet
  facet normal 0 -0.233555 -0.972344
    outer loop
      vertex 46 -0.618033 48.0979
      vertex 46.0246 -0.312868 48.0246
      vertex 46.0486 -0.618033 48.0979
    endloop
  endfacet
  facet normal -0 -0.233555 -0.972344
    outer loop
      vertex 46.0246 -0.312868 48.0246
      vertex 46 -0.618033 48.0979
      vertex 46 -0.312868 48.0246
    endloop
  endfacet
  facet normal -0 0.972354 0.233512
    outer loop
      vertex 46 1.97538 50.3129
      vertex 46.1497 1.90211 50.618
      vertex 46.1555 1.97538 50.3129
    endloop
  endfacet
  facet normal 0 0.972354 0.233512
    outer loop
      vertex 46.1497 1.90211 50.618
      vertex 46 1.97538 50.3129
      vertex 46 1.90211 50.618
    endloop
  endfacet
  facet normal 0 -0.382682 0.92388
    outer loop
      vertex 46 -0.907981 51.782
      vertex 46.0486 -0.618033 51.9021
      vertex 46 -0.618033 51.9021
    endloop
  endfacet
  facet normal 0 -0.382682 0.92388
    outer loop
      vertex 46.0486 -0.618033 51.9021
      vertex 46 -0.907981 51.782
      vertex 46.0715 -0.907981 51.782
    endloop
  endfacet
  facet normal -1 0 0
    outer loop
      vertex 46 1.97538 49.6871
      vertex 46 1.97538 50.3129
      vertex 46 2 50
    endloop
  endfacet
  facet normal -1 0 0
    outer loop
      vertex 46 1.90211 49.382
      vertex 46 1.97538 50.3129
      vertex 46 1.97538 49.6871
    endloop
  endfacet
  facet normal -1 0 0
    outer loop
      vertex 46 1.90211 49.382
      vertex 46 1.90211 50.618
      vertex 46 1.97538 50.3129
    endloop
  endfacet
  facet normal -1 0 0
    outer loop
      vertex 46 1.78201 49.092
      vertex 46 1.90211 50.618
      vertex 46 1.90211 49.382
    endloop
  endfacet
  facet normal -1 0 0
    outer loop
      vertex 46 1.78201 49.092
      vertex 46 1.78201 50.908
      vertex 46 1.90211 50.618
    endloop
  endfacet
  facet normal -1 0 0
    outer loop
      vertex 46 1.61803 48.8244
      vertex 46 1.78201 50.908
      vertex 46 1.78201 49.092
    endloop
  endfacet
  facet normal -1 0 0
    outer loop
      vertex 46 1.61803 48.8244
      vertex 46 1.61803 51.1756
      vertex 46 1.78201 50.908
    endloop
  endfacet
  facet normal -1 0 0
    outer loop
      vertex 46 1.41421 48.5858
      vertex 46 1.61803 51.1756
      vertex 46 1.61803 48.8244
    endloop
  endfacet
  facet normal -1 0 0
    outer loop
      vertex 46 1.41421 48.5858
      vertex 46 1.41421 51.4142
      vertex 46 1.61803 51.1756
    endloop
  endfacet
  facet normal -1 0 0
    outer loop
      vertex 46 1.17557 48.382
      vertex 46 1.41421 51.4142
      vertex 46 1.41421 48.5858
    endloop
  endfacet
  facet normal -1 0 0
    outer loop
      vertex 46 1.17557 48.382
      vertex 46 1.17557 51.618
      vertex 46 1.41421 51.4142
    endloop
  endfacet
  facet normal -1 0 0
    outer loop
      vertex 46 0.907981 48.218
      vertex 46 1.17557 51.618
      vertex 46 1.17557 48.382
    endloop
  endfacet
  facet normal -1 0 0
    outer loop
      vertex 46 0.907981 48.218
      vertex 46 0.907981 51.782
      vertex 46 1.17557 51.618
    endloop
  endfacet
  facet normal -1 0 0
    outer loop
      vertex 46 0.618033 48.0979
      vertex 46 0.907981 51.782
      vertex 46 0.907981 48.218
    endloop
  endfacet
  facet normal -1 0 0
    outer loop
      vertex 46 0.618033 48.0979
      vertex 46 0.618033 51.9021
      vertex 46 0.907981 51.782
    endloop
  endfacet
  facet normal -1 0 0
    outer loop
      vertex 46 0.312868 48.0246
      vertex 46 0.618033 51.9021
      vertex 46 0.618033 48.0979
    endloop
  endfacet
  facet normal -1 0 0
    outer loop
      vertex 46 0.312868 48.0246
      vertex 46 0.312868 51.9754
      vertex 46 0.618033 51.9021
    endloop
  endfacet
  facet normal -1 0 0
    outer loop
      vertex 46 0 48
      vertex 46 0.312868 51.9754
      vertex 46 0.312868 48.0246
    endloop
  endfacet
  facet normal -1 0 0
    outer loop
      vertex 46 0 48
      vertex 46 0 52
      vertex 46 0.312868 51.9754
    endloop
  endfacet
  facet normal -1 0 0
    outer loop
      vertex 46 -0.312868 48.0246
      vertex 46 0 52
      vertex 46 0 48
    endloop
  endfacet
  facet normal -1 0 0
    outer loop
      vertex 46 -0.312868 48.0246
      vertex 46 -0.312868 51.9754
      vertex 46 0 52
    endloop
  endfacet
  facet normal -1 0 0
    outer loop
      vertex 46 -0.618033 48.0979
      vertex 46 -0.312868 51.9754
      vertex 46 -0.312868 48.0246
    endloop
  endfacet
  facet normal -1 0 0
    outer loop
      vertex 46 -0.618033 48.0979
      vertex 46 -0.618033 51.9021
      vertex 46 -0.312868 51.9754
    endloop
  endfacet
  facet normal -1 0 0
    outer loop
      vertex 46 -0.907981 48.218
      vertex 46 -0.618033 51.9021
      vertex 46 -0.618033 48.0979
    endloop
  endfacet
  facet normal -1 0 0
    outer loop
      vertex 46 -0.907981 48.218
      vertex 46 -0.907981 51.782
      vertex 46 -0.618033 51.9021
    endloop
  endfacet
  facet normal -1 0 0
    outer loop
      vertex 46 -1.17557 48.382
      vertex 46 -0.907981 51.782
      vertex 46 -0.907981 48.218
    endloop
  endfacet
  facet normal -1 0 0
    outer loop
      vertex 46 -1.17557 48.382
      vertex 46 -1.17557 51.618
      vertex 46 -0.907981 51.782
    endloop
  endfacet
  facet normal -1 0 0
    outer loop
      vertex 46 -1.41421 48.5858
      vertex 46 -1.17557 51.618
      vertex 46 -1.17557 48.382
    endloop
  endfacet
  facet normal -1 0 0
    outer loop
      vertex 46 -1.41421 48.5858
      vertex 46 -1.41421 51.4142
      vertex 46 -1.17557 51.618
    endloop
  endfacet
  facet normal -1 0 0
    outer loop
      vertex 46 -1.61803 48.8244
      vertex 46 -1.41421 51.4142
      vertex 46 -1.41421 48.5858
    endloop
  endfacet
  facet normal -1 0 0
    outer loop
      vertex 46 -1.61803 48.8244
      vertex 46 -1.61803 51.1756
      vertex 46 -1.41421 51.4142
    endloop
  endfacet
  facet normal -1 0 0
    outer loop
      vertex 46 -1.78201 49.092
      vertex 46 -1.61803 51.1756
      vertex 46 -1.61803 48.8244
    endloop
  endfacet
  facet normal -1 0 0
    outer loop
      vertex 46 -1.78201 49.092
      vertex 46 -1.78201 50.908
      vertex 46 -1.61803 51.1756
    endloop
  endfacet
  facet normal -1 0 0
    outer loop
      vertex 46 -1.90211 49.382
      vertex 46 -1.78201 50.908
      vertex 46 -1.78201 49.092
    endloop
  endfacet
  facet normal -1 0 0
    outer loop
      vertex 46 -1.90211 49.382
      vertex 46 -1.90211 50.618
      vertex 46 -1.78201 50.908
    endloop
  endfacet
  facet normal -1 0 0
    outer loop
      vertex 46 -1.97538 49.6871
      vertex 46 -1.90211 50.618
      vertex 46 -1.90211 49.382
    endloop
  endfacet
  facet normal -1 0 0
    outer loop
      vertex 46 -1.97538 49.6871
      vertex 46 -1.97538 50.3129
      vertex 46 -1.90211 50.618
    endloop
  endfacet
  facet normal -1 0 -0
    outer loop
      vertex 46 -1.97538 50.3129
      vertex 46 -1.97538 49.6871
      vertex 46 -2 50
    endloop
  endfacet
  facet normal 0 -0.760349 0.649515
    outer loop
      vertex 46 -1.61803 51.1756
      vertex 46.1113 -1.41421 51.4142
      vertex 46 -1.41421 51.4142
    endloop
  endfacet
  facet normal 0 -0.760349 0.649515
    outer loop
      vertex 46.1113 -1.41421 51.4142
      vertex 46 -1.61803 51.1756
      vertex 46.1273 -1.61803 51.1756
    endloop
  endfacet
  facet normal -0 0.649415 0.760434
    outer loop
      vertex 46 1.41421 51.4142
      vertex 46.0925 1.17557 51.618
      vertex 46.1113 1.41421 51.4142
    endloop
  endfacet
  facet normal 0 0.649415 0.760434
    outer loop
      vertex 46.0925 1.17557 51.618
      vertex 46 1.41421 51.4142
      vertex 46 1.17557 51.618
    endloop
  endfacet
  facet normal -0 0.852648 0.522486
    outer loop
      vertex 46 1.78201 50.908
      vertex 46.1273 1.61803 51.1756
      vertex 46.1402 1.78201 50.908
    endloop
  endfacet
  facet normal 0 0.852648 0.522486
    outer loop
      vertex 46.1273 1.61803 51.1756
      vertex 46 1.78201 50.908
      vertex 46 1.61803 51.1756
    endloop
  endfacet
  facet normal -0 0.923904 0.382624
    outer loop
      vertex 46 1.90211 50.618
      vertex 46.1402 1.78201 50.908
      vertex 46.1497 1.90211 50.618
    endloop
  endfacet
  facet normal 0 0.923904 0.382624
    outer loop
      vertex 46.1402 1.78201 50.908
      vertex 46 1.90211 50.618
      vertex 46 1.78201 50.908
    endloop
  endfacet
  facet normal 0 -0.522548 0.85261
    outer loop
      vertex 46 -1.17557 51.618
      vertex 46.0715 -0.907981 51.782
      vertex 46 -0.907981 51.782
    endloop
  endfacet
  facet normal 0 -0.522548 0.85261
    outer loop
      vertex 46.0715 -0.907981 51.782
      vertex 46 -1.17557 51.618
      vertex 46.0925 -1.17557 51.618
    endloop
  endfacet
  facet normal -0 -0.972354 -0.233512
    outer loop
      vertex 46.1497 -1.90211 49.382
      vertex 46 -1.97538 49.6871
      vertex 46 -1.90211 49.382
    endloop
  endfacet
  facet normal 0 -0.972354 -0.233512
    outer loop
      vertex 46 -1.97538 49.6871
      vertex 46.1497 -1.90211 49.382
      vertex 46.1555 -1.97538 49.6871
    endloop
  endfacet
  facet normal 0 0.996919 -0.0784408
    outer loop
      vertex 46.1555 1.97538 49.6871
      vertex 46 2 50
      vertex 46.1574 2 50
    endloop
  endfacet
  facet normal 0 0.996919 -0.0784408
    outer loop
      vertex 46 2 50
      vertex 46.1555 1.97538 49.6871
      vertex 46 1.97538 49.6871
    endloop
  endfacet
  facet normal -0 0.0783855 0.996923
    outer loop
      vertex 46 0.312868 51.9754
      vertex 46 0 52
      vertex 46.0246 0.312868 51.9754
    endloop
  endfacet
  facet normal -0 0.522548 0.85261
    outer loop
      vertex 46 1.17557 51.618
      vertex 46.0715 0.907981 51.782
      vertex 46.0925 1.17557 51.618
    endloop
  endfacet
  facet normal 0 0.522548 0.85261
    outer loop
      vertex 46.0715 0.907981 51.782
      vertex 46 1.17557 51.618
      vertex 46 0.907981 51.782
    endloop
  endfacet
  facet normal 0 0.996919 0.0784408
    outer loop
      vertex 46.1574 2 50
      vertex 46 1.97538 50.3129
      vertex 46.1555 1.97538 50.3129
    endloop
  endfacet
  facet normal 0 0.996919 0.0784408
    outer loop
      vertex 46 1.97538 50.3129
      vertex 46.1574 2 50
      vertex 46 2 50
    endloop
  endfacet
  facet normal 0 -0.852648 0.522486
    outer loop
      vertex 46 -1.78201 50.908
      vertex 46.1273 -1.61803 51.1756
      vertex 46 -1.61803 51.1756
    endloop
  endfacet
  facet normal 0 -0.852648 0.522486
    outer loop
      vertex 46.1273 -1.61803 51.1756
      vertex 46 -1.78201 50.908
      vertex 46.1402 -1.78201 50.908
    endloop
  endfacet
  facet normal -0 0.233555 0.972344
    outer loop
      vertex 46 0.618033 51.9021
      vertex 46.0246 0.312868 51.9754
      vertex 46.0486 0.618033 51.9021
    endloop
  endfacet
  facet normal 0 0.233555 0.972344
    outer loop
      vertex 46.0246 0.312868 51.9754
      vertex 46 0.618033 51.9021
      vertex 46 0.312868 51.9754
    endloop
  endfacet
  facet normal 0 -0.996919 0.0784408
    outer loop
      vertex 46 -2 50
      vertex 46.1555 -1.97538 50.3129
      vertex 46 -1.97538 50.3129
    endloop
  endfacet
  facet normal 0 -0.996919 0.0784408
    outer loop
      vertex 46.1555 -1.97538 50.3129
      vertex 46 -2 50
      vertex 46.1574 -2 50
    endloop
  endfacet
  facet normal 0 -0.649415 -0.760434
    outer loop
      vertex 46 -1.41421 48.5858
      vertex 46.0925 -1.17557 48.382
      vertex 46.1113 -1.41421 48.5858
    endloop
  endfacet
  facet normal -0 -0.649415 -0.760434
    outer loop
      vertex 46.0925 -1.17557 48.382
      vertex 46 -1.41421 48.5858
      vertex 46 -1.17557 48.382
    endloop
  endfacet
  facet normal 0 -0.972354 0.233512
    outer loop
      vertex 46 -1.97538 50.3129
      vertex 46.1497 -1.90211 50.618
      vertex 46 -1.90211 50.618
    endloop
  endfacet
  facet normal 0 -0.972354 0.233512
    outer loop
      vertex 46.1497 -1.90211 50.618
      vertex 46 -1.97538 50.3129
      vertex 46.1555 -1.97538 50.3129
    endloop
  endfacet
endsolid OpenSCAD_Model
