solid OpenSCAD_Model
  facet normal 1 -0 0
    outer loop
      vertex -25 -25 38
      vertex -25 25 0
      vertex -25 25 38
    endloop
  endfacet
  facet normal 1 0 0
    outer loop
      vertex -25 25 0
      vertex -25 -25 38
      vertex -25 -25 0
    endloop
  endfacet
  facet normal 0 0 1
    outer loop
      vertex -25 25 38
      vertex -27 23 38
      vertex -25 -25 38
    endloop
  endfacet
  facet normal -0 0 1
    outer loop
      vertex -72 25 38
      vertex -27 23 38
      vertex -25 25 38
    endloop
  endfacet
  facet normal 0 0 1
    outer loop
      vertex -27 23 38
      vertex -72 25 38
      vertex -72 23 38
    endloop
  endfacet
  facet normal -0 0 1
    outer loop
      vertex -27 -23 38
      vertex -25 -25 38
      vertex -27 23 38
    endloop
  endfacet
  facet normal 0 0 1
    outer loop
      vertex -72 -25 38
      vertex -27 -23 38
      vertex -72 -23 38
    endloop
  endfacet
  facet normal 0 0 1
    outer loop
      vertex -27 -23 38
      vertex -72 -25 38
      vertex -25 -25 38
    endloop
  endfacet
  facet normal 0 0 1
    outer loop
      vertex 80 35 0
      vertex 77 28 0
      vertex 80 -35 0
    endloop
  endfacet
  facet normal 0 0 1
    outer loop
      vertex 80 35 0
      vertex 25 28 0
      vertex 77 28 0
    endloop
  endfacet
  facet normal 0 0 1
    outer loop
      vertex 25 28 0
      vertex -25 25 0
      vertex 25 -28 0
    endloop
  endfacet
  facet normal -0 0 1
    outer loop
      vertex -80 35 0
      vertex 25 28 0
      vertex 80 35 0
    endloop
  endfacet
  facet normal 0 0 1
    outer loop
      vertex 25 28 0
      vertex -80 35 0
      vertex -25 25 0
    endloop
  endfacet
  facet normal 0 0 1
    outer loop
      vertex -75 25 0
      vertex -80 35 0
      vertex -75 -25 0
    endloop
  endfacet
  facet normal 0 0 1
    outer loop
      vertex -25 25 0
      vertex -80 35 0
      vertex -75 25 0
    endloop
  endfacet
  facet normal -0 0 1
    outer loop
      vertex 77 -28 0
      vertex 80 -35 0
      vertex 77 28 0
    endloop
  endfacet
  facet normal -0 0 1
    outer loop
      vertex 25 -28 0
      vertex 80 -35 0
      vertex 77 -28 0
    endloop
  endfacet
  facet normal -0 0 1
    outer loop
      vertex -25 -25 0
      vertex 25 -28 0
      vertex -25 25 0
    endloop
  endfacet
  facet normal 0 0 1
    outer loop
      vertex -80 -35 0
      vertex 25 -28 0
      vertex -25 -25 0
    endloop
  endfacet
  facet normal 0 0 1
    outer loop
      vertex -80 -35 0
      vertex -25 -25 0
      vertex -75 -25 0
    endloop
  endfacet
  facet normal 0 0 1
    outer loop
      vertex 25 -28 0
      vertex -80 -35 0
      vertex 80 -35 0
    endloop
  endfacet
  facet normal 0 0 1
    outer loop
      vertex -80 -35 0
      vertex -75 -25 0
      vertex -80 35 0
    endloop
  endfacet
  facet normal -1 0 0
    outer loop
      vertex -75 -25 0
      vertex -75 25 5
      vertex -75 25 0
    endloop
  endfacet
  facet normal -1 -0 0
    outer loop
      vertex -75 25 5
      vertex -75 -25 0
      vertex -75 -25 5
    endloop
  endfacet
  facet normal 0 1 0
    outer loop
      vertex -25 25 38
      vertex -72 25 5
      vertex -72 25 38
    endloop
  endfacet
  facet normal 0 1 -0
    outer loop
      vertex -25 25 0
      vertex -72 25 5
      vertex -25 25 38
    endloop
  endfacet
  facet normal 0 1 0
    outer loop
      vertex -75 25 0
      vertex -72 25 5
      vertex -25 25 0
    endloop
  endfacet
  facet normal 0 1 0
    outer loop
      vertex -72 25 5
      vertex -75 25 0
      vertex -75 25 5
    endloop
  endfacet
  facet normal 0 -1 0
    outer loop
      vertex -75 -25 5
      vertex -75 -25 0
      vertex -72 -25 5
    endloop
  endfacet
  facet normal 0 -1 0
    outer loop
      vertex -72 -25 5
      vertex -25 -25 38
      vertex -72 -25 38
    endloop
  endfacet
  facet normal 0 -1 0
    outer loop
      vertex -25 -25 0
      vertex -72 -25 5
      vertex -75 -25 0
    endloop
  endfacet
  facet normal 0 -1 0
    outer loop
      vertex -72 -25 5
      vertex -25 -25 0
      vertex -25 -25 38
    endloop
  endfacet
  facet normal 1 -0 0
    outer loop
      vertex -27 -23 53
      vertex -27 23 38
      vertex -27 23 53
    endloop
  endfacet
  facet normal 1 0 0
    outer loop
      vertex -27 23 38
      vertex -27 -23 53
      vertex -27 -23 38
    endloop
  endfacet
  facet normal -0 0 1
    outer loop
      vertex -73 23 53
      vertex -27 -23 53
      vertex -27 23 53
    endloop
  endfacet
  facet normal 0 0 1
    outer loop
      vertex -27 -23 53
      vertex -73 23 53
      vertex -73 -23 53
    endloop
  endfacet
  facet normal -1 0 0
    outer loop
      vertex -73 -23 45
      vertex -73 23 53
      vertex -73 23 45
    endloop
  endfacet
  facet normal -1 -0 0
    outer loop
      vertex -73 23 53
      vertex -73 -23 45
      vertex -73 -23 53
    endloop
  endfacet
  facet normal 0 1 0
    outer loop
      vertex -27 23 53
      vertex -72 23 45
      vertex -73 23 53
    endloop
  endfacet
  facet normal 0 1 -0
    outer loop
      vertex -27 23 38
      vertex -72 23 45
      vertex -27 23 53
    endloop
  endfacet
  facet normal 0 1 0
    outer loop
      vertex -72 23 45
      vertex -27 23 38
      vertex -72 23 38
    endloop
  endfacet
  facet normal 0 1 0
    outer loop
      vertex -73 23 53
      vertex -72 23 45
      vertex -73 23 45
    endloop
  endfacet
  facet normal 0 -1 0
    outer loop
      vertex -72 -23 45
      vertex -73 -23 53
      vertex -73 -23 45
    endloop
  endfacet
  facet normal 0 -1 0
    outer loop
      vertex -73 -23 53
      vertex -72 -23 45
      vertex -27 -23 53
    endloop
  endfacet
  facet normal 0 -1 0
    outer loop
      vertex -27 -23 38
      vertex -72 -23 45
      vertex -72 -23 38
    endloop
  endfacet
  facet normal 0 -1 0
    outer loop
      vertex -72 -23 45
      vertex -27 -23 38
      vertex -27 -23 53
    endloop
  endfacet
  facet normal 1 0 0
    outer loop
      vertex 22 1.5 45
      vertex 22 0.782172 24.9384
      vertex 22 1.5 24.7661
    endloop
  endfacet
  facet normal 1 0 0
    outer loop
      vertex 22 1.5 45
      vertex 22 0 25
      vertex 22 0.782172 24.9384
    endloop
  endfacet
  facet normal 1 -0 0
    outer loop
      vertex 22 -1.5 45
      vertex 22 0 25
      vertex 22 1.5 45
    endloop
  endfacet
  facet normal 1 0 0
    outer loop
      vertex 22 0 25
      vertex 22 -1.5 45
      vertex 22 -0.782172 24.9384
    endloop
  endfacet
  facet normal 1 0 0
    outer loop
      vertex 22 -0.782172 24.9384
      vertex 22 -1.5 45
      vertex 22 -1.5 24.7661
    endloop
  endfacet
  facet normal 1 -0 0
    outer loop
      vertex 22 0.782172 15.0616
      vertex 22 1.5 5
      vertex 22 1.5 15.2339
    endloop
  endfacet
  facet normal 1 -0 0
    outer loop
      vertex 22 0 15
      vertex 22 1.5 5
      vertex 22 0.782172 15.0616
    endloop
  endfacet
  facet normal 1 0 0
    outer loop
      vertex 22 -1.5 5
      vertex 22 0 15
      vertex 22 -0.782172 15.0616
    endloop
  endfacet
  facet normal 1 0 0
    outer loop
      vertex 22 -1.5 5
      vertex 22 -0.782172 15.0616
      vertex 22 -1.5 15.2339
    endloop
  endfacet
  facet normal 1 0 0
    outer loop
      vertex 22 0 15
      vertex 22 -1.5 5
      vertex 22 1.5 5
    endloop
  endfacet
  facet normal -0 0 1
    outer loop
      vertex 12.998 15.1193 45
      vertex 15.1193 12.998 45
      vertex 14.4957 16.617 45
    endloop
  endfacet
  facet normal 0 0 1
    outer loop
      vertex 14.4957 16.617 45
      vertex 15.1193 12.998 45
      vertex 16.617 14.4957 45
    endloop
  endfacet
  facet normal -0 0 1
    outer loop
      vertex 19.8819 1.5 45
      vertex 22 -1.5 45
      vertex 22 1.5 45
    endloop
  endfacet
  facet normal 0 0 1
    outer loop
      vertex 19.8819 1.5 45
      vertex 19.8819 -1.5 45
      vertex 22 -1.5 45
    endloop
  endfacet
  facet normal 0 0 1
    outer loop
      vertex 19.0211 6.18034 45
      vertex 19.8819 1.5 45
      vertex 19.7538 3.12869 45
    endloop
  endfacet
  facet normal 0 0 1
    outer loop
      vertex 15.1193 12.998 45
      vertex 19.8819 1.5 45
      vertex 19.0211 6.18034 45
    endloop
  endfacet
  facet normal 0 0 1
    outer loop
      vertex 19.8819 1.5 45
      vertex 15.1193 12.998 45
      vertex 19.8819 -1.5 45
    endloop
  endfacet
  facet normal 0 0 1
    outer loop
      vertex 19.8819 -1.5 45
      vertex 19.0211 -6.18034 45
      vertex 19.7538 -3.12869 45
    endloop
  endfacet
  facet normal 0 0 1
    outer loop
      vertex 15.1193 12.998 45
      vertex 19.0211 6.18034 45
      vertex 17.8201 9.07981 45
    endloop
  endfacet
  facet normal 0 0 1
    outer loop
      vertex 15.1193 -12.998 45
      vertex 19.8819 -1.5 45
      vertex 15.1193 12.998 45
    endloop
  endfacet
  facet normal 0 0 1
    outer loop
      vertex 15.1193 12.998 45
      vertex 17.8201 9.07981 45
      vertex 16.1803 11.7557 45
    endloop
  endfacet
  facet normal 0 0 1
    outer loop
      vertex 19.8819 -1.5 45
      vertex 15.1193 -12.998 45
      vertex 19.0211 -6.18034 45
    endloop
  endfacet
  facet normal 0 0 1
    outer loop
      vertex 19.0211 -6.18034 45
      vertex 15.1193 -12.998 45
      vertex 17.8201 -9.07981 45
    endloop
  endfacet
  facet normal 0 0 1
    outer loop
      vertex 17.8201 -9.07981 45
      vertex 15.1193 -12.998 45
      vertex 16.1803 -11.7557 45
    endloop
  endfacet
  facet normal 0 0 1
    outer loop
      vertex 15.1193 -12.998 45
      vertex 14.4957 -16.617 45
      vertex 16.617 -14.4957 45
    endloop
  endfacet
  facet normal 0 0 1
    outer loop
      vertex 15.1193 12.998 45
      vertex 12.998 15.1193 45
      vertex 15.1193 -12.998 45
    endloop
  endfacet
  facet normal 0 0 1
    outer loop
      vertex 12.998 -15.1193 45
      vertex 15.1193 -12.998 45
      vertex 12.998 15.1193 45
    endloop
  endfacet
  facet normal 0 0 1
    outer loop
      vertex 15.1193 -12.998 45
      vertex 12.998 -15.1193 45
      vertex 14.4957 -16.617 45
    endloop
  endfacet
  facet normal 0 0 1
    outer loop
      vertex 9.07981 17.8201 45
      vertex 12.998 15.1193 45
      vertex 11.7557 16.1803 45
    endloop
  endfacet
  facet normal 0 0 1
    outer loop
      vertex 1.5 19.8819 45
      vertex 12.998 15.1193 45
      vertex 9.07981 17.8201 45
    endloop
  endfacet
  facet normal 0 0 1
    outer loop
      vertex 12.998 15.1193 45
      vertex 1.5 19.8819 45
      vertex 12.998 -15.1193 45
    endloop
  endfacet
  facet normal 0 0 1
    outer loop
      vertex 12.998 -15.1193 45
      vertex 9.07981 -17.8201 45
      vertex 11.7557 -16.1803 45
    endloop
  endfacet
  facet normal 0 0 1
    outer loop
      vertex 1.5 19.8819 45
      vertex 9.07981 17.8201 45
      vertex 6.18034 19.0211 45
    endloop
  endfacet
  facet normal 0 0 1
    outer loop
      vertex 1.5 -19.8819 45
      vertex 12.998 -15.1193 45
      vertex 1.5 19.8819 45
    endloop
  endfacet
  facet normal 0 0 1
    outer loop
      vertex 1.5 19.8819 45
      vertex 6.18034 19.0211 45
      vertex 3.12869 19.7538 45
    endloop
  endfacet
  facet normal 0 0 1
    outer loop
      vertex 12.998 -15.1193 45
      vertex 1.5 -19.8819 45
      vertex 9.07981 -17.8201 45
    endloop
  endfacet
  facet normal 0 0 1
    outer loop
      vertex 9.07981 -17.8201 45
      vertex 1.5 -19.8819 45
      vertex 6.18034 -19.0211 45
    endloop
  endfacet
  facet normal 0 0 1
    outer loop
      vertex 6.18034 -19.0211 45
      vertex 1.5 -19.8819 45
      vertex 3.12869 -19.7538 45
    endloop
  endfacet
  facet normal 0 0 1
    outer loop
      vertex -17.8201 9.07981 45
      vertex -15.1193 12.998 45
      vertex -16.1803 11.7557 45
    endloop
  endfacet
  facet normal 0 0 1
    outer loop
      vertex -15.1193 12.998 45
      vertex -19.8819 1.5 45
      vertex -15.1193 -12.998 45
    endloop
  endfacet
  facet normal 0 0 1
    outer loop
      vertex -15.1193 12.998 45
      vertex -17.8201 9.07981 45
      vertex -19.8819 1.5 45
    endloop
  endfacet
  facet normal -0 0 1
    outer loop
      vertex -19.8819 -1.5 45
      vertex -15.1193 -12.998 45
      vertex -19.8819 1.5 45
    endloop
  endfacet
  facet normal 0 0 1
    outer loop
      vertex -19.8819 1.5 45
      vertex -17.8201 9.07981 45
      vertex -19.0211 6.18034 45
    endloop
  endfacet
  facet normal -0 -0 1
    outer loop
      vertex -17.8201 -9.07981 45
      vertex -15.1193 -12.998 45
      vertex -19.8819 -1.5 45
    endloop
  endfacet
  facet normal 0 0 1
    outer loop
      vertex -19.8819 1.5 45
      vertex -19.0211 6.18034 45
      vertex -19.7538 3.12869 45
    endloop
  endfacet
  facet normal 0 0 1
    outer loop
      vertex -15.1193 -12.998 45
      vertex -17.8201 -9.07981 45
      vertex -16.1803 -11.7557 45
    endloop
  endfacet
  facet normal 0 0 1
    outer loop
      vertex -17.8201 -9.07981 45
      vertex -19.8819 -1.5 45
      vertex -19.0211 -6.18034 45
    endloop
  endfacet
  facet normal 0 0 1
    outer loop
      vertex -19.0211 -6.18034 45
      vertex -19.8819 -1.5 45
      vertex -19.7538 -3.12869 45
    endloop
  endfacet
  facet normal -0 0 1
    outer loop
      vertex -22 1.5 45
      vertex -19.8819 -1.5 45
      vertex -19.8819 1.5 45
    endloop
  endfacet
  facet normal 0 0 1
    outer loop
      vertex -19.8819 -1.5 45
      vertex -22 1.5 45
      vertex -22 -1.5 45
    endloop
  endfacet
  facet normal 0 0 1
    outer loop
      vertex -6.18034 19.0211 45
      vertex -1.5 19.8819 45
      vertex -3.12869 19.7538 45
    endloop
  endfacet
  facet normal 0 0 1
    outer loop
      vertex -12.998 15.1193 45
      vertex -1.5 19.8819 45
      vertex -6.18034 19.0211 45
    endloop
  endfacet
  facet normal 0 0 1
    outer loop
      vertex -1.5 19.8819 45
      vertex -12.998 15.1193 45
      vertex -1.5 -19.8819 45
    endloop
  endfacet
  facet normal 0 0 1
    outer loop
      vertex -1.5 -19.8819 45
      vertex -6.18034 -19.0211 45
      vertex -3.12869 -19.7538 45
    endloop
  endfacet
  facet normal 0 0 1
    outer loop
      vertex -12.998 15.1193 45
      vertex -6.18034 19.0211 45
      vertex -9.07981 17.8201 45
    endloop
  endfacet
  facet normal -0 0 1
    outer loop
      vertex -12.998 -15.1193 45
      vertex -1.5 -19.8819 45
      vertex -12.998 15.1193 45
    endloop
  endfacet
  facet normal 0 0 1
    outer loop
      vertex -12.998 15.1193 45
      vertex -9.07981 17.8201 45
      vertex -11.7557 16.1803 45
    endloop
  endfacet
  facet normal 0 0 1
    outer loop
      vertex -1.5 -19.8819 45
      vertex -12.998 -15.1193 45
      vertex -6.18034 -19.0211 45
    endloop
  endfacet
  facet normal 0 0 1
    outer loop
      vertex -6.18034 -19.0211 45
      vertex -12.998 -15.1193 45
      vertex -9.07981 -17.8201 45
    endloop
  endfacet
  facet normal 0 0 1
    outer loop
      vertex -9.07981 -17.8201 45
      vertex -12.998 -15.1193 45
      vertex -11.7557 -16.1803 45
    endloop
  endfacet
  facet normal 0 0 1
    outer loop
      vertex -15.1193 12.998 45
      vertex -12.998 15.1193 45
      vertex -14.4957 16.617 45
    endloop
  endfacet
  facet normal 0 0 1
    outer loop
      vertex -12.998 15.1193 45
      vertex -15.1193 12.998 45
      vertex -12.998 -15.1193 45
    endloop
  endfacet
  facet normal -0 0 1
    outer loop
      vertex -15.1193 -12.998 45
      vertex -12.998 -15.1193 45
      vertex -15.1193 12.998 45
    endloop
  endfacet
  facet normal 0 -0 1
    outer loop
      vertex -15.1193 12.998 45
      vertex -14.4957 16.617 45
      vertex -16.617 14.4957 45
    endloop
  endfacet
  facet normal 0 0 1
    outer loop
      vertex -1.5 19.8819 45
      vertex 1.5 19.8819 45
      vertex 1.5 22 45
    endloop
  endfacet
  facet normal 0 0 1
    outer loop
      vertex 1.5 19.8819 45
      vertex -1.5 19.8819 45
      vertex 1.5 -19.8819 45
    endloop
  endfacet
  facet normal 0 0 1
    outer loop
      vertex -1.5 19.8819 45
      vertex 1.5 22 45
      vertex -1.5 22 45
    endloop
  endfacet
  facet normal 0 0 1
    outer loop
      vertex -1.5 -19.8819 45
      vertex 1.5 -19.8819 45
      vertex -1.5 19.8819 45
    endloop
  endfacet
  facet normal 0 0 1
    outer loop
      vertex 1.5 -19.8819 45
      vertex -1.5 -19.8819 45
      vertex 1.5 -22 45
    endloop
  endfacet
  facet normal 0 0 1
    outer loop
      vertex 1.5 -22 45
      vertex -1.5 -19.8819 45
      vertex -1.5 -22 45
    endloop
  endfacet
  facet normal 0 0 1
    outer loop
      vertex -12.998 -15.1193 45
      vertex -15.1193 -12.998 45
      vertex -14.4957 -16.617 45
    endloop
  endfacet
  facet normal 0 0 1
    outer loop
      vertex -14.4957 -16.617 45
      vertex -15.1193 -12.998 45
      vertex -16.617 -14.4957 45
    endloop
  endfacet
  facet normal 0 0 -1
    outer loop
      vertex 12.998 -15.1193 5
      vertex 15.1193 -12.998 5
      vertex 14.4957 -16.617 5
    endloop
  endfacet
  facet normal 0 0 -1
    outer loop
      vertex 14.4957 -16.617 5
      vertex 15.1193 -12.998 5
      vertex 16.617 -14.4957 5
    endloop
  endfacet
  facet normal 0 0 -1
    outer loop
      vertex 19.8819 -1.5 5
      vertex 22 1.5 5
      vertex 22 -1.5 5
    endloop
  endfacet
  facet normal 0 0 -1
    outer loop
      vertex 19.8819 -1.5 5
      vertex 19.8819 1.5 5
      vertex 22 1.5 5
    endloop
  endfacet
  facet normal 0 0 -1
    outer loop
      vertex 19.0211 -6.18034 5
      vertex 19.8819 -1.5 5
      vertex 19.7538 -3.12869 5
    endloop
  endfacet
  facet normal 0 0 -1
    outer loop
      vertex 15.1193 -12.998 5
      vertex 19.8819 -1.5 5
      vertex 19.0211 -6.18034 5
    endloop
  endfacet
  facet normal -0 0 -1
    outer loop
      vertex 19.8819 -1.5 5
      vertex 15.1193 -12.998 5
      vertex 19.8819 1.5 5
    endloop
  endfacet
  facet normal 0 0 -1
    outer loop
      vertex 19.8819 1.5 5
      vertex 19.0211 6.18034 5
      vertex 19.7538 3.12869 5
    endloop
  endfacet
  facet normal 0 0 -1
    outer loop
      vertex 15.1193 -12.998 5
      vertex 19.0211 -6.18034 5
      vertex 17.8201 -9.07981 5
    endloop
  endfacet
  facet normal 0 0 -1
    outer loop
      vertex 15.1193 12.998 5
      vertex 19.8819 1.5 5
      vertex 15.1193 -12.998 5
    endloop
  endfacet
  facet normal 0 0 -1
    outer loop
      vertex 15.1193 -12.998 5
      vertex 17.8201 -9.07981 5
      vertex 16.1803 -11.7557 5
    endloop
  endfacet
  facet normal 0 0 -1
    outer loop
      vertex 19.8819 1.5 5
      vertex 15.1193 12.998 5
      vertex 19.0211 6.18034 5
    endloop
  endfacet
  facet normal 0 0 -1
    outer loop
      vertex 19.0211 6.18034 5
      vertex 15.1193 12.998 5
      vertex 17.8201 9.07981 5
    endloop
  endfacet
  facet normal 0 0 -1
    outer loop
      vertex 17.8201 9.07981 5
      vertex 15.1193 12.998 5
      vertex 16.1803 11.7557 5
    endloop
  endfacet
  facet normal 0 0 -1
    outer loop
      vertex 15.1193 12.998 5
      vertex 14.4957 16.617 5
      vertex 16.617 14.4957 5
    endloop
  endfacet
  facet normal -0 0 -1
    outer loop
      vertex 15.1193 -12.998 5
      vertex 12.998 -15.1193 5
      vertex 15.1193 12.998 5
    endloop
  endfacet
  facet normal 0 0 -1
    outer loop
      vertex 12.998 15.1193 5
      vertex 15.1193 12.998 5
      vertex 12.998 -15.1193 5
    endloop
  endfacet
  facet normal 0 0 -1
    outer loop
      vertex 15.1193 12.998 5
      vertex 12.998 15.1193 5
      vertex 14.4957 16.617 5
    endloop
  endfacet
  facet normal 0 0 -1
    outer loop
      vertex 9.07981 -17.8201 5
      vertex 12.998 -15.1193 5
      vertex 11.7557 -16.1803 5
    endloop
  endfacet
  facet normal 0 0 -1
    outer loop
      vertex 1.5 -19.8819 5
      vertex 12.998 -15.1193 5
      vertex 9.07981 -17.8201 5
    endloop
  endfacet
  facet normal -0 0 -1
    outer loop
      vertex 12.998 -15.1193 5
      vertex 1.5 -19.8819 5
      vertex 12.998 15.1193 5
    endloop
  endfacet
  facet normal 0 0 -1
    outer loop
      vertex 12.998 15.1193 5
      vertex 9.07981 17.8201 5
      vertex 11.7557 16.1803 5
    endloop
  endfacet
  facet normal 0 0 -1
    outer loop
      vertex 1.5 -19.8819 5
      vertex 9.07981 -17.8201 5
      vertex 6.18034 -19.0211 5
    endloop
  endfacet
  facet normal 0 0 -1
    outer loop
      vertex 1.5 19.8819 5
      vertex 12.998 15.1193 5
      vertex 1.5 -19.8819 5
    endloop
  endfacet
  facet normal 0 0 -1
    outer loop
      vertex 1.5 -19.8819 5
      vertex 6.18034 -19.0211 5
      vertex 3.12869 -19.7538 5
    endloop
  endfacet
  facet normal 0 0 -1
    outer loop
      vertex 12.998 15.1193 5
      vertex 1.5 19.8819 5
      vertex 9.07981 17.8201 5
    endloop
  endfacet
  facet normal 0 0 -1
    outer loop
      vertex 9.07981 17.8201 5
      vertex 1.5 19.8819 5
      vertex 6.18034 19.0211 5
    endloop
  endfacet
  facet normal 0 0 -1
    outer loop
      vertex 6.18034 19.0211 5
      vertex 1.5 19.8819 5
      vertex 3.12869 19.7538 5
    endloop
  endfacet
  facet normal 0 0 -1
    outer loop
      vertex -17.8201 -9.07981 5
      vertex -15.1193 -12.998 5
      vertex -16.1803 -11.7557 5
    endloop
  endfacet
  facet normal 0 0 -1
    outer loop
      vertex -15.1193 -12.998 5
      vertex -19.8819 -1.5 5
      vertex -15.1193 12.998 5
    endloop
  endfacet
  facet normal 0 0 -1
    outer loop
      vertex -15.1193 -12.998 5
      vertex -17.8201 -9.07981 5
      vertex -19.8819 -1.5 5
    endloop
  endfacet
  facet normal 0 0 -1
    outer loop
      vertex -19.8819 1.5 5
      vertex -15.1193 12.998 5
      vertex -19.8819 -1.5 5
    endloop
  endfacet
  facet normal 0 0 -1
    outer loop
      vertex -19.8819 -1.5 5
      vertex -17.8201 -9.07981 5
      vertex -19.0211 -6.18034 5
    endloop
  endfacet
  facet normal 0 -0 -1
    outer loop
      vertex -17.8201 9.07981 5
      vertex -15.1193 12.998 5
      vertex -19.8819 1.5 5
    endloop
  endfacet
  facet normal 0 0 -1
    outer loop
      vertex -19.8819 -1.5 5
      vertex -19.0211 -6.18034 5
      vertex -19.7538 -3.12869 5
    endloop
  endfacet
  facet normal 0 0 -1
    outer loop
      vertex -15.1193 12.998 5
      vertex -17.8201 9.07981 5
      vertex -16.1803 11.7557 5
    endloop
  endfacet
  facet normal 0 0 -1
    outer loop
      vertex -17.8201 9.07981 5
      vertex -19.8819 1.5 5
      vertex -19.0211 6.18034 5
    endloop
  endfacet
  facet normal 0 0 -1
    outer loop
      vertex -19.0211 6.18034 5
      vertex -19.8819 1.5 5
      vertex -19.7538 3.12869 5
    endloop
  endfacet
  facet normal 0 0 -1
    outer loop
      vertex -22 -1.5 5
      vertex -19.8819 1.5 5
      vertex -19.8819 -1.5 5
    endloop
  endfacet
  facet normal -0 0 -1
    outer loop
      vertex -19.8819 1.5 5
      vertex -22 -1.5 5
      vertex -22 1.5 5
    endloop
  endfacet
  facet normal 0 0 -1
    outer loop
      vertex -6.18034 -19.0211 5
      vertex -1.5 -19.8819 5
      vertex -3.12869 -19.7538 5
    endloop
  endfacet
  facet normal 0 0 -1
    outer loop
      vertex -12.998 -15.1193 5
      vertex -1.5 -19.8819 5
      vertex -6.18034 -19.0211 5
    endloop
  endfacet
  facet normal 0 0 -1
    outer loop
      vertex -1.5 -19.8819 5
      vertex -12.998 -15.1193 5
      vertex -1.5 19.8819 5
    endloop
  endfacet
  facet normal 0 0 -1
    outer loop
      vertex -1.5 19.8819 5
      vertex -6.18034 19.0211 5
      vertex -3.12869 19.7538 5
    endloop
  endfacet
  facet normal 0 0 -1
    outer loop
      vertex -12.998 -15.1193 5
      vertex -6.18034 -19.0211 5
      vertex -9.07981 -17.8201 5
    endloop
  endfacet
  facet normal 0 0 -1
    outer loop
      vertex -12.998 15.1193 5
      vertex -1.5 19.8819 5
      vertex -12.998 -15.1193 5
    endloop
  endfacet
  facet normal 0 0 -1
    outer loop
      vertex -12.998 -15.1193 5
      vertex -9.07981 -17.8201 5
      vertex -11.7557 -16.1803 5
    endloop
  endfacet
  facet normal 0 0 -1
    outer loop
      vertex -1.5 19.8819 5
      vertex -12.998 15.1193 5
      vertex -6.18034 19.0211 5
    endloop
  endfacet
  facet normal 0 0 -1
    outer loop
      vertex -6.18034 19.0211 5
      vertex -12.998 15.1193 5
      vertex -9.07981 17.8201 5
    endloop
  endfacet
  facet normal 0 0 -1
    outer loop
      vertex -9.07981 17.8201 5
      vertex -12.998 15.1193 5
      vertex -11.7557 16.1803 5
    endloop
  endfacet
  facet normal 0 0 -1
    outer loop
      vertex -15.1193 -12.998 5
      vertex -12.998 -15.1193 5
      vertex -14.4957 -16.617 5
    endloop
  endfacet
  facet normal 0 0 -1
    outer loop
      vertex -12.998 -15.1193 5
      vertex -15.1193 -12.998 5
      vertex -12.998 15.1193 5
    endloop
  endfacet
  facet normal 0 0 -1
    outer loop
      vertex -15.1193 12.998 5
      vertex -12.998 15.1193 5
      vertex -15.1193 -12.998 5
    endloop
  endfacet
  facet normal 0 -0 -1
    outer loop
      vertex -15.1193 -12.998 5
      vertex -14.4957 -16.617 5
      vertex -16.617 -14.4957 5
    endloop
  endfacet
  facet normal 0 0 -1
    outer loop
      vertex -1.5 -19.8819 5
      vertex 1.5 -19.8819 5
      vertex 1.5 -22 5
    endloop
  endfacet
  facet normal 0 0 -1
    outer loop
      vertex 1.5 -19.8819 5
      vertex -1.5 -19.8819 5
      vertex 1.5 19.8819 5
    endloop
  endfacet
  facet normal 0 0 -1
    outer loop
      vertex -1.5 -19.8819 5
      vertex 1.5 -22 5
      vertex -1.5 -22 5
    endloop
  endfacet
  facet normal 0 0 -1
    outer loop
      vertex -1.5 19.8819 5
      vertex 1.5 19.8819 5
      vertex -1.5 -19.8819 5
    endloop
  endfacet
  facet normal 0 0 -1
    outer loop
      vertex 1.5 19.8819 5
      vertex -1.5 19.8819 5
      vertex 1.5 22 5
    endloop
  endfacet
  facet normal -0 0 -1
    outer loop
      vertex 1.5 22 5
      vertex -1.5 19.8819 5
      vertex -1.5 22 5
    endloop
  endfacet
  facet normal -0 0 -1
    outer loop
      vertex -12.998 15.1193 5
      vertex -15.1193 12.998 5
      vertex -14.4957 16.617 5
    endloop
  endfacet
  facet normal 0 0 -1
    outer loop
      vertex -14.4957 16.617 5
      vertex -15.1193 12.998 5
      vertex -16.617 14.4957 5
    endloop
  endfacet
  facet normal 0 1 -0
    outer loop
      vertex 22 1.5 24.7661
      vertex 19.8819 1.5 45
      vertex 22 1.5 45
    endloop
  endfacet
  facet normal 0 1 0
    outer loop
      vertex 19.8819 1.5 45
      vertex 22 1.5 24.7661
      vertex 19.8819 1.5 24.7661
    endloop
  endfacet
  facet normal 0 1 -0
    outer loop
      vertex 22 1.5 5
      vertex 19.8819 1.5 15.2339
      vertex 22 1.5 15.2339
    endloop
  endfacet
  facet normal 0 1 0
    outer loop
      vertex 19.8819 1.5 15.2339
      vertex 22 1.5 5
      vertex 19.8819 1.5 5
    endloop
  endfacet
  facet normal 0 -1 0
    outer loop
      vertex 19.8819 -1.5 24.7661
      vertex 22 -1.5 45
      vertex 19.8819 -1.5 45
    endloop
  endfacet
  facet normal 0 -1 -0
    outer loop
      vertex 22 -1.5 45
      vertex 19.8819 -1.5 24.7661
      vertex 22 -1.5 24.7661
    endloop
  endfacet
  facet normal 0 -1 0
    outer loop
      vertex 19.8819 -1.5 5
      vertex 22 -1.5 15.2339
      vertex 19.8819 -1.5 15.2339
    endloop
  endfacet
  facet normal 0 -1 -0
    outer loop
      vertex 22 -1.5 15.2339
      vertex 19.8819 -1.5 5
      vertex 22 -1.5 5
    endloop
  endfacet
  facet normal -0.707107 0.707107 0
    outer loop
      vertex 14.4957 16.617 5
      vertex 12.998 15.1193 45
      vertex 14.4957 16.617 45
    endloop
  endfacet
  facet normal -0.707107 0.707107 0
    outer loop
      vertex 12.998 15.1193 45
      vertex 14.4957 16.617 5
      vertex 12.998 15.1193 5
    endloop
  endfacet
  facet normal 0.707107 -0.707107 0
    outer loop
      vertex 15.1193 12.998 45
      vertex 16.617 14.4957 5
      vertex 16.617 14.4957 45
    endloop
  endfacet
  facet normal 0.707107 -0.707107 0
    outer loop
      vertex 16.617 14.4957 5
      vertex 15.1193 12.998 45
      vertex 15.1193 12.998 5
    endloop
  endfacet
  facet normal 0.707107 0.707107 0
    outer loop
      vertex 16.617 14.4957 45
      vertex 14.4957 16.617 5
      vertex 14.4957 16.617 45
    endloop
  endfacet
  facet normal 0.707107 0.707107 0
    outer loop
      vertex 14.4957 16.617 5
      vertex 16.617 14.4957 45
      vertex 16.617 14.4957 5
    endloop
  endfacet
  facet normal -1 0 0
    outer loop
      vertex -1.5 19.8819 5
      vertex -1.5 22 45
      vertex -1.5 22 5
    endloop
  endfacet
  facet normal -1 -0 0
    outer loop
      vertex -1.5 22 45
      vertex -1.5 19.8819 5
      vertex -1.5 19.8819 45
    endloop
  endfacet
  facet normal 1 -0 0
    outer loop
      vertex 1.5 19.8819 45
      vertex 1.5 22 5
      vertex 1.5 22 45
    endloop
  endfacet
  facet normal 1 0 0
    outer loop
      vertex 1.5 22 5
      vertex 1.5 19.8819 45
      vertex 1.5 19.8819 5
    endloop
  endfacet
  facet normal 0 1 -0
    outer loop
      vertex 1.5 22 5
      vertex -1.5 22 45
      vertex 1.5 22 45
    endloop
  endfacet
  facet normal 0 1 0
    outer loop
      vertex -1.5 22 45
      vertex 1.5 22 5
      vertex -1.5 22 5
    endloop
  endfacet
  facet normal -0.707107 0.707107 0
    outer loop
      vertex -16.617 14.4957 5
      vertex -14.4957 16.617 45
      vertex -14.4957 16.617 5
    endloop
  endfacet
  facet normal -0.707107 0.707107 0
    outer loop
      vertex -14.4957 16.617 45
      vertex -16.617 14.4957 5
      vertex -16.617 14.4957 45
    endloop
  endfacet
  facet normal 0.707107 0.707107 -0
    outer loop
      vertex -12.998 15.1193 5
      vertex -14.4957 16.617 45
      vertex -12.998 15.1193 45
    endloop
  endfacet
  facet normal 0.707107 0.707107 0
    outer loop
      vertex -14.4957 16.617 45
      vertex -12.998 15.1193 5
      vertex -14.4957 16.617 5
    endloop
  endfacet
  facet normal -0.707107 -0.707107 0
    outer loop
      vertex -15.1193 12.998 5
      vertex -16.617 14.4957 45
      vertex -16.617 14.4957 5
    endloop
  endfacet
  facet normal -0.707107 -0.707107 0
    outer loop
      vertex -16.617 14.4957 45
      vertex -15.1193 12.998 5
      vertex -15.1193 12.998 45
    endloop
  endfacet
  facet normal 0 -1 0
    outer loop
      vertex -22 -1.5 24.7661
      vertex -19.8819 -1.5 45
      vertex -22 -1.5 45
    endloop
  endfacet
  facet normal 0 -1 -0
    outer loop
      vertex -19.8819 -1.5 45
      vertex -22 -1.5 24.7661
      vertex -19.8819 -1.5 24.7661
    endloop
  endfacet
  facet normal 0 -1 0
    outer loop
      vertex -22 -1.5 5
      vertex -19.8819 -1.5 15.2339
      vertex -22 -1.5 15.2339
    endloop
  endfacet
  facet normal 0 -1 -0
    outer loop
      vertex -19.8819 -1.5 15.2339
      vertex -22 -1.5 5
      vertex -19.8819 -1.5 5
    endloop
  endfacet
  facet normal 0 1 -0
    outer loop
      vertex -19.8819 1.5 24.7661
      vertex -22 1.5 45
      vertex -19.8819 1.5 45
    endloop
  endfacet
  facet normal 0 1 0
    outer loop
      vertex -22 1.5 45
      vertex -19.8819 1.5 24.7661
      vertex -22 1.5 24.7661
    endloop
  endfacet
  facet normal 0 1 -0
    outer loop
      vertex -19.8819 1.5 5
      vertex -22 1.5 15.2339
      vertex -19.8819 1.5 15.2339
    endloop
  endfacet
  facet normal 0 1 0
    outer loop
      vertex -22 1.5 15.2339
      vertex -19.8819 1.5 5
      vertex -22 1.5 5
    endloop
  endfacet
  facet normal -1 0 0
    outer loop
      vertex -22 0.782172 24.9384
      vertex -22 1.5 45
      vertex -22 1.5 24.7661
    endloop
  endfacet
  facet normal -1 0 0
    outer loop
      vertex -22 0 25
      vertex -22 1.5 45
      vertex -22 0.782172 24.9384
    endloop
  endfacet
  facet normal -1 0 0
    outer loop
      vertex -22 -1.5 45
      vertex -22 0 25
      vertex -22 -0.782172 24.9384
    endloop
  endfacet
  facet normal -1 0 0
    outer loop
      vertex -22 -1.5 45
      vertex -22 -0.782172 24.9384
      vertex -22 -1.5 24.7661
    endloop
  endfacet
  facet normal -1 0 0
    outer loop
      vertex -22 0 25
      vertex -22 -1.5 45
      vertex -22 1.5 45
    endloop
  endfacet
  facet normal -1 0 0
    outer loop
      vertex -22 1.5 5
      vertex -22 0.782172 15.0616
      vertex -22 1.5 15.2339
    endloop
  endfacet
  facet normal -1 0 0
    outer loop
      vertex -22 1.5 5
      vertex -22 0 15
      vertex -22 0.782172 15.0616
    endloop
  endfacet
  facet normal -1 0 0
    outer loop
      vertex -22 -1.5 5
      vertex -22 0 15
      vertex -22 1.5 5
    endloop
  endfacet
  facet normal -1 -0 0
    outer loop
      vertex -22 0 15
      vertex -22 -1.5 5
      vertex -22 -0.782172 15.0616
    endloop
  endfacet
  facet normal -1 -0 0
    outer loop
      vertex -22 -0.782172 15.0616
      vertex -22 -1.5 5
      vertex -22 -1.5 15.2339
    endloop
  endfacet
  facet normal -0.707107 -0.707107 0
    outer loop
      vertex -14.4957 -16.617 5
      vertex -16.617 -14.4957 45
      vertex -16.617 -14.4957 5
    endloop
  endfacet
  facet normal -0.707107 -0.707107 0
    outer loop
      vertex -16.617 -14.4957 45
      vertex -14.4957 -16.617 5
      vertex -14.4957 -16.617 45
    endloop
  endfacet
  facet normal 0.707107 -0.707107 0
    outer loop
      vertex -14.4957 -16.617 5
      vertex -12.998 -15.1193 45
      vertex -14.4957 -16.617 45
    endloop
  endfacet
  facet normal 0.707107 -0.707107 0
    outer loop
      vertex -12.998 -15.1193 45
      vertex -14.4957 -16.617 5
      vertex -12.998 -15.1193 5
    endloop
  endfacet
  facet normal -0.707107 0.707107 0
    outer loop
      vertex -16.617 -14.4957 5
      vertex -15.1193 -12.998 45
      vertex -15.1193 -12.998 5
    endloop
  endfacet
  facet normal -0.707107 0.707107 0
    outer loop
      vertex -15.1193 -12.998 45
      vertex -16.617 -14.4957 5
      vertex -16.617 -14.4957 45
    endloop
  endfacet
  facet normal 0 -1 0
    outer loop
      vertex -1.5 -22 5
      vertex 1.5 -22 45
      vertex -1.5 -22 45
    endloop
  endfacet
  facet normal 0 -1 -0
    outer loop
      vertex 1.5 -22 45
      vertex -1.5 -22 5
      vertex 1.5 -22 5
    endloop
  endfacet
  facet normal 1 -0 0
    outer loop
      vertex 1.5 -22 45
      vertex 1.5 -19.8819 5
      vertex 1.5 -19.8819 45
    endloop
  endfacet
  facet normal 1 0 0
    outer loop
      vertex 1.5 -19.8819 5
      vertex 1.5 -22 45
      vertex 1.5 -22 5
    endloop
  endfacet
  facet normal -1 0 0
    outer loop
      vertex -1.5 -22 5
      vertex -1.5 -19.8819 45
      vertex -1.5 -19.8819 5
    endloop
  endfacet
  facet normal -1 -0 0
    outer loop
      vertex -1.5 -19.8819 45
      vertex -1.5 -22 5
      vertex -1.5 -22 45
    endloop
  endfacet
  facet normal 0.707107 -0.707107 0
    outer loop
      vertex 14.4957 -16.617 45
      vertex 16.617 -14.4957 5
      vertex 16.617 -14.4957 45
    endloop
  endfacet
  facet normal 0.707107 -0.707107 0
    outer loop
      vertex 16.617 -14.4957 5
      vertex 14.4957 -16.617 45
      vertex 14.4957 -16.617 5
    endloop
  endfacet
  facet normal 0.707107 0.707107 0
    outer loop
      vertex 16.617 -14.4957 45
      vertex 15.1193 -12.998 5
      vertex 15.1193 -12.998 45
    endloop
  endfacet
  facet normal 0.707107 0.707107 0
    outer loop
      vertex 15.1193 -12.998 5
      vertex 16.617 -14.4957 45
      vertex 16.617 -14.4957 5
    endloop
  endfacet
  facet normal -0.707107 -0.707107 0
    outer loop
      vertex 12.998 -15.1193 5
      vertex 14.4957 -16.617 45
      vertex 12.998 -15.1193 45
    endloop
  endfacet
  facet normal -0.707107 -0.707107 -0
    outer loop
      vertex 14.4957 -16.617 45
      vertex 12.998 -15.1193 5
      vertex 14.4957 -16.617 5
    endloop
  endfacet
  facet normal 1 -0 0
    outer loop
      vertex 75 28 17
      vertex 75 29 1
      vertex 75 29 17
    endloop
  endfacet
  facet normal 1 0 0
    outer loop
      vertex 75 29 1
      vertex 75 28 17
      vertex 75 28 1
    endloop
  endfacet
  facet normal -0 0 1
    outer loop
      vertex 27 29 17
      vertex 75 28 17
      vertex 75 29 17
    endloop
  endfacet
  facet normal 0 0 1
    outer loop
      vertex 75 28 17
      vertex 27 29 17
      vertex 27 28 17
    endloop
  endfacet
  facet normal 0 0 -1
    outer loop
      vertex 27 28 1
      vertex 75 29 1
      vertex 75 28 1
    endloop
  endfacet
  facet normal -0 0 -1
    outer loop
      vertex 75 29 1
      vertex 27 28 1
      vertex 27 29 1
    endloop
  endfacet
  facet normal -1 0 0
    outer loop
      vertex 27 28 1
      vertex 27 29 17
      vertex 27 29 1
    endloop
  endfacet
  facet normal -1 -0 0
    outer loop
      vertex 27 29 17
      vertex 27 28 1
      vertex 27 28 17
    endloop
  endfacet
  facet normal 0 1 -0
    outer loop
      vertex 75 29 1
      vertex 27 29 17
      vertex 75 29 17
    endloop
  endfacet
  facet normal 0 1 0
    outer loop
      vertex 27 29 17
      vertex 75 29 1
      vertex 27 29 1
    endloop
  endfacet
  facet normal 0 -0.233453 -0.972368
    outer loop
      vertex 22 -5.92705 27.1468
      vertex 25 -5.4693 27.0369
      vertex 25 -5.92705 27.1468
    endloop
  endfacet
  facet normal -0 -0.233453 -0.972368
    outer loop
      vertex 25 -5.4693 27.0369
      vertex 22 -5.92705 27.1468
      vertex 22 -5.4693 27.0369
    endloop
  endfacet
  facet normal 0 0.382775 -0.923842
    outer loop
      vertex 22 -4.07295 27.1468
      vertex 25 -3.63803 27.327
      vertex 25 -4.07295 27.1468
    endloop
  endfacet
  facet normal 0 0.382775 -0.923842
    outer loop
      vertex 25 -3.63803 27.327
      vertex 22 -4.07295 27.1468
      vertex 22 -3.63803 27.327
    endloop
  endfacet
  facet normal 0 -0.972379 -0.233409
    outer loop
      vertex 22 -7.85317 29.0729
      vertex 25 -7.96306 29.5307
      vertex 22 -7.96306 29.5307
    endloop
  endfacet
  facet normal 0 -0.972379 -0.233409
    outer loop
      vertex 25 -7.96306 29.5307
      vertex 22 -7.85317 29.0729
      vertex 25 -7.85317 29.0729
    endloop
  endfacet
  facet normal 0 0.923873 -0.382699
    outer loop
      vertex 25 -2.32698 28.638
      vertex 22 -2.14683 29.0729
      vertex 25 -2.14683 29.0729
    endloop
  endfacet
  facet normal 0 0.923873 -0.382699
    outer loop
      vertex 22 -2.14683 29.0729
      vertex 25 -2.32698 28.638
      vertex 22 -2.32698 28.638
    endloop
  endfacet
  facet normal 0 0.852648 0.522486
    outer loop
      vertex 25 -2.32698 31.362
      vertex 22 -2.57295 31.7634
      vertex 25 -2.57295 31.7634
    endloop
  endfacet
  facet normal 0 0.852648 0.522486
    outer loop
      vertex 22 -2.57295 31.7634
      vertex 25 -2.32698 31.362
      vertex 22 -2.32698 31.362
    endloop
  endfacet
  facet normal 0 0.0783858 -0.996923
    outer loop
      vertex 22 -5 27
      vertex 25 -4.5307 27.0369
      vertex 25 -5 27
    endloop
  endfacet
  facet normal 0 0.0783858 -0.996923
    outer loop
      vertex 25 -4.5307 27.0369
      vertex 22 -5 27
      vertex 22 -4.5307 27.0369
    endloop
  endfacet
  facet normal 0 -0.382775 -0.923842
    outer loop
      vertex 22 -6.36197 27.327
      vertex 25 -5.92705 27.1468
      vertex 25 -6.36197 27.327
    endloop
  endfacet
  facet normal -0 -0.382775 -0.923842
    outer loop
      vertex 25 -5.92705 27.1468
      vertex 22 -6.36197 27.327
      vertex 22 -5.92705 27.1468
    endloop
  endfacet
  facet normal 0 -0.233453 0.972368
    outer loop
      vertex 22 -5.4693 32.9631
      vertex 25 -5.92705 32.8532
      vertex 25 -5.4693 32.9631
    endloop
  endfacet
  facet normal 0 -0.233453 0.972368
    outer loop
      vertex 25 -5.92705 32.8532
      vertex 22 -5.4693 32.9631
      vertex 22 -5.92705 32.8532
    endloop
  endfacet
  facet normal 0 -0.522387 -0.852708
    outer loop
      vertex 22 -6.76336 27.5729
      vertex 25 -6.36197 27.327
      vertex 25 -6.76336 27.5729
    endloop
  endfacet
  facet normal -0 -0.522387 -0.852708
    outer loop
      vertex 25 -6.36197 27.327
      vertex 22 -6.76336 27.5729
      vertex 22 -6.36197 27.327
    endloop
  endfacet
  facet normal 0 -0.923873 -0.382699
    outer loop
      vertex 22 -7.67302 28.638
      vertex 25 -7.85317 29.0729
      vertex 22 -7.85317 29.0729
    endloop
  endfacet
  facet normal 0 -0.923873 -0.382699
    outer loop
      vertex 25 -7.85317 29.0729
      vertex 22 -7.67302 28.638
      vertex 25 -7.67302 28.638
    endloop
  endfacet
  facet normal 0 0.996918 -0.0784491
    outer loop
      vertex 25 -2.03693 29.5307
      vertex 22 -2 30
      vertex 25 -2 30
    endloop
  endfacet
  facet normal 0 0.996918 -0.0784491
    outer loop
      vertex 22 -2 30
      vertex 25 -2.03693 29.5307
      vertex 22 -2.03693 29.5307
    endloop
  endfacet
  facet normal 0 0.649538 -0.760329
    outer loop
      vertex 22 -3.23664 27.5729
      vertex 25 -2.87868 27.8787
      vertex 25 -3.23664 27.5729
    endloop
  endfacet
  facet normal 0 0.649538 -0.760329
    outer loop
      vertex 25 -2.87868 27.8787
      vertex 22 -3.23664 27.5729
      vertex 22 -2.87868 27.8787
    endloop
  endfacet
  facet normal 0 -0.972379 0.233409
    outer loop
      vertex 22 -7.96306 30.4693
      vertex 25 -7.85317 30.9271
      vertex 22 -7.85317 30.9271
    endloop
  endfacet
  facet normal 0 -0.972379 0.233409
    outer loop
      vertex 25 -7.85317 30.9271
      vertex 22 -7.96306 30.4693
      vertex 25 -7.96306 30.4693
    endloop
  endfacet
  facet normal 0 0.233453 -0.972368
    outer loop
      vertex 22 -4.5307 27.0369
      vertex 25 -4.07295 27.1468
      vertex 25 -4.5307 27.0369
    endloop
  endfacet
  facet normal 0 0.233453 -0.972368
    outer loop
      vertex 25 -4.07295 27.1468
      vertex 22 -4.5307 27.0369
      vertex 22 -4.07295 27.1468
    endloop
  endfacet
  facet normal -0 0.0783858 0.996923
    outer loop
      vertex 22 -4.5307 32.9631
      vertex 25 -5 33
      vertex 25 -4.5307 32.9631
    endloop
  endfacet
  facet normal 0 0.0783858 0.996923
    outer loop
      vertex 25 -5 33
      vertex 22 -4.5307 32.9631
      vertex 22 -5 33
    endloop
  endfacet
  facet normal 0 0.522387 -0.852708
    outer loop
      vertex 22 -3.63803 27.327
      vertex 25 -3.23664 27.5729
      vertex 25 -3.63803 27.327
    endloop
  endfacet
  facet normal 0 0.522387 -0.852708
    outer loop
      vertex 25 -3.23664 27.5729
      vertex 22 -3.63803 27.327
      vertex 22 -3.23664 27.5729
    endloop
  endfacet
  facet normal 0 0.996918 0.0784491
    outer loop
      vertex 25 -2 30
      vertex 22 -2.03693 30.4693
      vertex 25 -2.03693 30.4693
    endloop
  endfacet
  facet normal 0 0.996918 0.0784491
    outer loop
      vertex 22 -2.03693 30.4693
      vertex 25 -2 30
      vertex 22 -2 30
    endloop
  endfacet
  facet normal 0 -0.852648 -0.522486
    outer loop
      vertex 22 -7.42705 28.2366
      vertex 25 -7.67302 28.638
      vertex 22 -7.67302 28.638
    endloop
  endfacet
  facet normal 0 -0.852648 -0.522486
    outer loop
      vertex 25 -7.67302 28.638
      vertex 22 -7.42705 28.2366
      vertex 25 -7.42705 28.2366
    endloop
  endfacet
  facet normal -0 0.382775 0.923842
    outer loop
      vertex 22 -3.63803 32.673
      vertex 25 -4.07295 32.8532
      vertex 25 -3.63803 32.673
    endloop
  endfacet
  facet normal 0 0.382775 0.923842
    outer loop
      vertex 25 -4.07295 32.8532
      vertex 22 -3.63803 32.673
      vertex 22 -4.07295 32.8532
    endloop
  endfacet
  facet normal 0 -0.0783858 -0.996923
    outer loop
      vertex 22 -5.4693 27.0369
      vertex 25 -5 27
      vertex 25 -5.4693 27.0369
    endloop
  endfacet
  facet normal -0 -0.0783858 -0.996923
    outer loop
      vertex 25 -5 27
      vertex 22 -5.4693 27.0369
      vertex 22 -5 27
    endloop
  endfacet
  facet normal 0 0.852648 -0.522486
    outer loop
      vertex 25 -2.57295 28.2366
      vertex 22 -2.32698 28.638
      vertex 25 -2.32698 28.638
    endloop
  endfacet
  facet normal 0 0.852648 -0.522486
    outer loop
      vertex 22 -2.32698 28.638
      vertex 25 -2.57295 28.2366
      vertex 22 -2.57295 28.2366
    endloop
  endfacet
  facet normal -0 0.233453 0.972368
    outer loop
      vertex 22 -4.07295 32.8532
      vertex 25 -4.5307 32.9631
      vertex 25 -4.07295 32.8532
    endloop
  endfacet
  facet normal 0 0.233453 0.972368
    outer loop
      vertex 25 -4.5307 32.9631
      vertex 22 -4.07295 32.8532
      vertex 22 -4.5307 32.9631
    endloop
  endfacet
  facet normal 0 -0.996916 0.0784703
    outer loop
      vertex 22 -8 30
      vertex 25 -7.96306 30.4693
      vertex 22 -7.96306 30.4693
    endloop
  endfacet
  facet normal 0 -0.996916 0.0784703
    outer loop
      vertex 25 -7.96306 30.4693
      vertex 22 -8 30
      vertex 25 -8 30
    endloop
  endfacet
  facet normal 0 0.923873 0.382699
    outer loop
      vertex 25 -2.14683 30.9271
      vertex 22 -2.32698 31.362
      vertex 25 -2.32698 31.362
    endloop
  endfacet
  facet normal 0 0.923873 0.382699
    outer loop
      vertex 22 -2.32698 31.362
      vertex 25 -2.14683 30.9271
      vertex 22 -2.14683 30.9271
    endloop
  endfacet
  facet normal 0 0.972374 0.233429
    outer loop
      vertex 25 -2.03693 30.4693
      vertex 22 -2.14683 30.9271
      vertex 25 -2.14683 30.9271
    endloop
  endfacet
  facet normal 0 0.972374 0.233429
    outer loop
      vertex 22 -2.14683 30.9271
      vertex 25 -2.03693 30.4693
      vertex 22 -2.03693 30.4693
    endloop
  endfacet
  facet normal 0 -0.522387 0.852708
    outer loop
      vertex 22 -6.36197 32.673
      vertex 25 -6.76336 32.4271
      vertex 25 -6.36197 32.673
    endloop
  endfacet
  facet normal 0 -0.522387 0.852708
    outer loop
      vertex 25 -6.76336 32.4271
      vertex 22 -6.36197 32.673
      vertex 22 -6.76336 32.4271
    endloop
  endfacet
  facet normal 0 0.760349 -0.649515
    outer loop
      vertex 25 -2.87868 27.8787
      vertex 22 -2.57295 28.2366
      vertex 25 -2.57295 28.2366
    endloop
  endfacet
  facet normal 0 0.760349 -0.649515
    outer loop
      vertex 22 -2.57295 28.2366
      vertex 25 -2.87868 27.8787
      vertex 22 -2.87868 27.8787
    endloop
  endfacet
  facet normal 0 -0.996916 -0.0784703
    outer loop
      vertex 22 -7.96306 29.5307
      vertex 25 -8 30
      vertex 22 -8 30
    endloop
  endfacet
  facet normal 0 -0.996916 -0.0784703
    outer loop
      vertex 25 -8 30
      vertex 22 -7.96306 29.5307
      vertex 25 -7.96306 29.5307
    endloop
  endfacet
  facet normal 0 -0.382775 0.923842
    outer loop
      vertex 22 -5.92705 32.8532
      vertex 25 -6.36197 32.673
      vertex 25 -5.92705 32.8532
    endloop
  endfacet
  facet normal 0 -0.382775 0.923842
    outer loop
      vertex 25 -6.36197 32.673
      vertex 22 -5.92705 32.8532
      vertex 22 -6.36197 32.673
    endloop
  endfacet
  facet normal 0 -0.649538 0.760329
    outer loop
      vertex 22 -6.76336 32.4271
      vertex 25 -7.12132 32.1213
      vertex 25 -6.76336 32.4271
    endloop
  endfacet
  facet normal 0 -0.649538 0.760329
    outer loop
      vertex 25 -7.12132 32.1213
      vertex 22 -6.76336 32.4271
      vertex 22 -7.12132 32.1213
    endloop
  endfacet
  facet normal 0 -0.0783858 0.996923
    outer loop
      vertex 22 -5 33
      vertex 25 -5.4693 32.9631
      vertex 25 -5 33
    endloop
  endfacet
  facet normal 0 -0.0783858 0.996923
    outer loop
      vertex 25 -5.4693 32.9631
      vertex 22 -5 33
      vertex 22 -5.4693 32.9631
    endloop
  endfacet
  facet normal 0 -0.923873 0.382699
    outer loop
      vertex 22 -7.85317 30.9271
      vertex 25 -7.67302 31.362
      vertex 22 -7.67302 31.362
    endloop
  endfacet
  facet normal 0 -0.923873 0.382699
    outer loop
      vertex 25 -7.67302 31.362
      vertex 22 -7.85317 30.9271
      vertex 25 -7.85317 30.9271
    endloop
  endfacet
  facet normal -0 0.649538 0.760329
    outer loop
      vertex 22 -2.87868 32.1213
      vertex 25 -3.23664 32.4271
      vertex 25 -2.87868 32.1213
    endloop
  endfacet
  facet normal 0 0.649538 0.760329
    outer loop
      vertex 25 -3.23664 32.4271
      vertex 22 -2.87868 32.1213
      vertex 22 -3.23664 32.4271
    endloop
  endfacet
  facet normal -0 0.522387 0.852708
    outer loop
      vertex 22 -3.23664 32.4271
      vertex 25 -3.63803 32.673
      vertex 25 -3.23664 32.4271
    endloop
  endfacet
  facet normal 0 0.522387 0.852708
    outer loop
      vertex 25 -3.63803 32.673
      vertex 22 -3.23664 32.4271
      vertex 22 -3.63803 32.673
    endloop
  endfacet
  facet normal 0 0.760349 0.649515
    outer loop
      vertex 25 -2.57295 31.7634
      vertex 22 -2.87868 32.1213
      vertex 25 -2.87868 32.1213
    endloop
  endfacet
  facet normal 0 0.760349 0.649515
    outer loop
      vertex 22 -2.87868 32.1213
      vertex 25 -2.57295 31.7634
      vertex 22 -2.57295 31.7634
    endloop
  endfacet
  facet normal 0 -0.760349 0.649515
    outer loop
      vertex 22 -7.42705 31.7634
      vertex 25 -7.12132 32.1213
      vertex 22 -7.12132 32.1213
    endloop
  endfacet
  facet normal 0 -0.760349 0.649515
    outer loop
      vertex 25 -7.12132 32.1213
      vertex 22 -7.42705 31.7634
      vertex 25 -7.42705 31.7634
    endloop
  endfacet
  facet normal -1 0 0
    outer loop
      vertex 22 -2.03693 29.5307
      vertex 22 -2.03693 30.4693
      vertex 22 -2 30
    endloop
  endfacet
  facet normal -1 0 0
    outer loop
      vertex 22 -2.14683 29.0729
      vertex 22 -2.03693 30.4693
      vertex 22 -2.03693 29.5307
    endloop
  endfacet
  facet normal -1 0 0
    outer loop
      vertex 22 -2.14683 29.0729
      vertex 22 -2.14683 30.9271
      vertex 22 -2.03693 30.4693
    endloop
  endfacet
  facet normal -1 0 0
    outer loop
      vertex 22 -2.32698 28.638
      vertex 22 -2.14683 30.9271
      vertex 22 -2.14683 29.0729
    endloop
  endfacet
  facet normal -1 0 0
    outer loop
      vertex 22 -2.32698 28.638
      vertex 22 -2.32698 31.362
      vertex 22 -2.14683 30.9271
    endloop
  endfacet
  facet normal -1 0 0
    outer loop
      vertex 22 -2.57295 28.2366
      vertex 22 -2.32698 31.362
      vertex 22 -2.32698 28.638
    endloop
  endfacet
  facet normal -1 0 0
    outer loop
      vertex 22 -2.57295 28.2366
      vertex 22 -2.57295 31.7634
      vertex 22 -2.32698 31.362
    endloop
  endfacet
  facet normal -1 0 0
    outer loop
      vertex 22 -2.87868 27.8787
      vertex 22 -2.57295 31.7634
      vertex 22 -2.57295 28.2366
    endloop
  endfacet
  facet normal -1 0 0
    outer loop
      vertex 22 -2.87868 27.8787
      vertex 22 -2.87868 32.1213
      vertex 22 -2.57295 31.7634
    endloop
  endfacet
  facet normal -1 0 0
    outer loop
      vertex 22 -3.23664 27.5729
      vertex 22 -2.87868 32.1213
      vertex 22 -2.87868 27.8787
    endloop
  endfacet
  facet normal -1 0 0
    outer loop
      vertex 22 -3.23664 27.5729
      vertex 22 -3.23664 32.4271
      vertex 22 -2.87868 32.1213
    endloop
  endfacet
  facet normal -1 0 0
    outer loop
      vertex 22 -3.63803 27.327
      vertex 22 -3.23664 32.4271
      vertex 22 -3.23664 27.5729
    endloop
  endfacet
  facet normal -1 0 0
    outer loop
      vertex 22 -3.63803 27.327
      vertex 22 -3.63803 32.673
      vertex 22 -3.23664 32.4271
    endloop
  endfacet
  facet normal -1 0 0
    outer loop
      vertex 22 -4.07295 27.1468
      vertex 22 -3.63803 32.673
      vertex 22 -3.63803 27.327
    endloop
  endfacet
  facet normal -1 0 0
    outer loop
      vertex 22 -4.07295 27.1468
      vertex 22 -4.07295 32.8532
      vertex 22 -3.63803 32.673
    endloop
  endfacet
  facet normal -1 0 0
    outer loop
      vertex 22 -4.5307 27.0369
      vertex 22 -4.07295 32.8532
      vertex 22 -4.07295 27.1468
    endloop
  endfacet
  facet normal -1 0 0
    outer loop
      vertex 22 -4.5307 27.0369
      vertex 22 -4.5307 32.9631
      vertex 22 -4.07295 32.8532
    endloop
  endfacet
  facet normal -1 0 0
    outer loop
      vertex 22 -5 27
      vertex 22 -4.5307 32.9631
      vertex 22 -4.5307 27.0369
    endloop
  endfacet
  facet normal -1 0 0
    outer loop
      vertex 22 -5 27
      vertex 22 -5 33
      vertex 22 -4.5307 32.9631
    endloop
  endfacet
  facet normal -1 0 0
    outer loop
      vertex 22 -5.4693 27.0369
      vertex 22 -5 33
      vertex 22 -5 27
    endloop
  endfacet
  facet normal -1 0 0
    outer loop
      vertex 22 -5.4693 27.0369
      vertex 22 -5.4693 32.9631
      vertex 22 -5 33
    endloop
  endfacet
  facet normal -1 0 0
    outer loop
      vertex 22 -5.92705 27.1468
      vertex 22 -5.4693 32.9631
      vertex 22 -5.4693 27.0369
    endloop
  endfacet
  facet normal -1 0 0
    outer loop
      vertex 22 -5.92705 27.1468
      vertex 22 -5.92705 32.8532
      vertex 22 -5.4693 32.9631
    endloop
  endfacet
  facet normal -1 0 0
    outer loop
      vertex 22 -6.36197 27.327
      vertex 22 -5.92705 32.8532
      vertex 22 -5.92705 27.1468
    endloop
  endfacet
  facet normal -1 0 0
    outer loop
      vertex 22 -6.36197 27.327
      vertex 22 -6.36197 32.673
      vertex 22 -5.92705 32.8532
    endloop
  endfacet
  facet normal -1 0 0
    outer loop
      vertex 22 -6.76336 27.5729
      vertex 22 -6.36197 32.673
      vertex 22 -6.36197 27.327
    endloop
  endfacet
  facet normal -1 0 0
    outer loop
      vertex 22 -6.76336 27.5729
      vertex 22 -6.76336 32.4271
      vertex 22 -6.36197 32.673
    endloop
  endfacet
  facet normal -1 0 0
    outer loop
      vertex 22 -7.12132 27.8787
      vertex 22 -6.76336 32.4271
      vertex 22 -6.76336 27.5729
    endloop
  endfacet
  facet normal -1 0 0
    outer loop
      vertex 22 -7.12132 27.8787
      vertex 22 -7.12132 32.1213
      vertex 22 -6.76336 32.4271
    endloop
  endfacet
  facet normal -1 0 0
    outer loop
      vertex 22 -7.42705 28.2366
      vertex 22 -7.12132 32.1213
      vertex 22 -7.12132 27.8787
    endloop
  endfacet
  facet normal -1 0 0
    outer loop
      vertex 22 -7.42705 28.2366
      vertex 22 -7.42705 31.7634
      vertex 22 -7.12132 32.1213
    endloop
  endfacet
  facet normal -1 0 0
    outer loop
      vertex 22 -7.67302 28.638
      vertex 22 -7.42705 31.7634
      vertex 22 -7.42705 28.2366
    endloop
  endfacet
  facet normal -1 0 0
    outer loop
      vertex 22 -7.67302 28.638
      vertex 22 -7.67302 31.362
      vertex 22 -7.42705 31.7634
    endloop
  endfacet
  facet normal -1 0 0
    outer loop
      vertex 22 -7.85317 29.0729
      vertex 22 -7.67302 31.362
      vertex 22 -7.67302 28.638
    endloop
  endfacet
  facet normal -1 0 0
    outer loop
      vertex 22 -7.85317 29.0729
      vertex 22 -7.85317 30.9271
      vertex 22 -7.67302 31.362
    endloop
  endfacet
  facet normal -1 0 0
    outer loop
      vertex 22 -7.96306 29.5307
      vertex 22 -7.85317 30.9271
      vertex 22 -7.85317 29.0729
    endloop
  endfacet
  facet normal -1 0 0
    outer loop
      vertex 22 -7.96306 29.5307
      vertex 22 -7.96306 30.4693
      vertex 22 -7.85317 30.9271
    endloop
  endfacet
  facet normal -1 0 -0
    outer loop
      vertex 22 -7.96306 30.4693
      vertex 22 -7.96306 29.5307
      vertex 22 -8 30
    endloop
  endfacet
  facet normal 0 -0.852648 0.522486
    outer loop
      vertex 22 -7.67302 31.362
      vertex 25 -7.42705 31.7634
      vertex 22 -7.42705 31.7634
    endloop
  endfacet
  facet normal 0 -0.852648 0.522486
    outer loop
      vertex 25 -7.42705 31.7634
      vertex 22 -7.67302 31.362
      vertex 25 -7.67302 31.362
    endloop
  endfacet
  facet normal 0 0.972374 -0.233429
    outer loop
      vertex 25 -2.14683 29.0729
      vertex 22 -2.03693 29.5307
      vertex 25 -2.03693 29.5307
    endloop
  endfacet
  facet normal 0 0.972374 -0.233429
    outer loop
      vertex 22 -2.03693 29.5307
      vertex 25 -2.14683 29.0729
      vertex 22 -2.14683 29.0729
    endloop
  endfacet
  facet normal 0 -0.760349 -0.649515
    outer loop
      vertex 22 -7.12132 27.8787
      vertex 25 -7.42705 28.2366
      vertex 22 -7.42705 28.2366
    endloop
  endfacet
  facet normal 0 -0.760349 -0.649515
    outer loop
      vertex 25 -7.42705 28.2366
      vertex 22 -7.12132 27.8787
      vertex 25 -7.12132 27.8787
    endloop
  endfacet
  facet normal 0 -0.649538 -0.760329
    outer loop
      vertex 22 -7.12132 27.8787
      vertex 25 -6.76336 27.5729
      vertex 25 -7.12132 27.8787
    endloop
  endfacet
  facet normal -0 -0.649538 -0.760329
    outer loop
      vertex 25 -6.76336 27.5729
      vertex 22 -7.12132 27.8787
      vertex 22 -6.76336 27.5729
    endloop
  endfacet
  facet normal 0 -0.923873 -0.382699
    outer loop
      vertex 22 2.32698 28.638
      vertex 42 2.14683 29.0729
      vertex 22 2.14683 29.0729
    endloop
  endfacet
  facet normal 0 -0.923873 -0.382699
    outer loop
      vertex 42 2.14683 29.0729
      vertex 22 2.32698 28.638
      vertex 42 2.32698 28.638
    endloop
  endfacet
  facet normal 0 -0.233453 0.972368
    outer loop
      vertex 22 4.5307 32.9631
      vertex 42 4.07295 32.8532
      vertex 42 4.5307 32.9631
    endloop
  endfacet
  facet normal 0 -0.233453 0.972368
    outer loop
      vertex 42 4.07295 32.8532
      vertex 22 4.5307 32.9631
      vertex 22 4.07295 32.8532
    endloop
  endfacet
  facet normal 0 0.382775 -0.923842
    outer loop
      vertex 22 5.92705 27.1468
      vertex 42 6.36197 27.327
      vertex 42 5.92705 27.1468
    endloop
  endfacet
  facet normal 0 0.382775 -0.923842
    outer loop
      vertex 42 6.36197 27.327
      vertex 22 5.92705 27.1468
      vertex 22 6.36197 27.327
    endloop
  endfacet
  facet normal 0 0.923873 -0.382699
    outer loop
      vertex 42 7.67302 28.638
      vertex 22 7.85317 29.0729
      vertex 42 7.85317 29.0729
    endloop
  endfacet
  facet normal 0 0.923873 -0.382699
    outer loop
      vertex 22 7.85317 29.0729
      vertex 42 7.67302 28.638
      vertex 22 7.67302 28.638
    endloop
  endfacet
  facet normal -1 0 0
    outer loop
      vertex 22 7.96306 29.5307
      vertex 22 7.96306 30.4693
      vertex 22 8 30
    endloop
  endfacet
  facet normal -1 0 0
    outer loop
      vertex 22 7.85317 29.0729
      vertex 22 7.96306 30.4693
      vertex 22 7.96306 29.5307
    endloop
  endfacet
  facet normal -1 0 0
    outer loop
      vertex 22 7.85317 29.0729
      vertex 22 7.85317 30.9271
      vertex 22 7.96306 30.4693
    endloop
  endfacet
  facet normal -1 0 0
    outer loop
      vertex 22 7.67302 28.638
      vertex 22 7.85317 30.9271
      vertex 22 7.85317 29.0729
    endloop
  endfacet
  facet normal -1 0 0
    outer loop
      vertex 22 7.67302 28.638
      vertex 22 7.67302 31.362
      vertex 22 7.85317 30.9271
    endloop
  endfacet
  facet normal -1 0 0
    outer loop
      vertex 22 7.42705 28.2366
      vertex 22 7.67302 31.362
      vertex 22 7.67302 28.638
    endloop
  endfacet
  facet normal -1 0 0
    outer loop
      vertex 22 7.42705 28.2366
      vertex 22 7.42705 31.7634
      vertex 22 7.67302 31.362
    endloop
  endfacet
  facet normal -1 0 0
    outer loop
      vertex 22 7.12132 27.8787
      vertex 22 7.42705 31.7634
      vertex 22 7.42705 28.2366
    endloop
  endfacet
  facet normal -1 0 0
    outer loop
      vertex 22 7.12132 27.8787
      vertex 22 7.12132 32.1213
      vertex 22 7.42705 31.7634
    endloop
  endfacet
  facet normal -1 0 0
    outer loop
      vertex 22 6.76336 27.5729
      vertex 22 7.12132 32.1213
      vertex 22 7.12132 27.8787
    endloop
  endfacet
  facet normal -1 0 0
    outer loop
      vertex 22 6.76336 27.5729
      vertex 22 6.76336 32.4271
      vertex 22 7.12132 32.1213
    endloop
  endfacet
  facet normal -1 0 0
    outer loop
      vertex 22 6.36197 27.327
      vertex 22 6.76336 32.4271
      vertex 22 6.76336 27.5729
    endloop
  endfacet
  facet normal -1 0 0
    outer loop
      vertex 22 6.36197 27.327
      vertex 22 6.36197 32.673
      vertex 22 6.76336 32.4271
    endloop
  endfacet
  facet normal -1 0 0
    outer loop
      vertex 22 5.92705 27.1468
      vertex 22 6.36197 32.673
      vertex 22 6.36197 27.327
    endloop
  endfacet
  facet normal -1 0 0
    outer loop
      vertex 22 5.92705 27.1468
      vertex 22 5.92705 32.8532
      vertex 22 6.36197 32.673
    endloop
  endfacet
  facet normal -1 0 0
    outer loop
      vertex 22 5.4693 27.0369
      vertex 22 5.92705 32.8532
      vertex 22 5.92705 27.1468
    endloop
  endfacet
  facet normal -1 0 0
    outer loop
      vertex 22 5.4693 27.0369
      vertex 22 5.4693 32.9631
      vertex 22 5.92705 32.8532
    endloop
  endfacet
  facet normal -1 0 0
    outer loop
      vertex 22 5 27
      vertex 22 5.4693 32.9631
      vertex 22 5.4693 27.0369
    endloop
  endfacet
  facet normal -1 0 0
    outer loop
      vertex 22 5 27
      vertex 22 5 33
      vertex 22 5.4693 32.9631
    endloop
  endfacet
  facet normal -1 0 0
    outer loop
      vertex 22 4.5307 27.0369
      vertex 22 5 33
      vertex 22 5 27
    endloop
  endfacet
  facet normal -1 0 0
    outer loop
      vertex 22 4.5307 27.0369
      vertex 22 4.5307 32.9631
      vertex 22 5 33
    endloop
  endfacet
  facet normal -1 0 0
    outer loop
      vertex 22 4.07295 27.1468
      vertex 22 4.5307 32.9631
      vertex 22 4.5307 27.0369
    endloop
  endfacet
  facet normal -1 0 0
    outer loop
      vertex 22 4.07295 27.1468
      vertex 22 4.07295 32.8532
      vertex 22 4.5307 32.9631
    endloop
  endfacet
  facet normal -1 0 0
    outer loop
      vertex 22 3.63803 27.327
      vertex 22 4.07295 32.8532
      vertex 22 4.07295 27.1468
    endloop
  endfacet
  facet normal -1 0 0
    outer loop
      vertex 22 3.63803 27.327
      vertex 22 3.63803 32.673
      vertex 22 4.07295 32.8532
    endloop
  endfacet
  facet normal -1 0 0
    outer loop
      vertex 22 3.23664 27.5729
      vertex 22 3.63803 32.673
      vertex 22 3.63803 27.327
    endloop
  endfacet
  facet normal -1 0 0
    outer loop
      vertex 22 3.23664 27.5729
      vertex 22 3.23664 32.4271
      vertex 22 3.63803 32.673
    endloop
  endfacet
  facet normal -1 0 0
    outer loop
      vertex 22 2.87868 27.8787
      vertex 22 3.23664 32.4271
      vertex 22 3.23664 27.5729
    endloop
  endfacet
  facet normal -1 0 0
    outer loop
      vertex 22 2.87868 27.8787
      vertex 22 2.87868 32.1213
      vertex 22 3.23664 32.4271
    endloop
  endfacet
  facet normal -1 0 0
    outer loop
      vertex 22 2.57295 28.2366
      vertex 22 2.87868 32.1213
      vertex 22 2.87868 27.8787
    endloop
  endfacet
  facet normal -1 0 0
    outer loop
      vertex 22 2.57295 28.2366
      vertex 22 2.57295 31.7634
      vertex 22 2.87868 32.1213
    endloop
  endfacet
  facet normal -1 0 0
    outer loop
      vertex 22 2.32698 28.638
      vertex 22 2.57295 31.7634
      vertex 22 2.57295 28.2366
    endloop
  endfacet
  facet normal -1 0 0
    outer loop
      vertex 22 2.32698 28.638
      vertex 22 2.32698 31.362
      vertex 22 2.57295 31.7634
    endloop
  endfacet
  facet normal -1 0 0
    outer loop
      vertex 22 2.14683 29.0729
      vertex 22 2.32698 31.362
      vertex 22 2.32698 28.638
    endloop
  endfacet
  facet normal -1 0 0
    outer loop
      vertex 22 2.14683 29.0729
      vertex 22 2.14683 30.9271
      vertex 22 2.32698 31.362
    endloop
  endfacet
  facet normal -1 0 0
    outer loop
      vertex 22 2.03693 29.5307
      vertex 22 2.14683 30.9271
      vertex 22 2.14683 29.0729
    endloop
  endfacet
  facet normal -1 0 0
    outer loop
      vertex 22 2.03693 29.5307
      vertex 22 2.03693 30.4693
      vertex 22 2.14683 30.9271
    endloop
  endfacet
  facet normal -1 0 -0
    outer loop
      vertex 22 2.03693 30.4693
      vertex 22 2.03693 29.5307
      vertex 22 2 30
    endloop
  endfacet
  facet normal 0 0.760349 -0.649515
    outer loop
      vertex 42 7.12132 27.8787
      vertex 22 7.42705 28.2366
      vertex 42 7.42705 28.2366
    endloop
  endfacet
  facet normal 0 0.760349 -0.649515
    outer loop
      vertex 22 7.42705 28.2366
      vertex 42 7.12132 27.8787
      vertex 22 7.12132 27.8787
    endloop
  endfacet
  facet normal 0 0.0783858 -0.996923
    outer loop
      vertex 22 5 27
      vertex 42 5.4693 27.0369
      vertex 42 5 27
    endloop
  endfacet
  facet normal 0 0.0783858 -0.996923
    outer loop
      vertex 42 5.4693 27.0369
      vertex 22 5 27
      vertex 22 5.4693 27.0369
    endloop
  endfacet
  facet normal 0 0.996916 0.0784703
    outer loop
      vertex 42 8 30
      vertex 22 7.96306 30.4693
      vertex 42 7.96306 30.4693
    endloop
  endfacet
  facet normal 0 0.996916 0.0784703
    outer loop
      vertex 22 7.96306 30.4693
      vertex 42 8 30
      vertex 22 8 30
    endloop
  endfacet
  facet normal 0 0.522387 -0.852708
    outer loop
      vertex 22 6.36197 27.327
      vertex 42 6.76336 27.5729
      vertex 42 6.36197 27.327
    endloop
  endfacet
  facet normal 0 0.522387 -0.852708
    outer loop
      vertex 42 6.76336 27.5729
      vertex 22 6.36197 27.327
      vertex 22 6.76336 27.5729
    endloop
  endfacet
  facet normal 0 -0.760349 0.649515
    outer loop
      vertex 22 2.57295 31.7634
      vertex 42 2.87868 32.1213
      vertex 22 2.87868 32.1213
    endloop
  endfacet
  facet normal 0 -0.760349 0.649515
    outer loop
      vertex 42 2.87868 32.1213
      vertex 22 2.57295 31.7634
      vertex 42 2.57295 31.7634
    endloop
  endfacet
  facet normal 0 -0.0783858 -0.996923
    outer loop
      vertex 22 4.5307 27.0369
      vertex 42 5 27
      vertex 42 4.5307 27.0369
    endloop
  endfacet
  facet normal -0 -0.0783858 -0.996923
    outer loop
      vertex 42 5 27
      vertex 22 4.5307 27.0369
      vertex 22 5 27
    endloop
  endfacet
  facet normal 0 -0.382775 -0.923842
    outer loop
      vertex 22 3.63803 27.327
      vertex 42 4.07295 27.1468
      vertex 42 3.63803 27.327
    endloop
  endfacet
  facet normal -0 -0.382775 -0.923842
    outer loop
      vertex 42 4.07295 27.1468
      vertex 22 3.63803 27.327
      vertex 22 4.07295 27.1468
    endloop
  endfacet
  facet normal 0 0.852648 0.522486
    outer loop
      vertex 42 7.67302 31.362
      vertex 22 7.42705 31.7634
      vertex 42 7.42705 31.7634
    endloop
  endfacet
  facet normal 0 0.852648 0.522486
    outer loop
      vertex 22 7.42705 31.7634
      vertex 42 7.67302 31.362
      vertex 22 7.67302 31.362
    endloop
  endfacet
  facet normal -0 0.649538 0.760329
    outer loop
      vertex 22 7.12132 32.1213
      vertex 42 6.76336 32.4271
      vertex 42 7.12132 32.1213
    endloop
  endfacet
  facet normal 0 0.649538 0.760329
    outer loop
      vertex 42 6.76336 32.4271
      vertex 22 7.12132 32.1213
      vertex 22 6.76336 32.4271
    endloop
  endfacet
  facet normal 0 0.233453 -0.972368
    outer loop
      vertex 22 5.4693 27.0369
      vertex 42 5.92705 27.1468
      vertex 42 5.4693 27.0369
    endloop
  endfacet
  facet normal 0 0.233453 -0.972368
    outer loop
      vertex 42 5.92705 27.1468
      vertex 22 5.4693 27.0369
      vertex 22 5.92705 27.1468
    endloop
  endfacet
  facet normal -0 0.382775 0.923842
    outer loop
      vertex 22 6.36197 32.673
      vertex 42 5.92705 32.8532
      vertex 42 6.36197 32.673
    endloop
  endfacet
  facet normal 0 0.382775 0.923842
    outer loop
      vertex 42 5.92705 32.8532
      vertex 22 6.36197 32.673
      vertex 22 5.92705 32.8532
    endloop
  endfacet
  facet normal 0 -0.0783858 0.996923
    outer loop
      vertex 22 5 33
      vertex 42 4.5307 32.9631
      vertex 42 5 33
    endloop
  endfacet
  facet normal 0 -0.0783858 0.996923
    outer loop
      vertex 42 4.5307 32.9631
      vertex 22 5 33
      vertex 22 4.5307 32.9631
    endloop
  endfacet
  facet normal 0 -0.522387 0.852708
    outer loop
      vertex 22 3.63803 32.673
      vertex 42 3.23664 32.4271
      vertex 42 3.63803 32.673
    endloop
  endfacet
  facet normal 0 -0.522387 0.852708
    outer loop
      vertex 42 3.23664 32.4271
      vertex 22 3.63803 32.673
      vertex 22 3.23664 32.4271
    endloop
  endfacet
  facet normal 0 -0.522387 -0.852708
    outer loop
      vertex 22 3.23664 27.5729
      vertex 42 3.63803 27.327
      vertex 42 3.23664 27.5729
    endloop
  endfacet
  facet normal -0 -0.522387 -0.852708
    outer loop
      vertex 42 3.63803 27.327
      vertex 22 3.23664 27.5729
      vertex 22 3.63803 27.327
    endloop
  endfacet
  facet normal 0 -0.649538 0.760329
    outer loop
      vertex 22 3.23664 32.4271
      vertex 42 2.87868 32.1213
      vertex 42 3.23664 32.4271
    endloop
  endfacet
  facet normal 0 -0.649538 0.760329
    outer loop
      vertex 42 2.87868 32.1213
      vertex 22 3.23664 32.4271
      vertex 22 2.87868 32.1213
    endloop
  endfacet
  facet normal 0 0.760349 0.649515
    outer loop
      vertex 42 7.42705 31.7634
      vertex 22 7.12132 32.1213
      vertex 42 7.12132 32.1213
    endloop
  endfacet
  facet normal 0 0.760349 0.649515
    outer loop
      vertex 22 7.12132 32.1213
      vertex 42 7.42705 31.7634
      vertex 22 7.42705 31.7634
    endloop
  endfacet
  facet normal 0 -0.972374 -0.233429
    outer loop
      vertex 22 2.14683 29.0729
      vertex 42 2.03693 29.5307
      vertex 22 2.03693 29.5307
    endloop
  endfacet
  facet normal 0 -0.972374 -0.233429
    outer loop
      vertex 42 2.03693 29.5307
      vertex 22 2.14683 29.0729
      vertex 42 2.14683 29.0729
    endloop
  endfacet
  facet normal 0 0.996916 -0.0784703
    outer loop
      vertex 42 7.96306 29.5307
      vertex 22 8 30
      vertex 42 8 30
    endloop
  endfacet
  facet normal 0 0.996916 -0.0784703
    outer loop
      vertex 22 8 30
      vertex 42 7.96306 29.5307
      vertex 22 7.96306 29.5307
    endloop
  endfacet
  facet normal -0 0.0783858 0.996923
    outer loop
      vertex 22 5.4693 32.9631
      vertex 42 5 33
      vertex 42 5.4693 32.9631
    endloop
  endfacet
  facet normal 0 0.0783858 0.996923
    outer loop
      vertex 42 5 33
      vertex 22 5.4693 32.9631
      vertex 22 5 33
    endloop
  endfacet
  facet normal 0 -0.852648 0.522486
    outer loop
      vertex 22 2.32698 31.362
      vertex 42 2.57295 31.7634
      vertex 22 2.57295 31.7634
    endloop
  endfacet
  facet normal 0 -0.852648 0.522486
    outer loop
      vertex 42 2.57295 31.7634
      vertex 22 2.32698 31.362
      vertex 42 2.32698 31.362
    endloop
  endfacet
  facet normal 0 -0.852648 -0.522486
    outer loop
      vertex 22 2.57295 28.2366
      vertex 42 2.32698 28.638
      vertex 22 2.32698 28.638
    endloop
  endfacet
  facet normal 0 -0.852648 -0.522486
    outer loop
      vertex 42 2.32698 28.638
      vertex 22 2.57295 28.2366
      vertex 42 2.57295 28.2366
    endloop
  endfacet
  facet normal 0 0.852648 -0.522486
    outer loop
      vertex 42 7.42705 28.2366
      vertex 22 7.67302 28.638
      vertex 42 7.67302 28.638
    endloop
  endfacet
  facet normal 0 0.852648 -0.522486
    outer loop
      vertex 22 7.67302 28.638
      vertex 42 7.42705 28.2366
      vertex 22 7.42705 28.2366
    endloop
  endfacet
  facet normal 0 0.923873 0.382699
    outer loop
      vertex 42 7.85317 30.9271
      vertex 22 7.67302 31.362
      vertex 42 7.67302 31.362
    endloop
  endfacet
  facet normal 0 0.923873 0.382699
    outer loop
      vertex 22 7.67302 31.362
      vertex 42 7.85317 30.9271
      vertex 22 7.85317 30.9271
    endloop
  endfacet
  facet normal 0 -0.760349 -0.649515
    outer loop
      vertex 22 2.87868 27.8787
      vertex 42 2.57295 28.2366
      vertex 22 2.57295 28.2366
    endloop
  endfacet
  facet normal 0 -0.760349 -0.649515
    outer loop
      vertex 42 2.57295 28.2366
      vertex 22 2.87868 27.8787
      vertex 42 2.87868 27.8787
    endloop
  endfacet
  facet normal 0 -0.233453 -0.972368
    outer loop
      vertex 22 4.07295 27.1468
      vertex 42 4.5307 27.0369
      vertex 42 4.07295 27.1468
    endloop
  endfacet
  facet normal -0 -0.233453 -0.972368
    outer loop
      vertex 42 4.5307 27.0369
      vertex 22 4.07295 27.1468
      vertex 22 4.5307 27.0369
    endloop
  endfacet
  facet normal 0 0.972379 -0.233409
    outer loop
      vertex 42 7.85317 29.0729
      vertex 22 7.96306 29.5307
      vertex 42 7.96306 29.5307
    endloop
  endfacet
  facet normal 0 0.972379 -0.233409
    outer loop
      vertex 22 7.96306 29.5307
      vertex 42 7.85317 29.0729
      vertex 22 7.85317 29.0729
    endloop
  endfacet
  facet normal 0 -0.996918 -0.0784491
    outer loop
      vertex 22 2.03693 29.5307
      vertex 25 2 30
      vertex 22 2 30
    endloop
  endfacet
  facet normal -0 -0.996918 -0.0784491
    outer loop
      vertex 42 2.03693 29.5307
      vertex 25 2 30
      vertex 22 2.03693 29.5307
    endloop
  endfacet
  facet normal 0 -0.996918 -0.0784491
    outer loop
      vertex 25 2 30
      vertex 42 2.03693 29.5307
      vertex 42 2 30
    endloop
  endfacet
  facet normal 0 0.649538 -0.760329
    outer loop
      vertex 22 6.76336 27.5729
      vertex 42 7.12132 27.8787
      vertex 42 6.76336 27.5729
    endloop
  endfacet
  facet normal 0 0.649538 -0.760329
    outer loop
      vertex 42 7.12132 27.8787
      vertex 22 6.76336 27.5729
      vertex 22 7.12132 27.8787
    endloop
  endfacet
  facet normal 0 0.972379 0.233409
    outer loop
      vertex 42 7.96306 30.4693
      vertex 22 7.85317 30.9271
      vertex 42 7.85317 30.9271
    endloop
  endfacet
  facet normal 0 0.972379 0.233409
    outer loop
      vertex 22 7.85317 30.9271
      vertex 42 7.96306 30.4693
      vertex 22 7.96306 30.4693
    endloop
  endfacet
  facet normal 0 -0.382775 0.923842
    outer loop
      vertex 22 4.07295 32.8532
      vertex 42 3.63803 32.673
      vertex 42 4.07295 32.8532
    endloop
  endfacet
  facet normal 0 -0.382775 0.923842
    outer loop
      vertex 42 3.63803 32.673
      vertex 22 4.07295 32.8532
      vertex 22 3.63803 32.673
    endloop
  endfacet
  facet normal -0 0.233453 0.972368
    outer loop
      vertex 22 5.92705 32.8532
      vertex 42 5.4693 32.9631
      vertex 42 5.92705 32.8532
    endloop
  endfacet
  facet normal 0 0.233453 0.972368
    outer loop
      vertex 42 5.4693 32.9631
      vertex 22 5.92705 32.8532
      vertex 22 5.4693 32.9631
    endloop
  endfacet
  facet normal 0 -0.649538 -0.760329
    outer loop
      vertex 22 2.87868 27.8787
      vertex 42 3.23664 27.5729
      vertex 42 2.87868 27.8787
    endloop
  endfacet
  facet normal -0 -0.649538 -0.760329
    outer loop
      vertex 42 3.23664 27.5729
      vertex 22 2.87868 27.8787
      vertex 22 3.23664 27.5729
    endloop
  endfacet
  facet normal 0 -0.972374 0.233429
    outer loop
      vertex 22 2.03693 30.4693
      vertex 42 2.14683 30.9271
      vertex 22 2.14683 30.9271
    endloop
  endfacet
  facet normal 0 -0.972374 0.233429
    outer loop
      vertex 42 2.14683 30.9271
      vertex 22 2.03693 30.4693
      vertex 42 2.03693 30.4693
    endloop
  endfacet
  facet normal -0 0.522387 0.852708
    outer loop
      vertex 22 6.76336 32.4271
      vertex 42 6.36197 32.673
      vertex 42 6.76336 32.4271
    endloop
  endfacet
  facet normal 0 0.522387 0.852708
    outer loop
      vertex 42 6.36197 32.673
      vertex 22 6.76336 32.4271
      vertex 22 6.36197 32.673
    endloop
  endfacet
  facet normal 1 0 0
    outer loop
      vertex 42 7.96306 30.4693
      vertex 42 7.96306 29.5307
      vertex 42 8 30
    endloop
  endfacet
  facet normal 1 0 0
    outer loop
      vertex 42 7.85317 30.9271
      vertex 42 7.96306 29.5307
      vertex 42 7.96306 30.4693
    endloop
  endfacet
  facet normal 1 0 0
    outer loop
      vertex 42 7.85317 30.9271
      vertex 42 7.85317 29.0729
      vertex 42 7.96306 29.5307
    endloop
  endfacet
  facet normal 1 0 0
    outer loop
      vertex 42 7.67302 31.362
      vertex 42 7.85317 29.0729
      vertex 42 7.85317 30.9271
    endloop
  endfacet
  facet normal 1 0 0
    outer loop
      vertex 42 7.67302 31.362
      vertex 42 7.67302 28.638
      vertex 42 7.85317 29.0729
    endloop
  endfacet
  facet normal 1 0 0
    outer loop
      vertex 42 7.42705 31.7634
      vertex 42 7.67302 28.638
      vertex 42 7.67302 31.362
    endloop
  endfacet
  facet normal 1 0 0
    outer loop
      vertex 42 7.42705 31.7634
      vertex 42 7.42705 28.2366
      vertex 42 7.67302 28.638
    endloop
  endfacet
  facet normal 1 0 0
    outer loop
      vertex 42 7.12132 32.1213
      vertex 42 7.42705 28.2366
      vertex 42 7.42705 31.7634
    endloop
  endfacet
  facet normal 1 0 0
    outer loop
      vertex 42 7.12132 32.1213
      vertex 42 7.12132 27.8787
      vertex 42 7.42705 28.2366
    endloop
  endfacet
  facet normal 1 0 0
    outer loop
      vertex 42 6.76336 32.4271
      vertex 42 7.12132 27.8787
      vertex 42 7.12132 32.1213
    endloop
  endfacet
  facet normal 1 0 0
    outer loop
      vertex 42 6.76336 32.4271
      vertex 42 6.76336 27.5729
      vertex 42 7.12132 27.8787
    endloop
  endfacet
  facet normal 1 0 0
    outer loop
      vertex 42 6.36197 32.673
      vertex 42 6.76336 27.5729
      vertex 42 6.76336 32.4271
    endloop
  endfacet
  facet normal 1 0 0
    outer loop
      vertex 42 6.36197 32.673
      vertex 42 6.36197 27.327
      vertex 42 6.76336 27.5729
    endloop
  endfacet
  facet normal 1 0 0
    outer loop
      vertex 42 5.92705 32.8532
      vertex 42 6.36197 27.327
      vertex 42 6.36197 32.673
    endloop
  endfacet
  facet normal 1 0 0
    outer loop
      vertex 42 5.92705 32.8532
      vertex 42 5.92705 27.1468
      vertex 42 6.36197 27.327
    endloop
  endfacet
  facet normal 1 0 0
    outer loop
      vertex 42 5.4693 32.9631
      vertex 42 5.92705 27.1468
      vertex 42 5.92705 32.8532
    endloop
  endfacet
  facet normal 1 0 0
    outer loop
      vertex 42 5.4693 32.9631
      vertex 42 5.4693 27.0369
      vertex 42 5.92705 27.1468
    endloop
  endfacet
  facet normal 1 0 0
    outer loop
      vertex 42 5 33
      vertex 42 5.4693 27.0369
      vertex 42 5.4693 32.9631
    endloop
  endfacet
  facet normal 1 0 0
    outer loop
      vertex 42 5 33
      vertex 42 5 27
      vertex 42 5.4693 27.0369
    endloop
  endfacet
  facet normal 1 -0 0
    outer loop
      vertex 42 4.5307 32.9631
      vertex 42 5 27
      vertex 42 5 33
    endloop
  endfacet
  facet normal 1 0 0
    outer loop
      vertex 42 4.5307 32.9631
      vertex 42 4.5307 27.0369
      vertex 42 5 27
    endloop
  endfacet
  facet normal 1 -0 0
    outer loop
      vertex 42 4.07295 32.8532
      vertex 42 4.5307 27.0369
      vertex 42 4.5307 32.9631
    endloop
  endfacet
  facet normal 1 0 0
    outer loop
      vertex 42 4.07295 32.8532
      vertex 42 4.07295 27.1468
      vertex 42 4.5307 27.0369
    endloop
  endfacet
  facet normal 1 -0 0
    outer loop
      vertex 42 3.63803 32.673
      vertex 42 4.07295 27.1468
      vertex 42 4.07295 32.8532
    endloop
  endfacet
  facet normal 1 0 0
    outer loop
      vertex 42 3.63803 32.673
      vertex 42 3.63803 27.327
      vertex 42 4.07295 27.1468
    endloop
  endfacet
  facet normal 1 -0 0
    outer loop
      vertex 42 3.23664 32.4271
      vertex 42 3.63803 27.327
      vertex 42 3.63803 32.673
    endloop
  endfacet
  facet normal 1 0 0
    outer loop
      vertex 42 3.23664 32.4271
      vertex 42 3.23664 27.5729
      vertex 42 3.63803 27.327
    endloop
  endfacet
  facet normal 1 -0 0
    outer loop
      vertex 42 2.87868 32.1213
      vertex 42 3.23664 27.5729
      vertex 42 3.23664 32.4271
    endloop
  endfacet
  facet normal 1 0 0
    outer loop
      vertex 42 2.87868 32.1213
      vertex 42 2.87868 27.8787
      vertex 42 3.23664 27.5729
    endloop
  endfacet
  facet normal 1 -0 0
    outer loop
      vertex 42 2.57295 31.7634
      vertex 42 2.87868 27.8787
      vertex 42 2.87868 32.1213
    endloop
  endfacet
  facet normal 1 0 0
    outer loop
      vertex 42 2.57295 31.7634
      vertex 42 2.57295 28.2366
      vertex 42 2.87868 27.8787
    endloop
  endfacet
  facet normal 1 -0 0
    outer loop
      vertex 42 2.32698 31.362
      vertex 42 2.57295 28.2366
      vertex 42 2.57295 31.7634
    endloop
  endfacet
  facet normal 1 0 0
    outer loop
      vertex 42 2.32698 31.362
      vertex 42 2.32698 28.638
      vertex 42 2.57295 28.2366
    endloop
  endfacet
  facet normal 1 -0 0
    outer loop
      vertex 42 2.14683 30.9271
      vertex 42 2.32698 28.638
      vertex 42 2.32698 31.362
    endloop
  endfacet
  facet normal 1 0 0
    outer loop
      vertex 42 2.14683 30.9271
      vertex 42 2.14683 29.0729
      vertex 42 2.32698 28.638
    endloop
  endfacet
  facet normal 1 -0 0
    outer loop
      vertex 42 2.03693 30.4693
      vertex 42 2.14683 29.0729
      vertex 42 2.14683 30.9271
    endloop
  endfacet
  facet normal 1 0 0
    outer loop
      vertex 42 2.03693 30.4693
      vertex 42 2.03693 29.5307
      vertex 42 2.14683 29.0729
    endloop
  endfacet
  facet normal 1 0 -0
    outer loop
      vertex 42 2.03693 29.5307
      vertex 42 2.03693 30.4693
      vertex 42 2 30
    endloop
  endfacet
  facet normal 0 -0.996918 0.0784491
    outer loop
      vertex 25 2 30
      vertex 22 2.03693 30.4693
      vertex 22 2 30
    endloop
  endfacet
  facet normal 0 -0.996918 0.0784491
    outer loop
      vertex 22 2.03693 30.4693
      vertex 25 2 30
      vertex 42 2.03693 30.4693
    endloop
  endfacet
  facet normal 0 -0.996918 0.0784491
    outer loop
      vertex 42 2.03693 30.4693
      vertex 25 2 30
      vertex 42 2 30
    endloop
  endfacet
  facet normal 0 -0.923873 0.382699
    outer loop
      vertex 22 2.14683 30.9271
      vertex 42 2.32698 31.362
      vertex 22 2.32698 31.362
    endloop
  endfacet
  facet normal 0 -0.923873 0.382699
    outer loop
      vertex 42 2.32698 31.362
      vertex 22 2.14683 30.9271
      vertex 42 2.14683 30.9271
    endloop
  endfacet
  facet normal 1 -0 0
    outer loop
      vertex 80 -35 0
      vertex 80 35 -5
      vertex 80 35 0
    endloop
  endfacet
  facet normal 1 0 0
    outer loop
      vertex 80 35 -5
      vertex 80 -35 0
      vertex 80 -35 -5
    endloop
  endfacet
  facet normal 0 0 -1
    outer loop
      vertex -80 -35 -5
      vertex 80 35 -5
      vertex 80 -35 -5
    endloop
  endfacet
  facet normal -0 0 -1
    outer loop
      vertex 80 35 -5
      vertex -80 -35 -5
      vertex -80 35 -5
    endloop
  endfacet
  facet normal -1 0 0
    outer loop
      vertex -80 -35 -5
      vertex -80 35 0
      vertex -80 35 -5
    endloop
  endfacet
  facet normal -1 -0 0
    outer loop
      vertex -80 35 0
      vertex -80 -35 -5
      vertex -80 -35 0
    endloop
  endfacet
  facet normal 0 1 -0
    outer loop
      vertex 80 35 -5
      vertex -80 35 0
      vertex 80 35 0
    endloop
  endfacet
  facet normal 0 1 0
    outer loop
      vertex -80 35 0
      vertex 80 35 -5
      vertex -80 35 -5
    endloop
  endfacet
  facet normal 0 -1 0
    outer loop
      vertex -80 -35 -5
      vertex 80 -35 0
      vertex -80 -35 0
    endloop
  endfacet
  facet normal 0 -1 -0
    outer loop
      vertex 80 -35 0
      vertex -80 -35 -5
      vertex 80 -35 -5
    endloop
  endfacet
  facet normal 0.972365 0.233465 0
    outer loop
      vertex 19.0211 6.18034 45
      vertex 19.3045 5 20
      vertex 19.0211 6.18034 5
    endloop
  endfacet
  facet normal 0.972322 0.233646 -9.05403e-06
    outer loop
      vertex 19.0211 6.18034 45
      vertex 19.3193 4.93844 20.7822
      vertex 19.3045 5 20
    endloop
  endfacet
  facet normal 0.972341 0.233564 -4.56767e-06
    outer loop
      vertex 19.0211 6.18034 45
      vertex 19.3633 4.75528 21.5451
      vertex 19.3193 4.93844 20.7822
    endloop
  endfacet
  facet normal 0.972422 0.233228 1.70067e-05
    outer loop
      vertex 19.0211 6.18034 45
      vertex 19.4353 4.45503 22.27
      vertex 19.3633 4.75528 21.5451
    endloop
  endfacet
  facet normal 0.972332 0.233604 -1.31608e-05
    outer loop
      vertex 19.0211 6.18034 45
      vertex 19.5338 4.04508 22.9389
      vertex 19.4353 4.45503 22.27
    endloop
  endfacet
  facet normal 0.972382 0.233396 8.07943e-06
    outer loop
      vertex 19.0211 6.18034 45
      vertex 19.6561 3.53553 23.5355
      vertex 19.5338 4.04508 22.9389
    endloop
  endfacet
  facet normal 0.972365 0.233465 -0
    outer loop
      vertex 19.7538 3.12869 23.883
      vertex 19.0211 6.18034 45
      vertex 19.7538 3.12869 45
    endloop
  endfacet
  facet normal 0.972357 0.2335 -5.49431e-06
    outer loop
      vertex 19.0211 6.18034 45
      vertex 19.7538 3.12869 23.883
      vertex 19.6561 3.53553 23.5355
    endloop
  endfacet
  facet normal 0.97233 0.23361 1.20724e-05
    outer loop
      vertex 19.3193 4.93844 19.2178
      vertex 19.0211 6.18034 5
      vertex 19.3045 5 20
    endloop
  endfacet
  facet normal 0.972344 0.233554 6.9233e-06
    outer loop
      vertex 19.3633 4.75528 18.4549
      vertex 19.0211 6.18034 5
      vertex 19.3193 4.93844 19.2178
    endloop
  endfacet
  facet normal 0.972417 0.233251 -2.70724e-05
    outer loop
      vertex 19.4353 4.45503 17.73
      vertex 19.0211 6.18034 5
      vertex 19.3633 4.75528 18.4549
    endloop
  endfacet
  facet normal 0.972335 0.233591 2.16271e-05
    outer loop
      vertex 19.5338 4.04508 17.0611
      vertex 19.0211 6.18034 5
      vertex 19.4353 4.45503 17.73
    endloop
  endfacet
  facet normal 0.97238 0.233402 -1.3628e-05
    outer loop
      vertex 19.6561 3.53553 16.4645
      vertex 19.0211 6.18034 5
      vertex 19.5338 4.04508 17.0611
    endloop
  endfacet
  facet normal 0.972357 0.233497 9.49789e-06
    outer loop
      vertex 19.7538 3.12869 16.117
      vertex 19.0211 6.18034 5
      vertex 19.6561 3.53553 16.4645
    endloop
  endfacet
  facet normal 0.972365 0.233465 0
    outer loop
      vertex 19.0211 6.18034 5
      vertex 19.7538 3.12869 16.117
      vertex 19.7538 3.12869 5
    endloop
  endfacet
  facet normal 0.996931 0.0782793 0
    outer loop
      vertex 19.7687 2.93893 15.9549
      vertex 19.7538 3.12869 5
      vertex 19.7538 3.12869 16.117
    endloop
  endfacet
  facet normal 0.996912 0.0785307 4.38128e-06
    outer loop
      vertex 19.8214 2.26995 15.545
      vertex 19.7538 3.12869 5
      vertex 19.7687 2.93893 15.9549
    endloop
  endfacet
  facet normal 0.996922 0.0783955 -6.69087e-06
    outer loop
      vertex 19.8784 1.54508 15.2447
      vertex 19.7538 3.12869 5
      vertex 19.8214 2.26995 15.545
    endloop
  endfacet
  facet normal 0.996997 0.0774436 -0.000154739
    outer loop
      vertex 19.8819 1.5 15.2339
      vertex 19.7538 3.12869 5
      vertex 19.8784 1.54508 15.2447
    endloop
  endfacet
  facet normal 0.996921 0.07841 0
    outer loop
      vertex 19.7538 3.12869 5
      vertex 19.8819 1.5 15.2339
      vertex 19.8819 1.5 5
    endloop
  endfacet
  facet normal 0.996931 0.0782793 0
    outer loop
      vertex 19.7538 3.12869 45
      vertex 19.7687 2.93893 24.0451
      vertex 19.7538 3.12869 23.883
    endloop
  endfacet
  facet normal 0.996912 0.0785319 -2.302e-06
    outer loop
      vertex 19.7538 3.12869 45
      vertex 19.8214 2.26995 24.455
      vertex 19.7687 2.93893 24.0451
    endloop
  endfacet
  facet normal 0.996922 0.0783942 3.48961e-06
    outer loop
      vertex 19.7538 3.12869 45
      vertex 19.8784 1.54508 24.7553
      vertex 19.8214 2.26995 24.455
    endloop
  endfacet
  facet normal 0.996921 0.07841 -0
    outer loop
      vertex 19.8819 1.5 24.7661
      vertex 19.7538 3.12869 45
      vertex 19.8819 1.5 45
    endloop
  endfacet
  facet normal 0.996998 0.0774258 7.97108e-05
    outer loop
      vertex 19.7538 3.12869 45
      vertex 19.8819 1.5 24.7661
      vertex 19.8784 1.54508 24.7553
    endloop
  endfacet
  facet normal 0.92388 0.382683 0
    outer loop
      vertex 19.0211 6.18034 45
      vertex 17.8201 9.07981 5
      vertex 17.8201 9.07981 45
    endloop
  endfacet
  facet normal 0.92388 0.382683 0
    outer loop
      vertex 17.8201 9.07981 5
      vertex 19.0211 6.18034 45
      vertex 19.0211 6.18034 5
    endloop
  endfacet
  facet normal -0.92388 0.382683 0
    outer loop
      vertex -19.0211 6.18034 5
      vertex -17.8201 9.07981 45
      vertex -17.8201 9.07981 5
    endloop
  endfacet
  facet normal -0.92388 0.382683 0
    outer loop
      vertex -17.8201 9.07981 45
      vertex -19.0211 6.18034 5
      vertex -19.0211 6.18034 45
    endloop
  endfacet
  facet normal 0.522501 -0.852638 0
    outer loop
      vertex 9.07981 -17.8201 5
      vertex 11.7557 -16.1803 45
      vertex 9.07981 -17.8201 45
    endloop
  endfacet
  facet normal 0.522501 -0.852638 0
    outer loop
      vertex 11.7557 -16.1803 45
      vertex 9.07981 -17.8201 5
      vertex 11.7557 -16.1803 5
    endloop
  endfacet
  facet normal 0.382683 -0.92388 0
    outer loop
      vertex 6.18034 -19.0211 5
      vertex 9.07981 -17.8201 45
      vertex 6.18034 -19.0211 45
    endloop
  endfacet
  facet normal 0.382683 -0.92388 0
    outer loop
      vertex 9.07981 -17.8201 45
      vertex 6.18034 -19.0211 5
      vertex 9.07981 -17.8201 5
    endloop
  endfacet
  facet normal -0.382683 0.92388 0
    outer loop
      vertex -6.18034 19.0211 5
      vertex -9.07981 17.8201 45
      vertex -6.18034 19.0211 45
    endloop
  endfacet
  facet normal -0.382683 0.92388 0
    outer loop
      vertex -9.07981 17.8201 45
      vertex -6.18034 19.0211 5
      vertex -9.07981 17.8201 5
    endloop
  endfacet
  facet normal -0.522501 0.852638 0
    outer loop
      vertex -9.07981 17.8201 5
      vertex -11.7557 16.1803 45
      vertex -9.07981 17.8201 45
    endloop
  endfacet
  facet normal -0.522501 0.852638 0
    outer loop
      vertex -11.7557 16.1803 45
      vertex -9.07981 17.8201 5
      vertex -11.7557 16.1803 5
    endloop
  endfacet
  facet normal 0.996997 -0.0774436 -0.000154739
    outer loop
      vertex 19.7538 -3.12869 5
      vertex 19.8819 -1.5 15.2339
      vertex 19.8784 -1.54508 15.2447
    endloop
  endfacet
  facet normal 0.996922 -0.0783955 -6.69087e-06
    outer loop
      vertex 19.7538 -3.12869 5
      vertex 19.8784 -1.54508 15.2447
      vertex 19.8214 -2.26995 15.545
    endloop
  endfacet
  facet normal 0.996912 -0.0785307 4.38128e-06
    outer loop
      vertex 19.7538 -3.12869 5
      vertex 19.8214 -2.26995 15.545
      vertex 19.7687 -2.93893 15.9549
    endloop
  endfacet
  facet normal 0.996931 -0.0782793 0
    outer loop
      vertex 19.7538 -3.12869 5
      vertex 19.7687 -2.93893 15.9549
      vertex 19.7538 -3.12869 16.117
    endloop
  endfacet
  facet normal 0.996921 -0.07841 0
    outer loop
      vertex 19.8819 -1.5 15.2339
      vertex 19.7538 -3.12869 5
      vertex 19.8819 -1.5 5
    endloop
  endfacet
  facet normal 0.996921 -0.07841 0
    outer loop
      vertex 19.7538 -3.12869 45
      vertex 19.8819 -1.5 24.7661
      vertex 19.8819 -1.5 45
    endloop
  endfacet
  facet normal 0.996998 -0.0774258 7.97108e-05
    outer loop
      vertex 19.8819 -1.5 24.7661
      vertex 19.7538 -3.12869 45
      vertex 19.8784 -1.54508 24.7553
    endloop
  endfacet
  facet normal 0.996922 -0.0783942 3.48961e-06
    outer loop
      vertex 19.8784 -1.54508 24.7553
      vertex 19.7538 -3.12869 45
      vertex 19.8214 -2.26995 24.455
    endloop
  endfacet
  facet normal 0.996912 -0.0785319 -2.302e-06
    outer loop
      vertex 19.8214 -2.26995 24.455
      vertex 19.7538 -3.12869 45
      vertex 19.7687 -2.93893 24.0451
    endloop
  endfacet
  facet normal 0.996931 -0.0782793 0
    outer loop
      vertex 19.7687 -2.93893 24.0451
      vertex 19.7538 -3.12869 45
      vertex 19.7538 -3.12869 23.883
    endloop
  endfacet
  facet normal 0.92388 -0.382683 0
    outer loop
      vertex 17.8201 -9.07981 45
      vertex 19.0211 -6.18034 5
      vertex 19.0211 -6.18034 45
    endloop
  endfacet
  facet normal 0.92388 -0.382683 0
    outer loop
      vertex 19.0211 -6.18034 5
      vertex 17.8201 -9.07981 45
      vertex 17.8201 -9.07981 5
    endloop
  endfacet
  facet normal -0.07841 0.996921 0
    outer loop
      vertex -1.5 19.8819 5
      vertex -3.12869 19.7538 45
      vertex -1.5 19.8819 45
    endloop
  endfacet
  facet normal -0.07841 0.996921 0
    outer loop
      vertex -3.12869 19.7538 45
      vertex -1.5 19.8819 5
      vertex -3.12869 19.7538 5
    endloop
  endfacet
  facet normal -0.92388 -0.382683 0
    outer loop
      vertex -17.8201 -9.07981 5
      vertex -19.0211 -6.18034 45
      vertex -19.0211 -6.18034 5
    endloop
  endfacet
  facet normal -0.92388 -0.382683 0
    outer loop
      vertex -19.0211 -6.18034 45
      vertex -17.8201 -9.07981 5
      vertex -17.8201 -9.07981 45
    endloop
  endfacet
  facet normal -0.760413 0.649439 0
    outer loop
      vertex -16.1803 11.7557 5
      vertex -15.1193 12.998 45
      vertex -15.1193 12.998 5
    endloop
  endfacet
  facet normal -0.760413 0.649439 0
    outer loop
      vertex -15.1193 12.998 45
      vertex -16.1803 11.7557 5
      vertex -16.1803 11.7557 45
    endloop
  endfacet
  facet normal -0.233465 0.972365 0
    outer loop
      vertex -3.12869 19.7538 5
      vertex -6.18034 19.0211 45
      vertex -3.12869 19.7538 45
    endloop
  endfacet
  facet normal -0.233465 0.972365 0
    outer loop
      vertex -6.18034 19.0211 45
      vertex -3.12869 19.7538 5
      vertex -6.18034 19.0211 5
    endloop
  endfacet
  facet normal -0.233465 -0.972365 0
    outer loop
      vertex -6.18034 -19.0211 5
      vertex -3.12869 -19.7538 45
      vertex -6.18034 -19.0211 45
    endloop
  endfacet
  facet normal -0.233465 -0.972365 -0
    outer loop
      vertex -3.12869 -19.7538 45
      vertex -6.18034 -19.0211 5
      vertex -3.12869 -19.7538 5
    endloop
  endfacet
  facet normal -0.760413 -0.649439 0
    outer loop
      vertex -15.1193 -12.998 5
      vertex -16.1803 -11.7557 45
      vertex -16.1803 -11.7557 5
    endloop
  endfacet
  facet normal -0.760413 -0.649439 0
    outer loop
      vertex -16.1803 -11.7557 45
      vertex -15.1193 -12.998 5
      vertex -15.1193 -12.998 45
    endloop
  endfacet
  facet normal -0.649439 0.760413 0
    outer loop
      vertex -11.7557 16.1803 5
      vertex -12.998 15.1193 45
      vertex -11.7557 16.1803 45
    endloop
  endfacet
  facet normal -0.649439 0.760413 0
    outer loop
      vertex -12.998 15.1193 45
      vertex -11.7557 16.1803 5
      vertex -12.998 15.1193 5
    endloop
  endfacet
  facet normal 0.07841 -0.996921 0
    outer loop
      vertex 1.5 -19.8819 5
      vertex 3.12869 -19.7538 45
      vertex 1.5 -19.8819 45
    endloop
  endfacet
  facet normal 0.07841 -0.996921 0
    outer loop
      vertex 3.12869 -19.7538 45
      vertex 1.5 -19.8819 5
      vertex 3.12869 -19.7538 5
    endloop
  endfacet
  facet normal 0.760413 -0.649439 0
    outer loop
      vertex 15.1193 -12.998 45
      vertex 16.1803 -11.7557 5
      vertex 16.1803 -11.7557 45
    endloop
  endfacet
  facet normal 0.760413 -0.649439 0
    outer loop
      vertex 16.1803 -11.7557 5
      vertex 15.1193 -12.998 45
      vertex 15.1193 -12.998 5
    endloop
  endfacet
  facet normal 0.852638 0.522501 0
    outer loop
      vertex 17.8201 9.07981 45
      vertex 16.1803 11.7557 5
      vertex 16.1803 11.7557 45
    endloop
  endfacet
  facet normal 0.852638 0.522501 0
    outer loop
      vertex 16.1803 11.7557 5
      vertex 17.8201 9.07981 45
      vertex 17.8201 9.07981 5
    endloop
  endfacet
  facet normal -0.972365 -0.233465 0
    outer loop
      vertex -19.0211 -6.18034 5
      vertex -19.7538 -3.12869 16.117
      vertex -19.7538 -3.12869 5
    endloop
  endfacet
  facet normal -0.972357 -0.233497 9.49789e-06
    outer loop
      vertex -19.7538 -3.12869 16.117
      vertex -19.0211 -6.18034 5
      vertex -19.6561 -3.53553 16.4645
    endloop
  endfacet
  facet normal -0.97238 -0.233402 -1.3628e-05
    outer loop
      vertex -19.6561 -3.53553 16.4645
      vertex -19.0211 -6.18034 5
      vertex -19.5338 -4.04508 17.0611
    endloop
  endfacet
  facet normal -0.972335 -0.233591 2.16271e-05
    outer loop
      vertex -19.5338 -4.04508 17.0611
      vertex -19.0211 -6.18034 5
      vertex -19.4353 -4.45503 17.73
    endloop
  endfacet
  facet normal -0.972417 -0.233251 -2.70724e-05
    outer loop
      vertex -19.4353 -4.45503 17.73
      vertex -19.0211 -6.18034 5
      vertex -19.3633 -4.75528 18.4549
    endloop
  endfacet
  facet normal -0.97233 -0.23361 1.20724e-05
    outer loop
      vertex -19.3193 -4.93844 19.2178
      vertex -19.0211 -6.18034 5
      vertex -19.3045 -5 20
    endloop
  endfacet
  facet normal -0.972344 -0.233554 6.9233e-06
    outer loop
      vertex -19.3633 -4.75528 18.4549
      vertex -19.0211 -6.18034 5
      vertex -19.3193 -4.93844 19.2178
    endloop
  endfacet
  facet normal -0.972357 -0.2335 -5.49431e-06
    outer loop
      vertex -19.0211 -6.18034 45
      vertex -19.7538 -3.12869 23.883
      vertex -19.6561 -3.53553 23.5355
    endloop
  endfacet
  facet normal -0.972382 -0.233396 8.07943e-06
    outer loop
      vertex -19.0211 -6.18034 45
      vertex -19.6561 -3.53553 23.5355
      vertex -19.5338 -4.04508 22.9389
    endloop
  endfacet
  facet normal -0.972332 -0.233604 -1.31608e-05
    outer loop
      vertex -19.0211 -6.18034 45
      vertex -19.5338 -4.04508 22.9389
      vertex -19.4353 -4.45503 22.27
    endloop
  endfacet
  facet normal -0.972422 -0.233228 1.70067e-05
    outer loop
      vertex -19.0211 -6.18034 45
      vertex -19.4353 -4.45503 22.27
      vertex -19.3633 -4.75528 21.5451
    endloop
  endfacet
  facet normal -0.972341 -0.233564 -4.56767e-06
    outer loop
      vertex -19.0211 -6.18034 45
      vertex -19.3633 -4.75528 21.5451
      vertex -19.3193 -4.93844 20.7822
    endloop
  endfacet
  facet normal -0.972322 -0.233646 -9.05403e-06
    outer loop
      vertex -19.0211 -6.18034 45
      vertex -19.3193 -4.93844 20.7822
      vertex -19.3045 -5 20
    endloop
  endfacet
  facet normal -0.972365 -0.233465 -0
    outer loop
      vertex -19.0211 -6.18034 45
      vertex -19.3045 -5 20
      vertex -19.0211 -6.18034 5
    endloop
  endfacet
  facet normal -0.972365 -0.233465 0
    outer loop
      vertex -19.7538 -3.12869 23.883
      vertex -19.0211 -6.18034 45
      vertex -19.7538 -3.12869 45
    endloop
  endfacet
  facet normal -0.649439 -0.760413 0
    outer loop
      vertex -12.998 -15.1193 5
      vertex -11.7557 -16.1803 45
      vertex -12.998 -15.1193 45
    endloop
  endfacet
  facet normal -0.649439 -0.760413 -0
    outer loop
      vertex -11.7557 -16.1803 45
      vertex -12.998 -15.1193 5
      vertex -11.7557 -16.1803 5
    endloop
  endfacet
  facet normal 0.522501 0.852638 -0
    outer loop
      vertex 11.7557 16.1803 5
      vertex 9.07981 17.8201 45
      vertex 11.7557 16.1803 45
    endloop
  endfacet
  facet normal 0.522501 0.852638 0
    outer loop
      vertex 9.07981 17.8201 45
      vertex 11.7557 16.1803 5
      vertex 9.07981 17.8201 5
    endloop
  endfacet
  facet normal 0.760413 0.649439 0
    outer loop
      vertex 16.1803 11.7557 45
      vertex 15.1193 12.998 5
      vertex 15.1193 12.998 45
    endloop
  endfacet
  facet normal 0.760413 0.649439 0
    outer loop
      vertex 15.1193 12.998 5
      vertex 16.1803 11.7557 45
      vertex 16.1803 11.7557 5
    endloop
  endfacet
  facet normal -0.996931 0.0782793 0
    outer loop
      vertex -19.7687 2.93893 24.0451
      vertex -19.7538 3.12869 45
      vertex -19.7538 3.12869 23.883
    endloop
  endfacet
  facet normal -0.996912 0.0785319 -2.302e-06
    outer loop
      vertex -19.8214 2.26995 24.455
      vertex -19.7538 3.12869 45
      vertex -19.7687 2.93893 24.0451
    endloop
  endfacet
  facet normal -0.996922 0.0783942 3.48961e-06
    outer loop
      vertex -19.8784 1.54508 24.7553
      vertex -19.7538 3.12869 45
      vertex -19.8214 2.26995 24.455
    endloop
  endfacet
  facet normal -0.996998 0.0774258 7.97108e-05
    outer loop
      vertex -19.8819 1.5 24.7661
      vertex -19.7538 3.12869 45
      vertex -19.8784 1.54508 24.7553
    endloop
  endfacet
  facet normal -0.996921 0.07841 0
    outer loop
      vertex -19.7538 3.12869 45
      vertex -19.8819 1.5 24.7661
      vertex -19.8819 1.5 45
    endloop
  endfacet
  facet normal -0.996931 0.0782793 0
    outer loop
      vertex -19.7538 3.12869 5
      vertex -19.7687 2.93893 15.9549
      vertex -19.7538 3.12869 16.117
    endloop
  endfacet
  facet normal -0.996912 0.0785307 4.38128e-06
    outer loop
      vertex -19.7538 3.12869 5
      vertex -19.8214 2.26995 15.545
      vertex -19.7687 2.93893 15.9549
    endloop
  endfacet
  facet normal -0.996922 0.0783955 -6.69087e-06
    outer loop
      vertex -19.7538 3.12869 5
      vertex -19.8784 1.54508 15.2447
      vertex -19.8214 2.26995 15.545
    endloop
  endfacet
  facet normal -0.996921 0.07841 0
    outer loop
      vertex -19.8819 1.5 15.2339
      vertex -19.7538 3.12869 5
      vertex -19.8819 1.5 5
    endloop
  endfacet
  facet normal -0.996997 0.0774436 -0.000154739
    outer loop
      vertex -19.7538 3.12869 5
      vertex -19.8819 1.5 15.2339
      vertex -19.8784 1.54508 15.2447
    endloop
  endfacet
  facet normal 0.972365 -0.233465 0
    outer loop
      vertex 19.0211 -6.18034 45
      vertex 19.7538 -3.12869 23.883
      vertex 19.7538 -3.12869 45
    endloop
  endfacet
  facet normal 0.972357 -0.2335 -5.49431e-06
    outer loop
      vertex 19.7538 -3.12869 23.883
      vertex 19.0211 -6.18034 45
      vertex 19.6561 -3.53553 23.5355
    endloop
  endfacet
  facet normal 0.972382 -0.233396 8.07943e-06
    outer loop
      vertex 19.6561 -3.53553 23.5355
      vertex 19.0211 -6.18034 45
      vertex 19.5338 -4.04508 22.9389
    endloop
  endfacet
  facet normal 0.972332 -0.233604 -1.31608e-05
    outer loop
      vertex 19.5338 -4.04508 22.9389
      vertex 19.0211 -6.18034 45
      vertex 19.4353 -4.45503 22.27
    endloop
  endfacet
  facet normal 0.972422 -0.233228 1.70067e-05
    outer loop
      vertex 19.4353 -4.45503 22.27
      vertex 19.0211 -6.18034 45
      vertex 19.3633 -4.75528 21.5451
    endloop
  endfacet
  facet normal 0.972341 -0.233564 -4.56767e-06
    outer loop
      vertex 19.3633 -4.75528 21.5451
      vertex 19.0211 -6.18034 45
      vertex 19.3193 -4.93844 20.7822
    endloop
  endfacet
  facet normal 0.972322 -0.233646 -9.05403e-06
    outer loop
      vertex 19.3193 -4.93844 20.7822
      vertex 19.0211 -6.18034 45
      vertex 19.3045 -5 20
    endloop
  endfacet
  facet normal 0.972357 -0.233497 9.49789e-06
    outer loop
      vertex 19.0211 -6.18034 5
      vertex 19.7538 -3.12869 16.117
      vertex 19.6561 -3.53553 16.4645
    endloop
  endfacet
  facet normal 0.97238 -0.233402 -1.3628e-05
    outer loop
      vertex 19.0211 -6.18034 5
      vertex 19.6561 -3.53553 16.4645
      vertex 19.5338 -4.04508 17.0611
    endloop
  endfacet
  facet normal 0.972335 -0.233591 2.16271e-05
    outer loop
      vertex 19.0211 -6.18034 5
      vertex 19.5338 -4.04508 17.0611
      vertex 19.4353 -4.45503 17.73
    endloop
  endfacet
  facet normal 0.972417 -0.233251 -2.70724e-05
    outer loop
      vertex 19.0211 -6.18034 5
      vertex 19.4353 -4.45503 17.73
      vertex 19.3633 -4.75528 18.4549
    endloop
  endfacet
  facet normal 0.972344 -0.233554 6.9233e-06
    outer loop
      vertex 19.0211 -6.18034 5
      vertex 19.3633 -4.75528 18.4549
      vertex 19.3193 -4.93844 19.2178
    endloop
  endfacet
  facet normal 0.972365 -0.233465 0
    outer loop
      vertex 19.7538 -3.12869 16.117
      vertex 19.0211 -6.18034 5
      vertex 19.7538 -3.12869 5
    endloop
  endfacet
  facet normal 0.97233 -0.23361 1.20724e-05
    outer loop
      vertex 19.3045 -5 20
      vertex 19.0211 -6.18034 5
      vertex 19.3193 -4.93844 19.2178
    endloop
  endfacet
  facet normal 0.972365 -0.233465 0
    outer loop
      vertex 19.0211 -6.18034 5
      vertex 19.3045 -5 20
      vertex 19.0211 -6.18034 45
    endloop
  endfacet
  facet normal 0.649439 0.760413 -0
    outer loop
      vertex 12.998 15.1193 5
      vertex 11.7557 16.1803 45
      vertex 12.998 15.1193 45
    endloop
  endfacet
  facet normal 0.649439 0.760413 0
    outer loop
      vertex 11.7557 16.1803 45
      vertex 12.998 15.1193 5
      vertex 11.7557 16.1803 5
    endloop
  endfacet
  facet normal 0.233465 -0.972365 0
    outer loop
      vertex 3.12869 -19.7538 5
      vertex 6.18034 -19.0211 45
      vertex 3.12869 -19.7538 45
    endloop
  endfacet
  facet normal 0.233465 -0.972365 0
    outer loop
      vertex 6.18034 -19.0211 45
      vertex 3.12869 -19.7538 5
      vertex 6.18034 -19.0211 5
    endloop
  endfacet
  facet normal 0.852638 -0.522501 0
    outer loop
      vertex 16.1803 -11.7557 45
      vertex 17.8201 -9.07981 5
      vertex 17.8201 -9.07981 45
    endloop
  endfacet
  facet normal 0.852638 -0.522501 0
    outer loop
      vertex 17.8201 -9.07981 5
      vertex 16.1803 -11.7557 45
      vertex 16.1803 -11.7557 5
    endloop
  endfacet
  facet normal -0.852638 -0.522501 0
    outer loop
      vertex -16.1803 -11.7557 5
      vertex -17.8201 -9.07981 45
      vertex -17.8201 -9.07981 5
    endloop
  endfacet
  facet normal -0.852638 -0.522501 0
    outer loop
      vertex -17.8201 -9.07981 45
      vertex -16.1803 -11.7557 5
      vertex -16.1803 -11.7557 45
    endloop
  endfacet
  facet normal 0.649439 -0.760413 0
    outer loop
      vertex 11.7557 -16.1803 5
      vertex 12.998 -15.1193 45
      vertex 11.7557 -16.1803 45
    endloop
  endfacet
  facet normal 0.649439 -0.760413 0
    outer loop
      vertex 12.998 -15.1193 45
      vertex 11.7557 -16.1803 5
      vertex 12.998 -15.1193 5
    endloop
  endfacet
  facet normal 0.07841 0.996921 -0
    outer loop
      vertex 3.12869 19.7538 5
      vertex 1.5 19.8819 45
      vertex 3.12869 19.7538 45
    endloop
  endfacet
  facet normal 0.07841 0.996921 0
    outer loop
      vertex 1.5 19.8819 45
      vertex 3.12869 19.7538 5
      vertex 1.5 19.8819 5
    endloop
  endfacet
  facet normal -0.996998 -0.0774258 7.97108e-05
    outer loop
      vertex -19.7538 -3.12869 45
      vertex -19.8819 -1.5 24.7661
      vertex -19.8784 -1.54508 24.7553
    endloop
  endfacet
  facet normal -0.996922 -0.0783942 3.48961e-06
    outer loop
      vertex -19.7538 -3.12869 45
      vertex -19.8784 -1.54508 24.7553
      vertex -19.8214 -2.26995 24.455
    endloop
  endfacet
  facet normal -0.996912 -0.0785319 -2.302e-06
    outer loop
      vertex -19.7538 -3.12869 45
      vertex -19.8214 -2.26995 24.455
      vertex -19.7687 -2.93893 24.0451
    endloop
  endfacet
  facet normal -0.996931 -0.0782793 -0
    outer loop
      vertex -19.7538 -3.12869 45
      vertex -19.7687 -2.93893 24.0451
      vertex -19.7538 -3.12869 23.883
    endloop
  endfacet
  facet normal -0.996921 -0.07841 0
    outer loop
      vertex -19.8819 -1.5 24.7661
      vertex -19.7538 -3.12869 45
      vertex -19.8819 -1.5 45
    endloop
  endfacet
  facet normal -0.996921 -0.07841 0
    outer loop
      vertex -19.7538 -3.12869 5
      vertex -19.8819 -1.5 15.2339
      vertex -19.8819 -1.5 5
    endloop
  endfacet
  facet normal -0.996997 -0.0774436 -0.000154739
    outer loop
      vertex -19.8819 -1.5 15.2339
      vertex -19.7538 -3.12869 5
      vertex -19.8784 -1.54508 15.2447
    endloop
  endfacet
  facet normal -0.996922 -0.0783955 -6.69087e-06
    outer loop
      vertex -19.8784 -1.54508 15.2447
      vertex -19.7538 -3.12869 5
      vertex -19.8214 -2.26995 15.545
    endloop
  endfacet
  facet normal -0.996912 -0.0785307 4.38128e-06
    outer loop
      vertex -19.8214 -2.26995 15.545
      vertex -19.7538 -3.12869 5
      vertex -19.7687 -2.93893 15.9549
    endloop
  endfacet
  facet normal -0.996931 -0.0782793 0
    outer loop
      vertex -19.7687 -2.93893 15.9549
      vertex -19.7538 -3.12869 5
      vertex -19.7538 -3.12869 16.117
    endloop
  endfacet
  facet normal -0.382683 -0.92388 0
    outer loop
      vertex -9.07981 -17.8201 5
      vertex -6.18034 -19.0211 45
      vertex -9.07981 -17.8201 45
    endloop
  endfacet
  facet normal -0.382683 -0.92388 -0
    outer loop
      vertex -6.18034 -19.0211 45
      vertex -9.07981 -17.8201 5
      vertex -6.18034 -19.0211 5
    endloop
  endfacet
  facet normal 0.382683 0.92388 -0
    outer loop
      vertex 9.07981 17.8201 5
      vertex 6.18034 19.0211 45
      vertex 9.07981 17.8201 45
    endloop
  endfacet
  facet normal 0.382683 0.92388 0
    outer loop
      vertex 6.18034 19.0211 45
      vertex 9.07981 17.8201 5
      vertex 6.18034 19.0211 5
    endloop
  endfacet
  facet normal -0.852638 0.522501 0
    outer loop
      vertex -17.8201 9.07981 5
      vertex -16.1803 11.7557 45
      vertex -16.1803 11.7557 5
    endloop
  endfacet
  facet normal -0.852638 0.522501 0
    outer loop
      vertex -16.1803 11.7557 45
      vertex -17.8201 9.07981 5
      vertex -17.8201 9.07981 45
    endloop
  endfacet
  facet normal 0.233465 0.972365 -0
    outer loop
      vertex 6.18034 19.0211 5
      vertex 3.12869 19.7538 45
      vertex 6.18034 19.0211 45
    endloop
  endfacet
  facet normal 0.233465 0.972365 0
    outer loop
      vertex 3.12869 19.7538 45
      vertex 6.18034 19.0211 5
      vertex 3.12869 19.7538 5
    endloop
  endfacet
  facet normal -0.972365 0.233465 0
    outer loop
      vertex -19.0211 6.18034 5
      vertex -19.3045 5 20
      vertex -19.0211 6.18034 45
    endloop
  endfacet
  facet normal -0.97233 0.23361 1.20724e-05
    outer loop
      vertex -19.0211 6.18034 5
      vertex -19.3193 4.93844 19.2178
      vertex -19.3045 5 20
    endloop
  endfacet
  facet normal -0.972344 0.233554 6.9233e-06
    outer loop
      vertex -19.0211 6.18034 5
      vertex -19.3633 4.75528 18.4549
      vertex -19.3193 4.93844 19.2178
    endloop
  endfacet
  facet normal -0.972417 0.233251 -2.70724e-05
    outer loop
      vertex -19.0211 6.18034 5
      vertex -19.4353 4.45503 17.73
      vertex -19.3633 4.75528 18.4549
    endloop
  endfacet
  facet normal -0.972335 0.233591 2.16271e-05
    outer loop
      vertex -19.0211 6.18034 5
      vertex -19.5338 4.04508 17.0611
      vertex -19.4353 4.45503 17.73
    endloop
  endfacet
  facet normal -0.97238 0.233402 -1.3628e-05
    outer loop
      vertex -19.0211 6.18034 5
      vertex -19.6561 3.53553 16.4645
      vertex -19.5338 4.04508 17.0611
    endloop
  endfacet
  facet normal -0.972365 0.233465 0
    outer loop
      vertex -19.7538 3.12869 16.117
      vertex -19.0211 6.18034 5
      vertex -19.7538 3.12869 5
    endloop
  endfacet
  facet normal -0.972357 0.233497 9.49789e-06
    outer loop
      vertex -19.0211 6.18034 5
      vertex -19.7538 3.12869 16.117
      vertex -19.6561 3.53553 16.4645
    endloop
  endfacet
  facet normal -0.972322 0.233646 -9.05403e-06
    outer loop
      vertex -19.3193 4.93844 20.7822
      vertex -19.0211 6.18034 45
      vertex -19.3045 5 20
    endloop
  endfacet
  facet normal -0.972341 0.233564 -4.56767e-06
    outer loop
      vertex -19.3633 4.75528 21.5451
      vertex -19.0211 6.18034 45
      vertex -19.3193 4.93844 20.7822
    endloop
  endfacet
  facet normal -0.972422 0.233228 1.70067e-05
    outer loop
      vertex -19.4353 4.45503 22.27
      vertex -19.0211 6.18034 45
      vertex -19.3633 4.75528 21.5451
    endloop
  endfacet
  facet normal -0.972332 0.233604 -1.31608e-05
    outer loop
      vertex -19.5338 4.04508 22.9389
      vertex -19.0211 6.18034 45
      vertex -19.4353 4.45503 22.27
    endloop
  endfacet
  facet normal -0.972382 0.233396 8.07943e-06
    outer loop
      vertex -19.6561 3.53553 23.5355
      vertex -19.0211 6.18034 45
      vertex -19.5338 4.04508 22.9389
    endloop
  endfacet
  facet normal -0.972357 0.2335 -5.49431e-06
    outer loop
      vertex -19.7538 3.12869 23.883
      vertex -19.0211 6.18034 45
      vertex -19.6561 3.53553 23.5355
    endloop
  endfacet
  facet normal -0.972365 0.233465 0
    outer loop
      vertex -19.0211 6.18034 45
      vertex -19.7538 3.12869 23.883
      vertex -19.7538 3.12869 45
    endloop
  endfacet
  facet normal -0.522501 -0.852638 0
    outer loop
      vertex -11.7557 -16.1803 5
      vertex -9.07981 -17.8201 45
      vertex -11.7557 -16.1803 45
    endloop
  endfacet
  facet normal -0.522501 -0.852638 -0
    outer loop
      vertex -9.07981 -17.8201 45
      vertex -11.7557 -16.1803 5
      vertex -9.07981 -17.8201 5
    endloop
  endfacet
  facet normal -0.07841 -0.996921 0
    outer loop
      vertex -3.12869 -19.7538 5
      vertex -1.5 -19.8819 45
      vertex -3.12869 -19.7538 45
    endloop
  endfacet
  facet normal -0.07841 -0.996921 -0
    outer loop
      vertex -1.5 -19.8819 45
      vertex -3.12869 -19.7538 5
      vertex -1.5 -19.8819 5
    endloop
  endfacet
  facet normal 1 -0 0
    outer loop
      vertex 77 -28 18
      vertex 77 28 0
      vertex 77 28 18
    endloop
  endfacet
  facet normal 1 0 0
    outer loop
      vertex 77 28 0
      vertex 77 -28 18
      vertex 77 -28 0
    endloop
  endfacet
  facet normal 0 0 1
    outer loop
      vertex 77 28 18
      vertex 55 2 18
      vertex 77 -28 18
    endloop
  endfacet
  facet normal -0 0 1
    outer loop
      vertex 25 28 18
      vertex 55 2 18
      vertex 77 28 18
    endloop
  endfacet
  facet normal 0 0 1
    outer loop
      vertex 55 2 18
      vertex 25 28 18
      vertex 25 2 18
    endloop
  endfacet
  facet normal 0 0 1
    outer loop
      vertex 77 -28 18
      vertex 55 2 18
      vertex 55 -28 18
    endloop
  endfacet
  facet normal -1 0 0
    outer loop
      vertex 25 28 0
      vertex 25 2 18
      vertex 25 28 18
    endloop
  endfacet
  facet normal -1 0 0
    outer loop
      vertex 25 -2.87868 27.8787
      vertex 25 2 30
      vertex 25 2 18
    endloop
  endfacet
  facet normal -1 0 -0
    outer loop
      vertex 25 -2 30
      vertex 25 2 30
      vertex 25 -2.03693 29.5307
    endloop
  endfacet
  facet normal -1 0 0
    outer loop
      vertex 25 -2.03693 30.4693
      vertex 25 2 30
      vertex 25 -2 30
    endloop
  endfacet
  facet normal -1 0 0
    outer loop
      vertex 25 2 30
      vertex 25 -2.14683 29.0729
      vertex 25 -2.03693 29.5307
    endloop
  endfacet
  facet normal -1 0 0
    outer loop
      vertex 25 2 30
      vertex 25 -2.32698 28.638
      vertex 25 -2.14683 29.0729
    endloop
  endfacet
  facet normal -1 0 0
    outer loop
      vertex 25 2 30
      vertex 25 -2.57295 28.2366
      vertex 25 -2.32698 28.638
    endloop
  endfacet
  facet normal -1 0 0
    outer loop
      vertex 25 2 30
      vertex 25 -2.87868 27.8787
      vertex 25 -2.57295 28.2366
    endloop
  endfacet
  facet normal -1 0 0
    outer loop
      vertex 25 2 18
      vertex 25 -3.23664 27.5729
      vertex 25 -2.87868 27.8787
    endloop
  endfacet
  facet normal -1 0 0
    outer loop
      vertex 25 2 18
      vertex 25 -3.63803 27.327
      vertex 25 -3.23664 27.5729
    endloop
  endfacet
  facet normal -1 0 0
    outer loop
      vertex 25 2 18
      vertex 25 -4.07295 27.1468
      vertex 25 -3.63803 27.327
    endloop
  endfacet
  facet normal -1 0 0
    outer loop
      vertex 25 2 18
      vertex 25 -4.5307 27.0369
      vertex 25 -4.07295 27.1468
    endloop
  endfacet
  facet normal -1 0 0
    outer loop
      vertex 25 2 18
      vertex 25 -5 27
      vertex 25 -4.5307 27.0369
    endloop
  endfacet
  facet normal -1 0 0
    outer loop
      vertex 25 2 18
      vertex 25 -5.4693 27.0369
      vertex 25 -5 27
    endloop
  endfacet
  facet normal -1 0 0
    outer loop
      vertex 25 2 18
      vertex 25 -5.92705 27.1468
      vertex 25 -5.4693 27.0369
    endloop
  endfacet
  facet normal -1 0 0
    outer loop
      vertex 25 2 18
      vertex 25 -6.36197 27.327
      vertex 25 -5.92705 27.1468
    endloop
  endfacet
  facet normal -1 0 0
    outer loop
      vertex 25 -28 0
      vertex 25 -6.36197 27.327
      vertex 25 2 18
    endloop
  endfacet
  facet normal -1 -0 0
    outer loop
      vertex 25 -6.36197 27.327
      vertex 25 -28 0
      vertex 25 -6.76336 27.5729
    endloop
  endfacet
  facet normal -1 0 0
    outer loop
      vertex 25 -7.85317 29.0729
      vertex 25 -28 38
      vertex 25 -7.96306 29.5307
    endloop
  endfacet
  facet normal -1 0 0
    outer loop
      vertex 25 -7.67302 28.638
      vertex 25 -28 38
      vertex 25 -7.85317 29.0729
    endloop
  endfacet
  facet normal -1 0 0
    outer loop
      vertex 25 -28 38
      vertex 25 -7.67302 28.638
      vertex 25 -28 0
    endloop
  endfacet
  facet normal -1 -0 0
    outer loop
      vertex 25 -7.42705 28.2366
      vertex 25 -28 0
      vertex 25 -7.67302 28.638
    endloop
  endfacet
  facet normal -1 -0 0
    outer loop
      vertex 25 -7.12132 27.8787
      vertex 25 -28 0
      vertex 25 -7.42705 28.2366
    endloop
  endfacet
  facet normal -1 -0 0
    outer loop
      vertex 25 -6.76336 27.5729
      vertex 25 -28 0
      vertex 25 -7.12132 27.8787
    endloop
  endfacet
  facet normal -1 0 0
    outer loop
      vertex 25 -28 0
      vertex 25 2 18
      vertex 25 28 0
    endloop
  endfacet
  facet normal -1 0 0
    outer loop
      vertex 25 -2.14683 30.9271
      vertex 25 2 30
      vertex 25 -2.03693 30.4693
    endloop
  endfacet
  facet normal -1 0 0
    outer loop
      vertex 25 -2.32698 31.362
      vertex 25 2 30
      vertex 25 -2.14683 30.9271
    endloop
  endfacet
  facet normal -1 0 0
    outer loop
      vertex 25 -2.57295 31.7634
      vertex 25 2 30
      vertex 25 -2.32698 31.362
    endloop
  endfacet
  facet normal -1 0 0
    outer loop
      vertex 25 2 30
      vertex 25 -2.57295 31.7634
      vertex 25 2 38
    endloop
  endfacet
  facet normal -1 0 0
    outer loop
      vertex 25 -2.87868 32.1213
      vertex 25 2 38
      vertex 25 -2.57295 31.7634
    endloop
  endfacet
  facet normal -1 0 0
    outer loop
      vertex 25 -3.23664 32.4271
      vertex 25 2 38
      vertex 25 -2.87868 32.1213
    endloop
  endfacet
  facet normal -1 0 0
    outer loop
      vertex 25 -3.63803 32.673
      vertex 25 2 38
      vertex 25 -3.23664 32.4271
    endloop
  endfacet
  facet normal -1 0 0
    outer loop
      vertex 25 -4.07295 32.8532
      vertex 25 2 38
      vertex 25 -3.63803 32.673
    endloop
  endfacet
  facet normal -1 0 0
    outer loop
      vertex 25 -4.5307 32.9631
      vertex 25 2 38
      vertex 25 -4.07295 32.8532
    endloop
  endfacet
  facet normal -1 0 0
    outer loop
      vertex 25 -5 33
      vertex 25 2 38
      vertex 25 -4.5307 32.9631
    endloop
  endfacet
  facet normal -1 0 0
    outer loop
      vertex 25 -5.4693 32.9631
      vertex 25 2 38
      vertex 25 -5 33
    endloop
  endfacet
  facet normal -1 0 0
    outer loop
      vertex 25 -5.92705 32.8532
      vertex 25 2 38
      vertex 25 -5.4693 32.9631
    endloop
  endfacet
  facet normal -1 0 0
    outer loop
      vertex 25 -28 38
      vertex 25 -5.92705 32.8532
      vertex 25 -6.36197 32.673
    endloop
  endfacet
  facet normal -1 0 0
    outer loop
      vertex 25 -28 38
      vertex 25 -6.36197 32.673
      vertex 25 -6.76336 32.4271
    endloop
  endfacet
  facet normal -1 0 0
    outer loop
      vertex 25 -7.96306 29.5307
      vertex 25 -28 38
      vertex 25 -8 30
    endloop
  endfacet
  facet normal -1 0 0
    outer loop
      vertex 25 -8 30
      vertex 25 -28 38
      vertex 25 -7.96306 30.4693
    endloop
  endfacet
  facet normal -1 0 0
    outer loop
      vertex 25 -7.96306 30.4693
      vertex 25 -28 38
      vertex 25 -7.85317 30.9271
    endloop
  endfacet
  facet normal -1 0 0
    outer loop
      vertex 25 -7.85317 30.9271
      vertex 25 -28 38
      vertex 25 -7.67302 31.362
    endloop
  endfacet
  facet normal -1 0 0
    outer loop
      vertex 25 -5.92705 32.8532
      vertex 25 -28 38
      vertex 25 2 38
    endloop
  endfacet
  facet normal -1 0 0
    outer loop
      vertex 25 -7.12132 32.1213
      vertex 25 -28 38
      vertex 25 -6.76336 32.4271
    endloop
  endfacet
  facet normal -1 0 0
    outer loop
      vertex 25 -7.42705 31.7634
      vertex 25 -28 38
      vertex 25 -7.12132 32.1213
    endloop
  endfacet
  facet normal -1 0 0
    outer loop
      vertex 25 -7.67302 31.362
      vertex 25 -28 38
      vertex 25 -7.42705 31.7634
    endloop
  endfacet
  facet normal 0 1 0
    outer loop
      vertex 77 28 18
      vertex 75 28 17
      vertex 25 28 18
    endloop
  endfacet
  facet normal 0 1 0
    outer loop
      vertex 77 28 18
      vertex 75 28 1
      vertex 75 28 17
    endloop
  endfacet
  facet normal 0 1 0
    outer loop
      vertex 75 28 1
      vertex 77 28 0
      vertex 27 28 1
    endloop
  endfacet
  facet normal 0 1 -0
    outer loop
      vertex 77 28 0
      vertex 75 28 1
      vertex 77 28 18
    endloop
  endfacet
  facet normal 0 1 -0
    outer loop
      vertex 27 28 17
      vertex 25 28 18
      vertex 75 28 17
    endloop
  endfacet
  facet normal 0 1 -0
    outer loop
      vertex 27 28 1
      vertex 25 28 18
      vertex 27 28 17
    endloop
  endfacet
  facet normal 0 1 0
    outer loop
      vertex 27 28 1
      vertex 25 28 0
      vertex 25 28 18
    endloop
  endfacet
  facet normal 0 1 0
    outer loop
      vertex 25 28 0
      vertex 27 28 1
      vertex 77 28 0
    endloop
  endfacet
  facet normal 0 -1 0
    outer loop
      vertex 25 -28 38
      vertex 55 -28 18
      vertex 55 -28 38
    endloop
  endfacet
  facet normal 0 -1 0
    outer loop
      vertex 25 -28 0
      vertex 55 -28 18
      vertex 25 -28 38
    endloop
  endfacet
  facet normal 0 -1 0
    outer loop
      vertex 77 -28 0
      vertex 55 -28 18
      vertex 25 -28 0
    endloop
  endfacet
  facet normal 0 -1 0
    outer loop
      vertex 55 -28 18
      vertex 77 -28 0
      vertex 77 -28 18
    endloop
  endfacet
  facet normal 1 -0 0
    outer loop
      vertex 55 -28 38
      vertex 55 2 18
      vertex 55 2 38
    endloop
  endfacet
  facet normal 1 0 0
    outer loop
      vertex 55 2 18
      vertex 55 -28 38
      vertex 55 -28 18
    endloop
  endfacet
  facet normal -0 0 1
    outer loop
      vertex 25 2 38
      vertex 55 -28 38
      vertex 55 2 38
    endloop
  endfacet
  facet normal 0 0 1
    outer loop
      vertex 55 -28 38
      vertex 25 2 38
      vertex 25 -28 38
    endloop
  endfacet
  facet normal 0 1 0
    outer loop
      vertex 55 2 38
      vertex 25 2 30
      vertex 25 2 38
    endloop
  endfacet
  facet normal 0 1 -0
    outer loop
      vertex 55 2 18
      vertex 25 2 30
      vertex 55 2 38
    endloop
  endfacet
  facet normal 0 1 0
    outer loop
      vertex 25 2 30
      vertex 55 2 18
      vertex 25 2 18
    endloop
  endfacet
  facet normal 0 -0.923886 0.382669
    outer loop
      vertex -24 -4.75528 21.5451
      vertex -19.4353 -4.45503 22.27
      vertex -24 -4.45503 22.27
    endloop
  endfacet
  facet normal 0 -0.923886 0.382669
    outer loop
      vertex -19.4353 -4.45503 22.27
      vertex -24 -4.75528 21.5451
      vertex -19.3633 -4.75528 21.5451
    endloop
  endfacet
  facet normal 0 -0.923886 0.382669
    outer loop
      vertex 24 -4.75528 21.5451
      vertex 19.4353 -4.45503 22.27
      vertex 19.3633 -4.75528 21.5451
    endloop
  endfacet
  facet normal 0 -0.923886 0.382669
    outer loop
      vertex 19.4353 -4.45503 22.27
      vertex 24 -4.75528 21.5451
      vertex 24 -4.45503 22.27
    endloop
  endfacet
  facet normal 0 -0.996917 -0.0784585
    outer loop
      vertex 19.3193 -4.93844 19.2178
      vertex 24 -5 20
      vertex 19.3045 -5 20
    endloop
  endfacet
  facet normal 0 -0.996917 -0.0784585
    outer loop
      vertex 24 -5 20
      vertex 19.3193 -4.93844 19.2178
      vertex 24 -4.93844 19.2178
    endloop
  endfacet
  facet normal -0 -0.996917 -0.0784585
    outer loop
      vertex -19.3193 -4.93844 19.2178
      vertex -24 -5 20
      vertex -24 -4.93844 19.2178
    endloop
  endfacet
  facet normal 0 -0.996917 -0.0784585
    outer loop
      vertex -24 -5 20
      vertex -19.3193 -4.93844 19.2178
      vertex -19.3045 -5 20
    endloop
  endfacet
  facet normal 0 0.382737 -0.923857
    outer loop
      vertex -24 2.26995 15.545
      vertex -19.8784 1.54508 15.2447
      vertex -24 1.54508 15.2447
    endloop
  endfacet
  facet normal 0 0.382737 -0.923857
    outer loop
      vertex -19.8784 1.54508 15.2447
      vertex -24 2.26995 15.545
      vertex -19.8214 2.26995 15.545
    endloop
  endfacet
  facet normal 0 0.382737 -0.923857
    outer loop
      vertex 19.8784 1.54508 15.2447
      vertex 24 2.26995 15.545
      vertex 24 1.54508 15.2447
    endloop
  endfacet
  facet normal 0 0.382737 -0.923857
    outer loop
      vertex 24 2.26995 15.545
      vertex 19.8784 1.54508 15.2447
      vertex 19.8214 2.26995 15.545
    endloop
  endfacet
  facet normal 0 0.078512 -0.996913
    outer loop
      vertex -24 0 15
      vertex -22 0.782172 15.0616
      vertex -22 0 15
    endloop
  endfacet
  facet normal 0 0.078512 -0.996913
    outer loop
      vertex -22 0.782172 15.0616
      vertex -24 0 15
      vertex -24 0.782172 15.0616
    endloop
  endfacet
  facet normal 0 0.078512 -0.996913
    outer loop
      vertex 22 0 15
      vertex 24 0.782172 15.0616
      vertex 24 0 15
    endloop
  endfacet
  facet normal 0 0.078512 -0.996913
    outer loop
      vertex 24 0.782172 15.0616
      vertex 22 0 15
      vertex 22 0.782172 15.0616
    endloop
  endfacet
  facet normal 0 0.649517 -0.760347
    outer loop
      vertex 19.7538 3.12869 16.117
      vertex 24 2.93893 15.9549
      vertex 19.7687 2.93893 15.9549
    endloop
  endfacet
  facet normal -2.15029e-06 0.649489 -0.760371
    outer loop
      vertex 24 2.93893 15.9549
      vertex 19.7538 3.12869 16.117
      vertex 24 3.53553 16.4645
    endloop
  endfacet
  facet normal 0 0.649476 -0.760382
    outer loop
      vertex 24 3.53553 16.4645
      vertex 19.7538 3.12869 16.117
      vertex 19.6561 3.53553 16.4645
    endloop
  endfacet
  facet normal 0 0.649517 -0.760347
    outer loop
      vertex -24 2.93893 15.9549
      vertex -19.7538 3.12869 16.117
      vertex -19.7687 2.93893 15.9549
    endloop
  endfacet
  facet normal 2.15029e-06 0.649489 -0.760371
    outer loop
      vertex -24 3.53553 16.4645
      vertex -19.7538 3.12869 16.117
      vertex -24 2.93893 15.9549
    endloop
  endfacet
  facet normal 0 0.649476 -0.760382
    outer loop
      vertex -19.7538 3.12869 16.117
      vertex -24 3.53553 16.4645
      vertex -19.6561 3.53553 16.4645
    endloop
  endfacet
  facet normal -9.39467e-06 -0.233375 -0.972387
    outer loop
      vertex 24 -1.54508 15.2447
      vertex 22 -1.5 15.2339
      vertex 24 -0.782172 15.0616
    endloop
  endfacet
  facet normal 0 -0.232981 -0.972481
    outer loop
      vertex 19.8784 -1.54508 15.2447
      vertex 22 -1.5 15.2339
      vertex 24 -1.54508 15.2447
    endloop
  endfacet
  facet normal -0 -0.232981 -0.972481
    outer loop
      vertex 22 -1.5 15.2339
      vertex 19.8784 -1.54508 15.2447
      vertex 19.8819 -1.5 15.2339
    endloop
  endfacet
  facet normal -0 -0.2334 -0.972381
    outer loop
      vertex 24 -0.782172 15.0616
      vertex 22 -1.5 15.2339
      vertex 22 -0.782172 15.0616
    endloop
  endfacet
  facet normal 0 -0.232981 -0.972481
    outer loop
      vertex -19.8784 -1.54508 15.2447
      vertex -22 -1.5 15.2339
      vertex -19.8819 -1.5 15.2339
    endloop
  endfacet
  facet normal 0 -0.232981 -0.972481
    outer loop
      vertex -24 -1.54508 15.2447
      vertex -22 -1.5 15.2339
      vertex -19.8784 -1.54508 15.2447
    endloop
  endfacet
  facet normal 9.39467e-06 -0.233375 -0.972387
    outer loop
      vertex -24 -0.782172 15.0616
      vertex -22 -1.5 15.2339
      vertex -24 -1.54508 15.2447
    endloop
  endfacet
  facet normal 0 -0.2334 -0.972381
    outer loop
      vertex -22 -1.5 15.2339
      vertex -24 -0.782172 15.0616
      vertex -22 -0.782172 15.0616
    endloop
  endfacet
  facet normal 0 0.232981 0.972481
    outer loop
      vertex -19.8784 1.54508 24.7553
      vertex -22 1.5 24.7661
      vertex -19.8819 1.5 24.7661
    endloop
  endfacet
  facet normal -0 0.232981 0.972481
    outer loop
      vertex -24 1.54508 24.7553
      vertex -22 1.5 24.7661
      vertex -19.8784 1.54508 24.7553
    endloop
  endfacet
  facet normal 9.39467e-06 0.233375 0.972387
    outer loop
      vertex -24 0.782172 24.9384
      vertex -22 1.5 24.7661
      vertex -24 1.54508 24.7553
    endloop
  endfacet
  facet normal 0 0.2334 0.972381
    outer loop
      vertex -22 1.5 24.7661
      vertex -24 0.782172 24.9384
      vertex -22 0.782172 24.9384
    endloop
  endfacet
  facet normal -9.39467e-06 0.233375 0.972387
    outer loop
      vertex 24 1.54508 24.7553
      vertex 22 1.5 24.7661
      vertex 24 0.782172 24.9384
    endloop
  endfacet
  facet normal -0 0.232981 0.972481
    outer loop
      vertex 19.8784 1.54508 24.7553
      vertex 22 1.5 24.7661
      vertex 24 1.54508 24.7553
    endloop
  endfacet
  facet normal 0 0.232981 0.972481
    outer loop
      vertex 22 1.5 24.7661
      vertex 19.8784 1.54508 24.7553
      vertex 19.8819 1.5 24.7661
    endloop
  endfacet
  facet normal 0 0.2334 0.972381
    outer loop
      vertex 24 0.782172 24.9384
      vertex 22 1.5 24.7661
      vertex 22 0.782172 24.9384
    endloop
  endfacet
  facet normal -0 0.760403 0.649452
    outer loop
      vertex -24 4.04508 22.9389
      vertex -19.6561 3.53553 23.5355
      vertex -19.5338 4.04508 22.9389
    endloop
  endfacet
  facet normal 0 0.760403 0.649452
    outer loop
      vertex -19.6561 3.53553 23.5355
      vertex -24 4.04508 22.9389
      vertex -24 3.53553 23.5355
    endloop
  endfacet
  facet normal 0 0.760403 0.649452
    outer loop
      vertex 24 4.04508 22.9389
      vertex 19.6561 3.53553 23.5355
      vertex 24 3.53553 23.5355
    endloop
  endfacet
  facet normal 0 0.760403 0.649452
    outer loop
      vertex 19.6561 3.53553 23.5355
      vertex 24 4.04508 22.9389
      vertex 19.5338 4.04508 22.9389
    endloop
  endfacet
  facet normal 0 -0.522451 -0.852669
    outer loop
      vertex -24 -2.93893 15.9549
      vertex -19.8214 -2.26995 15.545
      vertex -19.7687 -2.93893 15.9549
    endloop
  endfacet
  facet normal -0 -0.522451 -0.852669
    outer loop
      vertex -19.8214 -2.26995 15.545
      vertex -24 -2.93893 15.9549
      vertex -24 -2.26995 15.545
    endloop
  endfacet
  facet normal 0 -0.522451 -0.852669
    outer loop
      vertex 24 -2.93893 15.9549
      vertex 19.8214 -2.26995 15.545
      vertex 24 -2.26995 15.545
    endloop
  endfacet
  facet normal 0 -0.522451 -0.852669
    outer loop
      vertex 19.8214 -2.26995 15.545
      vertex 24 -2.93893 15.9549
      vertex 19.7687 -2.93893 15.9549
    endloop
  endfacet
  facet normal -0 0.522451 0.852669
    outer loop
      vertex -24 2.93893 24.0451
      vertex -19.8214 2.26995 24.455
      vertex -19.7687 2.93893 24.0451
    endloop
  endfacet
  facet normal 0 0.522451 0.852669
    outer loop
      vertex -19.8214 2.26995 24.455
      vertex -24 2.93893 24.0451
      vertex -24 2.26995 24.455
    endloop
  endfacet
  facet normal 0 0.522451 0.852669
    outer loop
      vertex 24 2.93893 24.0451
      vertex 19.8214 2.26995 24.455
      vertex 24 2.26995 24.455
    endloop
  endfacet
  facet normal 0 0.522451 0.852669
    outer loop
      vertex 19.8214 2.26995 24.455
      vertex 24 2.93893 24.0451
      vertex 19.7687 2.93893 24.0451
    endloop
  endfacet
  facet normal 0 -0.382737 -0.923857
    outer loop
      vertex 24 -2.26995 15.545
      vertex 19.8784 -1.54508 15.2447
      vertex 24 -1.54508 15.2447
    endloop
  endfacet
  facet normal 0 -0.382737 -0.923857
    outer loop
      vertex 19.8784 -1.54508 15.2447
      vertex 24 -2.26995 15.545
      vertex 19.8214 -2.26995 15.545
    endloop
  endfacet
  facet normal 0 -0.382737 -0.923857
    outer loop
      vertex -24 -2.26995 15.545
      vertex -19.8784 -1.54508 15.2447
      vertex -19.8214 -2.26995 15.545
    endloop
  endfacet
  facet normal -0 -0.382737 -0.923857
    outer loop
      vertex -19.8784 -1.54508 15.2447
      vertex -24 -2.26995 15.545
      vertex -24 -1.54508 15.2447
    endloop
  endfacet
  facet normal -0 0.382737 0.923857
    outer loop
      vertex -24 2.26995 24.455
      vertex -19.8784 1.54508 24.7553
      vertex -19.8214 2.26995 24.455
    endloop
  endfacet
  facet normal 0 0.382737 0.923857
    outer loop
      vertex -19.8784 1.54508 24.7553
      vertex -24 2.26995 24.455
      vertex -24 1.54508 24.7553
    endloop
  endfacet
  facet normal 0 0.382737 0.923857
    outer loop
      vertex 24 2.26995 24.455
      vertex 19.8784 1.54508 24.7553
      vertex 24 1.54508 24.7553
    endloop
  endfacet
  facet normal 0 0.382737 0.923857
    outer loop
      vertex 19.8784 1.54508 24.7553
      vertex 24 2.26995 24.455
      vertex 19.8214 2.26995 24.455
    endloop
  endfacet
  facet normal 0 -0.078512 0.996913
    outer loop
      vertex -24 0 25
      vertex -22 -0.782172 24.9384
      vertex -22 0 25
    endloop
  endfacet
  facet normal 0 -0.078512 0.996913
    outer loop
      vertex -22 -0.782172 24.9384
      vertex -24 0 25
      vertex -24 -0.782172 24.9384
    endloop
  endfacet
  facet normal 0 -0.078512 0.996913
    outer loop
      vertex 22 0 25
      vertex 24 -0.782172 24.9384
      vertex 24 0 25
    endloop
  endfacet
  facet normal 0 -0.078512 0.996913
    outer loop
      vertex 24 -0.782172 24.9384
      vertex 22 0 25
      vertex 22 -0.782172 24.9384
    endloop
  endfacet
  facet normal -2.15029e-06 -0.649489 -0.760371
    outer loop
      vertex 19.7538 -3.12869 16.117
      vertex 24 -2.93893 15.9549
      vertex 24 -3.53553 16.4645
    endloop
  endfacet
  facet normal -0 -0.649517 -0.760347
    outer loop
      vertex 24 -2.93893 15.9549
      vertex 19.7538 -3.12869 16.117
      vertex 19.7687 -2.93893 15.9549
    endloop
  endfacet
  facet normal 0 -0.649476 -0.760382
    outer loop
      vertex 19.7538 -3.12869 16.117
      vertex 24 -3.53553 16.4645
      vertex 19.6561 -3.53553 16.4645
    endloop
  endfacet
  facet normal 0 -0.649476 -0.760382
    outer loop
      vertex -24 -3.53553 16.4645
      vertex -19.7538 -3.12869 16.117
      vertex -19.6561 -3.53553 16.4645
    endloop
  endfacet
  facet normal 2.15029e-06 -0.649489 -0.760371
    outer loop
      vertex -24 -2.93893 15.9549
      vertex -19.7538 -3.12869 16.117
      vertex -24 -3.53553 16.4645
    endloop
  endfacet
  facet normal 0 -0.649517 -0.760347
    outer loop
      vertex -19.7538 -3.12869 16.117
      vertex -24 -2.93893 15.9549
      vertex -19.7687 -2.93893 15.9549
    endloop
  endfacet
  facet normal -0 -0.972369 -0.23345
    outer loop
      vertex -19.3633 -4.75528 18.4549
      vertex -24 -4.93844 19.2178
      vertex -24 -4.75528 18.4549
    endloop
  endfacet
  facet normal 0 -0.972369 -0.23345
    outer loop
      vertex -24 -4.93844 19.2178
      vertex -19.3633 -4.75528 18.4549
      vertex -19.3193 -4.93844 19.2178
    endloop
  endfacet
  facet normal 0 -0.972369 -0.23345
    outer loop
      vertex 19.3633 -4.75528 18.4549
      vertex 24 -4.93844 19.2178
      vertex 19.3193 -4.93844 19.2178
    endloop
  endfacet
  facet normal 0 -0.972369 -0.23345
    outer loop
      vertex 24 -4.93844 19.2178
      vertex 19.3633 -4.75528 18.4549
      vertex 24 -4.75528 18.4549
    endloop
  endfacet
  facet normal -0 -0.852613 -0.522543
    outer loop
      vertex -19.5338 -4.04508 17.0611
      vertex -24 -4.45503 17.73
      vertex -24 -4.04508 17.0611
    endloop
  endfacet
  facet normal 0 -0.852613 -0.522543
    outer loop
      vertex -24 -4.45503 17.73
      vertex -19.5338 -4.04508 17.0611
      vertex -19.4353 -4.45503 17.73
    endloop
  endfacet
  facet normal 0 -0.852613 -0.522543
    outer loop
      vertex 19.5338 -4.04508 17.0611
      vertex 24 -4.45503 17.73
      vertex 19.4353 -4.45503 17.73
    endloop
  endfacet
  facet normal 0 -0.852613 -0.522543
    outer loop
      vertex 24 -4.45503 17.73
      vertex 19.5338 -4.04508 17.0611
      vertex 24 -4.04508 17.0611
    endloop
  endfacet
  facet normal -0 0.649476 0.760382
    outer loop
      vertex -24 3.53553 23.5355
      vertex -19.7538 3.12869 23.883
      vertex -19.6561 3.53553 23.5355
    endloop
  endfacet
  facet normal 2.15029e-06 0.649489 0.760371
    outer loop
      vertex -24 2.93893 24.0451
      vertex -19.7538 3.12869 23.883
      vertex -24 3.53553 23.5355
    endloop
  endfacet
  facet normal 0 0.649517 0.760347
    outer loop
      vertex -19.7538 3.12869 23.883
      vertex -24 2.93893 24.0451
      vertex -19.7687 2.93893 24.0451
    endloop
  endfacet
  facet normal -2.15029e-06 0.649489 0.760371
    outer loop
      vertex 19.7538 3.12869 23.883
      vertex 24 2.93893 24.0451
      vertex 24 3.53553 23.5355
    endloop
  endfacet
  facet normal 0 0.649517 0.760347
    outer loop
      vertex 24 2.93893 24.0451
      vertex 19.7538 3.12869 23.883
      vertex 19.7687 2.93893 24.0451
    endloop
  endfacet
  facet normal 0 0.649476 0.760382
    outer loop
      vertex 19.7538 3.12869 23.883
      vertex 24 3.53553 23.5355
      vertex 19.6561 3.53553 23.5355
    endloop
  endfacet
  facet normal 0 0.2334 -0.972381
    outer loop
      vertex -22 0.782172 15.0616
      vertex -24 0.782172 15.0616
      vertex -22 1.5 15.2339
    endloop
  endfacet
  facet normal 0 0.232981 -0.972481
    outer loop
      vertex -22 1.5 15.2339
      vertex -19.8784 1.54508 15.2447
      vertex -19.8819 1.5 15.2339
    endloop
  endfacet
  facet normal 0 0.232981 -0.972481
    outer loop
      vertex -22 1.5 15.2339
      vertex -24 1.54508 15.2447
      vertex -19.8784 1.54508 15.2447
    endloop
  endfacet
  facet normal 9.39467e-06 0.233375 -0.972387
    outer loop
      vertex -24 1.54508 15.2447
      vertex -22 1.5 15.2339
      vertex -24 0.782172 15.0616
    endloop
  endfacet
  facet normal 0 0.2334 -0.972381
    outer loop
      vertex 22 1.5 15.2339
      vertex 24 0.782172 15.0616
      vertex 22 0.782172 15.0616
    endloop
  endfacet
  facet normal -9.39467e-06 0.233375 -0.972387
    outer loop
      vertex 24 0.782172 15.0616
      vertex 22 1.5 15.2339
      vertex 24 1.54508 15.2447
    endloop
  endfacet
  facet normal 0 0.232981 -0.972481
    outer loop
      vertex 19.8784 1.54508 15.2447
      vertex 22 1.5 15.2339
      vertex 19.8819 1.5 15.2339
    endloop
  endfacet
  facet normal 0 0.232981 -0.972481
    outer loop
      vertex 22 1.5 15.2339
      vertex 19.8784 1.54508 15.2447
      vertex 24 1.54508 15.2447
    endloop
  endfacet
  facet normal 1 0 0
    outer loop
      vertex 24 4.93844 20.7822
      vertex 24 4.93844 19.2178
      vertex 24 5 20
    endloop
  endfacet
  facet normal 1 0 0
    outer loop
      vertex 24 4.75528 21.5451
      vertex 24 4.93844 19.2178
      vertex 24 4.93844 20.7822
    endloop
  endfacet
  facet normal 1 0 0
    outer loop
      vertex 24 4.75528 21.5451
      vertex 24 4.75528 18.4549
      vertex 24 4.93844 19.2178
    endloop
  endfacet
  facet normal 1 0 0
    outer loop
      vertex 24 4.45503 22.27
      vertex 24 4.75528 18.4549
      vertex 24 4.75528 21.5451
    endloop
  endfacet
  facet normal 1 0 0
    outer loop
      vertex 24 4.45503 22.27
      vertex 24 4.45503 17.73
      vertex 24 4.75528 18.4549
    endloop
  endfacet
  facet normal 1 0 0
    outer loop
      vertex 24 4.04508 22.9389
      vertex 24 4.45503 17.73
      vertex 24 4.45503 22.27
    endloop
  endfacet
  facet normal 1 0 0
    outer loop
      vertex 24 4.04508 22.9389
      vertex 24 4.04508 17.0611
      vertex 24 4.45503 17.73
    endloop
  endfacet
  facet normal 1 0 0
    outer loop
      vertex 24 3.53553 23.5355
      vertex 24 4.04508 17.0611
      vertex 24 4.04508 22.9389
    endloop
  endfacet
  facet normal 1 0 0
    outer loop
      vertex 24 3.53553 23.5355
      vertex 24 3.53553 16.4645
      vertex 24 4.04508 17.0611
    endloop
  endfacet
  facet normal 1 0 0
    outer loop
      vertex 24 2.93893 24.0451
      vertex 24 3.53553 16.4645
      vertex 24 3.53553 23.5355
    endloop
  endfacet
  facet normal 1 0 0
    outer loop
      vertex 24 2.93893 24.0451
      vertex 24 2.93893 15.9549
      vertex 24 3.53553 16.4645
    endloop
  endfacet
  facet normal 1 0 0
    outer loop
      vertex 24 2.26995 24.455
      vertex 24 2.93893 15.9549
      vertex 24 2.93893 24.0451
    endloop
  endfacet
  facet normal 1 0 0
    outer loop
      vertex 24 2.26995 24.455
      vertex 24 2.26995 15.545
      vertex 24 2.93893 15.9549
    endloop
  endfacet
  facet normal 1 0 0
    outer loop
      vertex 24 1.54508 24.7553
      vertex 24 2.26995 15.545
      vertex 24 2.26995 24.455
    endloop
  endfacet
  facet normal 1 0 0
    outer loop
      vertex 24 1.54508 24.7553
      vertex 24 1.54508 15.2447
      vertex 24 2.26995 15.545
    endloop
  endfacet
  facet normal 1 0 0
    outer loop
      vertex 24 0.782172 24.9384
      vertex 24 1.54508 15.2447
      vertex 24 1.54508 24.7553
    endloop
  endfacet
  facet normal 1 0 0
    outer loop
      vertex 24 0.782172 24.9384
      vertex 24 0.782172 15.0616
      vertex 24 1.54508 15.2447
    endloop
  endfacet
  facet normal 1 0 0
    outer loop
      vertex 24 0 25
      vertex 24 0.782172 15.0616
      vertex 24 0.782172 24.9384
    endloop
  endfacet
  facet normal 1 0 0
    outer loop
      vertex 24 0 25
      vertex 24 0 15
      vertex 24 0.782172 15.0616
    endloop
  endfacet
  facet normal 1 -0 0
    outer loop
      vertex 24 -0.782172 24.9384
      vertex 24 0 15
      vertex 24 0 25
    endloop
  endfacet
  facet normal 1 0 0
    outer loop
      vertex 24 -0.782172 24.9384
      vertex 24 -0.782172 15.0616
      vertex 24 0 15
    endloop
  endfacet
  facet normal 1 -0 0
    outer loop
      vertex 24 -1.54508 24.7553
      vertex 24 -0.782172 15.0616
      vertex 24 -0.782172 24.9384
    endloop
  endfacet
  facet normal 1 0 0
    outer loop
      vertex 24 -1.54508 24.7553
      vertex 24 -1.54508 15.2447
      vertex 24 -0.782172 15.0616
    endloop
  endfacet
  facet normal 1 -0 0
    outer loop
      vertex 24 -2.26995 24.455
      vertex 24 -1.54508 15.2447
      vertex 24 -1.54508 24.7553
    endloop
  endfacet
  facet normal 1 0 0
    outer loop
      vertex 24 -2.26995 24.455
      vertex 24 -2.26995 15.545
      vertex 24 -1.54508 15.2447
    endloop
  endfacet
  facet normal 1 -0 0
    outer loop
      vertex 24 -2.93893 24.0451
      vertex 24 -2.26995 15.545
      vertex 24 -2.26995 24.455
    endloop
  endfacet
  facet normal 1 0 0
    outer loop
      vertex 24 -2.93893 24.0451
      vertex 24 -2.93893 15.9549
      vertex 24 -2.26995 15.545
    endloop
  endfacet
  facet normal 1 -0 0
    outer loop
      vertex 24 -3.53553 23.5355
      vertex 24 -2.93893 15.9549
      vertex 24 -2.93893 24.0451
    endloop
  endfacet
  facet normal 1 0 0
    outer loop
      vertex 24 -3.53553 23.5355
      vertex 24 -3.53553 16.4645
      vertex 24 -2.93893 15.9549
    endloop
  endfacet
  facet normal 1 -0 0
    outer loop
      vertex 24 -4.04508 22.9389
      vertex 24 -3.53553 16.4645
      vertex 24 -3.53553 23.5355
    endloop
  endfacet
  facet normal 1 0 0
    outer loop
      vertex 24 -4.04508 22.9389
      vertex 24 -4.04508 17.0611
      vertex 24 -3.53553 16.4645
    endloop
  endfacet
  facet normal 1 -0 0
    outer loop
      vertex 24 -4.45503 22.27
      vertex 24 -4.04508 17.0611
      vertex 24 -4.04508 22.9389
    endloop
  endfacet
  facet normal 1 0 0
    outer loop
      vertex 24 -4.45503 22.27
      vertex 24 -4.45503 17.73
      vertex 24 -4.04508 17.0611
    endloop
  endfacet
  facet normal 1 -0 0
    outer loop
      vertex 24 -4.75528 21.5451
      vertex 24 -4.45503 17.73
      vertex 24 -4.45503 22.27
    endloop
  endfacet
  facet normal 1 0 0
    outer loop
      vertex 24 -4.75528 21.5451
      vertex 24 -4.75528 18.4549
      vertex 24 -4.45503 17.73
    endloop
  endfacet
  facet normal 1 -0 0
    outer loop
      vertex 24 -4.93844 20.7822
      vertex 24 -4.75528 18.4549
      vertex 24 -4.75528 21.5451
    endloop
  endfacet
  facet normal 1 0 0
    outer loop
      vertex 24 -4.93844 20.7822
      vertex 24 -4.93844 19.2178
      vertex 24 -4.75528 18.4549
    endloop
  endfacet
  facet normal 1 0 -0
    outer loop
      vertex 24 -4.93844 19.2178
      vertex 24 -4.93844 20.7822
      vertex 24 -5 20
    endloop
  endfacet
  facet normal 0 0.852613 -0.522543
    outer loop
      vertex 19.5338 4.04508 17.0611
      vertex 24 4.45503 17.73
      vertex 24 4.04508 17.0611
    endloop
  endfacet
  facet normal 0 0.852613 -0.522543
    outer loop
      vertex 24 4.45503 17.73
      vertex 19.5338 4.04508 17.0611
      vertex 19.4353 4.45503 17.73
    endloop
  endfacet
  facet normal 0 0.852613 -0.522543
    outer loop
      vertex -19.5338 4.04508 17.0611
      vertex -24 4.45503 17.73
      vertex -19.4353 4.45503 17.73
    endloop
  endfacet
  facet normal 0 0.852613 -0.522543
    outer loop
      vertex -24 4.45503 17.73
      vertex -19.5338 4.04508 17.0611
      vertex -24 4.04508 17.0611
    endloop
  endfacet
  facet normal 0 0.522451 -0.852669
    outer loop
      vertex -24 2.93893 15.9549
      vertex -19.8214 2.26995 15.545
      vertex -24 2.26995 15.545
    endloop
  endfacet
  facet normal 0 0.522451 -0.852669
    outer loop
      vertex -19.8214 2.26995 15.545
      vertex -24 2.93893 15.9549
      vertex -19.7687 2.93893 15.9549
    endloop
  endfacet
  facet normal 0 0.522451 -0.852669
    outer loop
      vertex 19.8214 2.26995 15.545
      vertex 24 2.93893 15.9549
      vertex 24 2.26995 15.545
    endloop
  endfacet
  facet normal 0 0.522451 -0.852669
    outer loop
      vertex 24 2.93893 15.9549
      vertex 19.8214 2.26995 15.545
      vertex 19.7687 2.93893 15.9549
    endloop
  endfacet
  facet normal -0 0.078512 0.996913
    outer loop
      vertex -24 0.782172 24.9384
      vertex -22 0 25
      vertex -22 0.782172 24.9384
    endloop
  endfacet
  facet normal 0 0.078512 0.996913
    outer loop
      vertex -22 0 25
      vertex -24 0.782172 24.9384
      vertex -24 0 25
    endloop
  endfacet
  facet normal -0 0.078512 0.996913
    outer loop
      vertex 22 0.782172 24.9384
      vertex 24 0 25
      vertex 24 0.782172 24.9384
    endloop
  endfacet
  facet normal 0 0.078512 0.996913
    outer loop
      vertex 24 0 25
      vertex 22 0.782172 24.9384
      vertex 22 0 25
    endloop
  endfacet
  facet normal 0 -0.078512 -0.996913
    outer loop
      vertex -24 -0.782172 15.0616
      vertex -22 0 15
      vertex -22 -0.782172 15.0616
    endloop
  endfacet
  facet normal -0 -0.078512 -0.996913
    outer loop
      vertex -22 0 15
      vertex -24 -0.782172 15.0616
      vertex -24 0 15
    endloop
  endfacet
  facet normal 0 -0.078512 -0.996913
    outer loop
      vertex 22 -0.782172 15.0616
      vertex 24 0 15
      vertex 24 -0.782172 15.0616
    endloop
  endfacet
  facet normal -0 -0.078512 -0.996913
    outer loop
      vertex 24 0 15
      vertex 22 -0.782172 15.0616
      vertex 22 0 15
    endloop
  endfacet
  facet normal 0 0.760403 -0.649452
    outer loop
      vertex -19.6561 3.53553 16.4645
      vertex -24 4.04508 17.0611
      vertex -19.5338 4.04508 17.0611
    endloop
  endfacet
  facet normal 0 0.760403 -0.649452
    outer loop
      vertex -24 4.04508 17.0611
      vertex -19.6561 3.53553 16.4645
      vertex -24 3.53553 16.4645
    endloop
  endfacet
  facet normal 0 0.760403 -0.649452
    outer loop
      vertex 19.6561 3.53553 16.4645
      vertex 24 4.04508 17.0611
      vertex 24 3.53553 16.4645
    endloop
  endfacet
  facet normal 0 0.760403 -0.649452
    outer loop
      vertex 24 4.04508 17.0611
      vertex 19.6561 3.53553 16.4645
      vertex 19.5338 4.04508 17.0611
    endloop
  endfacet
  facet normal 0 0.923886 0.382669
    outer loop
      vertex 24 4.75528 21.5451
      vertex 19.4353 4.45503 22.27
      vertex 24 4.45503 22.27
    endloop
  endfacet
  facet normal 0 0.923886 0.382669
    outer loop
      vertex 19.4353 4.45503 22.27
      vertex 24 4.75528 21.5451
      vertex 19.3633 4.75528 21.5451
    endloop
  endfacet
  facet normal -0 0.923886 0.382669
    outer loop
      vertex -24 4.75528 21.5451
      vertex -19.4353 4.45503 22.27
      vertex -19.3633 4.75528 21.5451
    endloop
  endfacet
  facet normal 0 0.923886 0.382669
    outer loop
      vertex -19.4353 4.45503 22.27
      vertex -24 4.75528 21.5451
      vertex -24 4.45503 22.27
    endloop
  endfacet
  facet normal 0 0.972369 0.23345
    outer loop
      vertex 24 4.93844 20.7822
      vertex 19.3633 4.75528 21.5451
      vertex 24 4.75528 21.5451
    endloop
  endfacet
  facet normal 0 0.972369 0.23345
    outer loop
      vertex 19.3633 4.75528 21.5451
      vertex 24 4.93844 20.7822
      vertex 19.3193 4.93844 20.7822
    endloop
  endfacet
  facet normal -0 0.972369 0.23345
    outer loop
      vertex -24 4.93844 20.7822
      vertex -19.3633 4.75528 21.5451
      vertex -19.3193 4.93844 20.7822
    endloop
  endfacet
  facet normal 0 0.972369 0.23345
    outer loop
      vertex -19.3633 4.75528 21.5451
      vertex -24 4.93844 20.7822
      vertex -24 4.75528 21.5451
    endloop
  endfacet
  facet normal 0 0.923886 -0.382669
    outer loop
      vertex 19.4353 4.45503 17.73
      vertex 24 4.75528 18.4549
      vertex 24 4.45503 17.73
    endloop
  endfacet
  facet normal 0 0.923886 -0.382669
    outer loop
      vertex 24 4.75528 18.4549
      vertex 19.4353 4.45503 17.73
      vertex 19.3633 4.75528 18.4549
    endloop
  endfacet
  facet normal 0 0.923886 -0.382669
    outer loop
      vertex -19.4353 4.45503 17.73
      vertex -24 4.75528 18.4549
      vertex -19.3633 4.75528 18.4549
    endloop
  endfacet
  facet normal 0 0.923886 -0.382669
    outer loop
      vertex -24 4.75528 18.4549
      vertex -19.4353 4.45503 17.73
      vertex -24 4.45503 17.73
    endloop
  endfacet
  facet normal 0 0.852613 0.522543
    outer loop
      vertex 24 4.45503 22.27
      vertex 19.5338 4.04508 22.9389
      vertex 24 4.04508 22.9389
    endloop
  endfacet
  facet normal 0 0.852613 0.522543
    outer loop
      vertex 19.5338 4.04508 22.9389
      vertex 24 4.45503 22.27
      vertex 19.4353 4.45503 22.27
    endloop
  endfacet
  facet normal -0 0.852613 0.522543
    outer loop
      vertex -24 4.45503 22.27
      vertex -19.5338 4.04508 22.9389
      vertex -19.4353 4.45503 22.27
    endloop
  endfacet
  facet normal 0 0.852613 0.522543
    outer loop
      vertex -19.5338 4.04508 22.9389
      vertex -24 4.45503 22.27
      vertex -24 4.04508 22.9389
    endloop
  endfacet
  facet normal 0 0.996917 0.0784585
    outer loop
      vertex 24 5 20
      vertex 19.3193 4.93844 20.7822
      vertex 24 4.93844 20.7822
    endloop
  endfacet
  facet normal 0 0.996917 0.0784585
    outer loop
      vertex 19.3193 4.93844 20.7822
      vertex 24 5 20
      vertex 19.3045 5 20
    endloop
  endfacet
  facet normal -0 0.996917 0.0784585
    outer loop
      vertex -24 5 20
      vertex -19.3193 4.93844 20.7822
      vertex -19.3045 5 20
    endloop
  endfacet
  facet normal 0 0.996917 0.0784585
    outer loop
      vertex -19.3193 4.93844 20.7822
      vertex -24 5 20
      vertex -24 4.93844 20.7822
    endloop
  endfacet
  facet normal 0 -0.760403 0.649452
    outer loop
      vertex -24 -4.04508 22.9389
      vertex -19.6561 -3.53553 23.5355
      vertex -24 -3.53553 23.5355
    endloop
  endfacet
  facet normal 0 -0.760403 0.649452
    outer loop
      vertex -19.6561 -3.53553 23.5355
      vertex -24 -4.04508 22.9389
      vertex -19.5338 -4.04508 22.9389
    endloop
  endfacet
  facet normal 0 -0.760403 0.649452
    outer loop
      vertex 24 -4.04508 22.9389
      vertex 19.6561 -3.53553 23.5355
      vertex 19.5338 -4.04508 22.9389
    endloop
  endfacet
  facet normal 0 -0.760403 0.649452
    outer loop
      vertex 19.6561 -3.53553 23.5355
      vertex 24 -4.04508 22.9389
      vertex 24 -3.53553 23.5355
    endloop
  endfacet
  facet normal 0 0.996917 -0.0784585
    outer loop
      vertex -19.3193 4.93844 19.2178
      vertex -24 5 20
      vertex -19.3045 5 20
    endloop
  endfacet
  facet normal 0 0.996917 -0.0784585
    outer loop
      vertex -24 5 20
      vertex -19.3193 4.93844 19.2178
      vertex -24 4.93844 19.2178
    endloop
  endfacet
  facet normal 0 0.996917 -0.0784585
    outer loop
      vertex 19.3193 4.93844 19.2178
      vertex 24 5 20
      vertex 24 4.93844 19.2178
    endloop
  endfacet
  facet normal 0 0.996917 -0.0784585
    outer loop
      vertex 24 5 20
      vertex 19.3193 4.93844 19.2178
      vertex 19.3045 5 20
    endloop
  endfacet
  facet normal 0 -0.972369 0.23345
    outer loop
      vertex -24 -4.93844 20.7822
      vertex -19.3633 -4.75528 21.5451
      vertex -24 -4.75528 21.5451
    endloop
  endfacet
  facet normal 0 -0.972369 0.23345
    outer loop
      vertex -19.3633 -4.75528 21.5451
      vertex -24 -4.93844 20.7822
      vertex -19.3193 -4.93844 20.7822
    endloop
  endfacet
  facet normal 0 -0.972369 0.23345
    outer loop
      vertex 24 -4.93844 20.7822
      vertex 19.3633 -4.75528 21.5451
      vertex 19.3193 -4.93844 20.7822
    endloop
  endfacet
  facet normal 0 -0.972369 0.23345
    outer loop
      vertex 19.3633 -4.75528 21.5451
      vertex 24 -4.93844 20.7822
      vertex 24 -4.75528 21.5451
    endloop
  endfacet
  facet normal 0 -0.2334 0.972381
    outer loop
      vertex -22 -0.782172 24.9384
      vertex -24 -0.782172 24.9384
      vertex -22 -1.5 24.7661
    endloop
  endfacet
  facet normal 0 -0.232981 0.972481
    outer loop
      vertex -22 -1.5 24.7661
      vertex -19.8784 -1.54508 24.7553
      vertex -19.8819 -1.5 24.7661
    endloop
  endfacet
  facet normal 0 -0.232981 0.972481
    outer loop
      vertex -22 -1.5 24.7661
      vertex -24 -1.54508 24.7553
      vertex -19.8784 -1.54508 24.7553
    endloop
  endfacet
  facet normal 9.39467e-06 -0.233375 0.972387
    outer loop
      vertex -24 -1.54508 24.7553
      vertex -22 -1.5 24.7661
      vertex -24 -0.782172 24.9384
    endloop
  endfacet
  facet normal 0 -0.2334 0.972381
    outer loop
      vertex 22 -1.5 24.7661
      vertex 24 -0.782172 24.9384
      vertex 22 -0.782172 24.9384
    endloop
  endfacet
  facet normal -9.39467e-06 -0.233375 0.972387
    outer loop
      vertex 24 -0.782172 24.9384
      vertex 22 -1.5 24.7661
      vertex 24 -1.54508 24.7553
    endloop
  endfacet
  facet normal 0 -0.232981 0.972481
    outer loop
      vertex 19.8784 -1.54508 24.7553
      vertex 22 -1.5 24.7661
      vertex 19.8819 -1.5 24.7661
    endloop
  endfacet
  facet normal 0 -0.232981 0.972481
    outer loop
      vertex 22 -1.5 24.7661
      vertex 19.8784 -1.54508 24.7553
      vertex 24 -1.54508 24.7553
    endloop
  endfacet
  facet normal 0 -0.649517 0.760347
    outer loop
      vertex -24 -2.93893 24.0451
      vertex -19.7538 -3.12869 23.883
      vertex -19.7687 -2.93893 24.0451
    endloop
  endfacet
  facet normal 2.15029e-06 -0.649489 0.760371
    outer loop
      vertex -24 -3.53553 23.5355
      vertex -19.7538 -3.12869 23.883
      vertex -24 -2.93893 24.0451
    endloop
  endfacet
  facet normal 0 -0.649476 0.760382
    outer loop
      vertex -19.7538 -3.12869 23.883
      vertex -24 -3.53553 23.5355
      vertex -19.6561 -3.53553 23.5355
    endloop
  endfacet
  facet normal 0 -0.649517 0.760347
    outer loop
      vertex 19.7538 -3.12869 23.883
      vertex 24 -2.93893 24.0451
      vertex 19.7687 -2.93893 24.0451
    endloop
  endfacet
  facet normal -2.15029e-06 -0.649489 0.760371
    outer loop
      vertex 24 -2.93893 24.0451
      vertex 19.7538 -3.12869 23.883
      vertex 24 -3.53553 23.5355
    endloop
  endfacet
  facet normal 0 -0.649476 0.760382
    outer loop
      vertex 24 -3.53553 23.5355
      vertex 19.7538 -3.12869 23.883
      vertex 19.6561 -3.53553 23.5355
    endloop
  endfacet
  facet normal 0 -0.760403 -0.649452
    outer loop
      vertex 19.6561 -3.53553 16.4645
      vertex 24 -4.04508 17.0611
      vertex 19.5338 -4.04508 17.0611
    endloop
  endfacet
  facet normal 0 -0.760403 -0.649452
    outer loop
      vertex 24 -4.04508 17.0611
      vertex 19.6561 -3.53553 16.4645
      vertex 24 -3.53553 16.4645
    endloop
  endfacet
  facet normal -0 -0.760403 -0.649452
    outer loop
      vertex -19.6561 -3.53553 16.4645
      vertex -24 -4.04508 17.0611
      vertex -24 -3.53553 16.4645
    endloop
  endfacet
  facet normal 0 -0.760403 -0.649452
    outer loop
      vertex -24 -4.04508 17.0611
      vertex -19.6561 -3.53553 16.4645
      vertex -19.5338 -4.04508 17.0611
    endloop
  endfacet
  facet normal 0 -0.382737 0.923857
    outer loop
      vertex -24 -2.26995 24.455
      vertex -19.8784 -1.54508 24.7553
      vertex -24 -1.54508 24.7553
    endloop
  endfacet
  facet normal 0 -0.382737 0.923857
    outer loop
      vertex -19.8784 -1.54508 24.7553
      vertex -24 -2.26995 24.455
      vertex -19.8214 -2.26995 24.455
    endloop
  endfacet
  facet normal 0 -0.382737 0.923857
    outer loop
      vertex 19.8784 -1.54508 24.7553
      vertex 24 -2.26995 24.455
      vertex 24 -1.54508 24.7553
    endloop
  endfacet
  facet normal 0 -0.382737 0.923857
    outer loop
      vertex 24 -2.26995 24.455
      vertex 19.8784 -1.54508 24.7553
      vertex 19.8214 -2.26995 24.455
    endloop
  endfacet
  facet normal 0 0.972369 -0.23345
    outer loop
      vertex -19.3633 4.75528 18.4549
      vertex -24 4.93844 19.2178
      vertex -19.3193 4.93844 19.2178
    endloop
  endfacet
  facet normal 0 0.972369 -0.23345
    outer loop
      vertex -24 4.93844 19.2178
      vertex -19.3633 4.75528 18.4549
      vertex -24 4.75528 18.4549
    endloop
  endfacet
  facet normal 0 0.972369 -0.23345
    outer loop
      vertex 19.3633 4.75528 18.4549
      vertex 24 4.93844 19.2178
      vertex 24 4.75528 18.4549
    endloop
  endfacet
  facet normal 0 0.972369 -0.23345
    outer loop
      vertex 24 4.93844 19.2178
      vertex 19.3633 4.75528 18.4549
      vertex 19.3193 4.93844 19.2178
    endloop
  endfacet
  facet normal 0 -0.923886 -0.382669
    outer loop
      vertex 19.4353 -4.45503 17.73
      vertex 24 -4.75528 18.4549
      vertex 19.3633 -4.75528 18.4549
    endloop
  endfacet
  facet normal 0 -0.923886 -0.382669
    outer loop
      vertex 24 -4.75528 18.4549
      vertex 19.4353 -4.45503 17.73
      vertex 24 -4.45503 17.73
    endloop
  endfacet
  facet normal -0 -0.923886 -0.382669
    outer loop
      vertex -19.4353 -4.45503 17.73
      vertex -24 -4.75528 18.4549
      vertex -24 -4.45503 17.73
    endloop
  endfacet
  facet normal 0 -0.923886 -0.382669
    outer loop
      vertex -24 -4.75528 18.4549
      vertex -19.4353 -4.45503 17.73
      vertex -19.3633 -4.75528 18.4549
    endloop
  endfacet
  facet normal 0 -0.522451 0.852669
    outer loop
      vertex -24 -2.93893 24.0451
      vertex -19.8214 -2.26995 24.455
      vertex -24 -2.26995 24.455
    endloop
  endfacet
  facet normal 0 -0.522451 0.852669
    outer loop
      vertex -19.8214 -2.26995 24.455
      vertex -24 -2.93893 24.0451
      vertex -19.7687 -2.93893 24.0451
    endloop
  endfacet
  facet normal 0 -0.522451 0.852669
    outer loop
      vertex 19.8214 -2.26995 24.455
      vertex 24 -2.93893 24.0451
      vertex 24 -2.26995 24.455
    endloop
  endfacet
  facet normal 0 -0.522451 0.852669
    outer loop
      vertex 24 -2.93893 24.0451
      vertex 19.8214 -2.26995 24.455
      vertex 19.7687 -2.93893 24.0451
    endloop
  endfacet
  facet normal 0 -0.996917 0.0784585
    outer loop
      vertex 24 -5 20
      vertex 19.3193 -4.93844 20.7822
      vertex 19.3045 -5 20
    endloop
  endfacet
  facet normal 0 -0.996917 0.0784585
    outer loop
      vertex 19.3193 -4.93844 20.7822
      vertex 24 -5 20
      vertex 24 -4.93844 20.7822
    endloop
  endfacet
  facet normal 0 -0.996917 0.0784585
    outer loop
      vertex -24 -5 20
      vertex -19.3193 -4.93844 20.7822
      vertex -24 -4.93844 20.7822
    endloop
  endfacet
  facet normal 0 -0.996917 0.0784585
    outer loop
      vertex -19.3193 -4.93844 20.7822
      vertex -24 -5 20
      vertex -19.3045 -5 20
    endloop
  endfacet
  facet normal -1 0 0
    outer loop
      vertex -24 4.93844 19.2178
      vertex -24 4.93844 20.7822
      vertex -24 5 20
    endloop
  endfacet
  facet normal -1 0 0
    outer loop
      vertex -24 4.75528 18.4549
      vertex -24 4.93844 20.7822
      vertex -24 4.93844 19.2178
    endloop
  endfacet
  facet normal -1 0 0
    outer loop
      vertex -24 4.75528 18.4549
      vertex -24 4.75528 21.5451
      vertex -24 4.93844 20.7822
    endloop
  endfacet
  facet normal -1 0 0
    outer loop
      vertex -24 4.45503 17.73
      vertex -24 4.75528 21.5451
      vertex -24 4.75528 18.4549
    endloop
  endfacet
  facet normal -1 0 0
    outer loop
      vertex -24 4.45503 17.73
      vertex -24 4.45503 22.27
      vertex -24 4.75528 21.5451
    endloop
  endfacet
  facet normal -1 0 0
    outer loop
      vertex -24 4.04508 17.0611
      vertex -24 4.45503 22.27
      vertex -24 4.45503 17.73
    endloop
  endfacet
  facet normal -1 0 0
    outer loop
      vertex -24 4.04508 17.0611
      vertex -24 4.04508 22.9389
      vertex -24 4.45503 22.27
    endloop
  endfacet
  facet normal -1 0 0
    outer loop
      vertex -24 3.53553 16.4645
      vertex -24 4.04508 22.9389
      vertex -24 4.04508 17.0611
    endloop
  endfacet
  facet normal -1 0 0
    outer loop
      vertex -24 3.53553 16.4645
      vertex -24 3.53553 23.5355
      vertex -24 4.04508 22.9389
    endloop
  endfacet
  facet normal -1 0 0
    outer loop
      vertex -24 2.93893 15.9549
      vertex -24 3.53553 23.5355
      vertex -24 3.53553 16.4645
    endloop
  endfacet
  facet normal -1 0 0
    outer loop
      vertex -24 2.93893 15.9549
      vertex -24 2.93893 24.0451
      vertex -24 3.53553 23.5355
    endloop
  endfacet
  facet normal -1 0 0
    outer loop
      vertex -24 2.26995 15.545
      vertex -24 2.93893 24.0451
      vertex -24 2.93893 15.9549
    endloop
  endfacet
  facet normal -1 0 0
    outer loop
      vertex -24 2.26995 15.545
      vertex -24 2.26995 24.455
      vertex -24 2.93893 24.0451
    endloop
  endfacet
  facet normal -1 0 0
    outer loop
      vertex -24 1.54508 15.2447
      vertex -24 2.26995 24.455
      vertex -24 2.26995 15.545
    endloop
  endfacet
  facet normal -1 0 0
    outer loop
      vertex -24 1.54508 15.2447
      vertex -24 1.54508 24.7553
      vertex -24 2.26995 24.455
    endloop
  endfacet
  facet normal -1 0 0
    outer loop
      vertex -24 0.782172 15.0616
      vertex -24 1.54508 24.7553
      vertex -24 1.54508 15.2447
    endloop
  endfacet
  facet normal -1 0 0
    outer loop
      vertex -24 0.782172 15.0616
      vertex -24 0.782172 24.9384
      vertex -24 1.54508 24.7553
    endloop
  endfacet
  facet normal -1 0 0
    outer loop
      vertex -24 0 15
      vertex -24 0.782172 24.9384
      vertex -24 0.782172 15.0616
    endloop
  endfacet
  facet normal -1 0 0
    outer loop
      vertex -24 0 15
      vertex -24 0 25
      vertex -24 0.782172 24.9384
    endloop
  endfacet
  facet normal -1 0 0
    outer loop
      vertex -24 -0.782172 15.0616
      vertex -24 0 25
      vertex -24 0 15
    endloop
  endfacet
  facet normal -1 0 0
    outer loop
      vertex -24 -0.782172 15.0616
      vertex -24 -0.782172 24.9384
      vertex -24 0 25
    endloop
  endfacet
  facet normal -1 0 0
    outer loop
      vertex -24 -1.54508 15.2447
      vertex -24 -0.782172 24.9384
      vertex -24 -0.782172 15.0616
    endloop
  endfacet
  facet normal -1 0 0
    outer loop
      vertex -24 -1.54508 15.2447
      vertex -24 -1.54508 24.7553
      vertex -24 -0.782172 24.9384
    endloop
  endfacet
  facet normal -1 0 0
    outer loop
      vertex -24 -2.26995 15.545
      vertex -24 -1.54508 24.7553
      vertex -24 -1.54508 15.2447
    endloop
  endfacet
  facet normal -1 0 0
    outer loop
      vertex -24 -2.26995 15.545
      vertex -24 -2.26995 24.455
      vertex -24 -1.54508 24.7553
    endloop
  endfacet
  facet normal -1 0 0
    outer loop
      vertex -24 -2.93893 15.9549
      vertex -24 -2.26995 24.455
      vertex -24 -2.26995 15.545
    endloop
  endfacet
  facet normal -1 0 0
    outer loop
      vertex -24 -2.93893 15.9549
      vertex -24 -2.93893 24.0451
      vertex -24 -2.26995 24.455
    endloop
  endfacet
  facet normal -1 0 0
    outer loop
      vertex -24 -3.53553 16.4645
      vertex -24 -2.93893 24.0451
      vertex -24 -2.93893 15.9549
    endloop
  endfacet
  facet normal -1 0 0
    outer loop
      vertex -24 -3.53553 16.4645
      vertex -24 -3.53553 23.5355
      vertex -24 -2.93893 24.0451
    endloop
  endfacet
  facet normal -1 0 0
    outer loop
      vertex -24 -4.04508 17.0611
      vertex -24 -3.53553 23.5355
      vertex -24 -3.53553 16.4645
    endloop
  endfacet
  facet normal -1 0 0
    outer loop
      vertex -24 -4.04508 17.0611
      vertex -24 -4.04508 22.9389
      vertex -24 -3.53553 23.5355
    endloop
  endfacet
  facet normal -1 0 0
    outer loop
      vertex -24 -4.45503 17.73
      vertex -24 -4.04508 22.9389
      vertex -24 -4.04508 17.0611
    endloop
  endfacet
  facet normal -1 0 0
    outer loop
      vertex -24 -4.45503 17.73
      vertex -24 -4.45503 22.27
      vertex -24 -4.04508 22.9389
    endloop
  endfacet
  facet normal -1 0 0
    outer loop
      vertex -24 -4.75528 18.4549
      vertex -24 -4.45503 22.27
      vertex -24 -4.45503 17.73
    endloop
  endfacet
  facet normal -1 0 0
    outer loop
      vertex -24 -4.75528 18.4549
      vertex -24 -4.75528 21.5451
      vertex -24 -4.45503 22.27
    endloop
  endfacet
  facet normal -1 0 0
    outer loop
      vertex -24 -4.93844 19.2178
      vertex -24 -4.75528 21.5451
      vertex -24 -4.75528 18.4549
    endloop
  endfacet
  facet normal -1 0 0
    outer loop
      vertex -24 -4.93844 19.2178
      vertex -24 -4.93844 20.7822
      vertex -24 -4.75528 21.5451
    endloop
  endfacet
  facet normal -1 0 -0
    outer loop
      vertex -24 -4.93844 20.7822
      vertex -24 -4.93844 19.2178
      vertex -24 -5 20
    endloop
  endfacet
  facet normal 0 -0.852613 0.522543
    outer loop
      vertex -24 -4.45503 22.27
      vertex -19.5338 -4.04508 22.9389
      vertex -24 -4.04508 22.9389
    endloop
  endfacet
  facet normal 0 -0.852613 0.522543
    outer loop
      vertex -19.5338 -4.04508 22.9389
      vertex -24 -4.45503 22.27
      vertex -19.4353 -4.45503 22.27
    endloop
  endfacet
  facet normal 0 -0.852613 0.522543
    outer loop
      vertex 24 -4.45503 22.27
      vertex 19.5338 -4.04508 22.9389
      vertex 19.4353 -4.45503 22.27
    endloop
  endfacet
  facet normal 0 -0.852613 0.522543
    outer loop
      vertex 19.5338 -4.04508 22.9389
      vertex 24 -4.45503 22.27
      vertex 24 -4.04508 22.9389
    endloop
  endfacet
  facet normal 1 0 0
    outer loop
      vertex -72 28 45
      vertex -72 25 38
      vertex -72 28 5
    endloop
  endfacet
  facet normal 1 -0 0
    outer loop
      vertex -72 23 45
      vertex -72 25 38
      vertex -72 28 45
    endloop
  endfacet
  facet normal 1 0 0
    outer loop
      vertex -72 25 38
      vertex -72 23 45
      vertex -72 23 38
    endloop
  endfacet
  facet normal 1 0 0
    outer loop
      vertex -72 28 5
      vertex -72 25 38
      vertex -72 25 5
    endloop
  endfacet
  facet normal 1 0 0
    outer loop
      vertex -72 -23 45
      vertex -72 -25 38
      vertex -72 -23 38
    endloop
  endfacet
  facet normal 1 -0 0
    outer loop
      vertex -72 -28 45
      vertex -72 -25 38
      vertex -72 -23 45
    endloop
  endfacet
  facet normal 1 0 0
    outer loop
      vertex -72 -28 5
      vertex -72 -25 38
      vertex -72 -28 45
    endloop
  endfacet
  facet normal 1 0 0
    outer loop
      vertex -72 -25 38
      vertex -72 -28 5
      vertex -72 -25 5
    endloop
  endfacet
  facet normal 0 0 1
    outer loop
      vertex -72 28 45
      vertex -73 23 45
      vertex -72 23 45
    endloop
  endfacet
  facet normal 0 0 1
    outer loop
      vertex -73 23 45
      vertex -80 28 45
      vertex -73 -23 45
    endloop
  endfacet
  facet normal -0 0 1
    outer loop
      vertex -80 28 45
      vertex -73 23 45
      vertex -72 28 45
    endloop
  endfacet
  facet normal -0 0 1
    outer loop
      vertex -73 -23 45
      vertex -72 -28 45
      vertex -72 -23 45
    endloop
  endfacet
  facet normal 0 0 1
    outer loop
      vertex -73 -23 45
      vertex -80 -28 45
      vertex -72 -28 45
    endloop
  endfacet
  facet normal 0 0 1
    outer loop
      vertex -80 -28 45
      vertex -73 -23 45
      vertex -80 28 45
    endloop
  endfacet
  facet normal 0 0 -1
    outer loop
      vertex -72 -28 5
      vertex -75 -25 5
      vertex -72 -25 5
    endloop
  endfacet
  facet normal -0 0 -1
    outer loop
      vertex -75 -25 5
      vertex -80 -28 5
      vertex -75 25 5
    endloop
  endfacet
  facet normal 0 0 -1
    outer loop
      vertex -80 -28 5
      vertex -75 -25 5
      vertex -72 -28 5
    endloop
  endfacet
  facet normal 0 0 -1
    outer loop
      vertex -75 25 5
      vertex -72 28 5
      vertex -72 25 5
    endloop
  endfacet
  facet normal 0 0 -1
    outer loop
      vertex -75 25 5
      vertex -80 28 5
      vertex -72 28 5
    endloop
  endfacet
  facet normal 0 0 -1
    outer loop
      vertex -80 28 5
      vertex -75 25 5
      vertex -80 -28 5
    endloop
  endfacet
  facet normal -1 0 0
    outer loop
      vertex -80 -28 5
      vertex -80 28 45
      vertex -80 28 5
    endloop
  endfacet
  facet normal -1 -0 0
    outer loop
      vertex -80 28 45
      vertex -80 -28 5
      vertex -80 -28 45
    endloop
  endfacet
  facet normal 0 1 -0
    outer loop
      vertex -72 28 5
      vertex -80 28 45
      vertex -72 28 45
    endloop
  endfacet
  facet normal 0 1 0
    outer loop
      vertex -80 28 45
      vertex -72 28 5
      vertex -80 28 5
    endloop
  endfacet
  facet normal 0 -1 0
    outer loop
      vertex -80 -28 5
      vertex -72 -28 45
      vertex -80 -28 45
    endloop
  endfacet
  facet normal 0 -1 -0
    outer loop
      vertex -72 -28 45
      vertex -80 -28 5
      vertex -72 -28 5
    endloop
  endfacet
endsolid OpenSCAD_Model
