solid OpenSCAD_Model
  facet normal 1 0 0
    outer loop
      vertex 37 14 22
      vertex 37 12 20
      vertex 37 14 -2
    endloop
  endfacet
  facet normal 1 0 0
    outer loop
      vertex 37 14 22
      vertex 37 -12 20
      vertex 37 12 20
    endloop
  endfacet
  facet normal 1 0 0
    outer loop
      vertex 37 -12 20
      vertex 37 -14 22
      vertex 37 -12 0
    endloop
  endfacet
  facet normal 1 -0 0
    outer loop
      vertex 37 -14 22
      vertex 37 -12 20
      vertex 37 14 22
    endloop
  endfacet
  facet normal 1 -0 0
    outer loop
      vertex 37 12 0
      vertex 37 14 -2
      vertex 37 12 20
    endloop
  endfacet
  facet normal 1 -0 0
    outer loop
      vertex 37 -12 0
      vertex 37 14 -2
      vertex 37 12 0
    endloop
  endfacet
  facet normal 1 0 0
    outer loop
      vertex 37 -12 0
      vertex 37 -14 -2
      vertex 37 14 -2
    endloop
  endfacet
  facet normal 1 0 0
    outer loop
      vertex 37 -14 -2
      vertex 37 -12 0
      vertex 37 -14 22
    endloop
  endfacet
  facet normal -0 0 1
    outer loop
      vertex 25 14 22
      vertex 37 -14 22
      vertex 37 14 22
    endloop
  endfacet
  facet normal 0 0 1
    outer loop
      vertex 37 -14 22
      vertex 25 14 22
      vertex 25 -14 22
    endloop
  endfacet
  facet normal 0 0 -1
    outer loop
      vertex 25 -14 -2
      vertex 37 14 -2
      vertex 37 -14 -2
    endloop
  endfacet
  facet normal -0 0 -1
    outer loop
      vertex 37 14 -2
      vertex 25 -14 -2
      vertex 25 14 -2
    endloop
  endfacet
  facet normal -1 0 0
    outer loop
      vertex 25 -14 -2
      vertex 25 14 22
      vertex 25 14 -2
    endloop
  endfacet
  facet normal -1 -0 0
    outer loop
      vertex 25 14 22
      vertex 25 -14 -2
      vertex 25 -14 22
    endloop
  endfacet
  facet normal 0 1 -0
    outer loop
      vertex 37 14 -2
      vertex 25 14 22
      vertex 37 14 22
    endloop
  endfacet
  facet normal 0 1 0
    outer loop
      vertex 25 14 22
      vertex 37 14 -2
      vertex 25 14 -2
    endloop
  endfacet
  facet normal 0 -1 0
    outer loop
      vertex 28.3911 -14 12.4692
      vertex 25 -14 22
      vertex 28 -14 12.5
    endloop
  endfacet
  facet normal 0 -1 0
    outer loop
      vertex 25 -14 22
      vertex 27.6089 -14 12.4692
      vertex 28 -14 12.5
    endloop
  endfacet
  facet normal 0 -1 0
    outer loop
      vertex 25 -14 22
      vertex 27.2275 -14 12.3776
      vertex 27.6089 -14 12.4692
    endloop
  endfacet
  facet normal 0 -1 0
    outer loop
      vertex 25 -14 22
      vertex 26.865 -14 12.2275
      vertex 27.2275 -14 12.3776
    endloop
  endfacet
  facet normal 0 -1 0
    outer loop
      vertex 25 -14 22
      vertex 26.5305 -14 12.0225
      vertex 26.865 -14 12.2275
    endloop
  endfacet
  facet normal 0 -1 0
    outer loop
      vertex 25 -14 22
      vertex 26.2322 -14 11.7678
      vertex 26.5305 -14 12.0225
    endloop
  endfacet
  facet normal 0 -1 0
    outer loop
      vertex 25 -14 22
      vertex 25.9775 -14 11.4695
      vertex 26.2322 -14 11.7678
    endloop
  endfacet
  facet normal 0 -1 0
    outer loop
      vertex 25 -14 22
      vertex 25.7725 -14 11.135
      vertex 25.9775 -14 11.4695
    endloop
  endfacet
  facet normal 0 -1 0
    outer loop
      vertex 25 -14 22
      vertex 25.6224 -14 10.7725
      vertex 25.7725 -14 11.135
    endloop
  endfacet
  facet normal 0 -1 0
    outer loop
      vertex 25 -14 22
      vertex 25.5308 -14 10.3911
      vertex 25.6224 -14 10.7725
    endloop
  endfacet
  facet normal 0 -1 0
    outer loop
      vertex 25 -14 22
      vertex 25.5 -14 10
      vertex 25.5308 -14 10.3911
    endloop
  endfacet
  facet normal 0 -1 -0
    outer loop
      vertex 27.6089 -14 7.53078
      vertex 25 -14 -2
      vertex 28 -14 7.5
    endloop
  endfacet
  facet normal 0 -1 -0
    outer loop
      vertex 27.2275 -14 7.62236
      vertex 25 -14 -2
      vertex 27.6089 -14 7.53078
    endloop
  endfacet
  facet normal 0 -1 -0
    outer loop
      vertex 26.865 -14 7.77248
      vertex 25 -14 -2
      vertex 27.2275 -14 7.62236
    endloop
  endfacet
  facet normal 0 -1 -0
    outer loop
      vertex 26.5305 -14 7.97746
      vertex 25 -14 -2
      vertex 26.865 -14 7.77248
    endloop
  endfacet
  facet normal 0 -1 -0
    outer loop
      vertex 26.2322 -14 8.23223
      vertex 25 -14 -2
      vertex 26.5305 -14 7.97746
    endloop
  endfacet
  facet normal 0 -1 -0
    outer loop
      vertex 25.9775 -14 8.53054
      vertex 25 -14 -2
      vertex 26.2322 -14 8.23223
    endloop
  endfacet
  facet normal 0 -1 -0
    outer loop
      vertex 25.7725 -14 8.86502
      vertex 25 -14 -2
      vertex 25.9775 -14 8.53054
    endloop
  endfacet
  facet normal 0 -1 -0
    outer loop
      vertex 25.6224 -14 9.22746
      vertex 25 -14 -2
      vertex 25.7725 -14 8.86502
    endloop
  endfacet
  facet normal 0 -1 -0
    outer loop
      vertex 25.5308 -14 9.60891
      vertex 25 -14 -2
      vertex 25.6224 -14 9.22746
    endloop
  endfacet
  facet normal 0 -1 -0
    outer loop
      vertex 25.5 -14 10
      vertex 25 -14 -2
      vertex 25.5308 -14 9.60891
    endloop
  endfacet
  facet normal 0 -1 0
    outer loop
      vertex 25 -14 -2
      vertex 25.5 -14 10
      vertex 25 -14 22
    endloop
  endfacet
  facet normal 0 -1 0
    outer loop
      vertex 28.7725 -14 12.3776
      vertex 25 -14 22
      vertex 28.3911 -14 12.4692
    endloop
  endfacet
  facet normal 0 -1 0
    outer loop
      vertex 25 -14 22
      vertex 28.7725 -14 12.3776
      vertex 37 -14 22
    endloop
  endfacet
  facet normal 0 -1 0
    outer loop
      vertex 29.135 -14 12.2275
      vertex 37 -14 22
      vertex 28.7725 -14 12.3776
    endloop
  endfacet
  facet normal 0 -1 0
    outer loop
      vertex 29.4695 -14 12.0225
      vertex 37 -14 22
      vertex 29.135 -14 12.2275
    endloop
  endfacet
  facet normal 0 -1 0
    outer loop
      vertex 29.7678 -14 11.7678
      vertex 37 -14 22
      vertex 29.4695 -14 12.0225
    endloop
  endfacet
  facet normal 0 -1 0
    outer loop
      vertex 30.0225 -14 11.4695
      vertex 37 -14 22
      vertex 29.7678 -14 11.7678
    endloop
  endfacet
  facet normal 0 -1 0
    outer loop
      vertex 30.2275 -14 11.135
      vertex 37 -14 22
      vertex 30.0225 -14 11.4695
    endloop
  endfacet
  facet normal 0 -1 0
    outer loop
      vertex 30.3776 -14 10.7725
      vertex 37 -14 22
      vertex 30.2275 -14 11.135
    endloop
  endfacet
  facet normal 0 -1 0
    outer loop
      vertex 30.4692 -14 10.3911
      vertex 37 -14 22
      vertex 30.3776 -14 10.7725
    endloop
  endfacet
  facet normal 0 -1 0
    outer loop
      vertex 30.5 -14 10
      vertex 37 -14 22
      vertex 30.4692 -14 10.3911
    endloop
  endfacet
  facet normal 0 -1 0
    outer loop
      vertex 37 -14 -2
      vertex 30.5 -14 10
      vertex 30.4692 -14 9.60891
    endloop
  endfacet
  facet normal 0 -1 0
    outer loop
      vertex 37 -14 -2
      vertex 30.4692 -14 9.60891
      vertex 30.3776 -14 9.22746
    endloop
  endfacet
  facet normal 0 -1 0
    outer loop
      vertex 37 -14 -2
      vertex 30.3776 -14 9.22746
      vertex 30.2275 -14 8.86502
    endloop
  endfacet
  facet normal 0 -1 0
    outer loop
      vertex 25 -14 -2
      vertex 28.3911 -14 7.53078
      vertex 28 -14 7.5
    endloop
  endfacet
  facet normal 0 -1 0
    outer loop
      vertex 25 -14 -2
      vertex 28.7725 -14 7.62236
      vertex 28.3911 -14 7.53078
    endloop
  endfacet
  facet normal 0 -1 0
    outer loop
      vertex 37 -14 -2
      vertex 28.7725 -14 7.62236
      vertex 25 -14 -2
    endloop
  endfacet
  facet normal 0 -1 0
    outer loop
      vertex 28.7725 -14 7.62236
      vertex 37 -14 -2
      vertex 29.135 -14 7.77248
    endloop
  endfacet
  facet normal 0 -1 0
    outer loop
      vertex 29.135 -14 7.77248
      vertex 37 -14 -2
      vertex 29.4695 -14 7.97746
    endloop
  endfacet
  facet normal 0 -1 0
    outer loop
      vertex 29.4695 -14 7.97746
      vertex 37 -14 -2
      vertex 29.7678 -14 8.23223
    endloop
  endfacet
  facet normal 0 -1 0
    outer loop
      vertex 29.7678 -14 8.23223
      vertex 37 -14 -2
      vertex 30.0225 -14 8.53054
    endloop
  endfacet
  facet normal 0 -1 0
    outer loop
      vertex 30.0225 -14 8.53054
      vertex 37 -14 -2
      vertex 30.2275 -14 8.86502
    endloop
  endfacet
  facet normal 0 -1 0
    outer loop
      vertex 30.5 -14 10
      vertex 37 -14 -2
      vertex 37 -14 22
    endloop
  endfacet
  facet normal 1 -0 0
    outer loop
      vertex 87 5.70634 6.8541
      vertex 87 14 -2
      vertex 87 14 22
    endloop
  endfacet
  facet normal 1 0 0
    outer loop
      vertex 87 14 -2
      vertex 87 5.92613 5.93861
      vertex 87 6 5
    endloop
  endfacet
  facet normal 1 0 0
    outer loop
      vertex 87 14 -2
      vertex 87 5.70634 6.8541
      vertex 87 5.92613 5.93861
    endloop
  endfacet
  facet normal 1 0 0
    outer loop
      vertex 87 14 22
      vertex 87 5.34604 7.72394
      vertex 87 5.70634 6.8541
    endloop
  endfacet
  facet normal 1 0 0
    outer loop
      vertex 87 14 22
      vertex 87 4.8541 8.52671
      vertex 87 5.34604 7.72394
    endloop
  endfacet
  facet normal 1 0 0
    outer loop
      vertex 87 14 22
      vertex 87 4.24264 9.24264
      vertex 87 4.8541 8.52671
    endloop
  endfacet
  facet normal 1 0 0
    outer loop
      vertex 87 14 22
      vertex 87 3.52671 9.8541
      vertex 87 4.24264 9.24264
    endloop
  endfacet
  facet normal 1 0 0
    outer loop
      vertex 87 14 22
      vertex 87 2.72394 10.346
      vertex 87 3.52671 9.8541
    endloop
  endfacet
  facet normal 1 0 0
    outer loop
      vertex 87 14 22
      vertex 87 1.8541 10.7063
      vertex 87 2.72394 10.346
    endloop
  endfacet
  facet normal 1 0 0
    outer loop
      vertex 87 14 22
      vertex 87 0.938606 10.9261
      vertex 87 1.8541 10.7063
    endloop
  endfacet
  facet normal 1 0 0
    outer loop
      vertex 87 14 22
      vertex 87 0 11
      vertex 87 0.938606 10.9261
    endloop
  endfacet
  facet normal 1 -0 0
    outer loop
      vertex 87 -14 22
      vertex 87 0 11
      vertex 87 14 22
    endloop
  endfacet
  facet normal 1 0 0
    outer loop
      vertex 87 0 11
      vertex 87 -14 22
      vertex 87 -0.938606 10.9261
    endloop
  endfacet
  facet normal 1 0 0
    outer loop
      vertex 87 -0.938606 10.9261
      vertex 87 -14 22
      vertex 87 -1.8541 10.7063
    endloop
  endfacet
  facet normal 1 0 0
    outer loop
      vertex 87 -1.8541 10.7063
      vertex 87 -14 22
      vertex 87 -2.72394 10.346
    endloop
  endfacet
  facet normal 1 0 0
    outer loop
      vertex 87 -5.70634 6.8541
      vertex 87 -14 -2
      vertex 87 -5.92613 5.93861
    endloop
  endfacet
  facet normal 1 0 0
    outer loop
      vertex 87 -14 -2
      vertex 87 -5.70634 6.8541
      vertex 87 -14 22
    endloop
  endfacet
  facet normal 1 0 0
    outer loop
      vertex 87 -5.34604 7.72394
      vertex 87 -14 22
      vertex 87 -5.70634 6.8541
    endloop
  endfacet
  facet normal 1 0 0
    outer loop
      vertex 87 -4.8541 8.52671
      vertex 87 -14 22
      vertex 87 -5.34604 7.72394
    endloop
  endfacet
  facet normal 1 0 0
    outer loop
      vertex 87 -4.24264 9.24264
      vertex 87 -14 22
      vertex 87 -4.8541 8.52671
    endloop
  endfacet
  facet normal 1 0 0
    outer loop
      vertex 87 -3.52671 9.8541
      vertex 87 -14 22
      vertex 87 -4.24264 9.24264
    endloop
  endfacet
  facet normal 1 0 0
    outer loop
      vertex 87 -2.72394 10.346
      vertex 87 -14 22
      vertex 87 -3.52671 9.8541
    endloop
  endfacet
  facet normal 1 -0 0
    outer loop
      vertex 87 5.92613 4.06139
      vertex 87 14 -2
      vertex 87 6 5
    endloop
  endfacet
  facet normal 1 -0 0
    outer loop
      vertex 87 5.70634 3.1459
      vertex 87 14 -2
      vertex 87 5.92613 4.06139
    endloop
  endfacet
  facet normal 1 -0 0
    outer loop
      vertex 87 5.34604 2.27606
      vertex 87 14 -2
      vertex 87 5.70634 3.1459
    endloop
  endfacet
  facet normal 1 -0 0
    outer loop
      vertex 87 4.8541 1.47329
      vertex 87 14 -2
      vertex 87 5.34604 2.27606
    endloop
  endfacet
  facet normal 1 -0 0
    outer loop
      vertex 87 4.24264 0.757359
      vertex 87 14 -2
      vertex 87 4.8541 1.47329
    endloop
  endfacet
  facet normal 1 -0 0
    outer loop
      vertex 87 3.52671 0.145898
      vertex 87 14 -2
      vertex 87 4.24264 0.757359
    endloop
  endfacet
  facet normal 1 -0 0
    outer loop
      vertex 87 2.72394 -0.346039
      vertex 87 14 -2
      vertex 87 3.52671 0.145898
    endloop
  endfacet
  facet normal 1 -0 0
    outer loop
      vertex 87 1.8541 -0.706339
      vertex 87 14 -2
      vertex 87 2.72394 -0.346039
    endloop
  endfacet
  facet normal 1 -0 0
    outer loop
      vertex 87 0.938606 -0.926129
      vertex 87 14 -2
      vertex 87 1.8541 -0.706339
    endloop
  endfacet
  facet normal 1 -0 0
    outer loop
      vertex 87 0 -1
      vertex 87 14 -2
      vertex 87 0.938606 -0.926129
    endloop
  endfacet
  facet normal 1 0 0
    outer loop
      vertex 87 -5.92613 5.93861
      vertex 87 -14 -2
      vertex 87 -6 5
    endloop
  endfacet
  facet normal 1 0 0
    outer loop
      vertex 87 -6 5
      vertex 87 -14 -2
      vertex 87 -5.92613 4.06139
    endloop
  endfacet
  facet normal 1 0 0
    outer loop
      vertex 87 -5.92613 4.06139
      vertex 87 -14 -2
      vertex 87 -5.70634 3.1459
    endloop
  endfacet
  facet normal 1 0 0
    outer loop
      vertex 87 0 -1
      vertex 87 -14 -2
      vertex 87 14 -2
    endloop
  endfacet
  facet normal 1 0 0
    outer loop
      vertex 87 -0.938606 -0.926129
      vertex 87 -14 -2
      vertex 87 0 -1
    endloop
  endfacet
  facet normal 1 0 0
    outer loop
      vertex 87 -1.8541 -0.706339
      vertex 87 -14 -2
      vertex 87 -0.938606 -0.926129
    endloop
  endfacet
  facet normal 1 0 0
    outer loop
      vertex 87 -2.72394 -0.346039
      vertex 87 -14 -2
      vertex 87 -1.8541 -0.706339
    endloop
  endfacet
  facet normal 1 0 0
    outer loop
      vertex 87 -3.52671 0.145898
      vertex 87 -14 -2
      vertex 87 -2.72394 -0.346039
    endloop
  endfacet
  facet normal 1 0 0
    outer loop
      vertex 87 -4.24264 0.757359
      vertex 87 -14 -2
      vertex 87 -3.52671 0.145898
    endloop
  endfacet
  facet normal 1 0 0
    outer loop
      vertex 87 -4.8541 1.47329
      vertex 87 -14 -2
      vertex 87 -4.24264 0.757359
    endloop
  endfacet
  facet normal 1 0 0
    outer loop
      vertex 87 -5.34604 2.27606
      vertex 87 -14 -2
      vertex 87 -4.8541 1.47329
    endloop
  endfacet
  facet normal 1 0 0
    outer loop
      vertex 87 -5.70634 3.1459
      vertex 87 -14 -2
      vertex 87 -5.34604 2.27606
    endloop
  endfacet
  facet normal -0 0 1
    outer loop
      vertex 82 14 22
      vertex 87 -14 22
      vertex 87 14 22
    endloop
  endfacet
  facet normal 0 0 1
    outer loop
      vertex 87 -14 22
      vertex 82 14 22
      vertex 82 -14 22
    endloop
  endfacet
  facet normal 0 0 -1
    outer loop
      vertex 82 -14 -2
      vertex 87 14 -2
      vertex 87 -14 -2
    endloop
  endfacet
  facet normal -0 0 -1
    outer loop
      vertex 87 14 -2
      vertex 82 -14 -2
      vertex 82 14 -2
    endloop
  endfacet
  facet normal -1 0 0
    outer loop
      vertex 82 14 -2
      vertex 82 12 0
      vertex 82 14 22
    endloop
  endfacet
  facet normal -1 0 0
    outer loop
      vertex 82 14 -2
      vertex 82 -12 0
      vertex 82 12 0
    endloop
  endfacet
  facet normal -1 -0 0
    outer loop
      vertex 82 -12 0
      vertex 82 -14 -2
      vertex 82 -12 20
    endloop
  endfacet
  facet normal -1 0 0
    outer loop
      vertex 82 -14 -2
      vertex 82 -12 0
      vertex 82 14 -2
    endloop
  endfacet
  facet normal -1 0 0
    outer loop
      vertex 82 12 20
      vertex 82 14 22
      vertex 82 12 0
    endloop
  endfacet
  facet normal -1 0 0
    outer loop
      vertex 82 -12 20
      vertex 82 14 22
      vertex 82 12 20
    endloop
  endfacet
  facet normal -1 0 0
    outer loop
      vertex 82 -12 20
      vertex 82 -14 22
      vertex 82 14 22
    endloop
  endfacet
  facet normal -1 0 0
    outer loop
      vertex 82 -14 22
      vertex 82 -12 20
      vertex 82 -14 -2
    endloop
  endfacet
  facet normal 0 1 -0
    outer loop
      vertex 87 14 -2
      vertex 82 14 22
      vertex 87 14 22
    endloop
  endfacet
  facet normal 0 1 0
    outer loop
      vertex 82 14 22
      vertex 87 14 -2
      vertex 82 14 -2
    endloop
  endfacet
  facet normal 0 -1 0
    outer loop
      vertex 82 -14 -2
      vertex 87 -14 22
      vertex 82 -14 22
    endloop
  endfacet
  facet normal 0 -1 -0
    outer loop
      vertex 87 -14 22
      vertex 82 -14 -2
      vertex 87 -14 -2
    endloop
  endfacet
  facet normal 1 0 0
    outer loop
      vertex -10 -17.8426 30
      vertex -10 -18 18.4512
      vertex -10 -17.8426 5
    endloop
  endfacet
  facet normal 1 -0 0
    outer loop
      vertex -10 -25 30
      vertex -10 -18 18.4512
      vertex -10 -17.8426 30
    endloop
  endfacet
  facet normal 1 0 0
    outer loop
      vertex -10 -18 18.4512
      vertex -10 -25 30
      vertex -10 -25 18.4512
    endloop
  endfacet
  facet normal 1 0 0
    outer loop
      vertex -10 25 30
      vertex -10 18 18.4512
      vertex -10 25 0
    endloop
  endfacet
  facet normal 1 -0 0
    outer loop
      vertex -10 17.8426 30
      vertex -10 18 18.4512
      vertex -10 25 30
    endloop
  endfacet
  facet normal 1 0 0
    outer loop
      vertex -10 18 18.4512
      vertex -10 17.8426 30
      vertex -10 17.8426 18.4512
    endloop
  endfacet
  facet normal 1 -0 0
    outer loop
      vertex -10 18 11.5488
      vertex -10 25 0
      vertex -10 18 18.4512
    endloop
  endfacet
  facet normal 1 0 0
    outer loop
      vertex -10 17.8426 5
      vertex -10 18 11.5488
      vertex -10 17.8426 11.5488
    endloop
  endfacet
  facet normal 1 0 0
    outer loop
      vertex -10 18 11.5488
      vertex -10 17.8426 5
      vertex -10 25 0
    endloop
  endfacet
  facet normal 1 -0 0
    outer loop
      vertex -10 -17.8426 5
      vertex -10 25 0
      vertex -10 17.8426 5
    endloop
  endfacet
  facet normal 1 -0 0
    outer loop
      vertex -10 -18 11.5488
      vertex -10 -17.8426 5
      vertex -10 -18 18.4512
    endloop
  endfacet
  facet normal 1 -0 0
    outer loop
      vertex -10 -25 11.5488
      vertex -10 -17.8426 5
      vertex -10 -18 11.5488
    endloop
  endfacet
  facet normal 1 0 0
    outer loop
      vertex -10 -17.8426 5
      vertex -10 -25 0
      vertex -10 25 0
    endloop
  endfacet
  facet normal 1 0 0
    outer loop
      vertex -10 -25 0
      vertex -10 -17.8426 5
      vertex -10 -25 11.5488
    endloop
  endfacet
  facet normal 0 0 1
    outer loop
      vertex -10 25 30
      vertex -10.8158 17.7784 30
      vertex -10 17.8426 30
    endloop
  endfacet
  facet normal 0 0 1
    outer loop
      vertex -10 25 30
      vertex -13.5623 17.119 30
      vertex -10.8158 17.7784 30
    endloop
  endfacet
  facet normal 0 0 1
    outer loop
      vertex -10 25 30
      vertex -16.1718 16.0381 30
      vertex -13.5623 17.119 30
    endloop
  endfacet
  facet normal 0 0 1
    outer loop
      vertex -10 25 30
      vertex -18.5801 14.5623 30
      vertex -16.1718 16.0381 30
    endloop
  endfacet
  facet normal -0 0 1
    outer loop
      vertex -50 25 30
      vertex -18.5801 14.5623 30
      vertex -10 25 30
    endloop
  endfacet
  facet normal -0 0 1
    outer loop
      vertex -33.0616 0.782172 30
      vertex -26 0 30
      vertex -25.7784 2.81582 30
    endloop
  endfacet
  facet normal -0 0 1
    outer loop
      vertex -33.9549 2.93893 30
      vertex -25.7784 2.81582 30
      vertex -25.119 5.56231 30
    endloop
  endfacet
  facet normal 0 0 1
    outer loop
      vertex -35.0611 4.04508 30
      vertex -25.119 5.56231 30
      vertex -24.0381 8.17183 30
    endloop
  endfacet
  facet normal 0 0 1
    outer loop
      vertex -36.4549 4.75528 30
      vertex -24.0381 8.17183 30
      vertex -22.5623 10.5801 30
    endloop
  endfacet
  facet normal 0 0 1
    outer loop
      vertex -50 25 30
      vertex -22.5623 10.5801 30
      vertex -20.7279 12.7279 30
    endloop
  endfacet
  facet normal 0 0 1
    outer loop
      vertex -18.5801 14.5623 30
      vertex -50 25 30
      vertex -20.7279 12.7279 30
    endloop
  endfacet
  facet normal 0 0 1
    outer loop
      vertex -26 0 30
      vertex -33.0616 0.782172 30
      vertex -33 0 30
    endloop
  endfacet
  facet normal 0 0 1
    outer loop
      vertex -25.7784 2.81582 30
      vertex -33.2447 1.54508 30
      vertex -33.0616 0.782172 30
    endloop
  endfacet
  facet normal 0 0 1
    outer loop
      vertex -25.7784 2.81582 30
      vertex -33.545 2.26995 30
      vertex -33.2447 1.54508 30
    endloop
  endfacet
  facet normal 0 0 1
    outer loop
      vertex -25.7784 2.81582 30
      vertex -33.9549 2.93893 30
      vertex -33.545 2.26995 30
    endloop
  endfacet
  facet normal 0 0 1
    outer loop
      vertex -25.119 5.56231 30
      vertex -34.4645 3.53553 30
      vertex -33.9549 2.93893 30
    endloop
  endfacet
  facet normal 0 0 1
    outer loop
      vertex -25.119 5.56231 30
      vertex -35.0611 4.04508 30
      vertex -34.4645 3.53553 30
    endloop
  endfacet
  facet normal 0 0 1
    outer loop
      vertex -24.0381 8.17183 30
      vertex -35.73 4.45503 30
      vertex -35.0611 4.04508 30
    endloop
  endfacet
  facet normal 0 0 1
    outer loop
      vertex -24.0381 8.17183 30
      vertex -36.4549 4.75528 30
      vertex -35.73 4.45503 30
    endloop
  endfacet
  facet normal 0 0 1
    outer loop
      vertex -22.5623 10.5801 30
      vertex -50 25 30
      vertex -37.2178 4.93844 30
    endloop
  endfacet
  facet normal 0 0 1
    outer loop
      vertex -22.5623 10.5801 30
      vertex -37.2178 4.93844 30
      vertex -36.4549 4.75528 30
    endloop
  endfacet
  facet normal 0 0 1
    outer loop
      vertex -37.2178 4.93844 30
      vertex -50 25 30
      vertex -38 5 30
    endloop
  endfacet
  facet normal 0 0 1
    outer loop
      vertex -38 5 30
      vertex -50 25 30
      vertex -38.7822 4.93844 30
    endloop
  endfacet
  facet normal 0 0 1
    outer loop
      vertex -38.7822 4.93844 30
      vertex -50 25 30
      vertex -39.5451 4.75528 30
    endloop
  endfacet
  facet normal 0 0 1
    outer loop
      vertex -39.5451 4.75528 30
      vertex -50 25 30
      vertex -40.27 4.45503 30
    endloop
  endfacet
  facet normal 0 0 1
    outer loop
      vertex -42.9384 0.782172 30
      vertex -50 25 30
      vertex -43 0 30
    endloop
  endfacet
  facet normal 0 0 1
    outer loop
      vertex -42.7553 1.54508 30
      vertex -50 25 30
      vertex -42.9384 0.782172 30
    endloop
  endfacet
  facet normal 0 0 1
    outer loop
      vertex -42.455 2.26995 30
      vertex -50 25 30
      vertex -42.7553 1.54508 30
    endloop
  endfacet
  facet normal 0 0 1
    outer loop
      vertex -42.0451 2.93893 30
      vertex -50 25 30
      vertex -42.455 2.26995 30
    endloop
  endfacet
  facet normal 0 0 1
    outer loop
      vertex -41.5355 3.53553 30
      vertex -50 25 30
      vertex -42.0451 2.93893 30
    endloop
  endfacet
  facet normal 0 0 1
    outer loop
      vertex -40.9389 4.04508 30
      vertex -50 25 30
      vertex -41.5355 3.53553 30
    endloop
  endfacet
  facet normal 0 0 1
    outer loop
      vertex -40.27 4.45503 30
      vertex -50 25 30
      vertex -40.9389 4.04508 30
    endloop
  endfacet
  facet normal 0 0 1
    outer loop
      vertex -10.8158 -17.7784 30
      vertex -10 -25 30
      vertex -10 -17.8426 30
    endloop
  endfacet
  facet normal 0 0 1
    outer loop
      vertex -13.5623 -17.119 30
      vertex -10 -25 30
      vertex -10.8158 -17.7784 30
    endloop
  endfacet
  facet normal 0 0 1
    outer loop
      vertex -16.1718 -16.0381 30
      vertex -10 -25 30
      vertex -13.5623 -17.119 30
    endloop
  endfacet
  facet normal 0 0 1
    outer loop
      vertex -18.5801 -14.5623 30
      vertex -10 -25 30
      vertex -16.1718 -16.0381 30
    endloop
  endfacet
  facet normal 0 0 1
    outer loop
      vertex -50 -25 30
      vertex -18.5801 -14.5623 30
      vertex -20.7279 -12.7279 30
    endloop
  endfacet
  facet normal 0 0 1
    outer loop
      vertex -33.0616 -0.782172 30
      vertex -26 0 30
      vertex -33 0 30
    endloop
  endfacet
  facet normal 0 0 1
    outer loop
      vertex -26 0 30
      vertex -33.0616 -0.782172 30
      vertex -25.7784 -2.81582 30
    endloop
  endfacet
  facet normal -0 0 1
    outer loop
      vertex -33.2447 -1.54508 30
      vertex -25.7784 -2.81582 30
      vertex -33.0616 -0.782172 30
    endloop
  endfacet
  facet normal -0 0 1
    outer loop
      vertex -33.545 -2.26995 30
      vertex -25.7784 -2.81582 30
      vertex -33.2447 -1.54508 30
    endloop
  endfacet
  facet normal 0 0 1
    outer loop
      vertex -33.9549 -2.93893 30
      vertex -25.7784 -2.81582 30
      vertex -33.545 -2.26995 30
    endloop
  endfacet
  facet normal 0 0 1
    outer loop
      vertex -25.7784 -2.81582 30
      vertex -33.9549 -2.93893 30
      vertex -25.119 -5.56231 30
    endloop
  endfacet
  facet normal -0 0 1
    outer loop
      vertex -34.4645 -3.53553 30
      vertex -25.119 -5.56231 30
      vertex -33.9549 -2.93893 30
    endloop
  endfacet
  facet normal -0 0 1
    outer loop
      vertex -35.0611 -4.04508 30
      vertex -25.119 -5.56231 30
      vertex -34.4645 -3.53553 30
    endloop
  endfacet
  facet normal 0 0 1
    outer loop
      vertex -25.119 -5.56231 30
      vertex -35.0611 -4.04508 30
      vertex -24.0381 -8.17183 30
    endloop
  endfacet
  facet normal -0 0 1
    outer loop
      vertex -35.73 -4.45503 30
      vertex -24.0381 -8.17183 30
      vertex -35.0611 -4.04508 30
    endloop
  endfacet
  facet normal -0 0 1
    outer loop
      vertex -36.4549 -4.75528 30
      vertex -24.0381 -8.17183 30
      vertex -35.73 -4.45503 30
    endloop
  endfacet
  facet normal 0 0 1
    outer loop
      vertex -24.0381 -8.17183 30
      vertex -36.4549 -4.75528 30
      vertex -22.5623 -10.5801 30
    endloop
  endfacet
  facet normal -0 0 1
    outer loop
      vertex -37.2178 -4.93844 30
      vertex -22.5623 -10.5801 30
      vertex -36.4549 -4.75528 30
    endloop
  endfacet
  facet normal 0 0 1
    outer loop
      vertex -50 -25 30
      vertex -22.5623 -10.5801 30
      vertex -37.2178 -4.93844 30
    endloop
  endfacet
  facet normal 0 0 1
    outer loop
      vertex -22.5623 -10.5801 30
      vertex -50 -25 30
      vertex -20.7279 -12.7279 30
    endloop
  endfacet
  facet normal 0 0 1
    outer loop
      vertex -50 -25 30
      vertex -37.2178 -4.93844 30
      vertex -38 -5 30
    endloop
  endfacet
  facet normal 0 0 1
    outer loop
      vertex -50 -25 30
      vertex -38 -5 30
      vertex -38.7822 -4.93844 30
    endloop
  endfacet
  facet normal 0 0 1
    outer loop
      vertex -50 -25 30
      vertex -38.7822 -4.93844 30
      vertex -39.5451 -4.75528 30
    endloop
  endfacet
  facet normal 0 0 1
    outer loop
      vertex -50 -25 30
      vertex -39.5451 -4.75528 30
      vertex -40.27 -4.45503 30
    endloop
  endfacet
  facet normal 0 0 1
    outer loop
      vertex -50 -25 30
      vertex -40.27 -4.45503 30
      vertex -40.9389 -4.04508 30
    endloop
  endfacet
  facet normal 0 0 1
    outer loop
      vertex -50 -25 30
      vertex -43 0 30
      vertex -50 25 30
    endloop
  endfacet
  facet normal 0 0 1
    outer loop
      vertex -43 0 30
      vertex -50 -25 30
      vertex -42.9384 -0.782172 30
    endloop
  endfacet
  facet normal 0 0 1
    outer loop
      vertex -18.5801 -14.5623 30
      vertex -50 -25 30
      vertex -10 -25 30
    endloop
  endfacet
  facet normal 0 0 1
    outer loop
      vertex -41.5355 -3.53553 30
      vertex -50 -25 30
      vertex -40.9389 -4.04508 30
    endloop
  endfacet
  facet normal 0 0 1
    outer loop
      vertex -42.0451 -2.93893 30
      vertex -50 -25 30
      vertex -41.5355 -3.53553 30
    endloop
  endfacet
  facet normal 0 0 1
    outer loop
      vertex -42.455 -2.26995 30
      vertex -50 -25 30
      vertex -42.0451 -2.93893 30
    endloop
  endfacet
  facet normal 0 0 1
    outer loop
      vertex -42.7553 -1.54508 30
      vertex -50 -25 30
      vertex -42.455 -2.26995 30
    endloop
  endfacet
  facet normal 0 0 1
    outer loop
      vertex -42.9384 -0.782172 30
      vertex -50 -25 30
      vertex -42.7553 -1.54508 30
    endloop
  endfacet
  facet normal 0 0 -1
    outer loop
      vertex -50 -25 0
      vertex -10 25 0
      vertex -10 -25 0
    endloop
  endfacet
  facet normal -0 0 -1
    outer loop
      vertex -10 25 0
      vertex -50 -25 0
      vertex -50 25 0
    endloop
  endfacet
  facet normal -1 0 0
    outer loop
      vertex -50 -25 0
      vertex -50 25 30
      vertex -50 25 0
    endloop
  endfacet
  facet normal -1 -0 0
    outer loop
      vertex -50 25 30
      vertex -50 -25 0
      vertex -50 -25 30
    endloop
  endfacet
  facet normal 0 1 -0
    outer loop
      vertex -10 25 0
      vertex -50 25 30
      vertex -10 25 30
    endloop
  endfacet
  facet normal 0 1 0
    outer loop
      vertex -50 25 30
      vertex -10 25 0
      vertex -50 25 0
    endloop
  endfacet
  facet normal 0 -1 0
    outer loop
      vertex -11.564 -25 16.816
      vertex -10 -25 30
      vertex -50 -25 30
    endloop
  endfacet
  facet normal 0 -1 -0
    outer loop
      vertex -10 -25 30
      vertex -10.3511 -25 18.2361
      vertex -10 -25 18.4512
    endloop
  endfacet
  facet normal 0 -1 0
    outer loop
      vertex -10 -25 30
      vertex -10.8284 -25 17.8284
      vertex -10.3511 -25 18.2361
    endloop
  endfacet
  facet normal 0 -1 0
    outer loop
      vertex -10 -25 30
      vertex -11.2361 -25 17.3511
      vertex -10.8284 -25 17.8284
    endloop
  endfacet
  facet normal 0 -1 0
    outer loop
      vertex -10 -25 30
      vertex -11.564 -25 16.816
      vertex -11.2361 -25 17.3511
    endloop
  endfacet
  facet normal 0 -1 0
    outer loop
      vertex -50 -25 30
      vertex -11.8042 -25 16.2361
      vertex -11.564 -25 16.816
    endloop
  endfacet
  facet normal 0 -1 0
    outer loop
      vertex -50 -25 30
      vertex -11.9508 -25 15.6257
      vertex -11.8042 -25 16.2361
    endloop
  endfacet
  facet normal 0 -1 0
    outer loop
      vertex -50 -25 30
      vertex -12 -25 15
      vertex -11.9508 -25 15.6257
    endloop
  endfacet
  facet normal 0 -1 0
    outer loop
      vertex -50 -25 0
      vertex -12 -25 15
      vertex -50 -25 30
    endloop
  endfacet
  facet normal 0 -1 -0
    outer loop
      vertex -12 -25 15
      vertex -50 -25 0
      vertex -11.9508 -25 14.3743
    endloop
  endfacet
  facet normal 0 -1 -0
    outer loop
      vertex -11.9508 -25 14.3743
      vertex -50 -25 0
      vertex -11.8042 -25 13.7639
    endloop
  endfacet
  facet normal 0 -1 -0
    outer loop
      vertex -11.8042 -25 13.7639
      vertex -50 -25 0
      vertex -11.564 -25 13.184
    endloop
  endfacet
  facet normal 0 -1 0
    outer loop
      vertex -10 -25 0
      vertex -11.564 -25 13.184
      vertex -50 -25 0
    endloop
  endfacet
  facet normal 0 -1 0
    outer loop
      vertex -11.564 -25 13.184
      vertex -10 -25 0
      vertex -11.2361 -25 12.6489
    endloop
  endfacet
  facet normal 0 -1 0
    outer loop
      vertex -11.2361 -25 12.6489
      vertex -10 -25 0
      vertex -10.8284 -25 12.1716
    endloop
  endfacet
  facet normal 0 -1 0
    outer loop
      vertex -10.8284 -25 12.1716
      vertex -10 -25 0
      vertex -10.3511 -25 11.7639
    endloop
  endfacet
  facet normal 0 -1 0
    outer loop
      vertex -10.3511 -25 11.7639
      vertex -10 -25 0
      vertex -10 -25 11.5488
    endloop
  endfacet
  facet normal -0.382669 -0.923886 0
    outer loop
      vertex -40.27 -4.45503 30
      vertex -39.5451 -4.75528 38
      vertex -40.27 -4.45503 38
    endloop
  endfacet
  facet normal -0.382669 -0.923886 -0
    outer loop
      vertex -39.5451 -4.75528 38
      vertex -40.27 -4.45503 30
      vertex -39.5451 -4.75528 30
    endloop
  endfacet
  facet normal 0.0784585 -0.996917 0
    outer loop
      vertex -38 -5 30
      vertex -37.2178 -4.93844 38
      vertex -38 -5 38
    endloop
  endfacet
  facet normal 0.0784585 -0.996917 0
    outer loop
      vertex -37.2178 -4.93844 38
      vertex -38 -5 30
      vertex -37.2178 -4.93844 30
    endloop
  endfacet
  facet normal 0.972387 0.233375 0
    outer loop
      vertex -33.0616 0.782172 38
      vertex -33.2447 1.54508 30
      vertex -33.2447 1.54508 38
    endloop
  endfacet
  facet normal 0.972387 0.233375 0
    outer loop
      vertex -33.2447 1.54508 30
      vertex -33.0616 0.782172 38
      vertex -33.0616 0.782172 30
    endloop
  endfacet
  facet normal 0.996913 0.078512 0
    outer loop
      vertex -33 0 38
      vertex -33.0616 0.782172 30
      vertex -33.0616 0.782172 38
    endloop
  endfacet
  facet normal 0.996913 0.078512 0
    outer loop
      vertex -33.0616 0.782172 30
      vertex -33 0 38
      vertex -33 0 30
    endloop
  endfacet
  facet normal 0.923857 0.382737 0
    outer loop
      vertex -33.2447 1.54508 38
      vertex -33.545 2.26995 30
      vertex -33.545 2.26995 38
    endloop
  endfacet
  facet normal 0.923857 0.382737 0
    outer loop
      vertex -33.545 2.26995 30
      vertex -33.2447 1.54508 38
      vertex -33.2447 1.54508 30
    endloop
  endfacet
  facet normal 0.23345 0.972369 -0
    outer loop
      vertex -36.4549 4.75528 30
      vertex -37.2178 4.93844 38
      vertex -36.4549 4.75528 38
    endloop
  endfacet
  facet normal 0.23345 0.972369 0
    outer loop
      vertex -37.2178 4.93844 38
      vertex -36.4549 4.75528 30
      vertex -37.2178 4.93844 30
    endloop
  endfacet
  facet normal 0.972387 -0.233375 0
    outer loop
      vertex -33.2447 -1.54508 38
      vertex -33.0616 -0.782172 30
      vertex -33.0616 -0.782172 38
    endloop
  endfacet
  facet normal 0.972387 -0.233375 0
    outer loop
      vertex -33.0616 -0.782172 30
      vertex -33.2447 -1.54508 38
      vertex -33.2447 -1.54508 30
    endloop
  endfacet
  facet normal -0.972387 0.233375 0
    outer loop
      vertex -42.9384 0.782172 30
      vertex -42.7553 1.54508 38
      vertex -42.7553 1.54508 30
    endloop
  endfacet
  facet normal -0.972387 0.233375 0
    outer loop
      vertex -42.7553 1.54508 38
      vertex -42.9384 0.782172 30
      vertex -42.9384 0.782172 38
    endloop
  endfacet
  facet normal -0.649452 0.760403 0
    outer loop
      vertex -40.9389 4.04508 30
      vertex -41.5355 3.53553 38
      vertex -40.9389 4.04508 38
    endloop
  endfacet
  facet normal -0.649452 0.760403 0
    outer loop
      vertex -41.5355 3.53553 38
      vertex -40.9389 4.04508 30
      vertex -41.5355 3.53553 30
    endloop
  endfacet
  facet normal -0.852669 -0.522451 0
    outer loop
      vertex -42.0451 -2.93893 30
      vertex -42.455 -2.26995 38
      vertex -42.455 -2.26995 30
    endloop
  endfacet
  facet normal -0.852669 -0.522451 0
    outer loop
      vertex -42.455 -2.26995 38
      vertex -42.0451 -2.93893 30
      vertex -42.0451 -2.93893 38
    endloop
  endfacet
  facet normal 0.852669 -0.522451 0
    outer loop
      vertex -33.9549 -2.93893 38
      vertex -33.545 -2.26995 30
      vertex -33.545 -2.26995 38
    endloop
  endfacet
  facet normal 0.852669 -0.522451 0
    outer loop
      vertex -33.545 -2.26995 30
      vertex -33.9549 -2.93893 38
      vertex -33.9549 -2.93893 30
    endloop
  endfacet
  facet normal -0.852669 0.522451 0
    outer loop
      vertex -42.455 2.26995 30
      vertex -42.0451 2.93893 38
      vertex -42.0451 2.93893 30
    endloop
  endfacet
  facet normal -0.852669 0.522451 0
    outer loop
      vertex -42.0451 2.93893 38
      vertex -42.455 2.26995 30
      vertex -42.455 2.26995 38
    endloop
  endfacet
  facet normal 0.760371 0.649489 0
    outer loop
      vertex -33.9549 2.93893 38
      vertex -34.4645 3.53553 30
      vertex -34.4645 3.53553 38
    endloop
  endfacet
  facet normal 0.760371 0.649489 0
    outer loop
      vertex -34.4645 3.53553 30
      vertex -33.9549 2.93893 38
      vertex -33.9549 2.93893 30
    endloop
  endfacet
  facet normal -0.923857 0.382737 0
    outer loop
      vertex -42.7553 1.54508 30
      vertex -42.455 2.26995 38
      vertex -42.455 2.26995 30
    endloop
  endfacet
  facet normal -0.923857 0.382737 0
    outer loop
      vertex -42.455 2.26995 38
      vertex -42.7553 1.54508 30
      vertex -42.7553 1.54508 38
    endloop
  endfacet
  facet normal -0.996913 -0.078512 0
    outer loop
      vertex -42.9384 -0.782172 30
      vertex -43 0 38
      vertex -43 0 30
    endloop
  endfacet
  facet normal -0.996913 -0.078512 0
    outer loop
      vertex -43 0 38
      vertex -42.9384 -0.782172 30
      vertex -42.9384 -0.782172 38
    endloop
  endfacet
  facet normal 0.760371 -0.649489 0
    outer loop
      vertex -34.4645 -3.53553 38
      vertex -33.9549 -2.93893 30
      vertex -33.9549 -2.93893 38
    endloop
  endfacet
  facet normal 0.760371 -0.649489 0
    outer loop
      vertex -33.9549 -2.93893 30
      vertex -34.4645 -3.53553 38
      vertex -34.4645 -3.53553 30
    endloop
  endfacet
  facet normal -0.972387 -0.233375 0
    outer loop
      vertex -42.7553 -1.54508 30
      vertex -42.9384 -0.782172 38
      vertex -42.9384 -0.782172 30
    endloop
  endfacet
  facet normal -0.972387 -0.233375 0
    outer loop
      vertex -42.9384 -0.782172 38
      vertex -42.7553 -1.54508 30
      vertex -42.7553 -1.54508 38
    endloop
  endfacet
  facet normal 0.23345 -0.972369 0
    outer loop
      vertex -37.2178 -4.93844 30
      vertex -36.4549 -4.75528 38
      vertex -37.2178 -4.93844 38
    endloop
  endfacet
  facet normal 0.23345 -0.972369 0
    outer loop
      vertex -36.4549 -4.75528 38
      vertex -37.2178 -4.93844 30
      vertex -36.4549 -4.75528 30
    endloop
  endfacet
  facet normal 0.522543 -0.852613 0
    outer loop
      vertex -35.73 -4.45503 30
      vertex -35.0611 -4.04508 38
      vertex -35.73 -4.45503 38
    endloop
  endfacet
  facet normal 0.522543 -0.852613 0
    outer loop
      vertex -35.0611 -4.04508 38
      vertex -35.73 -4.45503 30
      vertex -35.0611 -4.04508 30
    endloop
  endfacet
  facet normal -0.760371 0.649489 0
    outer loop
      vertex -42.0451 2.93893 30
      vertex -41.5355 3.53553 38
      vertex -41.5355 3.53553 30
    endloop
  endfacet
  facet normal -0.760371 0.649489 0
    outer loop
      vertex -41.5355 3.53553 38
      vertex -42.0451 2.93893 30
      vertex -42.0451 2.93893 38
    endloop
  endfacet
  facet normal 0 0 1
    outer loop
      vertex -33.0616 0.782172 38
      vertex -33.0616 -0.782172 38
      vertex -33 0 38
    endloop
  endfacet
  facet normal 0 0 1
    outer loop
      vertex -33.2447 1.54508 38
      vertex -33.0616 -0.782172 38
      vertex -33.0616 0.782172 38
    endloop
  endfacet
  facet normal 0 0 1
    outer loop
      vertex -33.2447 1.54508 38
      vertex -33.2447 -1.54508 38
      vertex -33.0616 -0.782172 38
    endloop
  endfacet
  facet normal 0 0 1
    outer loop
      vertex -33.545 2.26995 38
      vertex -33.2447 -1.54508 38
      vertex -33.2447 1.54508 38
    endloop
  endfacet
  facet normal 0 0 1
    outer loop
      vertex -33.545 2.26995 38
      vertex -33.545 -2.26995 38
      vertex -33.2447 -1.54508 38
    endloop
  endfacet
  facet normal 0 0 1
    outer loop
      vertex -33.9549 2.93893 38
      vertex -33.545 -2.26995 38
      vertex -33.545 2.26995 38
    endloop
  endfacet
  facet normal 0 0 1
    outer loop
      vertex -33.9549 2.93893 38
      vertex -33.9549 -2.93893 38
      vertex -33.545 -2.26995 38
    endloop
  endfacet
  facet normal 0 0 1
    outer loop
      vertex -34.4645 3.53553 38
      vertex -33.9549 -2.93893 38
      vertex -33.9549 2.93893 38
    endloop
  endfacet
  facet normal 0 0 1
    outer loop
      vertex -34.4645 3.53553 38
      vertex -34.4645 -3.53553 38
      vertex -33.9549 -2.93893 38
    endloop
  endfacet
  facet normal 0 0 1
    outer loop
      vertex -35.0611 4.04508 38
      vertex -34.4645 -3.53553 38
      vertex -34.4645 3.53553 38
    endloop
  endfacet
  facet normal 0 0 1
    outer loop
      vertex -35.0611 4.04508 38
      vertex -35.0611 -4.04508 38
      vertex -34.4645 -3.53553 38
    endloop
  endfacet
  facet normal 0 0 1
    outer loop
      vertex -35.73 4.45503 38
      vertex -35.0611 -4.04508 38
      vertex -35.0611 4.04508 38
    endloop
  endfacet
  facet normal 0 0 1
    outer loop
      vertex -35.73 4.45503 38
      vertex -35.73 -4.45503 38
      vertex -35.0611 -4.04508 38
    endloop
  endfacet
  facet normal 0 0 1
    outer loop
      vertex -36.4549 4.75528 38
      vertex -35.73 -4.45503 38
      vertex -35.73 4.45503 38
    endloop
  endfacet
  facet normal 0 0 1
    outer loop
      vertex -36.4549 4.75528 38
      vertex -36.4549 -4.75528 38
      vertex -35.73 -4.45503 38
    endloop
  endfacet
  facet normal 0 0 1
    outer loop
      vertex -37.2178 4.93844 38
      vertex -36.4549 -4.75528 38
      vertex -36.4549 4.75528 38
    endloop
  endfacet
  facet normal 0 0 1
    outer loop
      vertex -37.2178 4.93844 38
      vertex -37.2178 -4.93844 38
      vertex -36.4549 -4.75528 38
    endloop
  endfacet
  facet normal 0 0 1
    outer loop
      vertex -38 5 38
      vertex -37.2178 -4.93844 38
      vertex -37.2178 4.93844 38
    endloop
  endfacet
  facet normal 0 0 1
    outer loop
      vertex -38 5 38
      vertex -38 -5 38
      vertex -37.2178 -4.93844 38
    endloop
  endfacet
  facet normal -0 0 1
    outer loop
      vertex -38.7822 4.93844 38
      vertex -38 -5 38
      vertex -38 5 38
    endloop
  endfacet
  facet normal 0 0 1
    outer loop
      vertex -38.7822 4.93844 38
      vertex -38.7822 -4.93844 38
      vertex -38 -5 38
    endloop
  endfacet
  facet normal -0 0 1
    outer loop
      vertex -39.5451 4.75528 38
      vertex -38.7822 -4.93844 38
      vertex -38.7822 4.93844 38
    endloop
  endfacet
  facet normal 0 0 1
    outer loop
      vertex -39.5451 4.75528 38
      vertex -39.5451 -4.75528 38
      vertex -38.7822 -4.93844 38
    endloop
  endfacet
  facet normal -0 0 1
    outer loop
      vertex -40.27 4.45503 38
      vertex -39.5451 -4.75528 38
      vertex -39.5451 4.75528 38
    endloop
  endfacet
  facet normal 0 0 1
    outer loop
      vertex -40.27 4.45503 38
      vertex -40.27 -4.45503 38
      vertex -39.5451 -4.75528 38
    endloop
  endfacet
  facet normal -0 0 1
    outer loop
      vertex -40.9389 4.04508 38
      vertex -40.27 -4.45503 38
      vertex -40.27 4.45503 38
    endloop
  endfacet
  facet normal 0 0 1
    outer loop
      vertex -40.9389 4.04508 38
      vertex -40.9389 -4.04508 38
      vertex -40.27 -4.45503 38
    endloop
  endfacet
  facet normal -0 0 1
    outer loop
      vertex -41.5355 3.53553 38
      vertex -40.9389 -4.04508 38
      vertex -40.9389 4.04508 38
    endloop
  endfacet
  facet normal 0 0 1
    outer loop
      vertex -41.5355 3.53553 38
      vertex -41.5355 -3.53553 38
      vertex -40.9389 -4.04508 38
    endloop
  endfacet
  facet normal -0 0 1
    outer loop
      vertex -42.0451 2.93893 38
      vertex -41.5355 -3.53553 38
      vertex -41.5355 3.53553 38
    endloop
  endfacet
  facet normal 0 0 1
    outer loop
      vertex -42.0451 2.93893 38
      vertex -42.0451 -2.93893 38
      vertex -41.5355 -3.53553 38
    endloop
  endfacet
  facet normal -0 0 1
    outer loop
      vertex -42.455 2.26995 38
      vertex -42.0451 -2.93893 38
      vertex -42.0451 2.93893 38
    endloop
  endfacet
  facet normal 0 0 1
    outer loop
      vertex -42.455 2.26995 38
      vertex -42.455 -2.26995 38
      vertex -42.0451 -2.93893 38
    endloop
  endfacet
  facet normal -0 0 1
    outer loop
      vertex -42.7553 1.54508 38
      vertex -42.455 -2.26995 38
      vertex -42.455 2.26995 38
    endloop
  endfacet
  facet normal 0 0 1
    outer loop
      vertex -42.7553 1.54508 38
      vertex -42.7553 -1.54508 38
      vertex -42.455 -2.26995 38
    endloop
  endfacet
  facet normal -0 0 1
    outer loop
      vertex -42.9384 0.782172 38
      vertex -42.7553 -1.54508 38
      vertex -42.7553 1.54508 38
    endloop
  endfacet
  facet normal 0 0 1
    outer loop
      vertex -42.9384 0.782172 38
      vertex -42.9384 -0.782172 38
      vertex -42.7553 -1.54508 38
    endloop
  endfacet
  facet normal 0 -0 1
    outer loop
      vertex -42.9384 -0.782172 38
      vertex -42.9384 0.782172 38
      vertex -43 0 38
    endloop
  endfacet
  facet normal 0.522543 0.852613 -0
    outer loop
      vertex -35.0611 4.04508 30
      vertex -35.73 4.45503 38
      vertex -35.0611 4.04508 38
    endloop
  endfacet
  facet normal 0.522543 0.852613 0
    outer loop
      vertex -35.73 4.45503 38
      vertex -35.0611 4.04508 30
      vertex -35.73 4.45503 30
    endloop
  endfacet
  facet normal 0.852669 0.522451 0
    outer loop
      vertex -33.545 2.26995 38
      vertex -33.9549 2.93893 30
      vertex -33.9549 2.93893 38
    endloop
  endfacet
  facet normal 0.852669 0.522451 0
    outer loop
      vertex -33.9549 2.93893 30
      vertex -33.545 2.26995 38
      vertex -33.545 2.26995 30
    endloop
  endfacet
  facet normal -0.996913 0.078512 0
    outer loop
      vertex -43 0 30
      vertex -42.9384 0.782172 38
      vertex -42.9384 0.782172 30
    endloop
  endfacet
  facet normal -0.996913 0.078512 0
    outer loop
      vertex -42.9384 0.782172 38
      vertex -43 0 30
      vertex -43 0 38
    endloop
  endfacet
  facet normal 0.996913 -0.078512 0
    outer loop
      vertex -33.0616 -0.782172 38
      vertex -33 0 30
      vertex -33 0 38
    endloop
  endfacet
  facet normal 0.996913 -0.078512 0
    outer loop
      vertex -33 0 30
      vertex -33.0616 -0.782172 38
      vertex -33.0616 -0.782172 30
    endloop
  endfacet
  facet normal 0.649452 0.760403 -0
    outer loop
      vertex -34.4645 3.53553 30
      vertex -35.0611 4.04508 38
      vertex -34.4645 3.53553 38
    endloop
  endfacet
  facet normal 0.649452 0.760403 0
    outer loop
      vertex -35.0611 4.04508 38
      vertex -34.4645 3.53553 30
      vertex -35.0611 4.04508 30
    endloop
  endfacet
  facet normal -0.382669 0.923886 0
    outer loop
      vertex -39.5451 4.75528 30
      vertex -40.27 4.45503 38
      vertex -39.5451 4.75528 38
    endloop
  endfacet
  facet normal -0.382669 0.923886 0
    outer loop
      vertex -40.27 4.45503 38
      vertex -39.5451 4.75528 30
      vertex -40.27 4.45503 30
    endloop
  endfacet
  facet normal -0.23345 0.972369 0
    outer loop
      vertex -38.7822 4.93844 30
      vertex -39.5451 4.75528 38
      vertex -38.7822 4.93844 38
    endloop
  endfacet
  facet normal -0.23345 0.972369 0
    outer loop
      vertex -39.5451 4.75528 38
      vertex -38.7822 4.93844 30
      vertex -39.5451 4.75528 30
    endloop
  endfacet
  facet normal -0.522543 0.852613 0
    outer loop
      vertex -40.27 4.45503 30
      vertex -40.9389 4.04508 38
      vertex -40.27 4.45503 38
    endloop
  endfacet
  facet normal -0.522543 0.852613 0
    outer loop
      vertex -40.9389 4.04508 38
      vertex -40.27 4.45503 30
      vertex -40.9389 4.04508 30
    endloop
  endfacet
  facet normal -0.0784585 0.996917 0
    outer loop
      vertex -38 5 30
      vertex -38.7822 4.93844 38
      vertex -38 5 38
    endloop
  endfacet
  facet normal -0.0784585 0.996917 0
    outer loop
      vertex -38.7822 4.93844 38
      vertex -38 5 30
      vertex -38.7822 4.93844 30
    endloop
  endfacet
  facet normal -0.649452 -0.760403 0
    outer loop
      vertex -41.5355 -3.53553 30
      vertex -40.9389 -4.04508 38
      vertex -41.5355 -3.53553 38
    endloop
  endfacet
  facet normal -0.649452 -0.760403 -0
    outer loop
      vertex -40.9389 -4.04508 38
      vertex -41.5355 -3.53553 30
      vertex -40.9389 -4.04508 30
    endloop
  endfacet
  facet normal 0.0784585 0.996917 -0
    outer loop
      vertex -37.2178 4.93844 30
      vertex -38 5 38
      vertex -37.2178 4.93844 38
    endloop
  endfacet
  facet normal 0.0784585 0.996917 0
    outer loop
      vertex -38 5 38
      vertex -37.2178 4.93844 30
      vertex -38 5 30
    endloop
  endfacet
  facet normal -0.760371 -0.649489 0
    outer loop
      vertex -41.5355 -3.53553 30
      vertex -42.0451 -2.93893 38
      vertex -42.0451 -2.93893 30
    endloop
  endfacet
  facet normal -0.760371 -0.649489 0
    outer loop
      vertex -42.0451 -2.93893 38
      vertex -41.5355 -3.53553 30
      vertex -41.5355 -3.53553 38
    endloop
  endfacet
  facet normal 0.649452 -0.760403 0
    outer loop
      vertex -35.0611 -4.04508 30
      vertex -34.4645 -3.53553 38
      vertex -35.0611 -4.04508 38
    endloop
  endfacet
  facet normal 0.649452 -0.760403 0
    outer loop
      vertex -34.4645 -3.53553 38
      vertex -35.0611 -4.04508 30
      vertex -34.4645 -3.53553 30
    endloop
  endfacet
  facet normal 0.382669 0.923886 -0
    outer loop
      vertex -35.73 4.45503 30
      vertex -36.4549 4.75528 38
      vertex -35.73 4.45503 38
    endloop
  endfacet
  facet normal 0.382669 0.923886 0
    outer loop
      vertex -36.4549 4.75528 38
      vertex -35.73 4.45503 30
      vertex -36.4549 4.75528 30
    endloop
  endfacet
  facet normal 0.923857 -0.382737 0
    outer loop
      vertex -33.545 -2.26995 38
      vertex -33.2447 -1.54508 30
      vertex -33.2447 -1.54508 38
    endloop
  endfacet
  facet normal 0.923857 -0.382737 0
    outer loop
      vertex -33.2447 -1.54508 30
      vertex -33.545 -2.26995 38
      vertex -33.545 -2.26995 30
    endloop
  endfacet
  facet normal 0.382669 -0.923886 0
    outer loop
      vertex -36.4549 -4.75528 30
      vertex -35.73 -4.45503 38
      vertex -36.4549 -4.75528 38
    endloop
  endfacet
  facet normal 0.382669 -0.923886 0
    outer loop
      vertex -35.73 -4.45503 38
      vertex -36.4549 -4.75528 30
      vertex -35.73 -4.45503 30
    endloop
  endfacet
  facet normal -0.923857 -0.382737 0
    outer loop
      vertex -42.455 -2.26995 30
      vertex -42.7553 -1.54508 38
      vertex -42.7553 -1.54508 30
    endloop
  endfacet
  facet normal -0.923857 -0.382737 0
    outer loop
      vertex -42.7553 -1.54508 38
      vertex -42.455 -2.26995 30
      vertex -42.455 -2.26995 38
    endloop
  endfacet
  facet normal -0.0784585 -0.996917 0
    outer loop
      vertex -38.7822 -4.93844 30
      vertex -38 -5 38
      vertex -38.7822 -4.93844 38
    endloop
  endfacet
  facet normal -0.0784585 -0.996917 -0
    outer loop
      vertex -38 -5 38
      vertex -38.7822 -4.93844 30
      vertex -38 -5 30
    endloop
  endfacet
  facet normal -0.23345 -0.972369 0
    outer loop
      vertex -39.5451 -4.75528 30
      vertex -38.7822 -4.93844 38
      vertex -39.5451 -4.75528 38
    endloop
  endfacet
  facet normal -0.23345 -0.972369 -0
    outer loop
      vertex -38.7822 -4.93844 38
      vertex -39.5451 -4.75528 30
      vertex -38.7822 -4.93844 30
    endloop
  endfacet
  facet normal -0.522543 -0.852613 0
    outer loop
      vertex -40.9389 -4.04508 30
      vertex -40.27 -4.45503 38
      vertex -40.9389 -4.04508 38
    endloop
  endfacet
  facet normal -0.522543 -0.852613 -0
    outer loop
      vertex -40.27 -4.45503 38
      vertex -40.9389 -4.04508 30
      vertex -40.27 -4.45503 30
    endloop
  endfacet
  facet normal 0.97237 0.233444 0
    outer loop
      vertex 9.77839 2.81582 35
      vertex 9.11902 5.56231 5
      vertex 9.11902 5.56231 35
    endloop
  endfacet
  facet normal 0.97237 0.233444 0
    outer loop
      vertex 9.11902 5.56231 5
      vertex 9.77839 2.81582 35
      vertex 9.77839 2.81582 5
    endloop
  endfacet
  facet normal 0.996917 0.0784592 0
    outer loop
      vertex 10 0 35
      vertex 9.77839 2.81582 5
      vertex 9.77839 2.81582 35
    endloop
  endfacet
  facet normal 0.996917 0.0784592 0
    outer loop
      vertex 9.77839 2.81582 5
      vertex 10 0 35
      vertex 10 0 5
    endloop
  endfacet
  facet normal 0.923879 0.382684 0
    outer loop
      vertex 9.11902 5.56231 35
      vertex 8.03812 8.17183 5
      vertex 8.03812 8.17183 35
    endloop
  endfacet
  facet normal 0.923879 0.382684 0
    outer loop
      vertex 8.03812 8.17183 5
      vertex 9.11902 5.56231 35
      vertex 9.11902 5.56231 5
    endloop
  endfacet
  facet normal 0.649451 -0.760404 0
    outer loop
      vertex 2.58013 -14.5623 5
      vertex 4.72792 -12.7279 35
      vertex 2.58013 -14.5623 35
    endloop
  endfacet
  facet normal 0.649451 -0.760404 0
    outer loop
      vertex 4.72792 -12.7279 35
      vertex 2.58013 -14.5623 5
      vertex 4.72792 -12.7279 5
    endloop
  endfacet
  facet normal 0.522496 -0.852642 0
    outer loop
      vertex 0.171828 -16.0381 5
      vertex 2.58013 -14.5623 35
      vertex 0.171828 -16.0381 35
    endloop
  endfacet
  facet normal 0.522496 -0.852642 0
    outer loop
      vertex 2.58013 -14.5623 35
      vertex 0.171828 -16.0381 5
      vertex 2.58013 -14.5623 5
    endloop
  endfacet
  facet normal 0.760407 0.649447 0
    outer loop
      vertex 6.56231 10.5801 35
      vertex 4.72792 12.7279 5
      vertex 4.72792 12.7279 35
    endloop
  endfacet
  facet normal 0.760407 0.649447 0
    outer loop
      vertex 4.72792 12.7279 5
      vertex 6.56231 10.5801 35
      vertex 6.56231 10.5801 5
    endloop
  endfacet
  facet normal -0.996918 0.0784556 0
    outer loop
      vertex -26 0 30
      vertex -25.7784 2.81582 35
      vertex -25.7784 2.81582 30
    endloop
  endfacet
  facet normal -0.996918 0.0784556 0
    outer loop
      vertex -25.7784 2.81582 35
      vertex -26 0 30
      vertex -26 0 35
    endloop
  endfacet
  facet normal -0.852639 0.522501 0
    outer loop
      vertex -24.0381 8.17183 30
      vertex -22.5623 10.5801 35
      vertex -22.5623 10.5801 30
    endloop
  endfacet
  facet normal -0.852639 0.522501 0
    outer loop
      vertex -22.5623 10.5801 35
      vertex -24.0381 8.17183 30
      vertex -24.0381 8.17183 35
    endloop
  endfacet
  facet normal -0.522496 0.852641 0
    outer loop
      vertex -16.1718 16.0381 30
      vertex -18.5801 14.5623 35
      vertex -16.1718 16.0381 35
    endloop
  endfacet
  facet normal -0.522496 0.852641 0
    outer loop
      vertex -18.5801 14.5623 35
      vertex -16.1718 16.0381 30
      vertex -18.5801 14.5623 30
    endloop
  endfacet
  facet normal 0.923879 -0.382684 0
    outer loop
      vertex 8.03812 -8.17183 35
      vertex 9.11902 -5.56231 5
      vertex 9.11902 -5.56231 35
    endloop
  endfacet
  facet normal 0.923879 -0.382684 0
    outer loop
      vertex 9.11902 -5.56231 5
      vertex 8.03812 -8.17183 35
      vertex 8.03812 -8.17183 5
    endloop
  endfacet
  facet normal 0.852637 -0.522504 0
    outer loop
      vertex 6.56231 -10.5801 35
      vertex 8.03812 -8.17183 5
      vertex 8.03812 -8.17183 35
    endloop
  endfacet
  facet normal 0.852637 -0.522504 0
    outer loop
      vertex 8.03812 -8.17183 5
      vertex 6.56231 -10.5801 35
      vertex 6.56231 -10.5801 5
    endloop
  endfacet
  facet normal -0.382686 0.923878 0
    outer loop
      vertex -13.5623 17.119 30
      vertex -16.1718 16.0381 35
      vertex -13.5623 17.119 35
    endloop
  endfacet
  facet normal -0.382686 0.923878 0
    outer loop
      vertex -16.1718 16.0381 35
      vertex -13.5623 17.119 30
      vertex -16.1718 16.0381 30
    endloop
  endfacet
  facet normal -0.972368 -0.233454 0
    outer loop
      vertex -25.119 -5.56231 30
      vertex -25.7784 -2.81582 35
      vertex -25.7784 -2.81582 30
    endloop
  endfacet
  facet normal -0.972368 -0.233454 0
    outer loop
      vertex -25.7784 -2.81582 35
      vertex -25.119 -5.56231 30
      vertex -25.119 -5.56231 35
    endloop
  endfacet
  facet normal 0.233454 -0.972368 0
    outer loop
      vertex -5.18418 -17.7784 5
      vertex -2.43769 -17.119 35
      vertex -5.18418 -17.7784 35
    endloop
  endfacet
  facet normal 0.233454 -0.972368 0
    outer loop
      vertex -2.43769 -17.119 35
      vertex -5.18418 -17.7784 5
      vertex -2.43769 -17.119 5
    endloop
  endfacet
  facet normal 0.0784556 -0.996918 0
    outer loop
      vertex -8 -18 19
      vertex -5.18418 -17.7784 35
      vertex -8 -18 35
    endloop
  endfacet
  facet normal 0.0784556 -0.996918 0
    outer loop
      vertex -5.18418 -17.7784 5
      vertex -8 -18 19
      vertex -8 -18 11
    endloop
  endfacet
  facet normal 0.0784556 -0.996918 0
    outer loop
      vertex -5.18418 -17.7784 5
      vertex -8 -18 11
      vertex -8 -18 5
    endloop
  endfacet
  facet normal 0.0784556 -0.996918 0
    outer loop
      vertex -8 -18 19
      vertex -5.18418 -17.7784 5
      vertex -5.18418 -17.7784 35
    endloop
  endfacet
  facet normal -0.649449 0.760405 0
    outer loop
      vertex -18.5801 14.5623 30
      vertex -20.7279 12.7279 35
      vertex -18.5801 14.5623 35
    endloop
  endfacet
  facet normal -0.649449 0.760405 0
    outer loop
      vertex -20.7279 12.7279 35
      vertex -18.5801 14.5623 30
      vertex -20.7279 12.7279 30
    endloop
  endfacet
  facet normal 0.852637 0.522504 0
    outer loop
      vertex 8.03812 8.17183 35
      vertex 6.56231 10.5801 5
      vertex 6.56231 10.5801 35
    endloop
  endfacet
  facet normal 0.852637 0.522504 0
    outer loop
      vertex 6.56231 10.5801 5
      vertex 8.03812 8.17183 35
      vertex 8.03812 8.17183 5
    endloop
  endfacet
  facet normal -0.0784562 0.996918 -4.89997e-07
    outer loop
      vertex -8 18 35
      vertex -10 17.8426 30
      vertex -10.8158 17.7784 35
    endloop
  endfacet
  facet normal -0.0784574 0.996917 0
    outer loop
      vertex -8 18 19
      vertex -10 17.8426 30
      vertex -8 18 35
    endloop
  endfacet
  facet normal -0.078386 0.996923 1.30622e-05
    outer loop
      vertex -8.62574 17.9508 18.9508
      vertex -10 17.8426 30
      vertex -8 18 19
    endloop
  endfacet
  facet normal -0.078564 0.996909 -9.21532e-06
    outer loop
      vertex -9.23607 17.9027 18.8042
      vertex -10 17.8426 30
      vertex -8.62574 17.9508 18.9508
    endloop
  endfacet
  facet normal -0.0783946 0.996922 2.41636e-06
    outer loop
      vertex -9.81596 17.8571 18.564
      vertex -10 17.8426 30
      vertex -9.23607 17.9027 18.8042
    endloop
  endfacet
  facet normal -0.0785438 0.996911 0
    outer loop
      vertex -10 17.8426 30
      vertex -9.81596 17.8571 18.564
      vertex -10 17.8426 18.4512
    endloop
  endfacet
  facet normal -0.0784532 0.996918 0
    outer loop
      vertex -10.8158 17.7784 35
      vertex -10 17.8426 30
      vertex -10.8158 17.7784 30
    endloop
  endfacet
  facet normal -0.078385 0.996923 0
    outer loop
      vertex -8 18 5
      vertex -8.62574 17.9508 11.0492
      vertex -8 18 11
    endloop
  endfacet
  facet normal -0.0784574 0.996917 -7.53769e-06
    outer loop
      vertex -10 17.8426 5
      vertex -8.62574 17.9508 11.0492
      vertex -8 18 5
    endloop
  endfacet
  facet normal -0.0785623 0.996909 1.64382e-05
    outer loop
      vertex -8.62574 17.9508 11.0492
      vertex -10 17.8426 5
      vertex -9.23607 17.9027 11.1958
    endloop
  endfacet
  facet normal -0.0783954 0.996922 -4.27161e-06
    outer loop
      vertex -9.23607 17.9027 11.1958
      vertex -10 17.8426 5
      vertex -9.81596 17.8571 11.436
    endloop
  endfacet
  facet normal -0.0785438 0.996911 0
    outer loop
      vertex -9.81596 17.8571 11.436
      vertex -10 17.8426 5
      vertex -10 17.8426 11.5488
    endloop
  endfacet
  facet normal 0.382684 0.923879 -0
    outer loop
      vertex 0.171828 16.0381 5
      vertex -2.43769 17.119 35
      vertex 0.171828 16.0381 35
    endloop
  endfacet
  facet normal 0.382684 0.923879 0
    outer loop
      vertex -2.43769 17.119 35
      vertex 0.171828 16.0381 5
      vertex -2.43769 17.119 5
    endloop
  endfacet
  facet normal -0.996918 -0.0784556 0
    outer loop
      vertex -25.7784 -2.81582 30
      vertex -26 0 35
      vertex -26 0 30
    endloop
  endfacet
  facet normal -0.996918 -0.0784556 0
    outer loop
      vertex -26 0 35
      vertex -25.7784 -2.81582 30
      vertex -25.7784 -2.81582 35
    endloop
  endfacet
  facet normal -0.233453 0.972368 0
    outer loop
      vertex -10.8158 17.7784 30
      vertex -13.5623 17.119 35
      vertex -10.8158 17.7784 35
    endloop
  endfacet
  facet normal -0.233453 0.972368 0
    outer loop
      vertex -13.5623 17.119 35
      vertex -10.8158 17.7784 30
      vertex -13.5623 17.119 30
    endloop
  endfacet
  facet normal 0 0 -1
    outer loop
      vertex 10 0 35
      vertex 12 0 35
      vertex 11.7538 -3.12869 35
    endloop
  endfacet
  facet normal 0 0 -1
    outer loop
      vertex 9.77839 -2.81582 35
      vertex 11.7538 -3.12869 35
      vertex 11.0211 -6.18034 35
    endloop
  endfacet
  facet normal 0 0 -1
    outer loop
      vertex 12 0 35
      vertex 10 0 35
      vertex 11.7538 3.12869 35
    endloop
  endfacet
  facet normal 0 0 -1
    outer loop
      vertex 9.77839 2.81582 35
      vertex 11.7538 3.12869 35
      vertex 10 0 35
    endloop
  endfacet
  facet normal 0 0 -1
    outer loop
      vertex 9.11902 -5.56231 35
      vertex 11.0211 -6.18034 35
      vertex 9.82013 -9.07981 35
    endloop
  endfacet
  facet normal 0 0 -1
    outer loop
      vertex 11.7538 -3.12869 35
      vertex 9.77839 -2.81582 35
      vertex 10 0 35
    endloop
  endfacet
  facet normal 0 0 -1
    outer loop
      vertex 11.0211 -6.18034 35
      vertex 9.11902 -5.56231 35
      vertex 9.77839 -2.81582 35
    endloop
  endfacet
  facet normal 0 0 -1
    outer loop
      vertex 8.03812 -8.17183 35
      vertex 9.82013 -9.07981 35
      vertex 8.18034 -11.7557 35
    endloop
  endfacet
  facet normal 0 0 -1
    outer loop
      vertex 9.82013 -9.07981 35
      vertex 8.03812 -8.17183 35
      vertex 9.11902 -5.56231 35
    endloop
  endfacet
  facet normal 0 0 -1
    outer loop
      vertex 8.18034 -11.7557 35
      vertex 6.56231 -10.5801 35
      vertex 8.03812 -8.17183 35
    endloop
  endfacet
  facet normal 0 0 -1
    outer loop
      vertex 6.14214 -14.1421 35
      vertex 6.56231 -10.5801 35
      vertex 8.18034 -11.7557 35
    endloop
  endfacet
  facet normal 0 0 -1
    outer loop
      vertex 6.14214 -14.1421 35
      vertex 4.72792 -12.7279 35
      vertex 6.56231 -10.5801 35
    endloop
  endfacet
  facet normal 0 0 -1
    outer loop
      vertex 3.7557 -16.1803 35
      vertex 4.72792 -12.7279 35
      vertex 6.14214 -14.1421 35
    endloop
  endfacet
  facet normal 0 0 -1
    outer loop
      vertex 3.7557 -16.1803 35
      vertex 2.58013 -14.5623 35
      vertex 4.72792 -12.7279 35
    endloop
  endfacet
  facet normal 0 0 -1
    outer loop
      vertex 1.07981 -17.8201 35
      vertex 2.58013 -14.5623 35
      vertex 3.7557 -16.1803 35
    endloop
  endfacet
  facet normal 0 0 -1
    outer loop
      vertex 1.07981 -17.8201 35
      vertex 0.171828 -16.0381 35
      vertex 2.58013 -14.5623 35
    endloop
  endfacet
  facet normal 0 0 -1
    outer loop
      vertex -1.81966 -19.0211 35
      vertex 0.171828 -16.0381 35
      vertex 1.07981 -17.8201 35
    endloop
  endfacet
  facet normal 0 0 -1
    outer loop
      vertex -1.81966 -19.0211 35
      vertex -2.43769 -17.119 35
      vertex 0.171828 -16.0381 35
    endloop
  endfacet
  facet normal 0 0 -1
    outer loop
      vertex -4.87131 -19.7538 35
      vertex -2.43769 -17.119 35
      vertex -1.81966 -19.0211 35
    endloop
  endfacet
  facet normal 0 0 -1
    outer loop
      vertex -4.87131 -19.7538 35
      vertex -5.18418 -17.7784 35
      vertex -2.43769 -17.119 35
    endloop
  endfacet
  facet normal 0 0 -1
    outer loop
      vertex -8 -20 35
      vertex -5.18418 -17.7784 35
      vertex -4.87131 -19.7538 35
    endloop
  endfacet
  facet normal 0 0 -1
    outer loop
      vertex -8 -20 35
      vertex -8 -18 35
      vertex -5.18418 -17.7784 35
    endloop
  endfacet
  facet normal 0 0 -1
    outer loop
      vertex -8 -20 35
      vertex -10.8158 -17.7784 35
      vertex -8 -18 35
    endloop
  endfacet
  facet normal 0 0 -1
    outer loop
      vertex -11.1287 -19.7538 35
      vertex -10.8158 -17.7784 35
      vertex -8 -20 35
    endloop
  endfacet
  facet normal 0 0 -1
    outer loop
      vertex -11.1287 -19.7538 35
      vertex -13.5623 -17.119 35
      vertex -10.8158 -17.7784 35
    endloop
  endfacet
  facet normal 0 0 -1
    outer loop
      vertex -14.1803 -19.0211 35
      vertex -13.5623 -17.119 35
      vertex -11.1287 -19.7538 35
    endloop
  endfacet
  facet normal 0 0 -1
    outer loop
      vertex -14.1803 -19.0211 35
      vertex -16.1718 -16.0381 35
      vertex -13.5623 -17.119 35
    endloop
  endfacet
  facet normal 0 0 -1
    outer loop
      vertex -17.0798 -17.8201 35
      vertex -16.1718 -16.0381 35
      vertex -14.1803 -19.0211 35
    endloop
  endfacet
  facet normal 0 0 -1
    outer loop
      vertex -17.0798 -17.8201 35
      vertex -18.5801 -14.5623 35
      vertex -16.1718 -16.0381 35
    endloop
  endfacet
  facet normal 0 0 -1
    outer loop
      vertex -19.7557 -16.1803 35
      vertex -18.5801 -14.5623 35
      vertex -17.0798 -17.8201 35
    endloop
  endfacet
  facet normal 0 0 -1
    outer loop
      vertex -19.7557 -16.1803 35
      vertex -20.7279 -12.7279 35
      vertex -18.5801 -14.5623 35
    endloop
  endfacet
  facet normal 0 0 -1
    outer loop
      vertex -22.1421 -14.1421 35
      vertex -20.7279 -12.7279 35
      vertex -19.7557 -16.1803 35
    endloop
  endfacet
  facet normal 0 0 -1
    outer loop
      vertex -22.1421 -14.1421 35
      vertex -22.5623 -10.5801 35
      vertex -20.7279 -12.7279 35
    endloop
  endfacet
  facet normal 0 0 -1
    outer loop
      vertex -24.1803 -11.7557 35
      vertex -22.5623 -10.5801 35
      vertex -22.1421 -14.1421 35
    endloop
  endfacet
  facet normal -0 0 -1
    outer loop
      vertex -22.5623 -10.5801 35
      vertex -24.1803 -11.7557 35
      vertex -24.0381 -8.17183 35
    endloop
  endfacet
  facet normal 0 0 -1
    outer loop
      vertex -25.8201 -9.07981 35
      vertex -24.0381 -8.17183 35
      vertex -24.1803 -11.7557 35
    endloop
  endfacet
  facet normal -0 0 -1
    outer loop
      vertex -24.0381 -8.17183 35
      vertex -25.8201 -9.07981 35
      vertex -25.119 -5.56231 35
    endloop
  endfacet
  facet normal 0 0 -1
    outer loop
      vertex -27.0211 -6.18034 35
      vertex -25.119 -5.56231 35
      vertex -25.8201 -9.07981 35
    endloop
  endfacet
  facet normal -0 0 -1
    outer loop
      vertex -25.119 -5.56231 35
      vertex -27.0211 -6.18034 35
      vertex -25.7784 -2.81582 35
    endloop
  endfacet
  facet normal 0 0 -1
    outer loop
      vertex -27.7538 -3.12869 35
      vertex -25.7784 -2.81582 35
      vertex -27.0211 -6.18034 35
    endloop
  endfacet
  facet normal -0 0 -1
    outer loop
      vertex 11.7538 3.12869 35
      vertex 9.77839 2.81582 35
      vertex 11.0211 6.18034 35
    endloop
  endfacet
  facet normal 0 0 -1
    outer loop
      vertex 9.11902 5.56231 35
      vertex 11.0211 6.18034 35
      vertex 9.77839 2.81582 35
    endloop
  endfacet
  facet normal -0 0 -1
    outer loop
      vertex 11.0211 6.18034 35
      vertex 9.11902 5.56231 35
      vertex 9.82013 9.07981 35
    endloop
  endfacet
  facet normal 0 0 -1
    outer loop
      vertex 8.03812 8.17183 35
      vertex 9.82013 9.07981 35
      vertex 9.11902 5.56231 35
    endloop
  endfacet
  facet normal -0 0 -1
    outer loop
      vertex 9.82013 9.07981 35
      vertex 8.03812 8.17183 35
      vertex 8.18034 11.7557 35
    endloop
  endfacet
  facet normal 0 0 -1
    outer loop
      vertex 6.56231 10.5801 35
      vertex 8.18034 11.7557 35
      vertex 8.03812 8.17183 35
    endloop
  endfacet
  facet normal 0 0 -1
    outer loop
      vertex 6.56231 10.5801 35
      vertex 6.14214 14.1421 35
      vertex 8.18034 11.7557 35
    endloop
  endfacet
  facet normal 0 0 -1
    outer loop
      vertex 4.72792 12.7279 35
      vertex 6.14214 14.1421 35
      vertex 6.56231 10.5801 35
    endloop
  endfacet
  facet normal 0 0 -1
    outer loop
      vertex 4.72792 12.7279 35
      vertex 3.7557 16.1803 35
      vertex 6.14214 14.1421 35
    endloop
  endfacet
  facet normal 0 0 -1
    outer loop
      vertex 2.58013 14.5623 35
      vertex 3.7557 16.1803 35
      vertex 4.72792 12.7279 35
    endloop
  endfacet
  facet normal 0 0 -1
    outer loop
      vertex 2.58013 14.5623 35
      vertex 1.07981 17.8201 35
      vertex 3.7557 16.1803 35
    endloop
  endfacet
  facet normal 0 0 -1
    outer loop
      vertex 0.171828 16.0381 35
      vertex 1.07981 17.8201 35
      vertex 2.58013 14.5623 35
    endloop
  endfacet
  facet normal 0 0 -1
    outer loop
      vertex 0.171828 16.0381 35
      vertex -1.81966 19.0211 35
      vertex 1.07981 17.8201 35
    endloop
  endfacet
  facet normal 0 0 -1
    outer loop
      vertex -2.43769 17.119 35
      vertex -1.81966 19.0211 35
      vertex 0.171828 16.0381 35
    endloop
  endfacet
  facet normal 0 0 -1
    outer loop
      vertex -2.43769 17.119 35
      vertex -4.87131 19.7538 35
      vertex -1.81966 19.0211 35
    endloop
  endfacet
  facet normal 0 0 -1
    outer loop
      vertex -5.18418 17.7784 35
      vertex -4.87131 19.7538 35
      vertex -2.43769 17.119 35
    endloop
  endfacet
  facet normal 0 0 -1
    outer loop
      vertex -8 18 35
      vertex -4.87131 19.7538 35
      vertex -5.18418 17.7784 35
    endloop
  endfacet
  facet normal 0 0 -1
    outer loop
      vertex -8 18 35
      vertex -8 20 35
      vertex -4.87131 19.7538 35
    endloop
  endfacet
  facet normal 0 0 -1
    outer loop
      vertex -10.8158 17.7784 35
      vertex -8 20 35
      vertex -8 18 35
    endloop
  endfacet
  facet normal 0 0 -1
    outer loop
      vertex -10.8158 17.7784 35
      vertex -11.1287 19.7538 35
      vertex -8 20 35
    endloop
  endfacet
  facet normal 0 0 -1
    outer loop
      vertex -13.5623 17.119 35
      vertex -11.1287 19.7538 35
      vertex -10.8158 17.7784 35
    endloop
  endfacet
  facet normal 0 0 -1
    outer loop
      vertex -13.5623 17.119 35
      vertex -14.1803 19.0211 35
      vertex -11.1287 19.7538 35
    endloop
  endfacet
  facet normal 0 0 -1
    outer loop
      vertex -16.1718 16.0381 35
      vertex -14.1803 19.0211 35
      vertex -13.5623 17.119 35
    endloop
  endfacet
  facet normal 0 0 -1
    outer loop
      vertex -16.1718 16.0381 35
      vertex -17.0798 17.8201 35
      vertex -14.1803 19.0211 35
    endloop
  endfacet
  facet normal 0 0 -1
    outer loop
      vertex -18.5801 14.5623 35
      vertex -17.0798 17.8201 35
      vertex -16.1718 16.0381 35
    endloop
  endfacet
  facet normal 0 0 -1
    outer loop
      vertex -18.5801 14.5623 35
      vertex -19.7557 16.1803 35
      vertex -17.0798 17.8201 35
    endloop
  endfacet
  facet normal 0 0 -1
    outer loop
      vertex -20.7279 12.7279 35
      vertex -19.7557 16.1803 35
      vertex -18.5801 14.5623 35
    endloop
  endfacet
  facet normal 0 0 -1
    outer loop
      vertex -20.7279 12.7279 35
      vertex -22.1421 14.1421 35
      vertex -19.7557 16.1803 35
    endloop
  endfacet
  facet normal 0 0 -1
    outer loop
      vertex -22.5623 10.5801 35
      vertex -22.1421 14.1421 35
      vertex -20.7279 12.7279 35
    endloop
  endfacet
  facet normal 0 0 -1
    outer loop
      vertex -24.1803 11.7557 35
      vertex -22.5623 10.5801 35
      vertex -24.0381 8.17183 35
    endloop
  endfacet
  facet normal 0 0 -1
    outer loop
      vertex -22.5623 10.5801 35
      vertex -24.1803 11.7557 35
      vertex -22.1421 14.1421 35
    endloop
  endfacet
  facet normal 0 0 -1
    outer loop
      vertex -25.8201 9.07981 35
      vertex -24.0381 8.17183 35
      vertex -25.119 5.56231 35
    endloop
  endfacet
  facet normal 0 0 -1
    outer loop
      vertex -27.0211 6.18034 35
      vertex -25.119 5.56231 35
      vertex -25.7784 2.81582 35
    endloop
  endfacet
  facet normal 0 0 -1
    outer loop
      vertex -24.0381 8.17183 35
      vertex -25.8201 9.07981 35
      vertex -24.1803 11.7557 35
    endloop
  endfacet
  facet normal 0 0 -1
    outer loop
      vertex -27.7538 3.12869 35
      vertex -25.7784 2.81582 35
      vertex -26 0 35
    endloop
  endfacet
  facet normal -0 0 -1
    outer loop
      vertex -25.7784 -2.81582 35
      vertex -27.7538 -3.12869 35
      vertex -26 0 35
    endloop
  endfacet
  facet normal 0 0 -1
    outer loop
      vertex -25.119 5.56231 35
      vertex -27.0211 6.18034 35
      vertex -25.8201 9.07981 35
    endloop
  endfacet
  facet normal 0 0 -1
    outer loop
      vertex -28 0 35
      vertex -26 0 35
      vertex -27.7538 -3.12869 35
    endloop
  endfacet
  facet normal 0 0 -1
    outer loop
      vertex -25.7784 2.81582 35
      vertex -27.7538 3.12869 35
      vertex -27.0211 6.18034 35
    endloop
  endfacet
  facet normal 0 0 -1
    outer loop
      vertex -26 0 35
      vertex -28 0 35
      vertex -27.7538 3.12869 35
    endloop
  endfacet
  facet normal 0.522496 0.852642 -0
    outer loop
      vertex 2.58013 14.5623 5
      vertex 0.171828 16.0381 35
      vertex 2.58013 14.5623 35
    endloop
  endfacet
  facet normal 0.522496 0.852642 0
    outer loop
      vertex 0.171828 16.0381 35
      vertex 2.58013 14.5623 5
      vertex 0.171828 16.0381 5
    endloop
  endfacet
  facet normal 0.0784556 0.996918 2.77159e-06
    outer loop
      vertex -7.37426 17.9508 18.9508
      vertex -8 18 35
      vertex -5.18418 17.7784 35
    endloop
  endfacet
  facet normal 0.078385 0.996923 0
    outer loop
      vertex -8 18 35
      vertex -7.37426 17.9508 18.9508
      vertex -8 18 19
    endloop
  endfacet
  facet normal 0.0785633 0.996909 -1.2018e-05
    outer loop
      vertex -5.18418 17.7784 35
      vertex -6.76393 17.9027 18.8042
      vertex -7.37426 17.9508 18.9508
    endloop
  endfacet
  facet normal 0.0783954 0.996922 4.4613e-06
    outer loop
      vertex -5.18418 17.7784 35
      vertex -6.18404 17.8571 18.564
      vertex -6.76393 17.9027 18.8042
    endloop
  endfacet
  facet normal 0.0784245 0.99692 2.68349e-06
    outer loop
      vertex -5.18418 17.7784 35
      vertex -5.64886 17.815 18.2361
      vertex -6.18404 17.8571 18.564
    endloop
  endfacet
  facet normal 0.0785207 0.996912 0
    outer loop
      vertex -5.64886 17.815 18.2361
      vertex -5.18418 17.7784 35
      vertex -5.18418 17.7784 17.8392
    endloop
  endfacet
  facet normal 0.0785207 0.996912 -0
    outer loop
      vertex -5.18418 17.7784 5
      vertex -5.64886 17.815 11.7639
      vertex -5.18418 17.7784 12.1608
    endloop
  endfacet
  facet normal 0.0784268 0.99692 -6.49061e-06
    outer loop
      vertex -5.18418 17.7784 5
      vertex -6.18404 17.8571 11.436
      vertex -5.64886 17.815 11.7639
    endloop
  endfacet
  facet normal 0.0783981 0.996922 -1.0974e-05
    outer loop
      vertex -5.18418 17.7784 5
      vertex -6.76393 17.9027 11.1958
      vertex -6.18404 17.8571 11.436
    endloop
  endfacet
  facet normal 0.078559 0.996909 3.02958e-05
    outer loop
      vertex -5.18418 17.7784 5
      vertex -7.37426 17.9508 11.0492
      vertex -6.76393 17.9027 11.1958
    endloop
  endfacet
  facet normal 0.0784556 0.996918 -7.35334e-06
    outer loop
      vertex -8 18 5
      vertex -7.37426 17.9508 11.0492
      vertex -5.18418 17.7784 5
    endloop
  endfacet
  facet normal 0.078385 0.996923 0
    outer loop
      vertex -7.37426 17.9508 11.0492
      vertex -8 18 5
      vertex -8 18 11
    endloop
  endfacet
  facet normal 0.382684 -0.923879 0
    outer loop
      vertex -2.43769 -17.119 5
      vertex 0.171828 -16.0381 35
      vertex -2.43769 -17.119 35
    endloop
  endfacet
  facet normal 0.382684 -0.923879 0
    outer loop
      vertex 0.171828 -16.0381 35
      vertex -2.43769 -17.119 5
      vertex 0.171828 -16.0381 5
    endloop
  endfacet
  facet normal -0.522496 -0.852641 0
    outer loop
      vertex -18.5801 -14.5623 30
      vertex -16.1718 -16.0381 35
      vertex -18.5801 -14.5623 35
    endloop
  endfacet
  facet normal -0.522496 -0.852641 -0
    outer loop
      vertex -16.1718 -16.0381 35
      vertex -18.5801 -14.5623 30
      vertex -16.1718 -16.0381 30
    endloop
  endfacet
  facet normal -0.852639 -0.522501 0
    outer loop
      vertex -22.5623 -10.5801 30
      vertex -24.0381 -8.17183 35
      vertex -24.0381 -8.17183 30
    endloop
  endfacet
  facet normal -0.852639 -0.522501 0
    outer loop
      vertex -24.0381 -8.17183 35
      vertex -22.5623 -10.5801 30
      vertex -22.5623 -10.5801 35
    endloop
  endfacet
  facet normal 0.996917 -0.0784592 0
    outer loop
      vertex 9.77839 -2.81582 35
      vertex 10 0 5
      vertex 10 0 35
    endloop
  endfacet
  facet normal 0.996917 -0.0784592 0
    outer loop
      vertex 10 0 5
      vertex 9.77839 -2.81582 35
      vertex 9.77839 -2.81582 5
    endloop
  endfacet
  facet normal -0.760405 0.649449 0
    outer loop
      vertex -22.5623 10.5801 30
      vertex -20.7279 12.7279 35
      vertex -20.7279 12.7279 30
    endloop
  endfacet
  facet normal -0.760405 0.649449 0
    outer loop
      vertex -20.7279 12.7279 35
      vertex -22.5623 10.5801 30
      vertex -22.5623 10.5801 35
    endloop
  endfacet
  facet normal 0.97237 -0.233444 0
    outer loop
      vertex 9.11902 -5.56231 35
      vertex 9.77839 -2.81582 5
      vertex 9.77839 -2.81582 35
    endloop
  endfacet
  facet normal 0.97237 -0.233444 0
    outer loop
      vertex 9.77839 -2.81582 5
      vertex 9.11902 -5.56231 35
      vertex 9.11902 -5.56231 5
    endloop
  endfacet
  facet normal -0.972368 0.233454 0
    outer loop
      vertex -25.7784 2.81582 30
      vertex -25.119 5.56231 35
      vertex -25.119 5.56231 30
    endloop
  endfacet
  facet normal -0.972368 0.233454 0
    outer loop
      vertex -25.119 5.56231 35
      vertex -25.7784 2.81582 30
      vertex -25.7784 2.81582 35
    endloop
  endfacet
  facet normal -0.760405 -0.649449 0
    outer loop
      vertex -20.7279 -12.7279 30
      vertex -22.5623 -10.5801 35
      vertex -22.5623 -10.5801 30
    endloop
  endfacet
  facet normal -0.760405 -0.649449 0
    outer loop
      vertex -22.5623 -10.5801 35
      vertex -20.7279 -12.7279 30
      vertex -20.7279 -12.7279 35
    endloop
  endfacet
  facet normal -0.233453 -0.972368 0
    outer loop
      vertex -13.5623 -17.119 30
      vertex -10.8158 -17.7784 35
      vertex -13.5623 -17.119 35
    endloop
  endfacet
  facet normal -0.233453 -0.972368 -0
    outer loop
      vertex -10.8158 -17.7784 35
      vertex -13.5623 -17.119 30
      vertex -10.8158 -17.7784 30
    endloop
  endfacet
  facet normal -0.382686 -0.923878 0
    outer loop
      vertex -16.1718 -16.0381 30
      vertex -13.5623 -17.119 35
      vertex -16.1718 -16.0381 35
    endloop
  endfacet
  facet normal -0.382686 -0.923878 -0
    outer loop
      vertex -13.5623 -17.119 35
      vertex -16.1718 -16.0381 30
      vertex -13.5623 -17.119 30
    endloop
  endfacet
  facet normal 0.233454 0.972368 0
    outer loop
      vertex -2.43769 17.119 35
      vertex -5.18418 17.7784 17.8392
      vertex -5.18418 17.7784 35
    endloop
  endfacet
  facet normal 0.231689 0.97279 0.00029874
    outer loop
      vertex -2.43769 17.119 35
      vertex -5.17157 17.7754 17.8284
      vertex -5.18418 17.7784 17.8392
    endloop
  endfacet
  facet normal 0.233513 0.972354 -8.42494e-06
    outer loop
      vertex -2.43769 17.119 35
      vertex -4.76393 17.6775 17.3511
      vertex -5.17157 17.7754 17.8284
    endloop
  endfacet
  facet normal 0.233363 0.97239 1.25227e-05
    outer loop
      vertex -2.43769 17.119 35
      vertex -4.43597 17.5988 16.816
      vertex -4.76393 17.6775 17.3511
    endloop
  endfacet
  facet normal 0.233551 0.972345 -9.28888e-06
    outer loop
      vertex -2.43769 17.119 35
      vertex -4.19577 17.5411 16.2361
      vertex -4.43597 17.5988 16.816
    endloop
  endfacet
  facet normal 0.233555 0.972343 -9.74883e-06
    outer loop
      vertex -2.43769 17.119 35
      vertex -4.04925 17.5059 15.6257
      vertex -4.19577 17.5411 16.2361
    endloop
  endfacet
  facet normal 0.233228 0.972422 1.90353e-05
    outer loop
      vertex -2.43769 17.119 35
      vertex -4 17.4941 15
      vertex -4.04925 17.5059 15.6257
    endloop
  endfacet
  facet normal 0.233459 0.972367 -0
    outer loop
      vertex -2.43769 17.119 5
      vertex -4 17.4941 15
      vertex -2.43769 17.119 35
    endloop
  endfacet
  facet normal 0.233305 0.972404 -2.54122e-05
    outer loop
      vertex -2.43769 17.119 5
      vertex -4.04925 17.5059 14.3743
      vertex -4 17.4941 15
    endloop
  endfacet
  facet normal 0.233532 0.972349 1.58086e-05
    outer loop
      vertex -2.43769 17.119 5
      vertex -4.19577 17.5411 13.7639
      vertex -4.04925 17.5059 14.3743
    endloop
  endfacet
  facet normal 0.233534 0.972349 1.64297e-05
    outer loop
      vertex -2.43769 17.119 5
      vertex -4.43597 17.5988 13.184
      vertex -4.19577 17.5411 13.7639
    endloop
  endfacet
  facet normal 0.23338 0.972386 -2.34649e-05
    outer loop
      vertex -2.43769 17.119 5
      vertex -4.76393 17.6775 12.6489
      vertex -4.43597 17.5988 13.184
    endloop
  endfacet
  facet normal 0.233504 0.972356 1.65472e-05
    outer loop
      vertex -2.43769 17.119 5
      vertex -5.17157 17.7754 12.1716
      vertex -4.76393 17.6775 12.6489
    endloop
  endfacet
  facet normal 0.231943 0.972729 -0.000612733
    outer loop
      vertex -2.43769 17.119 5
      vertex -5.18418 17.7784 12.1608
      vertex -5.17157 17.7754 12.1716
    endloop
  endfacet
  facet normal 0.233454 0.972368 0
    outer loop
      vertex -5.18418 17.7784 12.1608
      vertex -2.43769 17.119 5
      vertex -5.18418 17.7784 5
    endloop
  endfacet
  facet normal 0 0 -1
    outer loop
      vertex 9.77839 -2.81582 5
      vertex 9.77839 2.81582 5
      vertex 10 0 5
    endloop
  endfacet
  facet normal 0 0 -1
    outer loop
      vertex 9.11902 -5.56231 5
      vertex 9.77839 2.81582 5
      vertex 9.77839 -2.81582 5
    endloop
  endfacet
  facet normal 0 0 -1
    outer loop
      vertex 9.11902 -5.56231 5
      vertex 9.11902 5.56231 5
      vertex 9.77839 2.81582 5
    endloop
  endfacet
  facet normal 0 0 -1
    outer loop
      vertex 8.03812 -8.17183 5
      vertex 9.11902 5.56231 5
      vertex 9.11902 -5.56231 5
    endloop
  endfacet
  facet normal 0 0 -1
    outer loop
      vertex 8.03812 -8.17183 5
      vertex 8.03812 8.17183 5
      vertex 9.11902 5.56231 5
    endloop
  endfacet
  facet normal 0 0 -1
    outer loop
      vertex 6.56231 -10.5801 5
      vertex 8.03812 8.17183 5
      vertex 8.03812 -8.17183 5
    endloop
  endfacet
  facet normal 0 0 -1
    outer loop
      vertex 6.56231 -10.5801 5
      vertex 6.56231 10.5801 5
      vertex 8.03812 8.17183 5
    endloop
  endfacet
  facet normal 0 0 -1
    outer loop
      vertex 4.72792 -12.7279 5
      vertex 6.56231 10.5801 5
      vertex 6.56231 -10.5801 5
    endloop
  endfacet
  facet normal 0 0 -1
    outer loop
      vertex 4.72792 -12.7279 5
      vertex 4.72792 12.7279 5
      vertex 6.56231 10.5801 5
    endloop
  endfacet
  facet normal 0 0 -1
    outer loop
      vertex 2.58013 -14.5623 5
      vertex 4.72792 12.7279 5
      vertex 4.72792 -12.7279 5
    endloop
  endfacet
  facet normal 0 0 -1
    outer loop
      vertex 2.58013 -14.5623 5
      vertex 2.58013 14.5623 5
      vertex 4.72792 12.7279 5
    endloop
  endfacet
  facet normal 0 0 -1
    outer loop
      vertex 0.171828 -16.0381 5
      vertex 2.58013 14.5623 5
      vertex 2.58013 -14.5623 5
    endloop
  endfacet
  facet normal 0 0 -1
    outer loop
      vertex 0.171828 -16.0381 5
      vertex 0.171828 16.0381 5
      vertex 2.58013 14.5623 5
    endloop
  endfacet
  facet normal 0 0 -1
    outer loop
      vertex -2.43769 -17.119 5
      vertex 0.171828 16.0381 5
      vertex 0.171828 -16.0381 5
    endloop
  endfacet
  facet normal 0 0 -1
    outer loop
      vertex -2.43769 -17.119 5
      vertex -2.43769 17.119 5
      vertex 0.171828 16.0381 5
    endloop
  endfacet
  facet normal 0 0 -1
    outer loop
      vertex -5.18418 -17.7784 5
      vertex -2.43769 17.119 5
      vertex -2.43769 -17.119 5
    endloop
  endfacet
  facet normal 0 0 -1
    outer loop
      vertex -5.18418 -17.7784 5
      vertex -5.18418 17.7784 5
      vertex -2.43769 17.119 5
    endloop
  endfacet
  facet normal 0 0 -1
    outer loop
      vertex -10 -17.8426 5
      vertex -5.18418 -17.7784 5
      vertex -8 -18 5
    endloop
  endfacet
  facet normal -0 0 -1
    outer loop
      vertex -5.18418 -17.7784 5
      vertex -10 -17.8426 5
      vertex -5.18418 17.7784 5
    endloop
  endfacet
  facet normal 0 0 -1
    outer loop
      vertex -10 17.8426 5
      vertex -5.18418 17.7784 5
      vertex -10 -17.8426 5
    endloop
  endfacet
  facet normal 0 0 -1
    outer loop
      vertex -5.18418 17.7784 5
      vertex -10 17.8426 5
      vertex -8 18 5
    endloop
  endfacet
  facet normal -0.649449 -0.760405 0
    outer loop
      vertex -20.7279 -12.7279 30
      vertex -18.5801 -14.5623 35
      vertex -20.7279 -12.7279 35
    endloop
  endfacet
  facet normal -0.649449 -0.760405 -0
    outer loop
      vertex -18.5801 -14.5623 35
      vertex -20.7279 -12.7279 30
      vertex -18.5801 -14.5623 30
    endloop
  endfacet
  facet normal -0.0784532 -0.996918 0
    outer loop
      vertex -10 -17.8426 30
      vertex -10.8158 -17.7784 35
      vertex -10.8158 -17.7784 30
    endloop
  endfacet
  facet normal -0.0784562 -0.996918 -4.89997e-07
    outer loop
      vertex -10.8158 -17.7784 35
      vertex -10 -17.8426 30
      vertex -8 -18 35
    endloop
  endfacet
  facet normal -0.0784574 -0.996917 0
    outer loop
      vertex -10 -17.8426 30
      vertex -8 -18 19
      vertex -8 -18 35
    endloop
  endfacet
  facet normal -0.0784574 -0.996917 0
    outer loop
      vertex -10 -17.8426 5
      vertex -8 -18 19
      vertex -10 -17.8426 30
    endloop
  endfacet
  facet normal -0.0784574 -0.996917 -0
    outer loop
      vertex -8 -18 19
      vertex -10 -17.8426 5
      vertex -8 -18 11
    endloop
  endfacet
  facet normal -0.0784574 -0.996917 -0
    outer loop
      vertex -8 -18 11
      vertex -10 -17.8426 5
      vertex -8 -18 5
    endloop
  endfacet
  facet normal 0.649451 0.760404 -0
    outer loop
      vertex 4.72792 12.7279 5
      vertex 2.58013 14.5623 35
      vertex 4.72792 12.7279 35
    endloop
  endfacet
  facet normal 0.649451 0.760404 0
    outer loop
      vertex 2.58013 14.5623 35
      vertex 4.72792 12.7279 5
      vertex 2.58013 14.5623 5
    endloop
  endfacet
  facet normal -0.923879 -0.382684 0
    outer loop
      vertex -24.0381 -8.17183 30
      vertex -25.119 -5.56231 35
      vertex -25.119 -5.56231 30
    endloop
  endfacet
  facet normal -0.923879 -0.382684 0
    outer loop
      vertex -25.119 -5.56231 35
      vertex -24.0381 -8.17183 30
      vertex -24.0381 -8.17183 35
    endloop
  endfacet
  facet normal -0.923879 0.382684 0
    outer loop
      vertex -25.119 5.56231 30
      vertex -24.0381 8.17183 35
      vertex -24.0381 8.17183 30
    endloop
  endfacet
  facet normal -0.923879 0.382684 0
    outer loop
      vertex -24.0381 8.17183 35
      vertex -25.119 5.56231 30
      vertex -25.119 5.56231 35
    endloop
  endfacet
  facet normal 0.760407 -0.649447 0
    outer loop
      vertex 4.72792 -12.7279 35
      vertex 6.56231 -10.5801 5
      vertex 6.56231 -10.5801 35
    endloop
  endfacet
  facet normal 0.760407 -0.649447 0
    outer loop
      vertex 6.56231 -10.5801 5
      vertex 4.72792 -12.7279 35
      vertex 4.72792 -12.7279 5
    endloop
  endfacet
  facet normal -0.996918 0.0784486 0
    outer loop
      vertex -28 0 35
      vertex -27.7538 3.12869 43
      vertex -27.7538 3.12869 35
    endloop
  endfacet
  facet normal -0.996918 0.0784486 0
    outer loop
      vertex -27.7538 3.12869 43
      vertex -28 0 35
      vertex -28 0 43
    endloop
  endfacet
  facet normal -0.5225 0.852639 0
    outer loop
      vertex -17.0798 17.8201 35
      vertex -19.7557 16.1803 43
      vertex -17.0798 17.8201 43
    endloop
  endfacet
  facet normal -0.5225 0.852639 0
    outer loop
      vertex -19.7557 16.1803 43
      vertex -17.0798 17.8201 35
      vertex -19.7557 16.1803 35
    endloop
  endfacet
  facet normal 0.972365 0.233465 0
    outer loop
      vertex 11.7538 3.12869 43
      vertex 11.0211 6.18034 35
      vertex 11.0211 6.18034 43
    endloop
  endfacet
  facet normal 0.972365 0.233465 0
    outer loop
      vertex 11.0211 6.18034 35
      vertex 11.7538 3.12869 43
      vertex 11.7538 3.12869 35
    endloop
  endfacet
  facet normal 0.233465 -0.972365 0
    outer loop
      vertex -4.87131 -19.7538 35
      vertex -1.81966 -19.0211 43
      vertex -4.87131 -19.7538 43
    endloop
  endfacet
  facet normal 0.233465 -0.972365 0
    outer loop
      vertex -1.81966 -19.0211 43
      vertex -4.87131 -19.7538 35
      vertex -1.81966 -19.0211 35
    endloop
  endfacet
  facet normal 0.649446 0.760408 -0
    outer loop
      vertex 6.14214 14.1421 35
      vertex 3.7557 16.1803 43
      vertex 6.14214 14.1421 43
    endloop
  endfacet
  facet normal 0.649446 0.760408 0
    outer loop
      vertex 3.7557 16.1803 43
      vertex 6.14214 14.1421 35
      vertex 3.7557 16.1803 35
    endloop
  endfacet
  facet normal 0.760403 0.649452 0
    outer loop
      vertex 8.18034 11.7557 43
      vertex 6.14214 14.1421 35
      vertex 6.14214 14.1421 43
    endloop
  endfacet
  facet normal 0.760403 0.649452 0
    outer loop
      vertex 6.14214 14.1421 35
      vertex 8.18034 11.7557 43
      vertex 8.18034 11.7557 35
    endloop
  endfacet
  facet normal 0.0784486 -0.996918 0
    outer loop
      vertex -8 -20 35
      vertex -4.87131 -19.7538 43
      vertex -8 -20 43
    endloop
  endfacet
  facet normal 0.0784486 -0.996918 0
    outer loop
      vertex -4.87131 -19.7538 43
      vertex -8 -20 35
      vertex -4.87131 -19.7538 35
    endloop
  endfacet
  facet normal 0.382683 0.92388 -0
    outer loop
      vertex 1.07981 17.8201 35
      vertex -1.81966 19.0211 43
      vertex 1.07981 17.8201 43
    endloop
  endfacet
  facet normal 0.382683 0.92388 0
    outer loop
      vertex -1.81966 19.0211 43
      vertex 1.07981 17.8201 35
      vertex -1.81966 19.0211 35
    endloop
  endfacet
  facet normal 0.996918 0.0784486 0
    outer loop
      vertex 12 0 43
      vertex 11.7538 3.12869 35
      vertex 11.7538 3.12869 43
    endloop
  endfacet
  facet normal 0.996918 0.0784486 0
    outer loop
      vertex 11.7538 3.12869 35
      vertex 12 0 43
      vertex 12 0 35
    endloop
  endfacet
  facet normal -0.760403 0.649452 0
    outer loop
      vertex -24.1803 11.7557 35
      vertex -22.1421 14.1421 43
      vertex -22.1421 14.1421 35
    endloop
  endfacet
  facet normal -0.760403 0.649452 0
    outer loop
      vertex -22.1421 14.1421 43
      vertex -24.1803 11.7557 35
      vertex -24.1803 11.7557 43
    endloop
  endfacet
  facet normal 0.996918 -0.0784486 0
    outer loop
      vertex 11.7538 -3.12869 43
      vertex 12 0 35
      vertex 12 0 43
    endloop
  endfacet
  facet normal 0.996918 -0.0784486 0
    outer loop
      vertex 12 0 35
      vertex 11.7538 -3.12869 43
      vertex 11.7538 -3.12869 35
    endloop
  endfacet
  facet normal 0.760403 -0.649452 0
    outer loop
      vertex 6.14214 -14.1421 43
      vertex 8.18034 -11.7557 35
      vertex 8.18034 -11.7557 43
    endloop
  endfacet
  facet normal 0.760403 -0.649452 0
    outer loop
      vertex 8.18034 -11.7557 35
      vertex 6.14214 -14.1421 43
      vertex 6.14214 -14.1421 35
    endloop
  endfacet
  facet normal -0.233468 -0.972364 0
    outer loop
      vertex -14.1803 -19.0211 35
      vertex -11.1287 -19.7538 43
      vertex -14.1803 -19.0211 43
    endloop
  endfacet
  facet normal -0.233468 -0.972364 -0
    outer loop
      vertex -11.1287 -19.7538 43
      vertex -14.1803 -19.0211 35
      vertex -11.1287 -19.7538 35
    endloop
  endfacet
  facet normal -0.5225 -0.852639 0
    outer loop
      vertex -19.7557 -16.1803 35
      vertex -17.0798 -17.8201 43
      vertex -19.7557 -16.1803 43
    endloop
  endfacet
  facet normal -0.5225 -0.852639 -0
    outer loop
      vertex -17.0798 -17.8201 43
      vertex -19.7557 -16.1803 35
      vertex -17.0798 -17.8201 35
    endloop
  endfacet
  facet normal 0.923883 0.382675 0
    outer loop
      vertex 11.0211 6.18034 43
      vertex 9.82013 9.07981 35
      vertex 9.82013 9.07981 43
    endloop
  endfacet
  facet normal 0.923883 0.382675 0
    outer loop
      vertex 9.82013 9.07981 35
      vertex 11.0211 6.18034 43
      vertex 11.0211 6.18034 35
    endloop
  endfacet
  facet normal 0.649446 -0.760408 0
    outer loop
      vertex 3.7557 -16.1803 35
      vertex 6.14214 -14.1421 43
      vertex 3.7557 -16.1803 43
    endloop
  endfacet
  facet normal 0.649446 -0.760408 0
    outer loop
      vertex 6.14214 -14.1421 43
      vertex 3.7557 -16.1803 35
      vertex 6.14214 -14.1421 35
    endloop
  endfacet
  facet normal -0.0784483 0.996918 0
    outer loop
      vertex -8 20 35
      vertex -11.1287 19.7538 43
      vertex -8 20 43
    endloop
  endfacet
  facet normal -0.0784483 0.996918 0
    outer loop
      vertex -11.1287 19.7538 43
      vertex -8 20 35
      vertex -11.1287 19.7538 35
    endloop
  endfacet
  facet normal 0 0 1
    outer loop
      vertex 11.7538 3.12869 43
      vertex 11.7538 -3.12869 43
      vertex 12 0 43
    endloop
  endfacet
  facet normal 0 0 1
    outer loop
      vertex 11.0211 6.18034 43
      vertex 11.7538 -3.12869 43
      vertex 11.7538 3.12869 43
    endloop
  endfacet
  facet normal 0 0 1
    outer loop
      vertex 11.0211 6.18034 43
      vertex 11.0211 -6.18034 43
      vertex 11.7538 -3.12869 43
    endloop
  endfacet
  facet normal 0 0 1
    outer loop
      vertex 9.82013 9.07981 43
      vertex 11.0211 -6.18034 43
      vertex 11.0211 6.18034 43
    endloop
  endfacet
  facet normal 0 0 1
    outer loop
      vertex 9.82013 9.07981 43
      vertex 9.82013 -9.07981 43
      vertex 11.0211 -6.18034 43
    endloop
  endfacet
  facet normal 0 0 1
    outer loop
      vertex 8.18034 11.7557 43
      vertex 9.82013 -9.07981 43
      vertex 9.82013 9.07981 43
    endloop
  endfacet
  facet normal 0 0 1
    outer loop
      vertex 8.18034 11.7557 43
      vertex 8.18034 -11.7557 43
      vertex 9.82013 -9.07981 43
    endloop
  endfacet
  facet normal 0 0 1
    outer loop
      vertex 6.14214 14.1421 43
      vertex 8.18034 -11.7557 43
      vertex 8.18034 11.7557 43
    endloop
  endfacet
  facet normal 0 0 1
    outer loop
      vertex 6.14214 14.1421 43
      vertex 6.14214 -14.1421 43
      vertex 8.18034 -11.7557 43
    endloop
  endfacet
  facet normal 0 0 1
    outer loop
      vertex 3.7557 16.1803 43
      vertex 6.14214 -14.1421 43
      vertex 6.14214 14.1421 43
    endloop
  endfacet
  facet normal 0 0 1
    outer loop
      vertex 3.7557 16.1803 43
      vertex 3.7557 -16.1803 43
      vertex 6.14214 -14.1421 43
    endloop
  endfacet
  facet normal 0 0 1
    outer loop
      vertex 1.07981 17.8201 43
      vertex 3.7557 -16.1803 43
      vertex 3.7557 16.1803 43
    endloop
  endfacet
  facet normal 0 0 1
    outer loop
      vertex 1.07981 17.8201 43
      vertex 1.07981 -17.8201 43
      vertex 3.7557 -16.1803 43
    endloop
  endfacet
  facet normal 0 0 1
    outer loop
      vertex -1.81966 19.0211 43
      vertex 1.07981 -17.8201 43
      vertex 1.07981 17.8201 43
    endloop
  endfacet
  facet normal 0 0 1
    outer loop
      vertex -1.81966 19.0211 43
      vertex -1.81966 -19.0211 43
      vertex 1.07981 -17.8201 43
    endloop
  endfacet
  facet normal 0 0 1
    outer loop
      vertex -4.87131 19.7538 43
      vertex -1.81966 -19.0211 43
      vertex -1.81966 19.0211 43
    endloop
  endfacet
  facet normal 0 0 1
    outer loop
      vertex -4.87131 19.7538 43
      vertex -4.87131 -19.7538 43
      vertex -1.81966 -19.0211 43
    endloop
  endfacet
  facet normal 0 0 1
    outer loop
      vertex -8 20 43
      vertex -4.87131 -19.7538 43
      vertex -4.87131 19.7538 43
    endloop
  endfacet
  facet normal 0 0 1
    outer loop
      vertex -8 20 43
      vertex -8 -20 43
      vertex -4.87131 -19.7538 43
    endloop
  endfacet
  facet normal -0 0 1
    outer loop
      vertex -11.1287 19.7538 43
      vertex -8 -20 43
      vertex -8 20 43
    endloop
  endfacet
  facet normal 0 0 1
    outer loop
      vertex -11.1287 19.7538 43
      vertex -11.1287 -19.7538 43
      vertex -8 -20 43
    endloop
  endfacet
  facet normal -0 0 1
    outer loop
      vertex -14.1803 19.0211 43
      vertex -11.1287 -19.7538 43
      vertex -11.1287 19.7538 43
    endloop
  endfacet
  facet normal 0 0 1
    outer loop
      vertex -14.1803 19.0211 43
      vertex -14.1803 -19.0211 43
      vertex -11.1287 -19.7538 43
    endloop
  endfacet
  facet normal -0 0 1
    outer loop
      vertex -17.0798 17.8201 43
      vertex -14.1803 -19.0211 43
      vertex -14.1803 19.0211 43
    endloop
  endfacet
  facet normal 0 0 1
    outer loop
      vertex -17.0798 17.8201 43
      vertex -17.0798 -17.8201 43
      vertex -14.1803 -19.0211 43
    endloop
  endfacet
  facet normal -0 0 1
    outer loop
      vertex -19.7557 16.1803 43
      vertex -17.0798 -17.8201 43
      vertex -17.0798 17.8201 43
    endloop
  endfacet
  facet normal 0 0 1
    outer loop
      vertex -19.7557 16.1803 43
      vertex -19.7557 -16.1803 43
      vertex -17.0798 -17.8201 43
    endloop
  endfacet
  facet normal -0 0 1
    outer loop
      vertex -22.1421 14.1421 43
      vertex -19.7557 -16.1803 43
      vertex -19.7557 16.1803 43
    endloop
  endfacet
  facet normal 0 0 1
    outer loop
      vertex -22.1421 14.1421 43
      vertex -22.1421 -14.1421 43
      vertex -19.7557 -16.1803 43
    endloop
  endfacet
  facet normal -0 0 1
    outer loop
      vertex -24.1803 11.7557 43
      vertex -22.1421 -14.1421 43
      vertex -22.1421 14.1421 43
    endloop
  endfacet
  facet normal 0 0 1
    outer loop
      vertex -24.1803 11.7557 43
      vertex -24.1803 -11.7557 43
      vertex -22.1421 -14.1421 43
    endloop
  endfacet
  facet normal -0 0 1
    outer loop
      vertex -25.8201 9.07981 43
      vertex -24.1803 -11.7557 43
      vertex -24.1803 11.7557 43
    endloop
  endfacet
  facet normal 0 0 1
    outer loop
      vertex -25.8201 9.07981 43
      vertex -25.8201 -9.07981 43
      vertex -24.1803 -11.7557 43
    endloop
  endfacet
  facet normal -0 0 1
    outer loop
      vertex -27.0211 6.18034 43
      vertex -25.8201 -9.07981 43
      vertex -25.8201 9.07981 43
    endloop
  endfacet
  facet normal 0 0 1
    outer loop
      vertex -27.0211 6.18034 43
      vertex -27.0211 -6.18034 43
      vertex -25.8201 -9.07981 43
    endloop
  endfacet
  facet normal -0 0 1
    outer loop
      vertex -27.7538 3.12869 43
      vertex -27.0211 -6.18034 43
      vertex -27.0211 6.18034 43
    endloop
  endfacet
  facet normal 0 0 1
    outer loop
      vertex -27.7538 3.12869 43
      vertex -27.7538 -3.12869 43
      vertex -27.0211 -6.18034 43
    endloop
  endfacet
  facet normal 0 -0 1
    outer loop
      vertex -27.7538 -3.12869 43
      vertex -27.7538 3.12869 43
      vertex -28 0 43
    endloop
  endfacet
  facet normal -0.0784483 -0.996918 0
    outer loop
      vertex -11.1287 -19.7538 35
      vertex -8 -20 43
      vertex -11.1287 -19.7538 43
    endloop
  endfacet
  facet normal -0.0784483 -0.996918 -0
    outer loop
      vertex -8 -20 43
      vertex -11.1287 -19.7538 35
      vertex -8 -20 35
    endloop
  endfacet
  facet normal 0.382683 -0.92388 0
    outer loop
      vertex -1.81966 -19.0211 35
      vertex 1.07981 -17.8201 43
      vertex -1.81966 -19.0211 43
    endloop
  endfacet
  facet normal 0.382683 -0.92388 0
    outer loop
      vertex 1.07981 -17.8201 43
      vertex -1.81966 -19.0211 35
      vertex 1.07981 -17.8201 35
    endloop
  endfacet
  facet normal -0.38268 -0.923881 0
    outer loop
      vertex -17.0798 -17.8201 35
      vertex -14.1803 -19.0211 43
      vertex -17.0798 -17.8201 43
    endloop
  endfacet
  facet normal -0.38268 -0.923881 -0
    outer loop
      vertex -14.1803 -19.0211 43
      vertex -17.0798 -17.8201 35
      vertex -14.1803 -19.0211 35
    endloop
  endfacet
  facet normal 0.522501 0.852638 -0
    outer loop
      vertex 3.7557 16.1803 35
      vertex 1.07981 17.8201 43
      vertex 3.7557 16.1803 43
    endloop
  endfacet
  facet normal 0.522501 0.852638 0
    outer loop
      vertex 1.07981 17.8201 43
      vertex 3.7557 16.1803 35
      vertex 1.07981 17.8201 35
    endloop
  endfacet
  facet normal 0.0784486 0.996918 -0
    outer loop
      vertex -4.87131 19.7538 35
      vertex -8 20 43
      vertex -4.87131 19.7538 43
    endloop
  endfacet
  facet normal 0.0784486 0.996918 0
    outer loop
      vertex -8 20 43
      vertex -4.87131 19.7538 35
      vertex -8 20 35
    endloop
  endfacet
  facet normal -0.649452 0.760403 0
    outer loop
      vertex -19.7557 16.1803 35
      vertex -22.1421 14.1421 43
      vertex -19.7557 16.1803 43
    endloop
  endfacet
  facet normal -0.649452 0.760403 0
    outer loop
      vertex -22.1421 14.1421 43
      vertex -19.7557 16.1803 35
      vertex -22.1421 14.1421 35
    endloop
  endfacet
  facet normal 0.85264 0.522499 0
    outer loop
      vertex 9.82013 9.07981 43
      vertex 8.18034 11.7557 35
      vertex 8.18034 11.7557 43
    endloop
  endfacet
  facet normal 0.85264 0.522499 0
    outer loop
      vertex 8.18034 11.7557 35
      vertex 9.82013 9.07981 43
      vertex 9.82013 9.07981 35
    endloop
  endfacet
  facet normal -0.92388 -0.382683 0
    outer loop
      vertex -25.8201 -9.07981 35
      vertex -27.0211 -6.18034 43
      vertex -27.0211 -6.18034 35
    endloop
  endfacet
  facet normal -0.92388 -0.382683 0
    outer loop
      vertex -27.0211 -6.18034 43
      vertex -25.8201 -9.07981 35
      vertex -25.8201 -9.07981 43
    endloop
  endfacet
  facet normal 0.85264 -0.522499 0
    outer loop
      vertex 8.18034 -11.7557 43
      vertex 9.82013 -9.07981 35
      vertex 9.82013 -9.07981 43
    endloop
  endfacet
  facet normal 0.85264 -0.522499 0
    outer loop
      vertex 9.82013 -9.07981 35
      vertex 8.18034 -11.7557 43
      vertex 8.18034 -11.7557 35
    endloop
  endfacet
  facet normal 0.923883 -0.382675 0
    outer loop
      vertex 9.82013 -9.07981 43
      vertex 11.0211 -6.18034 35
      vertex 11.0211 -6.18034 43
    endloop
  endfacet
  facet normal 0.923883 -0.382675 0
    outer loop
      vertex 11.0211 -6.18034 35
      vertex 9.82013 -9.07981 43
      vertex 9.82013 -9.07981 35
    endloop
  endfacet
  facet normal 0.233465 0.972365 -0
    outer loop
      vertex -1.81966 19.0211 35
      vertex -4.87131 19.7538 43
      vertex -1.81966 19.0211 43
    endloop
  endfacet
  facet normal 0.233465 0.972365 0
    outer loop
      vertex -4.87131 19.7538 43
      vertex -1.81966 19.0211 35
      vertex -4.87131 19.7538 35
    endloop
  endfacet
  facet normal -0.972365 -0.233465 0
    outer loop
      vertex -27.0211 -6.18034 35
      vertex -27.7538 -3.12869 43
      vertex -27.7538 -3.12869 35
    endloop
  endfacet
  facet normal -0.972365 -0.233465 0
    outer loop
      vertex -27.7538 -3.12869 43
      vertex -27.0211 -6.18034 35
      vertex -27.0211 -6.18034 43
    endloop
  endfacet
  facet normal -0.649452 -0.760403 0
    outer loop
      vertex -22.1421 -14.1421 35
      vertex -19.7557 -16.1803 43
      vertex -22.1421 -14.1421 43
    endloop
  endfacet
  facet normal -0.649452 -0.760403 -0
    outer loop
      vertex -19.7557 -16.1803 43
      vertex -22.1421 -14.1421 35
      vertex -19.7557 -16.1803 35
    endloop
  endfacet
  facet normal -0.972365 0.233465 0
    outer loop
      vertex -27.7538 3.12869 35
      vertex -27.0211 6.18034 43
      vertex -27.0211 6.18034 35
    endloop
  endfacet
  facet normal -0.972365 0.233465 0
    outer loop
      vertex -27.0211 6.18034 43
      vertex -27.7538 3.12869 35
      vertex -27.7538 3.12869 43
    endloop
  endfacet
  facet normal -0.38268 0.923881 0
    outer loop
      vertex -14.1803 19.0211 35
      vertex -17.0798 17.8201 43
      vertex -14.1803 19.0211 43
    endloop
  endfacet
  facet normal -0.38268 0.923881 0
    outer loop
      vertex -17.0798 17.8201 43
      vertex -14.1803 19.0211 35
      vertex -17.0798 17.8201 35
    endloop
  endfacet
  facet normal -0.852638 -0.522501 0
    outer loop
      vertex -24.1803 -11.7557 35
      vertex -25.8201 -9.07981 43
      vertex -25.8201 -9.07981 35
    endloop
  endfacet
  facet normal -0.852638 -0.522501 0
    outer loop
      vertex -25.8201 -9.07981 43
      vertex -24.1803 -11.7557 35
      vertex -24.1803 -11.7557 43
    endloop
  endfacet
  facet normal -0.760403 -0.649452 0
    outer loop
      vertex -22.1421 -14.1421 35
      vertex -24.1803 -11.7557 43
      vertex -24.1803 -11.7557 35
    endloop
  endfacet
  facet normal -0.760403 -0.649452 0
    outer loop
      vertex -24.1803 -11.7557 43
      vertex -22.1421 -14.1421 35
      vertex -22.1421 -14.1421 43
    endloop
  endfacet
  facet normal -0.92388 0.382683 0
    outer loop
      vertex -27.0211 6.18034 35
      vertex -25.8201 9.07981 43
      vertex -25.8201 9.07981 35
    endloop
  endfacet
  facet normal -0.92388 0.382683 0
    outer loop
      vertex -25.8201 9.07981 43
      vertex -27.0211 6.18034 35
      vertex -27.0211 6.18034 43
    endloop
  endfacet
  facet normal -0.996918 -0.0784486 0
    outer loop
      vertex -27.7538 -3.12869 35
      vertex -28 0 43
      vertex -28 0 35
    endloop
  endfacet
  facet normal -0.996918 -0.0784486 0
    outer loop
      vertex -28 0 43
      vertex -27.7538 -3.12869 35
      vertex -27.7538 -3.12869 43
    endloop
  endfacet
  facet normal 0.972365 -0.233465 0
    outer loop
      vertex 11.0211 -6.18034 43
      vertex 11.7538 -3.12869 35
      vertex 11.7538 -3.12869 43
    endloop
  endfacet
  facet normal 0.972365 -0.233465 0
    outer loop
      vertex 11.7538 -3.12869 35
      vertex 11.0211 -6.18034 43
      vertex 11.0211 -6.18034 35
    endloop
  endfacet
  facet normal -0.852638 0.522501 0
    outer loop
      vertex -25.8201 9.07981 35
      vertex -24.1803 11.7557 43
      vertex -24.1803 11.7557 35
    endloop
  endfacet
  facet normal -0.852638 0.522501 0
    outer loop
      vertex -24.1803 11.7557 43
      vertex -25.8201 9.07981 35
      vertex -25.8201 9.07981 43
    endloop
  endfacet
  facet normal -0.233468 0.972364 0
    outer loop
      vertex -11.1287 19.7538 35
      vertex -14.1803 19.0211 43
      vertex -11.1287 19.7538 43
    endloop
  endfacet
  facet normal -0.233468 0.972364 0
    outer loop
      vertex -14.1803 19.0211 43
      vertex -11.1287 19.7538 35
      vertex -14.1803 19.0211 35
    endloop
  endfacet
  facet normal 0.522501 -0.852638 0
    outer loop
      vertex 1.07981 -17.8201 35
      vertex 3.7557 -16.1803 43
      vertex 1.07981 -17.8201 43
    endloop
  endfacet
  facet normal 0.522501 -0.852638 0
    outer loop
      vertex 3.7557 -16.1803 43
      vertex 1.07981 -17.8201 35
      vertex 3.7557 -16.1803 35
    endloop
  endfacet
  facet normal 0.760416 0 -0.649436
    outer loop
      vertex -4.76393 18 12.6489
      vertex -5.17157 17.7754 12.1716
      vertex -5.17157 18 12.1716
    endloop
  endfacet
  facet normal 0.760416 0 -0.649436
    outer loop
      vertex -5.17157 17.7754 12.1716
      vertex -4.76393 18 12.6489
      vertex -4.76393 17.6775 12.6489
    endloop
  endfacet
  facet normal 0.972379 -0 0.233409
    outer loop
      vertex -4.19577 17.5411 16.2361
      vertex -4.04925 18 15.6257
      vertex -4.19577 18 16.2361
    endloop
  endfacet
  facet normal 0.972379 0 0.233409
    outer loop
      vertex -4.04925 18 15.6257
      vertex -4.19577 17.5411 16.2361
      vertex -4.04925 17.5059 15.6257
    endloop
  endfacet
  facet normal 0.996917 -0 0.0784691
    outer loop
      vertex -4.04925 17.5059 15.6257
      vertex -4 18 15
      vertex -4.04925 18 15.6257
    endloop
  endfacet
  facet normal 0.996917 0 0.0784691
    outer loop
      vertex -4 18 15
      vertex -4.04925 17.5059 15.6257
      vertex -4 17.4941 15
    endloop
  endfacet
  facet normal 0.760416 -0 0.649436
    outer loop
      vertex -5.17157 17.7754 17.8284
      vertex -4.76393 18 17.3511
      vertex -5.17157 18 17.8284
    endloop
  endfacet
  facet normal 0.760416 0 0.649436
    outer loop
      vertex -4.76393 18 17.3511
      vertex -5.17157 17.7754 17.8284
      vertex -4.76393 17.6775 17.3511
    endloop
  endfacet
  facet normal 0.852604 -0 0.522557
    outer loop
      vertex -4.76393 17.6775 17.3511
      vertex -4.43597 18 16.816
      vertex -4.76393 18 17.3511
    endloop
  endfacet
  facet normal 0.852604 0 0.522557
    outer loop
      vertex -4.43597 18 16.816
      vertex -4.76393 17.6775 17.3511
      vertex -4.43597 17.5988 16.816
    endloop
  endfacet
  facet normal 0.078385 0 0.996923
    outer loop
      vertex -7.37426 18 18.9508
      vertex -8 18 19
      vertex -7.37426 17.9508 18.9508
    endloop
  endfacet
  facet normal -0.078385 0 0.996923
    outer loop
      vertex -8.62574 18 18.9508
      vertex -8.62574 17.9508 18.9508
      vertex -8 18 19
    endloop
  endfacet
  facet normal 0.078385 0 -0.996923
    outer loop
      vertex -7.37426 17.9508 11.0492
      vertex -8 18 11
      vertex -7.37426 18 11.0492
    endloop
  endfacet
  facet normal -0.382686 0 0.923879
    outer loop
      vertex -9.81596 18 18.564
      vertex -9.23607 17.9027 18.8042
      vertex -9.23607 18 18.8042
    endloop
  endfacet
  facet normal -0.382686 0 0.923879
    outer loop
      vertex -9.23607 17.9027 18.8042
      vertex -9.81596 18 18.564
      vertex -9.81596 17.8571 18.564
    endloop
  endfacet
  facet normal 0.650494 0 -0.759512
    outer loop
      vertex -5.18418 17.7784 12.1608
      vertex -5.17157 18 12.1716
      vertex -5.17157 17.7754 12.1716
    endloop
  endfacet
  facet normal 0.649477 0.000100235 -0.760381
    outer loop
      vertex -5.64886 17.815 11.7639
      vertex -5.17157 18 12.1716
      vertex -5.18418 17.7784 12.1608
    endloop
  endfacet
  facet normal 0.649499 0 -0.760362
    outer loop
      vertex -5.17157 18 12.1716
      vertex -5.64886 17.815 11.7639
      vertex -5.64886 18 11.7639
    endloop
  endfacet
  facet normal 0.382686 -0 0.923879
    outer loop
      vertex -6.76393 17.9027 18.8042
      vertex -6.18404 18 18.564
      vertex -6.76393 18 18.8042
    endloop
  endfacet
  facet normal 0.382686 0 0.923879
    outer loop
      vertex -6.18404 18 18.564
      vertex -6.76393 17.9027 18.8042
      vertex -6.18404 17.8571 18.564
    endloop
  endfacet
  facet normal 0.522431 -0 0.852682
    outer loop
      vertex -6.18404 17.8571 18.564
      vertex -5.64886 18 18.2361
      vertex -6.18404 18 18.564
    endloop
  endfacet
  facet normal 0.522431 0 0.852682
    outer loop
      vertex -5.64886 18 18.2361
      vertex -6.18404 17.8571 18.564
      vertex -5.64886 17.815 18.2361
    endloop
  endfacet
  facet normal 0.923881 0 -0.38268
    outer loop
      vertex -4.19577 18 13.7639
      vertex -4.43597 17.5988 13.184
      vertex -4.43597 18 13.184
    endloop
  endfacet
  facet normal 0.923881 0 -0.38268
    outer loop
      vertex -4.43597 17.5988 13.184
      vertex -4.19577 18 13.7639
      vertex -4.19577 17.5411 13.7639
    endloop
  endfacet
  facet normal 0.923881 -0 0.38268
    outer loop
      vertex -4.43597 17.5988 16.816
      vertex -4.19577 18 16.2361
      vertex -4.43597 18 16.816
    endloop
  endfacet
  facet normal 0.923881 0 0.38268
    outer loop
      vertex -4.19577 18 16.2361
      vertex -4.43597 17.5988 16.816
      vertex -4.19577 17.5411 16.2361
    endloop
  endfacet
  facet normal 0.972379 0 -0.233409
    outer loop
      vertex -4.04925 18 14.3743
      vertex -4.19577 17.5411 13.7639
      vertex -4.19577 18 13.7639
    endloop
  endfacet
  facet normal 0.972379 0 -0.233409
    outer loop
      vertex -4.19577 17.5411 13.7639
      vertex -4.04925 18 14.3743
      vertex -4.04925 17.5059 14.3743
    endloop
  endfacet
  facet normal 0.522431 0 -0.852682
    outer loop
      vertex -6.18404 17.8571 11.436
      vertex -5.64886 18 11.7639
      vertex -5.64886 17.815 11.7639
    endloop
  endfacet
  facet normal 0.522431 0 -0.852682
    outer loop
      vertex -5.64886 18 11.7639
      vertex -6.18404 17.8571 11.436
      vertex -6.18404 18 11.436
    endloop
  endfacet
  facet normal 0.233555 -0 0.972344
    outer loop
      vertex -7.37426 17.9508 18.9508
      vertex -6.76393 18 18.8042
      vertex -7.37426 18 18.9508
    endloop
  endfacet
  facet normal 0.233555 0 0.972344
    outer loop
      vertex -6.76393 18 18.8042
      vertex -7.37426 17.9508 18.9508
      vertex -6.76393 17.9027 18.8042
    endloop
  endfacet
  facet normal 0.852604 0 -0.522557
    outer loop
      vertex -4.43597 18 13.184
      vertex -4.76393 17.6775 12.6489
      vertex -4.76393 18 12.6489
    endloop
  endfacet
  facet normal 0.852604 0 -0.522557
    outer loop
      vertex -4.76393 17.6775 12.6489
      vertex -4.43597 18 13.184
      vertex -4.43597 17.5988 13.184
    endloop
  endfacet
  facet normal -0.382686 -0 -0.923879
    outer loop
      vertex -9.81596 18 11.436
      vertex -9.23607 17.9027 11.1958
      vertex -9.81596 17.8571 11.436
    endloop
  endfacet
  facet normal -0.382686 0 -0.923879
    outer loop
      vertex -9.23607 17.9027 11.1958
      vertex -9.81596 18 11.436
      vertex -9.23607 18 11.1958
    endloop
  endfacet
  facet normal -0.522566 0 0.852599
    outer loop
      vertex -10 18 18.4512
      vertex -9.81596 17.8571 18.564
      vertex -9.81596 18 18.564
    endloop
  endfacet
  facet normal -0.522566 0 0.852599
    outer loop
      vertex -9.81596 17.8571 18.564
      vertex -10 18 18.4512
      vertex -10 17.8426 18.4512
    endloop
  endfacet
  facet normal 0.650494 0 0.759512
    outer loop
      vertex -5.17157 18 17.8284
      vertex -5.18418 17.7784 17.8392
      vertex -5.17157 17.7754 17.8284
    endloop
  endfacet
  facet normal 0.649499 -0 0.760362
    outer loop
      vertex -5.64886 17.815 18.2361
      vertex -5.17157 18 17.8284
      vertex -5.64886 18 18.2361
    endloop
  endfacet
  facet normal 0.649477 0.000100235 0.760381
    outer loop
      vertex -5.17157 18 17.8284
      vertex -5.64886 17.815 18.2361
      vertex -5.18418 17.7784 17.8392
    endloop
  endfacet
  facet normal 0.382686 0 -0.923879
    outer loop
      vertex -6.76393 17.9027 11.1958
      vertex -6.18404 18 11.436
      vertex -6.18404 17.8571 11.436
    endloop
  endfacet
  facet normal 0.382686 0 -0.923879
    outer loop
      vertex -6.18404 18 11.436
      vertex -6.76393 17.9027 11.1958
      vertex -6.76393 18 11.1958
    endloop
  endfacet
  facet normal -0.522566 -0 -0.852599
    outer loop
      vertex -10 18 11.5488
      vertex -9.81596 17.8571 11.436
      vertex -10 17.8426 11.5488
    endloop
  endfacet
  facet normal -0.522566 0 -0.852599
    outer loop
      vertex -9.81596 17.8571 11.436
      vertex -10 18 11.5488
      vertex -9.81596 18 11.436
    endloop
  endfacet
  facet normal 0.996917 0 -0.0784691
    outer loop
      vertex -4 18 15
      vertex -4.04925 17.5059 14.3743
      vertex -4.04925 18 14.3743
    endloop
  endfacet
  facet normal 0.996917 0 -0.0784691
    outer loop
      vertex -4.04925 17.5059 14.3743
      vertex -4 18 15
      vertex -4 17.4941 15
    endloop
  endfacet
  facet normal 0.233555 0 -0.972344
    outer loop
      vertex -7.37426 17.9508 11.0492
      vertex -6.76393 18 11.1958
      vertex -6.76393 17.9027 11.1958
    endloop
  endfacet
  facet normal 0.233555 0 -0.972344
    outer loop
      vertex -6.76393 18 11.1958
      vertex -7.37426 17.9508 11.0492
      vertex -7.37426 18 11.0492
    endloop
  endfacet
  facet normal -0.233555 0 0.972344
    outer loop
      vertex -9.23607 18 18.8042
      vertex -8.62574 17.9508 18.9508
      vertex -8.62574 18 18.9508
    endloop
  endfacet
  facet normal -0.233555 0 0.972344
    outer loop
      vertex -8.62574 17.9508 18.9508
      vertex -9.23607 18 18.8042
      vertex -9.23607 17.9027 18.8042
    endloop
  endfacet
  facet normal -0.233555 -0 -0.972344
    outer loop
      vertex -9.23607 18 11.1958
      vertex -8.62574 17.9508 11.0492
      vertex -9.23607 17.9027 11.1958
    endloop
  endfacet
  facet normal -0.233555 0 -0.972344
    outer loop
      vertex -8.62574 17.9508 11.0492
      vertex -9.23607 18 11.1958
      vertex -8.62574 18 11.0492
    endloop
  endfacet
  facet normal -0.078385 0 -0.996923
    outer loop
      vertex -8 18 11
      vertex -8.62574 17.9508 11.0492
      vertex -8.62574 18 11.0492
    endloop
  endfacet
  facet normal 0 1 0
    outer loop
      vertex -7.37426 18 18.9508
      vertex -8.62574 18 18.9508
      vertex -8 18 19
    endloop
  endfacet
  facet normal 0 1 0
    outer loop
      vertex -6.76393 18 18.8042
      vertex -8.62574 18 18.9508
      vertex -7.37426 18 18.9508
    endloop
  endfacet
  facet normal 0 1 0
    outer loop
      vertex -10 18 18.4512
      vertex -8.62574 18 18.9508
      vertex -6.76393 18 18.8042
    endloop
  endfacet
  facet normal 0 1 0
    outer loop
      vertex -10 18 18.4512
      vertex -6.76393 18 18.8042
      vertex -6.18404 18 18.564
    endloop
  endfacet
  facet normal 0 1 0
    outer loop
      vertex -8.62574 18 18.9508
      vertex -10 18 18.4512
      vertex -9.23607 18 18.8042
    endloop
  endfacet
  facet normal 0 1 0
    outer loop
      vertex -9.23607 18 18.8042
      vertex -10 18 18.4512
      vertex -9.81596 18 18.564
    endloop
  endfacet
  facet normal 0 1 0
    outer loop
      vertex -5.64886 18 18.2361
      vertex -10 18 18.4512
      vertex -6.18404 18 18.564
    endloop
  endfacet
  facet normal 0 1 0
    outer loop
      vertex -5.17157 18 17.8284
      vertex -10 18 18.4512
      vertex -5.64886 18 18.2361
    endloop
  endfacet
  facet normal 0 1 0
    outer loop
      vertex -4.76393 18 17.3511
      vertex -10 18 18.4512
      vertex -5.17157 18 17.8284
    endloop
  endfacet
  facet normal 0 1 0
    outer loop
      vertex -4.43597 18 16.816
      vertex -10 18 18.4512
      vertex -4.76393 18 17.3511
    endloop
  endfacet
  facet normal 0 1 0
    outer loop
      vertex -4.19577 18 16.2361
      vertex -10 18 18.4512
      vertex -4.43597 18 16.816
    endloop
  endfacet
  facet normal 0 1 0
    outer loop
      vertex -4.04925 18 15.6257
      vertex -10 18 18.4512
      vertex -4.19577 18 16.2361
    endloop
  endfacet
  facet normal 0 1 0
    outer loop
      vertex -4 18 15
      vertex -10 18 18.4512
      vertex -4.04925 18 15.6257
    endloop
  endfacet
  facet normal 0 1 -0
    outer loop
      vertex -4.04925 18 14.3743
      vertex -10 18 18.4512
      vertex -4 18 15
    endloop
  endfacet
  facet normal 0 1 -0
    outer loop
      vertex -4.19577 18 13.7639
      vertex -10 18 18.4512
      vertex -4.04925 18 14.3743
    endloop
  endfacet
  facet normal 0 1 -0
    outer loop
      vertex -4.43597 18 13.184
      vertex -10 18 18.4512
      vertex -4.19577 18 13.7639
    endloop
  endfacet
  facet normal 0 1 -0
    outer loop
      vertex -4.76393 18 12.6489
      vertex -10 18 18.4512
      vertex -4.43597 18 13.184
    endloop
  endfacet
  facet normal 0 1 -0
    outer loop
      vertex -5.17157 18 12.1716
      vertex -10 18 18.4512
      vertex -4.76393 18 12.6489
    endloop
  endfacet
  facet normal 0 1 -0
    outer loop
      vertex -5.64886 18 11.7639
      vertex -10 18 18.4512
      vertex -5.17157 18 12.1716
    endloop
  endfacet
  facet normal 0 1 0
    outer loop
      vertex -5.64886 18 11.7639
      vertex -10 18 11.5488
      vertex -10 18 18.4512
    endloop
  endfacet
  facet normal 0 1 -0
    outer loop
      vertex -6.18404 18 11.436
      vertex -10 18 11.5488
      vertex -5.64886 18 11.7639
    endloop
  endfacet
  facet normal 0 1 -0
    outer loop
      vertex -6.76393 18 11.1958
      vertex -10 18 11.5488
      vertex -6.18404 18 11.436
    endloop
  endfacet
  facet normal 0 1 -0
    outer loop
      vertex -7.37426 18 11.0492
      vertex -10 18 11.5488
      vertex -6.76393 18 11.1958
    endloop
  endfacet
  facet normal 0 1 0
    outer loop
      vertex -10 18 11.5488
      vertex -9.23607 18 11.1958
      vertex -9.81596 18 11.436
    endloop
  endfacet
  facet normal 0 1 0
    outer loop
      vertex -10 18 11.5488
      vertex -7.37426 18 11.0492
      vertex -9.23607 18 11.1958
    endloop
  endfacet
  facet normal 0 1 0
    outer loop
      vertex -7.37426 18 11.0492
      vertex -8.62574 18 11.0492
      vertex -9.23607 18 11.1958
    endloop
  endfacet
  facet normal -0 1 0
    outer loop
      vertex -8.62574 18 11.0492
      vertex -7.37426 18 11.0492
      vertex -8 18 11
    endloop
  endfacet
  facet normal 0.996917 0 -0.0784691
    outer loop
      vertex -4 -24 15
      vertex -4.04925 -18 14.3743
      vertex -4 -18 15
    endloop
  endfacet
  facet normal 0.996917 0 -0.0784691
    outer loop
      vertex -4.04925 -26 14.3743
      vertex -4 -24 15
      vertex -4 -26 15
    endloop
  endfacet
  facet normal 0.996917 0 -0.0784691
    outer loop
      vertex -4 -24 15
      vertex -4.04925 -26 14.3743
      vertex -4.04925 -18 14.3743
    endloop
  endfacet
  facet normal 0.972379 -0 0.233409
    outer loop
      vertex -4.19577 -21.5734 16.2361
      vertex -4.04925 -18 15.6257
      vertex -4.19577 -18 16.2361
    endloop
  endfacet
  facet normal 0.972373 4.03437e-06 0.233431
    outer loop
      vertex -4.10997 -21.8787 15.8787
      vertex -4.04925 -18 15.6257
      vertex -4.19577 -21.5734 16.2361
    endloop
  endfacet
  facet normal 0.972387 0 0.233373
    outer loop
      vertex -4.04925 -18 15.6257
      vertex -4.10997 -21.8787 15.8787
      vertex -4.04925 -22.1748 15.6257
    endloop
  endfacet
  facet normal 0.972396 0 0.233336
    outer loop
      vertex -4.04925 -25.8252 15.6257
      vertex -4.0851 -26 15.7751
      vertex -4.04925 -26 15.6257
    endloop
  endfacet
  facet normal 0.996917 -0 0.0784691
    outer loop
      vertex -4.04925 -22.1748 15.6257
      vertex -4 -18 15
      vertex -4.04925 -18 15.6257
    endloop
  endfacet
  facet normal 0.996911 9.66524e-06 0.0785332
    outer loop
      vertex -4.04509 -22.2366 15.5729
      vertex -4 -18 15
      vertex -4.04925 -22.1748 15.6257
    endloop
  endfacet
  facet normal 0.996915 2.91061e-06 0.0784836
    outer loop
      vertex -4.02573 -22.638 15.327
      vertex -4 -18 15
      vertex -4.04509 -22.2366 15.5729
    endloop
  endfacet
  facet normal 0.996922 -3.01325e-06 0.0784001
    outer loop
      vertex -4.01156 -23.0729 15.1468
      vertex -4 -18 15
      vertex -4.02573 -22.638 15.327
    endloop
  endfacet
  facet normal 0.996917 -9.95773e-07 0.0784694
    outer loop
      vertex -4.00291 -23.5307 15.0369
      vertex -4 -18 15
      vertex -4.01156 -23.0729 15.1468
    endloop
  endfacet
  facet normal 0.996905 0 0.0786177
    outer loop
      vertex -4 -18 15
      vertex -4.00291 -23.5307 15.0369
      vertex -4 -24 15
    endloop
  endfacet
  facet normal 0.996911 -0 0.0785445
    outer loop
      vertex -4.04925 -26 15.6257
      vertex -4.04509 -25.7634 15.5729
      vertex -4.04925 -25.8252 15.6257
    endloop
  endfacet
  facet normal 0.996917 -1.6916e-05 0.0784691
    outer loop
      vertex -4 -26 15
      vertex -4.04509 -25.7634 15.5729
      vertex -4.04925 -26 15.6257
    endloop
  endfacet
  facet normal 0.996905 0 0.0786177
    outer loop
      vertex -4.00291 -24.4693 15.0369
      vertex -4 -26 15
      vertex -4 -24 15
    endloop
  endfacet
  facet normal 0.996916 3.36045e-06 0.0784792
    outer loop
      vertex -4.01156 -24.9271 15.1468
      vertex -4 -26 15
      vertex -4.00291 -24.4693 15.0369
    endloop
  endfacet
  facet normal 0.99692 1.14585e-05 0.0784203
    outer loop
      vertex -4.02573 -25.362 15.327
      vertex -4 -26 15
      vertex -4.01156 -24.9271 15.1468
    endloop
  endfacet
  facet normal 0.996917 -1.28463e-05 0.0784675
    outer loop
      vertex -4.04509 -25.7634 15.5729
      vertex -4 -26 15
      vertex -4.02573 -25.362 15.327
    endloop
  endfacet
  facet normal -0.382686 0 -0.923879
    outer loop
      vertex -9.81596 -26 11.436
      vertex -9.23607 -18 11.1958
      vertex -9.23607 -26 11.1958
    endloop
  endfacet
  facet normal -0.382686 0 -0.923879
    outer loop
      vertex -9.23607 -18 11.1958
      vertex -9.81596 -26 11.436
      vertex -9.81596 -18 11.436
    endloop
  endfacet
  facet normal 0.972379 0 -0.233409
    outer loop
      vertex -4.04925 -26 14.3743
      vertex -4.19577 -18 13.7639
      vertex -4.04925 -18 14.3743
    endloop
  endfacet
  facet normal 0.972379 0 -0.233409
    outer loop
      vertex -4.19577 -18 13.7639
      vertex -4.04925 -26 14.3743
      vertex -4.19577 -26 13.7639
    endloop
  endfacet
  facet normal 0 1 0
    outer loop
      vertex -6.76393 -18 18.8042
      vertex -8 -18 19
      vertex -7.37426 -18 18.9508
    endloop
  endfacet
  facet normal 0 1 0
    outer loop
      vertex -6.18404 -18 18.564
      vertex -8 -18 19
      vertex -6.76393 -18 18.8042
    endloop
  endfacet
  facet normal 0 1 0
    outer loop
      vertex -5.64886 -18 18.2361
      vertex -8 -18 19
      vertex -6.18404 -18 18.564
    endloop
  endfacet
  facet normal 0 1 0
    outer loop
      vertex -5.17157 -18 17.8284
      vertex -8 -18 19
      vertex -5.64886 -18 18.2361
    endloop
  endfacet
  facet normal 0 1 0
    outer loop
      vertex -4.76393 -18 17.3511
      vertex -8 -18 19
      vertex -5.17157 -18 17.8284
    endloop
  endfacet
  facet normal 0 1 0
    outer loop
      vertex -4.43597 -18 16.816
      vertex -8 -18 19
      vertex -4.76393 -18 17.3511
    endloop
  endfacet
  facet normal 0 1 0
    outer loop
      vertex -4.19577 -18 16.2361
      vertex -8 -18 19
      vertex -4.43597 -18 16.816
    endloop
  endfacet
  facet normal 0 1 0
    outer loop
      vertex -4.04925 -18 15.6257
      vertex -8 -18 19
      vertex -4.19577 -18 16.2361
    endloop
  endfacet
  facet normal 0 1 0
    outer loop
      vertex -4 -18 15
      vertex -8 -18 19
      vertex -4.04925 -18 15.6257
    endloop
  endfacet
  facet normal 0 1 -0
    outer loop
      vertex -4.04925 -18 14.3743
      vertex -8 -18 19
      vertex -4 -18 15
    endloop
  endfacet
  facet normal 0 1 -0
    outer loop
      vertex -4.19577 -18 13.7639
      vertex -8 -18 19
      vertex -4.04925 -18 14.3743
    endloop
  endfacet
  facet normal 0 1 -0
    outer loop
      vertex -4.43597 -18 13.184
      vertex -8 -18 19
      vertex -4.19577 -18 13.7639
    endloop
  endfacet
  facet normal 0 1 -0
    outer loop
      vertex -4.76393 -18 12.6489
      vertex -8 -18 19
      vertex -4.43597 -18 13.184
    endloop
  endfacet
  facet normal 0 1 -0
    outer loop
      vertex -5.17157 -18 12.1716
      vertex -8 -18 19
      vertex -4.76393 -18 12.6489
    endloop
  endfacet
  facet normal 0 1 -0
    outer loop
      vertex -5.64886 -18 11.7639
      vertex -8 -18 19
      vertex -5.17157 -18 12.1716
    endloop
  endfacet
  facet normal 0 1 -0
    outer loop
      vertex -6.18404 -18 11.436
      vertex -8 -18 19
      vertex -5.64886 -18 11.7639
    endloop
  endfacet
  facet normal 0 1 -0
    outer loop
      vertex -6.76393 -18 11.1958
      vertex -8 -18 19
      vertex -6.18404 -18 11.436
    endloop
  endfacet
  facet normal 0 1 -0
    outer loop
      vertex -7.37426 -18 11.0492
      vertex -8 -18 19
      vertex -6.76393 -18 11.1958
    endloop
  endfacet
  facet normal 0 1 0
    outer loop
      vertex -8 -18 19
      vertex -7.37426 -18 11.0492
      vertex -8 -18 11
    endloop
  endfacet
  facet normal 0 1 0
    outer loop
      vertex -8 -18 19
      vertex -9.23607 -18 18.8042
      vertex -8.62574 -18 18.9508
    endloop
  endfacet
  facet normal 0 1 0
    outer loop
      vertex -10 -18 18.4512
      vertex -9.23607 -18 18.8042
      vertex -8 -18 19
    endloop
  endfacet
  facet normal 0 1 0
    outer loop
      vertex -9.23607 -18 18.8042
      vertex -10 -18 18.4512
      vertex -9.81596 -18 18.564
    endloop
  endfacet
  facet normal 0 1 0
    outer loop
      vertex -8 -18 19
      vertex -10 -18 11.5488
      vertex -10 -18 18.4512
    endloop
  endfacet
  facet normal 0 1 -0
    outer loop
      vertex -8.62574 -18 11.0492
      vertex -10 -18 11.5488
      vertex -8 -18 19
    endloop
  endfacet
  facet normal 0 1 0
    outer loop
      vertex -10 -18 11.5488
      vertex -9.23607 -18 11.1958
      vertex -9.81596 -18 11.436
    endloop
  endfacet
  facet normal 0 1 0
    outer loop
      vertex -10 -18 11.5488
      vertex -8.62574 -18 11.0492
      vertex -9.23607 -18 11.1958
    endloop
  endfacet
  facet normal -0 1 0
    outer loop
      vertex -8.62574 -18 11.0492
      vertex -8 -18 19
      vertex -8 -18 11
    endloop
  endfacet
  facet normal 0.6495 0 0.760362
    outer loop
      vertex -5.17157 -18 17.8284
      vertex -5.37246 -21 18
      vertex -5.17157 -21.0135 17.8284
    endloop
  endfacet
  facet normal 0.649499 5.8944e-08 0.760362
    outer loop
      vertex -5.64886 -18 18.2361
      vertex -5.37246 -21 18
      vertex -5.17157 -18 17.8284
    endloop
  endfacet
  facet normal 0.649499 0 0.760362
    outer loop
      vertex -5.37246 -21 18
      vertex -5.64886 -18 18.2361
      vertex -5.64886 -21.0186 18.2361
    endloop
  endfacet
  facet normal 0.382686 0 -0.923879
    outer loop
      vertex -6.76393 -26 11.1958
      vertex -6.18404 -18 11.436
      vertex -6.18404 -26 11.436
    endloop
  endfacet
  facet normal 0.382686 0 -0.923879
    outer loop
      vertex -6.18404 -18 11.436
      vertex -6.76393 -26 11.1958
      vertex -6.76393 -18 11.1958
    endloop
  endfacet
  facet normal 0.923881 -0 0.38268
    outer loop
      vertex -4.43597 -21.2533 16.816
      vertex -4.19577 -18 16.2361
      vertex -4.43597 -18 16.816
    endloop
  endfacet
  facet normal 0.923931 -2.52146e-05 0.382559
    outer loop
      vertex -4.36227 -21.327 16.638
      vertex -4.19577 -18 16.2361
      vertex -4.43597 -21.2533 16.816
    endloop
  endfacet
  facet normal 0.923882 -8.50653e-06 0.382677
    outer loop
      vertex -4.19601 -21.5729 16.2366
      vertex -4.19577 -18 16.2361
      vertex -4.36227 -21.327 16.638
    endloop
  endfacet
  facet normal 0.901523 0 0.432731
    outer loop
      vertex -4.19577 -18 16.2361
      vertex -4.19601 -21.5729 16.2366
      vertex -4.19577 -21.5734 16.2361
    endloop
  endfacet
  facet normal -0.522566 0 0.852599
    outer loop
      vertex -10 -25 18.4512
      vertex -9.81596 -18 18.564
      vertex -10 -18 18.4512
    endloop
  endfacet
  facet normal -0.522566 0 0.852599
    outer loop
      vertex -9.81596 -18 18.564
      vertex -10 -25 18.4512
      vertex -9.81596 -26 18.564
    endloop
  endfacet
  facet normal -0.522403 0 0.852699
    outer loop
      vertex -10.3511 -26 18.2361
      vertex -10 -25 18.4512
      vertex -10.3511 -25 18.2361
    endloop
  endfacet
  facet normal -0.522459 2.7208e-05 0.852664
    outer loop
      vertex -10 -25 18.4512
      vertex -10.3511 -26 18.2361
      vertex -9.81596 -26 18.564
    endloop
  endfacet
  facet normal 0 -1 0
    outer loop
      vertex -8 -26 15.7751
      vertex -8.62574 -26 18.9508
      vertex -9.23607 -26 18.8042
    endloop
  endfacet
  facet normal 0 -1 0
    outer loop
      vertex -8 -26 15.7751
      vertex -9.23607 -26 18.8042
      vertex -9.81596 -26 18.564
    endloop
  endfacet
  facet normal 0 -1 0
    outer loop
      vertex -8 -26 15.7751
      vertex -9.81596 -26 18.564
      vertex -10.3511 -26 18.2361
    endloop
  endfacet
  facet normal 0 -1 0
    outer loop
      vertex -8 -26 15.7751
      vertex -10.3511 -26 18.2361
      vertex -10.8284 -26 17.8284
    endloop
  endfacet
  facet normal 0 -1 0
    outer loop
      vertex -8 -26 15.7751
      vertex -10.8284 -26 17.8284
      vertex -11.2361 -26 17.3511
    endloop
  endfacet
  facet normal 0 -1 0
    outer loop
      vertex -8 -26 15.7751
      vertex -11.2361 -26 17.3511
      vertex -11.564 -26 16.816
    endloop
  endfacet
  facet normal 0 -1 0
    outer loop
      vertex -8 -26 15.7751
      vertex -11.564 -26 16.816
      vertex -11.8042 -26 16.2361
    endloop
  endfacet
  facet normal 0 -1 0
    outer loop
      vertex -8.62574 -26 18.9508
      vertex -8 -26 15.7751
      vertex -8 -26 19
    endloop
  endfacet
  facet normal 0 -1 0
    outer loop
      vertex -11.9508 -26 15.6257
      vertex -8 -26 15.7751
      vertex -11.8042 -26 16.2361
    endloop
  endfacet
  facet normal 0 -1 0
    outer loop
      vertex -12 -26 15
      vertex -8 -26 15.7751
      vertex -11.9508 -26 15.6257
    endloop
  endfacet
  facet normal 0 -1 0
    outer loop
      vertex -11.9508 -26 14.3743
      vertex -8 -26 15.7751
      vertex -12 -26 15
    endloop
  endfacet
  facet normal 0 -1 0
    outer loop
      vertex -11.8042 -26 13.7639
      vertex -8 -26 15.7751
      vertex -11.9508 -26 14.3743
    endloop
  endfacet
  facet normal 0 -1 0
    outer loop
      vertex -8 -26 15.7751
      vertex -4.04925 -26 15.6257
      vertex -4.0851 -26 15.7751
    endloop
  endfacet
  facet normal -0 -1 0
    outer loop
      vertex -4 -26 15
      vertex -8 -26 15.7751
      vertex -4.04925 -26 14.3743
    endloop
  endfacet
  facet normal -0 -1 -0
    outer loop
      vertex -4.04925 -26 15.6257
      vertex -8 -26 15.7751
      vertex -4 -26 15
    endloop
  endfacet
  facet normal 0 -1 0
    outer loop
      vertex -11.564 -26 13.184
      vertex -8 -26 15.7751
      vertex -11.8042 -26 13.7639
    endloop
  endfacet
  facet normal 0 -1 0
    outer loop
      vertex -8 -26 15.7751
      vertex -4.19577 -26 13.7639
      vertex -4.04925 -26 14.3743
    endloop
  endfacet
  facet normal 0 -1 0
    outer loop
      vertex -11.2361 -26 12.6489
      vertex -8 -26 15.7751
      vertex -11.564 -26 13.184
    endloop
  endfacet
  facet normal 0 -1 0
    outer loop
      vertex -8 -26 15.7751
      vertex -4.43597 -26 13.184
      vertex -4.19577 -26 13.7639
    endloop
  endfacet
  facet normal 0 -1 0
    outer loop
      vertex -10.8284 -26 12.1716
      vertex -8 -26 15.7751
      vertex -11.2361 -26 12.6489
    endloop
  endfacet
  facet normal 0 -1 0
    outer loop
      vertex -8 -26 15.7751
      vertex -4.76393 -26 12.6489
      vertex -4.43597 -26 13.184
    endloop
  endfacet
  facet normal 0 -1 0
    outer loop
      vertex -10.3511 -26 11.7639
      vertex -8 -26 15.7751
      vertex -10.8284 -26 12.1716
    endloop
  endfacet
  facet normal 0 -1 0
    outer loop
      vertex -8 -26 15.7751
      vertex -5.17157 -26 12.1716
      vertex -4.76393 -26 12.6489
    endloop
  endfacet
  facet normal 0 -1 0
    outer loop
      vertex -9.81596 -26 11.436
      vertex -8 -26 15.7751
      vertex -10.3511 -26 11.7639
    endloop
  endfacet
  facet normal 0 -1 0
    outer loop
      vertex -8 -26 15.7751
      vertex -5.64886 -26 11.7639
      vertex -5.17157 -26 12.1716
    endloop
  endfacet
  facet normal 0 -1 0
    outer loop
      vertex -9.23607 -26 11.1958
      vertex -8 -26 15.7751
      vertex -9.81596 -26 11.436
    endloop
  endfacet
  facet normal 0 -1 0
    outer loop
      vertex -8 -26 15.7751
      vertex -6.18404 -26 11.436
      vertex -5.64886 -26 11.7639
    endloop
  endfacet
  facet normal 0 -1 0
    outer loop
      vertex -8.62574 -26 11.0492
      vertex -8 -26 15.7751
      vertex -9.23607 -26 11.1958
    endloop
  endfacet
  facet normal 0 -1 0
    outer loop
      vertex -8 -26 15.7751
      vertex -6.76393 -26 11.1958
      vertex -6.18404 -26 11.436
    endloop
  endfacet
  facet normal 0 -1 0
    outer loop
      vertex -8 -26 11
      vertex -8 -26 15.7751
      vertex -8.62574 -26 11.0492
    endloop
  endfacet
  facet normal 0 -1 0
    outer loop
      vertex -8 -26 15.7751
      vertex -7.37426 -26 11.0492
      vertex -6.76393 -26 11.1958
    endloop
  endfacet
  facet normal 0 -1 0
    outer loop
      vertex -8 -26 15.7751
      vertex -8 -26 11
      vertex -7.37426 -26 11.0492
    endloop
  endfacet
  facet normal -0.760369 0 -0.649492
    outer loop
      vertex -10.8284 -26 12.1716
      vertex -11.2361 -25 12.6489
      vertex -10.8284 -25 12.1716
    endloop
  endfacet
  facet normal -0.760369 -0 -0.649492
    outer loop
      vertex -11.2361 -25 12.6489
      vertex -10.8284 -26 12.1716
      vertex -11.2361 -26 12.6489
    endloop
  endfacet
  facet normal -0.852647 0 -0.522487
    outer loop
      vertex -11.2361 -26 12.6489
      vertex -11.564 -25 13.184
      vertex -11.2361 -25 12.6489
    endloop
  endfacet
  facet normal -0.852647 -0 -0.522487
    outer loop
      vertex -11.564 -25 13.184
      vertex -11.2361 -26 12.6489
      vertex -11.564 -26 13.184
    endloop
  endfacet
  facet normal 0.760416 -0 0.649436
    outer loop
      vertex -5.17157 -21.0135 17.8284
      vertex -4.76393 -18 17.3511
      vertex -5.17157 -18 17.8284
    endloop
  endfacet
  facet normal 0.760381 1.12313e-05 0.649477
    outer loop
      vertex -4.91729 -21.0369 17.5307
      vertex -4.76393 -18 17.3511
      vertex -5.17157 -21.0135 17.8284
    endloop
  endfacet
  facet normal 0.760475 0 0.649368
    outer loop
      vertex -4.76393 -18 17.3511
      vertex -4.91729 -21.0369 17.5307
      vertex -4.76393 -21.08 17.3511
    endloop
  endfacet
  facet normal -0.649492 0 -0.760369
    outer loop
      vertex -10.8284 -26 12.1716
      vertex -10.3511 -25 11.7639
      vertex -10.3511 -26 11.7639
    endloop
  endfacet
  facet normal -0.649492 0 -0.760369
    outer loop
      vertex -10.3511 -25 11.7639
      vertex -10.8284 -26 12.1716
      vertex -10.8284 -25 12.1716
    endloop
  endfacet
  facet normal 0.233555 0 0.972344
    outer loop
      vertex -7.37426 -18 18.9508
      vertex -6.76393 -21.1173 18.8042
      vertex -6.76393 -18 18.8042
    endloop
  endfacet
  facet normal 0.233581 5.42413e-06 0.972337
    outer loop
      vertex -6.76393 -21.1173 18.8042
      vertex -7.37426 -18 18.9508
      vertex -7.27553 -21.1468 18.9271
    endloop
  endfacet
  facet normal 0.233418 0 0.972377
    outer loop
      vertex -7.27553 -21.1468 18.9271
      vertex -7.37426 -18 18.9508
      vertex -7.37426 -21.1566 18.9508
    endloop
  endfacet
  facet normal 0.852604 0 -0.522557
    outer loop
      vertex -4.43597 -26 13.184
      vertex -4.76393 -18 12.6489
      vertex -4.43597 -18 13.184
    endloop
  endfacet
  facet normal 0.852604 0 -0.522557
    outer loop
      vertex -4.76393 -18 12.6489
      vertex -4.43597 -26 13.184
      vertex -4.76393 -26 12.6489
    endloop
  endfacet
  facet normal -0.97235 0 -0.23353
    outer loop
      vertex -11.8042 -26 13.7639
      vertex -11.9508 -25 14.3743
      vertex -11.8042 -25 13.7639
    endloop
  endfacet
  facet normal -0.97235 -0 -0.23353
    outer loop
      vertex -11.9508 -25 14.3743
      vertex -11.8042 -26 13.7639
      vertex -11.9508 -26 14.3743
    endloop
  endfacet
  facet normal -0.996923 0 -0.07839
    outer loop
      vertex -11.9508 -26 14.3743
      vertex -12 -25 15
      vertex -11.9508 -25 14.3743
    endloop
  endfacet
  facet normal -0.996923 -0 -0.07839
    outer loop
      vertex -12 -25 15
      vertex -11.9508 -26 14.3743
      vertex -12 -26 15
    endloop
  endfacet
  facet normal 0.522446 0 0.852672
    outer loop
      vertex -5.64886 -18 18.2361
      vertex -6.02946 -21.0369 18.4693
      vertex -5.64886 -21.0186 18.2361
    endloop
  endfacet
  facet normal 0.522431 2.74698e-06 0.852682
    outer loop
      vertex -6.18404 -18 18.564
      vertex -6.02946 -21.0369 18.4693
      vertex -5.64886 -18 18.2361
    endloop
  endfacet
  facet normal 0.522391 0 0.852706
    outer loop
      vertex -6.02946 -21.0369 18.4693
      vertex -6.18404 -18 18.564
      vertex -6.18404 -21.0597 18.564
    endloop
  endfacet
  facet normal 0.382686 0 0.923879
    outer loop
      vertex -6.76393 -18 18.8042
      vertex -6.18404 -21.0597 18.564
      vertex -6.18404 -18 18.564
    endloop
  endfacet
  facet normal 0.382686 0 0.923879
    outer loop
      vertex -6.18404 -21.0597 18.564
      vertex -6.76393 -18 18.8042
      vertex -6.76393 -21.1173 18.8042
    endloop
  endfacet
  facet normal 0.078385 0 -0.996923
    outer loop
      vertex -8 -26 11
      vertex -7.37426 -18 11.0492
      vertex -7.37426 -26 11.0492
    endloop
  endfacet
  facet normal 0.078385 0 -0.996923
    outer loop
      vertex -7.37426 -18 11.0492
      vertex -8 -26 11
      vertex -8 -18 11
    endloop
  endfacet
  facet normal -0.649492 0 0.760369
    outer loop
      vertex -10.8284 -25 17.8284
      vertex -10.3511 -26 18.2361
      vertex -10.3511 -25 18.2361
    endloop
  endfacet
  facet normal -0.649492 0 0.760369
    outer loop
      vertex -10.3511 -26 18.2361
      vertex -10.8284 -25 17.8284
      vertex -10.8284 -26 17.8284
    endloop
  endfacet
  facet normal 0.760416 0 -0.649436
    outer loop
      vertex -4.76393 -26 12.6489
      vertex -5.17157 -18 12.1716
      vertex -4.76393 -18 12.6489
    endloop
  endfacet
  facet normal 0.760416 0 -0.649436
    outer loop
      vertex -5.17157 -18 12.1716
      vertex -4.76393 -26 12.6489
      vertex -5.17157 -26 12.1716
    endloop
  endfacet
  facet normal 0.923881 0 -0.38268
    outer loop
      vertex -4.19577 -26 13.7639
      vertex -4.43597 -18 13.184
      vertex -4.19577 -18 13.7639
    endloop
  endfacet
  facet normal 0.923881 0 -0.38268
    outer loop
      vertex -4.43597 -18 13.184
      vertex -4.19577 -26 13.7639
      vertex -4.43597 -26 13.184
    endloop
  endfacet
  facet normal 0.522431 0 -0.852682
    outer loop
      vertex -6.18404 -26 11.436
      vertex -5.64886 -18 11.7639
      vertex -5.64886 -26 11.7639
    endloop
  endfacet
  facet normal 0.522431 0 -0.852682
    outer loop
      vertex -5.64886 -18 11.7639
      vertex -6.18404 -26 11.436
      vertex -6.18404 -18 11.436
    endloop
  endfacet
  facet normal -0.078385 0 0.996923
    outer loop
      vertex -8.62574 -18 18.9508
      vertex -8 -21.177 19
      vertex -8 -18 19
    endloop
  endfacet
  facet normal -0.078385 0 0.996923
    outer loop
      vertex -8.62574 -26 18.9508
      vertex -8 -21.177 19
      vertex -8.62574 -18 18.9508
    endloop
  endfacet
  facet normal -0.078385 0 0.996923
    outer loop
      vertex -8 -21.177 19
      vertex -8.62574 -26 18.9508
      vertex -8 -26 19
    endloop
  endfacet
  facet normal 0.233555 0 -0.972344
    outer loop
      vertex -7.37426 -26 11.0492
      vertex -6.76393 -18 11.1958
      vertex -6.76393 -26 11.1958
    endloop
  endfacet
  facet normal 0.233555 0 -0.972344
    outer loop
      vertex -6.76393 -18 11.1958
      vertex -7.37426 -26 11.0492
      vertex -7.37426 -18 11.0492
    endloop
  endfacet
  facet normal -0.923881 0 0.38268
    outer loop
      vertex -11.8042 -26 16.2361
      vertex -11.564 -25 16.816
      vertex -11.8042 -25 16.2361
    endloop
  endfacet
  facet normal -0.923881 0 0.38268
    outer loop
      vertex -11.564 -25 16.816
      vertex -11.8042 -26 16.2361
      vertex -11.564 -26 16.816
    endloop
  endfacet
  facet normal -0.382686 0 0.923879
    outer loop
      vertex -9.81596 -18 18.564
      vertex -9.23607 -26 18.8042
      vertex -9.23607 -18 18.8042
    endloop
  endfacet
  facet normal -0.382686 0 0.923879
    outer loop
      vertex -9.23607 -26 18.8042
      vertex -9.81596 -18 18.564
      vertex -9.81596 -26 18.564
    endloop
  endfacet
  facet normal 0.649499 0 -0.760362
    outer loop
      vertex -5.64886 -26 11.7639
      vertex -5.17157 -18 12.1716
      vertex -5.17157 -26 12.1716
    endloop
  endfacet
  facet normal 0.649499 0 -0.760362
    outer loop
      vertex -5.17157 -18 12.1716
      vertex -5.64886 -26 11.7639
      vertex -5.64886 -18 11.7639
    endloop
  endfacet
  facet normal -0.522566 0 -0.852599
    outer loop
      vertex -9.81596 -26 11.436
      vertex -10 -25 11.5488
      vertex -9.81596 -18 11.436
    endloop
  endfacet
  facet normal -0.522459 2.7208e-05 -0.852664
    outer loop
      vertex -10.3511 -26 11.7639
      vertex -10 -25 11.5488
      vertex -9.81596 -26 11.436
    endloop
  endfacet
  facet normal -0.522403 0 -0.852699
    outer loop
      vertex -10 -25 11.5488
      vertex -10.3511 -26 11.7639
      vertex -10.3511 -25 11.7639
    endloop
  endfacet
  facet normal -0.522566 0 -0.852599
    outer loop
      vertex -9.81596 -18 11.436
      vertex -10 -25 11.5488
      vertex -10 -18 11.5488
    endloop
  endfacet
  facet normal 0.852604 -0 0.522557
    outer loop
      vertex -4.76393 -21.08 17.3511
      vertex -4.43597 -18 16.816
      vertex -4.76393 -18 17.3511
    endloop
  endfacet
  facet normal 0.85264 -1.39693e-05 0.522498
    outer loop
      vertex -4.59345 -21.1468 17.0729
      vertex -4.43597 -18 16.816
      vertex -4.76393 -21.08 17.3511
    endloop
  endfacet
  facet normal 0.852564 0 0.522623
    outer loop
      vertex -4.43597 -18 16.816
      vertex -4.59345 -21.1468 17.0729
      vertex -4.43597 -21.2533 16.816
    endloop
  endfacet
  facet normal -0.996923 0 0.07839
    outer loop
      vertex -12 -26 15
      vertex -11.9508 -25 15.6257
      vertex -12 -25 15
    endloop
  endfacet
  facet normal -0.996923 0 0.07839
    outer loop
      vertex -11.9508 -25 15.6257
      vertex -12 -26 15
      vertex -11.9508 -26 15.6257
    endloop
  endfacet
  facet normal -0.923881 0 -0.38268
    outer loop
      vertex -11.564 -26 13.184
      vertex -11.8042 -25 13.7639
      vertex -11.564 -25 13.184
    endloop
  endfacet
  facet normal -0.923881 -0 -0.38268
    outer loop
      vertex -11.8042 -25 13.7639
      vertex -11.564 -26 13.184
      vertex -11.8042 -26 13.7639
    endloop
  endfacet
  facet normal 0.078385 0 0.996923
    outer loop
      vertex -8 -18 19
      vertex -7.37426 -21.1566 18.9508
      vertex -7.37426 -18 18.9508
    endloop
  endfacet
  facet normal 0.078385 0 0.996923
    outer loop
      vertex -7.37426 -21.1566 18.9508
      vertex -8 -18 19
      vertex -8 -21.177 19
    endloop
  endfacet
  facet normal -0.078385 0 -0.996923
    outer loop
      vertex -8.62574 -26 11.0492
      vertex -8 -18 11
      vertex -8 -26 11
    endloop
  endfacet
  facet normal -0.078385 0 -0.996923
    outer loop
      vertex -8 -18 11
      vertex -8.62574 -26 11.0492
      vertex -8.62574 -18 11.0492
    endloop
  endfacet
  facet normal -0.233555 0 0.972344
    outer loop
      vertex -9.23607 -18 18.8042
      vertex -8.62574 -26 18.9508
      vertex -8.62574 -18 18.9508
    endloop
  endfacet
  facet normal -0.233555 0 0.972344
    outer loop
      vertex -8.62574 -26 18.9508
      vertex -9.23607 -18 18.8042
      vertex -9.23607 -26 18.8042
    endloop
  endfacet
  facet normal -0.233555 0 -0.972344
    outer loop
      vertex -9.23607 -26 11.1958
      vertex -8.62574 -18 11.0492
      vertex -8.62574 -26 11.0492
    endloop
  endfacet
  facet normal -0.233555 0 -0.972344
    outer loop
      vertex -8.62574 -18 11.0492
      vertex -9.23607 -26 11.1958
      vertex -9.23607 -18 11.1958
    endloop
  endfacet
  facet normal -0.852647 0 0.522487
    outer loop
      vertex -11.564 -26 16.816
      vertex -11.2361 -25 17.3511
      vertex -11.564 -25 16.816
    endloop
  endfacet
  facet normal -0.852647 0 0.522487
    outer loop
      vertex -11.2361 -25 17.3511
      vertex -11.564 -26 16.816
      vertex -11.2361 -26 17.3511
    endloop
  endfacet
  facet normal -0.760369 0 0.649492
    outer loop
      vertex -11.2361 -26 17.3511
      vertex -10.8284 -25 17.8284
      vertex -11.2361 -25 17.3511
    endloop
  endfacet
  facet normal -0.760369 0 0.649492
    outer loop
      vertex -10.8284 -25 17.8284
      vertex -11.2361 -26 17.3511
      vertex -10.8284 -26 17.8284
    endloop
  endfacet
  facet normal -0.97235 0 0.23353
    outer loop
      vertex -11.9508 -26 15.6257
      vertex -11.8042 -25 16.2361
      vertex -11.9508 -25 15.6257
    endloop
  endfacet
  facet normal -0.97235 0 0.23353
    outer loop
      vertex -11.8042 -25 16.2361
      vertex -11.9508 -26 15.6257
      vertex -11.8042 -26 16.2361
    endloop
  endfacet
  facet normal 0 0.38279 -0.923836
    outer loop
      vertex -4.01156 -23.0729 15.1468
      vertex 22 -22.638 15.327
      vertex 22 -23.0729 15.1468
    endloop
  endfacet
  facet normal 0 0.38279 -0.923836
    outer loop
      vertex 22 -22.638 15.327
      vertex -4.01156 -23.0729 15.1468
      vertex -4.02573 -22.638 15.327
    endloop
  endfacet
  facet normal 0 -0.233429 -0.972374
    outer loop
      vertex 22 -24.9271 15.1468
      vertex -4.00291 -24.4693 15.0369
      vertex 22 -24.4693 15.0369
    endloop
  endfacet
  facet normal 0 -0.233429 -0.972374
    outer loop
      vertex -4.00291 -24.4693 15.0369
      vertex 22 -24.9271 15.1468
      vertex -4.01156 -24.9271 15.1468
    endloop
  endfacet
  facet normal 0 -0.649601 0.760275
    outer loop
      vertex -8 -25.7634 20.4271
      vertex 0.382896 -26.1213 20.1213
      vertex 0.53117 -25.7634 20.4271
    endloop
  endfacet
  facet normal 0 -0.649601 0.760275
    outer loop
      vertex 0.382896 -26.1213 20.1213
      vertex -8 -25.7634 20.4271
      vertex -8 -26.1213 20.1213
    endloop
  endfacet
  facet normal 0 -0.649601 0.760275
    outer loop
      vertex 22 -25.7634 20.4271
      vertex 9.6171 -26.1213 20.1213
      vertex 22 -26.1213 20.1213
    endloop
  endfacet
  facet normal 0 -0.649601 0.760275
    outer loop
      vertex 9.6171 -26.1213 20.1213
      vertex 22 -25.7634 20.4271
      vertex 9.46883 -25.7634 20.4271
    endloop
  endfacet
  facet normal 0 0.99692 -0.078429
    outer loop
      vertex 22 -21 18
      vertex -5.17157 -21.0135 17.8284
      vertex -5.37246 -21 18
    endloop
  endfacet
  facet normal 0 0.996923 -0.0783858
    outer loop
      vertex -4.91729 -21.0369 17.5307
      vertex 22 -21 18
      vertex 22 -21.0369 17.5307
    endloop
  endfacet
  facet normal -4.30269e-07 0.996925 -0.0783613
    outer loop
      vertex 22 -21 18
      vertex -4.91729 -21.0369 17.5307
      vertex -5.17157 -21.0135 17.8284
    endloop
  endfacet
  facet normal 0 0.707107 -0.707107
    outer loop
      vertex 22 -21.5729 16.2366
      vertex -4.19577 -21.5734 16.2361
      vertex -4.19601 -21.5729 16.2366
    endloop
  endfacet
  facet normal 0 0.760275 -0.649601
    outer loop
      vertex -4.10997 -21.8787 15.8787
      vertex 22 -21.5729 16.2366
      vertex 22 -21.8787 15.8787
    endloop
  endfacet
  facet normal -2.1156e-06 0.760352 -0.649512
    outer loop
      vertex 22 -21.5729 16.2366
      vertex -4.10997 -21.8787 15.8787
      vertex -4.19577 -21.5734 16.2361
    endloop
  endfacet
  facet normal 0 0.0783858 -0.996923
    outer loop
      vertex -4 -24 15
      vertex 22 -23.5307 15.0369
      vertex 22 -24 15
    endloop
  endfacet
  facet normal 0 0.0783858 -0.996923
    outer loop
      vertex 22 -23.5307 15.0369
      vertex -4 -24 15
      vertex -4.00291 -23.5307 15.0369
    endloop
  endfacet
  facet normal 0 0.972392 -0.233352
    outer loop
      vertex 22 -21.0369 17.5307
      vertex -4.76393 -21.08 17.3511
      vertex -4.91729 -21.0369 17.5307
    endloop
  endfacet
  facet normal 0 0.972374 -0.233429
    outer loop
      vertex -4.59345 -21.1468 17.0729
      vertex 22 -21.0369 17.5307
      vertex 22 -21.1468 17.0729
    endloop
  endfacet
  facet normal 8.92201e-07 0.972362 -0.233478
    outer loop
      vertex 22 -21.0369 17.5307
      vertex -4.59345 -21.1468 17.0729
      vertex -4.76393 -21.08 17.3511
    endloop
  endfacet
  facet normal 0 -0.38279 -0.923836
    outer loop
      vertex 22 -25.362 15.327
      vertex -4.01156 -24.9271 15.1468
      vertex 22 -24.9271 15.1468
    endloop
  endfacet
  facet normal 0 -0.38279 -0.923836
    outer loop
      vertex -4.01156 -24.9271 15.1468
      vertex 22 -25.362 15.327
      vertex -4.02573 -25.362 15.327
    endloop
  endfacet
  facet normal 0 0.923767 -0.382955
    outer loop
      vertex 22 -21.1468 17.0729
      vertex -4.43597 -21.2533 16.816
      vertex -4.59345 -21.1468 17.0729
    endloop
  endfacet
  facet normal 0 0.923836 -0.38279
    outer loop
      vertex -4.36227 -21.327 16.638
      vertex 22 -21.1468 17.0729
      vertex 22 -21.327 16.638
    endloop
  endfacet
  facet normal -4.58981e-06 0.923934 -0.382552
    outer loop
      vertex 22 -21.1468 17.0729
      vertex -4.36227 -21.327 16.638
      vertex -4.43597 -21.2533 16.816
    endloop
  endfacet
  facet normal -1 0 0
    outer loop
      vertex 22 -21.0369 18.4693
      vertex 22 -21 20
      vertex 22 -21 18
    endloop
  endfacet
  facet normal -1 0 0
    outer loop
      vertex 22 -21.1468 18.9271
      vertex 22 -21 20
      vertex 22 -21.0369 18.4693
    endloop
  endfacet
  facet normal -1 0 0
    outer loop
      vertex 22 -21.327 19.362
      vertex 22 -21 20
      vertex 22 -21.1468 18.9271
    endloop
  endfacet
  facet normal -1 0 0
    outer loop
      vertex 22 -21.5729 19.7634
      vertex 22 -21 20
      vertex 22 -21.327 19.362
    endloop
  endfacet
  facet normal -1 -0 0
    outer loop
      vertex 22 -21 20
      vertex 22 -21.5729 19.7634
      vertex 22 -21.7751 20
    endloop
  endfacet
  facet normal -1 0 0
    outer loop
      vertex 22 -21 8
      vertex 22 -21.0369 17.5307
      vertex 22 -21 18
    endloop
  endfacet
  facet normal -1 0 0
    outer loop
      vertex 22 -21 8
      vertex 22 -21.1468 17.0729
      vertex 22 -21.0369 17.5307
    endloop
  endfacet
  facet normal -1 0 0
    outer loop
      vertex 22 -21 8
      vertex 22 -21.327 16.638
      vertex 22 -21.1468 17.0729
    endloop
  endfacet
  facet normal -1 0 0
    outer loop
      vertex 22 -21 8
      vertex 22 -21.5729 16.2366
      vertex 22 -21.327 16.638
    endloop
  endfacet
  facet normal -1 0 0
    outer loop
      vertex 22 -21 8
      vertex 22 -21.8787 15.8787
      vertex 22 -21.5729 16.2366
    endloop
  endfacet
  facet normal -1 0 0
    outer loop
      vertex 22 -21 8
      vertex 22 -22.2366 15.5729
      vertex 22 -21.8787 15.8787
    endloop
  endfacet
  facet normal -1 0 0
    outer loop
      vertex 22 -21 8
      vertex 22 -22.638 15.327
      vertex 22 -22.2366 15.5729
    endloop
  endfacet
  facet normal -1 0 0
    outer loop
      vertex 22 -21 8
      vertex 22 -23.0729 15.1468
      vertex 22 -22.638 15.327
    endloop
  endfacet
  facet normal -1 0 0
    outer loop
      vertex 22 -21 8
      vertex 22 -23.5307 15.0369
      vertex 22 -23.0729 15.1468
    endloop
  endfacet
  facet normal -1 0 0
    outer loop
      vertex 22 -24 8
      vertex 22 -23.5307 15.0369
      vertex 22 -21 8
    endloop
  endfacet
  facet normal -1 0 0
    outer loop
      vertex 22 -23.5307 15.0369
      vertex 22 -24 8
      vertex 22 -24 15
    endloop
  endfacet
  facet normal 1 0 0
    outer loop
      vertex 22 -24 20
      vertex 22 -21.8787 20.1213
      vertex 22 -22.2366 20.4271
    endloop
  endfacet
  facet normal 1 0 0
    outer loop
      vertex 22 -24 20
      vertex 22 -22.2366 20.4271
      vertex 22 -22.638 20.673
    endloop
  endfacet
  facet normal 1 0 0
    outer loop
      vertex 22 -24 20
      vertex 22 -22.638 20.673
      vertex 22 -23.0729 20.8532
    endloop
  endfacet
  facet normal 1 0 0
    outer loop
      vertex 22 -24 20
      vertex 22 -23.0729 20.8532
      vertex 22 -23.5307 20.9631
    endloop
  endfacet
  facet normal 1 0 0
    outer loop
      vertex 22 -24 20
      vertex 22 -23.5307 20.9631
      vertex 22 -24 21
    endloop
  endfacet
  facet normal 1 0 0
    outer loop
      vertex 22 -21.8787 20.1213
      vertex 22 -24 20
      vertex 22 -21.7751 20
    endloop
  endfacet
  facet normal 1 -0 0
    outer loop
      vertex 22 -24.4693 20.9631
      vertex 22 -24 20
      vertex 22 -24 21
    endloop
  endfacet
  facet normal 1 -0 0
    outer loop
      vertex 22 -24.9271 20.8532
      vertex 22 -24 20
      vertex 22 -24.4693 20.9631
    endloop
  endfacet
  facet normal 1 0 0
    outer loop
      vertex 22 -24 20
      vertex 22 -24.4693 15.0369
      vertex 22 -24 15
    endloop
  endfacet
  facet normal 1 -0 0
    outer loop
      vertex 22 -25.362 20.673
      vertex 22 -24 20
      vertex 22 -24.9271 20.8532
    endloop
  endfacet
  facet normal 1 0 0
    outer loop
      vertex 22 -24 20
      vertex 22 -24.9271 15.1468
      vertex 22 -24.4693 15.0369
    endloop
  endfacet
  facet normal 1 -0 0
    outer loop
      vertex 22 -25.7634 20.4271
      vertex 22 -24 20
      vertex 22 -25.362 20.673
    endloop
  endfacet
  facet normal 1 0 0
    outer loop
      vertex 22 -24 20
      vertex 22 -25.362 15.327
      vertex 22 -24.9271 15.1468
    endloop
  endfacet
  facet normal 1 -0 0
    outer loop
      vertex 22 -26.1213 20.1213
      vertex 22 -24 20
      vertex 22 -25.7634 20.4271
    endloop
  endfacet
  facet normal 1 0 0
    outer loop
      vertex 22 -24 20
      vertex 22 -25.7634 15.5729
      vertex 22 -25.362 15.327
    endloop
  endfacet
  facet normal 1 0 0
    outer loop
      vertex 22 -26.4271 19.7634
      vertex 22 -24 20
      vertex 22 -26.1213 20.1213
    endloop
  endfacet
  facet normal 1 0 0
    outer loop
      vertex 22 -24 20
      vertex 22 -26.1213 15.8787
      vertex 22 -25.7634 15.5729
    endloop
  endfacet
  facet normal 1 0 0
    outer loop
      vertex 22 -26.673 19.362
      vertex 22 -24 20
      vertex 22 -26.4271 19.7634
    endloop
  endfacet
  facet normal 1 0 0
    outer loop
      vertex 22 -24 20
      vertex 22 -26.4271 16.2366
      vertex 22 -26.1213 15.8787
    endloop
  endfacet
  facet normal 1 0 0
    outer loop
      vertex 22 -26.8532 18.9271
      vertex 22 -24 20
      vertex 22 -26.673 19.362
    endloop
  endfacet
  facet normal 1 0 0
    outer loop
      vertex 22 -24 20
      vertex 22 -26.673 16.638
      vertex 22 -26.4271 16.2366
    endloop
  endfacet
  facet normal 1 0 0
    outer loop
      vertex 22 -26.9631 18.4693
      vertex 22 -24 20
      vertex 22 -26.8532 18.9271
    endloop
  endfacet
  facet normal 1 0 0
    outer loop
      vertex 22 -24 20
      vertex 22 -26.8532 17.0729
      vertex 22 -26.673 16.638
    endloop
  endfacet
  facet normal 1 0 0
    outer loop
      vertex 22 -27 18
      vertex 22 -24 20
      vertex 22 -26.9631 18.4693
    endloop
  endfacet
  facet normal 1 0 0
    outer loop
      vertex 22 -24 20
      vertex 22 -26.9631 17.5307
      vertex 22 -26.8532 17.0729
    endloop
  endfacet
  facet normal 1 0 0
    outer loop
      vertex 22 -24 20
      vertex 22 -27 18
      vertex 22 -26.9631 17.5307
    endloop
  endfacet
  facet normal 0 -0.522378 -0.852714
    outer loop
      vertex 22 -25.7634 15.5729
      vertex -4.02573 -25.362 15.327
      vertex 22 -25.362 15.327
    endloop
  endfacet
  facet normal 0 -0.522378 -0.852714
    outer loop
      vertex -4.02573 -25.362 15.327
      vertex 22 -25.7634 15.5729
      vertex -4.04509 -25.7634 15.5729
    endloop
  endfacet
  facet normal 0 -0.923836 0.38279
    outer loop
      vertex 0.149104 -26.8532 18.9271
      vertex -8 -26.673 19.362
      vertex -8 -26.8532 18.9271
    endloop
  endfacet
  facet normal 0 -0.923836 0.38279
    outer loop
      vertex -8 -26.673 19.362
      vertex 0.149104 -26.8532 18.9271
      vertex 0.192354 -26.673 19.362
    endloop
  endfacet
  facet normal 0 -0.923836 0.38279
    outer loop
      vertex 9.85089 -26.8532 18.9271
      vertex 22 -26.673 19.362
      vertex 9.80764 -26.673 19.362
    endloop
  endfacet
  facet normal 0 -0.923836 0.38279
    outer loop
      vertex 22 -26.673 19.362
      vertex 9.85089 -26.8532 18.9271
      vertex 22 -26.8532 18.9271
    endloop
  endfacet
  facet normal 0 -0.38279 0.923836
    outer loop
      vertex 22 -24.9271 20.8532
      vertex 9.22948 -25.362 20.673
      vertex 22 -25.362 20.673
    endloop
  endfacet
  facet normal 2.31963e-06 -0.382848 0.923811
    outer loop
      vertex 22 -24.9271 20.8532
      vertex 9.04508 -25.0611 20.7977
      vertex 9.22948 -25.362 20.673
    endloop
  endfacet
  facet normal 0 -0.382656 0.923891
    outer loop
      vertex 9.04508 -25.0611 20.7977
      vertex 22 -24.9271 20.8532
      vertex 8.93062 -24.9271 20.8532
    endloop
  endfacet
  facet normal 0 -0.382656 0.923891
    outer loop
      vertex -8 -24.9271 20.8532
      vertex 0.954914 -25.0611 20.7977
      vertex 1.06938 -24.9271 20.8532
    endloop
  endfacet
  facet normal -3.34635e-06 -0.382847 0.923812
    outer loop
      vertex -8 -24.9271 20.8532
      vertex 0.770524 -25.362 20.673
      vertex 0.954914 -25.0611 20.7977
    endloop
  endfacet
  facet normal 0 -0.38279 0.923836
    outer loop
      vertex 0.770524 -25.362 20.673
      vertex -8 -24.9271 20.8532
      vertex -8 -25.362 20.673
    endloop
  endfacet
  facet normal 0 -0.923836 -0.38279
    outer loop
      vertex -8 -26.673 16.638
      vertex 22 -26.8532 17.0729
      vertex -8 -26.8532 17.0729
    endloop
  endfacet
  facet normal 0 -0.923836 -0.38279
    outer loop
      vertex 22 -26.8532 17.0729
      vertex -8 -26.673 16.638
      vertex 22 -26.673 16.638
    endloop
  endfacet
  facet normal 0 0.923836 0.38279
    outer loop
      vertex -7.27553 -21.1468 18.9271
      vertex -8 -21.327 19.362
      vertex 22 -21.327 19.362
    endloop
  endfacet
  facet normal -1.95763e-05 0.92383 0.382803
    outer loop
      vertex -8 -21.327 19.362
      vertex -7.37426 -21.1566 18.9508
      vertex -8 -21.177 19
    endloop
  endfacet
  facet normal -0 0.923836 0.38279
    outer loop
      vertex -7.27553 -21.1468 18.9271
      vertex 22 -21.327 19.362
      vertex 22 -21.1468 18.9271
    endloop
  endfacet
  facet normal 0.000312571 0.923651 0.383234
    outer loop
      vertex -8 -21.327 19.362
      vertex -7.27553 -21.1468 18.9271
      vertex -7.37426 -21.1566 18.9508
    endloop
  endfacet
  facet normal 0 -0.0785509 0.99691
    outer loop
      vertex -8 -24 21
      vertex 1.46447 -24.4645 20.9634
      vertex 2.00828 -24 21
    endloop
  endfacet
  facet normal 0.000765699 -0.0630361 0.998011
    outer loop
      vertex -8 -24 21
      vertex 1.46033 -24.4693 20.9631
      vertex 1.46447 -24.4645 20.9634
    endloop
  endfacet
  facet normal 0 -0.0783858 0.996923
    outer loop
      vertex 1.46033 -24.4693 20.9631
      vertex -8 -24 21
      vertex -8 -24.4693 20.9631
    endloop
  endfacet
  facet normal 0 -0.0783858 0.996923
    outer loop
      vertex 22 -24 21
      vertex 8.53967 -24.4693 20.9631
      vertex 22 -24.4693 20.9631
    endloop
  endfacet
  facet normal -0.000544806 -0.0628463 0.998023
    outer loop
      vertex 22 -24 21
      vertex 8.53553 -24.4645 20.9634
      vertex 8.53967 -24.4693 20.9631
    endloop
  endfacet
  facet normal 0 -0.0785509 0.99691
    outer loop
      vertex 8.53553 -24.4645 20.9634
      vertex 22 -24 21
      vertex 7.99171 -24 21
    endloop
  endfacet
  facet normal 0 0.760406 0.649448
    outer loop
      vertex 22 -21.7751 20
      vertex -8 -21.8787 20.1213
      vertex 22 -21.8787 20.1213
    endloop
  endfacet
  facet normal 1.61724e-06 0.760208 0.649679
    outer loop
      vertex 22 -21.5729 19.7634
      vertex -8 -21.8787 20.1213
      vertex 22 -21.7751 20
    endloop
  endfacet
  facet normal 0 0.760275 0.649601
    outer loop
      vertex -8 -21.8787 20.1213
      vertex 22 -21.5729 19.7634
      vertex -8 -21.5729 19.7634
    endloop
  endfacet
  facet normal -0 0.233202 0.972428
    outer loop
      vertex -8 -23.0729 20.8532
      vertex 3.45491 -23.2447 20.8944
      vertex 4.17038 -23.0729 20.8532
    endloop
  endfacet
  facet normal 5.5739e-06 0.233553 0.972344
    outer loop
      vertex -8 -23.0729 20.8532
      vertex 2.7645 -23.5307 20.9631
      vertex 3.45491 -23.2447 20.8944
    endloop
  endfacet
  facet normal 0 0.233429 0.972374
    outer loop
      vertex 2.7645 -23.5307 20.9631
      vertex -8 -23.0729 20.8532
      vertex -8 -23.5307 20.9631
    endloop
  endfacet
  facet normal 0 0.233429 0.972374
    outer loop
      vertex 22 -23.0729 20.8532
      vertex 7.2355 -23.5307 20.9631
      vertex 22 -23.5307 20.9631
    endloop
  endfacet
  facet normal -4.16897e-06 0.233556 0.972343
    outer loop
      vertex 22 -23.0729 20.8532
      vertex 6.54508 -23.2447 20.8944
      vertex 7.2355 -23.5307 20.9631
    endloop
  endfacet
  facet normal 0 0.233202 0.972428
    outer loop
      vertex 6.54508 -23.2447 20.8944
      vertex 22 -23.0729 20.8532
      vertex 5.82962 -23.0729 20.8532
    endloop
  endfacet
  facet normal 0 0.233429 -0.972374
    outer loop
      vertex -4.00291 -23.5307 15.0369
      vertex 22 -23.0729 15.1468
      vertex 22 -23.5307 15.0369
    endloop
  endfacet
  facet normal 0 0.233429 -0.972374
    outer loop
      vertex 22 -23.0729 15.1468
      vertex -4.00291 -23.5307 15.0369
      vertex -4.01156 -23.0729 15.1468
    endloop
  endfacet
  facet normal 0 -0.972374 -0.233429
    outer loop
      vertex -8 -26.8532 17.0729
      vertex 22 -26.9631 17.5307
      vertex -8 -26.9631 17.5307
    endloop
  endfacet
  facet normal 0 -0.972374 -0.233429
    outer loop
      vertex 22 -26.9631 17.5307
      vertex -8 -26.8532 17.0729
      vertex 22 -26.8532 17.0729
    endloop
  endfacet
  facet normal -0 0.522378 0.852714
    outer loop
      vertex -8 -22.2366 20.4271
      vertex 22 -22.638 20.673
      vertex 22 -22.2366 20.4271
    endloop
  endfacet
  facet normal 0 0.522378 0.852714
    outer loop
      vertex 22 -22.638 20.673
      vertex -8 -22.2366 20.4271
      vertex -8 -22.638 20.673
    endloop
  endfacet
  facet normal 0 0.522378 -0.852714
    outer loop
      vertex -4.02573 -22.638 15.327
      vertex 22 -22.2366 15.5729
      vertex 22 -22.638 15.327
    endloop
  endfacet
  facet normal 0 0.522378 -0.852714
    outer loop
      vertex 22 -22.2366 15.5729
      vertex -4.02573 -22.638 15.327
      vertex -4.04509 -22.2366 15.5729
    endloop
  endfacet
  facet normal 0 -0.996923 -0.0783858
    outer loop
      vertex -8 -26.9631 17.5307
      vertex 0.113853 -27 18
      vertex -8 -27 18
    endloop
  endfacet
  facet normal 0 -0.996923 -0.0783858
    outer loop
      vertex 0.113853 -27 18
      vertex -8 -26.9631 17.5307
      vertex 9.88615 -27 18
    endloop
  endfacet
  facet normal -0 -0.996923 -0.0783858
    outer loop
      vertex 22 -26.9631 17.5307
      vertex 9.88615 -27 18
      vertex -8 -26.9631 17.5307
    endloop
  endfacet
  facet normal 0 -0.996923 -0.0783858
    outer loop
      vertex 9.88615 -27 18
      vertex 22 -26.9631 17.5307
      vertex 22 -27 18
    endloop
  endfacet
  facet normal 0 0.97238 0.233403
    outer loop
      vertex 22 -21.1468 18.9271
      vertex -6.76393 -21.1173 18.8042
      vertex -7.27553 -21.1468 18.9271
    endloop
  endfacet
  facet normal 9.55663e-07 0.972431 0.233191
    outer loop
      vertex 22 -21.1468 18.9271
      vertex -6.18404 -21.0597 18.564
      vertex -6.76393 -21.1173 18.8042
    endloop
  endfacet
  facet normal -0 0.972374 0.233429
    outer loop
      vertex -6.02946 -21.0369 18.4693
      vertex 22 -21.1468 18.9271
      vertex 22 -21.0369 18.4693
    endloop
  endfacet
  facet normal -1.08134e-05 0.972223 0.234055
    outer loop
      vertex 22 -21.1468 18.9271
      vertex -6.02946 -21.0369 18.4693
      vertex -6.18404 -21.0597 18.564
    endloop
  endfacet
  facet normal 0 -0.852714 -0.522378
    outer loop
      vertex -8 -26.4271 16.2366
      vertex 22 -26.673 16.638
      vertex -8 -26.673 16.638
    endloop
  endfacet
  facet normal 0 -0.852714 -0.522378
    outer loop
      vertex 22 -26.673 16.638
      vertex -8 -26.4271 16.2366
      vertex 22 -26.4271 16.2366
    endloop
  endfacet
  facet normal -1 0 0
    outer loop
      vertex -8 -26 15.7751
      vertex -8 -26.1213 15.8787
      vertex -8 -26 19
    endloop
  endfacet
  facet normal -1 0 0
    outer loop
      vertex -8 -26 19
      vertex -8 -21.327 19.362
      vertex -8 -21.177 19
    endloop
  endfacet
  facet normal -1 -0 0
    outer loop
      vertex -8 -21.327 19.362
      vertex -8 -26 19
      vertex -8 -21.5729 19.7634
    endloop
  endfacet
  facet normal -1 -0 0
    outer loop
      vertex -8 -21.5729 19.7634
      vertex -8 -26 19
      vertex -8 -21.8787 20.1213
    endloop
  endfacet
  facet normal -1 -0 0
    outer loop
      vertex -8 -21.8787 20.1213
      vertex -8 -26 19
      vertex -8 -22.2366 20.4271
    endloop
  endfacet
  facet normal -1 -0 0
    outer loop
      vertex -8 -22.2366 20.4271
      vertex -8 -26 19
      vertex -8 -22.638 20.673
    endloop
  endfacet
  facet normal -1 -0 0
    outer loop
      vertex -8 -22.638 20.673
      vertex -8 -26 19
      vertex -8 -23.0729 20.8532
    endloop
  endfacet
  facet normal -1 -0 0
    outer loop
      vertex -8 -23.0729 20.8532
      vertex -8 -26 19
      vertex -8 -23.5307 20.9631
    endloop
  endfacet
  facet normal -1 -0 0
    outer loop
      vertex -8 -23.5307 20.9631
      vertex -8 -26 19
      vertex -8 -24 21
    endloop
  endfacet
  facet normal -1 0 0
    outer loop
      vertex -8 -24 21
      vertex -8 -26 19
      vertex -8 -24.4693 20.9631
    endloop
  endfacet
  facet normal -1 0 0
    outer loop
      vertex -8 -24.4693 20.9631
      vertex -8 -26 19
      vertex -8 -24.9271 20.8532
    endloop
  endfacet
  facet normal -1 0 0
    outer loop
      vertex -8 -24.9271 20.8532
      vertex -8 -26 19
      vertex -8 -25.362 20.673
    endloop
  endfacet
  facet normal -1 0 0
    outer loop
      vertex -8 -25.362 20.673
      vertex -8 -26 19
      vertex -8 -25.7634 20.4271
    endloop
  endfacet
  facet normal -1 0 0
    outer loop
      vertex -8 -26 19
      vertex -8 -26.1213 20.1213
      vertex -8 -25.7634 20.4271
    endloop
  endfacet
  facet normal -1 0 0
    outer loop
      vertex -8 -26.4271 16.2366
      vertex -8 -26 19
      vertex -8 -26.1213 15.8787
    endloop
  endfacet
  facet normal -1 0 0
    outer loop
      vertex -8 -26.673 16.638
      vertex -8 -26 19
      vertex -8 -26.4271 16.2366
    endloop
  endfacet
  facet normal -1 0 0
    outer loop
      vertex -8 -26 19
      vertex -8 -26.4271 19.7634
      vertex -8 -26.1213 20.1213
    endloop
  endfacet
  facet normal -1 0 0
    outer loop
      vertex -8 -26.8532 17.0729
      vertex -8 -26 19
      vertex -8 -26.673 16.638
    endloop
  endfacet
  facet normal -1 0 0
    outer loop
      vertex -8 -26 19
      vertex -8 -26.673 19.362
      vertex -8 -26.4271 19.7634
    endloop
  endfacet
  facet normal -1 0 0
    outer loop
      vertex -8 -26.9631 17.5307
      vertex -8 -26 19
      vertex -8 -26.8532 17.0729
    endloop
  endfacet
  facet normal -1 -0 0
    outer loop
      vertex -8 -26 19
      vertex -8 -26.8532 18.9271
      vertex -8 -26.673 19.362
    endloop
  endfacet
  facet normal -1 0 0
    outer loop
      vertex -8 -27 18
      vertex -8 -26 19
      vertex -8 -26.9631 17.5307
    endloop
  endfacet
  facet normal -1 0 0
    outer loop
      vertex -8 -26 19
      vertex -8 -26.9631 18.4693
      vertex -8 -26.8532 18.9271
    endloop
  endfacet
  facet normal -1 0 0
    outer loop
      vertex -8 -26 19
      vertex -8 -27 18
      vertex -8 -26.9631 18.4693
    endloop
  endfacet
  facet normal 0 0.852714 0.522378
    outer loop
      vertex 22 -21.327 19.362
      vertex -8 -21.5729 19.7634
      vertex 22 -21.5729 19.7634
    endloop
  endfacet
  facet normal 0 0.852714 0.522378
    outer loop
      vertex -8 -21.5729 19.7634
      vertex 22 -21.327 19.362
      vertex -8 -21.327 19.362
    endloop
  endfacet
  facet normal 0 0.996935 0.0782329
    outer loop
      vertex 22 -21.0369 18.4693
      vertex -5.64886 -21.0186 18.2361
      vertex -6.02946 -21.0369 18.4693
    endloop
  endfacet
  facet normal -0 0.996923 0.0783858
    outer loop
      vertex -5.37246 -21 18
      vertex 22 -21.0369 18.4693
      vertex 22 -21 18
    endloop
  endfacet
  facet normal -2.55415e-06 0.996911 0.0785339
    outer loop
      vertex 22 -21.0369 18.4693
      vertex -5.37246 -21 18
      vertex -5.64886 -21.0186 18.2361
    endloop
  endfacet
  facet normal -0 0.0766965 0.997054
    outer loop
      vertex -8 -23.5307 20.9631
      vertex 2.73005 -23.545 20.9642
      vertex 2.7645 -23.5307 20.9631
    endloop
  endfacet
  facet normal 2.48786e-06 0.0785522 0.99691
    outer loop
      vertex -8 -23.5307 20.9631
      vertex 2.06107 -23.9549 20.9965
      vertex 2.73005 -23.545 20.9642
    endloop
  endfacet
  facet normal -4.53116e-05 0.0774254 0.996998
    outer loop
      vertex -8 -23.5307 20.9631
      vertex 2.00828 -24 21
      vertex 2.06107 -23.9549 20.9965
    endloop
  endfacet
  facet normal 0 0.0783858 0.996923
    outer loop
      vertex 2.00828 -24 21
      vertex -8 -23.5307 20.9631
      vertex -8 -24 21
    endloop
  endfacet
  facet normal 0 0.0783858 0.996923
    outer loop
      vertex 22 -23.5307 20.9631
      vertex 7.99171 -24 21
      vertex 22 -24 21
    endloop
  endfacet
  facet normal 3.28616e-05 0.0774109 0.996999
    outer loop
      vertex 22 -23.5307 20.9631
      vertex 7.93893 -23.9549 20.9965
      vertex 7.99171 -24 21
    endloop
  endfacet
  facet normal -1.81334e-06 0.0785533 0.99691
    outer loop
      vertex 22 -23.5307 20.9631
      vertex 7.26995 -23.545 20.9642
      vertex 7.93893 -23.9549 20.9965
    endloop
  endfacet
  facet normal 0 0.0766965 0.997054
    outer loop
      vertex 7.26995 -23.545 20.9642
      vertex 22 -23.5307 20.9631
      vertex 7.2355 -23.5307 20.9631
    endloop
  endfacet
  facet normal -0 0.649601 0.760275
    outer loop
      vertex -8 -21.8787 20.1213
      vertex 22 -22.2366 20.4271
      vertex 22 -21.8787 20.1213
    endloop
  endfacet
  facet normal 0 0.649601 0.760275
    outer loop
      vertex 22 -22.2366 20.4271
      vertex -8 -21.8787 20.1213
      vertex -8 -22.2366 20.4271
    endloop
  endfacet
  facet normal 0 0.852714 -0.522378
    outer loop
      vertex -4.19601 -21.5729 16.2366
      vertex 22 -21.327 16.638
      vertex 22 -21.5729 16.2366
    endloop
  endfacet
  facet normal 0 0.852714 -0.522378
    outer loop
      vertex 22 -21.327 16.638
      vertex -4.19601 -21.5729 16.2366
      vertex -4.36227 -21.327 16.638
    endloop
  endfacet
  facet normal 0 -0.760275 0.649601
    outer loop
      vertex 9.74374 -26.4271 19.7634
      vertex 22 -26.1213 20.1213
      vertex 9.6171 -26.1213 20.1213
    endloop
  endfacet
  facet normal 0 -0.760275 0.649601
    outer loop
      vertex 22 -26.1213 20.1213
      vertex 9.74374 -26.4271 19.7634
      vertex 22 -26.4271 19.7634
    endloop
  endfacet
  facet normal 0 -0.760275 0.649601
    outer loop
      vertex 0.256258 -26.4271 19.7634
      vertex -8 -26.1213 20.1213
      vertex -8 -26.4271 19.7634
    endloop
  endfacet
  facet normal 0 -0.760275 0.649601
    outer loop
      vertex -8 -26.1213 20.1213
      vertex 0.256258 -26.4271 19.7634
      vertex 0.382896 -26.1213 20.1213
    endloop
  endfacet
  facet normal 0 -0.233429 0.972374
    outer loop
      vertex -8 -24.4693 20.9631
      vertex 1.06938 -24.9271 20.8532
      vertex 1.46033 -24.4693 20.9631
    endloop
  endfacet
  facet normal 0 -0.233429 0.972374
    outer loop
      vertex 1.06938 -24.9271 20.8532
      vertex -8 -24.4693 20.9631
      vertex -8 -24.9271 20.8532
    endloop
  endfacet
  facet normal 0 -0.233429 0.972374
    outer loop
      vertex 22 -24.4693 20.9631
      vertex 8.93062 -24.9271 20.8532
      vertex 22 -24.9271 20.8532
    endloop
  endfacet
  facet normal 0 -0.233429 0.972374
    outer loop
      vertex 8.93062 -24.9271 20.8532
      vertex 22 -24.4693 20.9631
      vertex 8.53967 -24.4693 20.9631
    endloop
  endfacet
  facet normal 0 -0.522481 0.852651
    outer loop
      vertex -8 -25.362 20.673
      vertex 0.544967 -25.73 20.4475
      vertex 0.770524 -25.362 20.673
    endloop
  endfacet
  facet normal 7.19782e-05 -0.521265 0.853395
    outer loop
      vertex -8 -25.362 20.673
      vertex 0.53117 -25.7634 20.4271
      vertex 0.544967 -25.73 20.4475
    endloop
  endfacet
  facet normal 0 -0.522378 0.852714
    outer loop
      vertex 0.53117 -25.7634 20.4271
      vertex -8 -25.362 20.673
      vertex -8 -25.7634 20.4271
    endloop
  endfacet
  facet normal 0 -0.522378 0.852714
    outer loop
      vertex 22 -25.362 20.673
      vertex 9.46883 -25.7634 20.4271
      vertex 22 -25.7634 20.4271
    endloop
  endfacet
  facet normal -4.93026e-05 -0.521258 0.853399
    outer loop
      vertex 22 -25.362 20.673
      vertex 9.45503 -25.73 20.4475
      vertex 9.46883 -25.7634 20.4271
    endloop
  endfacet
  facet normal 0 -0.522481 0.852651
    outer loop
      vertex 9.45503 -25.73 20.4475
      vertex 22 -25.362 20.673
      vertex 9.22948 -25.362 20.673
    endloop
  endfacet
  facet normal 0 -0.0783858 -0.996923
    outer loop
      vertex 22 -24.4693 15.0369
      vertex -4 -24 15
      vertex 22 -24 15
    endloop
  endfacet
  facet normal 0 -0.0783858 -0.996923
    outer loop
      vertex -4 -24 15
      vertex 22 -24.4693 15.0369
      vertex -4.00291 -24.4693 15.0369
    endloop
  endfacet
  facet normal 0 -0.996923 0.0783858
    outer loop
      vertex 0.113853 -27 18
      vertex -8 -26.9631 18.4693
      vertex -8 -27 18
    endloop
  endfacet
  facet normal 0 -0.996923 0.0783858
    outer loop
      vertex -8 -26.9631 18.4693
      vertex 0.113853 -27 18
      vertex 0.122721 -26.9631 18.4693
    endloop
  endfacet
  facet normal 0 -0.996923 0.0783858
    outer loop
      vertex 9.88615 -27 18
      vertex 22 -26.9631 18.4693
      vertex 9.87728 -26.9631 18.4693
    endloop
  endfacet
  facet normal 0 -0.996923 0.0783858
    outer loop
      vertex 22 -26.9631 18.4693
      vertex 9.88615 -27 18
      vertex 22 -27 18
    endloop
  endfacet
  facet normal 0 -0.972374 0.233429
    outer loop
      vertex 0.122721 -26.9631 18.4693
      vertex -8 -26.8532 18.9271
      vertex -8 -26.9631 18.4693
    endloop
  endfacet
  facet normal 0 -0.972374 0.233429
    outer loop
      vertex -8 -26.8532 18.9271
      vertex 0.122721 -26.9631 18.4693
      vertex 0.149104 -26.8532 18.9271
    endloop
  endfacet
  facet normal 0 -0.972374 0.233429
    outer loop
      vertex 9.87728 -26.9631 18.4693
      vertex 22 -26.8532 18.9271
      vertex 9.85089 -26.8532 18.9271
    endloop
  endfacet
  facet normal 0 -0.972374 0.233429
    outer loop
      vertex 22 -26.8532 18.9271
      vertex 9.87728 -26.9631 18.4693
      vertex 22 -26.9631 18.4693
    endloop
  endfacet
  facet normal 0 0.38279 0.923836
    outer loop
      vertex 22 -22.638 20.673
      vertex 5.82962 -23.0729 20.8532
      vertex 22 -23.0729 20.8532
    endloop
  endfacet
  facet normal -3.528e-05 0.383909 0.923371
    outer loop
      vertex 22 -22.638 20.673
      vertex 5.78217 -23.0616 20.8485
      vertex 5.82962 -23.0729 20.8532
    endloop
  endfacet
  facet normal 6.25056e-06 0.382552 0.923934
    outer loop
      vertex 22 -22.638 20.673
      vertex 5 -23 20.823
      vertex 5.78217 -23.0616 20.8485
    endloop
  endfacet
  facet normal -0 0.382803 0.92383
    outer loop
      vertex -8 -22.638 20.673
      vertex 5 -23 20.823
      vertex 22 -22.638 20.673
    endloop
  endfacet
  facet normal -7.67137e-06 0.382567 0.923928
    outer loop
      vertex -8 -22.638 20.673
      vertex 4.21783 -23.0616 20.8485
      vertex 5 -23 20.823
    endloop
  endfacet
  facet normal 4.53632e-05 0.383873 0.923386
    outer loop
      vertex -8 -22.638 20.673
      vertex 4.17038 -23.0729 20.8532
      vertex 4.21783 -23.0616 20.8485
    endloop
  endfacet
  facet normal 0 0.38279 0.923836
    outer loop
      vertex 4.17038 -23.0729 20.8532
      vertex -8 -22.638 20.673
      vertex -8 -23.0729 20.8532
    endloop
  endfacet
  facet normal 0 0.649601 -0.760275
    outer loop
      vertex -4.04509 -22.2366 15.5729
      vertex 22 -21.8787 15.8787
      vertex 22 -22.2366 15.5729
    endloop
  endfacet
  facet normal 6.22934e-07 0.649575 -0.760298
    outer loop
      vertex -4.04925 -22.1748 15.6257
      vertex 22 -21.8787 15.8787
      vertex -4.04509 -22.2366 15.5729
    endloop
  endfacet
  facet normal 0 0.649606 -0.760271
    outer loop
      vertex 22 -21.8787 15.8787
      vertex -4.04925 -22.1748 15.6257
      vertex -4.10997 -21.8787 15.8787
    endloop
  endfacet
  facet normal 0 -0.853328 0.521374
    outer loop
      vertex 9.75528 -26.4549 19.7179
      vertex 22 -26.4271 19.7634
      vertex 9.74374 -26.4271 19.7634
    endloop
  endfacet
  facet normal -5.77448e-06 -0.852636 0.522505
    outer loop
      vertex 9.80764 -26.673 19.362
      vertex 22 -26.4271 19.7634
      vertex 9.75528 -26.4549 19.7179
    endloop
  endfacet
  facet normal 0 -0.852714 0.522378
    outer loop
      vertex 22 -26.4271 19.7634
      vertex 9.80764 -26.673 19.362
      vertex 22 -26.673 19.362
    endloop
  endfacet
  facet normal 0 -0.853328 0.521374
    outer loop
      vertex -8 -26.4271 19.7634
      vertex 0.244717 -26.4549 19.7179
      vertex 0.256258 -26.4271 19.7634
    endloop
  endfacet
  facet normal 0 -0.852714 0.522378
    outer loop
      vertex 0.192354 -26.673 19.362
      vertex -8 -26.4271 19.7634
      vertex -8 -26.673 19.362
    endloop
  endfacet
  facet normal 8.57375e-06 -0.852636 0.522505
    outer loop
      vertex -8 -26.4271 19.7634
      vertex 0.192354 -26.673 19.362
      vertex 0.244717 -26.4549 19.7179
    endloop
  endfacet
  facet normal 0 -0.649601 -0.760275
    outer loop
      vertex 22 -26.1213 15.8787
      vertex -4.04509 -25.7634 15.5729
      vertex 22 -25.7634 15.5729
    endloop
  endfacet
  facet normal 6.22934e-07 -0.649575 -0.760298
    outer loop
      vertex 22 -26.1213 15.8787
      vertex -4.04925 -25.8252 15.6257
      vertex -4.04509 -25.7634 15.5729
    endloop
  endfacet
  facet normal -2.15527e-06 -0.649716 -0.760177
    outer loop
      vertex 22 -26.1213 15.8787
      vertex -4.0851 -26 15.7751
      vertex -4.04925 -25.8252 15.6257
    endloop
  endfacet
  facet normal 0 -0.649448 -0.760406
    outer loop
      vertex -8 -26.1213 15.8787
      vertex -4.0851 -26 15.7751
      vertex 22 -26.1213 15.8787
    endloop
  endfacet
  facet normal -0 -0.649448 -0.760406
    outer loop
      vertex -4.0851 -26 15.7751
      vertex -8 -26.1213 15.8787
      vertex -8 -26 15.7751
    endloop
  endfacet
  facet normal 0 -0.760275 -0.649601
    outer loop
      vertex -8 -26.1213 15.8787
      vertex 22 -26.4271 16.2366
      vertex -8 -26.4271 16.2366
    endloop
  endfacet
  facet normal 0 -0.760275 -0.649601
    outer loop
      vertex 22 -26.4271 16.2366
      vertex -8 -26.1213 15.8787
      vertex 22 -26.1213 15.8787
    endloop
  endfacet
  facet normal 1 -0 0
    outer loop
      vertex 25 -24 20
      vertex 25 -21 8
      vertex 25 -21 20
    endloop
  endfacet
  facet normal 1 0 0
    outer loop
      vertex 25 -21 8
      vertex 25 -24 20
      vertex 25 -24 8
    endloop
  endfacet
  facet normal 0 0 1
    outer loop
      vertex 22 -21.7751 20
      vertex 25 -21 20
      vertex 22 -21 20
    endloop
  endfacet
  facet normal 0 0 1
    outer loop
      vertex 25 -21 20
      vertex 22 -21.7751 20
      vertex 25 -24 20
    endloop
  endfacet
  facet normal 0 0 1
    outer loop
      vertex 25 -24 20
      vertex 22 -21.7751 20
      vertex 22 -24 20
    endloop
  endfacet
  facet normal 0 0 -1
    outer loop
      vertex 22 -24 8
      vertex 25 -21 8
      vertex 25 -24 8
    endloop
  endfacet
  facet normal -0 0 -1
    outer loop
      vertex 25 -21 8
      vertex 22 -24 8
      vertex 22 -21 8
    endloop
  endfacet
  facet normal 0 1 0
    outer loop
      vertex 25 -21 20
      vertex 22 -21 18
      vertex 22 -21 20
    endloop
  endfacet
  facet normal 0 1 -0
    outer loop
      vertex 25 -21 8
      vertex 22 -21 18
      vertex 25 -21 20
    endloop
  endfacet
  facet normal 0 1 0
    outer loop
      vertex 22 -21 18
      vertex 25 -21 8
      vertex 22 -21 8
    endloop
  endfacet
  facet normal 0 -1 0
    outer loop
      vertex 22 -24 15
      vertex 25 -24 20
      vertex 22 -24 20
    endloop
  endfacet
  facet normal 0 -1 0
    outer loop
      vertex 25 -24 8
      vertex 22 -24 15
      vertex 22 -24 8
    endloop
  endfacet
  facet normal 0 -1 0
    outer loop
      vertex 22 -24 15
      vertex 25 -24 8
      vertex 25 -24 20
    endloop
  endfacet
  facet normal -0 0 1
    outer loop
      vertex 37 12 20
      vertex 82 -12 20
      vertex 82 12 20
    endloop
  endfacet
  facet normal 0 0 1
    outer loop
      vertex 82 -12 20
      vertex 37 12 20
      vertex 37 -12 20
    endloop
  endfacet
  facet normal 0 0 -1
    outer loop
      vertex 37 -12 0
      vertex 82 12 0
      vertex 82 -12 0
    endloop
  endfacet
  facet normal -0 0 -1
    outer loop
      vertex 82 12 0
      vertex 37 -12 0
      vertex 37 12 0
    endloop
  endfacet
  facet normal 0 1 -0
    outer loop
      vertex 82 12 0
      vertex 37 12 20
      vertex 82 12 20
    endloop
  endfacet
  facet normal 0 1 0
    outer loop
      vertex 37 12 20
      vertex 82 12 0
      vertex 37 12 0
    endloop
  endfacet
  facet normal 0 -1 0
    outer loop
      vertex 37 -12 0
      vertex 82 -12 20
      vertex 37 -12 20
    endloop
  endfacet
  facet normal 0 -1 -0
    outer loop
      vertex 82 -12 20
      vertex 37 -12 0
      vertex 82 -12 0
    endloop
  endfacet
  facet normal 0 0.382684 -0.923879
    outer loop
      vertex 87 1.8541 -0.706339
      vertex 125 2.72394 -0.346039
      vertex 125 1.8541 -0.706339
    endloop
  endfacet
  facet normal 0 0.382684 -0.923879
    outer loop
      vertex 125 2.72394 -0.346039
      vertex 87 1.8541 -0.706339
      vertex 87 2.72394 -0.346039
    endloop
  endfacet
  facet normal 0 0.852639 -0.5225
    outer loop
      vertex 125 4.8541 1.47329
      vertex 87 5.34604 2.27606
      vertex 125 5.34604 2.27606
    endloop
  endfacet
  facet normal 0 0.852639 -0.5225
    outer loop
      vertex 87 5.34604 2.27606
      vertex 125 4.8541 1.47329
      vertex 87 4.8541 1.47329
    endloop
  endfacet
  facet normal -0 0.382684 0.923879
    outer loop
      vertex 87 2.72394 10.346
      vertex 125 1.8541 10.7063
      vertex 125 2.72394 10.346
    endloop
  endfacet
  facet normal 0 0.382684 0.923879
    outer loop
      vertex 125 1.8541 10.7063
      vertex 87 2.72394 10.346
      vertex 87 1.8541 10.7063
    endloop
  endfacet
  facet normal 0 -0.382684 0.923879
    outer loop
      vertex 87 -1.8541 10.7063
      vertex 125 -2.72394 10.346
      vertex 125 -1.8541 10.7063
    endloop
  endfacet
  facet normal 0 -0.382684 0.923879
    outer loop
      vertex 125 -2.72394 10.346
      vertex 87 -1.8541 10.7063
      vertex 87 -2.72394 10.346
    endloop
  endfacet
  facet normal 0 -0.852639 -0.5225
    outer loop
      vertex 87 -4.8541 1.47329
      vertex 125 -5.34604 2.27606
      vertex 87 -5.34604 2.27606
    endloop
  endfacet
  facet normal 0 -0.852639 -0.5225
    outer loop
      vertex 125 -5.34604 2.27606
      vertex 87 -4.8541 1.47329
      vertex 125 -4.8541 1.47329
    endloop
  endfacet
  facet normal 0 0.0784603 -0.996917
    outer loop
      vertex 87 0 -1
      vertex 125 0.938606 -0.926129
      vertex 125 0 -1
    endloop
  endfacet
  facet normal 0 0.0784603 -0.996917
    outer loop
      vertex 125 0.938606 -0.926129
      vertex 87 0 -1
      vertex 87 0.938606 -0.926129
    endloop
  endfacet
  facet normal 0 -0.923879 -0.382684
    outer loop
      vertex 87 -5.34604 2.27606
      vertex 125 -5.70634 3.1459
      vertex 87 -5.70634 3.1459
    endloop
  endfacet
  facet normal 0 -0.923879 -0.382684
    outer loop
      vertex 125 -5.70634 3.1459
      vertex 87 -5.34604 2.27606
      vertex 125 -5.34604 2.27606
    endloop
  endfacet
  facet normal 0 0.923879 0.382684
    outer loop
      vertex 125 5.70634 6.8541
      vertex 87 5.34604 7.72394
      vertex 125 5.34604 7.72394
    endloop
  endfacet
  facet normal 0 0.923879 0.382684
    outer loop
      vertex 87 5.34604 7.72394
      vertex 125 5.70634 6.8541
      vertex 87 5.70634 6.8541
    endloop
  endfacet
  facet normal 0 0.852639 0.5225
    outer loop
      vertex 125 5.34604 7.72394
      vertex 87 4.8541 8.52671
      vertex 125 4.8541 8.52671
    endloop
  endfacet
  facet normal 0 0.852639 0.5225
    outer loop
      vertex 87 4.8541 8.52671
      vertex 125 5.34604 7.72394
      vertex 87 5.34604 7.72394
    endloop
  endfacet
  facet normal 0 -0.0784603 -0.996917
    outer loop
      vertex 87 -0.938606 -0.926129
      vertex 125 0 -1
      vertex 125 -0.938606 -0.926129
    endloop
  endfacet
  facet normal -0 -0.0784603 -0.996917
    outer loop
      vertex 125 0 -1
      vertex 87 -0.938606 -0.926129
      vertex 87 0 -1
    endloop
  endfacet
  facet normal 0 -0.382684 -0.923879
    outer loop
      vertex 87 -2.72394 -0.346039
      vertex 125 -1.8541 -0.706339
      vertex 125 -2.72394 -0.346039
    endloop
  endfacet
  facet normal -0 -0.382684 -0.923879
    outer loop
      vertex 125 -1.8541 -0.706339
      vertex 87 -2.72394 -0.346039
      vertex 87 -1.8541 -0.706339
    endloop
  endfacet
  facet normal 0 0.996917 0.0784589
    outer loop
      vertex 125 6 5
      vertex 87 5.92613 5.93861
      vertex 125 5.92613 5.93861
    endloop
  endfacet
  facet normal 0 0.996917 0.0784589
    outer loop
      vertex 87 5.92613 5.93861
      vertex 125 6 5
      vertex 87 6 5
    endloop
  endfacet
  facet normal -0 0.649447 0.760407
    outer loop
      vertex 87 4.24264 9.24264
      vertex 125 3.52671 9.8541
      vertex 125 4.24264 9.24264
    endloop
  endfacet
  facet normal 0 0.649447 0.760407
    outer loop
      vertex 125 3.52671 9.8541
      vertex 87 4.24264 9.24264
      vertex 87 3.52671 9.8541
    endloop
  endfacet
  facet normal 0 0.97237 0.233446
    outer loop
      vertex 125 5.92613 5.93861
      vertex 87 5.70634 6.8541
      vertex 125 5.70634 6.8541
    endloop
  endfacet
  facet normal 0 0.97237 0.233446
    outer loop
      vertex 87 5.70634 6.8541
      vertex 125 5.92613 5.93861
      vertex 87 5.92613 5.93861
    endloop
  endfacet
  facet normal 0 0.233445 -0.97237
    outer loop
      vertex 87 0.938606 -0.926129
      vertex 125 1.8541 -0.706339
      vertex 125 0.938606 -0.926129
    endloop
  endfacet
  facet normal 0 0.233445 -0.97237
    outer loop
      vertex 125 1.8541 -0.706339
      vertex 87 0.938606 -0.926129
      vertex 87 1.8541 -0.706339
    endloop
  endfacet
  facet normal 0 0.760407 0.649447
    outer loop
      vertex 125 4.8541 8.52671
      vertex 87 4.24264 9.24264
      vertex 125 4.24264 9.24264
    endloop
  endfacet
  facet normal 0 0.760407 0.649447
    outer loop
      vertex 87 4.24264 9.24264
      vertex 125 4.8541 8.52671
      vertex 87 4.8541 8.52671
    endloop
  endfacet
  facet normal 0 -0.996917 -0.0784589
    outer loop
      vertex 87 -5.92613 4.06139
      vertex 125 -6 5
      vertex 87 -6 5
    endloop
  endfacet
  facet normal 0 -0.996917 -0.0784589
    outer loop
      vertex 125 -6 5
      vertex 87 -5.92613 4.06139
      vertex 125 -5.92613 4.06139
    endloop
  endfacet
  facet normal 0 -0.649447 -0.760406
    outer loop
      vertex 87 -4.24264 0.757359
      vertex 125 -3.52671 0.145898
      vertex 125 -4.24264 0.757359
    endloop
  endfacet
  facet normal -0 -0.649447 -0.760406
    outer loop
      vertex 125 -3.52671 0.145898
      vertex 87 -4.24264 0.757359
      vertex 87 -3.52671 0.145898
    endloop
  endfacet
  facet normal 0 0.522498 -0.852641
    outer loop
      vertex 87 2.72394 -0.346039
      vertex 125 3.52671 0.145898
      vertex 125 2.72394 -0.346039
    endloop
  endfacet
  facet normal 0 0.522498 -0.852641
    outer loop
      vertex 125 3.52671 0.145898
      vertex 87 2.72394 -0.346039
      vertex 87 3.52671 0.145898
    endloop
  endfacet
  facet normal 0 -0.760407 0.649447
    outer loop
      vertex 87 -4.8541 8.52671
      vertex 125 -4.24264 9.24264
      vertex 87 -4.24264 9.24264
    endloop
  endfacet
  facet normal 0 -0.760407 0.649447
    outer loop
      vertex 125 -4.24264 9.24264
      vertex 87 -4.8541 8.52671
      vertex 125 -4.8541 8.52671
    endloop
  endfacet
  facet normal 0 0.649447 -0.760406
    outer loop
      vertex 87 3.52671 0.145898
      vertex 125 4.24264 0.757359
      vertex 125 3.52671 0.145898
    endloop
  endfacet
  facet normal 0 0.649447 -0.760406
    outer loop
      vertex 125 4.24264 0.757359
      vertex 87 3.52671 0.145898
      vertex 87 4.24264 0.757359
    endloop
  endfacet
  facet normal -0 0.0784909 0.996915
    outer loop
      vertex 87 0.938606 10.9261
      vertex 125 0 11
      vertex 125 0.938606 10.9261
    endloop
  endfacet
  facet normal 0 0.0784909 0.996915
    outer loop
      vertex 125 0 11
      vertex 87 0.938606 10.9261
      vertex 87 0 11
    endloop
  endfacet
  facet normal 0 -0.233445 -0.97237
    outer loop
      vertex 87 -1.8541 -0.706339
      vertex 125 -0.938606 -0.926129
      vertex 125 -1.8541 -0.706339
    endloop
  endfacet
  facet normal -0 -0.233445 -0.97237
    outer loop
      vertex 125 -0.938606 -0.926129
      vertex 87 -1.8541 -0.706339
      vertex 87 -0.938606 -0.926129
    endloop
  endfacet
  facet normal 0 -0.852639 0.5225
    outer loop
      vertex 87 -5.34604 7.72394
      vertex 125 -4.8541 8.52671
      vertex 87 -4.8541 8.52671
    endloop
  endfacet
  facet normal 0 -0.852639 0.5225
    outer loop
      vertex 125 -4.8541 8.52671
      vertex 87 -5.34604 7.72394
      vertex 125 -5.34604 7.72394
    endloop
  endfacet
  facet normal 0 0.760407 -0.649446
    outer loop
      vertex 125 4.24264 0.757359
      vertex 87 4.8541 1.47329
      vertex 125 4.8541 1.47329
    endloop
  endfacet
  facet normal 0 0.760407 -0.649446
    outer loop
      vertex 87 4.8541 1.47329
      vertex 125 4.24264 0.757359
      vertex 87 4.24264 0.757359
    endloop
  endfacet
  facet normal 1 0 0
    outer loop
      vertex 125 5.92613 5.93861
      vertex 125 5.92613 4.06139
      vertex 125 6 5
    endloop
  endfacet
  facet normal 1 0 0
    outer loop
      vertex 125 5.70634 6.8541
      vertex 125 5.92613 4.06139
      vertex 125 5.92613 5.93861
    endloop
  endfacet
  facet normal 1 0 0
    outer loop
      vertex 125 5.70634 6.8541
      vertex 125 5.70634 3.1459
      vertex 125 5.92613 4.06139
    endloop
  endfacet
  facet normal 1 0 0
    outer loop
      vertex 125 5.34604 7.72394
      vertex 125 5.70634 3.1459
      vertex 125 5.70634 6.8541
    endloop
  endfacet
  facet normal 1 0 0
    outer loop
      vertex 125 5.34604 7.72394
      vertex 125 5.34604 2.27606
      vertex 125 5.70634 3.1459
    endloop
  endfacet
  facet normal 1 0 0
    outer loop
      vertex 125 4.8541 8.52671
      vertex 125 5.34604 2.27606
      vertex 125 5.34604 7.72394
    endloop
  endfacet
  facet normal 1 0 0
    outer loop
      vertex 125 4.8541 8.52671
      vertex 125 4.8541 1.47329
      vertex 125 5.34604 2.27606
    endloop
  endfacet
  facet normal 1 0 0
    outer loop
      vertex 125 4.24264 9.24264
      vertex 125 4.8541 1.47329
      vertex 125 4.8541 8.52671
    endloop
  endfacet
  facet normal 1 0 0
    outer loop
      vertex 125 4.24264 9.24264
      vertex 125 4.24264 0.757359
      vertex 125 4.8541 1.47329
    endloop
  endfacet
  facet normal 1 0 0
    outer loop
      vertex 125 3.52671 9.8541
      vertex 125 4.24264 0.757359
      vertex 125 4.24264 9.24264
    endloop
  endfacet
  facet normal 1 0 0
    outer loop
      vertex 125 3.52671 9.8541
      vertex 125 3.52671 0.145898
      vertex 125 4.24264 0.757359
    endloop
  endfacet
  facet normal 1 0 0
    outer loop
      vertex 125 2.72394 10.346
      vertex 125 3.52671 0.145898
      vertex 125 3.52671 9.8541
    endloop
  endfacet
  facet normal 1 0 0
    outer loop
      vertex 125 2.72394 10.346
      vertex 125 2.72394 -0.346039
      vertex 125 3.52671 0.145898
    endloop
  endfacet
  facet normal 1 0 0
    outer loop
      vertex 125 1.8541 10.7063
      vertex 125 2.72394 -0.346039
      vertex 125 2.72394 10.346
    endloop
  endfacet
  facet normal 1 0 0
    outer loop
      vertex 125 1.8541 10.7063
      vertex 125 1.8541 -0.706339
      vertex 125 2.72394 -0.346039
    endloop
  endfacet
  facet normal 1 0 0
    outer loop
      vertex 125 0.938606 10.9261
      vertex 125 1.8541 -0.706339
      vertex 125 1.8541 10.7063
    endloop
  endfacet
  facet normal 1 0 0
    outer loop
      vertex 125 0.938606 10.9261
      vertex 125 0.938606 -0.926129
      vertex 125 1.8541 -0.706339
    endloop
  endfacet
  facet normal 1 0 0
    outer loop
      vertex 125 0 11
      vertex 125 0.938606 -0.926129
      vertex 125 0.938606 10.9261
    endloop
  endfacet
  facet normal 1 0 0
    outer loop
      vertex 125 0 11
      vertex 125 0 -1
      vertex 125 0.938606 -0.926129
    endloop
  endfacet
  facet normal 1 -0 0
    outer loop
      vertex 125 -0.938606 10.9261
      vertex 125 0 -1
      vertex 125 0 11
    endloop
  endfacet
  facet normal 1 0 0
    outer loop
      vertex 125 -0.938606 10.9261
      vertex 125 -0.938606 -0.926129
      vertex 125 0 -1
    endloop
  endfacet
  facet normal 1 -0 0
    outer loop
      vertex 125 -1.8541 10.7063
      vertex 125 -0.938606 -0.926129
      vertex 125 -0.938606 10.9261
    endloop
  endfacet
  facet normal 1 0 0
    outer loop
      vertex 125 -1.8541 10.7063
      vertex 125 -1.8541 -0.706339
      vertex 125 -0.938606 -0.926129
    endloop
  endfacet
  facet normal 1 -0 0
    outer loop
      vertex 125 -2.72394 10.346
      vertex 125 -1.8541 -0.706339
      vertex 125 -1.8541 10.7063
    endloop
  endfacet
  facet normal 1 0 0
    outer loop
      vertex 125 -2.72394 10.346
      vertex 125 -2.72394 -0.346039
      vertex 125 -1.8541 -0.706339
    endloop
  endfacet
  facet normal 1 -0 0
    outer loop
      vertex 125 -3.52671 9.8541
      vertex 125 -2.72394 -0.346039
      vertex 125 -2.72394 10.346
    endloop
  endfacet
  facet normal 1 0 0
    outer loop
      vertex 125 -3.52671 9.8541
      vertex 125 -3.52671 0.145898
      vertex 125 -2.72394 -0.346039
    endloop
  endfacet
  facet normal 1 -0 0
    outer loop
      vertex 125 -4.24264 9.24264
      vertex 125 -3.52671 0.145898
      vertex 125 -3.52671 9.8541
    endloop
  endfacet
  facet normal 1 0 0
    outer loop
      vertex 125 -4.24264 9.24264
      vertex 125 -4.24264 0.757359
      vertex 125 -3.52671 0.145898
    endloop
  endfacet
  facet normal 1 -0 0
    outer loop
      vertex 125 -4.8541 8.52671
      vertex 125 -4.24264 0.757359
      vertex 125 -4.24264 9.24264
    endloop
  endfacet
  facet normal 1 0 0
    outer loop
      vertex 125 -4.8541 8.52671
      vertex 125 -4.8541 1.47329
      vertex 125 -4.24264 0.757359
    endloop
  endfacet
  facet normal 1 -0 0
    outer loop
      vertex 125 -5.34604 7.72394
      vertex 125 -4.8541 1.47329
      vertex 125 -4.8541 8.52671
    endloop
  endfacet
  facet normal 1 0 0
    outer loop
      vertex 125 -5.34604 7.72394
      vertex 125 -5.34604 2.27606
      vertex 125 -4.8541 1.47329
    endloop
  endfacet
  facet normal 1 -0 0
    outer loop
      vertex 125 -5.70634 6.8541
      vertex 125 -5.34604 2.27606
      vertex 125 -5.34604 7.72394
    endloop
  endfacet
  facet normal 1 0 0
    outer loop
      vertex 125 -5.70634 6.8541
      vertex 125 -5.70634 3.1459
      vertex 125 -5.34604 2.27606
    endloop
  endfacet
  facet normal 1 -0 0
    outer loop
      vertex 125 -5.92613 5.93861
      vertex 125 -5.70634 3.1459
      vertex 125 -5.70634 6.8541
    endloop
  endfacet
  facet normal 1 0 0
    outer loop
      vertex 125 -5.92613 5.93861
      vertex 125 -5.92613 4.06139
      vertex 125 -5.70634 3.1459
    endloop
  endfacet
  facet normal 1 0 -0
    outer loop
      vertex 125 -5.92613 4.06139
      vertex 125 -5.92613 5.93861
      vertex 125 -6 5
    endloop
  endfacet
  facet normal 0 -0.97237 -0.233446
    outer loop
      vertex 87 -5.70634 3.1459
      vertex 125 -5.92613 4.06139
      vertex 87 -5.92613 4.06139
    endloop
  endfacet
  facet normal 0 -0.97237 -0.233446
    outer loop
      vertex 125 -5.92613 4.06139
      vertex 87 -5.70634 3.1459
      vertex 125 -5.70634 3.1459
    endloop
  endfacet
  facet normal 0 -0.522498 -0.852641
    outer loop
      vertex 87 -3.52671 0.145898
      vertex 125 -2.72394 -0.346039
      vertex 125 -3.52671 0.145898
    endloop
  endfacet
  facet normal -0 -0.522498 -0.852641
    outer loop
      vertex 125 -2.72394 -0.346039
      vertex 87 -3.52671 0.145898
      vertex 87 -2.72394 -0.346039
    endloop
  endfacet
  facet normal 0 -0.97237 0.233446
    outer loop
      vertex 87 -5.92613 5.93861
      vertex 125 -5.70634 6.8541
      vertex 87 -5.70634 6.8541
    endloop
  endfacet
  facet normal 0 -0.97237 0.233446
    outer loop
      vertex 125 -5.70634 6.8541
      vertex 87 -5.92613 5.93861
      vertex 125 -5.92613 5.93861
    endloop
  endfacet
  facet normal 0 -0.522469 0.852658
    outer loop
      vertex 87 -2.72394 10.346
      vertex 125 -3.52671 9.8541
      vertex 125 -2.72394 10.346
    endloop
  endfacet
  facet normal 0 -0.522469 0.852658
    outer loop
      vertex 125 -3.52671 9.8541
      vertex 87 -2.72394 10.346
      vertex 87 -3.52671 9.8541
    endloop
  endfacet
  facet normal 0 -0.649447 0.760407
    outer loop
      vertex 87 -3.52671 9.8541
      vertex 125 -4.24264 9.24264
      vertex 125 -3.52671 9.8541
    endloop
  endfacet
  facet normal 0 -0.649447 0.760407
    outer loop
      vertex 125 -4.24264 9.24264
      vertex 87 -3.52671 9.8541
      vertex 87 -4.24264 9.24264
    endloop
  endfacet
  facet normal 0 -0.233455 0.972368
    outer loop
      vertex 87 -0.938606 10.9261
      vertex 125 -1.8541 10.7063
      vertex 125 -0.938606 10.9261
    endloop
  endfacet
  facet normal 0 -0.233455 0.972368
    outer loop
      vertex 125 -1.8541 10.7063
      vertex 87 -0.938606 10.9261
      vertex 87 -1.8541 10.7063
    endloop
  endfacet
  facet normal 0 -0.760407 -0.649446
    outer loop
      vertex 87 -4.24264 0.757359
      vertex 125 -4.8541 1.47329
      vertex 87 -4.8541 1.47329
    endloop
  endfacet
  facet normal 0 -0.760407 -0.649446
    outer loop
      vertex 125 -4.8541 1.47329
      vertex 87 -4.24264 0.757359
      vertex 125 -4.24264 0.757359
    endloop
  endfacet
  facet normal 0 0.996917 -0.0784589
    outer loop
      vertex 125 5.92613 4.06139
      vertex 87 6 5
      vertex 125 6 5
    endloop
  endfacet
  facet normal 0 0.996917 -0.0784589
    outer loop
      vertex 87 6 5
      vertex 125 5.92613 4.06139
      vertex 87 5.92613 4.06139
    endloop
  endfacet
  facet normal 0 0.97237 -0.233446
    outer loop
      vertex 125 5.70634 3.1459
      vertex 87 5.92613 4.06139
      vertex 125 5.92613 4.06139
    endloop
  endfacet
  facet normal 0 0.97237 -0.233446
    outer loop
      vertex 87 5.92613 4.06139
      vertex 125 5.70634 3.1459
      vertex 87 5.70634 3.1459
    endloop
  endfacet
  facet normal 0 -0.0784909 0.996915
    outer loop
      vertex 87 0 11
      vertex 125 -0.938606 10.9261
      vertex 125 0 11
    endloop
  endfacet
  facet normal 0 -0.0784909 0.996915
    outer loop
      vertex 125 -0.938606 10.9261
      vertex 87 0 11
      vertex 87 -0.938606 10.9261
    endloop
  endfacet
  facet normal 0 0.923879 -0.382684
    outer loop
      vertex 125 5.34604 2.27606
      vertex 87 5.70634 3.1459
      vertex 125 5.70634 3.1459
    endloop
  endfacet
  facet normal 0 0.923879 -0.382684
    outer loop
      vertex 87 5.70634 3.1459
      vertex 125 5.34604 2.27606
      vertex 87 5.34604 2.27606
    endloop
  endfacet
  facet normal -0 0.522469 0.852658
    outer loop
      vertex 87 3.52671 9.8541
      vertex 125 2.72394 10.346
      vertex 125 3.52671 9.8541
    endloop
  endfacet
  facet normal 0 0.522469 0.852658
    outer loop
      vertex 125 2.72394 10.346
      vertex 87 3.52671 9.8541
      vertex 87 2.72394 10.346
    endloop
  endfacet
  facet normal 0 -0.923879 0.382684
    outer loop
      vertex 87 -5.70634 6.8541
      vertex 125 -5.34604 7.72394
      vertex 87 -5.34604 7.72394
    endloop
  endfacet
  facet normal 0 -0.923879 0.382684
    outer loop
      vertex 125 -5.34604 7.72394
      vertex 87 -5.70634 6.8541
      vertex 125 -5.70634 6.8541
    endloop
  endfacet
  facet normal -0 0.233455 0.972368
    outer loop
      vertex 87 1.8541 10.7063
      vertex 125 0.938606 10.9261
      vertex 125 1.8541 10.7063
    endloop
  endfacet
  facet normal 0 0.233455 0.972368
    outer loop
      vertex 125 0.938606 10.9261
      vertex 87 1.8541 10.7063
      vertex 87 0.938606 10.9261
    endloop
  endfacet
  facet normal 0 -0.996917 0.0784589
    outer loop
      vertex 87 -6 5
      vertex 125 -5.92613 5.93861
      vertex 87 -5.92613 5.93861
    endloop
  endfacet
  facet normal 0 -0.996917 0.0784589
    outer loop
      vertex 125 -5.92613 5.93861
      vertex 87 -6 5
      vertex 125 -6 5
    endloop
  endfacet
  facet normal -0.233527 0 0.97235
    outer loop
      vertex 27.2275 -14 12.3776
      vertex 27.6089 -66 12.4692
      vertex 27.6089 -14 12.4692
    endloop
  endfacet
  facet normal -0.233527 0 0.97235
    outer loop
      vertex 27.6089 -66 12.4692
      vertex 27.2275 -14 12.3776
      vertex 27.2275 -66 12.3776
    endloop
  endfacet
  facet normal -0.0785092 0 0.996913
    outer loop
      vertex 27.6089 -14 12.4692
      vertex 28 -66 12.5
      vertex 28 -14 12.5
    endloop
  endfacet
  facet normal -0.0785092 0 0.996913
    outer loop
      vertex 28 -66 12.5
      vertex 27.6089 -14 12.4692
      vertex 27.6089 -66 12.4692
    endloop
  endfacet
  facet normal -0.97235 0 0.233527
    outer loop
      vertex 25.5308 -66 10.3911
      vertex 25.6224 -14 10.7725
      vertex 25.5308 -14 10.3911
    endloop
  endfacet
  facet normal -0.97235 0 0.233527
    outer loop
      vertex 25.6224 -14 10.7725
      vertex 25.5308 -66 10.3911
      vertex 25.6224 -66 10.7725
    endloop
  endfacet
  facet normal 0.996913 -0 0.0785092
    outer loop
      vertex 30.4692 -66 10.3911
      vertex 30.5 -14 10
      vertex 30.4692 -14 10.3911
    endloop
  endfacet
  facet normal 0.996913 0 0.0785092
    outer loop
      vertex 30.5 -14 10
      vertex 30.4692 -66 10.3911
      vertex 30.5 -66 10
    endloop
  endfacet
  facet normal -0.972357 0 -0.233498
    outer loop
      vertex 25.6224 -66 9.22746
      vertex 25.5308 -14 9.60891
      vertex 25.6224 -14 9.22746
    endloop
  endfacet
  facet normal -0.972357 -0 -0.233498
    outer loop
      vertex 25.5308 -14 9.60891
      vertex 25.6224 -66 9.22746
      vertex 25.5308 -66 9.60891
    endloop
  endfacet
  facet normal -0.382569 0 0.923927
    outer loop
      vertex 26.865 -14 12.2275
      vertex 27.2275 -66 12.3776
      vertex 27.2275 -14 12.3776
    endloop
  endfacet
  facet normal -0.382569 0 0.923927
    outer loop
      vertex 27.2275 -66 12.3776
      vertex 26.865 -14 12.2275
      vertex 26.865 -66 12.2275
    endloop
  endfacet
  facet normal 0.923904 0 -0.382623
    outer loop
      vertex 30.3776 -66 9.22746
      vertex 30.2275 -14 8.86502
      vertex 30.3776 -14 9.22746
    endloop
  endfacet
  facet normal 0.923904 0 -0.382623
    outer loop
      vertex 30.2275 -14 8.86502
      vertex 30.3776 -66 9.22746
      vertex 30.2275 -66 8.86502
    endloop
  endfacet
  facet normal -0.382613 0 -0.923909
    outer loop
      vertex 26.865 -66 7.77248
      vertex 27.2275 -14 7.62236
      vertex 27.2275 -66 7.62236
    endloop
  endfacet
  facet normal -0.382613 0 -0.923909
    outer loop
      vertex 27.2275 -14 7.62236
      vertex 26.865 -66 7.77248
      vertex 26.865 -14 7.77248
    endloop
  endfacet
  facet normal -0.85262 0 0.522532
    outer loop
      vertex 25.7725 -66 11.135
      vertex 25.9775 -14 11.4695
      vertex 25.7725 -14 11.135
    endloop
  endfacet
  facet normal -0.85262 0 0.522532
    outer loop
      vertex 25.9775 -14 11.4695
      vertex 25.7725 -66 11.135
      vertex 25.9775 -66 11.4695
    endloop
  endfacet
  facet normal 0.923927 -0 0.382569
    outer loop
      vertex 30.2275 -66 11.135
      vertex 30.3776 -14 10.7725
      vertex 30.2275 -14 11.135
    endloop
  endfacet
  facet normal 0.923927 0 0.382569
    outer loop
      vertex 30.3776 -14 10.7725
      vertex 30.2275 -66 11.135
      vertex 30.3776 -66 10.7725
    endloop
  endfacet
  facet normal 0 -1 0
    outer loop
      vertex 27.6089 -66 12.4692
      vertex 28.3911 -66 12.4692
      vertex 28 -66 12.5
    endloop
  endfacet
  facet normal 0 -1 0
    outer loop
      vertex 27.2275 -66 12.3776
      vertex 28.3911 -66 12.4692
      vertex 27.6089 -66 12.4692
    endloop
  endfacet
  facet normal 0 -1 0
    outer loop
      vertex 27.2275 -66 12.3776
      vertex 28.7725 -66 12.3776
      vertex 28.3911 -66 12.4692
    endloop
  endfacet
  facet normal 0 -1 0
    outer loop
      vertex 26.865 -66 12.2275
      vertex 28.7725 -66 12.3776
      vertex 27.2275 -66 12.3776
    endloop
  endfacet
  facet normal 0 -1 0
    outer loop
      vertex 26.865 -66 12.2275
      vertex 29.135 -66 12.2275
      vertex 28.7725 -66 12.3776
    endloop
  endfacet
  facet normal 0 -1 0
    outer loop
      vertex 26.5305 -66 12.0225
      vertex 29.135 -66 12.2275
      vertex 26.865 -66 12.2275
    endloop
  endfacet
  facet normal 0 -1 0
    outer loop
      vertex 26.5305 -66 12.0225
      vertex 29.4695 -66 12.0225
      vertex 29.135 -66 12.2275
    endloop
  endfacet
  facet normal 0 -1 0
    outer loop
      vertex 26.2322 -66 11.7678
      vertex 29.4695 -66 12.0225
      vertex 26.5305 -66 12.0225
    endloop
  endfacet
  facet normal 0 -1 0
    outer loop
      vertex 26.2322 -66 11.7678
      vertex 29.7678 -66 11.7678
      vertex 29.4695 -66 12.0225
    endloop
  endfacet
  facet normal 0 -1 0
    outer loop
      vertex 25.9775 -66 11.4695
      vertex 29.7678 -66 11.7678
      vertex 26.2322 -66 11.7678
    endloop
  endfacet
  facet normal 0 -1 0
    outer loop
      vertex 25.9775 -66 11.4695
      vertex 30.0225 -66 11.4695
      vertex 29.7678 -66 11.7678
    endloop
  endfacet
  facet normal 0 -1 0
    outer loop
      vertex 25.7725 -66 11.135
      vertex 30.0225 -66 11.4695
      vertex 25.9775 -66 11.4695
    endloop
  endfacet
  facet normal 0 -1 0
    outer loop
      vertex 25.7725 -66 11.135
      vertex 30.2275 -66 11.135
      vertex 30.0225 -66 11.4695
    endloop
  endfacet
  facet normal 0 -1 0
    outer loop
      vertex 25.6224 -66 10.7725
      vertex 30.2275 -66 11.135
      vertex 25.7725 -66 11.135
    endloop
  endfacet
  facet normal 0 -1 0
    outer loop
      vertex 25.6224 -66 10.7725
      vertex 30.3776 -66 10.7725
      vertex 30.2275 -66 11.135
    endloop
  endfacet
  facet normal 0 -1 0
    outer loop
      vertex 25.5308 -66 10.3911
      vertex 30.3776 -66 10.7725
      vertex 25.6224 -66 10.7725
    endloop
  endfacet
  facet normal 0 -1 0
    outer loop
      vertex 25.5308 -66 10.3911
      vertex 30.4692 -66 10.3911
      vertex 30.3776 -66 10.7725
    endloop
  endfacet
  facet normal 0 -1 0
    outer loop
      vertex 25.5 -66 10
      vertex 30.4692 -66 10.3911
      vertex 25.5308 -66 10.3911
    endloop
  endfacet
  facet normal 0 -1 0
    outer loop
      vertex 25.5 -66 10
      vertex 30.5 -66 10
      vertex 30.4692 -66 10.3911
    endloop
  endfacet
  facet normal 0 -1 0
    outer loop
      vertex 25.5308 -66 9.60891
      vertex 30.5 -66 10
      vertex 25.5 -66 10
    endloop
  endfacet
  facet normal 0 -1 0
    outer loop
      vertex 25.5308 -66 9.60891
      vertex 30.4692 -66 9.60891
      vertex 30.5 -66 10
    endloop
  endfacet
  facet normal 0 -1 0
    outer loop
      vertex 25.6224 -66 9.22746
      vertex 30.4692 -66 9.60891
      vertex 25.5308 -66 9.60891
    endloop
  endfacet
  facet normal 0 -1 0
    outer loop
      vertex 25.6224 -66 9.22746
      vertex 30.3776 -66 9.22746
      vertex 30.4692 -66 9.60891
    endloop
  endfacet
  facet normal 0 -1 0
    outer loop
      vertex 25.7725 -66 8.86502
      vertex 30.3776 -66 9.22746
      vertex 25.6224 -66 9.22746
    endloop
  endfacet
  facet normal 0 -1 0
    outer loop
      vertex 25.7725 -66 8.86502
      vertex 30.2275 -66 8.86502
      vertex 30.3776 -66 9.22746
    endloop
  endfacet
  facet normal 0 -1 0
    outer loop
      vertex 25.9775 -66 8.53054
      vertex 30.2275 -66 8.86502
      vertex 25.7725 -66 8.86502
    endloop
  endfacet
  facet normal 0 -1 0
    outer loop
      vertex 25.9775 -66 8.53054
      vertex 30.0225 -66 8.53054
      vertex 30.2275 -66 8.86502
    endloop
  endfacet
  facet normal 0 -1 0
    outer loop
      vertex 26.2322 -66 8.23223
      vertex 30.0225 -66 8.53054
      vertex 25.9775 -66 8.53054
    endloop
  endfacet
  facet normal 0 -1 0
    outer loop
      vertex 26.2322 -66 8.23223
      vertex 29.7678 -66 8.23223
      vertex 30.0225 -66 8.53054
    endloop
  endfacet
  facet normal 0 -1 0
    outer loop
      vertex 26.5305 -66 7.97746
      vertex 29.7678 -66 8.23223
      vertex 26.2322 -66 8.23223
    endloop
  endfacet
  facet normal 0 -1 0
    outer loop
      vertex 26.5305 -66 7.97746
      vertex 29.4695 -66 7.97746
      vertex 29.7678 -66 8.23223
    endloop
  endfacet
  facet normal 0 -1 0
    outer loop
      vertex 26.865 -66 7.77248
      vertex 29.4695 -66 7.97746
      vertex 26.5305 -66 7.97746
    endloop
  endfacet
  facet normal 0 -1 0
    outer loop
      vertex 26.865 -66 7.77248
      vertex 29.135 -66 7.77248
      vertex 29.4695 -66 7.97746
    endloop
  endfacet
  facet normal 0 -1 0
    outer loop
      vertex 27.2275 -66 7.62236
      vertex 29.135 -66 7.77248
      vertex 26.865 -66 7.77248
    endloop
  endfacet
  facet normal 0 -1 0
    outer loop
      vertex 27.2275 -66 7.62236
      vertex 28.7725 -66 7.62236
      vertex 29.135 -66 7.77248
    endloop
  endfacet
  facet normal 0 -1 0
    outer loop
      vertex 27.6089 -66 7.53078
      vertex 28.7725 -66 7.62236
      vertex 27.2275 -66 7.62236
    endloop
  endfacet
  facet normal 0 -1 0
    outer loop
      vertex 27.6089 -66 7.53078
      vertex 28.3911 -66 7.53078
      vertex 28.7725 -66 7.62236
    endloop
  endfacet
  facet normal -0 -1 0
    outer loop
      vertex 28.3911 -66 7.53078
      vertex 27.6089 -66 7.53078
      vertex 28 -66 7.5
    endloop
  endfacet
  facet normal -0.760508 0 -0.649329
    outer loop
      vertex 26.2322 -66 8.23223
      vertex 25.9775 -14 8.53054
      vertex 26.2322 -14 8.23223
    endloop
  endfacet
  facet normal -0.760508 -0 -0.649329
    outer loop
      vertex 25.9775 -14 8.53054
      vertex 26.2322 -66 8.23223
      vertex 25.9775 -66 8.53054
    endloop
  endfacet
  facet normal 0.522532 0 0.85262
    outer loop
      vertex 29.135 -14 12.2275
      vertex 29.4695 -66 12.0225
      vertex 29.4695 -14 12.0225
    endloop
  endfacet
  facet normal 0.522532 0 0.85262
    outer loop
      vertex 29.4695 -66 12.0225
      vertex 29.135 -14 12.2275
      vertex 29.135 -66 12.2275
    endloop
  endfacet
  facet normal -0.522532 0 0.85262
    outer loop
      vertex 26.5305 -14 12.0225
      vertex 26.865 -66 12.2275
      vertex 26.865 -14 12.2275
    endloop
  endfacet
  facet normal -0.522532 0 0.85262
    outer loop
      vertex 26.865 -66 12.2275
      vertex 26.5305 -14 12.0225
      vertex 26.5305 -66 12.0225
    endloop
  endfacet
  facet normal -0.996913 0 0.0785092
    outer loop
      vertex 25.5 -66 10
      vertex 25.5308 -14 10.3911
      vertex 25.5 -14 10
    endloop
  endfacet
  facet normal -0.996913 0 0.0785092
    outer loop
      vertex 25.5308 -14 10.3911
      vertex 25.5 -66 10
      vertex 25.5308 -66 10.3911
    endloop
  endfacet
  facet normal -0.923927 0 0.382569
    outer loop
      vertex 25.6224 -66 10.7725
      vertex 25.7725 -14 11.135
      vertex 25.6224 -14 10.7725
    endloop
  endfacet
  facet normal -0.923927 0 0.382569
    outer loop
      vertex 25.7725 -14 11.135
      vertex 25.6224 -66 10.7725
      vertex 25.7725 -66 11.135
    endloop
  endfacet
  facet normal 0.97235 -0 0.233527
    outer loop
      vertex 30.3776 -66 10.7725
      vertex 30.4692 -14 10.3911
      vertex 30.3776 -14 10.7725
    endloop
  endfacet
  facet normal 0.97235 0 0.233527
    outer loop
      vertex 30.4692 -14 10.3911
      vertex 30.3776 -66 10.7725
      vertex 30.4692 -66 10.3911
    endloop
  endfacet
  facet normal 0.649445 0 -0.760409
    outer loop
      vertex 29.4695 -66 7.97746
      vertex 29.7678 -14 8.23223
      vertex 29.7678 -66 8.23223
    endloop
  endfacet
  facet normal 0.649445 0 -0.760409
    outer loop
      vertex 29.7678 -14 8.23223
      vertex 29.4695 -66 7.97746
      vertex 29.4695 -14 7.97746
    endloop
  endfacet
  facet normal -0.649445 0 -0.760409
    outer loop
      vertex 26.2322 -66 8.23223
      vertex 26.5305 -14 7.97746
      vertex 26.5305 -66 7.97746
    endloop
  endfacet
  facet normal -0.649445 0 -0.760409
    outer loop
      vertex 26.5305 -14 7.97746
      vertex 26.2322 -66 8.23223
      vertex 26.2322 -14 8.23223
    endloop
  endfacet
  facet normal 0.0785092 0 0.996913
    outer loop
      vertex 28 -14 12.5
      vertex 28.3911 -66 12.4692
      vertex 28.3911 -14 12.4692
    endloop
  endfacet
  facet normal 0.0785092 0 0.996913
    outer loop
      vertex 28.3911 -66 12.4692
      vertex 28 -14 12.5
      vertex 28 -66 12.5
    endloop
  endfacet
  facet normal 0.382569 0 0.923927
    outer loop
      vertex 28.7725 -14 12.3776
      vertex 29.135 -66 12.2275
      vertex 29.135 -14 12.2275
    endloop
  endfacet
  facet normal 0.382569 0 0.923927
    outer loop
      vertex 29.135 -66 12.2275
      vertex 28.7725 -14 12.3776
      vertex 28.7725 -66 12.3776
    endloop
  endfacet
  facet normal -0.760497 0 0.649342
    outer loop
      vertex 25.9775 -66 11.4695
      vertex 26.2322 -14 11.7678
      vertex 25.9775 -14 11.4695
    endloop
  endfacet
  facet normal -0.760497 0 0.649342
    outer loop
      vertex 26.2322 -14 11.7678
      vertex 25.9775 -66 11.4695
      vertex 26.2322 -66 11.7678
    endloop
  endfacet
  facet normal 0.233527 0 0.97235
    outer loop
      vertex 28.3911 -14 12.4692
      vertex 28.7725 -66 12.3776
      vertex 28.7725 -14 12.3776
    endloop
  endfacet
  facet normal 0.233527 0 0.97235
    outer loop
      vertex 28.7725 -66 12.3776
      vertex 28.3911 -14 12.4692
      vertex 28.3911 -66 12.4692
    endloop
  endfacet
  facet normal 0.0784585 0 -0.996917
    outer loop
      vertex 28 -66 7.5
      vertex 28.3911 -14 7.53078
      vertex 28.3911 -66 7.53078
    endloop
  endfacet
  facet normal 0.0784585 0 -0.996917
    outer loop
      vertex 28.3911 -14 7.53078
      vertex 28 -66 7.5
      vertex 28 -14 7.5
    endloop
  endfacet
  facet normal 0.972357 0 -0.233498
    outer loop
      vertex 30.4692 -66 9.60891
      vertex 30.3776 -14 9.22746
      vertex 30.4692 -14 9.60891
    endloop
  endfacet
  facet normal 0.972357 0 -0.233498
    outer loop
      vertex 30.3776 -14 9.22746
      vertex 30.4692 -66 9.60891
      vertex 30.3776 -66 9.22746
    endloop
  endfacet
  facet normal -0.923904 0 -0.382623
    outer loop
      vertex 25.7725 -66 8.86502
      vertex 25.6224 -14 9.22746
      vertex 25.7725 -14 8.86502
    endloop
  endfacet
  facet normal -0.923904 -0 -0.382623
    outer loop
      vertex 25.6224 -14 9.22746
      vertex 25.7725 -66 8.86502
      vertex 25.6224 -66 9.22746
    endloop
  endfacet
  facet normal -0.649342 0 0.760497
    outer loop
      vertex 26.2322 -14 11.7678
      vertex 26.5305 -66 12.0225
      vertex 26.5305 -14 12.0225
    endloop
  endfacet
  facet normal -0.649342 0 0.760497
    outer loop
      vertex 26.5305 -66 12.0225
      vertex 26.2322 -14 11.7678
      vertex 26.2322 -66 11.7678
    endloop
  endfacet
  facet normal 0.852606 0 -0.522555
    outer loop
      vertex 30.2275 -66 8.86502
      vertex 30.0225 -14 8.53054
      vertex 30.2275 -14 8.86502
    endloop
  endfacet
  facet normal 0.852606 0 -0.522555
    outer loop
      vertex 30.0225 -14 8.53054
      vertex 30.2275 -66 8.86502
      vertex 30.0225 -66 8.53054
    endloop
  endfacet
  facet normal 0.996913 0 -0.0785112
    outer loop
      vertex 30.5 -66 10
      vertex 30.4692 -14 9.60891
      vertex 30.5 -14 10
    endloop
  endfacet
  facet normal 0.996913 0 -0.0785112
    outer loop
      vertex 30.4692 -14 9.60891
      vertex 30.5 -66 10
      vertex 30.4692 -66 9.60891
    endloop
  endfacet
  facet normal -0.233479 0 -0.972362
    outer loop
      vertex 27.2275 -66 7.62236
      vertex 27.6089 -14 7.53078
      vertex 27.6089 -66 7.53078
    endloop
  endfacet
  facet normal -0.233479 0 -0.972362
    outer loop
      vertex 27.6089 -14 7.53078
      vertex 27.2275 -66 7.62236
      vertex 27.2275 -14 7.62236
    endloop
  endfacet
  facet normal 0.233479 0 -0.972362
    outer loop
      vertex 28.3911 -66 7.53078
      vertex 28.7725 -14 7.62236
      vertex 28.7725 -66 7.62236
    endloop
  endfacet
  facet normal 0.233479 0 -0.972362
    outer loop
      vertex 28.7725 -14 7.62236
      vertex 28.3911 -66 7.53078
      vertex 28.3911 -14 7.53078
    endloop
  endfacet
  facet normal 0.760497 -0 0.649342
    outer loop
      vertex 29.7678 -66 11.7678
      vertex 30.0225 -14 11.4695
      vertex 29.7678 -14 11.7678
    endloop
  endfacet
  facet normal 0.760497 0 0.649342
    outer loop
      vertex 30.0225 -14 11.4695
      vertex 29.7678 -66 11.7678
      vertex 30.0225 -66 11.4695
    endloop
  endfacet
  facet normal -0.996913 0 -0.0785112
    outer loop
      vertex 25.5308 -66 9.60891
      vertex 25.5 -14 10
      vertex 25.5308 -14 9.60891
    endloop
  endfacet
  facet normal -0.996913 -0 -0.0785112
    outer loop
      vertex 25.5 -14 10
      vertex 25.5308 -66 9.60891
      vertex 25.5 -66 10
    endloop
  endfacet
  facet normal -0.852606 0 -0.522555
    outer loop
      vertex 25.9775 -66 8.53054
      vertex 25.7725 -14 8.86502
      vertex 25.9775 -14 8.53054
    endloop
  endfacet
  facet normal -0.852606 -0 -0.522555
    outer loop
      vertex 25.7725 -14 8.86502
      vertex 25.9775 -66 8.53054
      vertex 25.7725 -66 8.86502
    endloop
  endfacet
  facet normal 0.382613 0 -0.923909
    outer loop
      vertex 28.7725 -66 7.62236
      vertex 29.135 -14 7.77248
      vertex 29.135 -66 7.77248
    endloop
  endfacet
  facet normal 0.382613 0 -0.923909
    outer loop
      vertex 29.135 -14 7.77248
      vertex 28.7725 -66 7.62236
      vertex 28.7725 -14 7.62236
    endloop
  endfacet
  facet normal 0.85262 -0 0.522532
    outer loop
      vertex 30.0225 -66 11.4695
      vertex 30.2275 -14 11.135
      vertex 30.0225 -14 11.4695
    endloop
  endfacet
  facet normal 0.85262 0 0.522532
    outer loop
      vertex 30.2275 -14 11.135
      vertex 30.0225 -66 11.4695
      vertex 30.2275 -66 11.135
    endloop
  endfacet
  facet normal 0.649342 0 0.760497
    outer loop
      vertex 29.4695 -14 12.0225
      vertex 29.7678 -66 11.7678
      vertex 29.7678 -14 11.7678
    endloop
  endfacet
  facet normal 0.649342 0 0.760497
    outer loop
      vertex 29.7678 -66 11.7678
      vertex 29.4695 -14 12.0225
      vertex 29.4695 -66 12.0225
    endloop
  endfacet
  facet normal 0.522495 0 -0.852642
    outer loop
      vertex 29.135 -66 7.77248
      vertex 29.4695 -14 7.97746
      vertex 29.4695 -66 7.97746
    endloop
  endfacet
  facet normal 0.522495 0 -0.852642
    outer loop
      vertex 29.4695 -14 7.97746
      vertex 29.135 -66 7.77248
      vertex 29.135 -14 7.77248
    endloop
  endfacet
  facet normal 0.760508 0 -0.649329
    outer loop
      vertex 30.0225 -66 8.53054
      vertex 29.7678 -14 8.23223
      vertex 30.0225 -14 8.53054
    endloop
  endfacet
  facet normal 0.760508 0 -0.649329
    outer loop
      vertex 29.7678 -14 8.23223
      vertex 30.0225 -66 8.53054
      vertex 29.7678 -66 8.23223
    endloop
  endfacet
  facet normal -0.0784585 0 -0.996917
    outer loop
      vertex 27.6089 -66 7.53078
      vertex 28 -14 7.5
      vertex 28 -66 7.5
    endloop
  endfacet
  facet normal -0.0784585 0 -0.996917
    outer loop
      vertex 28 -14 7.5
      vertex 27.6089 -66 7.53078
      vertex 27.6089 -14 7.53078
    endloop
  endfacet
  facet normal -0.522495 0 -0.852642
    outer loop
      vertex 26.5305 -66 7.97746
      vertex 26.865 -14 7.77248
      vertex 26.865 -66 7.77248
    endloop
  endfacet
  facet normal -0.522495 0 -0.852642
    outer loop
      vertex 26.865 -14 7.77248
      vertex 26.5305 -66 7.97746
      vertex 26.5305 -14 7.97746
    endloop
  endfacet
  facet normal -0.522451 0.852669 0
    outer loop
      vertex 2.73005 -23.545 36
      vertex 2.06107 -23.9549 20.9965
      vertex 2.06107 -23.9549 36
    endloop
  endfacet
  facet normal -0.522451 0.852669 0
    outer loop
      vertex 2.06107 -23.9549 20.9965
      vertex 2.73005 -23.545 36
      vertex 2.73005 -23.545 20.9642
    endloop
  endfacet
  facet normal 0.972369 0.23345 0
    outer loop
      vertex 9.93844 -27.2178 36
      vertex 9.75528 -26.4549 19.7179
      vertex 9.75528 -26.4549 36
    endloop
  endfacet
  facet normal 0.972371 0.233441 -4.45659e-07
    outer loop
      vertex 9.75528 -26.4549 19.7179
      vertex 9.93844 -27.2178 36
      vertex 9.80764 -26.673 19.362
    endloop
  endfacet
  facet normal 0.972384 0.233388 -2.27233e-06
    outer loop
      vertex 9.80764 -26.673 19.362
      vertex 9.93844 -27.2178 36
      vertex 9.85089 -26.8532 18.9271
    endloop
  endfacet
  facet normal 0.972359 0.233489 -0
    outer loop
      vertex 9.93844 -27.2178 18
      vertex 9.85089 -26.8532 18.9271
      vertex 9.93844 -27.2178 36
    endloop
  endfacet
  facet normal 0.97236 0.233487 7.32721e-07
    outer loop
      vertex 9.85089 -26.8532 18.9271
      vertex 9.93844 -27.2178 18
      vertex 9.87728 -26.9631 18.4693
    endloop
  endfacet
  facet normal 0.972369 0.233449 2.26888e-05
    outer loop
      vertex 9.87728 -26.9631 18.4693
      vertex 9.93844 -27.2178 18
      vertex 9.88615 -27 18
    endloop
  endfacet
  facet normal 0.996917 0.0784585 0
    outer loop
      vertex 10 -28 36
      vertex 9.93844 -27.2178 18
      vertex 9.93844 -27.2178 36
    endloop
  endfacet
  facet normal 0.996917 0.0784585 0
    outer loop
      vertex 9.93844 -27.2178 18
      vertex 10 -28 36
      vertex 10 -28 18
    endloop
  endfacet
  facet normal -0.972369 -0.233449 0
    outer loop
      vertex 0.244717 -29.5451 18
      vertex 0.0615578 -28.7822 36
      vertex 0.0615578 -28.7822 18
    endloop
  endfacet
  facet normal -0.972369 -0.233449 0
    outer loop
      vertex 0.0615578 -28.7822 36
      vertex 0.244717 -29.5451 18
      vertex 0.244717 -29.5451 36
    endloop
  endfacet
  facet normal -0.923886 -0.382669 0
    outer loop
      vertex 0.544967 -30.27 18
      vertex 0.244717 -29.5451 36
      vertex 0.244717 -29.5451 18
    endloop
  endfacet
  facet normal -0.923886 -0.382669 0
    outer loop
      vertex 0.244717 -29.5451 36
      vertex 0.544967 -30.27 18
      vertex 0.544967 -30.27 36
    endloop
  endfacet
  facet normal 0.233375 -0.972387 0
    outer loop
      vertex 5.78217 -32.9384 18
      vertex 6.54508 -32.7553 36
      vertex 5.78217 -32.9384 36
    endloop
  endfacet
  facet normal 0.233375 -0.972387 0
    outer loop
      vertex 6.54508 -32.7553 36
      vertex 5.78217 -32.9384 18
      vertex 6.54508 -32.7553 18
    endloop
  endfacet
  facet normal -0.233372 0.972388 0
    outer loop
      vertex 4.21783 -23.0616 36
      vertex 3.45491 -23.2447 20.8944
      vertex 3.45491 -23.2447 36
    endloop
  endfacet
  facet normal -0.233485 0.97236 6.01939e-06
    outer loop
      vertex 4.21783 -23.0616 36
      vertex 4.17038 -23.0729 20.8532
      vertex 3.45491 -23.2447 20.8944
    endloop
  endfacet
  facet normal -0.231667 0.972795 0
    outer loop
      vertex 4.17038 -23.0729 20.8532
      vertex 4.21783 -23.0616 36
      vertex 4.21783 -23.0616 20.8485
    endloop
  endfacet
  facet normal -0.972368 0.233453 1.80903e-07
    outer loop
      vertex 0.0615578 -27.2178 36
      vertex 0.244717 -26.4549 19.7179
      vertex 0.192354 -26.673 19.362
    endloop
  endfacet
  facet normal -0.972384 0.233388 -2.06651e-06
    outer loop
      vertex 0.0615578 -27.2178 36
      vertex 0.192354 -26.673 19.362
      vertex 0.149104 -26.8532 18.9271
    endloop
  endfacet
  facet normal -0.972344 0.233554 -3.11862e-05
    outer loop
      vertex 0.0615578 -27.2178 18
      vertex 0.149104 -26.8532 18.9271
      vertex 0.122721 -26.9631 18.4693
    endloop
  endfacet
  facet normal -0.972364 0.233471 1.67194e-05
    outer loop
      vertex 0.0615578 -27.2178 18
      vertex 0.122721 -26.9631 18.4693
      vertex 0.113853 -27 18
    endloop
  endfacet
  facet normal -0.972362 0.233479 0
    outer loop
      vertex 0.149104 -26.8532 18.9271
      vertex 0.0615578 -27.2178 18
      vertex 0.0615578 -27.2178 36
    endloop
  endfacet
  facet normal -0.972369 0.233449 0
    outer loop
      vertex 0.244717 -26.4549 19.7179
      vertex 0.0615578 -27.2178 36
      vertex 0.244717 -26.4549 36
    endloop
  endfacet
  facet normal 0.760403 0.649452 0
    outer loop
      vertex 9.04508 -25.0611 36
      vertex 8.53553 -24.4645 20.9634
      vertex 8.53553 -24.4645 36
    endloop
  endfacet
  facet normal 0.757256 0.653118 0.000252061
    outer loop
      vertex 8.53553 -24.4645 20.9634
      vertex 9.04508 -25.0611 36
      vertex 8.53967 -24.4693 20.9631
    endloop
  endfacet
  facet normal 0.760445 0.649402 -1.3666e-06
    outer loop
      vertex 8.53967 -24.4693 20.9631
      vertex 9.04508 -25.0611 36
      vertex 8.93062 -24.9271 20.8532
    endloop
  endfacet
  facet normal 0.760369 0.649491 0
    outer loop
      vertex 8.93062 -24.9271 20.8532
      vertex 9.04508 -25.0611 36
      vertex 9.04508 -25.0611 20.7977
    endloop
  endfacet
  facet normal 0.996917 -0.0784585 0
    outer loop
      vertex 9.93844 -28.7822 36
      vertex 10 -28 18
      vertex 10 -28 36
    endloop
  endfacet
  facet normal 0.996917 -0.0784585 0
    outer loop
      vertex 10 -28 18
      vertex 9.93844 -28.7822 36
      vertex 9.93844 -28.7822 18
    endloop
  endfacet
  facet normal -0.852642 0.522496 -2.66922e-06
    outer loop
      vertex 0.544967 -25.73 36
      vertex 0.954914 -25.0611 20.7977
      vertex 0.770524 -25.362 20.673
    endloop
  endfacet
  facet normal -0.852592 0.522577 0
    outer loop
      vertex 0.544967 -25.73 36
      vertex 0.770524 -25.362 20.673
      vertex 0.544967 -25.73 20.4475
    endloop
  endfacet
  facet normal -0.852615 0.52254 0
    outer loop
      vertex 0.954914 -25.0611 20.7977
      vertex 0.544967 -25.73 36
      vertex 0.954914 -25.0611 36
    endloop
  endfacet
  facet normal -0.233372 -0.972388 0
    outer loop
      vertex 3.45491 -32.7553 18
      vertex 4.21783 -32.9384 36
      vertex 3.45491 -32.7553 36
    endloop
  endfacet
  facet normal -0.233372 -0.972388 -0
    outer loop
      vertex 4.21783 -32.9384 36
      vertex 3.45491 -32.7553 18
      vertex 4.21783 -32.9384 18
    endloop
  endfacet
  facet normal 0.0785122 0.996913 -0
    outer loop
      vertex 5.78217 -23.0616 20.8485
      vertex 5 -23 36
      vertex 5.78217 -23.0616 36
    endloop
  endfacet
  facet normal 0.0785122 0.996913 0
    outer loop
      vertex 5 -23 36
      vertex 5.78217 -23.0616 20.8485
      vertex 5 -23 20.823
    endloop
  endfacet
  facet normal 0.382737 -0.923857 0
    outer loop
      vertex 6.54508 -32.7553 18
      vertex 7.26995 -32.455 36
      vertex 6.54508 -32.7553 36
    endloop
  endfacet
  facet normal 0.382737 -0.923857 0
    outer loop
      vertex 7.26995 -32.455 36
      vertex 6.54508 -32.7553 18
      vertex 7.26995 -32.455 18
    endloop
  endfacet
  facet normal 0.383378 0.923592 0
    outer loop
      vertex 7.2355 -23.5307 20.9631
      vertex 7.26995 -23.545 36
      vertex 7.26995 -23.545 20.9642
    endloop
  endfacet
  facet normal 0.382737 0.923857 1.72112e-06
    outer loop
      vertex 7.26995 -23.545 36
      vertex 7.2355 -23.5307 20.9631
      vertex 6.54508 -23.2447 36
    endloop
  endfacet
  facet normal 0.382705 0.923871 0
    outer loop
      vertex 6.54508 -23.2447 36
      vertex 7.2355 -23.5307 20.9631
      vertex 6.54508 -23.2447 20.8944
    endloop
  endfacet
  facet normal 0.923886 -0.382669 0
    outer loop
      vertex 9.45503 -30.27 36
      vertex 9.75528 -29.5451 18
      vertex 9.75528 -29.5451 36
    endloop
  endfacet
  facet normal 0.923886 -0.382669 0
    outer loop
      vertex 9.75528 -29.5451 18
      vertex 9.45503 -30.27 36
      vertex 9.45503 -30.27 18
    endloop
  endfacet
  facet normal -0.852615 -0.52254 0
    outer loop
      vertex 0.954914 -30.9389 18
      vertex 0.544967 -30.27 36
      vertex 0.544967 -30.27 18
    endloop
  endfacet
  facet normal -0.852615 -0.52254 0
    outer loop
      vertex 0.544967 -30.27 36
      vertex 0.954914 -30.9389 18
      vertex 0.954914 -30.9389 36
    endloop
  endfacet
  facet normal 0 0 -1
    outer loop
      vertex 9.88615 -27 18
      vertex 10 -28 18
      vertex 9.93844 -28.7822 18
    endloop
  endfacet
  facet normal 0 0 -1
    outer loop
      vertex 10 -28 18
      vertex 9.88615 -27 18
      vertex 9.93844 -27.2178 18
    endloop
  endfacet
  facet normal 0 0 -1
    outer loop
      vertex 9.75528 -29.5451 18
      vertex 9.88615 -27 18
      vertex 9.93844 -28.7822 18
    endloop
  endfacet
  facet normal 0 0 -1
    outer loop
      vertex 9.45503 -30.27 18
      vertex 9.88615 -27 18
      vertex 9.75528 -29.5451 18
    endloop
  endfacet
  facet normal 0 0 -1
    outer loop
      vertex 9.04508 -30.9389 18
      vertex 9.88615 -27 18
      vertex 9.45503 -30.27 18
    endloop
  endfacet
  facet normal 0 0 -1
    outer loop
      vertex 8.53553 -31.5355 18
      vertex 9.88615 -27 18
      vertex 9.04508 -30.9389 18
    endloop
  endfacet
  facet normal 0 0 -1
    outer loop
      vertex 7.93893 -32.0451 18
      vertex 9.88615 -27 18
      vertex 8.53553 -31.5355 18
    endloop
  endfacet
  facet normal 0 0 -1
    outer loop
      vertex 7.26995 -32.455 18
      vertex 9.88615 -27 18
      vertex 7.93893 -32.0451 18
    endloop
  endfacet
  facet normal 0 0 -1
    outer loop
      vertex 6.54508 -32.7553 18
      vertex 9.88615 -27 18
      vertex 7.26995 -32.455 18
    endloop
  endfacet
  facet normal 0 0 -1
    outer loop
      vertex 5.78217 -32.9384 18
      vertex 9.88615 -27 18
      vertex 6.54508 -32.7553 18
    endloop
  endfacet
  facet normal 0 0 -1
    outer loop
      vertex 5 -33 18
      vertex 9.88615 -27 18
      vertex 5.78217 -32.9384 18
    endloop
  endfacet
  facet normal 0 0 -1
    outer loop
      vertex 4.21783 -32.9384 18
      vertex 9.88615 -27 18
      vertex 5 -33 18
    endloop
  endfacet
  facet normal 0 0 -1
    outer loop
      vertex 3.45491 -32.7553 18
      vertex 9.88615 -27 18
      vertex 4.21783 -32.9384 18
    endloop
  endfacet
  facet normal 0 0 -1
    outer loop
      vertex 2.73005 -32.455 18
      vertex 9.88615 -27 18
      vertex 3.45491 -32.7553 18
    endloop
  endfacet
  facet normal 0 0 -1
    outer loop
      vertex 2.06107 -32.0451 18
      vertex 9.88615 -27 18
      vertex 2.73005 -32.455 18
    endloop
  endfacet
  facet normal 0 0 -1
    outer loop
      vertex 1.46447 -31.5355 18
      vertex 9.88615 -27 18
      vertex 2.06107 -32.0451 18
    endloop
  endfacet
  facet normal 0 0 -1
    outer loop
      vertex 0.954914 -30.9389 18
      vertex 9.88615 -27 18
      vertex 1.46447 -31.5355 18
    endloop
  endfacet
  facet normal 0 0 -1
    outer loop
      vertex 0.544967 -30.27 18
      vertex 9.88615 -27 18
      vertex 0.954914 -30.9389 18
    endloop
  endfacet
  facet normal 0 0 -1
    outer loop
      vertex 0.244717 -29.5451 18
      vertex 9.88615 -27 18
      vertex 0.544967 -30.27 18
    endloop
  endfacet
  facet normal 0 0 -1
    outer loop
      vertex 0.244717 -29.5451 18
      vertex 0.113853 -27 18
      vertex 9.88615 -27 18
    endloop
  endfacet
  facet normal 0 0 -1
    outer loop
      vertex 0.0615578 -28.7822 18
      vertex 0.113853 -27 18
      vertex 0.244717 -29.5451 18
    endloop
  endfacet
  facet normal 0 0 -1
    outer loop
      vertex 0 -28 18
      vertex 0.113853 -27 18
      vertex 0.0615578 -28.7822 18
    endloop
  endfacet
  facet normal 0 0 -1
    outer loop
      vertex 0.113853 -27 18
      vertex 0 -28 18
      vertex 0.0615578 -27.2178 18
    endloop
  endfacet
  facet normal 0.0785122 -0.996913 0
    outer loop
      vertex 5 -33 18
      vertex 5.78217 -32.9384 36
      vertex 5 -33 36
    endloop
  endfacet
  facet normal 0.0785122 -0.996913 0
    outer loop
      vertex 5.78217 -32.9384 36
      vertex 5 -33 18
      vertex 5.78217 -32.9384 18
    endloop
  endfacet
  facet normal -0.649489 0.760371 -4.143e-07
    outer loop
      vertex 2.06107 -23.9549 36
      vertex 2.00828 -24 21
      vertex 1.46447 -24.4645 36
    endloop
  endfacet
  facet normal -0.649557 0.760313 0
    outer loop
      vertex 2.00828 -24 21
      vertex 2.06107 -23.9549 36
      vertex 2.06107 -23.9549 20.9965
    endloop
  endfacet
  facet normal -0.649482 0.760377 0
    outer loop
      vertex 1.46447 -24.4645 36
      vertex 2.00828 -24 21
      vertex 1.46447 -24.4645 20.9634
    endloop
  endfacet
  facet normal 0.923886 0.382669 0
    outer loop
      vertex 9.75528 -26.4549 36
      vertex 9.45503 -25.73 20.4475
      vertex 9.45503 -25.73 36
    endloop
  endfacet
  facet normal 0.92421 0.381885 -4.27816e-05
    outer loop
      vertex 9.45503 -25.73 20.4475
      vertex 9.75528 -26.4549 36
      vertex 9.46883 -25.7634 20.4271
    endloop
  endfacet
  facet normal 0.923859 0.382733 1.31752e-06
    outer loop
      vertex 9.46883 -25.7634 20.4271
      vertex 9.75528 -26.4549 36
      vertex 9.6171 -26.1213 20.1213
    endloop
  endfacet
  facet normal 0.923907 0.382617 -1.54879e-06
    outer loop
      vertex 9.6171 -26.1213 20.1213
      vertex 9.75528 -26.4549 36
      vertex 9.74374 -26.4271 19.7634
    endloop
  endfacet
  facet normal 0.923587 0.383388 0
    outer loop
      vertex 9.74374 -26.4271 19.7634
      vertex 9.75528 -26.4549 36
      vertex 9.75528 -26.4549 19.7179
    endloop
  endfacet
  facet normal -0.760399 -0.649456 0
    outer loop
      vertex 1.46447 -31.5355 18
      vertex 0.954914 -30.9389 36
      vertex 0.954914 -30.9389 18
    endloop
  endfacet
  facet normal -0.760399 -0.649456 0
    outer loop
      vertex 0.954914 -30.9389 36
      vertex 1.46447 -31.5355 18
      vertex 1.46447 -31.5355 36
    endloop
  endfacet
  facet normal -0.0785122 0.996913 0
    outer loop
      vertex 5 -23 36
      vertex 4.21783 -23.0616 20.8485
      vertex 4.21783 -23.0616 36
    endloop
  endfacet
  facet normal -0.0785122 0.996913 0
    outer loop
      vertex 4.21783 -23.0616 20.8485
      vertex 5 -23 36
      vertex 5 -23 20.823
    endloop
  endfacet
  facet normal 0.972369 -0.23345 0
    outer loop
      vertex 9.75528 -29.5451 36
      vertex 9.93844 -28.7822 18
      vertex 9.93844 -28.7822 36
    endloop
  endfacet
  facet normal 0.972369 -0.23345 0
    outer loop
      vertex 9.93844 -28.7822 18
      vertex 9.75528 -29.5451 36
      vertex 9.75528 -29.5451 18
    endloop
  endfacet
  facet normal 0.852613 -0.522543 0
    outer loop
      vertex 9.04508 -30.9389 36
      vertex 9.45503 -30.27 18
      vertex 9.45503 -30.27 36
    endloop
  endfacet
  facet normal 0.852613 -0.522543 0
    outer loop
      vertex 9.45503 -30.27 18
      vertex 9.04508 -30.9389 36
      vertex 9.04508 -30.9389 18
    endloop
  endfacet
  facet normal 0.649489 0.760371 -8.47292e-07
    outer loop
      vertex 8.53553 -24.4645 36
      vertex 7.99171 -24 21
      vertex 7.93893 -23.9549 36
    endloop
  endfacet
  facet normal 0.649475 0.760383 0
    outer loop
      vertex 7.99171 -24 21
      vertex 8.53553 -24.4645 36
      vertex 8.53553 -24.4645 20.9634
    endloop
  endfacet
  facet normal 0.649628 0.760252 0
    outer loop
      vertex 7.93893 -23.9549 36
      vertex 7.99171 -24 21
      vertex 7.93893 -23.9549 20.9965
    endloop
  endfacet
  facet normal -0.382741 0.923856 1.70902e-06
    outer loop
      vertex 2.7645 -23.5307 20.9631
      vertex 2.73005 -23.545 36
      vertex 3.45491 -23.2447 36
    endloop
  endfacet
  facet normal -0.383378 0.923592 0
    outer loop
      vertex 2.73005 -23.545 36
      vertex 2.7645 -23.5307 20.9631
      vertex 2.73005 -23.545 20.9642
    endloop
  endfacet
  facet normal -0.382709 0.923869 0
    outer loop
      vertex 2.7645 -23.5307 20.9631
      vertex 3.45491 -23.2447 36
      vertex 3.45491 -23.2447 20.8944
    endloop
  endfacet
  facet normal 0.522451 0.852669 -0
    outer loop
      vertex 7.93893 -23.9549 20.9965
      vertex 7.26995 -23.545 36
      vertex 7.93893 -23.9549 36
    endloop
  endfacet
  facet normal 0.522451 0.852669 0
    outer loop
      vertex 7.26995 -23.545 36
      vertex 7.93893 -23.9549 20.9965
      vertex 7.26995 -23.545 20.9642
    endloop
  endfacet
  facet normal 0.760403 -0.649452 0
    outer loop
      vertex 8.53553 -31.5355 36
      vertex 9.04508 -30.9389 18
      vertex 9.04508 -30.9389 36
    endloop
  endfacet
  facet normal 0.760403 -0.649452 0
    outer loop
      vertex 9.04508 -30.9389 18
      vertex 8.53553 -31.5355 36
      vertex 8.53553 -31.5355 18
    endloop
  endfacet
  facet normal -0.757256 0.653118 0.000251759
    outer loop
      vertex 0.954914 -25.0611 36
      vertex 1.46447 -24.4645 20.9634
      vertex 1.46033 -24.4693 20.9631
    endloop
  endfacet
  facet normal -0.760445 0.649402 -1.6672e-06
    outer loop
      vertex 0.954914 -25.0611 36
      vertex 1.46033 -24.4693 20.9631
      vertex 1.06938 -24.9271 20.8532
    endloop
  endfacet
  facet normal -0.760352 0.649511 0
    outer loop
      vertex 0.954914 -25.0611 36
      vertex 1.06938 -24.9271 20.8532
      vertex 0.954914 -25.0611 20.7977
    endloop
  endfacet
  facet normal -0.760399 0.649456 0
    outer loop
      vertex 1.46447 -24.4645 20.9634
      vertex 0.954914 -25.0611 36
      vertex 1.46447 -24.4645 36
    endloop
  endfacet
  facet normal 0.649489 -0.760371 0
    outer loop
      vertex 7.93893 -32.0451 18
      vertex 8.53553 -31.5355 36
      vertex 7.93893 -32.0451 36
    endloop
  endfacet
  facet normal 0.649489 -0.760371 0
    outer loop
      vertex 8.53553 -31.5355 36
      vertex 7.93893 -32.0451 18
      vertex 8.53553 -31.5355 18
    endloop
  endfacet
  facet normal 0.522451 -0.852669 0
    outer loop
      vertex 7.26995 -32.455 18
      vertex 7.93893 -32.0451 36
      vertex 7.26995 -32.455 36
    endloop
  endfacet
  facet normal 0.522451 -0.852669 0
    outer loop
      vertex 7.93893 -32.0451 36
      vertex 7.26995 -32.455 18
      vertex 7.93893 -32.0451 18
    endloop
  endfacet
  facet normal 0.852613 0.522543 0
    outer loop
      vertex 9.45503 -25.73 36
      vertex 9.04508 -25.0611 20.7977
      vertex 9.04508 -25.0611 36
    endloop
  endfacet
  facet normal 0.852629 0.522516 -1.60997e-06
    outer loop
      vertex 9.04508 -25.0611 20.7977
      vertex 9.45503 -25.73 36
      vertex 9.22948 -25.362 20.673
    endloop
  endfacet
  facet normal 0.8526 0.522565 0
    outer loop
      vertex 9.22948 -25.362 20.673
      vertex 9.45503 -25.73 36
      vertex 9.45503 -25.73 20.4475
    endloop
  endfacet
  facet normal -0.382741 -0.923856 0
    outer loop
      vertex 2.73005 -32.455 18
      vertex 3.45491 -32.7553 36
      vertex 2.73005 -32.455 36
    endloop
  endfacet
  facet normal -0.382741 -0.923856 -0
    outer loop
      vertex 3.45491 -32.7553 36
      vertex 2.73005 -32.455 18
      vertex 3.45491 -32.7553 18
    endloop
  endfacet
  facet normal 0.233375 0.972387 -0
    outer loop
      vertex 6.54508 -23.2447 20.8944
      vertex 5.78217 -23.0616 36
      vertex 6.54508 -23.2447 36
    endloop
  endfacet
  facet normal 0.233488 0.97236 6.02961e-06
    outer loop
      vertex 5.82962 -23.0729 20.8532
      vertex 5.78217 -23.0616 36
      vertex 6.54508 -23.2447 20.8944
    endloop
  endfacet
  facet normal 0.231667 0.972795 0
    outer loop
      vertex 5.78217 -23.0616 36
      vertex 5.82962 -23.0729 20.8532
      vertex 5.78217 -23.0616 20.8485
    endloop
  endfacet
  facet normal -0.649489 -0.760371 0
    outer loop
      vertex 1.46447 -31.5355 18
      vertex 2.06107 -32.0451 36
      vertex 1.46447 -31.5355 36
    endloop
  endfacet
  facet normal -0.649489 -0.760371 -0
    outer loop
      vertex 2.06107 -32.0451 36
      vertex 1.46447 -31.5355 18
      vertex 2.06107 -32.0451 18
    endloop
  endfacet
  facet normal -0.522451 -0.852669 0
    outer loop
      vertex 2.06107 -32.0451 18
      vertex 2.73005 -32.455 36
      vertex 2.06107 -32.0451 36
    endloop
  endfacet
  facet normal -0.522451 -0.852669 -0
    outer loop
      vertex 2.73005 -32.455 36
      vertex 2.06107 -32.0451 18
      vertex 2.73005 -32.455 18
    endloop
  endfacet
  facet normal -0.996918 -0.0784557 0
    outer loop
      vertex 0.0615578 -28.7822 18
      vertex 0 -28 36
      vertex 0 -28 18
    endloop
  endfacet
  facet normal -0.996918 -0.0784557 0
    outer loop
      vertex 0 -28 36
      vertex 0.0615578 -28.7822 18
      vertex 0.0615578 -28.7822 36
    endloop
  endfacet
  facet normal -0.0785122 -0.996913 0
    outer loop
      vertex 4.21783 -32.9384 18
      vertex 5 -33 36
      vertex 4.21783 -32.9384 36
    endloop
  endfacet
  facet normal -0.0785122 -0.996913 -0
    outer loop
      vertex 5 -33 36
      vertex 4.21783 -32.9384 18
      vertex 5 -33 18
    endloop
  endfacet
  facet normal -0.996918 0.0784557 0
    outer loop
      vertex 0 -28 18
      vertex 0.0615578 -27.2178 36
      vertex 0.0615578 -27.2178 18
    endloop
  endfacet
  facet normal -0.996918 0.0784557 0
    outer loop
      vertex 0.0615578 -27.2178 36
      vertex 0 -28 18
      vertex 0 -28 36
    endloop
  endfacet
  facet normal -0.924238 0.381816 -4.65452e-05
    outer loop
      vertex 0.244717 -26.4549 36
      vertex 0.544967 -25.73 20.4475
      vertex 0.53117 -25.7634 20.4271
    endloop
  endfacet
  facet normal -0.923855 0.382742 1.58777e-06
    outer loop
      vertex 0.244717 -26.4549 36
      vertex 0.53117 -25.7634 20.4271
      vertex 0.382896 -26.1213 20.1213
    endloop
  endfacet
  facet normal -0.923909 0.382612 -1.61591e-06
    outer loop
      vertex 0.244717 -26.4549 36
      vertex 0.382896 -26.1213 20.1213
      vertex 0.256258 -26.4271 19.7634
    endloop
  endfacet
  facet normal -0.923575 0.383417 0
    outer loop
      vertex 0.244717 -26.4549 36
      vertex 0.256258 -26.4271 19.7634
      vertex 0.244717 -26.4549 19.7179
    endloop
  endfacet
  facet normal -0.923886 0.382669 0
    outer loop
      vertex 0.544967 -25.73 20.4475
      vertex 0.244717 -26.4549 36
      vertex 0.544967 -25.73 36
    endloop
  endfacet
  facet normal 0 0 1
    outer loop
      vertex 9.93844 -27.2178 36
      vertex 9.93844 -28.7822 36
      vertex 10 -28 36
    endloop
  endfacet
  facet normal 0 0 1
    outer loop
      vertex 9.75528 -26.4549 36
      vertex 9.93844 -28.7822 36
      vertex 9.93844 -27.2178 36
    endloop
  endfacet
  facet normal 0 0 1
    outer loop
      vertex 9.75528 -26.4549 36
      vertex 9.75528 -29.5451 36
      vertex 9.93844 -28.7822 36
    endloop
  endfacet
  facet normal 0 0 1
    outer loop
      vertex 9.45503 -25.73 36
      vertex 9.75528 -29.5451 36
      vertex 9.75528 -26.4549 36
    endloop
  endfacet
  facet normal 0 0 1
    outer loop
      vertex 9.45503 -25.73 36
      vertex 9.45503 -30.27 36
      vertex 9.75528 -29.5451 36
    endloop
  endfacet
  facet normal 0 0 1
    outer loop
      vertex 9.04508 -25.0611 36
      vertex 9.45503 -30.27 36
      vertex 9.45503 -25.73 36
    endloop
  endfacet
  facet normal 0 0 1
    outer loop
      vertex 9.04508 -25.0611 36
      vertex 9.04508 -30.9389 36
      vertex 9.45503 -30.27 36
    endloop
  endfacet
  facet normal 0 0 1
    outer loop
      vertex 8.53553 -24.4645 36
      vertex 9.04508 -30.9389 36
      vertex 9.04508 -25.0611 36
    endloop
  endfacet
  facet normal 0 0 1
    outer loop
      vertex 8.53553 -24.4645 36
      vertex 8.53553 -31.5355 36
      vertex 9.04508 -30.9389 36
    endloop
  endfacet
  facet normal 0 0 1
    outer loop
      vertex 7.93893 -23.9549 36
      vertex 8.53553 -31.5355 36
      vertex 8.53553 -24.4645 36
    endloop
  endfacet
  facet normal 0 0 1
    outer loop
      vertex 7.93893 -23.9549 36
      vertex 7.93893 -32.0451 36
      vertex 8.53553 -31.5355 36
    endloop
  endfacet
  facet normal 0 0 1
    outer loop
      vertex 7.26995 -23.545 36
      vertex 7.93893 -32.0451 36
      vertex 7.93893 -23.9549 36
    endloop
  endfacet
  facet normal 0 0 1
    outer loop
      vertex 7.26995 -23.545 36
      vertex 7.26995 -32.455 36
      vertex 7.93893 -32.0451 36
    endloop
  endfacet
  facet normal 0 0 1
    outer loop
      vertex 6.54508 -23.2447 36
      vertex 7.26995 -32.455 36
      vertex 7.26995 -23.545 36
    endloop
  endfacet
  facet normal 0 0 1
    outer loop
      vertex 6.54508 -23.2447 36
      vertex 6.54508 -32.7553 36
      vertex 7.26995 -32.455 36
    endloop
  endfacet
  facet normal 0 0 1
    outer loop
      vertex 5.78217 -23.0616 36
      vertex 6.54508 -32.7553 36
      vertex 6.54508 -23.2447 36
    endloop
  endfacet
  facet normal 0 0 1
    outer loop
      vertex 5.78217 -23.0616 36
      vertex 5.78217 -32.9384 36
      vertex 6.54508 -32.7553 36
    endloop
  endfacet
  facet normal 0 0 1
    outer loop
      vertex 5 -23 36
      vertex 5.78217 -32.9384 36
      vertex 5.78217 -23.0616 36
    endloop
  endfacet
  facet normal 0 0 1
    outer loop
      vertex 5 -23 36
      vertex 5 -33 36
      vertex 5.78217 -32.9384 36
    endloop
  endfacet
  facet normal -0 0 1
    outer loop
      vertex 4.21783 -23.0616 36
      vertex 5 -33 36
      vertex 5 -23 36
    endloop
  endfacet
  facet normal 0 0 1
    outer loop
      vertex 4.21783 -23.0616 36
      vertex 4.21783 -32.9384 36
      vertex 5 -33 36
    endloop
  endfacet
  facet normal -0 0 1
    outer loop
      vertex 3.45491 -23.2447 36
      vertex 4.21783 -32.9384 36
      vertex 4.21783 -23.0616 36
    endloop
  endfacet
  facet normal 0 0 1
    outer loop
      vertex 3.45491 -23.2447 36
      vertex 3.45491 -32.7553 36
      vertex 4.21783 -32.9384 36
    endloop
  endfacet
  facet normal -0 0 1
    outer loop
      vertex 2.73005 -23.545 36
      vertex 3.45491 -32.7553 36
      vertex 3.45491 -23.2447 36
    endloop
  endfacet
  facet normal 0 0 1
    outer loop
      vertex 2.73005 -23.545 36
      vertex 2.73005 -32.455 36
      vertex 3.45491 -32.7553 36
    endloop
  endfacet
  facet normal -0 0 1
    outer loop
      vertex 2.06107 -23.9549 36
      vertex 2.73005 -32.455 36
      vertex 2.73005 -23.545 36
    endloop
  endfacet
  facet normal 0 0 1
    outer loop
      vertex 2.06107 -23.9549 36
      vertex 2.06107 -32.0451 36
      vertex 2.73005 -32.455 36
    endloop
  endfacet
  facet normal -0 0 1
    outer loop
      vertex 1.46447 -24.4645 36
      vertex 2.06107 -32.0451 36
      vertex 2.06107 -23.9549 36
    endloop
  endfacet
  facet normal 0 0 1
    outer loop
      vertex 1.46447 -24.4645 36
      vertex 1.46447 -31.5355 36
      vertex 2.06107 -32.0451 36
    endloop
  endfacet
  facet normal -0 0 1
    outer loop
      vertex 0.954914 -25.0611 36
      vertex 1.46447 -31.5355 36
      vertex 1.46447 -24.4645 36
    endloop
  endfacet
  facet normal 0 0 1
    outer loop
      vertex 0.954914 -25.0611 36
      vertex 0.954914 -30.9389 36
      vertex 1.46447 -31.5355 36
    endloop
  endfacet
  facet normal -0 0 1
    outer loop
      vertex 0.544967 -25.73 36
      vertex 0.954914 -30.9389 36
      vertex 0.954914 -25.0611 36
    endloop
  endfacet
  facet normal 0 0 1
    outer loop
      vertex 0.544967 -25.73 36
      vertex 0.544967 -30.27 36
      vertex 0.954914 -30.9389 36
    endloop
  endfacet
  facet normal -0 0 1
    outer loop
      vertex 0.244717 -26.4549 36
      vertex 0.544967 -30.27 36
      vertex 0.544967 -25.73 36
    endloop
  endfacet
  facet normal 0 0 1
    outer loop
      vertex 0.244717 -26.4549 36
      vertex 0.244717 -29.5451 36
      vertex 0.544967 -30.27 36
    endloop
  endfacet
  facet normal -0 0 1
    outer loop
      vertex 0.0615578 -27.2178 36
      vertex 0.244717 -29.5451 36
      vertex 0.244717 -26.4549 36
    endloop
  endfacet
  facet normal 0 0 1
    outer loop
      vertex 0.0615578 -27.2178 36
      vertex 0.0615578 -28.7822 36
      vertex 0.244717 -29.5451 36
    endloop
  endfacet
  facet normal 0 -0 1
    outer loop
      vertex 0.0615578 -28.7822 36
      vertex 0.0615578 -27.2178 36
      vertex 0 -28 36
    endloop
  endfacet
endsolid OpenSCAD_Model
